    1C
    1UHash: FIhiFF3Q, Date: 02/11/2026, Unit system: M_KG_S_C           
    1UUSER                                                              
    1UDATE              11.february.2026                                
    1UTIME              23:42:47                                        
    1UHOST                                                              
    1UPGM               CalculiX                                        
    1UVERSION           Version 2.23                             
    1UCOMPILETIME       Sun Jan 11 00:39:44 CET 2026                    
    1UDIR                                                               
    1UDBN                                                               
    1UMAT    1S235                                                      
    2C                           622                                     1
 -1         1 5.00000E-01 7.00000E-02-5.00000E-02
 -1         2 5.00000E-01 7.00000E-02 5.00000E-02
 -1         3-5.00000E-01 7.00000E-02 5.00000E-02
 -1         4-5.00000E-01 7.00000E-02-5.00000E-02
 -1         5 5.00000E-01 9.00000E-02 5.00000E-02
 -1         6 5.00000E-01 9.00000E-02-5.00000E-02
 -1         7-5.00000E-01 9.00000E-02 5.00000E-02
 -1         8-5.00000E-01 9.00000E-02-5.00000E-02
 -1         9 5.00000E-01 7.00000E-02 3.46945E-17
 -1        10 5.00000E-01 7.00000E-02-2.50000E-02
 -1        11 5.00000E-01 7.00000E-02 2.50000E-02
 -1        12 4.16667E-01 7.00000E-02 5.00000E-02
 -1        13 3.33333E-01 7.00000E-02 5.00000E-02
 -1        14 2.50000E-01 7.00000E-02 5.00000E-02
 -1        15 1.66667E-01 7.00000E-02 5.00000E-02
 -1        16 8.33333E-02 7.00000E-02 5.00000E-02
 -1        17 0.00000E+00 7.00000E-02 5.00000E-02
 -1        18-8.33333E-02 7.00000E-02 5.00000E-02
 -1        19-1.66667E-01 7.00000E-02 5.00000E-02
 -1        20-2.50000E-01 7.00000E-02 5.00000E-02
 -1        21-3.33333E-01 7.00000E-02 5.00000E-02
 -1        22-4.16667E-01 7.00000E-02 5.00000E-02
 -1        23 4.58333E-01 7.00000E-02 5.00000E-02
 -1        24 3.75000E-01 7.00000E-02 5.00000E-02
 -1        25 2.91667E-01 7.00000E-02 5.00000E-02
 -1        26 2.08333E-01 7.00000E-02 5.00000E-02
 -1        27 1.25000E-01 7.00000E-02 5.00000E-02
 -1        28 4.16667E-02 7.00000E-02 5.00000E-02
 -1        29-4.16667E-02 7.00000E-02 5.00000E-02
 -1        30-1.25000E-01 7.00000E-02 5.00000E-02
 -1        31-2.08333E-01 7.00000E-02 5.00000E-02
 -1        32-2.91667E-01 7.00000E-02 5.00000E-02
 -1        33-3.75000E-01 7.00000E-02 5.00000E-02
 -1        34-4.58333E-01 7.00000E-02 5.00000E-02
 -1        35-5.00000E-01 7.00000E-02 3.46945E-17
 -1        36-5.00000E-01 7.00000E-02-2.50000E-02
 -1        37-5.00000E-01 7.00000E-02 2.50000E-02
 -1        38 4.16667E-01 7.00000E-02-5.00000E-02
 -1        39 3.33333E-01 7.00000E-02-5.00000E-02
 -1        40 2.50000E-01 7.00000E-02-5.00000E-02
 -1        41 1.66667E-01 7.00000E-02-5.00000E-02
 -1        42 8.33333E-02 7.00000E-02-5.00000E-02
 -1        43 0.00000E+00 7.00000E-02-5.00000E-02
 -1        44-8.33333E-02 7.00000E-02-5.00000E-02
 -1        45-1.66667E-01 7.00000E-02-5.00000E-02
 -1        46-2.50000E-01 7.00000E-02-5.00000E-02
 -1        47-3.33333E-01 7.00000E-02-5.00000E-02
 -1        48-4.16667E-01 7.00000E-02-5.00000E-02
 -1        49 4.58333E-01 7.00000E-02-5.00000E-02
 -1        50 3.75000E-01 7.00000E-02-5.00000E-02
 -1        51 2.91667E-01 7.00000E-02-5.00000E-02
 -1        52 2.08333E-01 7.00000E-02-5.00000E-02
 -1        53 1.25000E-01 7.00000E-02-5.00000E-02
 -1        54 4.16667E-02 7.00000E-02-5.00000E-02
 -1        55-4.16667E-02 7.00000E-02-5.00000E-02
 -1        56-1.25000E-01 7.00000E-02-5.00000E-02
 -1        57-2.08333E-01 7.00000E-02-5.00000E-02
 -1        58-2.91667E-01 7.00000E-02-5.00000E-02
 -1        59-3.75000E-01 7.00000E-02-5.00000E-02
 -1        60-4.58333E-01 7.00000E-02-5.00000E-02
 -1        61 5.00000E-01 8.00000E-02 5.00000E-02
 -1        62 5.00000E-01 9.00000E-02 3.46945E-17
 -1        63 5.00000E-01 9.00000E-02-2.50000E-02
 -1        64 5.00000E-01 9.00000E-02 2.50000E-02
 -1        65 5.00000E-01 8.00000E-02-5.00000E-02
 -1        66 4.16667E-01 9.00000E-02 5.00000E-02
 -1        67 3.33333E-01 9.00000E-02 5.00000E-02
 -1        68 2.50000E-01 9.00000E-02 5.00000E-02
 -1        69 1.66667E-01 9.00000E-02 5.00000E-02
 -1        70 8.33333E-02 9.00000E-02 5.00000E-02
 -1        71 0.00000E+00 9.00000E-02 5.00000E-02
 -1        72-8.33333E-02 9.00000E-02 5.00000E-02
 -1        73-1.66667E-01 9.00000E-02 5.00000E-02
 -1        74-2.50000E-01 9.00000E-02 5.00000E-02
 -1        75-3.33333E-01 9.00000E-02 5.00000E-02
 -1        76-4.16667E-01 9.00000E-02 5.00000E-02
 -1        77 4.58333E-01 9.00000E-02 5.00000E-02
 -1        78 3.75000E-01 9.00000E-02 5.00000E-02
 -1        79 2.91667E-01 9.00000E-02 5.00000E-02
 -1        80 2.08333E-01 9.00000E-02 5.00000E-02
 -1        81 1.25000E-01 9.00000E-02 5.00000E-02
 -1        82 4.16667E-02 9.00000E-02 5.00000E-02
 -1        83-4.16667E-02 9.00000E-02 5.00000E-02
 -1        84-1.25000E-01 9.00000E-02 5.00000E-02
 -1        85-2.08333E-01 9.00000E-02 5.00000E-02
 -1        86-2.91667E-01 9.00000E-02 5.00000E-02
 -1        87-3.75000E-01 9.00000E-02 5.00000E-02
 -1        88-4.58333E-01 9.00000E-02 5.00000E-02
 -1        89-5.00000E-01 9.00000E-02 3.46945E-17
 -1        90-5.00000E-01 9.00000E-02-2.50000E-02
 -1        91-5.00000E-01 9.00000E-02 2.50000E-02
 -1        92 4.16667E-01 9.00000E-02-5.00000E-02
 -1        93 3.33333E-01 9.00000E-02-5.00000E-02
 -1        94 2.50000E-01 9.00000E-02-5.00000E-02
 -1        95 1.66667E-01 9.00000E-02-5.00000E-02
 -1        96 8.33333E-02 9.00000E-02-5.00000E-02
 -1        97 0.00000E+00 9.00000E-02-5.00000E-02
 -1        98-8.33333E-02 9.00000E-02-5.00000E-02
 -1        99-1.66667E-01 9.00000E-02-5.00000E-02
 -1       100-2.50000E-01 9.00000E-02-5.00000E-02
 -1       101-3.33333E-01 9.00000E-02-5.00000E-02
 -1       102-4.16667E-01 9.00000E-02-5.00000E-02
 -1       103 4.58333E-01 9.00000E-02-5.00000E-02
 -1       104 3.75000E-01 9.00000E-02-5.00000E-02
 -1       105 2.91667E-01 9.00000E-02-5.00000E-02
 -1       106 2.08333E-01 9.00000E-02-5.00000E-02
 -1       107 1.25000E-01 9.00000E-02-5.00000E-02
 -1       108 4.16667E-02 9.00000E-02-5.00000E-02
 -1       109-4.16667E-02 9.00000E-02-5.00000E-02
 -1       110-1.25000E-01 9.00000E-02-5.00000E-02
 -1       111-2.08333E-01 9.00000E-02-5.00000E-02
 -1       112-2.91667E-01 9.00000E-02-5.00000E-02
 -1       113-3.75000E-01 9.00000E-02-5.00000E-02
 -1       114-4.58333E-01 9.00000E-02-5.00000E-02
 -1       115-5.00000E-01 8.00000E-02 5.00000E-02
 -1       116-5.00000E-01 8.00000E-02-5.00000E-02
 -1       117 4.16667E-01 7.00000E-02 3.46945E-17
 -1       118 3.33333E-01 7.00000E-02 2.08167E-17
 -1       119 2.50000E-01 7.00000E-02 3.46945E-17
 -1       120 1.66667E-01 7.00000E-02 3.46945E-17
 -1       121 8.33333E-02 7.00000E-02 3.46945E-17
 -1       122 0.00000E+00 7.00000E-02 3.46945E-17
 -1       123-8.33333E-02 7.00000E-02 4.16334E-17
 -1       124-1.66667E-01 7.00000E-02 4.16334E-17
 -1       125-2.50000E-01 7.00000E-02 2.08167E-17
 -1       126-3.33333E-01 7.00000E-02 3.46945E-17
 -1       127-4.16667E-01 7.00000E-02 3.46945E-17
 -1       128 4.58333E-01 7.00000E-02 3.46945E-17
 -1       129 4.16667E-01 7.00000E-02-2.50000E-02
 -1       130 3.75000E-01 7.00000E-02 2.77556E-17
 -1       131 3.33333E-01 7.00000E-02-2.50000E-02
 -1       132 2.91667E-01 7.00000E-02 2.77556E-17
 -1       133 2.50000E-01 7.00000E-02-2.50000E-02
 -1       134 2.08333E-01 7.00000E-02 3.46945E-17
 -1       135 1.66667E-01 7.00000E-02-2.50000E-02
 -1       136 1.25000E-01 7.00000E-02 3.46945E-17
 -1       137 8.33333E-02 7.00000E-02-2.50000E-02
 -1       138 4.16667E-02 7.00000E-02 3.46945E-17
 -1       139 0.00000E+00 7.00000E-02-2.50000E-02
 -1       140-4.16667E-02 7.00000E-02 3.81639E-17
 -1       141-8.33333E-02 7.00000E-02-2.50000E-02
 -1       142-1.25000E-01 7.00000E-02 4.16334E-17
 -1       143-1.66667E-01 7.00000E-02-2.50000E-02
 -1       144-2.08333E-01 7.00000E-02 3.12250E-17
 -1       145-2.50000E-01 7.00000E-02-2.50000E-02
 -1       146-2.91667E-01 7.00000E-02 2.77556E-17
 -1       147-3.33333E-01 7.00000E-02-2.50000E-02
 -1       148-3.75000E-01 7.00000E-02 3.46945E-17
 -1       149-4.16667E-01 7.00000E-02-2.50000E-02
 -1       150-4.58333E-01 7.00000E-02 3.46945E-17
 -1       151 4.16667E-01 7.00000E-02 2.50000E-02
 -1       152 3.33333E-01 7.00000E-02 2.50000E-02
 -1       153 2.50000E-01 7.00000E-02 2.50000E-02
 -1       154 1.66667E-01 7.00000E-02 2.50000E-02
 -1       155 8.33333E-02 7.00000E-02 2.50000E-02
 -1       156 0.00000E+00 7.00000E-02 2.50000E-02
 -1       157-8.33333E-02 7.00000E-02 2.50000E-02
 -1       158-1.66667E-01 7.00000E-02 2.50000E-02
 -1       159-2.50000E-01 7.00000E-02 2.50000E-02
 -1       160-3.33333E-01 7.00000E-02 2.50000E-02
 -1       161-4.16667E-01 7.00000E-02 2.50000E-02
 -1       162 5.00000E-01 8.00000E-02 3.46945E-17
 -1       163 4.16667E-01 9.00000E-02 3.46945E-17
 -1       164 3.33333E-01 9.00000E-02 2.08167E-17
 -1       165 2.50000E-01 9.00000E-02 3.46945E-17
 -1       166 1.66667E-01 9.00000E-02 3.46945E-17
 -1       167 8.33333E-02 9.00000E-02 3.46945E-17
 -1       168 0.00000E+00 9.00000E-02 3.46945E-17
 -1       169-8.33333E-02 9.00000E-02 4.16334E-17
 -1       170-1.66667E-01 9.00000E-02 4.16334E-17
 -1       171-2.50000E-01 9.00000E-02 2.08167E-17
 -1       172-3.33333E-01 9.00000E-02 3.46945E-17
 -1       173-4.16667E-01 9.00000E-02 3.46945E-17
 -1       174 4.16667E-01 9.00000E-02-2.50000E-02
 -1       175 4.58333E-01 9.00000E-02 3.46945E-17
 -1       176 3.33333E-01 9.00000E-02-2.50000E-02
 -1       177 3.75000E-01 9.00000E-02 2.77556E-17
 -1       178 2.50000E-01 9.00000E-02-2.50000E-02
 -1       179 2.91667E-01 9.00000E-02 2.77556E-17
 -1       180 1.66667E-01 9.00000E-02-2.50000E-02
 -1       181 2.08333E-01 9.00000E-02 3.46945E-17
 -1       182 8.33333E-02 9.00000E-02-2.50000E-02
 -1       183 1.25000E-01 9.00000E-02 3.46945E-17
 -1       184 0.00000E+00 9.00000E-02-2.50000E-02
 -1       185 4.16667E-02 9.00000E-02 3.46945E-17
 -1       186-8.33333E-02 9.00000E-02-2.50000E-02
 -1       187-4.16667E-02 9.00000E-02 3.81639E-17
 -1       188-1.66667E-01 9.00000E-02-2.50000E-02
 -1       189-1.25000E-01 9.00000E-02 4.16334E-17
 -1       190-2.50000E-01 9.00000E-02-2.50000E-02
 -1       191-2.08333E-01 9.00000E-02 3.12250E-17
 -1       192-3.33333E-01 9.00000E-02-2.50000E-02
 -1       193-2.91667E-01 9.00000E-02 2.77556E-17
 -1       194-4.16667E-01 9.00000E-02-2.50000E-02
 -1       195-3.75000E-01 9.00000E-02 3.46945E-17
 -1       196-4.58333E-01 9.00000E-02 3.46945E-17
 -1       197 4.16667E-01 9.00000E-02 2.50000E-02
 -1       198 3.33333E-01 9.00000E-02 2.50000E-02
 -1       199 2.50000E-01 9.00000E-02 2.50000E-02
 -1       200 1.66667E-01 9.00000E-02 2.50000E-02
 -1       201 8.33333E-02 9.00000E-02 2.50000E-02
 -1       202 0.00000E+00 9.00000E-02 2.50000E-02
 -1       203-8.33333E-02 9.00000E-02 2.50000E-02
 -1       204-1.66667E-01 9.00000E-02 2.50000E-02
 -1       205-2.50000E-01 9.00000E-02 2.50000E-02
 -1       206-3.33333E-01 9.00000E-02 2.50000E-02
 -1       207-4.16667E-01 9.00000E-02 2.50000E-02
 -1       208-5.00000E-01 8.00000E-02 3.46945E-17
 -1       209 4.16667E-01 8.00000E-02-5.00000E-02
 -1       210 3.33333E-01 8.00000E-02-5.00000E-02
 -1       211 2.50000E-01 8.00000E-02-5.00000E-02
 -1       212 1.66667E-01 8.00000E-02-5.00000E-02
 -1       213 8.33333E-02 8.00000E-02-5.00000E-02
 -1       214 0.00000E+00 8.00000E-02-5.00000E-02
 -1       215-8.33333E-02 8.00000E-02-5.00000E-02
 -1       216-1.66667E-01 8.00000E-02-5.00000E-02
 -1       217-2.50000E-01 8.00000E-02-5.00000E-02
 -1       218-3.33333E-01 8.00000E-02-5.00000E-02
 -1       219-4.16667E-01 8.00000E-02-5.00000E-02
 -1       220 4.16667E-01 8.00000E-02 5.00000E-02
 -1       221 3.33333E-01 8.00000E-02 5.00000E-02
 -1       222 2.50000E-01 8.00000E-02 5.00000E-02
 -1       223 1.66667E-01 8.00000E-02 5.00000E-02
 -1       224 8.33333E-02 8.00000E-02 5.00000E-02
 -1       225 0.00000E+00 8.00000E-02 5.00000E-02
 -1       226-8.33333E-02 8.00000E-02 5.00000E-02
 -1       227-1.66667E-01 8.00000E-02 5.00000E-02
 -1       228-2.50000E-01 8.00000E-02 5.00000E-02
 -1       229-3.33333E-01 8.00000E-02 5.00000E-02
 -1       230-4.16667E-01 8.00000E-02 5.00000E-02
 -1       231 4.16667E-01 8.00000E-02 3.46945E-17
 -1       232 3.33333E-01 8.00000E-02 2.08167E-17
 -1       233 2.50000E-01 8.00000E-02 3.46945E-17
 -1       234 1.66667E-01 8.00000E-02 3.46945E-17
 -1       235 8.33333E-02 8.00000E-02 3.46945E-17
 -1       236 0.00000E+00 8.00000E-02 3.46945E-17
 -1       237-8.33333E-02 8.00000E-02 4.16334E-17
 -1       238-1.66667E-01 8.00000E-02 4.16334E-17
 -1       239-2.50000E-01 8.00000E-02 2.08167E-17
 -1       240-3.33333E-01 8.00000E-02 3.46945E-17
 -1       241-4.16667E-01 8.00000E-02 3.46945E-17
 -1       242-5.00000E-01-7.00000E-02-5.00000E-02
 -1       243-5.00000E-01-7.00000E-02 5.00000E-02
 -1       244 5.00000E-01-7.00000E-02 5.00000E-02
 -1       245 5.00000E-01-7.00000E-02-5.00000E-02
 -1       246 5.00000E-01 7.00000E-02 5.00000E-02
 -1       247 5.00000E-01 7.00000E-02-5.00000E-02
 -1       248-5.00000E-01 7.00000E-02 5.00000E-02
 -1       249-5.00000E-01 7.00000E-02-5.00000E-02
 -1       250-5.00000E-01-7.00000E-02 3.46945E-17
 -1       251-5.00000E-01-7.00000E-02-2.50000E-02
 -1       252-5.00000E-01-7.00000E-02 2.50000E-02
 -1       253-4.16667E-01-7.00000E-02 5.00000E-02
 -1       254-3.33333E-01-7.00000E-02 5.00000E-02
 -1       255-2.50000E-01-7.00000E-02 5.00000E-02
 -1       256-1.66667E-01-7.00000E-02 5.00000E-02
 -1       257-8.33333E-02-7.00000E-02 5.00000E-02
 -1       258 0.00000E+00-7.00000E-02 5.00000E-02
 -1       259 8.33333E-02-7.00000E-02 5.00000E-02
 -1       260 1.66667E-01-7.00000E-02 5.00000E-02
 -1       261 2.50000E-01-7.00000E-02 5.00000E-02
 -1       262 3.33333E-01-7.00000E-02 5.00000E-02
 -1       263 4.16667E-01-7.00000E-02 5.00000E-02
 -1       264-4.58333E-01-7.00000E-02 5.00000E-02
 -1       265-3.75000E-01-7.00000E-02 5.00000E-02
 -1       266-2.91667E-01-7.00000E-02 5.00000E-02
 -1       267-2.08333E-01-7.00000E-02 5.00000E-02
 -1       268-1.25000E-01-7.00000E-02 5.00000E-02
 -1       269-4.16667E-02-7.00000E-02 5.00000E-02
 -1       270 4.16667E-02-7.00000E-02 5.00000E-02
 -1       271 1.25000E-01-7.00000E-02 5.00000E-02
 -1       272 2.08333E-01-7.00000E-02 5.00000E-02
 -1       273 2.91667E-01-7.00000E-02 5.00000E-02
 -1       274 3.75000E-01-7.00000E-02 5.00000E-02
 -1       275 4.58333E-01-7.00000E-02 5.00000E-02
 -1       276 5.00000E-01-7.00000E-02 3.46945E-17
 -1       277 5.00000E-01-7.00000E-02-2.50000E-02
 -1       278 5.00000E-01-7.00000E-02 2.50000E-02
 -1       279-4.16667E-01-7.00000E-02-5.00000E-02
 -1       280-3.33333E-01-7.00000E-02-5.00000E-02
 -1       281-2.50000E-01-7.00000E-02-5.00000E-02
 -1       282-1.66667E-01-7.00000E-02-5.00000E-02
 -1       283-8.33333E-02-7.00000E-02-5.00000E-02
 -1       284 0.00000E+00-7.00000E-02-5.00000E-02
 -1       285 8.33333E-02-7.00000E-02-5.00000E-02
 -1       286 1.66667E-01-7.00000E-02-5.00000E-02
 -1       287 2.50000E-01-7.00000E-02-5.00000E-02
 -1       288 3.33333E-01-7.00000E-02-5.00000E-02
 -1       289 4.16667E-01-7.00000E-02-5.00000E-02
 -1       290-4.58333E-01-7.00000E-02-5.00000E-02
 -1       291-3.75000E-01-7.00000E-02-5.00000E-02
 -1       292-2.91667E-01-7.00000E-02-5.00000E-02
 -1       293-2.08333E-01-7.00000E-02-5.00000E-02
 -1       294-1.25000E-01-7.00000E-02-5.00000E-02
 -1       295-4.16667E-02-7.00000E-02-5.00000E-02
 -1       296 4.16667E-02-7.00000E-02-5.00000E-02
 -1       297 1.25000E-01-7.00000E-02-5.00000E-02
 -1       298 2.08333E-01-7.00000E-02-5.00000E-02
 -1       299 2.91667E-01-7.00000E-02-5.00000E-02
 -1       300 3.75000E-01-7.00000E-02-5.00000E-02
 -1       301 4.58333E-01-7.00000E-02-5.00000E-02
 -1       302 5.00000E-01-1.94289E-16 5.00000E-02
 -1       303 5.00000E-01-3.50000E-02 5.00000E-02
 -1       304 5.00000E-01 3.50000E-02 5.00000E-02
 -1       305 5.00000E-01 7.00000E-02 3.46945E-17
 -1       306 5.00000E-01 7.00000E-02-2.50000E-02
 -1       307 5.00000E-01 7.00000E-02 2.50000E-02
 -1       308 5.00000E-01-1.94289E-16-5.00000E-02
 -1       309 5.00000E-01-3.50000E-02-5.00000E-02
 -1       310 5.00000E-01 3.50000E-02-5.00000E-02
 -1       311 4.16667E-01 7.00000E-02 5.00000E-02
 -1       312 3.33333E-01 7.00000E-02 5.00000E-02
 -1       313 2.50000E-01 7.00000E-02 5.00000E-02
 -1       314 1.66667E-01 7.00000E-02 5.00000E-02
 -1       315 8.33333E-02 7.00000E-02 5.00000E-02
 -1       316 0.00000E+00 7.00000E-02 5.00000E-02
 -1       317-8.33333E-02 7.00000E-02 5.00000E-02
 -1       318-1.66667E-01 7.00000E-02 5.00000E-02
 -1       319-2.50000E-01 7.00000E-02 5.00000E-02
 -1       320-3.33333E-01 7.00000E-02 5.00000E-02
 -1       321-4.16667E-01 7.00000E-02 5.00000E-02
 -1       322 4.58333E-01 7.00000E-02 5.00000E-02
 -1       323 3.75000E-01 7.00000E-02 5.00000E-02
 -1       324 2.91667E-01 7.00000E-02 5.00000E-02
 -1       325 2.08333E-01 7.00000E-02 5.00000E-02
 -1       326 1.25000E-01 7.00000E-02 5.00000E-02
 -1       327 4.16667E-02 7.00000E-02 5.00000E-02
 -1       328-4.16667E-02 7.00000E-02 5.00000E-02
 -1       329-1.25000E-01 7.00000E-02 5.00000E-02
 -1       330-2.08333E-01 7.00000E-02 5.00000E-02
 -1       331-2.91667E-01 7.00000E-02 5.00000E-02
 -1       332-3.75000E-01 7.00000E-02 5.00000E-02
 -1       333-4.58333E-01 7.00000E-02 5.00000E-02
 -1       334-5.00000E-01 7.00000E-02 3.46945E-17
 -1       335-5.00000E-01 7.00000E-02-2.50000E-02
 -1       336-5.00000E-01 7.00000E-02 2.50000E-02
 -1       337 4.16667E-01 7.00000E-02-5.00000E-02
 -1       338 3.33333E-01 7.00000E-02-5.00000E-02
 -1       339 2.50000E-01 7.00000E-02-5.00000E-02
 -1       340 1.66667E-01 7.00000E-02-5.00000E-02
 -1       341 8.33333E-02 7.00000E-02-5.00000E-02
 -1       342 0.00000E+00 7.00000E-02-5.00000E-02
 -1       343-8.33333E-02 7.00000E-02-5.00000E-02
 -1       344-1.66667E-01 7.00000E-02-5.00000E-02
 -1       345-2.50000E-01 7.00000E-02-5.00000E-02
 -1       346-3.33333E-01 7.00000E-02-5.00000E-02
 -1       347-4.16667E-01 7.00000E-02-5.00000E-02
 -1       348 4.58333E-01 7.00000E-02-5.00000E-02
 -1       349 3.75000E-01 7.00000E-02-5.00000E-02
 -1       350 2.91667E-01 7.00000E-02-5.00000E-02
 -1       351 2.08333E-01 7.00000E-02-5.00000E-02
 -1       352 1.25000E-01 7.00000E-02-5.00000E-02
 -1       353 4.16667E-02 7.00000E-02-5.00000E-02
 -1       354-4.16667E-02 7.00000E-02-5.00000E-02
 -1       355-1.25000E-01 7.00000E-02-5.00000E-02
 -1       356-2.08333E-01 7.00000E-02-5.00000E-02
 -1       357-2.91667E-01 7.00000E-02-5.00000E-02
 -1       358-3.75000E-01 7.00000E-02-5.00000E-02
 -1       359-4.58333E-01 7.00000E-02-5.00000E-02
 -1       360-5.00000E-01 1.94289E-16 5.00000E-02
 -1       361-5.00000E-01 3.50000E-02 5.00000E-02
 -1       362-5.00000E-01-3.50000E-02 5.00000E-02
 -1       363-5.00000E-01 1.94289E-16-5.00000E-02
 -1       364-5.00000E-01 3.50000E-02-5.00000E-02
 -1       365-5.00000E-01-3.50000E-02-5.00000E-02
 -1       366-4.16667E-01-7.00000E-02 3.46945E-17
 -1       367-3.33333E-01-7.00000E-02 2.08167E-17
 -1       368-2.50000E-01-7.00000E-02 3.46945E-17
 -1       369-1.66667E-01-7.00000E-02 3.46945E-17
 -1       370-8.33333E-02-7.00000E-02 3.46945E-17
 -1       371 0.00000E+00-7.00000E-02 3.46945E-17
 -1       372 8.33333E-02-7.00000E-02 4.16334E-17
 -1       373 1.66667E-01-7.00000E-02 4.16334E-17
 -1       374 2.50000E-01-7.00000E-02 2.08167E-17
 -1       375 3.33333E-01-7.00000E-02 3.46945E-17
 -1       376 4.16667E-01-7.00000E-02 3.46945E-17
 -1       377-4.16667E-01-7.00000E-02-2.50000E-02
 -1       378-4.58333E-01-7.00000E-02 3.46945E-17
 -1       379-3.33333E-01-7.00000E-02-2.50000E-02
 -1       380-3.75000E-01-7.00000E-02 2.77556E-17
 -1       381-2.50000E-01-7.00000E-02-2.50000E-02
 -1       382-2.91667E-01-7.00000E-02 2.77556E-17
 -1       383-1.66667E-01-7.00000E-02-2.50000E-02
 -1       384-2.08333E-01-7.00000E-02 3.46945E-17
 -1       385-8.33333E-02-7.00000E-02-2.50000E-02
 -1       386-1.25000E-01-7.00000E-02 3.46945E-17
 -1       387 0.00000E+00-7.00000E-02-2.50000E-02
 -1       388-4.16667E-02-7.00000E-02 3.46945E-17
 -1       389 8.33333E-02-7.00000E-02-2.50000E-02
 -1       390 4.16667E-02-7.00000E-02 3.81639E-17
 -1       391 1.66667E-01-7.00000E-02-2.50000E-02
 -1       392 1.25000E-01-7.00000E-02 4.16334E-17
 -1       393 2.50000E-01-7.00000E-02-2.50000E-02
 -1       394 2.08333E-01-7.00000E-02 3.12250E-17
 -1       395 3.33333E-01-7.00000E-02-2.50000E-02
 -1       396 2.91667E-01-7.00000E-02 2.77556E-17
 -1       397 4.16667E-01-7.00000E-02-2.50000E-02
 -1       398 3.75000E-01-7.00000E-02 3.46945E-17
 -1       399 4.58333E-01-7.00000E-02 3.46945E-17
 -1       400-4.16667E-01-7.00000E-02 2.50000E-02
 -1       401-3.33333E-01-7.00000E-02 2.50000E-02
 -1       402-2.50000E-01-7.00000E-02 2.50000E-02
 -1       403-1.66667E-01-7.00000E-02 2.50000E-02
 -1       404-8.33333E-02-7.00000E-02 2.50000E-02
 -1       405 0.00000E+00-7.00000E-02 2.50000E-02
 -1       406 8.33333E-02-7.00000E-02 2.50000E-02
 -1       407 1.66667E-01-7.00000E-02 2.50000E-02
 -1       408 2.50000E-01-7.00000E-02 2.50000E-02
 -1       409 3.33333E-01-7.00000E-02 2.50000E-02
 -1       410 4.16667E-01-7.00000E-02 2.50000E-02
 -1       411 5.00000E-01-1.94289E-16 4.16334E-17
 -1       412 5.00000E-01-1.94289E-16-2.50000E-02
 -1       413 5.00000E-01-3.50000E-02 3.81639E-17
 -1       414 5.00000E-01 3.50000E-02 3.81639E-17
 -1       415 5.00000E-01-1.94289E-16 2.50000E-02
 -1       416 4.16667E-01 7.00000E-02 3.46945E-17
 -1       417 3.33333E-01 7.00000E-02 2.08167E-17
 -1       418 2.50000E-01 7.00000E-02 3.46945E-17
 -1       419 1.66667E-01 7.00000E-02 3.46945E-17
 -1       420 8.33333E-02 7.00000E-02 3.46945E-17
 -1       421 0.00000E+00 7.00000E-02 3.46945E-17
 -1       422-8.33333E-02 7.00000E-02 4.16334E-17
 -1       423-1.66667E-01 7.00000E-02 4.16334E-17
 -1       424-2.50000E-01 7.00000E-02 2.08167E-17
 -1       425-3.33333E-01 7.00000E-02 3.46945E-17
 -1       426-4.16667E-01 7.00000E-02 3.46945E-17
 -1       427 4.16667E-01 7.00000E-02-2.50000E-02
 -1       428 4.58333E-01 7.00000E-02 3.46945E-17
 -1       429 3.33333E-01 7.00000E-02-2.50000E-02
 -1       430 3.75000E-01 7.00000E-02 2.77556E-17
 -1       431 2.50000E-01 7.00000E-02-2.50000E-02
 -1       432 2.91667E-01 7.00000E-02 2.77556E-17
 -1       433 1.66667E-01 7.00000E-02-2.50000E-02
 -1       434 2.08333E-01 7.00000E-02 3.46945E-17
 -1       435 8.33333E-02 7.00000E-02-2.50000E-02
 -1       436 1.25000E-01 7.00000E-02 3.46945E-17
 -1       437 0.00000E+00 7.00000E-02-2.50000E-02
 -1       438 4.16667E-02 7.00000E-02 3.46945E-17
 -1       439-8.33333E-02 7.00000E-02-2.50000E-02
 -1       440-4.16667E-02 7.00000E-02 3.81639E-17
 -1       441-1.66667E-01 7.00000E-02-2.50000E-02
 -1       442-1.25000E-01 7.00000E-02 4.16334E-17
 -1       443-2.50000E-01 7.00000E-02-2.50000E-02
 -1       444-2.08333E-01 7.00000E-02 3.12250E-17
 -1       445-3.33333E-01 7.00000E-02-2.50000E-02
 -1       446-2.91667E-01 7.00000E-02 2.77556E-17
 -1       447-4.16667E-01 7.00000E-02-2.50000E-02
 -1       448-3.75000E-01 7.00000E-02 3.46945E-17
 -1       449-4.58333E-01 7.00000E-02 3.46945E-17
 -1       450 4.16667E-01 7.00000E-02 2.50000E-02
 -1       451 3.33333E-01 7.00000E-02 2.50000E-02
 -1       452 2.50000E-01 7.00000E-02 2.50000E-02
 -1       453 1.66667E-01 7.00000E-02 2.50000E-02
 -1       454 8.33333E-02 7.00000E-02 2.50000E-02
 -1       455 0.00000E+00 7.00000E-02 2.50000E-02
 -1       456-8.33333E-02 7.00000E-02 2.50000E-02
 -1       457-1.66667E-01 7.00000E-02 2.50000E-02
 -1       458-2.50000E-01 7.00000E-02 2.50000E-02
 -1       459-3.33333E-01 7.00000E-02 2.50000E-02
 -1       460-4.16667E-01 7.00000E-02 2.50000E-02
 -1       461-5.00000E-01 1.94289E-16 4.16334E-17
 -1       462-5.00000E-01 1.94289E-16-2.50000E-02
 -1       463-5.00000E-01 3.50000E-02 3.81639E-17
 -1       464-5.00000E-01-3.50000E-02 3.81639E-17
 -1       465-5.00000E-01 1.94289E-16 2.50000E-02
 -1       466-4.16667E-01 1.59595E-16-5.00000E-02
 -1       467-3.33333E-01 1.31839E-16-5.00000E-02
 -1       468-2.50000E-01 9.71445E-17-5.00000E-02
 -1       469-1.66667E-01 6.24500E-17-5.00000E-02
 -1       470-8.33333E-02 3.46945E-17-5.00000E-02
 -1       471 0.00000E+00 0.00000E+00-5.00000E-02
 -1       472 8.33333E-02-3.46945E-17-5.00000E-02
 -1       473 1.66667E-01-6.24500E-17-5.00000E-02
 -1       474 2.50000E-01-9.71445E-17-5.00000E-02
 -1       475 3.33333E-01-1.31839E-16-5.00000E-02
 -1       476 4.16667E-01-1.56125E-16-5.00000E-02
 -1       477-4.58333E-01 1.76942E-16-5.00000E-02
 -1       478-4.16667E-01-3.50000E-02-5.00000E-02
 -1       479-4.16667E-01 3.50000E-02-5.00000E-02
 -1       480-3.75000E-01 1.45717E-16-5.00000E-02
 -1       481-3.33333E-01-3.50000E-02-5.00000E-02
 -1       482-3.33333E-01 3.50000E-02-5.00000E-02
 -1       483-2.91667E-01 1.14492E-16-5.00000E-02
 -1       484-2.50000E-01-3.50000E-02-5.00000E-02
 -1       485-2.50000E-01 3.50000E-02-5.00000E-02
 -1       486-2.08333E-01 7.97973E-17-5.00000E-02
 -1       487-1.66667E-01-3.50000E-02-5.00000E-02
 -1       488-1.66667E-01 3.50000E-02-5.00000E-02
 -1       489-1.25000E-01 4.85723E-17-5.00000E-02
 -1       490-8.33333E-02-3.50000E-02-5.00000E-02
 -1       491-8.33333E-02 3.50000E-02-5.00000E-02
 -1       492-4.16667E-02 1.73472E-17-5.00000E-02
 -1       493 0.00000E+00-3.50000E-02-5.00000E-02
 -1       494 0.00000E+00 3.50000E-02-5.00000E-02
 -1       495 4.16667E-02-1.73472E-17-5.00000E-02
 -1       496 8.33333E-02-3.50000E-02-5.00000E-02
 -1       497 8.33333E-02 3.50000E-02-5.00000E-02
 -1       498 1.25000E-01-4.85723E-17-5.00000E-02
 -1       499 1.66667E-01-3.50000E-02-5.00000E-02
 -1       500 1.66667E-01 3.50000E-02-5.00000E-02
 -1       501 2.08333E-01-7.97973E-17-5.00000E-02
 -1       502 2.50000E-01-3.50000E-02-5.00000E-02
 -1       503 2.50000E-01 3.50000E-02-5.00000E-02
 -1       504 2.91667E-01-1.14492E-16-5.00000E-02
 -1       505 3.33333E-01-3.50000E-02-5.00000E-02
 -1       506 3.33333E-01 3.50000E-02-5.00000E-02
 -1       507 3.75000E-01-1.43982E-16-5.00000E-02
 -1       508 4.16667E-01-3.50000E-02-5.00000E-02
 -1       509 4.16667E-01 3.50000E-02-5.00000E-02
 -1       510 4.58333E-01-1.75207E-16-5.00000E-02
 -1       511-4.16667E-01 1.59595E-16 5.00000E-02
 -1       512-3.33333E-01 1.31839E-16 5.00000E-02
 -1       513-2.50000E-01 9.71445E-17 5.00000E-02
 -1       514-1.66667E-01 6.24500E-17 5.00000E-02
 -1       515-8.33333E-02 3.46945E-17 5.00000E-02
 -1       516 0.00000E+00 0.00000E+00 5.00000E-02
 -1       517 8.33333E-02-3.46945E-17 5.00000E-02
 -1       518 1.66667E-01-6.24500E-17 5.00000E-02
 -1       519 2.50000E-01-9.71445E-17 5.00000E-02
 -1       520 3.33333E-01-1.31839E-16 5.00000E-02
 -1       521 4.16667E-01-1.56125E-16 5.00000E-02
 -1       522-4.16667E-01-3.50000E-02 5.00000E-02
 -1       523-4.58333E-01 1.76942E-16 5.00000E-02
 -1       524-4.16667E-01 3.50000E-02 5.00000E-02
 -1       525-3.33333E-01-3.50000E-02 5.00000E-02
 -1       526-3.75000E-01 1.45717E-16 5.00000E-02
 -1       527-3.33333E-01 3.50000E-02 5.00000E-02
 -1       528-2.50000E-01-3.50000E-02 5.00000E-02
 -1       529-2.91667E-01 1.14492E-16 5.00000E-02
 -1       530-2.50000E-01 3.50000E-02 5.00000E-02
 -1       531-1.66667E-01-3.50000E-02 5.00000E-02
 -1       532-2.08333E-01 7.97973E-17 5.00000E-02
 -1       533-1.66667E-01 3.50000E-02 5.00000E-02
 -1       534-8.33333E-02-3.50000E-02 5.00000E-02
 -1       535-1.25000E-01 4.85723E-17 5.00000E-02
 -1       536-8.33333E-02 3.50000E-02 5.00000E-02
 -1       537 0.00000E+00-3.50000E-02 5.00000E-02
 -1       538-4.16667E-02 1.73472E-17 5.00000E-02
 -1       539 0.00000E+00 3.50000E-02 5.00000E-02
 -1       540 8.33333E-02-3.50000E-02 5.00000E-02
 -1       541 4.16667E-02-1.73472E-17 5.00000E-02
 -1       542 8.33333E-02 3.50000E-02 5.00000E-02
 -1       543 1.66667E-01-3.50000E-02 5.00000E-02
 -1       544 1.25000E-01-4.85723E-17 5.00000E-02
 -1       545 1.66667E-01 3.50000E-02 5.00000E-02
 -1       546 2.50000E-01-3.50000E-02 5.00000E-02
 -1       547 2.08333E-01-7.97973E-17 5.00000E-02
 -1       548 2.50000E-01 3.50000E-02 5.00000E-02
 -1       549 3.33333E-01-3.50000E-02 5.00000E-02
 -1       550 2.91667E-01-1.14492E-16 5.00000E-02
 -1       551 3.33333E-01 3.50000E-02 5.00000E-02
 -1       552 4.16667E-01-3.50000E-02 5.00000E-02
 -1       553 3.75000E-01-1.43982E-16 5.00000E-02
 -1       554 4.16667E-01 3.50000E-02 5.00000E-02
 -1       555 4.58333E-01-1.75207E-16 5.00000E-02
 -1       556-4.16667E-01 1.58510E-16 4.64039E-17
 -1       557-3.33333E-01 1.27936E-16 3.55618E-17
 -1       558-2.50000E-01 9.45424E-17 3.03577E-17
 -1       559-1.66667E-01 4.59702E-17 4.68375E-17
 -1       560-8.33333E-02 2.34188E-17 4.33681E-17
 -1       561 0.00000E+00-1.73472E-18 4.16334E-17
 -1       562 8.33333E-02-4.68375E-17 4.59702E-17
 -1       563 1.66667E-01-7.45931E-17 5.03070E-17
 -1       564 2.50000E-01-9.88792E-17 2.94903E-17
 -1       565 3.33333E-01-1.43982E-16 3.29597E-17
 -1       566 4.16667E-01-1.66533E-16 4.16334E-17
 -1       567-4.16667E-01-3.50000E-02 4.05492E-17
 -1       568-4.58333E-01 1.76400E-16 4.40186E-17
 -1       569-4.16667E-01 1.59052E-16-2.50000E-02
 -1       570-4.16667E-01 3.50000E-02 4.05492E-17
 -1       571-3.33333E-01-3.50000E-02 2.81893E-17
 -1       572-3.75000E-01 1.43223E-16 4.09828E-17
 -1       573-3.33333E-01 1.29887E-16-2.50000E-02
 -1       574-3.33333E-01 3.50000E-02 3.51282E-17
 -1       575-2.50000E-01-3.50000E-02 3.25261E-17
 -1       576-2.91667E-01 1.11239E-16 3.29597E-17
 -1       577-2.50000E-01 9.58435E-17-2.50000E-02
 -1       578-2.50000E-01 3.50000E-02 2.55872E-17
 -1       579-1.66667E-01-3.50000E-02 4.07660E-17
 -1       580-2.08333E-01 7.02563E-17 3.85976E-17
 -1       581-1.66667E-01 5.42101E-17-2.50000E-02
 -1       582-1.66667E-01 3.50000E-02 4.42354E-17
 -1       583-8.33333E-02-3.50000E-02 3.90313E-17
 -1       584-1.25000E-01 3.46945E-17 4.51028E-17
 -1       585-8.33333E-02 2.90566E-17-2.50000E-02
 -1       586-8.33333E-02 3.50000E-02 4.25007E-17
 -1       587 0.00000E+00-3.50000E-02 3.81639E-17
 -1       588-4.16667E-02 1.08420E-17 4.25007E-17
 -1       589 0.00000E+00-8.67362E-19-2.50000E-02
 -1       590 0.00000E+00 3.50000E-02 3.81639E-17
 -1       591 8.33333E-02-3.50000E-02 4.38018E-17
 -1       592 4.16667E-02-2.42861E-17 4.38018E-17
 -1       593 8.33333E-02-4.07660E-17-2.50000E-02
 -1       594 8.33333E-02 3.50000E-02 4.03323E-17
 -1       595 1.66667E-01-3.50000E-02 4.59702E-17
 -1       596 1.25000E-01-6.07153E-17 4.81386E-17
 -1       597 1.66667E-01-6.85216E-17-2.50000E-02
 -1       598 1.66667E-01 3.50000E-02 4.25007E-17
 -1       599 2.50000E-01-3.50000E-02 2.51535E-17
 -1       600 2.08333E-01-8.67362E-17 3.98986E-17
 -1       601 2.50000E-01-9.80119E-17-2.50000E-02
 -1       602 2.50000E-01 3.50000E-02 3.20924E-17
 -1       603 3.33333E-01-3.50000E-02 3.38271E-17
 -1       604 2.91667E-01-1.21431E-16 3.12250E-17
 -1       605 3.33333E-01-1.37911E-16-2.50000E-02
 -1       606 3.33333E-01 3.50000E-02 2.68882E-17
 -1       607 4.16667E-01-3.50000E-02 3.81639E-17
 -1       608 3.75000E-01-1.55258E-16 3.72966E-17
 -1       609 4.16667E-01-1.61329E-16-2.50000E-02
 -1       610 4.16667E-01 3.50000E-02 3.81639E-17
 -1       611 4.58333E-01-1.80411E-16 4.16334E-17
 -1       612-4.16667E-01 1.59052E-16 2.50000E-02
 -1       613-3.33333E-01 1.29887E-16 2.50000E-02
 -1       614-2.50000E-01 9.58435E-17 2.50000E-02
 -1       615-1.66667E-01 5.42101E-17 2.50000E-02
 -1       616-8.33333E-02 2.90566E-17 2.50000E-02
 -1       617 0.00000E+00-8.67362E-19 2.50000E-02
 -1       618 8.33333E-02-4.07660E-17 2.50000E-02
 -1       619 1.66667E-01-6.85216E-17 2.50000E-02
 -1       620 2.50000E-01-9.80119E-17 2.50000E-02
 -1       621 3.33333E-01-1.37911E-16 2.50000E-02
 -1       622 4.16667E-01-1.61329E-16 2.50000E-02
 -3
    3C                            72                                     1
 -1         1    4    0    1
 -2       117         9         1        38       163        62         6        92       128        10
 -2        49       129       231       162        65       209       175        63       103       174
 -1         2    4    0    1
 -2       118       117        38        39       164       163        92        93       130       129
 -2        50       131       232       231       209       210       177       174       104       176
 -1         3    4    0    1
 -2       119       118        39        40       165       164        93        94       132       131
 -2        51       133       233       232       210       211       179       176       105       178
 -1         4    4    0    1
 -2       120       119        40        41       166       165        94        95       134       133
 -2        52       135       234       233       211       212       181       178       106       180
 -1         5    4    0    1
 -2       121       120        41        42       167       166        95        96       136       135
 -2        53       137       235       234       212       213       183       180       107       182
 -1         6    4    0    1
 -2       122       121        42        43       168       167        96        97       138       137
 -2        54       139       236       235       213       214       185       182       108       184
 -1         7    4    0    1
 -2       123       122        43        44       169       168        97        98       140       139
 -2        55       141       237       236       214       215       187       184       109       186
 -1         8    4    0    1
 -2       124       123        44        45       170       169        98        99       142       141
 -2        56       143       238       237       215       216       189       186       110       188
 -1         9    4    0    1
 -2       125       124        45        46       171       170        99       100       144       143
 -2        57       145       239       238       216       217       191       188       111       190
 -1        10    4    0    1
 -2       126       125        46        47       172       171       100       101       146       145
 -2        58       147       240       239       217       218       193       190       112       192
 -1        11    4    0    1
 -2       127       126        47        48       173       172       101       102       148       147
 -2        59       149       241       240       218       219       195       192       113       194
 -1        12    4    0    1
 -2        35       127        48         4        89       173       102         8       150       149
 -2        60        36       208       241       219       116       196       194       114        90
 -1        13    4    0    1
 -2        12         2         9       117        66         5        62       163        23        11
 -2       128       151       220        61       162       231        77        64       175       197
 -1        14    4    0    1
 -2        13        12       117       118        67        66       163       164        24       151
 -2       130       152       221       220       231       232        78       197       177       198
 -1        15    4    0    1
 -2        14        13       118       119        68        67       164       165        25       152
 -2       132       153       222       221       232       233        79       198       179       199
 -1        16    4    0    1
 -2        15        14       119       120        69        68       165       166        26       153
 -2       134       154       223       222       233       234        80       199       181       200
 -1        17    4    0    1
 -2        16        15       120       121        70        69       166       167        27       154
 -2       136       155       224       223       234       235        81       200       183       201
 -1        18    4    0    1
 -2        17        16       121       122        71        70       167       168        28       155
 -2       138       156       225       224       235       236        82       201       185       202
 -1        19    4    0    1
 -2        18        17       122       123        72        71       168       169        29       156
 -2       140       157       226       225       236       237        83       202       187       203
 -1        20    4    0    1
 -2        19        18       123       124        73        72       169       170        30       157
 -2       142       158       227       226       237       238        84       203       189       204
 -1        21    4    0    1
 -2        20        19       124       125        74        73       170       171        31       158
 -2       144       159       228       227       238       239        85       204       191       205
 -1        22    4    0    1
 -2        21        20       125       126        75        74       171       172        32       159
 -2       146       160       229       228       239       240        86       205       193       206
 -1        23    4    0    1
 -2        22        21       126       127        76        75       172       173        33       160
 -2       148       161       230       229       240       241        87       206       195       207
 -1        24    4    0    1
 -2         3        22       127        35         7        76       173        89        34       161
 -2       150        37       115       230       241       208        88       207       196        91
 -1        25    4    0    1
 -2       242       250       366       279       363       461       556       466       251       378
 -2       377       290       365       464       567       478       462       568       569       477
 -1        26    4    0    1
 -2       363       461       556       466       249       334       426       347       462       568
 -2       569       477       364       463       570       479       335       449       447       359
 -1        27    4    0    1
 -2       279       366       367       280       466       556       557       467       377       380
 -2       379       291       478       567       571       481       569       572       573       480
 -1        28    4    0    1
 -2       466       556       557       467       347       426       425       346       569       572
 -2       573       480       479       570       574       482       447       448       445       358
 -1        29    4    0    1
 -2       280       367       368       281       467       557       558       468       379       382
 -2       381       292       481       571       575       484       573       576       577       483
 -1        30    4    0    1
 -2       467       557       558       468       346       425       424       345       573       576
 -2       577       483       482       574       578       485       445       446       443       357
 -1        31    4    0    1
 -2       281       368       369       282       468       558       559       469       381       384
 -2       383       293       484       575       579       487       577       580       581       486
 -1        32    4    0    1
 -2       468       558       559       469       345       424       423       344       577       580
 -2       581       486       485       578       582       488       443       444       441       356
 -1        33    4    0    1
 -2       282       369       370       283       469       559       560       470       383       386
 -2       385       294       487       579       583       490       581       584       585       489
 -1        34    4    0    1
 -2       469       559       560       470       344       423       422       343       581       584
 -2       585       489       488       582       586       491       441       442       439       355
 -1        35    4    0    1
 -2       283       370       371       284       470       560       561       471       385       388
 -2       387       295       490       583       587       493       585       588       589       492
 -1        36    4    0    1
 -2       470       560       561       471       343       422       421       342       585       588
 -2       589       492       491       586       590       494       439       440       437       354
 -1        37    4    0    1
 -2       284       371       372       285       471       561       562       472       387       390
 -2       389       296       493       587       591       496       589       592       593       495
 -1        38    4    0    1
 -2       471       561       562       472       342       421       420       341       589       592
 -2       593       495       494       590       594       497       437       438       435       353
 -1        39    4    0    1
 -2       285       372       373       286       472       562       563       473       389       392
 -2       391       297       496       591       595       499       593       596       597       498
 -1        40    4    0    1
 -2       472       562       563       473       341       420       419       340       593       596
 -2       597       498       497       594       598       500       435       436       433       352
 -1        41    4    0    1
 -2       286       373       374       287       473       563       564       474       391       394
 -2       393       298       499       595       599       502       597       600       601       501
 -1        42    4    0    1
 -2       473       563       564       474       340       419       418       339       597       600
 -2       601       501       500       598       602       503       433       434       431       351
 -1        43    4    0    1
 -2       287       374       375       288       474       564       565       475       393       396
 -2       395       299       502       599       603       505       601       604       605       504
 -1        44    4    0    1
 -2       474       564       565       475       339       418       417       338       601       604
 -2       605       504       503       602       606       506       431       432       429       350
 -1        45    4    0    1
 -2       288       375       376       289       475       565       566       476       395       398
 -2       397       300       505       603       607       508       605       608       609       507
 -1        46    4    0    1
 -2       475       565       566       476       338       417       416       337       605       608
 -2       609       507       506       606       610       509       429       430       427       349
 -1        47    4    0    1
 -2       289       376       276       245       476       566       411       308       397       399
 -2       277       301       508       607       413       309       609       611       412       510
 -1        48    4    0    1
 -2       476       566       411       308       337       416       305       247       609       611
 -2       412       510       509       610       414       310       427       428       306       348
 -1        49    4    0    1
 -2       250       243       253       366       461       360       511       556       252       264
 -2       400       378       464       362       522       567       465       523       612       568
 -1        50    4    0    1
 -2       461       360       511       556       334       248       321       426       465       523
 -2       612       568       463       361       524       570       336       333       460       449
 -1        51    4    0    1
 -2       366       253       254       367       556       511       512       557       400       265
 -2       401       380       567       522       525       571       612       526       613       572
 -1        52    4    0    1
 -2       556       511       512       557       426       321       320       425       612       526
 -2       613       572       570       524       527       574       460       332       459       448
 -1        53    4    0    1
 -2       367       254       255       368       557       512       513       558       401       266
 -2       402       382       571       525       528       575       613       529       614       576
 -1        54    4    0    1
 -2       557       512       513       558       425       320       319       424       613       529
 -2       614       576       574       527       530       578       459       331       458       446
 -1        55    4    0    1
 -2       368       255       256       369       558       513       514       559       402       267
 -2       403       384       575       528       531       579       614       532       615       580
 -1        56    4    0    1
 -2       558       513       514       559       424       319       318       423       614       532
 -2       615       580       578       530       533       582       458       330       457       444
 -1        57    4    0    1
 -2       369       256       257       370       559       514       515       560       403       268
 -2       404       386       579       531       534       583       615       535       616       584
 -1        58    4    0    1
 -2       559       514       515       560       423       318       317       422       615       535
 -2       616       584       582       533       536       586       457       329       456       442
 -1        59    4    0    1
 -2       370       257       258       371       560       515       516       561       404       269
 -2       405       388       583       534       537       587       616       538       617       588
 -1        60    4    0    1
 -2       560       515       516       561       422       317       316       421       616       538
 -2       617       588       586       536       539       590       456       328       455       440
 -1        61    4    0    1
 -2       371       258       259       372       561       516       517       562       405       270
 -2       406       390       587       537       540       591       617       541       618       592
 -1        62    4    0    1
 -2       561       516       517       562       421       316       315       420       617       541
 -2       618       592       590       539       542       594       455       327       454       438
 -1        63    4    0    1
 -2       372       259       260       373       562       517       518       563       406       271
 -2       407       392       591       540       543       595       618       544       619       596
 -1        64    4    0    1
 -2       562       517       518       563       420       315       314       419       618       544
 -2       619       596       594       542       545       598       454       326       453       436
 -1        65    4    0    1
 -2       373       260       261       374       563       518       519       564       407       272
 -2       408       394       595       543       546       599       619       547       620       600
 -1        66    4    0    1
 -2       563       518       519       564       419       314       313       418       619       547
 -2       620       600       598       545       548       602       453       325       452       434
 -1        67    4    0    1
 -2       374       261       262       375       564       519       520       565       408       273
 -2       409       396       599       546       549       603       620       550       621       604
 -1        68    4    0    1
 -2       564       519       520       565       418       313       312       417       620       550
 -2       621       604       602       548       551       606       452       324       451       432
 -1        69    4    0    1
 -2       375       262       263       376       565       520       521       566       409       274
 -2       410       398       603       549       552       607       621       553       622       608
 -1        70    4    0    1
 -2       565       520       521       566       417       312       311       416       621       553
 -2       622       608       606       551       554       610       451       323       450       430
 -1        71    4    0    1
 -2       376       263       244       276       566       521       302       411       410       275
 -2       278       399       607       552       303       413       622       555       415       611
 -1        72    4    0    1
 -2       566       521       302       411       416       311       246       305       622       555
 -2       415       611       610       554       304       414       450       322       307       428
 -3
    1PSTEP                         1           1           1          
  100CL  101 1.000000000         622                     0    1           1
 -4  DISP        4    1
 -5  D1          1    2    1    0
 -5  D2          1    2    2    0
 -5  D3          1    2    3    0
 -5  ALL         1    2    0    0    1ALL
 -1         1 4.15140E-06-4.68823E-05-2.75954E-09
 -1         2 4.15136E-06-4.68823E-05 2.77953E-09
 -1         3 0.00000E+00 0.00000E+00 0.00000E+00
 -1         4 0.00000E+00 0.00000E+00 0.00000E+00
 -1         5 5.55208E-06-4.68861E-05 6.63535E-10
 -1         6 5.55211E-06-4.68862E-05-6.54304E-10
 -1         7 0.00000E+00 0.00000E+00 0.00000E+00
 -1         8 0.00000E+00 0.00000E+00 0.00000E+00
 -1         9 4.15561E-06-4.68840E-05 6.33291E-12
 -1        10 4.15480E-06-4.68834E-05-1.21162E-09
 -1        11 4.15479E-06-4.68834E-05 1.22668E-09
 -1        12 4.12251E-06-4.10457E-05-9.83584E-09
 -1        13 4.03526E-06-3.52965E-05-1.95013E-08
 -1        14 3.88987E-06-2.97082E-05-2.93010E-08
 -1        15 3.68644E-06-2.43623E-05-3.90728E-08
 -1        16 3.42487E-06-1.93393E-05-4.88309E-08
 -1        17 3.10516E-06-1.47199E-05-5.85881E-08
 -1        18 2.72731E-06-1.05849E-05-6.83569E-08
 -1        19 2.29139E-06-7.01505E-06-7.81557E-08
 -1        20 1.79718E-06-4.09140E-06-8.78306E-08
 -1        21 1.24541E-06-1.89342E-06-9.80624E-08
 -1        22 6.37806E-07-5.06635E-07-1.04818E-07
 -1        23 4.14330E-06-4.39564E-05-4.76425E-09
 -1        24 4.08626E-06-3.81561E-05-1.47246E-08
 -1        25 3.96984E-06-3.24771E-05-2.44052E-08
 -1        26 3.79548E-06-2.69999E-05-3.41876E-08
 -1        27 3.56296E-06-2.18054E-05-4.39521E-08
 -1        28 3.27233E-06-1.69741E-05-5.37098E-08
 -1        29 2.92355E-06-1.25868E-05-6.34737E-08
 -1        30 2.51664E-06-8.72430E-06-7.32619E-08
 -1        31 2.05165E-06-5.46743E-06-8.29838E-08
 -1        32 1.52821E-06-2.89639E-06-9.28328E-08
 -1        33 9.48363E-07-1.09336E-06-1.02053E-07
 -1        34 3.11632E-07-1.39198E-07-1.05104E-07
 -1        35 0.00000E+00 0.00000E+00 0.00000E+00
 -1        36 0.00000E+00 0.00000E+00 0.00000E+00
 -1        37 0.00000E+00 0.00000E+00 0.00000E+00
 -1        38 4.12251E-06-4.10457E-05 9.82546E-09
 -1        39 4.03525E-06-3.52965E-05 1.95016E-08
 -1        40 3.88988E-06-2.97083E-05 2.93028E-08
 -1        41 3.68644E-06-2.43623E-05 3.90523E-08
 -1        42 3.42486E-06-1.93393E-05 4.88241E-08
 -1        43 3.10516E-06-1.47199E-05 5.86001E-08
 -1        44 2.72732E-06-1.05849E-05 6.83502E-08
 -1        45 2.29139E-06-7.01507E-06 7.81377E-08
 -1        46 1.79718E-06-4.09138E-06 8.78416E-08
 -1        47 1.24542E-06-1.89342E-06 9.80682E-08
 -1        48 6.37806E-07-5.06674E-07 1.04811E-07
 -1        49 4.14332E-06-4.39564E-05 4.75110E-09
 -1        50 4.08625E-06-3.81561E-05 1.47132E-08
 -1        51 3.96984E-06-3.24771E-05 2.44051E-08
 -1        52 3.79548E-06-2.70000E-05 3.41766E-08
 -1        53 3.56296E-06-2.18054E-05 4.39351E-08
 -1        54 3.27232E-06-1.69741E-05 5.37116E-08
 -1        55 2.92356E-06-1.25868E-05 6.34772E-08
 -1        56 2.51664E-06-8.72432E-06 7.32476E-08
 -1        57 2.05165E-06-5.46742E-06 8.29807E-08
 -1        58 1.52821E-06-2.89638E-06 9.28439E-08
 -1        59 9.48364E-07-1.09337E-06 1.02050E-07
 -1        60 3.11631E-07-1.39208E-07 1.05099E-07
 -1        61 4.85006E-06-4.68845E-05 1.73125E-09
 -1        62 5.55627E-06-4.68881E-05 2.57706E-12
 -1        63 5.55540E-06-4.68877E-05-4.15773E-10
 -1        64 5.55538E-06-4.68876E-05 4.22288E-10
 -1        65 4.85009E-06-4.68845E-05-1.71461E-09
 -1        66 5.50914E-06-4.10505E-05-1.32041E-08
 -1        67 5.39295E-06-3.53057E-05-2.60765E-08
 -1        68 5.19914E-06-2.97219E-05-3.90659E-08
 -1        69 4.92788E-06-2.43805E-05-5.20914E-08
 -1        70 4.57911E-06-1.93620E-05-6.51050E-08
 -1        71 4.15284E-06-1.47472E-05-7.81189E-08
 -1        72 3.64906E-06-1.06168E-05-9.11587E-08
 -1        73 3.06776E-06-7.05147E-06-1.04199E-07
 -1        74 2.40902E-06-4.13235E-06-1.17104E-07
 -1        75 1.67239E-06-1.93794E-06-1.30019E-07
 -1        76 8.59832E-07-5.48523E-07-1.40722E-07
 -1        77 5.53923E-06-4.39584E-05-7.22191E-09
 -1        78 5.46019E-06-3.81629E-05-1.95060E-08
 -1        79 5.30523E-06-3.24885E-05-3.25611E-08
 -1        80 5.07267E-06-2.70159E-05-4.55786E-08
 -1        81 4.76267E-06-2.18259E-05-5.86047E-08
 -1        82 4.37515E-06-1.69991E-05-7.16135E-08
 -1        83 3.91012E-06-1.26164E-05-8.46366E-08
 -1        84 3.36759E-06-8.75848E-06-9.76714E-08
 -1        85 2.74749E-06-5.50621E-06-1.10703E-07
 -1        86 2.05004E-06-2.93973E-06-1.23593E-07
 -1        87 1.27549E-06-1.14178E-06-1.37519E-07
 -1        88 4.37882E-07-1.97463E-07-1.34687E-07
 -1        89 0.00000E+00 0.00000E+00 0.00000E+00
 -1        90 0.00000E+00 0.00000E+00 0.00000E+00
 -1        91 0.00000E+00 0.00000E+00 0.00000E+00
 -1        92 5.50915E-06-4.10505E-05 1.31896E-08
 -1        93 5.39294E-06-3.53057E-05 2.60831E-08
 -1        94 5.19915E-06-2.97219E-05 3.90610E-08
 -1        95 4.92788E-06-2.43805E-05 5.20635E-08
 -1        96 4.57911E-06-1.93620E-05 6.50904E-08
 -1        97 4.15283E-06-1.47472E-05 7.81311E-08
 -1        98 3.64906E-06-1.06168E-05 9.11420E-08
 -1        99 3.06776E-06-7.05149E-06 1.04176E-07
 -1       100 2.40901E-06-4.13233E-06 1.17124E-07
 -1       101 1.67239E-06-1.93794E-06 1.30024E-07
 -1       102 8.59833E-07-5.48558E-07 1.40705E-07
 -1       103 5.53925E-06-4.39584E-05 7.20615E-09
 -1       104 5.46019E-06-3.81629E-05 1.94983E-08
 -1       105 5.30522E-06-3.24885E-05 3.25616E-08
 -1       106 5.07268E-06-2.70159E-05 4.55601E-08
 -1       107 4.76267E-06-2.18259E-05 5.85826E-08
 -1       108 4.37514E-06-1.69991E-05 7.16146E-08
 -1       109 3.91011E-06-1.26164E-05 8.46365E-08
 -1       110 3.36760E-06-8.75849E-06 9.76491E-08
 -1       111 2.74749E-06-5.50620E-06 1.10699E-07
 -1       112 2.05004E-06-2.93972E-06 1.23607E-07
 -1       113 1.27549E-06-1.14180E-06 1.37510E-07
 -1       114 4.37888E-07-1.97474E-07 1.34677E-07
 -1       115 0.00000E+00 0.00000E+00 0.00000E+00
 -1       116 0.00000E+00 0.00000E+00 0.00000E+00
 -1       117 4.12510E-06-4.10500E-05-6.54101E-12
 -1       118 4.03785E-06-3.53046E-05-1.28705E-13
 -1       119 3.89247E-06-2.97205E-05 9.58363E-13
 -1       120 3.68904E-06-2.43786E-05-9.54843E-12
 -1       121 3.42746E-06-1.93596E-05-4.26203E-12
 -1       122 3.10776E-06-1.47443E-05 5.66604E-12
 -1       123 2.72992E-06-1.06134E-05-2.61018E-12
 -1       124 2.29397E-06-7.04762E-06-7.64686E-12
 -1       125 1.79978E-06-4.12802E-06 5.14087E-12
 -1       126 1.24770E-06-1.93404E-06 4.17563E-12
 -1       127 6.41430E-07-5.50772E-07-2.18007E-12
 -1       128 4.14655E-06-4.39589E-05-7.00139E-12
 -1       129 4.12452E-06-4.10489E-05 4.87782E-09
 -1       130 4.08883E-06-3.81622E-05-7.11143E-12
 -1       131 4.03729E-06-3.53026E-05 9.75837E-09
 -1       132 3.97244E-06-3.24873E-05 1.51163E-12
 -1       133 3.89192E-06-2.97174E-05 1.46490E-08
 -1       134 3.79808E-06-2.70142E-05-5.80235E-12
 -1       135 3.68848E-06-2.43745E-05 1.95224E-08
 -1       136 3.56556E-06-2.18237E-05-1.06366E-11
 -1       137 3.42690E-06-1.93545E-05 2.44100E-08
 -1       138 3.27492E-06-1.69964E-05-5.75058E-13
 -1       139 3.10720E-06-1.47382E-05 2.93021E-08
 -1       140 2.92615E-06-1.26133E-05 1.28324E-12
 -1       141 2.72935E-06-1.06063E-05 3.41736E-08
 -1       142 2.51924E-06-8.75483E-06-8.02243E-12
 -1       143 2.29344E-06-7.03945E-06 3.90686E-08
 -1       144 2.05424E-06-5.50203E-06-3.55852E-12
 -1       145 1.79912E-06-4.11900E-06 4.39060E-08
 -1       146 1.53088E-06-2.93496E-06 5.10175E-12
 -1       147 1.24780E-06-1.92333E-06 4.91093E-08
 -1       148 9.50877E-07-1.13640E-06-1.24608E-12
 -1       149 6.37762E-07-5.42192E-07 5.20118E-08
 -1       150 2.92489E-07-1.75905E-07-2.83885E-12
 -1       151 4.12451E-06-4.10489E-05-4.88989E-09
 -1       152 4.03730E-06-3.53026E-05-9.75747E-09
 -1       153 3.89192E-06-2.97174E-05-1.46481E-08
 -1       154 3.68848E-06-2.43745E-05-1.95415E-08
 -1       155 3.42690E-06-1.93545E-05-2.44186E-08
 -1       156 3.10720E-06-1.47382E-05-2.92909E-08
 -1       157 2.72935E-06-1.06063E-05-3.41788E-08
 -1       158 2.29344E-06-7.03944E-06-3.90855E-08
 -1       159 1.79912E-06-4.11901E-06-4.38957E-08
 -1       160 1.24780E-06-1.92333E-06-4.91021E-08
 -1       161 6.37762E-07-5.42177E-07-5.20173E-08
 -1       162 4.85436E-06-4.68863E-05 5.81629E-12
 -1       163 5.51164E-06-4.10548E-05-1.07469E-11
 -1       164 5.39545E-06-3.53138E-05 1.61342E-12
 -1       165 5.20165E-06-2.97341E-05 1.38947E-13
 -1       166 4.93039E-06-2.43968E-05-1.20468E-11
 -1       167 4.58162E-06-1.93824E-05-3.89196E-12
 -1       168 4.15535E-06-1.47717E-05 6.49770E-12
 -1       169 3.65157E-06-1.06453E-05-6.15391E-12
 -1       170 3.07025E-06-7.08405E-06-1.10987E-11
 -1       171 2.41161E-06-4.16903E-06 7.30625E-12
 -1       172 1.67465E-06-1.97904E-06 3.07516E-12
 -1       173 8.63024E-07-5.97318E-07-7.42108E-12
 -1       174 5.51117E-06-4.10537E-05 6.61572E-09
 -1       175 5.54256E-06-4.39612E-05-6.11200E-12
 -1       176 5.39507E-06-3.53118E-05 1.30384E-08
 -1       177 5.46270E-06-3.81690E-05-4.69753E-12
 -1       178 5.20125E-06-2.97311E-05 1.95310E-08
 -1       179 5.30773E-06-3.24987E-05 2.25923E-12
 -1       180 4.92999E-06-2.43927E-05 2.60244E-08
 -1       181 5.07519E-06-2.70301E-05-5.36034E-12
 -1       182 4.58123E-06-1.93773E-05 3.25446E-08
 -1       183 4.76518E-06-2.18442E-05-9.65828E-12
 -1       184 4.15495E-06-1.47655E-05 3.90715E-08
 -1       185 4.37765E-06-1.70215E-05 3.10787E-12
 -1       186 3.65117E-06-1.06382E-05 4.55685E-08
 -1       187 3.91263E-06-1.26429E-05 1.03064E-12
 -1       188 3.06988E-06-7.07590E-06 5.20845E-08
 -1       189 3.37011E-06-8.78899E-06-1.02097E-11
 -1       190 2.41107E-06-4.15989E-06 5.85480E-08
 -1       191 2.74999E-06-5.54082E-06-2.20454E-12
 -1       192 1.67494E-06-1.96831E-06 6.51176E-08
 -1       193 2.05255E-06-2.97815E-06 7.80496E-12
 -1       194 8.59257E-07-5.86240E-07 6.96914E-08
 -1       195 1.27766E-06-1.18485E-06-2.35207E-12
 -1       196 4.21037E-07-2.33331E-07-4.15485E-12
 -1       197 5.51116E-06-4.10537E-05-6.63559E-09
 -1       198 5.39507E-06-3.53118E-05-1.30358E-08
 -1       199 5.20125E-06-2.97311E-05-1.95327E-08
 -1       200 4.92999E-06-2.43927E-05-2.60530E-08
 -1       201 4.58123E-06-1.93773E-05-3.25537E-08
 -1       202 4.15495E-06-1.47655E-05-3.90574E-08
 -1       203 3.65117E-06-1.06382E-05-4.55815E-08
 -1       204 3.06988E-06-7.07590E-06-5.21077E-08
 -1       205 2.41107E-06-4.15990E-06-5.85306E-08
 -1       206 1.67494E-06-1.96831E-06-6.51130E-08
 -1       207 8.59257E-07-5.86225E-07-6.97078E-08
 -1       208 0.00000E+00 0.00000E+00 0.00000E+00
 -1       209 4.81480E-06-4.10479E-05 1.15034E-08
 -1       210 4.71285E-06-3.53008E-05 2.27955E-08
 -1       211 4.54333E-06-2.97146E-05 3.41830E-08
 -1       212 4.30596E-06-2.43708E-05 4.55579E-08
 -1       213 4.00078E-06-1.93498E-05 5.69571E-08
 -1       214 3.62779E-06-1.47326E-05 6.83658E-08
 -1       215 3.18699E-06-1.05998E-05 7.97456E-08
 -1       216 2.67836E-06-7.03198E-06 9.11553E-08
 -1       217 2.10193E-06-4.11036E-06 1.02484E-07
 -1       218 1.45760E-06-1.91414E-06 1.14051E-07
 -1       219 7.47638E-07-5.25405E-07 1.22667E-07
 -1       220 4.81480E-06-4.10479E-05-1.15158E-08
 -1       221 4.71286E-06-3.53008E-05-2.27908E-08
 -1       222 4.54332E-06-2.97146E-05-3.41828E-08
 -1       223 4.30596E-06-2.43708E-05-4.55817E-08
 -1       224 4.00079E-06-1.93498E-05-5.69672E-08
 -1       225 3.62780E-06-1.47326E-05-6.83546E-08
 -1       226 3.18699E-06-1.05997E-05-7.97578E-08
 -1       227 2.67836E-06-7.03197E-06-9.11773E-08
 -1       228 2.10193E-06-4.11039E-06-1.02469E-07
 -1       229 1.45759E-06-1.91414E-06-1.14045E-07
 -1       230 7.47638E-07-5.25366E-07-1.22678E-07
 -1       231 4.81750E-06-4.10521E-05-7.35105E-12
 -1       232 4.71558E-06-3.53089E-05 1.54022E-12
 -1       233 4.54605E-06-2.97268E-05 3.49620E-13
 -1       234 4.30869E-06-2.43870E-05-1.12084E-11
 -1       235 4.00352E-06-1.93702E-05-5.35776E-12
 -1       236 3.63053E-06-1.47570E-05 5.07641E-12
 -1       237 3.18972E-06-1.06282E-05-4.54591E-12
 -1       238 2.68109E-06-7.06455E-06-9.77781E-12
 -1       239 2.10463E-06-4.14702E-06 5.97376E-12
 -1       240 1.46032E-06-1.95504E-06 3.61955E-12
 -1       241 7.50292E-07-5.71660E-07-3.57147E-12
 -1       242 0.00000E+00 0.00000E+00 0.00000E+00
 -1       243 0.00000E+00 0.00000E+00 0.00000E+00
 -1       244-5.55049E-06-4.68867E-05-1.43290E-09
 -1       245-5.55048E-06-4.68867E-05 1.39833E-09
 -1       246 4.15136E-06-4.68823E-05 2.77953E-09
 -1       247 4.15140E-06-4.68823E-05-2.75954E-09
 -1       248 0.00000E+00 0.00000E+00 0.00000E+00
 -1       249 0.00000E+00 0.00000E+00 0.00000E+00
 -1       250 0.00000E+00 0.00000E+00 0.00000E+00
 -1       251 0.00000E+00 0.00000E+00 0.00000E+00
 -1       252 0.00000E+00 0.00000E+00 0.00000E+00
 -1       253-8.59225E-07-5.50399E-07 1.38551E-07
 -1       254-1.67179E-06-1.93862E-06 1.30110E-07
 -1       255-2.40721E-06-4.13245E-06 1.17098E-07
 -1       256-3.06635E-06-7.05149E-06 1.04197E-07
 -1       257-3.64753E-06-1.06169E-05 9.11398E-08
 -1       258-4.15134E-06-1.47472E-05 7.81048E-08
 -1       259-4.57762E-06-1.93620E-05 6.50900E-08
 -1       260-4.92639E-06-2.43805E-05 5.20755E-08
 -1       261-5.19766E-06-2.97219E-05 3.90746E-08
 -1       262-5.39138E-06-3.53056E-05 2.60152E-08
 -1       263-5.50789E-06-4.10508E-05 1.31106E-08
 -1       264-4.28547E-07-1.89400E-07 1.41689E-07
 -1       265-1.27621E-06-1.14156E-06 1.36061E-07
 -1       266-2.04865E-06-2.93992E-06 1.23667E-07
 -1       267-2.74636E-06-5.50610E-06 1.10672E-07
 -1       268-3.36640E-06-8.75851E-06 9.76641E-08
 -1       269-3.90892E-06-1.26164E-05 8.46229E-08
 -1       270-4.37396E-06-1.69991E-05 7.15976E-08
 -1       271-4.76149E-06-2.18259E-05 5.85825E-08
 -1       272-5.07150E-06-2.70159E-05 4.55769E-08
 -1       273-5.30403E-06-3.24885E-05 3.25476E-08
 -1       274-5.45898E-06-3.81629E-05 1.94693E-08
 -1       275-5.53779E-06-4.39580E-05 7.45860E-09
 -1       276-5.55508E-06-4.68886E-05-1.35031E-11
 -1       277-5.55433E-06-4.68883E-05 6.18523E-10
 -1       278-5.55434E-06-4.68883E-05-6.50988E-10
 -1       279-8.59229E-07-5.50404E-07-1.38548E-07
 -1       280-1.67179E-06-1.93861E-06-1.30127E-07
 -1       281-2.40720E-06-4.13243E-06-1.17128E-07
 -1       282-3.06634E-06-7.05149E-06-1.04192E-07
 -1       283-3.64754E-06-1.06169E-05-9.11350E-08
 -1       284-4.15134E-06-1.47472E-05-7.81441E-08
 -1       285-4.57761E-06-1.93620E-05-6.51275E-08
 -1       286-4.92639E-06-2.43805E-05-5.20858E-08
 -1       287-5.19766E-06-2.97219E-05-3.90720E-08
 -1       288-5.39139E-06-3.53056E-05-2.60531E-08
 -1       289-5.50789E-06-4.10508E-05-1.31634E-08
 -1       290-4.28550E-07-1.89404E-07-1.41686E-07
 -1       291-1.27621E-06-1.14156E-06-1.36067E-07
 -1       292-2.04865E-06-2.93990E-06-1.23694E-07
 -1       293-2.74635E-06-5.50609E-06-1.10685E-07
 -1       294-3.36640E-06-8.75851E-06-9.76560E-08
 -1       295-3.90893E-06-1.26164E-05-8.46411E-08
 -1       296-4.37396E-06-1.69991E-05-7.16348E-08
 -1       297-4.76148E-06-2.18259E-05-5.86073E-08
 -1       298-5.07150E-06-2.70159E-05-4.55735E-08
 -1       299-5.30404E-06-3.24885E-05-3.25668E-08
 -1       300-5.45899E-06-3.81629E-05-1.95125E-08
 -1       301-5.53779E-06-4.39580E-05-7.50127E-09
 -1       302-6.88742E-07-4.68711E-05-1.11258E-09
 -1       303-3.10672E-06-4.68789E-05-2.86407E-09
 -1       304 1.72414E-06-4.68749E-05 2.19189E-09
 -1       305 4.15561E-06-4.68840E-05 6.33291E-12
 -1       306 4.15480E-06-4.68834E-05-1.21162E-09
 -1       307 4.15479E-06-4.68834E-05 1.22668E-09
 -1       308-6.88734E-07-4.68711E-05 1.09722E-09
 -1       309-3.10671E-06-4.68789E-05 2.84046E-09
 -1       310 1.72417E-06-4.68750E-05-2.18255E-09
 -1       311 4.12251E-06-4.10457E-05-9.83584E-09
 -1       312 4.03526E-06-3.52965E-05-1.95013E-08
 -1       313 3.88987E-06-2.97082E-05-2.93010E-08
 -1       314 3.68644E-06-2.43623E-05-3.90728E-08
 -1       315 3.42487E-06-1.93393E-05-4.88309E-08
 -1       316 3.10516E-06-1.47199E-05-5.85881E-08
 -1       317 2.72731E-06-1.05849E-05-6.83569E-08
 -1       318 2.29139E-06-7.01505E-06-7.81557E-08
 -1       319 1.79718E-06-4.09140E-06-8.78306E-08
 -1       320 1.24541E-06-1.89342E-06-9.80624E-08
 -1       321 6.37806E-07-5.06635E-07-1.04818E-07
 -1       322 4.14330E-06-4.39564E-05-4.76425E-09
 -1       323 4.08626E-06-3.81561E-05-1.47246E-08
 -1       324 3.96984E-06-3.24771E-05-2.44052E-08
 -1       325 3.79548E-06-2.69999E-05-3.41876E-08
 -1       326 3.56296E-06-2.18054E-05-4.39521E-08
 -1       327 3.27233E-06-1.69741E-05-5.37098E-08
 -1       328 2.92355E-06-1.25868E-05-6.34737E-08
 -1       329 2.51664E-06-8.72430E-06-7.32619E-08
 -1       330 2.05165E-06-5.46743E-06-8.29838E-08
 -1       331 1.52821E-06-2.89639E-06-9.28328E-08
 -1       332 9.48363E-07-1.09336E-06-1.02053E-07
 -1       333 3.11632E-07-1.39198E-07-1.05104E-07
 -1       334 0.00000E+00 0.00000E+00 0.00000E+00
 -1       335 0.00000E+00 0.00000E+00 0.00000E+00
 -1       336 0.00000E+00 0.00000E+00 0.00000E+00
 -1       337 4.12251E-06-4.10457E-05 9.82546E-09
 -1       338 4.03525E-06-3.52965E-05 1.95016E-08
 -1       339 3.88988E-06-2.97083E-05 2.93028E-08
 -1       340 3.68644E-06-2.43623E-05 3.90523E-08
 -1       341 3.42486E-06-1.93393E-05 4.88241E-08
 -1       342 3.10516E-06-1.47199E-05 5.86001E-08
 -1       343 2.72732E-06-1.05849E-05 6.83502E-08
 -1       344 2.29139E-06-7.01507E-06 7.81377E-08
 -1       345 1.79718E-06-4.09138E-06 8.78416E-08
 -1       346 1.24542E-06-1.89342E-06 9.80682E-08
 -1       347 6.37806E-07-5.06674E-07 1.04811E-07
 -1       348 4.14332E-06-4.39564E-05 4.75110E-09
 -1       349 4.08625E-06-3.81561E-05 1.47132E-08
 -1       350 3.96984E-06-3.24771E-05 2.44051E-08
 -1       351 3.79548E-06-2.70000E-05 3.41766E-08
 -1       352 3.56296E-06-2.18054E-05 4.39351E-08
 -1       353 3.27232E-06-1.69741E-05 5.37116E-08
 -1       354 2.92356E-06-1.25868E-05 6.34772E-08
 -1       355 2.51664E-06-8.72432E-06 7.32476E-08
 -1       356 2.05165E-06-5.46742E-06 8.29807E-08
 -1       357 1.52821E-06-2.89638E-06 9.28439E-08
 -1       358 9.48364E-07-1.09337E-06 1.02050E-07
 -1       359 3.11631E-07-1.39208E-07 1.05099E-07
 -1       360 0.00000E+00 0.00000E+00 0.00000E+00
 -1       361 0.00000E+00 0.00000E+00 0.00000E+00
 -1       362 0.00000E+00 0.00000E+00 0.00000E+00
 -1       363 0.00000E+00 0.00000E+00 0.00000E+00
 -1       364 0.00000E+00 0.00000E+00 0.00000E+00
 -1       365 0.00000E+00 0.00000E+00 0.00000E+00
 -1       366-8.65307E-07-5.97222E-07 9.96311E-13
 -1       367-1.67397E-06-1.97932E-06-8.70707E-12
 -1       368-2.40992E-06-4.16912E-06-1.26324E-11
 -1       369-3.06897E-06-7.08404E-06 1.43485E-12
 -1       370-3.65017E-06-1.06453E-05 2.23310E-12
 -1       371-4.15398E-06-1.47716E-05-1.82258E-11
 -1       372-4.58025E-06-1.93824E-05-1.91361E-11
 -1       373-4.92903E-06-2.43968E-05-5.32848E-12
 -1       374-5.20029E-06-2.97341E-05 1.65573E-13
 -1       375-5.39404E-06-3.53137E-05-1.78002E-11
 -1       376-5.51046E-06-4.10551E-05-2.55180E-11
 -1       377-8.60266E-07-5.87445E-07-6.86144E-08
 -1       378-4.08330E-07-2.28937E-07 1.10711E-12
 -1       379-1.67428E-06-1.96846E-06-6.51833E-08
 -1       380-1.27898E-06-1.18416E-06-2.78935E-12
 -1       381-2.40941E-06-4.16009E-06-5.85452E-08
 -1       382-2.05123E-06-2.97838E-06-1.28526E-11
 -1       383-3.06860E-06-7.07587E-06-5.21005E-08
 -1       384-2.74898E-06-5.54071E-06-6.24019E-12
 -1       385-3.64978E-06-1.06382E-05-4.55646E-08
 -1       386-3.36904E-06-8.78902E-06 4.79392E-12
 -1       387-4.15359E-06-1.47655E-05-3.90820E-08
 -1       388-3.91156E-06-1.26429E-05-8.92485E-12
 -1       389-4.57986E-06-1.93773E-05-3.25732E-08
 -1       390-4.37659E-06-1.70215E-05-1.89515E-11
 -1       391-4.92863E-06-2.43927E-05-2.60455E-08
 -1       392-4.76412E-06-2.18442E-05-1.37884E-11
 -1       393-5.19990E-06-2.97311E-05-1.95351E-08
 -1       394-5.07414E-06-2.70301E-05 2.05459E-12
 -1       395-5.39367E-06-3.53117E-05-1.30407E-08
 -1       396-5.30667E-06-3.24987E-05-7.76623E-12
 -1       397-5.51000E-06-4.10540E-05-6.58163E-09
 -1       398-5.46161E-06-3.81690E-05-2.14271E-11
 -1       399-5.54123E-06-4.39609E-05-1.99213E-11
 -1       400-8.60265E-07-5.87443E-07 6.86171E-08
 -1       401-1.67428E-06-1.96846E-06 6.51661E-08
 -1       402-2.40941E-06-4.16010E-06 5.85177E-08
 -1       403-3.06860E-06-7.07587E-06 5.21040E-08
 -1       404-3.64978E-06-1.06382E-05 4.55702E-08
 -1       405-4.15359E-06-1.47655E-05 3.90433E-08
 -1       406-4.57986E-06-1.93773E-05 3.25344E-08
 -1       407-4.92864E-06-2.43927E-05 2.60359E-08
 -1       408-5.19990E-06-2.97311E-05 1.95353E-08
 -1       409-5.39366E-06-3.53117E-05 1.30040E-08
 -1       410-5.51000E-06-4.10540E-05 6.52957E-09
 -1       411-6.89672E-07-4.68715E-05-2.71295E-12
 -1       412-6.89463E-07-4.68708E-05 4.91313E-10
 -1       413-3.11031E-06-4.68801E-05-9.41349E-12
 -1       414 1.72634E-06-4.68757E-05 1.85747E-12
 -1       415-6.89467E-07-4.68708E-05-5.00773E-10
 -1       416 4.12510E-06-4.10500E-05-6.54101E-12
 -1       417 4.03785E-06-3.53046E-05-1.28705E-13
 -1       418 3.89247E-06-2.97205E-05 9.58363E-13
 -1       419 3.68904E-06-2.43786E-05-9.54843E-12
 -1       420 3.42746E-06-1.93596E-05-4.26203E-12
 -1       421 3.10776E-06-1.47443E-05 5.66604E-12
 -1       422 2.72992E-06-1.06134E-05-2.61018E-12
 -1       423 2.29397E-06-7.04762E-06-7.64686E-12
 -1       424 1.79978E-06-4.12802E-06 5.14087E-12
 -1       425 1.24770E-06-1.93404E-06 4.17563E-12
 -1       426 6.41430E-07-5.50772E-07-2.18007E-12
 -1       427 4.12452E-06-4.10489E-05 4.87782E-09
 -1       428 4.14655E-06-4.39589E-05-7.00139E-12
 -1       429 4.03729E-06-3.53026E-05 9.75837E-09
 -1       430 4.08883E-06-3.81622E-05-7.11143E-12
 -1       431 3.89192E-06-2.97174E-05 1.46490E-08
 -1       432 3.97244E-06-3.24873E-05 1.51163E-12
 -1       433 3.68848E-06-2.43745E-05 1.95224E-08
 -1       434 3.79808E-06-2.70142E-05-5.80235E-12
 -1       435 3.42690E-06-1.93545E-05 2.44100E-08
 -1       436 3.56556E-06-2.18237E-05-1.06366E-11
 -1       437 3.10720E-06-1.47382E-05 2.93021E-08
 -1       438 3.27492E-06-1.69964E-05-5.75058E-13
 -1       439 2.72935E-06-1.06063E-05 3.41736E-08
 -1       440 2.92615E-06-1.26133E-05 1.28324E-12
 -1       441 2.29344E-06-7.03945E-06 3.90686E-08
 -1       442 2.51924E-06-8.75483E-06-8.02243E-12
 -1       443 1.79912E-06-4.11900E-06 4.39060E-08
 -1       444 2.05424E-06-5.50203E-06-3.55852E-12
 -1       445 1.24780E-06-1.92333E-06 4.91093E-08
 -1       446 1.53088E-06-2.93496E-06 5.10175E-12
 -1       447 6.37762E-07-5.42192E-07 5.20118E-08
 -1       448 9.50877E-07-1.13640E-06-1.24608E-12
 -1       449 2.92489E-07-1.75905E-07-2.83885E-12
 -1       450 4.12451E-06-4.10489E-05-4.88989E-09
 -1       451 4.03730E-06-3.53026E-05-9.75747E-09
 -1       452 3.89192E-06-2.97174E-05-1.46481E-08
 -1       453 3.68848E-06-2.43745E-05-1.95415E-08
 -1       454 3.42690E-06-1.93545E-05-2.44186E-08
 -1       455 3.10720E-06-1.47382E-05-2.92909E-08
 -1       456 2.72935E-06-1.06063E-05-3.41788E-08
 -1       457 2.29344E-06-7.03944E-06-3.90855E-08
 -1       458 1.79912E-06-4.11901E-06-4.38957E-08
 -1       459 1.24780E-06-1.92333E-06-4.91021E-08
 -1       460 6.37762E-07-5.42177E-07-5.20173E-08
 -1       461 0.00000E+00 0.00000E+00 0.00000E+00
 -1       462 0.00000E+00 0.00000E+00 0.00000E+00
 -1       463 0.00000E+00 0.00000E+00 0.00000E+00
 -1       464 0.00000E+00 0.00000E+00 0.00000E+00
 -1       465 0.00000E+00 0.00000E+00 0.00000E+00
 -1       466-1.04638E-07-4.46811E-07-1.86991E-08
 -1       467-2.04866E-07-1.83645E-06-1.63132E-08
 -1       468-2.97005E-07-4.04002E-06-1.46785E-08
 -1       469-3.79290E-07-6.96951E-06-1.30164E-08
 -1       470-4.51959E-07-1.05451E-05-1.13901E-08
 -1       471-5.14933E-07-1.46857E-05-9.77072E-09
 -1       472-5.68218E-07-1.93108E-05-8.15148E-09
 -1       473-6.11814E-07-2.43395E-05-6.51290E-09
 -1       474-6.45712E-07-2.96912E-05-4.88647E-09
 -1       475-6.70050E-07-3.52851E-05-3.23533E-09
 -1       476-6.84188E-07-4.10401E-05-1.67254E-09
 -1       477-4.92920E-08-7.57719E-08-1.71428E-08
 -1       478-4.70994E-07-4.70390E-07-7.85867E-08
 -1       479 2.60565E-07-4.49059E-07 4.36604E-08
 -1       480-1.55242E-07-1.03321E-06-1.73125E-08
 -1       481-9.28874E-07-1.86925E-06-7.34747E-08
 -1       482 5.15125E-07-1.84659E-06 4.07839E-08
 -1       483-2.52143E-07-2.84240E-06-1.53875E-08
 -1       484-1.34323E-06-4.06787E-06-6.58547E-08
 -1       485 7.45255E-07-4.04735E-06 3.66216E-08
 -1       486-3.39412E-07-5.41898E-06-1.38573E-08
 -1       487-1.71371E-06-6.99465E-06-5.86051E-08
 -1       488 9.51092E-07-6.97645E-06 3.25424E-08
 -1       489-4.16890E-07-8.68160E-06-1.22009E-08
 -1       490-2.04071E-06-1.05670E-05-5.12664E-08
 -1       491 1.13275E-06-1.05510E-05 2.84823E-08
 -1       492-4.84716E-07-1.25498E-05-1.05799E-08
 -1       493-2.32408E-06-1.47045E-05-4.39576E-08
 -1       494 1.29018E-06-1.46908E-05 2.44184E-08
 -1       495-5.42847E-07-1.69427E-05-8.95664E-09
 -1       496-2.56386E-06-1.93264E-05-3.66390E-08
 -1       497 1.42339E-06-1.93150E-05 2.03413E-08
 -1       498-5.91285E-07-2.17797E-05-7.33236E-09
 -1       499-2.76004E-06-2.43520E-05-2.93010E-08
 -1       500 1.53238E-06-2.43429E-05 1.62687E-08
 -1       501-6.30037E-07-2.69800E-05-5.70091E-09
 -1       502-2.91264E-06-2.97006E-05-2.19727E-08
 -1       503 1.61714E-06-2.96938E-05 1.22174E-08
 -1       504-6.59119E-07-3.24629E-05-4.05454E-09
 -1       505-3.02161E-06-3.52914E-05-1.46552E-08
 -1       506 1.67771E-06-3.52867E-05 8.10765E-09
 -1       507-6.78469E-07-3.81475E-05-2.51135E-09
 -1       508-3.08709E-06-4.10433E-05-7.39406E-09
 -1       509 1.71388E-06-4.10414E-05 4.11380E-09
 -1       510-6.87476E-07-4.39547E-05-4.98605E-10
 -1       511-1.04634E-07-4.46810E-07 1.86959E-08
 -1       512-2.04866E-07-1.83645E-06 1.63080E-08
 -1       513-2.97006E-07-4.04003E-06 1.46738E-08
 -1       514-3.79292E-07-6.96951E-06 1.30124E-08
 -1       515-4.51959E-07-1.05451E-05 1.13949E-08
 -1       516-5.14926E-07-1.46857E-05 9.76685E-09
 -1       517-5.68219E-07-1.93108E-05 8.13104E-09
 -1       518-6.11826E-07-2.43395E-05 6.50443E-09
 -1       519-6.45706E-07-2.96912E-05 4.88767E-09
 -1       520-6.70040E-07-3.52851E-05 3.21746E-09
 -1       521-6.84190E-07-4.10401E-05 1.64056E-09
 -1       522-4.70992E-07-4.70388E-07 7.85846E-08
 -1       523-4.92896E-08-7.57680E-08 1.71428E-08
 -1       524 2.60565E-07-4.49034E-07-4.36620E-08
 -1       525-9.28869E-07-1.86925E-06 7.34638E-08
 -1       526-1.55239E-07-1.03321E-06 1.73109E-08
 -1       527 5.15122E-07-1.84660E-06-4.07814E-08
 -1       528-1.34323E-06-4.06788E-06 6.58396E-08
 -1       529-2.52147E-07-2.84241E-06 1.53822E-08
 -1       530 7.45260E-07-4.04736E-06-3.66183E-08
 -1       531-1.71371E-06-6.99465E-06 5.86044E-08
 -1       532-3.39411E-07-5.41898E-06 1.38504E-08
 -1       533 9.51094E-07-6.97643E-06-3.25492E-08
 -1       534-2.04070E-06-1.05670E-05 5.12701E-08
 -1       535-4.16892E-07-8.68159E-06 1.22042E-08
 -1       536 1.13275E-06-1.05510E-05-2.84814E-08
 -1       537-2.32407E-06-1.47045E-05 4.39360E-08
 -1       538-4.84714E-07-1.25498E-05 1.05838E-08
 -1       539 1.29018E-06-1.46908E-05-2.44060E-08
 -1       540-2.56386E-06-1.93264E-05 3.66085E-08
 -1       541-5.42842E-07-1.69427E-05 8.94435E-09
 -1       542 1.42339E-06-1.93150E-05-2.03482E-08
 -1       543-2.76005E-06-2.43520E-05 2.92913E-08
 -1       544-5.91291E-07-2.17797E-05 7.31613E-09
 -1       545 1.53238E-06-2.43429E-05-1.62842E-08
 -1       546-2.91264E-06-2.97006E-05 2.19735E-08
 -1       547-6.30045E-07-2.69800E-05 5.69887E-09
 -1       548 1.61714E-06-2.96937E-05-1.22128E-08
 -1       549-3.02160E-06-3.52914E-05 1.46287E-08
 -1       550-6.59111E-07-3.24629E-05 4.05153E-09
 -1       551 1.67772E-06-3.52867E-05-8.11605E-09
 -1       552-3.08709E-06-4.10433E-05 7.35132E-09
 -1       553-6.78463E-07-3.81476E-05 2.48832E-09
 -1       554 1.71388E-06-4.10414E-05-4.14061E-09
 -1       555-6.87481E-07-4.39547E-05 4.79972E-10
 -1       556-1.05677E-07-4.87728E-07-1.12099E-12
 -1       557-2.05118E-07-1.87677E-06-2.38312E-12
 -1       558-2.97450E-07-4.07664E-06-4.00156E-12
 -1       559-3.79732E-07-7.00205E-06-2.30808E-12
 -1       560-4.52402E-07-1.05735E-05 4.09392E-12
 -1       561-5.15372E-07-1.47101E-05-3.25052E-12
 -1       562-5.68666E-07-1.93311E-05-1.03504E-11
 -1       563-6.12264E-07-2.43558E-05-4.33094E-12
 -1       564-6.46153E-07-2.97034E-05 3.45497E-12
 -1       565-6.70476E-07-3.52932E-05-8.10485E-12
 -1       566-6.84669E-07-4.10442E-05-1.68608E-11
 -1       567-4.72843E-07-5.13051E-07-6.64086E-14
 -1       568-4.52428E-08-1.14677E-07 2.49711E-13
 -1       569-1.04727E-07-4.81083E-07-9.30172E-09
 -1       570 2.61585E-07-4.91012E-07-4.50699E-13
 -1       571-9.31078E-07-1.91003E-06-5.85361E-12
 -1       572-1.55997E-07-1.07584E-06-6.28127E-13
 -1       573-2.05287E-07-1.86608E-06-8.17610E-09
 -1       574 5.16316E-07-1.88722E-06 2.70690E-12
 -1       575-1.34533E-06-4.10446E-06-7.51512E-12
 -1       576-2.52583E-07-2.88109E-06-3.34723E-12
 -1       577-2.97322E-07-4.06767E-06-7.33563E-09
 -1       578 7.46464E-07-4.08394E-06 1.66058E-12
 -1       579-1.71582E-06-7.02721E-06-3.60675E-13
 -1       580-3.39858E-07-5.45356E-06-2.19085E-12
 -1       581-3.79659E-07-6.99387E-06-6.51098E-09
 -1       582 9.52288E-07-7.00900E-06-2.34201E-12
 -1       583-2.04282E-06-1.05955E-05 1.76177E-12
 -1       584-4.17337E-07-8.71211E-06 9.57364E-13
 -1       585-4.52313E-07-1.05664E-05-5.69251E-09
 -1       586 1.13396E-06-1.05795E-05 2.10835E-12
 -1       587-2.32619E-06-1.47289E-05-9.20537E-12
 -1       588-4.85154E-07-1.25762E-05 1.99107E-12
 -1       589-5.15290E-07-1.47040E-05-4.88728E-09
 -1       590 1.29138E-06-1.47153E-05 6.37822E-12
 -1       591-2.56598E-06-1.93468E-05-1.42078E-11
 -1       592-5.43288E-07-1.69651E-05-6.18380E-12
 -1       593-5.68575E-07-1.93260E-05-4.08170E-09
 -1       594 1.42459E-06-1.93354E-05-2.69443E-12
 -1       595-2.76216E-06-2.43683E-05-5.25814E-12
 -1       596-5.91734E-07-2.17980E-05-8.13606E-12
 -1       597-6.12174E-07-2.43517E-05-3.25798E-09
 -1       598 1.53358E-06-2.43592E-05-5.44245E-12
 -1       599-2.91476E-06-2.97128E-05 1.03722E-12
 -1       600-6.30485E-07-2.69943E-05 2.68317E-13
 -1       601-6.46072E-07-2.97003E-05-2.44026E-09
 -1       602 1.61835E-06-2.97060E-05 3.32803E-12
 -1       603-3.02372E-06-3.52995E-05-1.22309E-11
 -1       604-6.59557E-07-3.24731E-05-3.45807E-12
 -1       605-6.70390E-07-3.52912E-05-1.62357E-09
 -1       606 1.67891E-06-3.52948E-05-4.33811E-12
 -1       607-3.08920E-06-4.10475E-05-1.89390E-11
 -1       608-6.78912E-07-3.81537E-05-1.34918E-11
 -1       609-6.84573E-07-4.10432E-05-8.33573E-10
 -1       610 1.71512E-06-4.10456E-05-1.26047E-11
 -1       611-6.88134E-07-4.39563E-05-1.05400E-11
 -1       612-1.04726E-07-4.81080E-07 9.29901E-09
 -1       613-2.05286E-07-1.86609E-06 8.17138E-09
 -1       614-2.97323E-07-4.06768E-06 7.32922E-09
 -1       615-3.79658E-07-6.99387E-06 6.50702E-09
 -1       616-4.52312E-07-1.05664E-05 5.69892E-09
 -1       617-5.15287E-07-1.47040E-05 4.88216E-09
 -1       618-5.68576E-07-1.93260E-05 4.06108E-09
 -1       619-6.12179E-07-2.43517E-05 3.24937E-09
 -1       620-6.46068E-07-2.97003E-05 2.44650E-09
 -1       621-6.70386E-07-3.52912E-05 1.60651E-09
 -1       622-6.84574E-07-4.10432E-05 8.00266E-10
 -3
    1PSTEP                         2           1           1          
  100CL  101 1.000000000         622                     0    1           1
 -4  STRESS      6    1
 -5  SXX         1    4    1    1
 -5  SYY         1    4    2    2
 -5  SZZ         1    4    3    3
 -5  SXY         1    4    1    2
 -5  SYZ         1    4    2    3
 -5  SZX         1    4    3    1
 -1         1-7.72442E+03-5.50880E+04-3.19807E+03-5.76130E+04 3.96129E+03-1.76113E+03
 -1         2-7.84408E+03-5.51704E+04-3.20251E+03-5.74576E+04-3.87307E+03 1.77739E+03
 -1         3 1.96098E+06 7.62628E+05 7.62627E+05-4.93707E+04-9.20114E-02-3.10668E+05
 -1         4 1.96096E+06 7.62622E+05 7.62621E+05-4.93705E+04 9.16300E-02 3.10653E+05
 -1         5 1.40063E+04-2.44906E+04-1.65764E+03-1.10590E+04-1.99036E+03 2.58603E+03
 -1         6 1.40391E+04-2.44510E+04-1.66588E+03-1.11022E+04 1.99191E+03-2.56618E+03
 -1         7 2.87260E+06 1.11715E+06 1.11715E+06-2.37556E+05-1.28276E-01-3.91808E+05
 -1         8 2.87268E+06 1.11718E+06 1.11718E+06-2.37564E+05 1.28061E-01 3.91785E+05
 -1         9-4.83601E+03-5.96878E+04-9.21592E+03-5.54644E+04 2.19131E+01 2.41385E+01
 -1        10-5.77987E+03-6.02302E+04-6.86717E+03-5.61673E+04 5.64901E+02-1.46573E+03
 -1        11-5.80372E+03-6.02322E+04-6.84366E+03-5.61113E+04-4.96434E+02 1.49708E+03
 -1        12 1.40599E+05 1.89050E+02-2.38632E+03-4.65934E+04 3.34903E+00-2.64015E+02
 -1        13 2.92900E+05-2.14367E+03-3.76194E+02-5.20457E+04-2.88594E+02 3.63299E+02
 -1        14 4.39410E+05 4.29577E+02 6.03044E+01-5.09970E+04 3.98089E+01 4.70068E+02
 -1        15 5.85842E+05-2.17017E+02-7.68585E+01-5.12753E+04-2.68841E+00 4.82468E+02
 -1        16 7.32379E+05-1.21873E+01 1.80351E+01-5.12018E+04 3.66365E+01 4.88589E+02
 -1        17 8.78820E+05-9.62855E+01-4.46833E+01-5.12197E+04-1.54110E+01 4.82879E+02
 -1        18 1.02551E+06 1.98695E+02 1.08428E+02-5.11582E+04 7.55739E+01 5.20980E+02
 -1        19 1.17143E+06-1.06742E+02-1.71435E+02-5.15041E+04-1.95456E+02 3.29818E+02
 -1        20 1.32154E+06 3.20897E+03 1.75228E+03-5.05555E+04 9.75784E+02 1.10837E+03
 -1        21 1.46410E+06 7.58662E+03 1.43713E+03-5.55621E+04-1.46367E+03-2.13899E+03
 -1        22 1.70178E+06 1.49665E+05 7.15988E+04-5.53165E+04 1.50838E+04 6.05094E+04
 -1        23 7.32477E+04 1.93803E+02 1.71561E+03-4.19930E+04-1.47519E+03 5.00459E+02
 -1        24 2.20487E+05 1.92358E+03 2.51737E+02-4.28127E+04 5.07413E+02 5.40382E+02
 -1        25 3.66246E+05-4.78799E+02-5.85254E+01-4.37867E+04-8.29404E+01 5.06790E+02
 -1        26 5.12735E+05 1.66147E+02 2.71888E+01-4.35388E+04 2.37302E+01 4.78593E+02
 -1        27 6.59187E+05-6.58220E+01 9.18831E-01-4.35936E+04 5.65434E-01 4.85913E+02
 -1        28 8.05693E+05-2.38606E+01 1.52626E+00-4.35856E+04-4.79143E+00 4.80672E+02
 -1        29 9.52254E+05 3.35012E+01 1.98331E+01-4.35788E+04 1.31459E+01 4.90093E+02
 -1        30 1.09856E+06-6.10991E+01-8.05392E+01-4.36274E+04-3.83681E+01 4.62746E+02
 -1        31 1.24553E+06 7.95472E+01 1.23261E+02-4.34572E+04 1.53326E+02 6.76241E+02
 -1        32 1.38944E+06-2.70849E+03-1.18795E+03-4.36591E+04-9.31505E+02-5.00827E+02
 -1        33 1.52953E+06-2.43221E+03-3.74026E+03-4.38042E+04 1.58849E+03 4.52204E+03
 -1        34 1.55270E+06-1.44732E+05-5.05168E+04 9.41092E+03-1.61468E+04-6.56843E+04
 -1        35 1.70261E+06 6.62152E+05 6.62151E+05-1.50458E+05-1.15153E-04-9.03172E+00
 -1        36 1.82599E+06 7.10076E+05 7.10078E+05-1.13178E+05-1.42772E-02 1.54938E+05
 -1        37 1.82599E+06 7.10079E+05 7.10081E+05-1.13183E+05 1.44048E-02-1.54954E+05
 -1        38 1.40718E+05 3.08026E+02-2.33669E+03-4.65695E+04-9.43917E+00 2.65094E+02
 -1        39 2.92896E+05-2.10320E+03-3.53197E+02-5.20206E+04 3.34973E+02-3.68772E+02
 -1        40 4.39378E+05 4.30240E+02 3.61436E+01-5.09646E+04 8.85494E+00-4.85733E+02
 -1        41 5.85884E+05-2.09449E+02-4.64111E+01-5.13044E+04 2.92421E+01-4.74209E+02
 -1        42 7.32389E+05-5.63991E+00 1.52077E-01-5.12136E+04-5.26015E+01-4.89973E+02
 -1        43 8.78841E+05 9.62385E+01 3.49519E+00-5.12076E+04-4.01270E-01-4.75916E+02
 -1        44 1.02552E+06 1.61239E+02 1.19252E+02-5.11470E+04-6.00401E+01-5.27348E+02
 -1        45 1.17148E+06-4.61126E+01-1.34722E+02-5.15058E+04 1.95037E+02-3.34317E+02
 -1        46 1.32154E+06 3.27913E+03 1.76240E+03-5.05766E+04-9.96412E+02-1.10969E+03
 -1        47 1.46408E+06 7.53869E+03 1.43192E+03-5.55299E+04 1.49590E+03 2.15058E+03
 -1        48 1.70180E+06 1.49661E+05 7.16167E+04-5.53271E+04-1.50128E+04-6.05078E+04
 -1        49 7.33238E+04 1.79498E+02 1.71578E+03-4.20132E+04 1.50394E+03-5.03156E+02
 -1        50 2.20523E+05 1.94712E+03 2.61187E+02-4.28004E+04-4.93312E+02-5.29688E+02
 -1        51 3.66203E+05-4.96675E+02-6.33975E+01-4.37357E+04 1.20312E+02-5.13135E+02
 -1        52 5.12731E+05 1.19106E+02 7.97747E+00-4.35251E+04-2.41888E+00-4.70907E+02
 -1        53 6.59204E+05-8.52093E+01-2.02143E+01-4.36291E+04 3.58744E+00-4.87094E+02
 -1        54 8.05708E+05 5.96063E+01 4.94801E+00-4.35785E+04-4.39501E+00-4.80943E+02
 -1        55 9.52238E+05 7.55900E+01 2.50796E+01-4.35615E+04-2.14023E+01-4.85068E+02
 -1        56 1.09857E+06-6.80937E+01-8.18522E+01-4.36196E+04 3.35920E+01-4.59004E+02
 -1        57 1.24557E+06 1.68337E+02 1.35502E+02-4.34801E+04-1.72244E+02-6.87923E+02
 -1        58 1.38942E+06-2.71487E+03-1.20000E+03-4.36409E+04 9.34231E+02 5.07675E+02
 -1        59 1.52950E+06-2.53934E+03-3.77443E+03-4.37869E+04-1.55828E+03-4.51569E+03
 -1        60 1.55268E+06-1.44783E+05-5.05354E+04 9.39613E+03 1.61675E+04 6.56794E+04
 -1        61 1.05363E+03-4.06121E+04-3.18359E+03-3.48214E+04-2.90536E+03 2.04992E+03
 -1        62 1.99641E+04-2.37861E+04 3.20313E+03-1.17817E+04-1.90382E+01-5.48816E+00
 -1        63 1.70194E+04-2.71482E+04-7.82319E+01-1.13415E+04 1.93653E+02-1.94392E+03
 -1        64 1.70084E+04-2.71412E+04-6.22065E+01-1.13430E+04-2.09473E+02 1.94955E+03
 -1        65 1.12301E+03-4.05529E+04-3.18502E+03-3.49205E+04 2.94996E+03-2.02588E+03
 -1        66 1.94638E+05-8.55851E+03-2.83434E+03-5.92408E+03-1.32936E+02 1.82467E+03
 -1        67 3.90761E+05 1.04965E+03 1.54894E+02-6.48846E+03-2.53946E+02 3.12913E+03
 -1        68 5.85887E+05-4.73244E+02-1.59307E+02-7.49389E+03 3.07462E+01 3.08870E+03
 -1        69 7.81174E+05 1.24370E+02 5.97503E+01-7.27971E+03-2.27111E+01 3.08445E+03
 -1        70 9.76529E+05-6.64442E+01-1.80947E+01-7.36370E+03-4.16678E+00 3.02721E+03
 -1        71 1.17185E+06 1.14456E+01 2.53896E+01-7.31822E+03 1.79545E+01 3.07070E+03
 -1        72 1.36694E+06-3.14126E+02-1.87960E+02-7.38571E+03 1.90572E+01 3.06348E+03
 -1        73 1.56322E+06 1.04322E+03 4.64553E+02-7.08616E+03 9.10761E+00 3.06106E+03
 -1        74 1.75652E+06-9.25432E+02-5.88142E+02-7.31371E+03 5.47724E+02 3.46190E+03
 -1        75 1.95986E+06 1.93951E+04 9.87545E+03-3.00669E+03 8.54112E+02 2.78245E+03
 -1        76 2.13876E+06 7.07766E+04 1.66559E+04 2.47259E+04 1.85906E+04 6.74319E+04
 -1        77 1.12778E+05 1.21334E+04 4.15492E+03 3.13823E+03-4.91721E+02 1.66778E+03
 -1        78 2.91987E+05-2.34616E+03-5.86881E+02-1.16835E+03 3.77827E+02 3.14291E+03
 -1        79 4.88720E+05 8.02570E+02 2.78741E+02 6.36853E+02-6.31726E+01 2.98970E+03
 -1        80 6.83558E+05-1.48093E+02-5.22618E+01 1.96072E+02 1.44154E+01 3.07042E+03
 -1        81 8.78959E+05 7.93120E+01 2.53583E+01 3.22155E+02-2.03402E+01 3.06262E+03
 -1        82 1.07425E+06-1.63611E+01-1.47949E+01 2.78968E+02-8.79563E+00 3.06017E+03
 -1        83 1.26953E+06-1.47621E+02-6.45987E+01 2.58044E+02 3.30738E+00 3.08102E+03
 -1        84 1.46501E+06 2.12220E+02 8.28293E+01 3.64748E+02 1.75644E+01 3.03020E+03
 -1        85 1.65954E+06-1.24790E+03-7.68464E+02 2.37346E+01 1.22550E+01 3.26079E+03
 -1        86 1.85757E+06 2.01555E+03 2.26549E+03 4.86550E+02-6.70692E+02 1.45824E+03
 -1        87 2.03643E+06-2.21751E+04-1.82415E+04-5.51466E+03 3.39955E+02 9.45361E+03
 -1        88 2.15890E+06-4.82412E+04 1.97783E+04-1.24471E+04-1.95913E+04-1.03764E+05
 -1        89 2.64525E+06 1.02873E+06 1.02873E+06-3.30754E+05-6.49972E-05-9.05437E+00
 -1        90 2.75215E+06 1.07025E+06 1.07025E+06-2.97258E+05 1.32673E-02 1.95243E+05
 -1        91 2.75211E+06 1.07023E+06 1.07024E+06-2.97256E+05-1.30064E-02-1.95265E+05
 -1        92 1.94765E+05-8.45120E+03-2.82995E+03-5.91588E+03 9.33473E+01-1.87186E+03
 -1        93 3.90734E+05 1.08695E+03 1.04892E+02-6.52067E+03 2.44046E+02-3.12211E+03
 -1        94 5.85874E+05-4.71327E+02-1.28997E+02-7.53358E+03-2.99357E+01-3.08139E+03
 -1        95 7.81232E+05 2.08738E+02 7.14463E+01-7.27068E+03 2.16711E+01-3.06878E+03
 -1        96 9.76564E+05-2.93824E+01 6.47584E+01-7.34638E+03-1.95883E+01-3.04779E+03
 -1        97 1.17185E+06-9.14184E+00 4.75611E+01-7.31863E+03-3.57700E+01-3.06655E+03
 -1        98 1.36695E+06-2.38450E+02-1.20148E+02-7.39335E+03 1.88333E+01-3.05665E+03
 -1        99 1.56323E+06 1.04165E+03 4.63069E+02-7.10172E+03 1.94770E+01-3.07431E+03
 -1       100 1.75651E+06-9.97686E+02-6.22697E+02-7.30700E+03-5.64542E+02-3.46119E+03
 -1       101 1.95989E+06 1.94518E+04 9.89174E+03-3.00989E+03-8.60419E+02-2.76998E+03
 -1       102 2.13874E+06 7.08763E+04 1.66731E+04 2.47372E+04-1.85732E+04-6.74345E+04
 -1       103 1.12830E+05 1.21040E+04 4.15446E+03 3.15211E+03 4.75285E+02-1.69294E+03
 -1       104 2.92038E+05-2.31528E+03-6.06422E+02-1.18545E+03-4.01973E+02-3.16165E+03
 -1       105 4.88677E+05 7.84429E+02 2.64621E+02 6.24878E+02 5.31630E+01-2.97749E+03
 -1       106 6.83569E+05-1.50874E+02-3.33019E+01 1.91802E+02-2.42148E+01-3.05247E+03
 -1       107 8.78995E+05 1.15266E+02 5.22752E+01 3.26074E+02 9.32695E+00-3.06506E+03
 -1       108 1.07426E+06-2.17124E+01 3.83346E+01 2.88859E+02-3.31695E+00-3.08383E+03
 -1       109 1.26951E+06-1.50511E+02-3.55109E+01 2.65131E+02 1.74716E+00-3.05880E+03
 -1       110 1.46503E+06 2.43464E+02 1.13293E+02 3.57950E+02 4.52337E+00-3.03387E+03
 -1       111 1.65956E+06-1.25370E+03-7.70916E+02 8.23797E+00-1.83929E+01-3.29163E+03
 -1       112 1.85754E+06 1.98598E+03 2.25333E+03 4.93992E+02 6.57861E+02-1.43801E+03
 -1       113 2.03644E+06-2.21551E+04-1.82263E+04-5.50918E+03-3.46495E+02-9.43459E+03
 -1       114 2.15891E+06-4.82187E+04 1.97882E+04-1.24445E+04 1.95903E+04 1.03737E+05
 -1       115 2.41316E+06 9.38422E+05 9.38424E+05-1.41290E+05-1.04208E-01-3.51151E+05
 -1       116 2.41319E+06 9.38434E+05 9.38436E+05-1.41296E+05 1.04364E-01 3.51133E+05
 -1       117 1.42490E+05 5.82225E+02-6.97835E+02-4.04227E+04 1.34942E+01-1.57539E+01
 -1       118 2.92607E+05-2.33050E+03-7.45713E+02-4.54627E+04 1.64841E+01-7.31585E+00
 -1       119 4.39460E+05 4.70567E+02 1.58727E+02-4.45184E+04-3.42580E+00 1.04847E+01
 -1       120 5.85889E+05-1.22411E+02-5.17284E+01-4.47511E+04-4.88960E+00 3.12544E+00
 -1       121 7.32393E+05 6.80443E+01 1.35790E+01-4.47102E+04-2.50620E+01-7.19694E+00
 -1       122 8.78792E+05-1.31764E+02-4.93363E+01-4.47140E+04-2.52986E+01 7.59581E-01
 -1       123 1.02548E+06 1.31416E+02 1.10327E+02-4.47289E+04-4.52763E+00 1.46957E+01
 -1       124 1.17133E+06-4.26762E+02-4.10980E+02-4.46744E+04-1.29245E+01-9.07449E+00
 -1       125 1.32077E+06 2.91046E+03 2.02608E+03-4.51336E+04-8.18737E+00-1.27637E+01
 -1       126 1.46204E+06-1.49482E+03-4.12905E+03-4.31362E+04-3.74472E+00 1.10948E+01
 -1       127 1.82349E+06 1.55783E+05 1.20589E+05-6.19117E+04 1.62863E+01 9.99385E-01
 -1       128 7.60468E+04-2.49541E+03-5.15886E+02-3.70608E+04 2.16545E+01-3.28619E-01
 -1       129 1.42563E+05 9.14679E+02-1.12305E+03-4.23847E+04 1.50184E+02-6.13258E+00
 -1       130 2.20780E+05 2.37587E+03 8.64570E+02-3.64604E+04 2.15752E+01-5.41831E+00
 -1       131 2.92745E+05-2.20091E+03-5.59633E+02-4.71960E+04 1.12634E+02-5.00962E+02
 -1       132 3.66166E+05-5.82230E+02-1.84343E+02-3.72845E+04 1.03422E+00 3.91133E+00
 -1       133 4.39464E+05 4.47467E+02 1.00227E+02-4.62821E+04 1.40714E+01-5.45849E+02
 -1       134 5.12751E+05 1.84087E+02 6.31154E+01-3.70232E+04-2.88208E+00 8.23976E+00
 -1       135 5.85942E+05-1.85000E+02-5.73997E+01-4.65437E+04 1.57189E+00-5.37491E+02
 -1       136 6.59202E+05-5.26283E+01-2.22321E+01-3.71015E+04-1.21875E+01-3.50936E+00
 -1       137 7.32490E+05 8.83399E+01 3.11472E+01-4.64738E+04-1.96360E+01-5.49622E+02
 -1       138 8.05690E+05 1.08720E+00-4.63855E+00-3.70853E+04-1.56649E+01-3.71282E+00
 -1       139 8.78896E+05-7.08195E+01-3.99206E+01-4.64871E+04-1.90445E+01-5.40933E+02
 -1       140 9.52213E+05-3.60308E+01 6.74854E+00-3.70907E+04-1.68851E+01 8.76116E+00
 -1       141 1.02563E+06 2.70716E+02 1.54098E+02-4.64606E+04-5.35463E+00-5.45092E+02
 -1       142 1.09858E+06-9.70243E+01-1.38305E+02-3.70203E+04-8.88489E+00 5.18398E+00
 -1       143 1.17150E+06-6.17779E+02-3.81365E+02-4.65613E+04-4.32696E+01-5.40443E+02
 -1       144 1.24558E+06 1.58331E+02 3.73613E+02-3.74535E+04-2.85751E+00-1.29759E+01
 -1       145 1.32098E+06 3.98952E+03 2.05740E+03-4.66553E+04-5.09813E+01-5.71462E+02
 -1       146 1.39041E+06-1.72208E+03-1.58102E+03-3.58142E+04 2.35906E+00 3.50527E-01
 -1       147 1.46613E+06 1.71853E+03-8.96244E+02-4.65869E+04-9.37708E+02-9.55390E+02
 -1       148 1.52903E+06 1.51907E+03 2.59768E+03-4.42438E+04 5.55449E+00 6.22510E+00
 -1       149 1.76570E+06 1.55762E+05 9.77705E+04-6.46428E+04-5.71075E+02-2.11533E+04
 -1       150 1.57383E+06-1.21026E+05-3.13661E+04-3.07877E+04 5.35872E+00-1.23696E+00
 -1       151 1.42530E+05 9.06407E+02-1.12336E+03-4.23772E+04-1.46099E+02-1.01498E+01
 -1       152 2.92749E+05-2.20568E+03-5.57746E+02-4.72086E+04-8.61095E+01 4.91209E+02
 -1       153 4.39469E+05 4.22998E+02 9.43222E+01-4.63022E+04 1.35905E+01 5.48624E+02
 -1       154 5.85937E+05-1.60427E+02-5.77088E+01-4.65371E+04-6.47800E+00 5.44735E+02
 -1       155 7.32472E+05 5.56519E+01 2.38773E+01-4.64625E+04-1.29823E+00 5.42304E+02
 -1       156 8.78895E+05-1.28057E+02-5.30721E+01-4.64872E+04-5.98081E+00 5.44341E+02
 -1       157 1.02562E+06 2.78406E+02 1.48346E+02-4.64672E+04 1.14526E+01 5.56511E+02
 -1       158 1.17149E+06-6.21738E+02-3.96987E+02-4.65629E+04 2.93310E+01 5.29691E+02
 -1       159 1.32098E+06 3.95303E+03 2.04894E+03-4.66488E+04 3.59739E+01 5.57790E+02
 -1       160 1.46612E+06 1.71138E+03-9.10420E+02-4.65947E+04 9.46146E+02 9.71992E+02
 -1       161 1.76570E+06 1.55792E+05 9.77689E+04-6.46375E+04 6.18953E+02 2.11552E+04
 -1       162 5.28432E+03-4.26162E+04-3.85644E+03-3.41999E+04 1.29110E+00 1.13735E+01
 -1       163 1.96564E+05-8.56468E+03-3.24266E+03-5.44603E+03-2.29142E+01-3.27656E+00
 -1       164 3.90793E+05 1.11132E+03 2.48688E+02-5.65549E+03-9.83318E+00-1.52120E+00
 -1       165 5.85853E+05-4.86144E+02-1.60265E+02-6.68929E+03-2.43936E+00 8.50774E+00
 -1       166 7.81249E+05 1.42181E+02 7.18361E+01-6.51168E+03 1.27201E+01-2.45265E+00
 -1       167 9.76503E+05-1.44854E+02-2.56153E+01-6.56354E+03 9.85162E+00-9.20456E+00
 -1       168 1.17185E+06 1.59003E+02 1.63030E+01-6.54560E+03 1.23394E+01 1.08830E+01
 -1       169 1.36694E+06-2.77272E+02-1.50026E+02-6.53913E+03-2.81325E+00 1.80707E+01
 -1       170 1.56347E+06 1.28069E+03 5.17209E+02-6.54574E+03 5.96466E+00-1.47353E+01
 -1       171 1.75575E+06-2.33343E+03-6.08329E+02-5.67189E+03-6.49387E-02-1.62382E+01
 -1       172 1.95982E+06 1.50275E+04 5.13183E+03-7.32853E+03-1.06478E+01 1.89777E+01
 -1       173 2.24068E+06 5.62043E+04 6.31871E+04 4.13700E+04-2.02759E+01 1.86670E+00
 -1       174 1.96265E+05-8.17711E+03-2.77927E+03-4.70191E+03 1.04344E+02-1.47969E+03
 -1       175 1.17713E+05 1.21086E+04 6.57335E+03 3.80173E+03-9.57655E+00-3.12143E+00
 -1       176 3.90682E+05 1.08886E+03 1.48560E+02-4.53783E+03 4.22907E+01-2.36835E+03
 -1       177 2.91922E+05-2.17511E+03-9.88943E+02-4.42644E+02-6.46730E+00-4.88439E+00
 -1       178 5.85936E+05-4.71327E+02-1.32700E+02-5.64997E+03-1.71934E+00-2.29051E+03
 -1       179 4.88697E+05 7.71799E+02 3.09903E+02 1.39054E+03-9.28869E+00 4.06112E+00
 -1       180 7.81293E+05 1.60232E+02 7.97202E+01-5.40931E+03 9.83909E+00-2.29198E+03
 -1       181 6.83530E+05-1.98357E+02-6.78694E+01 9.92387E+02 9.72241E+00 5.31829E+00
 -1       182 9.76635E+05-2.98614E+01 4.12577E+01-5.46543E+03 3.91473E+00-2.29350E+03
 -1       183 8.78911E+05-4.69049E+01-2.48516E+01 1.09729E+03 1.53371E+01-8.48453E+00
 -1       184 1.17192E+06 1.76043E+01 5.33778E+00-5.46137E+03-7.15860E+00-2.28175E+03
 -1       185 1.07427E+06 3.58851E+01-4.67595E+00 1.06643E+03 2.15962E+01-3.50397E+00
 -1       186 1.36708E+06-1.32633E+02-9.49072E+01-5.47476E+03 1.51532E+00-2.27165E+03
 -1       187 1.26954E+06-6.51819E+01-5.18254E+01 1.10349E+03 4.35821E+00 1.97412E+01
 -1       188 1.56346E+06 7.84246E+02 3.85406E+02-5.33379E+03-2.06282E+01-2.35832E+03
 -1       189 1.46517E+06 4.86338E+02 1.73219E+02 1.03863E+03 2.00865E+00 2.53706E+00
 -1       190 1.75586E+06-8.09626E+02-4.97093E+02-5.20052E+03-1.76659E+02-2.13883E+03
 -1       191 1.65919E+06-1.66525E+03-7.29629E+02 1.32060E+03 8.83484E+00-2.41609E+01
 -1       192 1.96361E+06 1.62058E+04 8.23595E+03-2.46165E+03-1.80380E+03-3.85853E+03
 -1       193 1.85906E+06 4.61668E+03 1.95712E+03-2.95534E+02 3.87119E+00 7.14363E+00
 -1       194 2.19304E+06 6.66877E+04 4.17076E+04 2.69249E+04-6.74590E+03-2.39207E+04
 -1       195 2.03657E+06-2.25040E+04-9.00583E+03 3.10371E+03-1.15025E+01 1.68923E+01
 -1       196 2.17726E+06-3.21092E+04 4.04740E+04-4.48720E+04-1.03282E+01-1.23686E+01
 -1       197 1.96220E+05-8.18367E+03-2.76418E+03-4.68604E+03-1.53417E+02 1.45362E+03
 -1       198 3.90697E+05 1.07931E+03 1.64243E+02-4.51922E+03-7.02229E+01 2.36907E+03
 -1       199 5.85935E+05-4.94085E+02-1.61092E+02-5.63443E+03 6.44096E+00 2.30281E+03
 -1       200 7.81260E+05 1.28867E+02 4.61161E+01-5.42161E+03-1.09323E+01 2.29672E+03
 -1       201 9.76603E+05-7.62173E+01-9.36130E+00-5.46941E+03 6.16966E+00 2.27200E+03
 -1       202 1.17194E+06 7.47332E+01 2.36501E+01-5.45573E+03 1.87697E+01 2.29498E+03
 -1       203 1.36707E+06-1.80758E+02-1.28464E+02-5.47152E+03 1.74754E+01 2.29412E+03
 -1       204 1.56347E+06 8.12505E+02 3.91277E+02-5.32903E+03 4.00806E+01 2.33745E+03
 -1       205 1.75586E+06-7.68129E+02-4.64533E+02-5.20588E+03 1.71679E+02 2.12307E+03
 -1       206 1.96358E+06 1.61429E+04 8.20313E+03-2.45276E+03 1.78607E+03 3.88435E+03
 -1       207 2.19306E+06 6.66635E+04 4.16991E+04 2.69183E+04 6.73038E+03 2.39209E+04
 -1       208 2.16788E+06 8.43033E+05 8.43035E+05-2.38263E+05 1.37084E-04-7.83367E+00
 -1       209 1.67093E+05-4.32333E+03-2.81694E+03-2.65286E+04 3.84713E+01-5.42867E+02
 -1       210 3.42097E+05-4.13619E+02-3.73866E+01-2.93788E+04 2.89427E+02-1.45958E+03
 -1       211 5.12602E+05-4.95683E+01-7.96445E+01-2.94268E+04-1.08654E+01-1.50233E+03
 -1       212 6.83642E+05 7.83795E+00 1.94232E+01-2.94450E+04 2.85576E+01-1.48079E+03
 -1       213 8.54544E+05-2.28141E+01 2.35219E+01-2.94452E+04-3.33194E+01-1.48356E+03
 -1       214 1.02543E+06 3.90234E+01 1.71475E+01-2.94264E+04-2.54184E+01-1.48508E+03
 -1       215 1.19636E+06-3.04146E+01 8.73213E+00-2.94281E+04-2.04151E+01-1.51408E+03
 -1       216 1.36743E+06 4.80908E+02 1.50802E+02-2.94784E+04 9.90566E+01-1.39046E+03
 -1       217 1.53932E+06 1.19783E+03 6.21261E+02-2.90640E+04-7.62919E+02-2.12651E+03
 -1       218 1.71215E+06 1.34946E+04 5.64352E+03-2.96257E+04 2.42883E+02 4.75495E+02
 -1       219 1.91852E+06 1.09648E+05 4.38291E+04-1.45410E+04-1.65084E+04-6.52011E+04
 -1       220 1.66971E+05-4.43931E+03-2.85533E+03-2.65448E+04-6.13340E+01 5.19909E+02
 -1       221 3.42115E+05-4.51832E+02-2.42624E+01-2.93752E+04-2.70727E+02 1.45660E+03
 -1       222 5.12624E+05-4.83393E+01-7.32115E+01-2.94234E+04 3.52329E+01 1.49485E+03
 -1       223 6.83589E+05-3.77573E+01 2.53346E+00-2.94350E+04-1.42820E+01 1.49546E+03
 -1       224 8.54530E+05-3.69084E+01 9.15424E+00-2.94463E+04 1.33698E+01 1.47480E+03
 -1       225 1.02542E+06-4.36898E+01-1.11902E+01-2.94328E+04 4.70290E+00 1.49048E+03
 -1       226 1.19635E+06-5.00134E+01-3.16638E+01-2.94308E+04 4.89913E+01 1.51359E+03
 -1       227 1.36740E+06 4.49427E+02 1.29374E+02-2.94684E+04-8.57661E+01 1.38100E+03
 -1       228 1.53933E+06 1.20027E+03 6.36028E+02-2.90575E+04 7.41716E+02 2.12578E+03
 -1       229 1.71215E+06 1.34934E+04 5.64644E+03-2.96416E+04-2.28250E+02-4.66145E+02
 -1       230 1.91852E+06 1.09597E+05 4.38030E+04-1.45408E+04 1.65548E+04 6.52028E+04
 -1       231 1.68731E+05-4.30189E+03-2.26706E+03-2.32282E+04-4.72168E+00-9.37371E+00
 -1       232 3.41967E+05-5.20693E+02-1.67880E+02-2.56682E+04 3.55510E+00-5.13364E+00
 -1       233 5.12633E+05-3.52267E+01-2.89055E+01-2.57825E+04-3.11739E+00 8.20722E+00
 -1       234 6.83648E+05 1.70963E+01 1.78818E+01-2.57898E+04 4.67461E+00 1.94563E+00
 -1       235 8.54522E+05-3.88420E+01-4.88208E+00-2.57989E+04-7.64997E+00-7.10649E+00
 -1       236 1.02541E+06 1.34044E+01-1.87963E+01-2.57923E+04-8.43039E+00 4.92217E+00
 -1       237 1.19631E+06-7.59183E+01-2.21452E+01-2.57917E+04-2.73839E+00 1.56111E+01
 -1       238 1.36759E+06 4.53360E+02 8.20711E+01-2.57899E+04-3.87604E+00-1.20653E+01
 -1       239 1.53813E+06 1.83802E+02 5.99040E+02-2.55049E+04-5.36605E+00-1.41801E+01
 -1       240 1.71247E+06 7.30071E+03 1.02072E+03-2.56683E+04-6.35974E+00 1.32448E+01
 -1       241 2.03106E+06 1.05654E+05 9.18510E+04-9.53933E+03-8.82747E-01 2.09748E+00
 -1       242-2.75432E+06-1.07114E+06-1.07114E+06-2.03973E+05-3.54964E-02-4.21506E+05
 -1       243-2.75430E+06-1.07113E+06-1.07113E+06-2.03962E+05 3.54693E-02 4.21516E+05
 -1       244-6.94379E+03 4.52961E+04 3.56331E+03-2.91669E+04 1.36096E+02-2.99495E+03
 -1       245-6.92925E+03 4.53265E+04 3.57957E+03-2.91607E+04-1.29578E+02 2.98831E+03
 -1       246-9.16304E+03-5.85688E+04-4.52403E+03-6.96951E+04 2.83973E+03 1.77742E+03
 -1       247-9.07410E+03-5.85653E+04-4.55030E+03-6.98072E+04-2.73228E+03-1.76116E+03
 -1       248 1.96103E+06 7.62634E+05 7.62633E+05-4.93710E+04 1.04374E-01-3.10669E+05
 -1       249 1.96102E+06 7.62628E+05 7.62628E+05-4.93708E+04-1.04880E-01 3.10654E+05
 -1       250-2.47418E+06-9.62198E+05-9.62197E+05-3.13547E+05-5.41574E-05 3.37845E+00
 -1       251-2.60791E+06-1.01417E+06-1.01417E+06-2.72184E+05 2.74472E-01-2.10105E+05
 -1       252-2.60791E+06-1.01417E+06-1.01417E+06-2.72180E+05-2.74383E-01 2.10113E+05
 -1       253-2.15102E+06 4.82407E+04 4.19092E+03 1.51624E+04 2.56498E+04-7.82745E+04
 -1       254-1.95127E+06-2.27337E+04-8.17017E+03-1.40847E+04-3.12191E+03-1.07512E+03
 -1       255-1.75694E+06 6.21626E+03 2.07611E+03-2.11838E+04 1.02259E+03-2.82868E+03
 -1       256-1.56276E+06-1.60510E+03-4.93260E+02-2.00585E+04-2.58125E+02-2.37366E+03
 -1       257-1.36705E+06 3.85022E+02 1.17610E+02-2.03608E+04 7.67695E+01-2.41359E+03
 -1       258-1.17190E+06-9.98216E+01-5.08948E+01-2.02674E+04-1.66349E+01-2.40049E+03
 -1       259-9.76552E+05 2.70523E+01 4.32655E+01-2.02850E+04-3.20728E-01-2.39870E+03
 -1       260-7.81197E+05-6.72188E+00-1.63388E+01-2.02709E+04-2.88142E+00-2.38269E+03
 -1       261-5.86062E+05-5.16664E+01 3.16843E+01-2.03613E+04 1.63471E+01-2.44793E+03
 -1       262-3.90061E+05-5.80233E+01 1.43878E+01-2.00324E+04-7.03822E+01-2.36037E+03
 -1       263-1.95417E+05 3.15828E+03 1.55652E+03-1.42450E+04 4.53657E+02-4.88579E+02
 -1       264-2.21589E+06-1.25635E+05-5.49853E+04-7.17232E+04-3.64457E+04 9.66528E+04
 -1       265-2.03113E+06 4.05814E+04 1.86999E+04-5.09770E+03 7.11272E+03-5.72850E+03
 -1       266-1.85664E+06-8.42270E+03-3.50295E+03-1.13057E+04-1.61996E+03-1.20247E+03
 -1       267-1.66037E+06 1.89431E+03 6.59468E+02-1.06497E+04 3.62606E+02-2.54289E+03
 -1       268-1.46479E+06-4.49993E+02-1.20292E+02-1.06696E+04-9.36006E+01-2.39653E+03
 -1       269-1.26959E+06 1.21144E+02 2.02936E+01-1.06900E+04 2.95326E+01-2.41152E+03
 -1       270-1.07425E+06-1.40374E+01 1.21185E+01-1.06571E+04-1.71105E+01-2.39525E+03
 -1       271-8.78946E+05-1.10368E+01 5.71211E+00-1.06690E+04 5.01680E-01-2.39606E+03
 -1       272-6.83611E+05-1.25736E+01 1.57964E+01-1.06801E+04 8.75490E+00-2.39897E+03
 -1       273-4.88210E+05-5.12017E+01-3.57785E+00-1.06309E+04-4.03336E+01-2.37532E+03
 -1       274-2.93525E+05 4.18727E+02-1.41488E+02-1.09164E+04 1.32053E+02-2.54745E+03
 -1       275-1.10788E+05-9.46872E+03-2.75878E+03-9.57581E+03-1.63129E+03-8.77377E+02
 -1       276-1.21246E+04 4.82850E+04 5.40596E+03-2.70653E+04-3.61724E+00 9.40489E+00
 -1       277-1.02352E+04 5.00773E+04 5.22666E+03-2.61839E+04 4.50832E+02 2.73108E+03
 -1       278-1.02409E+04 5.00719E+04 5.19173E+03-2.61891E+04-4.48131E+02-2.72648E+03
 -1       279-2.15102E+06 4.82667E+04 4.19095E+03 1.51704E+04-2.56478E+04 7.82786E+04
 -1       280-1.95125E+06-2.27271E+04-8.17150E+03-1.40840E+04 3.12251E+03 1.05906E+03
 -1       281-1.75692E+06 6.21314E+03 2.09363E+03-2.11878E+04-1.01919E+03 2.83472E+03
 -1       282-1.56277E+06-1.59994E+03-5.02387E+02-2.00668E+04 2.56588E+02 2.37396E+03
 -1       283-1.36707E+06 3.94756E+02 1.27279E+02-2.03519E+04-7.53921E+01 2.40201E+03
 -1       284-1.17188E+06-9.57527E+01-4.42831E+01-2.02771E+04 1.74327E+01 2.41043E+03
 -1       285-9.76526E+05 3.71855E+01 3.51172E+01-2.02863E+04 5.59420E+00 2.38854E+03
 -1       286-7.81213E+05 6.25889E+00-2.53870E+00-2.02875E+04 2.93553E+00 2.40808E+03
 -1       287-5.86105E+05-5.03738E+01-1.01481E+01-2.03393E+04-1.74423E+01 2.44337E+03
 -1       288-3.90046E+05-4.60300E+01 3.14967E+01-2.00249E+04 6.74184E+01 2.35507E+03
 -1       289-1.95371E+05 3.14524E+03 1.57043E+03-1.42465E+04-4.65538E+02 5.05278E+02
 -1       290-2.21590E+06-1.25632E+05-5.49928E+04-7.17272E+04 3.64491E+04-9.66419E+04
 -1       291-2.03112E+06 4.05935E+04 1.87032E+04-5.09039E+03-7.10722E+03 5.72325E+03
 -1       292-1.85664E+06-8.43011E+03-3.50205E+03-1.13005E+04 1.62157E+03 1.18806E+03
 -1       293-1.66036E+06 1.89739E+03 6.62013E+02-1.06646E+04-3.63995E+02 2.55702E+03
 -1       294-1.46481E+06-4.43545E+02-1.11242E+02-1.06699E+04 9.69899E+01 2.39324E+03
 -1       295-1.26959E+06 1.16942E+02 2.04601E+01-1.06746E+04-2.44034E+01 2.39427E+03
 -1       296-1.07423E+06-5.59950E+00 3.30359E+00-1.06715E+04 2.07765E+01 2.40015E+03
 -1       297-8.78936E+05-6.81846E+00-1.91574E+00-1.06834E+04-1.82488E+00 2.40475E+03
 -1       298-6.83643E+05-1.29000E+01 7.07751E+00-1.06727E+04-1.11343E+01 2.42172E+03
 -1       299-4.88223E+05-5.17254E+01-2.31109E+00-1.06108E+04 4.26592E+01 2.36097E+03
 -1       300-2.93519E+05 4.01260E+02-1.44689E+02-1.09127E+04-1.42052E+02 2.55139E+03
 -1       301-1.10751E+05-9.46314E+03-2.75040E+03-9.57791E+03 1.63480E+03 8.88504E+02
 -1       302 4.27004E+03 1.88222E+04 8.48680E+02-1.05784E+05 6.98959E+03-3.28477E+02
 -1       303 1.55214E+04 5.28475E+04 6.06989E+03-6.99831E+04 2.86280E+03-1.83897E+03
 -1       304-1.31411E+04-3.85592E+04-4.35939E+03-8.70759E+04 5.20782E+03 1.22362E+03
 -1       305-7.93134E+03-6.76540E+04-1.23138E+04-6.52841E+04 2.53616E+01 2.41383E+01
 -1       306-7.73770E+03-6.52567E+04-8.82194E+03-6.49950E+04-1.47589E+03-1.46570E+03
 -1       307-7.77356E+03-6.52895E+04-8.81043E+03-6.49403E+04 1.55239E+03 1.49705E+03
 -1       308 4.23688E+03 1.86524E+04 8.49338E+02-1.05742E+05-6.99891E+03 3.09669E+02
 -1       309 1.55416E+04 5.28504E+04 6.09026E+03-6.99751E+04-2.88290E+03 1.82597E+03
 -1       310-1.31278E+04-3.87231E+04-4.42803E+03-8.71016E+04-5.12582E+03-1.22548E+03
 -1       311 1.42566E+05 5.23493E+03-4.24027E+02-5.94963E+04 5.03418E+02-2.63973E+02
 -1       312 2.93110E+05-1.62923E+03-1.76136E+02-6.32597E+04-3.39351E+01 3.63351E+02
 -1       313 4.39428E+05 4.38358E+02 6.37189E+01-6.32578E+04 4.43712E+01 4.70120E+02
 -1       314 5.85889E+05-1.47338E+02-4.97609E+01-6.32018E+04-2.29093E+01 4.82520E+02
 -1       315 7.32412E+05 1.06958E+01 2.69344E+01-6.32179E+04 1.28330E+01 4.88641E+02
 -1       316 8.78931E+05 1.14780E+02 3.73978E+01-6.31936E+04-1.57642E+01 4.82931E+02
 -1       317 1.02536E+06-2.77968E+02-7.69416E+01-6.32816E+04 1.41788E+02 5.21031E+02
 -1       318 1.17210E+06 1.52548E+03 4.63318E+02-6.30306E+04-3.20985E+02 3.29871E+02
 -1       319 1.31810E+06-5.75029E+03-1.73187E+03-6.41650E+04 1.13577E+03 1.10842E+03
 -1       320 1.47004E+06 2.27281E+04 7.32545E+03-6.16366E+04-4.80632E+03-2.13892E+03
 -1       321 1.61989E+06-6.10506E+04-1.03443E+04-4.83204E+04 1.89103E+04 6.05085E+04
 -1       322 7.13793E+04-4.60316E+03-1.49898E+02-5.51417E+04-7.37034E+02 5.00433E+02
 -1       323 2.20905E+05 3.01579E+03 6.76486E+02-5.19317E+04-3.09382E+01 5.40332E+02
 -1       324 3.66154E+05-6.85563E+02-1.38933E+02-5.33641E+04-1.47275E+01 5.06741E+02
 -1       325 5.12709E+05 1.44101E+02 1.86150E+01-5.31162E+04 8.66969E+00 4.78543E+02
 -1       326 6.59166E+05-6.10254E+01 2.78384E+00-5.31780E+04 6.01030E+00 4.85863E+02
 -1       327 8.05691E+05 4.31171E+01 2.75729E+01-5.31649E+04-6.97310E+00 4.80622E+02
 -1       328 9.52152E+05-1.46509E+02-5.01706E+01-5.31840E+04 2.76600E+01 4.90042E+02
 -1       329 1.09877E+06 5.79266E+02 1.68493E+02-5.31959E+04-1.29169E+02 4.62695E+02
 -1       330 1.24457E+06-2.28489E+03-7.96242E+02-5.30174E+04 4.19993E+02 6.76193E+02
 -1       331 1.39401E+06 9.18692E+03 3.43803E+03-5.38935E+04-1.66797E+03-5.00882E+02
 -1       332 1.51607E+06-3.69036E+04-1.71458E+04-4.56471E+04 7.63483E+03 4.52204E+03
 -1       333 1.65650E+06 1.22328E+05 5.33369E+04-6.16542E+04-3.74159E+04-6.56832E+04
 -1       334 1.70267E+06 6.62158E+05 6.62158E+05-1.50459E+05-3.20188E-04-9.03198E+00
 -1       335 1.82593E+06 7.10074E+05 7.10074E+05-1.13179E+05 3.29475E-01 1.54937E+05
 -1       336 1.82594E+06 7.10077E+05 7.10076E+05-1.13184E+05-3.29078E-01-1.54953E+05
 -1       337 1.42636E+05 5.22708E+03-4.23716E+02-5.94903E+04-4.40625E+02 2.65051E+02
 -1       338 2.93074E+05-1.67058E+03-1.84955E+02-6.32420E+04 5.27091E+01-3.68824E+02
 -1       339 4.39373E+05 3.77857E+02 1.57722E+01-6.32219E+04-1.00866E+01-4.85785E+02
 -1       340 5.85921E+05-1.64604E+02-2.89707E+01-6.32094E+04 6.45039E+01-4.74260E+02
 -1       341 7.32416E+05-8.50960E-01 2.01463E+00-6.32322E+04-2.26437E+01-4.90025E+02
 -1       342 8.78884E+05 1.31219E+02 1.70985E+01-6.31976E+04-6.08740E+00-4.75967E+02
 -1       343 1.02536E+06-3.32634E+02-7.28111E+01-6.32788E+04-9.95060E+01-5.27399E+02
 -1       344 1.17213E+06 1.53414E+03 4.79821E+02-6.30318E+04 3.29200E+02-3.34370E+02
 -1       345 1.31810E+06-5.69578E+03-1.72784E+03-6.41628E+04-1.16997E+03-1.10973E+03
 -1       346 1.47000E+06 2.26523E+04 7.30943E+03-6.16388E+04 4.81942E+03 2.15052E+03
 -1       347 1.61988E+06-6.11194E+04-1.03517E+04-4.83221E+04-1.88364E+04-6.05069E+04
 -1       348 7.14948E+04-4.51626E+03-1.10373E+02-5.51719E+04 7.63163E+02-5.03130E+02
 -1       349 2.20936E+05 3.02914E+03 6.81974E+02-5.19373E+04 4.52942E+01-5.29638E+02
 -1       350 3.66111E+05-6.99611E+02-1.42316E+02-5.33292E+04 2.04146E+01-5.13085E+02
 -1       351 5.12731E+05 1.64031E+02 2.54478E+01-5.31038E+04 1.07189E+01-4.70857E+02
 -1       352 6.59193E+05-5.41886E+01-8.15072E+00-5.32066E+04-3.10013E+00-4.87044E+02
 -1       353 8.05680E+05 6.00208E+01 5.10907E+00-5.31786E+04-1.59779E+01-4.80893E+02
 -1       354 9.52122E+05-1.37771E+02-5.78936E+01-5.31593E+04-3.34073E+01-4.85018E+02
 -1       355 1.09879E+06 5.86142E+02 1.72575E+02-5.32074E+04 1.37693E+02-4.58953E+02
 -1       356 1.24458E+06-2.25621E+03-8.07377E+02-5.30492E+04-4.30574E+02-6.87873E+02
 -1       357 1.39399E+06 9.17004E+03 3.42190E+03-5.38712E+04 1.65982E+03 5.07730E+02
 -1       358 1.51607E+06-3.69250E+04-1.71466E+04-4.56164E+04-7.61589E+03-4.51570E+03
 -1       359 1.65650E+06 1.22339E+05 5.33419E+04-6.16950E+04 3.74323E+04 6.56783E+04
 -1       360-2.98064E+05-1.15917E+05-1.15917E+05 1.41496E+05 1.03059E-01 4.90958E+04
 -1       361 8.12128E+05 3.15818E+05 3.15818E+05 7.33119E+04-4.58287E-01-1.31379E+05
 -1       362-1.49104E+06-5.79830E+05-5.79830E+05-3.46304E+03-4.22837E-01 2.35270E+05
 -1       363-2.98083E+05-1.15925E+05-1.15925E+05 1.41481E+05-1.03362E-01-4.90927E+04
 -1       364 8.12117E+05 3.15813E+05 3.15813E+05 7.33007E+04 4.58768E-01 1.31376E+05
 -1       365-1.49105E+06-5.79836E+05-5.79836E+05-3.47501E+03 4.22931E-01-2.35265E+05
 -1       366-2.29064E+06 2.21673E+04-6.43441E+04 4.30810E+04-3.15330E+00-4.16160E+00
 -1       367-1.95457E+06-2.50846E+04-5.87710E+03-1.33293E+04-1.40166E+00-1.65375E+01
 -1       368-1.75643E+06 7.21046E+03 1.66122E+03-1.73911E+04 7.86778E+00 1.12704E+01
 -1       369-1.56297E+06-1.78697E+03-4.39727E+02-1.61694E+04-3.73895E+00 1.65965E+01
 -1       370-1.36699E+06 4.65355E+02 1.20484E+02-1.65019E+04-4.36627E+00-2.07789E+01
 -1       371-1.17190E+06-1.18592E+02-4.10823E+01-1.64036E+04 1.28681E+01-1.44869E+01
 -1       372-9.76567E+05 7.26757E+00 4.72111E+00-1.64279E+04-4.62825E+00 7.67979E+00
 -1       373-7.81186E+05 2.04704E+01 1.41964E+01-1.63948E+04-7.98645E-01 1.35662E+01
 -1       374-5.86044E+05-3.46513E+00-1.29279E+01-1.64857E+04 1.78058E+00-1.99622E+01
 -1       375-3.90052E+05-6.42188E+01 1.97267E+02-1.59693E+04 1.16344E+01-6.91705E+00
 -1       376-1.97380E+05 3.00532E+03 5.32778E+02-1.13927E+04 1.28670E+01-6.26664E-01
 -1       377-2.22347E+06 3.36334E+04-3.12333E+04 2.26071E+04-7.21762E+03 2.75235E+04
 -1       378-2.23644E+06-1.27088E+05-7.22205E+04-1.32755E+05-1.31653E-01 9.49136E-01
 -1       379-1.95758E+06-2.56397E+04-8.78889E+03-1.02918E+04-5.79260E+02 3.02019E+03
 -1       380-2.02031E+06 4.80654E+04 1.46923E+04 4.97155E+03-1.09147E+00-1.03202E+01
 -1       381-1.75607E+06 6.88989E+03 2.12830E+03-1.77325E+04-6.50005E+01 2.02242E+03
 -1       382-1.85857E+06-1.07676E+04-3.18023E+03-8.37310E+03 3.22450E+00-4.36300E+00
 -1       383-1.56306E+06-1.69330E+03-5.03042E+02-1.61196E+04 1.48015E+01 2.10843E+03
 -1       384-1.66004E+06 2.35789E+03 5.43091E+02-6.61750E+03 4.16611E+00 1.59250E+01
 -1       385-1.36709E+06 4.16395E+02 1.19397E+02-1.65150E+04-1.53809E+01 2.07763E+03
 -1       386-1.46483E+06-5.30796E+02-8.53083E+01-6.80245E+03-5.31932E+00-4.71795E-01
 -1       387-1.17195E+06-1.09825E+02-3.81549E+01-1.64160E+04 6.21059E+00 2.07903E+03
 -1       388-1.26960E+06 1.03368E+02-2.03785E+00-6.81470E+03 6.62949E+00-2.26542E+01
 -1       389-9.76603E+05 1.07940E+01 1.77208E+01-1.64277E+04 1.01958E+00 2.08463E+03
 -1       390-1.07426E+06-4.51717E+01-9.88902E+00-6.79742E+03 6.30502E+00-1.51816E+00
 -1       391-7.81226E+05 1.42476E+01 5.52193E+00-1.64182E+04-6.40245E-02 2.09483E+03
 -1       392-8.78932E+05 2.43939E+01 1.00131E+01-6.79781E+03-3.22646E+00 1.00898E+01
 -1       393-5.86136E+05-2.67063E+01-1.77964E+01-1.64953E+04 2.99010E+00 2.07265E+03
 -1       394-6.83602E+05 2.63072E+01 1.17240E+01-6.81600E+03-1.69956E+00-1.09375E+00
 -1       395-3.89933E+05-3.52856E+01 1.60472E+02-1.60491E+04-1.67736E+01 2.13224E+03
 -1       396-4.88258E+05-7.95740E+01 4.23221E+01-6.74947E+03 2.29849E+00-1.48984E+01
 -1       397-1.97327E+05 2.75303E+03 7.00049E+02-1.13409E+04-3.16299E+02 8.27396E+02
 -1       398-2.93317E+05 4.47105E+02-2.03517E+02-7.31559E+03 9.64267E+00-3.38374E+00
 -1       399-1.14862E+05-6.52265E+03-2.06586E+03-7.23632E+03 4.95141E+00 6.50415E+00
 -1       400-2.22346E+06 3.36379E+04-3.12241E+04 2.26035E+04 7.21559E+03-2.75257E+04
 -1       401-1.95758E+06-2.56399E+04-8.78650E+03-1.02879E+04 5.78831E+02-3.04481E+03
 -1       402-1.75607E+06 6.88630E+03 2.10796E+03-1.77321E+04 7.46877E+01-2.00806E+03
 -1       403-1.56305E+06-1.69125E+03-4.95745E+02-1.61177E+04-1.87767E+01-2.09116E+03
 -1       404-1.36708E+06 4.16249E+02 1.23420E+02-1.65160E+04 1.05466E+01-2.10452E+03
 -1       405-1.17196E+06-1.00554E+02-4.91191E+01-1.64100E+04 8.04501E+00-2.08942E+03
 -1       406-9.76609E+05 1.88661E+01 2.13588E+01-1.64304E+04-2.02102E+00-2.08118E+03
 -1       407-7.81221E+05 9.89139E+00 6.86585E+00-1.64077E+04-1.88639E+00-2.06873E+03
 -1       408-5.86115E+05-2.51935E+01-1.76209E+00-1.65006E+04 2.23442E+00-2.09537E+03
 -1       409-3.89943E+05-4.99275E+01 1.43796E+02-1.60536E+04 2.69106E+01-2.14128E+03
 -1       410-1.97350E+05 2.75847E+03 6.87637E+02-1.13388E+04 3.22879E+02-8.20492E+02
 -1       411 4.29571E+03 2.20079E+04 3.67191E+03-9.64541E+04 2.53875E+01 1.11342E+01
 -1       412 4.14697E+03 2.08351E+04 2.37539E+03-9.79560E+04-5.20684E+03 1.82904E+02
 -1       413 1.27771E+04 5.72832E+04 8.72537E+03-6.44288E+04 1.08064E+01 5.78202E+00
 -1       414-1.20166E+04-4.27363E+04-7.06207E+03-7.98499E+04 3.25730E+01 1.20464E+01
 -1       415 4.15296E+03 2.09031E+04 2.35436E+03-9.79707E+04 5.22780E+03-1.79802E+02
 -1       416 1.44457E+05 5.62663E+03 1.26389E+03-5.28485E+04 2.58627E+01-1.57541E+01
 -1       417 2.92848E+05-1.73495E+03-5.14111E+02-5.61734E+04 6.63311E+00-7.31581E+00
 -1       418 4.39444E+05 3.90766E+02 1.27693E+02-5.62624E+04-4.98161E+00 1.04848E+01
 -1       419 5.85934E+05-5.60831E+01-2.59340E+01-5.62159E+04-1.03506E+00 3.12545E+00
 -1       420 7.32398E+05 1.98339E+01-5.16934E+00-5.62611E+04-2.00503E+01-7.19700E+00
 -1       421 8.78894E+05 5.70622E+01 2.40961E+01-5.62166E+04-2.60014E+01 7.59768E-01
 -1       422 1.02529E+06-4.43005E+02-1.13060E+02-5.63035E+04-1.56632E+00 1.46958E+01
 -1       423 1.17214E+06 1.56661E+03 3.64222E+02-5.60246E+04-1.07317E+01-9.07479E+00
 -1       424 1.31717E+06-6.45133E+03-1.61462E+03-5.73495E+04-7.37056E+00-1.27638E+01
 -1       425 1.47191E+06 2.37430E+04 5.68568E+03-5.44021E+04 6.32828E-02 1.10950E+01
 -1       426 1.75423E+06-2.24416E+04 5.12814E+04-3.40500E+04 1.07521E+01 9.99383E-01
 -1       427 1.44461E+05 5.80844E+03 7.80050E+02-5.43142E+04-3.47005E+02-6.09211E+00
 -1       428 7.32377E+04-9.71126E+03-3.32206E+03-4.96986E+04 2.38763E+00-3.28324E-01
 -1       429 2.92915E+05-1.73676E+03-3.79128E+02-5.77065E+04 2.52298E+01-5.00911E+02
 -1       430 2.21024E+05 3.02463E+03 1.11686E+03-4.52342E+04 4.63759E+00-5.41819E+00
 -1       431 4.39431E+05 4.00795E+02 8.20771E+01-5.77147E+04-1.47613E+01-5.45798E+02
 -1       432 3.66113E+05-6.84946E+02-2.24288E+02-4.63493E+04-3.22989E+00 3.91118E+00
 -1       433 5.85957E+05-9.34267E+01-2.17883E+01-5.76890E+04 3.09972E+01-5.37439E+02
 -1       434 5.12721E+05 1.53774E+02 5.13265E+01-4.61511E+04-1.29438E+01 8.23964E+00
 -1       435 7.32434E+05 1.01397E+01 7.35917E-01-5.77268E+04-5.95507E+00-5.49570E+02
 -1       436 6.59180E+05-5.25971E+01-2.22202E+01-4.62038E+04-1.95720E+01-3.50929E+00
 -1       437 8.78935E+05 1.07345E+02 2.93657E+01-5.76783E+04-3.72193E+01-5.40882E+02
 -1       438 8.05681E+05 4.83972E+01 1.37595E+01-4.61708E+04-2.83709E+01-3.71277E+00
 -1       439 1.02534E+06-3.90430E+02-1.03013E+02-5.77958E+04-2.74351E+01-5.45041E+02
 -1       440 9.52131E+05-1.62951E+02-4.26091E+01-4.61872E+04-2.24073E+01 8.76078E+00
 -1       441 1.17231E+06 1.56690E+03 4.68232E+02-5.74050E+04 3.68739E+01-5.40392E+02
 -1       442 1.09883E+06 6.36586E+02 1.46990E+02-4.62198E+04-1.51499E+01 5.18398E+00
 -1       443 1.31697E+06-6.20274E+03-1.90626E+03-5.91580E+04-1.63861E+02-5.71408E+02
 -1       444 1.24451E+06-2.47454E+03-6.50283E+02-4.60642E+04-1.33757E+01-1.29753E+01
 -1       445 1.47485E+06 2.42768E+04 7.87642E+03-5.41663E+04 7.06635E+02-9.55365E+02
 -1       446 1.39511E+06 1.04981E+04 3.17127E+03-4.70349E+04-3.53059E+00 3.50249E-01
 -1       447 1.68964E+06-3.96741E+04 2.17652E+04-4.85980E+04-1.91542E+03-2.11541E+04
 -1       448 1.51263E+06-4.05260E+04-1.37531E+04-3.81382E+04-7.72367E+00 6.22483E+00
 -1       449 1.67309E+06 1.34370E+05 6.79514E+04-1.31644E+05-5.75758E+00-1.23669E+00
 -1       450 1.44432E+05 5.81226E+03 7.84442E+02-5.43234E+04 4.04403E+02-1.01899E+01
 -1       451 2.92928E+05-1.71771E+03-3.67979E+02-5.77118E+04-8.13375E+00 4.91158E+02
 -1       452 4.39449E+05 4.11500E+02 8.98507E+01-5.77305E+04 2.32550E+01 5.48572E+02
 -1       453 5.85944E+05-9.08826E+01-3.06643E+01-5.76877E+04-1.04160E+01 5.44683E+02
 -1       454 7.32426E+05 1.85950E+00 2.95775E+00-5.77204E+04-2.00263E+01 5.42252E+02
 -1       455 8.78942E+05 6.90437E+01 2.35781E+01-5.76744E+04-3.85307E-01 5.44289E+02
 -1       456 1.02534E+06-3.74144E+02-1.05422E+02-5.77941E+04 4.80246E+01 5.56459E+02
 -1       457 1.17230E+06 1.55030E+03 4.47695E+02-5.74096E+04-4.42560E+01 5.29640E+02
 -1       458 1.31697E+06-6.22914E+03-1.91080E+03-5.91619E+04 1.39005E+02 5.57737E+02
 -1       459 1.47486E+06 2.43083E+04 7.87728E+03-5.41621E+04-7.00151E+02 9.71966E+02
 -1       460 1.68963E+06-3.96689E+04 2.17539E+04-4.85966E+04 1.96336E+03 2.11559E+04
 -1       461-2.42556E+05-9.43308E+04-9.43308E+04 2.85688E+04-1.00366E-04 2.08672E+00
 -1       462-2.68960E+05-1.04591E+05-1.04591E+05 7.14211E+04 2.70165E-01-2.44981E+04
 -1       463 7.09828E+05 2.76034E+05 2.76034E+05-3.31535E+04 2.46299E-04-2.29155E+00
 -1       464-1.31771E+06-5.12425E+05-5.12425E+05-1.13530E+05 3.81056E-05 2.72867E+00
 -1       465-2.68953E+05-1.04589E+05-1.04589E+05 7.14310E+04-2.69854E-01 2.45017E+04
 -1       466-2.82183E+05-1.79345E+04-4.69051E+03-1.43663E+05-1.38601E+04 8.81240E+03
 -1       467-2.46706E+05-1.31282E+03-1.24975E+03-1.18224E+05 5.75060E+03-5.42187E+02
 -1       468-2.20045E+05-6.79333E+01 9.31557E+01-1.14829E+05-1.31088E+03 3.53314E+01
 -1       469-1.95289E+05-1.00886E+02-7.98701E+01-1.15252E+05 3.15812E+02-4.88303E+01
 -1       470-1.70921E+05 1.05983E+01 7.03665E+00-1.15145E+05-7.57400E+01 2.49357E+00
 -1       471-1.46504E+05-3.76716E+01-1.48745E+01-1.15164E+05 2.72523E+01-1.99127E+01
 -1       472-1.22061E+05-2.10331E+01-4.89937E+00-1.15195E+05-3.90190E+00-1.48947E+01
 -1       473-9.76597E+04 1.04969E+01 3.68808E+00-1.15177E+05-9.25434E+00-1.98146E+01
 -1       474-7.32569E+04-2.13276E+02-1.39175E+01-1.15175E+05-7.45878E+00-1.38841E+01
 -1       475-4.87466E+04 9.22326E+02 1.31949E+02-1.15248E+05-5.10289E+00-7.24966E+01
 -1       476-2.25930E+04-2.70523E+03 5.70125E+01-1.20837E+05-1.95754E+02 9.07855E+01
 -1       477-2.64479E+05-8.87166E+02-1.89183E+03-2.60060E+04 3.61102E+04-1.03530E+04
 -1       478-1.22396E+06-3.66615E+04-1.69554E+04-5.74587E+04-1.95980E+04 4.62249E+04
 -1       479 6.81759E+05 1.36585E+04 8.44273E+03-8.47664E+04-1.36139E+04-2.63395E+04
 -1       480-2.51411E+05 1.27222E+03 2.92755E+03-1.01451E+05-5.96973E+03 1.55112E+03
 -1       481-1.09713E+06-6.51456E+02 7.99953E+01-7.11789E+04 4.23582E+03-1.35973E+03
 -1       482 6.09083E+05-5.15685E+02-4.29977E+02-9.43631E+04 4.78235E+03 8.15765E+02
 -1       483-2.32254E+05 2.60799E+02-4.47874E+02-1.06506E+05 1.82508E+03-3.93958E+02
 -1       484-9.90360E+05-1.94545E+02-5.26600E+02-6.92606E+04-1.18195E+03 7.05016E+02
 -1       485 5.50437E+05 1.09215E+02 2.42388E+02-9.06825E+04-1.05130E+03-2.88656E+02
 -1       486-2.07340E+05-5.18840E+01 1.57760E+02-1.04936E+05-4.94633E+02 1.09126E+02
 -1       487-8.78541E+05-1.65741E+01 9.96116E+01-6.98894E+04 2.89133E+02 1.84147E+02
 -1       488 4.88055E+05-2.91426E+01-3.14936E+01-9.12304E+04 2.78881E+02-3.44947E+00
 -1       489-1.83154E+05-1.73765E+01-4.70362E+01-1.05443E+05 1.08656E+02-4.82816E+01
 -1       490-7.69200E+05 3.07450E+00-1.93259E+01-6.97151E+04-6.68789E+01 2.55858E+02
 -1       491 4.27347E+05 2.36866E+01 4.38101E+01-9.10877E+04-8.32733E+01-4.82257E+01
 -1       492-1.58705E+05-2.05131E+01 4.53159E+00-1.05303E+05-3.07142E+01-8.60773E+00
 -1       493-6.59192E+05-1.18576E+01 5.76093E+00-6.97508E+04 1.47010E+01 2.51892E+02
 -1       494 3.66186E+05 3.85664E+00-1.18231E+01-9.11114E+04 1.95844E+01-4.49979E+01
 -1       495-1.34302E+05-3.12171E+01-2.85014E+01-1.05345E+05 8.59507E+00-1.74866E+01
 -1       496-5.49337E+05-2.64984E-01 1.17300E+01-6.97570E+04-7.49281E+00 2.39195E+02
 -1       497 3.05196E+05-4.00768E+00-9.22447E-01-9.11253E+04-6.73989E+00-4.52054E+01
 -1       498-1.09868E+05 1.73317E-01-9.82613E-01-1.05357E+05 2.28782E+00-3.25547E+00
 -1       499-4.39481E+05 1.20393E+01 3.22545E+00-6.97530E+04 5.11572E+00 2.54876E+02
 -1       500 2.44134E+05-8.52948E+01-7.75944E+00-9.11265E+04 1.97025E+01-3.83922E+01
 -1       501-8.54435E+04-7.84145E+01 1.57639E+01-1.05325E+05-2.80167E+00-3.45556E+01
 -1       502-3.29590E+05 6.48210E+00 2.82867E+01-6.97477E+04-2.97158E+01 2.61346E+02
 -1       503 1.83078E+05-2.74907E+01-6.13078E+01-9.10892E+04 2.06706E+01-4.93968E+01
 -1       504-6.12882E+04 2.53357E+02-7.94726E+01-1.05403E+05-4.79371E+00 3.23853E+01
 -1       505-2.19723E+05-5.42129E+01-9.39195E+01-6.97950E+04 8.26319E+01 2.03754E+02
 -1       506 1.21858E+05-7.69038E+01 7.53069E+01-9.12145E+04-6.16688E+01-2.15937E+01
 -1       507-3.59193E+04-1.21163E+03 1.72784E+02-1.05201E+05-6.55766E+01-7.91016E+01
 -1       508-1.02135E+05 4.58265E+03 3.86356E+03-6.88415E+04-3.71994E+02 1.36959E+02
 -1       509 5.55005E+04-2.27186E+03-2.59998E+03-9.20232E+04-1.89894E+02-1.78522E+02
 -1       510-1.09614E+04 2.47455E+03-7.02703E+02-1.07571E+05-7.81698E+02 3.17936E+02
 -1       511-2.82139E+05-1.78304E+04-4.65342E+03-1.43672E+05 1.38509E+04-8.80158E+03
 -1       512-2.46748E+05-1.32495E+03-1.27204E+03-1.18257E+05-5.74927E+03 5.29484E+02
 -1       513-2.20005E+05-5.53182E+01 1.22642E+02-1.14803E+05 1.30361E+03-4.29229E+01
 -1       514-1.95284E+05-5.04338E+01-6.72955E+01-1.15224E+05-3.13984E+02 5.41548E+01
 -1       515-1.70894E+05 7.72400E+01 2.08262E+01-1.15181E+05 7.42184E+01-1.49132E+00
 -1       516-1.46447E+05 4.26324E+01 3.33931E+01-1.15185E+05-4.08745E+01 1.94822E+01
 -1       517-1.22082E+05 8.50082E+00-4.84345E-01-1.15170E+05 1.11473E+01 8.85708E+00
 -1       518-9.76560E+04 7.78155E+01 2.52338E+01-1.15157E+05 4.30563E+00 1.33146E+01
 -1       519-7.31961E+04-1.66581E+02-4.44000E+01-1.15188E+05 3.34680E+00 1.93667E+01
 -1       520-4.87443E+04 9.37911E+02 1.30361E+02-1.15249E+05 4.45100E+00 7.49615E+01
 -1       521-2.26090E+04-2.65828E+03 8.06523E+01-1.20837E+05 1.84699E+02-8.90686E+01
 -1       522-1.22396E+06-3.66779E+04-1.69672E+04-5.74628E+04 1.95906E+04-4.62188E+04
 -1       523-2.64455E+05-8.53276E+02-1.87821E+03-2.60062E+04-3.61115E+04 1.03563E+04
 -1       524 6.81803E+05 1.37984E+04 8.48915E+03-8.47746E+04 1.36554E+04 2.63443E+04
 -1       525-1.09717E+06-6.66913E+02 6.94759E+01-7.11963E+04-4.23723E+03 1.35396E+03
 -1       526-2.51413E+05 1.29724E+03 2.93005E+03-1.01474E+05 5.96907E+03-1.54839E+03
 -1       527 6.09085E+05-4.77173E+02-4.34992E+02-9.43790E+04-4.77573E+03-8.22775E+02
 -1       528-9.90354E+05-1.83018E+02-5.19694E+02-6.92488E+04 1.18067E+03-7.09444E+02
 -1       529-2.32254E+05 2.65183E+02-4.42691E+02-1.06510E+05-1.82675E+03 3.83117E+02
 -1       530 5.50463E+05 8.11853E+01 2.45483E+02-9.06658E+04 1.03308E+03 2.90321E+02
 -1       531-8.78538E+05-1.47943E+01 9.94697E+01-6.98723E+04-2.92646E+02-1.86152E+02
 -1       532-2.07339E+05-3.54397E+01 1.50188E+02-1.04903E+05 4.92687E+02-1.12073E+02
 -1       533 4.88036E+05 6.51424E+00-3.56139E+01-9.12157E+04-2.66520E+02 9.48014E+00
 -1       534-7.69176E+05 7.73443E+00-1.69300E+01-6.97347E+04 6.77732E+01-2.56029E+02
 -1       535-1.83129E+05 3.28654E+01-2.23739E+01-1.05448E+05-1.06203E+02 5.03842E+01
 -1       536 4.27362E+05 1.09129E+02 5.21622E+01-9.11086E+04 1.04369E+02 4.06122E+01
 -1       537-6.59199E+05-1.01709E+01-2.97224E+00-6.97547E+04-2.54426E+01-2.43756E+02
 -1       538-1.58662E+05 4.21558E+01 3.41364E+01-1.05341E+05 2.73413E+01 5.95791E+00
 -1       539 3.66254E+05 6.27012E+01 2.59546E+01-9.11214E+04-2.43898E+01 4.63851E+01
 -1       540-5.49372E+05-8.45170E+00-1.05354E+00-6.97474E+04 7.17159E+00-2.49460E+02
 -1       541-1.34310E+05 3.17842E+00-2.10697E+01-1.05336E+05-1.31371E+01 1.40366E+01
 -1       542 3.05191E+05 2.58476E+01 7.74083E+00-9.11051E+04 1.38175E+01 3.92365E+01
 -1       543-4.39478E+05 2.20091E+01 2.68350E+00-6.97416E+04-5.12331E+00-2.43870E+02
 -1       544-1.09883E+05 3.76538E+01 6.41328E+00-1.05332E+05-2.24806E+00 4.41284E+00
 -1       545 2.44119E+05-3.29019E+01-2.12848E+01-9.11055E+04-3.09611E+00 4.04337E+01
 -1       546-3.29553E+05-5.77204E+00 2.19193E+01-6.97606E+04 2.36575E+01-2.62863E+02
 -1       547-8.53862E+04-3.08040E+01 1.64038E+01-1.05329E+05 2.20865E+00 2.55010E+01
 -1       548 1.83150E+05 6.27381E+01-3.47067E+01-9.11193E+04 1.52771E+00 4.82106E+01
 -1       549-2.19728E+05-5.91314E+01-1.05167E+02-6.97991E+04-8.63212E+01-2.05295E+02
 -1       550-6.12663E+04 2.80898E+02-6.73003E+01-1.05409E+05 5.17108E+00-3.56539E+01
 -1       551 1.21882E+05-3.86913E+01 8.63631E+01-9.12243E+04 7.22163E+01 1.81098E+01
 -1       552-1.02185E+05 4.58319E+03 3.83449E+03-6.88462E+04 3.68287E+02-1.25921E+02
 -1       553-3.59398E+04-1.19498E+03 1.92372E+02-1.05196E+05 5.50343E+01 7.91983E+01
 -1       554 5.54418E+04-2.23955E+03-2.60740E+03-9.20159E+04 2.12175E+02 1.85527E+02
 -1       555-1.09417E+04 2.56238E+03-6.66352E+02-1.07588E+05 7.63518E+02-3.12220E+02
 -1       556-3.13458E+05-3.04094E+04-1.85688E+04-1.30096E+05 1.11360E+01 1.42904E-01
 -1       557-2.44928E+05 4.32361E+02 3.52835E+02-1.07266E+05 5.68903E+00-6.13661E-01
 -1       558-2.19915E+05-1.68223E+02-8.07103E+01-1.05922E+05 5.25077E+00 2.77002E+00
 -1       559-1.95251E+05-2.98586E+01 1.00541E+01-1.06535E+05 6.11617E+00 4.84397E+00
 -1       560-1.70883E+05 1.75780E+01-4.75657E+00-1.06440E+05 6.12492E+00 2.69850E+00
 -1       561-1.46493E+05-2.43571E+00 1.40101E+01-1.06450E+05 2.51339E+01-6.78710E+00
 -1       562-1.22067E+05 1.08753E+01 2.89703E+01-1.06452E+05 1.47824E+01-4.54771E+00
 -1       563-9.76653E+04 1.54375E+01-1.76780E+01-1.06461E+05 5.50600E+00 2.37117E+00
 -1       564-7.32291E+04-1.56687E+02-2.57178E+01-1.06461E+05 4.67303E+00 2.38347E+00
 -1       565-4.86946E+04 9.43019E+02 2.10754E+02-1.06525E+05-1.15922E+00-6.22264E+00
 -1       566-2.32240E+04-2.81955E+03-5.25714E+02-1.10929E+05 2.77897E+00 2.38691E+00
 -1       567-1.31025E+06-5.46186E+04-5.80289E+04-3.84271E+04 1.45446E+00-2.85778E+00
 -1       568-2.67090E+05 3.42117E+02-3.09293E+03-9.16703E+04 6.92618E+00-3.44897E-01
 -1       569-2.98199E+05-2.40473E+04-1.16940E+04-1.43810E+05 4.21715E+03 2.13304E+03
 -1       570 7.32824E+05 2.49190E+04 3.16741E+04-6.93500E+04 1.60757E+01 2.28989E-01
 -1       571-1.10060E+06-5.18444E+01 1.52795E+03-6.51096E+04 4.14120E-01-4.92310E+00
 -1       572-2.50250E+05-8.78745E+02 2.14524E+03-9.87253E+04 9.17571E+00 1.85514E+00
 -1       573-2.46770E+05-9.88255E+02-8.63406E+02-1.08999E+05 1.00973E+03 4.68430E+02
 -1       574 6.10672E+05-1.15080E+03-1.08859E+03-8.62940E+04 3.12593E+00 2.74986E+00
 -1       575-9.89516E+05 1.88051E+02-6.97859E+02-6.25518E+04 4.47555E+00 5.59705E+00
 -1       576-2.32715E+05 2.62931E+02-3.59441E+02-9.76641E+04 5.67660E+00-2.85693E+00
 -1       577-2.19750E+05 4.07071E+00 1.07029E+02-1.08826E+05-6.49117E+01-2.62085E+01
 -1       578 5.50083E+05-2.97152E+01 3.00615E+02-8.29810E+04 2.60951E+00-2.00351E+00
 -1       579-8.78666E+05 1.26999E+01 1.86102E+02-6.33251E+04-2.26105E+00 7.97931E+00
 -1       580-2.07383E+05-1.29581E+02 5.32523E+01-9.62661E+04 4.93577E+00 4.85039E+00
 -1       581-1.95346E+05-8.55036E+01-5.90863E+01-1.08816E+05 1.49146E+01 9.44351E+01
 -1       582 4.88023E+05-1.04980E+02-9.83614E+01-8.36731E+04 2.98168E+00 4.16331E-01
 -1       583-7.69137E+05 2.67834E+01-2.88227E+01-6.31493E+04 2.69133E+00-5.98834E+00
 -1       584-1.83129E+05 2.65447E+01-4.75400E+00-9.67245E+04 5.45049E+00 6.95319E+00
 -1       585-1.70901E+05 1.71829E+01 1.04183E+01-1.08846E+05 8.57015E+00 7.36638E+01
 -1       586 4.27335E+05-1.12665E+01 2.10851E+01-8.35234E+04 1.30845E+00 6.45236E+00
 -1       587-6.59196E+05 4.44157E+00 1.87518E+01-6.31764E+04 1.27994E+01-7.88996E+00
 -1       588-1.58685E+05 1.43672E+01 1.62398E+01-9.66018E+04 1.75866E+01-7.77148E+00
 -1       589-1.46514E+05-1.96820E+01-4.05041E+00-1.08829E+05 1.63501E+01 7.50248E+01
 -1       590 3.66196E+05-2.87197E+01-2.11940E+00-8.35491E+04 1.00690E+01-3.55805E+00
 -1       591-5.49361E+05-4.17901E+00 6.54182E+00-6.31791E+04-8.81062E-01-3.95355E-01
 -1       592-1.34309E+05-3.33666E+00-4.31787E+00-9.66252E+04 1.93238E+01-4.68997E+00
 -1       593-1.22074E+05-9.32018E+00 1.12000E+01-1.08849E+05 1.09186E+01 6.11384E+01
 -1       594 3.05188E+05 2.51412E+01 9.03983E+00-8.35456E+04 4.21400E+00-6.52076E+00
 -1       595-4.39484E+05-1.28894E+01-1.17156E+01-6.31732E+04 1.35627E+00 8.01419E+00
 -1       596-1.09872E+05 5.03455E+00 1.43440E+00-9.66332E+04 9.06095E+00 2.38317E+00
 -1       597-9.76793E+04 1.54304E+01-8.55588E+00-1.08845E+05-7.13939E+00 6.93453E+01
 -1       598 2.44149E+05 2.77455E+00-1.30745E+01-8.35433E+04 3.59447E+00 2.51396E+00
 -1       599-3.29563E+05 2.23809E+01 7.13340E+00-6.31911E+04 4.23747E+00-9.62489E+00
 -1       600-8.54220E+04-6.39914E+01-2.12259E+00-9.66058E+04 6.09769E+00 3.87645E+00
 -1       601-7.32321E+04-1.66677E+02-1.29511E+01-1.08846E+05-4.84753E-01 8.57727E+01
 -1       602 1.83121E+05 3.47806E+01-3.63687E+00-8.35357E+04 6.63675E-01 7.20394E+00
 -1       603-2.19659E+05 5.60914E+01 7.02200E+01-6.30892E+04 4.97211E+00-5.32996E+00
 -1       604-6.12141E+04 3.08093E+02-1.59451E+01-9.66881E+04 3.02601E+00-4.99832E+00
 -1       605-4.87422E+04 9.04246E+02 1.60413E+02-1.08911E+05-6.01423E+00 3.04991E+01
 -1       606 1.21812E+05-1.75659E+02-5.83290E+01-8.36130E+04 2.80497E+00-6.61484E+00
 -1       607-1.03871E+05 4.29710E+03 2.88241E+03-6.23009E+04 6.25028E+00 7.97739E-01
 -1       608-3.61777E+04-1.36558E+03-9.22353E+01-9.65615E+04-1.39268E+00-5.20763E+00
 -1       609-2.31098E+04-2.80385E+03-3.01629E+02-1.13762E+05-1.27205E+02 1.00559E+02
 -1       610 5.67582E+04-1.88025E+03-1.80027E+03-8.37713E+04 1.79800E+01-5.37909E+00
 -1       611-1.11856E+04 4.51264E+03 5.65206E+02-9.74770E+04 1.18409E+01 1.05943E+01
 -1       612-2.98179E+05-2.40010E+04-1.16795E+04-1.43814E+05-4.21045E+03-2.12734E+03
 -1       613-2.46789E+05-9.93877E+02-8.72385E+02-1.09015E+05-1.00311E+03-4.75435E+02
 -1       614-2.19727E+05 1.40951E+01 1.30218E+02-1.08815E+05 6.63965E+01 2.51962E+01
 -1       615-1.95343E+05-6.08692E+01-4.87045E+01-1.08804E+05-7.99716E+00-8.69450E+01
 -1       616-1.70897E+05 4.03600E+01 3.93154E+00-1.08859E+05-3.27693E+00-7.05926E+01
 -1       617-1.46485E+05 1.75026E+01 2.54309E+01-1.08837E+05 2.12828E+00-8.20041E+01
 -1       618-1.22081E+05 8.10449E+00 1.52731E+01-1.08841E+05 7.46871E+00-6.87619E+01
 -1       619-9.76773E+04 4.57496E+01 1.34136E+00-1.08835E+05 9.99111E+00-6.91259E+01
 -1       620-7.32041E+04-1.47171E+02-2.36169E+01-1.08850E+05 3.26404E+00-8.06342E+01
 -1       621-4.87459E+04 9.04892E+02 1.52591E+02-1.08911E+05 5.05926E+00-3.67872E+01
 -1       622-2.31158E+04-2.78100E+03-2.89588E+02-1.13760E+05 1.24351E+02-9.68411E+01
 -3
    1PSTEP                         3           1           1          
  100CL  101 1.000000000         622                     0    1           1
 -4  TOSTRAIN    6    1
 -5  EXX         1    4    1    1
 -5  EYY         1    4    2    2
 -5  EZZ         1    4    3    3
 -5  EXY         1    4    1    2
 -5  EYZ         1    4    2    3
 -5  EZX         1    4    3    1
 -1         1 4.09318E-08-2.47760E-07 6.85210E-08-3.51165E-07 2.41450E-08-1.07345E-08
 -1         2 4.04778E-08-2.47987E-07 6.87693E-08-3.50218E-07-2.36073E-08 1.08336E-08
 -1         3 7.30431E-06 9.03697E-11 8.22547E-11-3.00926E-07-5.60831E-13-1.89359E-06
 -1         4 7.30426E-06 9.03701E-11 8.22536E-11-3.00925E-07 5.58507E-13 1.89350E-06
 -1         5 1.01561E-07-1.33087E-07 6.08551E-09-6.74073E-08-1.21317E-08 1.57625E-08
 -1         6 1.01676E-07-1.32931E-07 5.94974E-09-6.76706E-08 1.21411E-08-1.56415E-08
 -1         7 1.07000E-05 9.21877E-11 8.27903E-11-1.44796E-06-7.81874E-13-2.38816E-06
 -1         8 1.07003E-05 9.21886E-11 8.27892E-11-1.44801E-06 7.80564E-13 2.38802E-06
 -1         9 6.88430E-08-2.65492E-07 4.21464E-08-3.38069E-07 1.33566E-10 1.47130E-10
 -1        10 6.19399E-08-2.69948E-07 5.53126E-08-3.42353E-07 3.44321E-09-8.93398E-09
 -1        11 6.17977E-08-2.69957E-07 5.54590E-08-3.42012E-07-3.02588E-09 9.12507E-09
 -1        12 6.72449E-07-1.83383E-07-1.99081E-07-2.83998E-07 2.04131E-11-1.60923E-09
 -1        13 1.39812E-06-4.00239E-07-3.89466E-07-3.17231E-07-1.75905E-09 2.21439E-09
 -1        14 2.09177E-06-5.83914E-07-5.86165E-07-3.10839E-07 2.42644E-10 2.86518E-09
 -1        15 2.79012E-06-7.82054E-07-7.81200E-07-3.12535E-07-1.63865E-11 2.94076E-09
 -1        16 3.48751E-06-9.76588E-07-9.76403E-07-3.12087E-07 2.23308E-10 2.97807E-09
 -1        17 4.18504E-06-1.17216E-06-1.17184E-06-3.12197E-07-9.39337E-11 2.94326E-09
 -1        18 4.88298E-06-1.36655E-06-1.36710E-06-3.11821E-07 4.60641E-10 3.17550E-09
 -1        19 5.57859E-06-1.56218E-06-1.56257E-06-3.13930E-07-1.19135E-09 2.01032E-09
 -1        20 6.28645E-06-1.74911E-06-1.75799E-06-3.08148E-07 5.94764E-09 6.75580E-09
 -1        21 6.95986E-06-1.91792E-06-1.95540E-06-3.38664E-07-8.92144E-09-1.30376E-08
 -1        22 7.80868E-06-1.65181E-06-2.12764E-06-3.37167E-07 9.19394E-08 3.68819E-07
 -1        23 3.46253E-07-9.90281E-08-8.97524E-08-2.55958E-07-8.99164E-09 3.05042E-09
 -1        24 1.04704E-06-2.85159E-07-2.95349E-07-2.60954E-07 3.09281E-09 3.29376E-09
 -1        25 1.74475E-06-4.90531E-07-4.87969E-07-2.66890E-07-5.05542E-10 3.08901E-09
 -1        26 2.44134E-06-6.82892E-07-6.83739E-07-2.65380E-07 1.44641E-10 2.91714E-09
 -1        27 3.13907E-06-8.79230E-07-8.78824E-07-2.65713E-07 3.44645E-12 2.96176E-09
 -1        28 3.83666E-06-1.07437E-06-1.07422E-06-2.65665E-07-2.92049E-11 2.92981E-09
 -1        29 4.53447E-06-1.26954E-06-1.26962E-06-2.65623E-07 8.01273E-11 2.98723E-09
 -1        30 5.23141E-06-1.46493E-06-1.46504E-06-2.65920E-07-2.33863E-10 2.82055E-09
 -1        31 5.93083E-06-1.66049E-06-1.66023E-06-2.64882E-07 9.34557E-10 4.12185E-09
 -1        32 6.62156E-06-1.86390E-06-1.85463E-06-2.66113E-07-5.67774E-09-3.05266E-09
 -1        33 7.29172E-06-2.04597E-06-2.05395E-06-2.66997E-07 9.68224E-09 2.75629E-08
 -1        34 7.65412E-06-2.69211E-06-2.11784E-06 5.73618E-08-9.84188E-08-4.00361E-07
 -1        35 6.34193E-06 9.14095E-11 8.20269E-11-9.17079E-07-7.01885E-16-5.50505E-11
 -1        36 6.80163E-06-1.04832E-10-9.14876E-11-6.89848E-07-8.70228E-14 9.44384E-07
 -1        37 6.80166E-06-1.04831E-10-9.14886E-11-6.89876E-07 8.78004E-14-9.44484E-07
 -1        38 6.72792E-07-1.83042E-07-1.99162E-07-2.83852E-07-5.75340E-11 1.61581E-09
 -1        39 1.39802E-06-4.00072E-07-3.89405E-07-3.17078E-07 2.04174E-09-2.24775E-09
 -1        40 2.09166E-06-5.83837E-07-5.86239E-07-3.10642E-07 5.39730E-11-2.96066E-09
 -1        41 2.79027E-06-7.82114E-07-7.81121E-07-3.12713E-07 1.78238E-10-2.89041E-09
 -1        42 3.48758E-06-9.76546E-07-9.76511E-07-3.12159E-07-3.20619E-10-2.98650E-09
 -1        43 4.18482E-06-1.17133E-06-1.17190E-06-3.12123E-07-2.44584E-12-2.90082E-09
 -1        44 4.88305E-06-1.36675E-06-1.36701E-06-3.11753E-07-3.65959E-10-3.21431E-09
 -1        45 5.57869E-06-1.56201E-06-1.56255E-06-3.13940E-07 1.18880E-09-2.03774E-09
 -1        46 6.28635E-06-1.74879E-06-1.75804E-06-3.08277E-07-6.07337E-09-6.76381E-09
 -1        47 6.95984E-06-1.91811E-06-1.95534E-06-3.38468E-07 9.11787E-09 1.31083E-08
 -1        48 7.80875E-06-1.65188E-06-2.12758E-06-3.37232E-07-9.15064E-08-3.68809E-07
 -1        49 3.46634E-07-9.91980E-08-8.98340E-08-2.56080E-07 9.16689E-09-3.06686E-09
 -1        50 1.04717E-06-2.85107E-07-2.95383E-07-2.60878E-07-3.00685E-09-3.22858E-09
 -1        51 1.74457E-06-4.90551E-07-4.87910E-07-2.66580E-07 7.33331E-10-3.12768E-09
 -1        52 2.44141E-06-6.83085E-07-6.83762E-07-2.65296E-07-1.47437E-11-2.87029E-09
 -1        53 3.13921E-06-8.79317E-07-8.78921E-07-2.65930E-07 2.18663E-11-2.96895E-09
 -1        54 3.83662E-06-1.07400E-06-1.07433E-06-2.65621E-07-2.67886E-11-2.93146E-09
 -1        55 4.53433E-06-1.26932E-06-1.26963E-06-2.65518E-07-1.30452E-10-2.95660E-09
 -1        56 5.23149E-06-1.46498E-06-1.46506E-06-2.65872E-07 2.04751E-10-2.79774E-09
 -1        57 5.93087E-06-1.66014E-06-1.66034E-06-2.65022E-07-1.04987E-09-4.19305E-09
 -1        58 6.62150E-06-1.86389E-06-1.85465E-06-2.66002E-07 5.69436E-09 3.09440E-09
 -1        59 7.29173E-06-2.04639E-06-2.05392E-06-2.66892E-07-9.49808E-09-2.75242E-08
 -1        60 7.65412E-06-2.69230E-06-2.11784E-06 5.72716E-08 9.85446E-08 4.00331E-07
 -1        61 6.34115E-08-1.90551E-07 3.75846E-08-2.12245E-07-1.77089E-08 1.24948E-08
 -1        62 1.22511E-07-1.44157E-07 2.03490E-08-7.18120E-08-1.16043E-10-3.34516E-11
 -1        63 1.17347E-07-1.51866E-07 1.31326E-08-6.91290E-08 1.18036E-09-1.18486E-08
 -1        64 1.17264E-07-1.51839E-07 1.32141E-08-6.91380E-08-1.27679E-09 1.18830E-08
 -1        65 6.36649E-08-1.90360E-07 3.74064E-08-2.12849E-07 1.79807E-08-1.23482E-08
 -1        66 9.42037E-07-2.96493E-07-2.61603E-07-3.61087E-08-8.10275E-10 1.11218E-08
 -1        67 1.85916E-06-5.16223E-07-5.21676E-07-3.95487E-08-1.54786E-09 1.90728E-08
 -1        68 2.79078E-06-7.83224E-07-7.81311E-07-4.56771E-08 1.87405E-10 1.88264E-08
 -1        69 3.71963E-06-1.04105E-06-1.04145E-06-4.43715E-08-1.38429E-10 1.88005E-08
 -1        70 4.65025E-06-1.30233E-06-1.30204E-06-4.48835E-08-2.53975E-11 1.84515E-08
 -1        71 5.58018E-06-1.56244E-06-1.56236E-06-4.46063E-08 1.09437E-10 1.87166E-08
 -1        72 6.50990E-06-1.82383E-06-1.82306E-06-4.50177E-08 1.16158E-10 1.86727E-08
 -1        73 7.44190E-06-2.07995E-06-2.08347E-06-4.31918E-08 5.55130E-11 1.86579E-08
 -1        74 8.36640E-06-2.34565E-06-2.34359E-06-4.45788E-08 3.33851E-09 2.11011E-08
 -1        75 9.29364E-06-2.53396E-06-2.59198E-06-1.83265E-08 5.20602E-09 1.69597E-08
 -1        76 1.00680E-05-2.53686E-06-2.86674E-06 1.50711E-07 1.13314E-07 4.11013E-07
 -1        77 5.15321E-07-9.81325E-08-1.46764E-07 1.91282E-08-2.99716E-09 1.01655E-08
 -1        78 1.39432E-06-3.99705E-07-3.88982E-07-7.12138E-09 2.30295E-09 1.91568E-08
 -1        79 2.32580E-06-6.48177E-07-6.51370E-07 3.88177E-09-3.85052E-10 1.82229E-08
 -1        80 3.25531E-06-9.12046E-07-9.11462E-07 1.19511E-09 8.78652E-11 1.87149E-08
 -1        81 4.18538E-06-1.17160E-06-1.17193E-06 1.96361E-09-1.23978E-10 1.86674E-08
 -1        82 5.11550E-06-1.43239E-06-1.43238E-06 1.70038E-09-5.36115E-11 1.86525E-08
 -1        83 6.04566E-06-1.69332E-06-1.69282E-06 1.57284E-09 2.01593E-11 1.87795E-08
 -1        84 6.97586E-06-1.95245E-06-1.95324E-06 2.22323E-09 1.07059E-10 1.84698E-08
 -1        85 7.90528E-06-2.21764E-06-2.21472E-06 1.44668E-10 7.46973E-11 1.98753E-08
 -1        86 8.83986E-06-2.47018E-06-2.46866E-06 2.96564E-09-4.08803E-09 8.88834E-09
 -1        87 9.75117E-06-2.79651E-06-2.77254E-06-3.36131E-08 2.07211E-09 5.76220E-08
 -1        88 1.03184E-05-3.13463E-06-2.72003E-06-7.58680E-08-1.19414E-07-6.32468E-07
 -1        89 9.85312E-06 9.29928E-11 8.27063E-11-2.01602E-06-3.96174E-16-5.51885E-11
 -1        90 1.02515E-05-1.03132E-10-9.08800E-11-1.81186E-06 8.08676E-14 1.19005E-06
 -1        91 1.02513E-05-1.03130E-10-9.08812E-11-1.81185E-06-7.92771E-14-1.19018E-06
 -1        92 9.42493E-07-2.96157E-07-2.61894E-07-3.60587E-08 5.68974E-10-1.14095E-08
 -1        93 1.85905E-06-5.15943E-07-5.21929E-07-3.97451E-08 1.48752E-09-1.90300E-08
 -1        94 2.79068E-06-7.83237E-07-7.81151E-07-4.59189E-08-1.82465E-10-1.87818E-08
 -1        95 3.71978E-06-1.04074E-06-1.04158E-06-4.43165E-08 1.32090E-10-1.87049E-08
 -1        96 4.65026E-06-1.30231E-06-1.30174E-06-4.47779E-08-1.19395E-10-1.85770E-08
 -1        97 5.58017E-06-1.56257E-06-1.56222E-06-4.46088E-08-2.18027E-10-1.86914E-08
 -1        98 6.50977E-06-1.82358E-06-1.82286E-06-4.50642E-08 1.14793E-10-1.86310E-08
 -1        99 7.44196E-06-2.07997E-06-2.08349E-06-4.32867E-08 1.18717E-10-1.87386E-08
 -1       100 8.36649E-06-2.34593E-06-2.34365E-06-4.45379E-08-3.44102E-09-2.10968E-08
 -1       101 9.29366E-06-2.53374E-06-2.59201E-06-1.83460E-08-5.24446E-09-1.68837E-08
 -1       102 1.00678E-05-2.53638E-06-2.86676E-06 1.50779E-07-1.13208E-07-4.11029E-07
 -1       103 5.15608E-07-9.83410E-08-1.46796E-07 1.92129E-08 2.89698E-09-1.03189E-08
 -1       104 1.39455E-06-3.99600E-07-3.89184E-07-7.22560E-09-2.45012E-09-1.92710E-08
 -1       105 2.32563E-06-6.48187E-07-6.51355E-07 3.80878E-09 3.24041E-10-1.81485E-08
 -1       106 3.25534E-06-9.12099E-07-9.11382E-07 1.16908E-09-1.47595E-10-1.86055E-08
 -1       107 4.18547E-06-1.17151E-06-1.17190E-06 1.98750E-09 5.68500E-11-1.86823E-08
 -1       108 5.11550E-06-1.43250E-06-1.43213E-06 1.76067E-09-2.02176E-11-1.87967E-08
 -1       109 6.04556E-06-1.69336E-06-1.69265E-06 1.61604E-09 1.06494E-11-1.86441E-08
 -1       110 6.97588E-06-1.95237E-06-1.95316E-06 2.18179E-09 2.75710E-11-1.84921E-08
 -1       111 7.90535E-06-2.21769E-06-2.21474E-06 5.02124E-11-1.12109E-10-2.00633E-08
 -1       112 8.83979E-06-2.47027E-06-2.46864E-06 3.01100E-09 4.00982E-09-8.76499E-09
 -1       113 9.75118E-06-2.79645E-06-2.77251E-06-3.35798E-08-2.11197E-09-5.75061E-08
 -1       114 1.03184E-05-3.13455E-06-2.72003E-06-7.58522E-08 1.19408E-07 6.32304E-07
 -1       115 8.98879E-06-1.04470E-10-9.11011E-11-8.61197E-07-6.35171E-13-2.14035E-06
 -1       116 8.98890E-06-1.04472E-10-9.10998E-11-8.61230E-07 6.36123E-13 2.14024E-06
 -1       117 6.78679E-07-1.86284E-07-1.94086E-07-2.46386E-07 8.22506E-11-9.60236E-11
 -1       118 1.39747E-06-4.00245E-07-3.90586E-07-2.77106E-07 1.00475E-10-4.45918E-11
 -1       119 2.09183E-06-5.83918E-07-5.85819E-07-2.71350E-07-2.08811E-11 6.39069E-11
 -1       120 2.79018E-06-7.81699E-07-7.81268E-07-2.72769E-07-2.98033E-11 1.90503E-11
 -1       121 3.48748E-06-9.76218E-07-9.76550E-07-2.72519E-07-1.52759E-10-4.38670E-11
 -1       122 4.18496E-06-1.17228E-06-1.17178E-06-2.72542E-07-1.54201E-10 4.62983E-12
 -1       123 4.88293E-06-1.36683E-06-1.36696E-06-2.72633E-07-2.75970E-11 8.95736E-11
 -1       124 5.57887E-06-1.56325E-06-1.56316E-06-2.72301E-07-7.87777E-11-5.53112E-11
 -1       125 6.28281E-06-1.74987E-06-1.75526E-06-2.75100E-07-4.99039E-11-7.77977E-11
 -1       126 6.96960E-06-1.95100E-06-1.96706E-06-2.62926E-07-2.28250E-11 6.76253E-11
 -1       127 8.31478E-06-1.85028E-06-2.06479E-06-3.77367E-07 9.92688E-11 6.09149E-12
 -1       128 3.66143E-07-1.12591E-07-1.00525E-07-2.25894E-07 1.31989E-10-2.00301E-12
 -1       129 6.79149E-07-1.84231E-07-1.96651E-07-2.58345E-07 9.15407E-10-3.73795E-11
 -1       130 1.04701E-06-2.84212E-07-2.93424E-07-2.22235E-07 1.31506E-10-3.30259E-11
 -1       131 1.39770E-06-4.00061E-07-3.90057E-07-2.87671E-07 6.86532E-10-3.05348E-09
 -1       132 1.74467E-06-4.90748E-07-4.88323E-07-2.27258E-07 6.30384E-12 2.38405E-11
 -1       133 2.09195E-06-5.83955E-07-5.86071E-07-2.82101E-07 8.57684E-11-3.32708E-09
 -1       134 2.44134E-06-6.82875E-07-6.83612E-07-2.25665E-07-1.75670E-11 5.02233E-11
 -1       135 2.79052E-06-7.82060E-07-7.81282E-07-2.83695E-07 9.58106E-12-3.27614E-09
 -1       136 3.13916E-06-8.79158E-07-8.78972E-07-2.26143E-07-7.42858E-11-2.13904E-11
 -1       137 3.48789E-06-9.76274E-07-9.76623E-07-2.83269E-07-1.19686E-10-3.35007E-09
 -1       138 3.83662E-06-1.07424E-06-1.07428E-06-2.26044E-07-9.54814E-11-2.26305E-11
 -1       139 4.18537E-06-1.17215E-06-1.17196E-06-2.83350E-07-1.16081E-10-3.29712E-09
 -1       140 4.53439E-06-1.26980E-06-1.26954E-06-2.26077E-07-1.02919E-10 5.34014E-11
 -1       141 4.88339E-06-1.36642E-06-1.36713E-06-2.83188E-07-3.26378E-11-3.32247E-09
 -1       142 5.23166E-06-1.46505E-06-1.46531E-06-2.25648E-07-5.41555E-11 3.15976E-11
 -1       143 5.57992E-06-1.56444E-06-1.56300E-06-2.83802E-07-2.63739E-10-3.29413E-09
 -1       144 5.93061E-06-1.66051E-06-1.65920E-06-2.28288E-07-1.74172E-11-7.90912E-11
 -1       145 6.28232E-06-1.74505E-06-1.75683E-06-2.84375E-07-3.10743E-10-3.48320E-09
 -1       146 6.62539E-06-1.85997E-06-1.85911E-06-2.18296E-07 1.43791E-11 2.13655E-12
 -1       147 6.98045E-06-1.94546E-06-1.96139E-06-2.83958E-07-5.71556E-09-5.82333E-09
 -1       148 7.27562E-06-2.03494E-06-2.02837E-06-2.69677E-07 3.38559E-11 3.79435E-11
 -1       149 8.07003E-06-1.74290E-06-2.09637E-06-3.94013E-07-3.48084E-09-1.28934E-07
 -1       150 7.69760E-06-2.63293E-06-2.08643E-06-1.87658E-07 3.26627E-11-7.53957E-12
 -1       151 6.79001E-07-1.84225E-07-1.96597E-07-2.58299E-07-8.90511E-10-6.18656E-11
 -1       152 1.39773E-06-4.00091E-07-3.90046E-07-2.87747E-07-5.24858E-10 2.99404E-09
 -1       153 2.09202E-06-5.84070E-07-5.86073E-07-2.82223E-07 8.28372E-11 3.34399E-09
 -1       154 2.79047E-06-7.81936E-07-7.81310E-07-2.83655E-07-3.94850E-11 3.32029E-09
 -1       155 3.48785E-06-9.76396E-07-9.76589E-07-2.83200E-07-7.91305E-12 3.30547E-09
 -1       156 4.18546E-06-1.17240E-06-1.17194E-06-2.83351E-07-3.64545E-11 3.31789E-09
 -1       157 4.88336E-06-1.36637E-06-1.36716E-06-2.83229E-07 6.98063E-11 3.39207E-09
 -1       158 5.57989E-06-1.56442E-06-1.56305E-06-2.83812E-07 1.78780E-10 3.22859E-09
 -1       159 6.28236E-06-1.74521E-06-1.75682E-06-2.84335E-07 2.19269E-10 3.39986E-09
 -1       160 6.98046E-06-1.94546E-06-1.96144E-06-2.84006E-07 5.76699E-09 5.92452E-09
 -1       161 8.07000E-06-1.74276E-06-2.09642E-06-3.93981E-07 3.77267E-09 1.28946E-07
 -1       162 8.71269E-08-2.04838E-07 3.14118E-08-2.08456E-07 7.86954E-12 6.93239E-11
 -1       163 9.51762E-07-2.98546E-07-2.66107E-07-3.31948E-08-1.39668E-10-1.99714E-11
 -1       164 1.85911E-06-5.16097E-07-5.21355E-07-3.44715E-08-5.99356E-11-9.27209E-12
 -1       165 2.79064E-06-7.83239E-07-7.81252E-07-4.07728E-08-1.48685E-11 5.18567E-11
 -1       166 3.71995E-06-1.04108E-06-1.04151E-06-3.96902E-08 7.75322E-11-1.49495E-11
 -1       167 4.65024E-06-1.30266E-06-1.30193E-06-4.00063E-08 6.00480E-11-5.61040E-11
 -1       168 5.58001E-06-1.56173E-06-1.56260E-06-3.98970E-08 7.52117E-11 6.63347E-11
 -1       169 6.50981E-06-1.82371E-06-1.82293E-06-3.98576E-08-1.71474E-11 1.10145E-10
 -1       170 7.44269E-06-2.07921E-06-2.08387E-06-3.98978E-08 3.63560E-11-8.98154E-11
 -1       171 8.36462E-06-2.35130E-06-2.34078E-06-3.45715E-08-3.95817E-13-9.89758E-11
 -1       172 9.30561E-06-2.54838E-06-2.60870E-06-4.46691E-08-6.49006E-11 1.15674E-10
 -1       173 1.05107E-05-2.80418E-06-2.76162E-06 2.52160E-07-1.23587E-10 1.13780E-11
 -1       174 9.49203E-07-2.96919E-07-2.64018E-07-2.86592E-08 6.36001E-10-9.01907E-09
 -1       175 5.35627E-07-1.08054E-07-1.41793E-07 2.31725E-08-5.83713E-11-1.90258E-11
 -1       176 1.85874E-06-5.15922E-07-5.21654E-07-2.76592E-08 2.57772E-10-1.44357E-08
 -1       177 1.39432E-06-3.98269E-07-3.91039E-07-2.69802E-09-3.94197E-11-2.97715E-11
 -1       178 2.79097E-06-7.83315E-07-7.81251E-07-3.44379E-08-1.04798E-11-1.39612E-08
 -1       179 2.32569E-06-6.48334E-07-6.51149E-07 8.47570E-09-5.66168E-11 2.47535E-11
 -1       180 3.72012E-06-1.04107E-06-1.04156E-06-3.29710E-08 5.99716E-11-1.39702E-08
 -1       181 3.25526E-06-9.12228E-07-9.11432E-07 6.04884E-09 5.92604E-11 3.24162E-11
 -1       182 4.65063E-06-1.30238E-06-1.30194E-06-3.33131E-08 2.38612E-11-1.39794E-08
 -1       183 4.18538E-06-1.17207E-06-1.17194E-06 6.68825E-09 9.34831E-11-5.17152E-11
 -1       184 5.58055E-06-1.56249E-06-1.56256E-06-3.32884E-08-4.36334E-11-1.39078E-08
 -1       185 5.11554E-06-1.43219E-06-1.43243E-06 6.50017E-09 1.31634E-10-2.13575E-11
 -1       186 6.51019E-06-1.82327E-06-1.82304E-06-3.33700E-08 9.23624E-12-1.38462E-08
 -1       187 6.04557E-06-1.69296E-06-1.69288E-06 6.72604E-09 2.65643E-11 1.20327E-10
 -1       188 7.44351E-06-2.08140E-06-2.08383E-06-3.25107E-08-1.25734E-10-1.43745E-08
 -1       189 6.97611E-06-1.95147E-06-1.95338E-06 6.33070E-09 1.22432E-11 1.54640E-11
 -1       190 8.36297E-06-2.34434E-06-2.34243E-06-3.16984E-08-1.07678E-09-1.30367E-08
 -1       191 7.90409E-06-2.21921E-06-2.21350E-06 8.04937E-09 5.38505E-11-1.47266E-10
 -1       192 9.31794E-06-2.55196E-06-2.60054E-06-1.50044E-08-1.09946E-08-2.35187E-08
 -1       193 8.84389E-06-2.45937E-06-2.47558E-06-1.80135E-09 2.35958E-11 4.35421E-11
 -1       194 1.02985E-05-2.66210E-06-2.81436E-06 1.64114E-07-4.11179E-08-1.45802E-07
 -1       195 9.73996E-06-2.81058E-06-2.72831E-06 1.89179E-08-7.01106E-11 1.02963E-10
 -1       196 1.03567E-05-3.10988E-06-2.66747E-06-2.73506E-07-6.29527E-11-7.53896E-11
 -1       197 9.48978E-07-2.96911E-07-2.63878E-07-2.85625E-08-9.35114E-10 8.86017E-09
 -1       198 1.85880E-06-5.16008E-07-5.21586E-07-2.75457E-08-4.28025E-10 1.44400E-08
 -1       199 2.79104E-06-7.83385E-07-7.81355E-07-3.43432E-08 3.92592E-11 1.40362E-08
 -1       200 3.72005E-06-1.04113E-06-1.04163E-06-3.30460E-08-6.66350E-11 1.39990E-08
 -1       201 4.65061E-06-1.30249E-06-1.30208E-06-3.33374E-08 3.76056E-11 1.38484E-08
 -1       202 5.58055E-06-1.56227E-06-1.56258E-06-3.32540E-08 1.14405E-10 1.39884E-08
 -1       203 6.51027E-06-1.82345E-06-1.82313E-06-3.33502E-08 1.06517E-10 1.39832E-08
 -1       204 7.44351E-06-2.08128E-06-2.08385E-06-3.24817E-08 2.44301E-10 1.42473E-08
 -1       205 8.36290E-06-2.34419E-06-2.34234E-06-3.17311E-08 1.04642E-09 1.29406E-08
 -1       206 9.31791E-06-2.55217E-06-2.60057E-06-1.49502E-08 1.08865E-08 2.36760E-08
 -1       207 1.02987E-05-2.66223E-06-2.81440E-06 1.64074E-07 4.10232E-08 1.45803E-07
 -1       208 8.07512E-06-1.03549E-10-9.12558E-11-1.45227E-06 8.35558E-16-4.77481E-11
 -1       209 8.05201E-07-2.39622E-07-2.30440E-07-1.61698E-07 2.34492E-10-3.30890E-09
 -1       210 1.62963E-06-4.58049E-07-4.55755E-07-1.79071E-07 1.76412E-09-8.89650E-09
 -1       211 2.44113E-06-6.83599E-07-6.83782E-07-1.79363E-07-6.62270E-11-9.15706E-09
 -1       212 3.25540E-06-9.11511E-07-9.11440E-07-1.79474E-07 1.74065E-10-9.02574E-09
 -1       213 4.06925E-06-1.13953E-06-1.13925E-06-1.79475E-07-2.03090E-10-9.04267E-09
 -1       214 4.88292E-06-1.36708E-06-1.36721E-06-1.79361E-07-1.54931E-10-9.05189E-09
 -1       215 5.69699E-06-1.59531E-06-1.59507E-06-1.79371E-07-1.24435E-10-9.22870E-09
 -1       216 6.51073E-06-1.82115E-06-1.82316E-06-1.79678E-07 6.03774E-10-8.47517E-09
 -1       217 7.32766E-06-2.04755E-06-2.05106E-06-1.77152E-07-4.65017E-09-1.29616E-08
 -1       218 8.12758E-06-2.22613E-06-2.27398E-06-1.80576E-07 1.48043E-09 2.89825E-09
 -1       219 8.93119E-06-2.09433E-06-2.49552E-06-8.86308E-08-1.00622E-07-3.97416E-07
 -1       220 8.04826E-07-2.39960E-07-2.30306E-07-1.61797E-07-3.73845E-10 3.16897E-09
 -1       221 1.62975E-06-4.58272E-07-4.55666E-07-1.79049E-07-1.65015E-09 8.87830E-09
 -1       222 2.44123E-06-6.83631E-07-6.83783E-07-1.79343E-07 2.14753E-10 9.11145E-09
 -1       223 3.25523E-06-9.11636E-07-9.11390E-07-1.79414E-07-8.70523E-11 9.11519E-09
 -1       224 4.06923E-06-1.13956E-06-1.13928E-06-1.79482E-07 8.14922E-11 8.98927E-09
 -1       225 4.88304E-06-1.36742E-06-1.36723E-06-1.79400E-07 2.86653E-11 9.08483E-09
 -1       226 5.69702E-06-1.59533E-06-1.59522E-06-1.79388E-07 2.98614E-10 9.22569E-09
 -1       227 6.51064E-06-1.82123E-06-1.82318E-06-1.79617E-07-5.22765E-10 8.41755E-09
 -1       228 7.32767E-06-2.04757E-06-2.05101E-06-1.77113E-07 4.52093E-09 1.29571E-08
 -1       229 8.12757E-06-2.22614E-06-2.27397E-06-1.80672E-07-1.39124E-09-2.84127E-09
 -1       230 8.93127E-06-2.09454E-06-2.49557E-06-8.86297E-08 1.00905E-07 3.97426E-07
 -1       231 8.12241E-07-2.42438E-07-2.30035E-07-1.41581E-07-2.87798E-11-5.71350E-11
 -1       232 1.62933E-06-4.58212E-07-4.56062E-07-1.56454E-07 2.16692E-11-3.12907E-11
 -1       233 2.44119E-06-6.83640E-07-6.83601E-07-1.57150E-07-1.90013E-11 5.00250E-11
 -1       234 3.25542E-06-9.11473E-07-9.11469E-07-1.57195E-07 2.84928E-11 1.18590E-11
 -1       235 4.06921E-06-1.13954E-06-1.13933E-06-1.57250E-07-4.66284E-11-4.33158E-11
 -1       236 4.88293E-06-1.36713E-06-1.36733E-06-1.57210E-07-5.13852E-11 3.00018E-11
 -1       237 5.69685E-06-1.59541E-06-1.59508E-06-1.57206E-07-1.66911E-11 9.51531E-11
 -1       238 6.51160E-06-1.82140E-06-1.82366E-06-1.57196E-07-2.36254E-11-7.35407E-11
 -1       239 7.32340E-06-2.05077E-06-2.04824E-06-1.55459E-07-3.27074E-11-8.64312E-11
 -1       240 8.14354E-06-2.24989E-06-2.28817E-06-1.56454E-07-3.87641E-11 8.07301E-11
 -1       241 9.40838E-06-2.32743E-06-2.41157E-06-5.81445E-08-5.38056E-12 1.27847E-11
 -1       242-1.02594E-05-5.75153E-11-5.42542E-11-1.24326E-06-2.16359E-13-2.56918E-06
 -1       243-1.02594E-05-5.75157E-11-5.42538E-11-1.24319E-06 2.16194E-13 2.56924E-06
 -1       244-9.82116E-08 2.20203E-07-3.41683E-08-1.77779E-07 8.29539E-10-1.82549E-08
 -1       245-9.82045E-08 2.20307E-07-3.41507E-08-1.77742E-07-7.89812E-10 1.82145E-08
 -1       246 4.04902E-08-2.60650E-07 6.87661E-08-4.24808E-07 1.73088E-08 1.08338E-08
 -1       247 4.09442E-08-2.60717E-07 6.85178E-08-4.25491E-07-1.66539E-08-1.07347E-08
 -1       248 7.30457E-06 3.30953E-11 3.03907E-11-3.00928E-07 6.36185E-13-1.89360E-06
 -1       249 7.30451E-06 3.30986E-11 3.03905E-11-3.00927E-07-6.39266E-13 1.89351E-06
 -1       250-9.21595E-06-5.75399E-11-5.43154E-11-1.91114E-06-3.30102E-16 2.05925E-11
 -1       251-9.71417E-06 5.76914E-11 5.97679E-11-1.65903E-06 1.67297E-12-1.28064E-06
 -1       252-9.71415E-06 5.76922E-11 5.97675E-11-1.65900E-06-1.67243E-12 1.28069E-06
 -1       253-1.03129E-05 3.09216E-06 2.82367E-06 9.24184E-08 1.56342E-07-4.77102E-07
 -1       254-9.25057E-06 2.50433E-06 2.59310E-06-8.58497E-08-1.90288E-08-6.55311E-09
 -1       255-8.37743E-06 2.36942E-06 2.34418E-06-1.29120E-07 6.23293E-09-1.72415E-08
 -1       256-7.43890E-06 2.07669E-06 2.08347E-06-1.22261E-07-1.57334E-09-1.44680E-08
 -1       257-6.51044E-06 1.82441E-06 1.82278E-06-1.24104E-07 4.67929E-10-1.47114E-08
 -1       258-5.58027E-06 1.56212E-06 1.56242E-06-1.23535E-07-1.01394E-10-1.46315E-08
 -1       259-4.65034E-06 1.30214E-06 1.30224E-06-1.23642E-07-1.95491E-12-1.46207E-08
 -1       260-3.71995E-06 1.04159E-06 1.04153E-06-1.23556E-07-1.75629E-11-1.45230E-08
 -1       261-2.79075E-06 7.81128E-07 7.81636E-07-1.24107E-07 9.96395E-11-1.49207E-08
 -1       262-1.85738E-06 5.19786E-07 5.20227E-07-1.22102E-07-4.28996E-10-1.43870E-08
 -1       263-9.36842E-07 2.73520E-07 2.63757E-07-8.68267E-08 2.76515E-09-2.97801E-09
 -1       264-1.03110E-05 2.42957E-06 2.86019E-06-4.37170E-07-2.22145E-07 5.89122E-07
 -1       265-9.75107E-06 2.87648E-06 2.74311E-06-3.10717E-08 4.33537E-08-3.49166E-08
 -1       266-8.82525E-06 2.44009E-06 2.47007E-06-6.89108E-08-9.87405E-09-7.32933E-09
 -1       267-7.90995E-06 2.22197E-06 2.21445E-06-6.49123E-08 2.21017E-09-1.54995E-08
 -1       268-6.97443E-06 1.95107E-06 1.95308E-06-6.50336E-08-5.70518E-10-1.46074E-08
 -1       269-6.04584E-06 1.69333E-06 1.69272E-06-6.51578E-08 1.80008E-10-1.46988E-08
 -1       270-5.11549E-06 1.43225E-06 1.43241E-06-6.49573E-08-1.04293E-10-1.45996E-08
 -1       271-4.18545E-06 1.17187E-06 1.17197E-06-6.50299E-08 3.05786E-12-1.46046E-08
 -1       272-3.25529E-06 9.11400E-07 9.11573E-07-6.50978E-08 5.33632E-11-1.46223E-08
 -1       273-2.32474E-06 6.50708E-07 6.50998E-07-6.47977E-08-2.45843E-10-1.44781E-08
 -1       274-1.39811E-06 3.93549E-07 3.90135E-07-6.65381E-08 8.04895E-10-1.55273E-08
 -1       275-5.11257E-07 1.06306E-07 1.47205E-07-5.83668E-08-9.94313E-09-5.34782E-09
 -1       276-1.29324E-07 2.38887E-07-2.24713E-08-1.64969E-07-2.20479E-11 5.73250E-11
 -1       277-1.22478E-07 2.45142E-07-2.82340E-08-1.59597E-07 2.74793E-09 1.66466E-08
 -1       278-1.22451E-07 2.45170E-07-2.83855E-08-1.59628E-07-2.73146E-09-1.66186E-08
 -1       279-1.03129E-05 3.09228E-06 2.82363E-06 9.24671E-08-1.56329E-07 4.77127E-07
 -1       280-9.25049E-06 2.50434E-06 2.59306E-06-8.58456E-08 1.90325E-08 6.45519E-09
 -1       281-8.37738E-06 2.36936E-06 2.34425E-06-1.29145E-07-6.21222E-09 1.72783E-08
 -1       282-7.43894E-06 2.07674E-06 2.08343E-06-1.22312E-07 1.56397E-09 1.44698E-08
 -1       283-6.51058E-06 1.82448E-06 1.82285E-06-1.24050E-07-4.59533E-10 1.46408E-08
 -1       284-5.58017E-06 1.56210E-06 1.56242E-06-1.23594E-07 1.06256E-10 1.46921E-08
 -1       285-4.65022E-06 1.30216E-06 1.30215E-06-1.23650E-07 3.40980E-11 1.45587E-08
 -1       286-3.72007E-06 1.04165E-06 1.04160E-06-1.23657E-07 1.78928E-11 1.46778E-08
 -1       287-2.79089E-06 7.81246E-07 7.81492E-07-1.23973E-07-1.06315E-10 1.48929E-08
 -1       288-1.85734E-06 5.19800E-07 5.20273E-07-1.22057E-07 4.10931E-10 1.43547E-08
 -1       289-9.36623E-07 2.73377E-07 2.63779E-07-8.68358E-08-2.83756E-09 3.07979E-09
 -1       290-1.03111E-05 2.42960E-06 2.86017E-06-4.37194E-07 2.22166E-07-5.89056E-07
 -1       291-9.75104E-06 2.87652E-06 2.74309E-06-3.10271E-08-4.33202E-08 3.48845E-08
 -1       292-8.82522E-06 2.44004E-06 2.47008E-06-6.88791E-08 9.88387E-09 7.24151E-09
 -1       293-7.90989E-06 2.22197E-06 2.21444E-06-6.50031E-08-2.21864E-09 1.55856E-08
 -1       294-6.97455E-06 1.95112E-06 1.95314E-06-6.50356E-08 5.91177E-10 1.45874E-08
 -1       295-6.04586E-06 1.69332E-06 1.69273E-06-6.50644E-08-1.48745E-10 1.45937E-08
 -1       296-5.11538E-06 1.43228E-06 1.43233E-06-6.50451E-08 1.26638E-10 1.46295E-08
 -1       297-4.18540E-06 1.17188E-06 1.17191E-06-6.51176E-08-1.11231E-11 1.46575E-08
 -1       298-3.25544E-06 9.11454E-07 9.11575E-07-6.50524E-08-6.78663E-11 1.47610E-08
 -1       299-2.32480E-06 6.50721E-07 6.51022E-07-6.46751E-08 2.60018E-10 1.43907E-08
 -1       300-1.39805E-06 3.93463E-07 3.90135E-07-6.65158E-08-8.65838E-10 1.55513E-08
 -1       301-5.11100E-07 1.06272E-07 1.47188E-07-5.83797E-08 9.96448E-09 5.41564E-09
 -1       302-5.89434E-09 8.28047E-08-2.67484E-08-6.44776E-07 4.26032E-08-2.00214E-09
 -1       303-4.64531E-09 2.22867E-07-6.22543E-08-4.26564E-07 1.74494E-08-1.12090E-08
 -1       304-5.35192E-09-1.60281E-07 4.81747E-08-5.30748E-07 3.17429E-08 7.45827E-09
 -1       305 6.88554E-08-2.95168E-07 4.21432E-08-3.97922E-07 1.54585E-10 1.47128E-10
 -1       306 6.19253E-08-2.88667E-07 5.53166E-08-3.96160E-07-8.99590E-09-8.93381E-09
 -1       307 6.17830E-08-2.88791E-07 5.54630E-08-3.95827E-07 9.46219E-09 9.12490E-09
 -1       308-5.82671E-09 8.20393E-08-2.64746E-08-6.44525E-07-4.26600E-08 1.88751E-09
 -1       309-4.58010E-09 2.22826E-07-6.21881E-08-4.26515E-07-1.75719E-08 1.11297E-08
 -1       310-4.97848E-09-1.60988E-07 4.80487E-08-5.30905E-07-3.12431E-08-7.46961E-09
 -1       311 6.72473E-07-1.64595E-07-1.99087E-07-3.62644E-07 3.06845E-09-1.60898E-09
 -1       312 1.39817E-06-3.98336E-07-3.89479E-07-3.85583E-07-2.06842E-10 2.21471E-09
 -1       313 2.09184E-06-5.83901E-07-5.86185E-07-3.85572E-07 2.70453E-10 2.86549E-09
 -1       314 2.79021E-06-7.81821E-07-7.81226E-07-3.85230E-07-1.39638E-10 2.94107E-09
 -1       315 3.48763E-06-9.76535E-07-9.76436E-07-3.85328E-07 7.82200E-11 2.97838E-09
 -1       316 4.18518E-06-1.17141E-06-1.17188E-06-3.85180E-07-9.60868E-11 2.94358E-09
 -1       317 4.88314E-06-1.36837E-06-1.36714E-06-3.85717E-07 8.64231E-10 3.17581E-09
 -1       318 5.57877E-06-1.55615E-06-1.56263E-06-3.84186E-07-1.95648E-09 2.01064E-09
 -1       319 6.28666E-06-1.78254E-06-1.75805E-06-3.91101E-07 6.92280E-09 6.75607E-09
 -1       320 6.96010E-06-1.86159E-06-1.95547E-06-3.75690E-07-2.92956E-08-1.30372E-08
 -1       321 7.80894E-06-2.43677E-06-2.12771E-06-2.94524E-07 1.15263E-07 3.68814E-07
 -1       322 3.46239E-07-1.16892E-07-8.97486E-08-3.36102E-07-4.49240E-09 3.05026E-09
 -1       323 1.04700E-06-2.81081E-07-2.95339E-07-3.16536E-07-1.88576E-10 3.29345E-09
 -1       324 1.74469E-06-4.91284E-07-4.87952E-07-3.25267E-07-8.97678E-11 3.08870E-09
 -1       325 2.44125E-06-6.82950E-07-6.83715E-07-3.23756E-07 5.28438E-11 2.91683E-09
 -1       326 3.13896E-06-8.79182E-07-8.78794E-07-3.24133E-07 3.66342E-11 2.96145E-09
 -1       327 3.83653E-06-1.07409E-06-1.07418E-06-3.24053E-07-4.25027E-11 2.92950E-09
 -1       328 4.53432E-06-1.27017E-06-1.26958E-06-3.24169E-07 1.68595E-10 2.98692E-09
 -1       329 5.23123E-06-1.46249E-06-1.46499E-06-3.24242E-07-7.87316E-10 2.82024E-09
 -1       330 5.93062E-06-1.66924E-06-1.66017E-06-3.23154E-07 2.55996E-09 4.12156E-09
 -1       331 6.62133E-06-1.81952E-06-1.85456E-06-3.28494E-07-1.01667E-08-3.05300E-09
 -1       332 7.29147E-06-2.17430E-06-2.05387E-06-2.78230E-07 4.65361E-08 2.75629E-08
 -1       333 7.65385E-06-1.69726E-06-2.11778E-06-3.75797E-07-2.28059E-07-4.00355E-07
 -1       334 6.34219E-06 3.32426E-11 3.04596E-11-9.17082E-07-1.95162E-15-5.50520E-11
 -1       335 6.80136E-06-3.05664E-11-3.28991E-11-6.89856E-07 2.00823E-12 9.44378E-07
 -1       336 6.80139E-06-3.05646E-11-3.28991E-11-6.89883E-07-2.00581E-12-9.44477E-07
 -1       337 6.72816E-07-1.64726E-07-1.99169E-07-3.62608E-07-2.68571E-09 1.61555E-09
 -1       338 1.39806E-06-3.98473E-07-3.89418E-07-3.85475E-07 3.21274E-10-2.24807E-09
 -1       339 2.09173E-06-5.84052E-07-5.86259E-07-3.85353E-07-6.14800E-11-2.96097E-09
 -1       340 2.79036E-06-7.81973E-07-7.81146E-07-3.85276E-07 3.93167E-10-2.89073E-09
 -1       341 3.48769E-06-9.76561E-07-9.76543E-07-3.85415E-07-1.38019E-10-2.98682E-09
 -1       342 4.18496E-06-1.17124E-06-1.17194E-06-3.85205E-07-3.71042E-11-2.90113E-09
 -1       343 4.88321E-06-1.36863E-06-1.36705E-06-3.85700E-07-6.06513E-10-3.21462E-09
 -1       344 5.57888E-06-1.55617E-06-1.56260E-06-3.84194E-07 2.00655E-09-2.03807E-09
 -1       345 6.28655E-06-1.78228E-06-1.75810E-06-3.91088E-07-7.13124E-09-6.76408E-09
 -1       346 6.96007E-06-1.86188E-06-1.95540E-06-3.75703E-07 2.93755E-08 1.31079E-08
 -1       347 7.80900E-06-2.43708E-06-2.12764E-06-2.94535E-07-1.14812E-07-3.68804E-07
 -1       348 3.46620E-07-1.16685E-07-8.98303E-08-3.36286E-07 4.65166E-09-3.06670E-09
 -1       349 1.04713E-06-2.81067E-07-2.95373E-07-3.16570E-07 2.76079E-10-3.22827E-09
 -1       350 1.74451E-06-4.91290E-07-4.87893E-07-3.25054E-07 1.24432E-10-3.12738E-09
 -1       351 2.44132E-06-6.82894E-07-6.83738E-07-3.23680E-07 6.53343E-11-2.86999E-09
 -1       352 3.13910E-06-8.79171E-07-8.78891E-07-3.24307E-07-1.88961E-11-2.96865E-09
 -1       353 3.83649E-06-1.07396E-06-1.07430E-06-3.24136E-07-9.73890E-11-2.93115E-09
 -1       354 4.53418E-06-1.27008E-06-1.26959E-06-3.24018E-07-2.03625E-10-2.95630E-09
 -1       355 5.23131E-06-1.46249E-06-1.46501E-06-3.24312E-07 8.39271E-10-2.79743E-09
 -1       356 5.93066E-06-1.66911E-06-1.66028E-06-3.23348E-07-2.62445E-09-4.19275E-09
 -1       357 6.62127E-06-1.81955E-06-1.85459E-06-3.28358E-07 1.01170E-08 3.09473E-09
 -1       358 7.29148E-06-2.17440E-06-2.05385E-06-2.78043E-07-4.64207E-08-2.75242E-08
 -1       359 7.65385E-06-1.69722E-06-2.11778E-06-3.76046E-07 2.28159E-07 4.00325E-07
 -1       360-1.11024E-06-1.20557E-11-1.21503E-11 8.62450E-07 6.28168E-13 2.99251E-07
 -1       361 3.02510E-06-3.36639E-11-3.33255E-11 4.46853E-07-2.79337E-12-8.00786E-07
 -1       362-5.55396E-06 6.08770E-11 5.99276E-11-2.11081E-08-2.57729E-12 1.43402E-06
 -1       363-1.11031E-06-1.20541E-11-1.21506E-11 8.62362E-07-6.30014E-13-2.99232E-07
 -1       364 3.02505E-06-3.36651E-11-3.33254E-11 4.46785E-07 2.79630E-12 8.00771E-07
 -1       365-5.55402E-06 6.08764E-11 5.99282E-11-2.11810E-08 2.57786E-12-1.43400E-06
 -1       366-1.08516E-05 3.24554E-06 2.71823E-06 2.62589E-07-1.92201E-11-2.53660E-11
 -1       367-9.26619E-06 2.49448E-06 2.61155E-06-8.12454E-08-8.54348E-12-1.00800E-10
 -1       368-8.37579E-06 2.37403E-06 2.34021E-06-1.06003E-07 4.79560E-11 6.86960E-11
 -1       369-7.43973E-06 2.07603E-06 2.08424E-06-9.85564E-08-2.27898E-11 1.01160E-10
 -1       370-6.51026E-06 1.82471E-06 1.82261E-06-1.00583E-07-2.66135E-11-1.26652E-10
 -1       371-5.58025E-06 1.56202E-06 1.56249E-06-9.99840E-08 7.84343E-11-8.83009E-11
 -1       372-4.65034E-06 1.30212E-06 1.30210E-06-1.00132E-07-2.82103E-11 4.68101E-11
 -1       373-3.71998E-06 1.04166E-06 1.04162E-06-9.99305E-08-4.86793E-12 8.26893E-11
 -1       374-2.79067E-06 7.81393E-07 7.81336E-07-1.00484E-07 1.08530E-11-1.21675E-10
 -1       375-1.85757E-06 5.19501E-07 5.21094E-07-9.73367E-08 7.09145E-11-4.21611E-11
 -1       376-9.44620E-07 2.76773E-07 2.61703E-07-6.94414E-08 7.84273E-11-3.81966E-12
 -1       377-1.05911E-05 3.16643E-06 2.77105E-06 1.37796E-07-4.39931E-08 1.67762E-07
 -1       378-1.03840E-05 2.47304E-06 2.80747E-06-8.09173E-07-8.02456E-13 5.78521E-12
 -1       379-9.27590E-06 2.49973E-06 2.60244E-06-6.27313E-08-3.53073E-09 1.84087E-08
 -1       380-9.70420E-06 2.90304E-06 2.69962E-06 3.03028E-08-6.65276E-12-6.29044E-11
 -1       381-8.37425E-06 2.37139E-06 2.34237E-06-1.08084E-07-3.96194E-10 1.23271E-08
 -1       382-8.83174E-06 2.43106E-06 2.47731E-06-5.10361E-08 1.96541E-11-2.65935E-11
 -1       383-7.44020E-06 2.07668E-06 2.08394E-06-9.82530E-08 9.02189E-11 1.28514E-08
 -1       384-7.90884E-06 2.22390E-06 2.21284E-06-4.03352E-08 2.53934E-11 9.70666E-11
 -1       385-6.51066E-06 1.82461E-06 1.82280E-06-1.00663E-07-9.37502E-11 1.26637E-08
 -1       386-6.97455E-06 1.95069E-06 1.95341E-06-4.14626E-08-3.24225E-11-2.87571E-12
 -1       387-5.58051E-06 1.56213E-06 1.56256E-06-1.00060E-07 3.78550E-11 1.26722E-08
 -1       388-6.04587E-06 1.69330E-06 1.69266E-06-4.15372E-08 4.04083E-11-1.38083E-10
 -1       389-4.65053E-06 1.30217E-06 1.30221E-06-1.00131E-07 6.21461E-12 1.27063E-08
 -1       390-5.11546E-06 1.43215E-06 1.43236E-06-4.14319E-08 3.84306E-11-9.25353E-12
 -1       391-3.72015E-06 1.04169E-06 1.04164E-06-1.00073E-07-3.90245E-13 1.27685E-08
 -1       392-4.18544E-06 1.17201E-06 1.17192E-06-4.14342E-08-1.96661E-11 6.14996E-11
 -1       393-2.79107E-06 7.81412E-07 7.81466E-07-1.00543E-07 1.82254E-11 1.26333E-08
 -1       394-3.25530E-06 9.11578E-07 9.11489E-07-4.15452E-08-1.03592E-11-6.66665E-12
 -1       395-1.85699E-06 5.19528E-07 5.20722E-07-9.78229E-08-1.02239E-10 1.29965E-08
 -1       396-2.32499E-06 6.50575E-07 6.51318E-07-4.11396E-08 1.40099E-11-9.08094E-11
 -1       397-9.44255E-07 2.75279E-07 2.62765E-07-6.91252E-08-1.92792E-09 5.04318E-09
 -1       398-1.39707E-06 3.93490E-07 3.89525E-07-4.45903E-08 5.87744E-11-2.06247E-11
 -1       399-5.35508E-07 1.24843E-07 1.52008E-07-4.41071E-08 3.01800E-11 3.96443E-11
 -1       400-1.05911E-05 3.16643E-06 2.77108E-06 1.37774E-07 4.39807E-08-1.67776E-07
 -1       401-9.27593E-06 2.49973E-06 2.60246E-06-6.27069E-08 3.52811E-09-1.85588E-08
 -1       402-8.37425E-06 2.37141E-06 2.34229E-06-1.08081E-07 4.55239E-10-1.22396E-08
 -1       403-7.44020E-06 2.07668E-06 2.08397E-06-9.82413E-08-1.14448E-10-1.27461E-08
 -1       404-6.51063E-06 1.82459E-06 1.82281E-06-1.00669E-07 6.42843E-11-1.28276E-08
 -1       405-5.58054E-06 1.56219E-06 1.56251E-06-1.00023E-07 4.90363E-11-1.27355E-08
 -1       406-4.65057E-06 1.30221E-06 1.30222E-06-1.00147E-07-1.23186E-11-1.26853E-08
 -1       407-3.72012E-06 1.04167E-06 1.04165E-06-1.00009E-07-1.14980E-11-1.26094E-08
 -1       408-2.79099E-06 7.81370E-07 7.81512E-07-1.00575E-07 1.36193E-11-1.27718E-08
 -1       409-1.85700E-06 5.19495E-07 5.20675E-07-9.78508E-08 1.64026E-10-1.30516E-08
 -1       410-9.44359E-07 2.75353E-07 2.62730E-07-6.91130E-08 1.96802E-09-5.00110E-09
 -1       411-1.37840E-08 9.41762E-08-1.75862E-08-5.87910E-07 1.54743E-10 6.78658E-11
 -1       412-1.11998E-08 9.05181E-08-2.19980E-08-5.97065E-07-3.17369E-08 1.11484E-09
 -1       413-2.71679E-08 2.44107E-07-5.18644E-08-3.92709E-07 6.58679E-11 3.52428E-11
 -1       414 9.17595E-09-1.78068E-07 3.93749E-08-4.86704E-07 1.98540E-10 7.34258E-11
 -1       415-1.12339E-08 9.08621E-08-2.21968E-08-5.97155E-07 3.18647E-08-1.09594E-09
 -1       416 6.78703E-07-1.67501E-07-1.94093E-07-3.22124E-07 1.57639E-10-9.60250E-11
 -1       417 1.39751E-06-3.98040E-07-3.90599E-07-3.42390E-07 4.04304E-11-4.45916E-11
 -1       418 2.09190E-06-5.84235E-07-5.85838E-07-3.42933E-07-3.03641E-11 6.39075E-11
 -1       419 2.79027E-06-7.81478E-07-7.81294E-07-3.42650E-07-6.30893E-12 1.90504E-11
 -1       420 3.48759E-06-9.76430E-07-9.76582E-07-3.42925E-07-1.22212E-10-4.38674E-11
 -1       421 4.18510E-06-1.17162E-06-1.17182E-06-3.42653E-07-1.58484E-10 4.63097E-12
 -1       422 4.88309E-06-1.36902E-06-1.36701E-06-3.43183E-07-9.54711E-12 8.95747E-11
 -1       423 5.57905E-06-1.55588E-06-1.56321E-06-3.41483E-07-6.54121E-11-5.53130E-11
 -1       424 6.28302E-06-1.78480E-06-1.75532E-06-3.49559E-07-4.49253E-11-7.77986E-11
 -1       425 6.96983E-06-1.85706E-06-1.96712E-06-3.31594E-07 3.85724E-13 6.76269E-11
 -1       426 8.31503E-06-2.51421E-06-2.06486E-06-2.07543E-07 6.55366E-11 6.09148E-12
 -1       427 6.79124E-07-1.65995E-07-1.96645E-07-3.31058E-07-2.11508E-09-3.71329E-11
 -1       428 3.66129E-07-1.39465E-07-1.00521E-07-3.02925E-07 1.45531E-11-2.00121E-12
 -1       429 1.39766E-06-3.98319E-07-3.90044E-07-3.51735E-07 1.53781E-10-3.05317E-09
 -1       430 1.04698E-06-2.81785E-07-2.93414E-07-2.75713E-07 2.82672E-11-3.30251E-11
 -1       431 2.09188E-06-5.84108E-07-5.86051E-07-3.51785E-07-8.99739E-11-3.32677E-09
 -1       432 1.74461E-06-4.91114E-07-4.88306E-07-2.82510E-07-1.96870E-11 2.38396E-11
 -1       433 2.79043E-06-7.81692E-07-7.81256E-07-3.51628E-07 1.88935E-10-3.27582E-09
 -1       434 2.44126E-06-6.82964E-07-6.83589E-07-2.81302E-07-7.88954E-11 5.02226E-11
 -1       435 3.48777E-06-9.76532E-07-9.76589E-07-3.51859E-07-3.62976E-11-3.34976E-09
 -1       436 3.13905E-06-8.79127E-07-8.78942E-07-2.81623E-07-1.19296E-10-2.13900E-11
 -1       437 4.18522E-06-1.17144E-06-1.17192E-06-3.51563E-07-2.26861E-10-3.29680E-09
 -1       438 3.83649E-06-1.07403E-06-1.07424E-06-2.81422E-07-1.72927E-10-2.26302E-11
 -1       439 4.88322E-06-1.36884E-06-1.36709E-06-3.52279E-07-1.67224E-10-3.32215E-09
 -1       440 4.53423E-06-1.27023E-06-1.26949E-06-2.81522E-07-1.36578E-10 5.33991E-11
 -1       441 5.57973E-06-1.55625E-06-1.56294E-06-3.49897E-07 2.24755E-10-3.29382E-09
 -1       442 5.23148E-06-1.46227E-06-1.46526E-06-2.81721E-07-9.23425E-11 3.15976E-11
 -1       443 6.28211E-06-1.78296E-06-1.75677E-06-3.60582E-07-9.98770E-10-3.48287E-09
 -1       444 5.93041E-06-1.67026E-06-1.65915E-06-2.80772E-07-8.15283E-11-7.90876E-11
 -1       445 6.98021E-06-1.86136E-06-1.96133E-06-3.30156E-07 4.30711E-09-5.82317E-09
 -1       446 6.62516E-06-1.81438E-06-1.85904E-06-2.86689E-07-2.15198E-11 2.13485E-12
 -1       447 8.06977E-06-2.47080E-06-2.09631E-06-2.96216E-07-1.16749E-08-1.28939E-07
 -1       448 7.27537E-06-2.19148E-06-2.02830E-06-2.32461E-07-4.70776E-11 3.79418E-11
 -1       449 7.69733E-06-1.68153E-06-2.08637E-06-8.02401E-07-3.50938E-11-7.53790E-12
 -1       450 6.78976E-07-1.65945E-07-1.96590E-07-3.31114E-07 2.46493E-09-6.21098E-11
 -1       451 1.39768E-06-3.98260E-07-3.90033E-07-3.51767E-07-4.95772E-11 2.99373E-09
 -1       452 2.09195E-06-5.84092E-07-5.86053E-07-3.51881E-07 1.41745E-10 3.34368E-09
 -1       453 2.79037E-06-7.81650E-07-7.81283E-07-3.51620E-07-6.34877E-11 3.31997E-09
 -1       454 3.48773E-06-9.76563E-07-9.76556E-07-3.51820E-07-1.22065E-10 3.30516E-09
 -1       455 4.18531E-06-1.17163E-06-1.17190E-06-3.51539E-07-2.34853E-12 3.31757E-09
 -1       456 4.88319E-06-1.36876E-06-1.36712E-06-3.52269E-07 2.92721E-10 3.39175E-09
 -1       457 5.57970E-06-1.55628E-06-1.56300E-06-3.49925E-07-2.69751E-10 3.22828E-09
 -1       458 6.28215E-06-1.78308E-06-1.75676E-06-3.60606E-07 8.47268E-10 3.39954E-09
 -1       459 6.98022E-06-1.86123E-06-1.96138E-06-3.30131E-07-4.26759E-09 5.92437E-09
 -1       460 8.06975E-06-2.47075E-06-2.09636E-06-2.96208E-07 1.19672E-08 1.28951E-07
 -1       461-9.03479E-07-1.21215E-11-1.21005E-11 1.74134E-07-6.11754E-16 1.27190E-11
 -1       462-1.00185E-06 1.36534E-11 1.32387E-11 4.35328E-07 1.64672E-12-1.49321E-07
 -1       463 2.64404E-06-3.34115E-11-3.33764E-11-2.02079E-07 1.50125E-15-1.39676E-11
 -1       464-4.90834E-06 6.06179E-11 6.00326E-11-6.91994E-07 2.32262E-16 1.66319E-11
 -1       465-1.00182E-06 1.36544E-11 1.32385E-11 4.35389E-07-1.64482E-12 1.49344E-07
 -1       466-1.31356E-06 2.97095E-07 3.77820E-07-8.75661E-07-8.44806E-08 5.37137E-08
 -1       467-1.17138E-06 3.24357E-07 3.24741E-07-7.20602E-07 3.50513E-08-3.30476E-09
 -1       468-1.04787E-06 2.92945E-07 2.93927E-07-6.99908E-07-7.99012E-09 2.15353E-10
 -1       469-9.29705E-07 2.60011E-07 2.60139E-07-7.02486E-07 1.92495E-09-2.97633E-10
 -1       470-8.13933E-07 2.27936E-07 2.27914E-07-7.01836E-07-4.61654E-10 1.51989E-11
 -1       471-6.97568E-07 1.95179E-07 1.95318E-07-7.01951E-07 1.66109E-10-1.21373E-10
 -1       472-5.81210E-07 1.62655E-07 1.62753E-07-7.02140E-07-2.37830E-11-9.07865E-11
 -1       473-4.65065E-07 1.30258E-07 1.30217E-07-7.02028E-07-5.64074E-11-1.20774E-10
 -1       474-3.48540E-07 9.66789E-08 9.78940E-08-7.02016E-07-4.54631E-11-8.46268E-11
 -1       475-2.33532E-07 6.92116E-08 6.43941E-08-7.02463E-07-3.11033E-11-4.41884E-10
 -1       476-1.04055E-07 1.71659E-08 3.40025E-08-7.36532E-07-1.19317E-09 5.53359E-10
 -1       477-1.25572E-06 3.50936E-07 3.44812E-07-1.58513E-07 2.20100E-07-6.31039E-08
 -1       478-5.75691E-06 1.47998E-06 1.60009E-06-3.50224E-07-1.19455E-07 2.81752E-07
 -1       479 3.21700E-06-8.55229E-07-8.87020E-07-5.16671E-07-8.29803E-08-1.60545E-07
 -1       480-1.20280E-06 3.37370E-07 3.47460E-07-6.18367E-07-3.63869E-08 9.45442E-09
 -1       481-5.22369E-06 1.45964E-06 1.46410E-06-4.33852E-07 2.58183E-08-8.28786E-09
 -1       482 2.90166E-06-8.13993E-07-8.13471E-07-5.75166E-07 2.91496E-08 4.97228E-09
 -1       483-1.10572E-06 3.11511E-07 3.07192E-07-6.49179E-07 1.11243E-08-2.40127E-09
 -1       484-4.71504E-06 1.32026E-06 1.31823E-06-4.22160E-07-7.20429E-09 4.29724E-09
 -1       485 2.62066E-06-7.33720E-07-7.32908E-07-5.52731E-07-6.40790E-09-1.75943E-09
 -1       486-9.87476E-07 2.75996E-07 2.77274E-07-6.39608E-07-3.01490E-09 6.65146E-10
 -1       487-4.18364E-06 1.17118E-06 1.17188E-06-4.25993E-07 1.76233E-09 1.12242E-09
 -1       488 2.32415E-06-6.50836E-07-6.50851E-07-5.56071E-07 1.69984E-09-2.10253E-11
 -1       489-8.72074E-07 2.44185E-07 2.44004E-07-6.42698E-07 6.62287E-10-2.94288E-10
 -1       490-3.66283E-06 1.02564E-06 1.02550E-06-4.24930E-07-4.07643E-10 1.55952E-09
 -1       491 2.03490E-06-5.69742E-07-5.69619E-07-5.55201E-07-5.07570E-10-2.93947E-10
 -1       492-7.55718E-07 2.11503E-07 2.11656E-07-6.41844E-07-1.87211E-10-5.24662E-11
 -1       493-3.13900E-06 8.78859E-07 8.78966E-07-4.25148E-07 8.96063E-11 1.53534E-09
 -1       494 1.74375E-06-4.88214E-07-4.88310E-07-5.55345E-07 1.19371E-10-2.74273E-10
 -1       495-6.39453E-07 1.78958E-07 1.78975E-07-6.42100E-07 5.23890E-11-1.06585E-10
 -1       496-2.61591E-06 7.32432E-07 7.32506E-07-4.25186E-07-4.56704E-11 1.45795E-09
 -1       497 1.45332E-06-4.06946E-07-4.06927E-07-5.55430E-07-4.10812E-11-2.75538E-10
 -1       498-5.23179E-07 1.46493E-07 1.46486E-07-6.42179E-07 1.39448E-11-1.98429E-11
 -1       499-2.09279E-06 5.86028E-07 5.85974E-07-4.25161E-07 3.11815E-11 1.55353E-09
 -1       500 1.16267E-06-3.25907E-07-3.25435E-07-5.55438E-07 1.20092E-10-2.34010E-10
 -1       501-4.06790E-07 1.13530E-07 1.14104E-07-6.41978E-07-1.70768E-11-2.10625E-10
 -1       502-1.56952E-06 4.39446E-07 4.39579E-07-4.25129E-07-1.81125E-10 1.59297E-09
 -1       503 8.71917E-07-2.44153E-07-2.44359E-07-5.55210E-07 1.25992E-10-3.01085E-10
 -1       504-2.92081E-07 8.30301E-08 8.10014E-08-6.42455E-07-2.92188E-11 1.97396E-10
 -1       505-1.04610E-06 2.92831E-07 2.92589E-07-4.25417E-07 5.03661E-10 1.24193E-09
 -1       506 5.80280E-07-1.62944E-07-1.62017E-07-5.55974E-07-3.75886E-10-1.31619E-10
 -1       507-1.69659E-07 4.18923E-08 5.03307E-08-6.41228E-07-3.99705E-10-4.82143E-10
 -1       508-4.97618E-07 1.52851E-07 1.48468E-07-4.19605E-07-2.26739E-09 8.34800E-10
 -1       509 2.70784E-07-8.13524E-08-8.33524E-08-5.60903E-07-1.15745E-09-1.08813E-09
 -1       510-5.45596E-08 2.73357E-08 7.96961E-09-6.55671E-07-4.76464E-09 1.93790E-09
 -1       511-1.31354E-06 2.97483E-07 3.77800E-07-8.75712E-07 8.44246E-08-5.36477E-08
 -1       512-1.17153E-06 3.24384E-07 3.24707E-07-7.20806E-07-3.50432E-08 3.22733E-09
 -1       513-1.04773E-06 2.92914E-07 2.93998E-07-6.99752E-07 7.94584E-09-2.61625E-10
 -1       514-9.29768E-07 2.60229E-07 2.60126E-07-7.02319E-07-1.91381E-09 3.30086E-10
 -1       515-8.13911E-07 2.28198E-07 2.27855E-07-7.02056E-07 4.52379E-10-9.08994E-12
 -1       516-6.97470E-07 1.95422E-07 1.95365E-07-7.02078E-07-2.49140E-10 1.18749E-10
 -1       517-5.81354E-07 1.62817E-07 1.62763E-07-7.01991E-07 6.79452E-11 5.39860E-11
 -1       518-4.65166E-07 1.30545E-07 1.30224E-07-7.01907E-07 2.62438E-11 8.11554E-11
 -1       519-3.48272E-07 9.68608E-08 9.76055E-08-7.02099E-07 2.03996E-11 1.18045E-10
 -1       520-2.33540E-07 6.92848E-08 6.43626E-08-7.02472E-07 2.71299E-11 4.56908E-10
 -1       521-1.04225E-07 1.73792E-08 3.40737E-08-7.36530E-07 1.12578E-09-5.42894E-10
 -1       522-5.75686E-06 1.47991E-06 1.60006E-06-3.50249E-07 1.19409E-07-2.81715E-07
 -1       523-1.25567E-06 3.51048E-07 3.44801E-07-1.58514E-07-2.20108E-07 6.31241E-08
 -1       524 3.21696E-06-8.54683E-07-8.87044E-07-5.16721E-07 8.32328E-08 1.60575E-07
 -1       525-5.22381E-06 1.45962E-06 1.46411E-06-4.33959E-07-2.58269E-08 8.25268E-09
 -1       526-1.20284E-06 3.37488E-07 3.47440E-07-6.18505E-07 3.63829E-08-9.43780E-09
 -1       527 2.90162E-06-8.13806E-07-8.13548E-07-5.75262E-07-2.91092E-08-5.01501E-09
 -1       528-4.71504E-06 1.32029E-06 1.31824E-06-4.22088E-07 7.19648E-09-4.32423E-09
 -1       529-1.10574E-06 3.11525E-07 3.07211E-07-6.49202E-07-1.11344E-08 2.33519E-09
 -1       530 2.62082E-06-7.33891E-07-7.32890E-07-5.52630E-07 6.29689E-09 1.76958E-09
 -1       531-4.18363E-06 1.17118E-06 1.17188E-06-4.25889E-07-1.78375E-09-1.13464E-09
 -1       532-9.87483E-07 2.76083E-07 2.77215E-07-6.39407E-07 3.00305E-09-6.83111E-10
 -1       533 2.32402E-06-6.50636E-07-6.50893E-07-5.55981E-07-1.62450E-09 5.77837E-11
 -1       534-3.66273E-06 1.02563E-06 1.02548E-06-4.25050E-07 4.13094E-10-1.56056E-09
 -1       535-8.72057E-07 2.44358E-07 2.44022E-07-6.42733E-07-6.47335E-10 3.07104E-10
 -1       536 2.03484E-06-5.69365E-07-5.69713E-07-5.55328E-07 6.36156E-10 2.47541E-10
 -1       537-3.13903E-06 8.78888E-07 8.78932E-07-4.25171E-07-1.55079E-10-1.48575E-09
 -1       538-7.55633E-07 2.11704E-07 2.11655E-07-6.42078E-07 1.66652E-10 3.63149E-11
 -1       539 1.74395E-06-4.88075E-07-4.88299E-07-5.55407E-07-1.48661E-10 2.82728E-10
 -1       540-2.61605E-06 7.32458E-07 7.32503E-07-4.25127E-07 4.37126E-11-1.52052E-09
 -1       541-6.39549E-07 1.79124E-07 1.78976E-07-6.42046E-07-8.00737E-11 8.55564E-11
 -1       542 1.45324E-06-4.06808E-07-4.06919E-07-5.55307E-07 8.42212E-11 2.39156E-10
 -1       543-2.09278E-06 5.86071E-07 5.85954E-07-4.25092E-07-3.12278E-11-1.48644E-09
 -1       544-5.23309E-07 1.46681E-07 1.46491E-07-6.42024E-07-1.37025E-11 2.68973E-11
 -1       545 1.16254E-06-3.25620E-07-3.25550E-07-5.55310E-07-1.88716E-11 2.46453E-10
 -1       546-1.56932E-06 4.39347E-07 4.39516E-07-4.25208E-07 1.44198E-10-1.60221E-09
 -1       547-4.06582E-07 1.13680E-07 1.13967E-07-6.42005E-07 1.34623E-11 1.55435E-10
 -1       548 8.72107E-07-2.43856E-07-2.44449E-07-5.55394E-07 9.31175E-12 2.93855E-10
 -1       549-1.04611E-06 2.92830E-07 2.92549E-07-4.25442E-07-5.26148E-10-1.25132E-09
 -1       550-2.92029E-07 8.31157E-08 8.09933E-08-6.42491E-07 3.15189E-11-2.17319E-10
 -1       551 5.80325E-07-1.62808E-07-1.62046E-07-5.56034E-07 4.40176E-10 1.10383E-10
 -1       552-4.97818E-07 1.52958E-07 1.48395E-07-4.19634E-07 2.24479E-09-7.67517E-10
 -1       553-1.69805E-07 4.19728E-08 5.04290E-08-6.41192E-07 3.35447E-10 4.82733E-10
 -1       554 2.70471E-07-8.11104E-08-8.33525E-08-5.60859E-07 1.29326E-09 1.13083E-09
 -1       555-5.46313E-08 2.76792E-08 7.99930E-09-6.55777E-07 4.65382E-09-1.90306E-09
 -1       556-1.42735E-06 2.97896E-07 3.70067E-07-7.92964E-07 6.78764E-11 8.71034E-13
 -1       557-1.16737E-06 3.28159E-07 3.27674E-07-6.53811E-07 3.46760E-11-3.74041E-12
 -1       558-1.04688E-06 2.92526E-07 2.93060E-07-6.45621E-07 3.20047E-11 1.68839E-11
 -1       559-9.29739E-07 2.60179E-07 2.60422E-07-6.49353E-07 3.72795E-11 2.95252E-11
 -1       560-8.13745E-07 2.27934E-07 2.27798E-07-6.48778E-07 3.73329E-11 1.64480E-11
 -1       561-6.97601E-07 1.95294E-07 1.95394E-07-6.48838E-07 1.53197E-10-4.13690E-11
 -1       562-5.81325E-07 1.62769E-07 1.62880E-07-6.48848E-07 9.01021E-11-2.77194E-11
 -1       563-4.65070E-07 1.30317E-07 1.30116E-07-6.48903E-07 3.35604E-11 1.44528E-11
 -1       564-3.48467E-07 9.69269E-08 9.77252E-08-6.48903E-07 2.84832E-11 1.45278E-11
 -1       565-2.33417E-07 6.91357E-08 6.46724E-08-6.49296E-07-7.06573E-12-3.79285E-11
 -1       566-1.06130E-07 1.82398E-08 3.22213E-08-6.76140E-07 1.69385E-11 1.45488E-11
 -1       567-6.08908E-06 1.56428E-06 1.54349E-06-2.34222E-07 8.86528E-12-1.74189E-11
 -1       568-1.26819E-06 3.61873E-07 3.40935E-07-5.58753E-07 4.22167E-11-2.10223E-12
 -1       569-1.37234E-06 2.98680E-07 3.73976E-07-8.76557E-07 2.57045E-08 1.30014E-08
 -1       570 3.41418E-06-9.00669E-07-8.59495E-07-4.22705E-07 9.79853E-11 1.39574E-12
 -1       571-5.24293E-06 1.46518E-06 1.47481E-06-3.96858E-07 2.52416E-12-3.00075E-11
 -1       572-1.19335E-06 3.26621E-07 3.45053E-07-6.01754E-07 5.59282E-11 1.13075E-11
 -1       573-1.17263E-06 3.25472E-07 3.26233E-07-6.64375E-07 6.15453E-09 2.85519E-09
 -1       574 2.91095E-06-8.18258E-07-8.17879E-07-5.25982E-07 1.90533E-11 1.67611E-11
 -1       575-4.71130E-06 1.32118E-06 1.31578E-06-3.81268E-07 2.72796E-11 3.41154E-11
 -1       576-1.10804E-06 3.12018E-07 3.08225E-07-5.95286E-07 3.46002E-11-1.74137E-11
 -1       577-1.04658E-06 2.92877E-07 2.93504E-07-6.63322E-07-3.95652E-10-1.59747E-10
 -1       578 2.61908E-06-7.33987E-07-7.31973E-07-5.05789E-07 1.59056E-11-1.22118E-11
 -1       579-4.18439E-06 1.17137E-06 1.17242E-06-3.85982E-07-1.37816E-11 4.86358E-11
 -1       580-9.87439E-07 2.75823E-07 2.76938E-07-5.86765E-07 3.00847E-11 2.95643E-11
 -1       581-9.30027E-07 2.60133E-07 2.60294E-07-6.63258E-07 9.09078E-11 5.75605E-10
 -1       582 2.32419E-06-6.51066E-07-6.51026E-07-5.10007E-07 1.81740E-11 2.53763E-12
 -1       583-3.66255E-06 1.02568E-06 1.02534E-06-3.84910E-07 1.64043E-11-3.65004E-11
 -1       584-8.72073E-07 2.44305E-07 2.44114E-07-5.89559E-07 3.32220E-11 4.23814E-11
 -1       585-8.13853E-07 2.27936E-07 2.27895E-07-6.63441E-07 5.22371E-11 4.48998E-10
 -1       586 2.03491E-06-5.69861E-07-5.69664E-07-5.09095E-07 7.97532E-12 3.93287E-11
 -1       587-3.13906E-06 8.78925E-07 8.79012E-07-3.85075E-07 7.80154E-11-4.80912E-11
 -1       588-7.55685E-07 2.11627E-07 2.11638E-07-5.88811E-07 1.07195E-10-4.73690E-11
 -1       589-6.97655E-07 1.95264E-07 1.95359E-07-6.63339E-07 9.96580E-11 4.57294E-10
 -1       590 1.74383E-06-4.88395E-07-4.88233E-07-5.09252E-07 6.13728E-11-2.16872E-11
 -1       591-2.61601E-06 7.32453E-07 7.32518E-07-3.85092E-07-5.37028E-12-2.40978E-12
 -1       592-6.39556E-07 1.79068E-07 1.79062E-07-5.88953E-07 1.17783E-10-2.85865E-11
 -1       593-5.81306E-07 1.62706E-07 1.62831E-07-6.63461E-07 6.65512E-11 3.72653E-10
 -1       594 1.45323E-06-4.06810E-07-4.06908E-07-5.09230E-07 2.56853E-11-3.97456E-11
 -1       595-2.09275E-06 5.85934E-07 5.85941E-07-3.85056E-07 8.26678E-12 4.88484E-11
 -1       596-5.23210E-07 1.46518E-07 1.46496E-07-5.89003E-07 5.52286E-11 1.45260E-11
 -1       597-4.65149E-07 1.30324E-07 1.30178E-07-6.63434E-07-4.35163E-11 4.22676E-10
 -1       598 1.16263E-06-3.25502E-07-3.25598E-07-5.09216E-07 2.19091E-11 1.53232E-11
 -1       599-1.56939E-06 4.39514E-07 4.39421E-07-3.85165E-07 2.58284E-11-5.86660E-11
 -1       600-4.06683E-07 1.13594E-07 1.13971E-07-5.88835E-07 3.71669E-11 2.36279E-11
 -1       601-3.48485E-07 9.68663E-08 9.78033E-08-6.63440E-07-2.95469E-12 5.22805E-10
 -1       602 8.71962E-07-2.43990E-07-2.44225E-07-5.09170E-07 4.04525E-12 4.39098E-11
 -1       603-1.04616E-06 2.93052E-07 2.93138E-07-3.84544E-07 3.03062E-11-3.24874E-11
 -1       604-2.91885E-07 8.31072E-08 8.11321E-08-5.89337E-07 1.84442E-11-3.04660E-11
 -1       605-2.33525E-07 6.90817E-08 6.45478E-08-6.63837E-07-3.66582E-11 1.85899E-10
 -1       606 5.80368E-07-1.63174E-07-1.62459E-07-5.09641E-07 1.70970E-11-4.03190E-11
 -1       607-5.04195E-07 1.55113E-07 1.46490E-07-3.79739E-07 3.80969E-11 4.86241E-12
 -1       608-1.70331E-07 4.18571E-08 4.96185E-08-5.88566E-07-8.48874E-12-3.17418E-11
 -1       609-1.05906E-07 1.78635E-08 3.31152E-08-6.93408E-07-7.75342E-10 6.12930E-10
 -1       610 2.75185E-07-8.22308E-08-8.17433E-08-5.10606E-07 1.09592E-10-3.27868E-11
 -1       611-6.00350E-08 3.56492E-08 1.15887E-08-5.94146E-07 7.21733E-11 6.45746E-11
 -1       612-1.37233E-06 2.98854E-07 3.73957E-07-8.76578E-07-2.56637E-08-1.29667E-08
 -1       613-1.17270E-06 3.25483E-07 3.26223E-07-6.64474E-07-6.11417E-09-2.89789E-09
 -1       614-1.04651E-06 2.92863E-07 2.93571E-07-6.63253E-07 4.04702E-10 1.53577E-10
 -1       615-9.30061E-07 2.60233E-07 2.60307E-07-6.63188E-07-4.87446E-11-5.29951E-10
 -1       616-8.13855E-07 2.28050E-07 2.27828E-07-6.63521E-07-1.99737E-11-4.30279E-10
 -1       617-6.97607E-07 1.95363E-07 1.95412E-07-6.63390E-07 1.29724E-11-4.99835E-10
 -1       618-5.81367E-07 1.62792E-07 1.62836E-07-6.63412E-07 4.55235E-11-4.19120E-10
 -1       619-4.65193E-07 1.30452E-07 1.30182E-07-6.63376E-07 6.08982E-11-4.21339E-10
 -1       620-3.48363E-07 9.69361E-08 9.76892E-08-6.63464E-07 1.98951E-11-4.91485E-10
 -1       621-2.33533E-07 6.91000E-08 6.45146E-08-6.63839E-07 3.08374E-11-2.24227E-10
 -1       622-1.05981E-07 1.79643E-08 3.31500E-08-6.93396E-07 7.57951E-10-5.90269E-10
 -3
    1PSTEP                         4           1           1          
  100CL  101 1.000000000         622                     0    1           1
 -4  FORC        4    1
 -5  F1          1    2    1    0
 -5  F2          1    2    2    0
 -5  F3          1    2    3    0
 -5  ALL         1    2    0    0    1ALL
 -1         1-1.14702E+01 9.15715E+00-1.69361E-01
 -1         2-1.14901E+01 9.18330E+00 1.55145E-01
 -1         3 9.66540E+01 1.14233E+00 3.26617E+01
 -1         4 9.66505E+01 1.14751E+00-3.26633E+01
 -1         5 6.27700E-03 5.23359E+00 5.23805E-03
 -1         6 6.50559E-03 5.24054E+00-1.55981E-02
 -1         7 7.04119E+01 1.41050E+02 4.85569E+01
 -1         8 7.04111E+01 1.41066E+02-4.85643E+01
 -1         9-2.35020E+01 1.96263E+01-1.51048E-02
 -1        10 6.05968E+01 7.50880E+00-5.21032E-01
 -1        11 6.05788E+01 7.47600E+00 4.96715E-01
 -1        12-2.60963E+01-2.53584E+00-1.31145E-01
 -1        13-2.56130E+01-1.54655E-01 4.45355E-02
 -1        14-2.53778E+01-4.06164E-03-3.53818E-03
 -1        15-2.53855E+01 1.40507E-02 3.89140E-03
 -1        16-2.53811E+01 5.25807E-03 4.01810E-03
 -1        17-2.53843E+01 2.57098E-02 4.56740E-03
 -1        18-2.53898E+01-1.27136E-02 1.94590E-02
 -1        19-2.53507E+01-1.95853E-04-2.11304E-02
 -1        20-2.58894E+01 2.47163E-01 1.20914E-01
 -1        21-2.84837E+01 4.08711E+00-6.41994E-01
 -1        22-4.48027E+01 3.68566E+01-1.86551E-01
 -1        23 5.46539E+01 3.73354E+00 6.62561E-01
 -1        24 5.68385E+01 4.29466E-01-1.76466E-01
 -1        25 5.62837E+01 2.93514E-02 2.16739E-02
 -1        26 5.63267E+01-2.27594E-02-6.62424E-03
 -1        27 5.63081E+01 1.45627E-02 1.46560E-03
 -1        28 5.63030E+01-1.57694E-03 1.84167E-03
 -1        29 5.63224E+01 1.89801E-02 2.89492E-03
 -1        30 5.63090E+01-6.89845E-02-6.18235E-02
 -1        31 5.63742E+01 1.72505E-01 1.29057E-01
 -1        32 5.69121E+01-9.75774E-01-4.00704E-01
 -1        33 6.39140E+01-8.30148E+00 1.80903E+00
 -1        34 6.72203E+01-6.43375E+01 1.78844E-01
 -1        35 2.42910E+02 2.78391E+01-4.43874E-03
 -1        36-4.49141E+02-3.07044E+02-7.77866E+00
 -1        37-4.49143E+02-3.07061E+02 7.77821E+00
 -1        38-2.61041E+01-2.56810E+00 1.12935E-01
 -1        39-2.56305E+01-1.68557E-01-7.38008E-02
 -1        40-2.53880E+01-1.04246E-02-6.70977E-03
 -1        41-2.53771E+01 3.54588E-02 6.36774E-04
 -1        42-2.53753E+01 6.75634E-03 1.07799E-02
 -1        43-2.53832E+01-4.28736E-02 4.41616E-03
 -1        44-2.53872E+01-1.40788E-02-1.35563E-02
 -1        45-2.53602E+01-2.56996E-02 3.48125E-02
 -1        46-2.58929E+01 2.14400E-01-1.20731E-01
 -1        47-2.84842E+01 4.11096E+00 6.29629E-01
 -1        48-4.47963E+01 3.68732E+01 1.63180E-01
 -1        49 5.46623E+01 3.77274E+00-6.82562E-01
 -1        50 5.68428E+01 4.24749E-01 1.80866E-01
 -1        51 5.62652E+01 3.49760E-02-3.70608E-02
 -1        52 5.63104E+01-5.60671E-03-1.35434E-03
 -1        53 5.63250E+01 1.13261E-02 2.61937E-03
 -1        54 5.63051E+01-2.26941E-02-3.32236E-05
 -1        55 5.63037E+01 2.03580E-02-3.28275E-03
 -1        56 5.63055E+01-6.38325E-02 5.22374E-02
 -1        57 5.64025E+01 1.56734E-01-1.19179E-01
 -1        58 5.68972E+01-9.74383E-01 4.06152E-01
 -1        59 6.38940E+01-8.27554E+00-1.82129E+00
 -1        60 6.72369E+01-6.43174E+01-1.89252E-01
 -1        61 9.34684E-03-2.08812E+01 1.70558E-02
 -1        62 8.94141E-03 1.04270E+01-1.87912E-02
 -1        63-1.20538E-02-2.08430E+01 1.00613E-02
 -1        64-5.72808E-03-2.08144E+01-5.79327E-04
 -1        65-9.06259E-03-2.08864E+01 2.30898E-02
 -1        66-4.33402E-03-1.34687E-02-1.49357E-02
 -1        67 2.28652E-02-8.14111E-03-4.48314E-03
 -1        68 1.45135E-02 1.94345E-02 7.12648E-03
 -1        69 7.06137E-03 5.86316E-03 3.50106E-03
 -1        70-9.64119E-04 3.72904E-03 8.02147E-03
 -1        71 2.15456E-03 4.85505E-03 1.07052E-02
 -1        72 7.09591E-03-3.45824E-02-5.54290E-03
 -1        73 1.13529E-02 2.25801E-02 3.49033E-03
 -1        74 1.22350E-04-2.05354E-02-1.06613E-02
 -1        75 2.22031E-03-1.98234E-02-4.30577E-03
 -1        76 6.18680E-03-4.41575E-02-1.19993E-02
 -1        77-7.05479E-03 1.13266E-02 1.10305E-04
 -1        78 1.32215E-02-2.58164E-02-8.49153E-04
 -1        79-9.17750E-03-1.13625E-02-8.73472E-03
 -1        80-1.22490E-02 1.81810E-02 1.74846E-03
 -1        81 9.94678E-03-1.22301E-02-9.01540E-03
 -1        82-1.44972E-02-7.54518E-03-1.12434E-03
 -1        83 1.78350E-03-2.16469E-02-6.19568E-03
 -1        84 6.21340E-03 3.55179E-03 9.67374E-03
 -1        85-1.80519E-03-2.49637E-02-1.17324E-02
 -1        86-1.09974E-02-1.67941E-02 2.40637E-03
 -1        87-2.31756E-03 3.33002E-03-4.23379E-03
 -1        88-6.08242E-03 2.23432E-03-6.67249E-03
 -1        89 1.54106E+02 2.71475E+02-7.25888E-03
 -1        90-7.52895E+02 3.53964E+02-8.96906E+00
 -1        91-7.52893E+02 3.53972E+02 8.97533E+00
 -1        92 7.88383E-03 1.65757E-02-1.44065E-02
 -1        93 4.83085E-03-6.48168E-03-9.97961E-03
 -1        94-1.54579E-02 2.04212E-02-1.61366E-02
 -1        95 1.08028E-02 4.23250E-02-8.18809E-04
 -1        96 1.63025E-02 2.27995E-03-1.22472E-02
 -1        97 1.19537E-03-4.32514E-02-9.73605E-03
 -1        98 3.75790E-03-2.70375E-02 1.50625E-02
 -1        99 6.41195E-03 8.07365E-04 1.66071E-02
 -1       100-3.81282E-03-6.23963E-02 1.02194E-02
 -1       101-1.58570E-03 1.26474E-02-8.10566E-03
 -1       102 1.27181E-02 7.40342E-03-1.44369E-03
 -1       103 5.36739E-04-1.01902E-02-5.02324E-03
 -1       104-6.81434E-03-6.30568E-03-7.24203E-03
 -1       105 4.41952E-03-8.15744E-03 9.10338E-03
 -1       106-4.05610E-03 1.08688E-02-1.97952E-03
 -1       107-2.64715E-03 3.25249E-03 7.59357E-04
 -1       108-9.67936E-03 1.57091E-02-3.65626E-03
 -1       109 4.73579E-03-8.67349E-03 2.91805E-03
 -1       110 3.22592E-03 1.05098E-02-6.29278E-03
 -1       111-2.24368E-03-3.63275E-03 6.81305E-03
 -1       112-4.35827E-03-1.74069E-02-4.60500E-03
 -1       113-8.13962E-03-9.88193E-03 3.54452E-03
 -1       114 1.25080E-03-7.51043E-03 9.86161E-03
 -1       115-6.44602E+02-1.12301E+02 1.82453E+02
 -1       116-6.44596E+02-1.12328E+02-1.82439E+02
 -1       117-5.47757E+01-5.19410E+00-3.04659E-02
 -1       118-5.40105E+01-2.93120E-01-2.96394E-02
 -1       119-5.35011E+01-4.36725E-02 3.51167E-04
 -1       120-5.35047E+01-2.66060E-03 1.67265E-02
 -1       121-5.34776E+01-2.03350E-02 2.89268E-02
 -1       122-5.34807E+01 4.57872E-02 2.33325E-02
 -1       123-5.35099E+01 4.92449E-02 1.31885E-02
 -1       124-5.33853E+01-3.62750E-02 2.28480E-02
 -1       125-5.44118E+01 4.63350E-01 1.63623E-03
 -1       126-5.95043E+01 6.67577E+00-6.29281E-03
 -1       127-9.40040E+01 6.60914E+01-1.83097E-02
 -1       128 1.05001E+02 1.00768E+01-1.87898E-02
 -1       129 1.09847E+02-8.08443E-02-4.33212E-01
 -1       130 1.08340E+02 5.55095E-01-4.17582E-03
 -1       131 1.13159E+02 1.78102E-01 2.84943E-02
 -1       132 1.07140E+02 1.78781E-01 3.08949E-03
 -1       133 1.13129E+02 7.01186E-03-2.36089E-02
 -1       134 1.07186E+02-4.29359E-02-7.17684E-03
 -1       135 1.13153E+02 1.01035E-02-6.32699E-03
 -1       136 1.07166E+02 5.94163E-02-8.04681E-03
 -1       137 1.13151E+02-2.63366E-02 1.28272E-02
 -1       138 1.07142E+02-3.48415E-02-4.94291E-03
 -1       139 1.13147E+02 1.96018E-02 3.05483E-02
 -1       140 1.07168E+02 5.32583E-02 5.25134E-03
 -1       141 1.13085E+02-5.79225E-02 2.05396E-02
 -1       142 1.07152E+02-2.03284E-01-5.36623E-03
 -1       143 1.13352E+02 1.42560E-01-1.61912E-02
 -1       144 1.07282E+02 5.44483E-01-1.22284E-03
 -1       145 1.12742E+02-6.60738E-01 9.68657E-02
 -1       146 1.08208E+02-2.38100E+00 1.35525E-03
 -1       147 1.15998E+02-1.44776E+00-2.62139E-01
 -1       148 1.22287E+02-1.13073E+01-2.66886E-03
 -1       149 1.11125E+02-1.89223E+01-1.09378E+00
 -1       150 1.87657E+02-1.49426E+02-5.14753E-03
 -1       151 1.09830E+02-9.29928E-02 4.48834E-01
 -1       152 1.13163E+02 1.69017E-01-3.01916E-02
 -1       153 1.13151E+02-1.57548E-03-4.68605E-03
 -1       154 1.13149E+02 1.05802E-02-7.66253E-03
 -1       155 1.13141E+02 7.14184E-03-4.16176E-03
 -1       156 1.13155E+02 2.39809E-02 3.53235E-03
 -1       157 1.13099E+02-5.72050E-02-2.00096E-02
 -1       158 1.13338E+02 1.40664E-01 1.19382E-02
 -1       159 1.12733E+02-6.52686E-01-6.99447E-02
 -1       160 1.16009E+02-1.44418E+00 2.55065E-01
 -1       161 1.11129E+02-1.89598E+01 1.05935E+00
 -1       162-1.92079E-02-4.16711E+01 4.49195E-02
 -1       163-1.06498E-02-5.18756E-02-3.35455E-02
 -1       164 1.64122E-02 3.60166E-02-2.08125E-02
 -1       165-9.55156E-03 1.18968E-02-5.92860E-03
 -1       166 6.39133E-03 1.28369E-02 2.17287E-02
 -1       167 2.49735E-02-4.21897E-02 2.28573E-02
 -1       168 8.38002E-03 3.92239E-02 1.30459E-02
 -1       169 6.87630E-03 7.25666E-03 8.31393E-03
 -1       170 4.73415E-02 8.45370E-02 1.98877E-02
 -1       171 3.32057E-02-1.01356E-02 3.51954E-03
 -1       172 1.44820E-02-2.24004E-03-1.05666E-02
 -1       173 2.83113E-02-6.56916E-03-2.58611E-02
 -1       174-2.14482E-02-4.42599E-02-2.48970E-02
 -1       175-8.45657E-03-3.11134E-02 8.02557E-03
 -1       176-1.74972E-02-8.90886E-03-2.37953E-02
 -1       177 1.62307E-02-2.81049E-02-7.66048E-04
 -1       178 1.31620E-02 2.68076E-02 6.99285E-03
 -1       179 2.46512E-04-5.74218E-03 6.67703E-04
 -1       180-1.41353E-02-4.25611E-03-1.97373E-03
 -1       181 5.96160E-03 1.48708E-04 1.51208E-02
 -1       182-1.05431E-03 1.31993E-02 2.30912E-02
 -1       183-1.01045E-02-5.63907E-02 2.23647E-03
 -1       184-1.33023E-02-9.71582E-03 1.75195E-02
 -1       185-3.49634E-02 2.76724E-02 8.05557E-03
 -1       186 1.56065E-02 1.69650E-02-6.65522E-03
 -1       187 2.59441E-02-9.65389E-03-7.43082E-03
 -1       188-1.00031E-02 1.21374E-02-1.80896E-02
 -1       189 1.24984E-02 5.00453E-02-1.14600E-03
 -1       190-1.35398E-02-3.50396E-02-1.10217E-02
 -1       191-2.27634E-02-1.55910E-02-6.14000E-03
 -1       192 4.33669E-04-7.90345E-03-7.80876E-04
 -1       193-1.35586E-02-1.35314E-02 2.94520E-03
 -1       194-7.49651E-03-1.51340E-02 1.44834E-02
 -1       195-9.09089E-03-2.07730E-02 3.68937E-03
 -1       196-8.32989E-03 1.68755E-02 1.42553E-03
 -1       197 2.45746E-03-1.14089E-02-1.06644E-03
 -1       198-4.21344E-03-1.69368E-02 8.91494E-03
 -1       199-7.84684E-03 1.55107E-02 7.90311E-05
 -1       200-2.66698E-02 7.64526E-03-1.26988E-02
 -1       201 1.48041E-02-1.52208E-02-9.56719E-03
 -1       202-6.63530E-03-1.53601E-02 7.81263E-03
 -1       203 1.58618E-02-1.99544E-03 3.37007E-02
 -1       204-9.26888E-03 1.35609E-02 1.18368E-02
 -1       205-1.87500E-02-3.82522E-02 1.01339E-02
 -1       206-3.20087E-03-2.42914E-02-8.92783E-03
 -1       207-4.50848E-03 4.95925E-04-1.34403E-02
 -1       208-1.12126E+03-2.14020E+02 1.79094E-02
 -1       209-1.26392E-02 5.50989E-03 3.73485E-02
 -1       210-7.35668E-03 6.93959E-03 5.63753E-02
 -1       211 2.83344E-02-5.23713E-02 3.93302E-02
 -1       212-3.30992E-02-9.84061E-02-1.30171E-02
 -1       213-2.22880E-02-2.02417E-03-3.13310E-02
 -1       214 2.94054E-03 9.63389E-02 9.67614E-04
 -1       215-5.59753E-03 5.92685E-02-1.85006E-02
 -1       216-8.84218E-03-1.14144E-02-1.33261E-02
 -1       217 1.15950E-02 1.53599E-01 1.69129E-02
 -1       218 3.97696E-03-1.38176E-02 1.13658E-02
 -1       219-2.23688E-02-1.40672E-02-1.90540E-03
 -1       220-2.65990E-02 4.32749E-03 2.07842E-02
 -1       221-4.43481E-02 7.06941E-03 1.16515E-02
 -1       222-1.99210E-02-2.69926E-02-4.61269E-03
 -1       223-1.36128E-02-2.22930E-02 5.10179E-03
 -1       224-3.79566E-03-6.73575E-03 5.22319E-03
 -1       225 8.29116E-03-2.38911E-02-2.23146E-02
 -1       226-9.65306E-03 9.95483E-02-2.20694E-02
 -1       227-3.22486E-02-4.25147E-02-3.39235E-02
 -1       228 1.03715E-02 5.88351E-02-2.94492E-03
 -1       229 1.23468E-03 5.51881E-02 1.97110E-02
 -1       230-9.80643E-03 9.86652E-02 4.11993E-02
 -1       231 1.69521E-02 1.05911E-01 8.06937E-02
 -1       232-4.66263E-02-2.78409E-02 6.71069E-02
 -1       233-7.61503E-03-4.18635E-02 2.87497E-02
 -1       234-7.92740E-03-4.41547E-03-2.54411E-02
 -1       235-1.73269E-02 7.74261E-02-5.60805E-02
 -1       236 1.40634E-03-1.05403E-01-5.23162E-02
 -1       237-1.90529E-02-3.03641E-02-2.93800E-02
 -1       238-1.01486E-01-1.63076E-01-4.65194E-02
 -1       239-4.38748E-02 5.48286E-02-7.95820E-03
 -1       240-3.07089E-02 2.75696E-02 3.63189E-02
 -1       241-3.91753E-02-2.31114E-03 5.82670E-02
 -1       242-8.04843E+01 1.90519E+02 1.83491E+02
 -1       243-8.04847E+01 1.90517E+02-1.83488E+02
 -1       244-6.79082E-11 1.82356E+01-1.13370E-11
 -1       245-7.76154E-11 1.82356E+01 3.28403E-11
 -1       246 1.14901E+01 1.42625E+01-1.55145E-01
 -1       247 1.14702E+01 1.42886E+01 1.69361E-01
 -1       248 2.59371E+01 1.17098E+02 1.32515E+02
 -1       249 2.59351E+01 1.17107E+02-1.32516E+02
 -1       250-2.84681E+02 3.80565E+02 1.95298E-03
 -1       251 1.80762E+03 3.71907E+02 1.05051E+01
 -1       252 1.80761E+03 3.71900E+02-1.05159E+01
 -1       253-2.06758E-12-7.07785E-12-2.28787E-13
 -1       254-8.29774E-03 2.92922E-04 5.75002E-03
 -1       255-9.97519E-03-1.66557E-05-7.80264E-03
 -1       256-8.40740E-03 8.83453E-03 1.72951E-03
 -1       257-6.16724E-03 9.22040E-03-2.42995E-03
 -1       258 6.12005E-03-9.74499E-03 2.31476E-03
 -1       259 4.71160E-03-6.69221E-03 1.54610E-02
 -1       260 6.55223E-03 1.19298E-02-2.85579E-03
 -1       261 1.05809E-04-7.17071E-03-5.88938E-03
 -1       262 1.41228E-03-2.13811E-02-7.19853E-03
 -1       263-4.16114E-03 8.81363E-03-4.88435E-03
 -1       264 2.14075E-03 1.25896E-02 1.19708E-02
 -1       265 1.94373E-02-2.59258E-03-3.68705E-03
 -1       266 1.94219E-02-2.56380E-03-1.64869E-03
 -1       267 3.26064E-03 4.07909E-03-4.23162E-03
 -1       268 1.34352E-02-4.15212E-03 3.79044E-03
 -1       269 2.52515E-03-1.05592E-02-1.97782E-03
 -1       270-8.05977E-03 7.46417E-03-6.80500E-03
 -1       271-6.93062E-03-6.02711E-03 1.18625E-02
 -1       272 8.26051E-03 1.97286E-03 1.20384E-02
 -1       273-1.40121E-02 1.91604E-02-4.46820E-03
 -1       274 2.13176E-02-1.88812E-02-5.53791E-03
 -1       275 4.00213E-03 2.32732E-03-5.26638E-03
 -1       276 7.62096E-03 3.64651E+01 7.53365E-03
 -1       277 2.13528E-02-7.29295E+01 7.98062E-03
 -1       278 1.44540E-02-7.29277E+01-2.35080E-02
 -1       279 3.56623E-12-3.69371E-13-6.51076E-13
 -1       280-1.81779E-03 7.49298E-04-6.96959E-03
 -1       281-1.40176E-02 5.08425E-04 1.14349E-02
 -1       282-7.41609E-04 6.31818E-03-4.68513E-04
 -1       283-1.11336E-02 7.55585E-03 1.23339E-03
 -1       284-2.79967E-03 2.01828E-03 8.02547E-03
 -1       285 7.67407E-03-1.48794E-02-3.85463E-03
 -1       286-1.15623E-03-1.08710E-03-6.26057E-03
 -1       287-7.19903E-03-5.21907E-03 8.97561E-03
 -1       288 3.59143E-03-1.65222E-02 6.51044E-03
 -1       289-1.24030E-02 2.07041E-02 7.22555E-03
 -1       290-7.16989E-03 8.49882E-03-9.68712E-03
 -1       291 8.04981E-03-6.73122E-03 6.81688E-03
 -1       292 4.46632E-02-3.79585E-03-8.62555E-03
 -1       293-4.68940E-03 2.91463E-03-4.76681E-03
 -1       294 1.56542E-02 2.03818E-03 3.51167E-03
 -1       295 1.73306E-02-9.17032E-03-1.02974E-02
 -1       296-2.73097E-03-5.96588E-03 6.72083E-03
 -1       297-9.46404E-03 1.49583E-02-7.25648E-03
 -1       298-1.75212E-03 3.39254E-03 3.65340E-03
 -1       299-1.31398E-02 1.40431E-02-5.01940E-03
 -1       300 1.14848E-02-1.69895E-02 4.40554E-03
 -1       301-3.67955E-04 3.55251E-03-1.01255E-03
 -1       302-6.94759E-04 3.64187E+01 4.54090E-03
 -1       303-2.22548E-03-7.29347E+01 7.24351E-03
 -1       304-2.26903E-03-7.28384E+01 2.33898E-03
 -1       305 2.35020E+01 2.72652E+01 1.51048E-02
 -1       306-6.05805E+01-1.01253E+02 5.15042E-01
 -1       307-6.05978E+01-1.01234E+02-4.71810E-01
 -1       308-2.34916E-02 3.65220E+01 4.18783E-04
 -1       309 4.47173E-03-7.29242E+01-9.07833E-03
 -1       310 5.95556E-02-7.30213E+01 5.24721E-03
 -1       311 2.60974E+01 2.52776E+00 1.31566E-01
 -1       312 2.56138E+01 1.56198E-01-7.21779E-02
 -1       313 2.53706E+01 1.06270E-02 1.50087E-02
 -1       314 2.53846E+01-2.80850E-02-2.20159E-04
 -1       315 2.53710E+01 3.53062E-03 2.02176E-02
 -1       316 2.53977E+01-8.44442E-03 6.26409E-03
 -1       317 2.54050E+01 1.96937E-02-8.44607E-03
 -1       318 2.53449E+01 1.32424E-03 2.29310E-02
 -1       319 2.58876E+01-2.53169E-01-1.26559E-01
 -1       320 2.84889E+01-4.08083E+00 6.35725E-01
 -1       321 4.47999E+01-3.68576E+01 1.95247E-01
 -1       322-5.46434E+01-3.72366E+00-6.74443E-01
 -1       323-5.68302E+01-4.22908E-01 1.91031E-01
 -1       324-5.62663E+01-2.27987E-02-3.36035E-02
 -1       325-5.63196E+01 2.75921E-02-4.77795E-03
 -1       326-5.62949E+01-2.38917E-02-1.65168E-02
 -1       327-5.63119E+01 3.30116E-03-6.03978E-03
 -1       328-5.63405E+01-1.85977E-02-1.18903E-02
 -1       329-5.63042E+01 6.77976E-02 6.62415E-02
 -1       330-5.63671E+01-1.69871E-01-1.28957E-01
 -1       331-5.69115E+01 9.72116E-01 4.05265E-01
 -1       332-6.39078E+01 8.29681E+00-1.81254E+00
 -1       333-6.72202E+01 6.43356E+01-1.77085E-01
 -1       334 1.46285E+02 2.36122E+02-4.58627E-04
 -1       335-1.16963E+03 2.53209E+02-7.69445E-01
 -1       336-1.16962E+03 2.53187E+02 7.74486E-01
 -1       337 2.61018E+01 2.56272E+00-1.12636E-01
 -1       338 2.56427E+01 1.47896E-01 7.55177E-02
 -1       339 2.53980E+01 7.11783E-03 3.04375E-03
 -1       340 2.53822E+01-2.59921E-02 1.37831E-02
 -1       341 2.53800E+01 1.39870E-02-1.71030E-02
 -1       342 2.53830E+01 3.61716E-02-1.46487E-02
 -1       343 2.53963E+01 1.61648E-02 1.18662E-02
 -1       344 2.53604E+01 2.18614E-02-3.41953E-02
 -1       345 2.58973E+01-2.18737E-01 1.19831E-01
 -1       346 2.84796E+01-4.09965E+00-6.35260E-01
 -1       347 4.47945E+01-3.68707E+01-1.70091E-01
 -1       348-5.46510E+01-3.75265E+00 6.83700E-01
 -1       349-5.68696E+01-4.28506E-01-1.89924E-01
 -1       350-5.62606E+01-3.39614E-02 4.04737E-02
 -1       351-5.63140E+01 4.17297E-03-4.45074E-04
 -1       352-5.63244E+01-1.42227E-02 6.52402E-03
 -1       353-5.63213E+01 2.70372E-02-2.63663E-03
 -1       354-5.63093E+01-1.91853E-02 7.66086E-03
 -1       355-5.63123E+01 5.66370E-02-5.44695E-02
 -1       356-5.63994E+01-1.52421E-01 1.19396E-01
 -1       357-5.68941E+01 9.69091E-01-4.05346E-01
 -1       358-6.38925E+01 8.26975E+00 1.82477E+00
 -1       359-6.72336E+01 6.43168E+01 1.87000E-01
 -1       360-1.14019E+02 1.31179E+02-3.76526E+01
 -1       361-7.99666E+02-2.62247E+02 2.13411E+02
 -1       362 1.45008E+03-2.78719E+02-3.93697E+02
 -1       363-1.14031E+02 1.31194E+02 3.76629E+01
 -1       364-7.99647E+02-2.62260E+02-2.13408E+02
 -1       365 1.45008E+03-2.78716E+02 3.93694E+02
 -1       366-2.21053E-04 1.85798E-03-6.41928E-04
 -1       367 2.27253E-03-5.05529E-03-1.36649E-03
 -1       368-2.81062E-02 6.25440E-03 7.37994E-03
 -1       369-1.21941E-02 1.39434E-02-1.21971E-03
 -1       370 4.97899E-03 1.17053E-02 5.60715E-03
 -1       371-7.84332E-03 6.39396E-03 1.00316E-02
 -1       372 4.73922E-03-2.09578E-02 1.02244E-02
 -1       373-1.72065E-03-6.35175E-03-3.25143E-03
 -1       374-5.04881E-03-1.95426E-02-4.86678E-04
 -1       375 8.91067E-03-3.21971E-02 1.78984E-03
 -1       376-3.23502E-02 1.86400E-02-1.71958E-03
 -1       377 1.31507E-03-1.78324E-03-9.73987E-03
 -1       378 9.79430E-03-3.31904E-03-1.78888E-03
 -1       379 2.45032E-04-4.33770E-04 2.84416E-02
 -1       380 2.26019E-02-8.75331E-03 4.95498E-03
 -1       381 6.20861E-03 1.20772E-03-3.52536E-02
 -1       382 2.06660E-02 8.04962E-03-1.20433E-02
 -1       383-6.28518E-03-1.54600E-04-3.61818E-03
 -1       384 4.50954E-03-1.23193E-02 6.68326E-03
 -1       385-9.06449E-04-2.00551E-03 9.44748E-03
 -1       386 7.40549E-03 1.40475E-02 4.77862E-03
 -1       387 4.91481E-03 3.21560E-03-2.62020E-02
 -1       388 4.97295E-02-3.10583E-02-2.13599E-02
 -1       389-1.26325E-02 3.83817E-02-1.90836E-02
 -1       390 6.63056E-03 2.90537E-02 1.01849E-02
 -1       391 1.66420E-02-1.22666E-02 1.12630E-02
 -1       392-1.60886E-02-2.71203E-03-1.23368E-02
 -1       393 1.85341E-02 1.20918E-02-1.83356E-02
 -1       394 1.14427E-02 6.57343E-03 1.06839E-02
 -1       395-7.63622E-03-8.33420E-03-1.55143E-02
 -1       396 2.93959E-02-1.12079E-02-7.13152E-03
 -1       397 3.04305E-02-2.81277E-02-1.44857E-02
 -1       398 1.37963E-02-3.05859E-02 1.66596E-02
 -1       399-1.83959E-02 4.10256E-02 1.51811E-02
 -1       400-1.20334E-02-5.36996E-03 1.45282E-02
 -1       401 1.12984E-02-1.18011E-03-2.86883E-02
 -1       402 1.92653E-02 3.67815E-03-1.73468E-03
 -1       403-6.83726E-03-4.27178E-03 1.84553E-02
 -1       404-3.10916E-03-1.22416E-02 8.19294E-03
 -1       405-1.38903E-02 7.25146E-03-4.06598E-02
 -1       406-1.43733E-02 1.90078E-02-1.61582E-02
 -1       407-1.84465E-02-2.44438E-02 6.60811E-03
 -1       408 2.06493E-03 1.88904E-02 1.91460E-02
 -1       409 3.85982E-03 1.41595E-02-1.88230E-02
 -1       410 2.02525E-02-5.48214E-03-2.95329E-02
 -1       411 9.18200E-03 7.29292E+01 2.17476E-02
 -1       412 1.27263E-03-1.45868E+02-2.30872E-02
 -1       413-2.54604E-02-1.45833E+02 2.04799E-02
 -1       414 1.56754E-02-1.45840E+02-3.16931E-02
 -1       415-2.84106E-03-1.45825E+02-1.05597E-02
 -1       416 5.47841E+01 5.19786E+00 3.82799E-02
 -1       417 5.40167E+01 2.80911E-01 1.27318E-02
 -1       418 5.35114E+01 3.30575E-02 7.87927E-03
 -1       419 5.35030E+01 8.74739E-03-4.37023E-03
 -1       420 5.34763E+01 3.46786E-02-2.28044E-02
 -1       421 5.34915E+01-3.44701E-02-1.90024E-02
 -1       422 5.35224E+01-4.59541E-02-5.54243E-03
 -1       423 5.34020E+01 3.68531E-02-1.06777E-02
 -1       424 5.44079E+01-4.63032E-01-7.51472E-03
 -1       425 5.94996E+01-6.65302E+00-2.46777E-03
 -1       426 9.40118E+01-6.60855E+01 2.02594E-02
 -1       427-1.09823E+02 1.04841E-01 4.65046E-01
 -1       428-1.05001E+02-1.00641E+01 7.56487E-03
 -1       429-1.13178E+02-1.79180E-01-5.25020E-02
 -1       430-1.08339E+02-5.55610E-01-7.79033E-03
 -1       431-1.13151E+02 6.37502E-03-2.18274E-03
 -1       432-1.07167E+02-1.61765E-01-1.10422E-02
 -1       433-1.13137E+02-9.12246E-03-3.95197E-03
 -1       434-1.07182E+02 4.02638E-02 1.73496E-03
 -1       435-1.13150E+02 1.34085E-02 1.08824E-03
 -1       436-1.07193E+02-5.78661E-02-5.40540E-03
 -1       437-1.13151E+02-6.71720E-03-2.29243E-02
 -1       438-1.07157E+02 3.22280E-02-3.50205E-03
 -1       439-1.13101E+02 4.58096E-02-1.38497E-04
 -1       440-1.07173E+02-4.45960E-02-3.32364E-03
 -1       441-1.13361E+02-1.37902E-01 1.00680E-02
 -1       442-1.07182E+02 1.88302E-01-9.01925E-03
 -1       443-1.12739E+02 6.66557E-01-9.08185E-02
 -1       444-1.07271E+02-5.27181E-01-5.53525E-03
 -1       445-1.15996E+02 1.43175E+00 2.55711E-01
 -1       446-1.08198E+02 2.35945E+00-1.94030E-03
 -1       447-1.11122E+02 1.89128E+01 1.08662E+00
 -1       448-1.22290E+02 1.12917E+01 7.21304E-03
 -1       449-1.87659E+02 1.49421E+02 2.25946E-03
 -1       450-1.09826E+02 1.20141E-01-4.21372E-01
 -1       451-1.13161E+02-1.77312E-01 7.86940E-02
 -1       452-1.13158E+02 1.60484E-02 3.17548E-03
 -1       453-1.13137E+02-1.13273E-02 4.07892E-03
 -1       454-1.13119E+02-1.88938E-02-3.62300E-02
 -1       455-1.13157E+02-2.39445E-02-9.90804E-03
 -1       456-1.13111E+02 5.90903E-02-6.23912E-04
 -1       457-1.13349E+02-1.40520E-01-1.93615E-02
 -1       458-1.12722E+02 6.49184E-01 7.70196E-02
 -1       459-1.16014E+02 1.43676E+00-2.52740E-01
 -1       460-1.11129E+02 1.89610E+01-1.07654E+00
 -1       461-2.62184E+02 3.08088E+02 1.05715E-02
 -1       462 5.60942E+02-1.73863E+02 2.36968E+00
 -1       463-1.39019E+03-4.09611E+02 1.69852E-03
 -1       464 2.51280E+03-4.52242E+02-6.25220E-03
 -1       465 5.60920E+02-1.73864E+02-2.39048E+00
 -1       466 3.26313E-02 2.05768E-02 3.06571E-02
 -1       467-2.72577E-02-3.43418E-02-4.09924E-02
 -1       468-1.51066E-02-2.84039E-02 1.52765E-02
 -1       469 3.37275E-03 4.77158E-02 9.77700E-03
 -1       470-4.48769E-02 3.82940E-02 2.46739E-02
 -1       471-1.53562E-02 3.58860E-02-1.00430E-02
 -1       472-1.64775E-02 7.46528E-03-1.52716E-02
 -1       473 8.50978E-03 4.55212E-02-1.94751E-03
 -1       474 1.05776E-02 6.83165E-03-1.08765E-02
 -1       475-1.75993E-03-1.03788E-02-8.21968E-03
 -1       476-3.32370E-02 8.36185E-02 1.65582E-02
 -1       477-3.09107E-03-1.33703E-03-1.77812E-03
 -1       478-1.82086E-02 4.60207E-03-1.92408E-02
 -1       479-5.46036E-02-4.84856E-02-1.73280E-02
 -1       480-1.30771E-03 9.31307E-03 4.29791E-03
 -1       481 3.45777E-03-2.81983E-03 7.21465E-04
 -1       482 1.66362E-02 6.79190E-02 9.94241E-03
 -1       483 5.53904E-02 1.92965E-02 5.27134E-03
 -1       484 2.02054E-02 1.60771E-02-9.37349E-03
 -1       485 1.17352E-03 5.78652E-02-3.54238E-03
 -1       486-1.27662E-02 1.79777E-02-1.24092E-02
 -1       487-2.87686E-03-1.48436E-02 1.00194E-02
 -1       488 6.55754E-03-4.38110E-02-2.78483E-02
 -1       489 3.73919E-02-1.04478E-02-7.22391E-03
 -1       490-1.18081E-02-1.36761E-02-9.99873E-03
 -1       491 3.32923E-02-4.48213E-02-5.73912E-02
 -1       492 4.62954E-02-2.38462E-02-1.23795E-02
 -1       493-1.14610E-02 4.32048E-03-1.71512E-02
 -1       494 7.49792E-03-4.31250E-02 5.84779E-02
 -1       495 2.00840E-03-2.03422E-02 4.22565E-02
 -1       496 1.91866E-02 2.57572E-02-1.96986E-02
 -1       497 2.38202E-02-8.97670E-03 3.38063E-02
 -1       498 1.05205E-02-1.63091E-02-2.80503E-03
 -1       499-1.45275E-02-1.65193E-02 9.17909E-03
 -1       500 3.34654E-03-7.23333E-02-1.81251E-04
 -1       501 5.76967E-04 6.43944E-03 3.98206E-03
 -1       502 3.41436E-03 1.47785E-02 4.00558E-03
 -1       503-3.31084E-02-3.42119E-02 4.42788E-02
 -1       504-9.05885E-03 3.30246E-02 3.75524E-02
 -1       505-1.46855E-02 3.39941E-02-7.36581E-03
 -1       506 5.15451E-03-2.01223E-02 1.78060E-02
 -1       507 1.86540E-03 1.91055E-02 4.91030E-03
 -1       508 1.34004E-03-3.03330E-03-3.78935E-02
 -1       509 2.75370E-02-9.25394E-02-3.35007E-02
 -1       510-2.04900E-03-4.93032E-02 2.37432E-02
 -1       511 4.06435E-02-7.14874E-02 1.01205E-03
 -1       512-3.64955E-02-4.35731E-02 1.58270E-02
 -1       513-2.16018E-02-4.08047E-02-4.01128E-04
 -1       514-1.44974E-02 6.26006E-04-1.53584E-02
 -1       515-1.82207E-02-3.13615E-02-2.40893E-02
 -1       516 1.23175E-02-6.58686E-02 1.95291E-02
 -1       517-3.90591E-02-3.10538E-02 8.47345E-03
 -1       518 7.99386E-04-1.35988E-03 2.68463E-02
 -1       519 2.74488E-02-4.96816E-02-2.54240E-02
 -1       520-2.01465E-02-2.54867E-02-8.87422E-04
 -1       521-4.19697E-02-1.50456E-02 2.42988E-02
 -1       522-1.41968E-02 8.68992E-03 1.56903E-02
 -1       523-2.12052E-02 1.70913E-02 6.13994E-04
 -1       524-6.08029E-02 1.32735E-01 1.05769E-02
 -1       525 1.15546E-02 4.06758E-03 3.19649E-03
 -1       526 5.73054E-02 1.73895E-02 5.00631E-03
 -1       527 3.56518E-03 5.41258E-02-3.36298E-03
 -1       528 1.27205E-02-1.26396E-03-2.02387E-03
 -1       529-1.73273E-02 3.35403E-03 3.41732E-03
 -1       530 3.09018E-02 5.00843E-02 3.35081E-02
 -1       531-1.00809E-02-1.72462E-02-6.68325E-03
 -1       532 1.47583E-02 3.00219E-02-1.06167E-02
 -1       533 2.16285E-02 6.14017E-02 3.15474E-02
 -1       534-1.47805E-02-1.07789E-03 3.12942E-02
 -1       535 4.25186E-02 1.03719E-02 3.96534E-02
 -1       536-7.63254E-03 6.84789E-02 6.35565E-02
 -1       537 1.09751E-03-2.49148E-03-4.23327E-03
 -1       538-3.03796E-03 4.71524E-05 4.14508E-02
 -1       539 2.04698E-03 4.82124E-02 3.10108E-02
 -1       540 7.84141E-03 9.81104E-03-1.22014E-02
 -1       541 1.48520E-02-2.09618E-03-3.55706E-02
 -1       542 2.59783E-02 3.91402E-02 4.04163E-03
 -1       543-1.05818E-02-3.31939E-02-2.46524E-03
 -1       544 1.26844E-02-2.92489E-03-7.86522E-03
 -1       545-7.30829E-03 4.15453E-02-5.61018E-02
 -1       546-1.67054E-02 2.17742E-02 2.23766E-02
 -1       547-2.56214E-02 3.43208E-02-1.44656E-02
 -1       548-3.22492E-03 5.43317E-02-1.81696E-02
 -1       549-2.41724E-02 2.94422E-02-1.33811E-02
 -1       550-7.15114E-03 1.89416E-02 4.01148E-03
 -1       551 4.28082E-02-5.38101E-03-5.43830E-03
 -1       552 2.30089E-02-7.59690E-04-1.30186E-02
 -1       553 1.77899E-02 1.44944E-02 1.66690E-02
 -1       554 3.49296E-02 7.25859E-02-3.55094E-02
 -1       555 1.15335E-02-7.69352E-03 9.41037E-03
 -1       556 7.33784E-02-1.87226E-02 1.59838E-02
 -1       557 8.50805E-03 6.17788E-03-1.15055E-02
 -1       558-8.28718E-04 1.13370E-02-2.65852E-02
 -1       559-1.50658E-02 9.34194E-02-2.09528E-02
 -1       560-6.32288E-02 5.05368E-02 1.92969E-02
 -1       561-1.83031E-02 1.74573E-02-4.29038E-02
 -1       562-9.09414E-02-1.63554E-02-2.85959E-02
 -1       563-4.63874E-03-3.43852E-02 1.82260E-03
 -1       564 6.17687E-02-1.16455E-02-1.40897E-02
 -1       565-1.09898E-02 1.66498E-02 2.08378E-03
 -1       566-2.77726E-02 3.08680E-02 2.29068E-02
 -1       567-1.68524E-03-2.94304E-03 3.39165E-03
 -1       568-4.65701E-02 2.98373E-02-1.02822E-02
 -1       569-6.03002E-02 1.20155E-02-5.90286E-02
 -1       570-9.80610E-02 6.96203E-03-2.29685E-02
 -1       571-2.79767E-02 1.77813E-02 6.10192E-05
 -1       572 4.58461E-02-3.55325E-02 2.43333E-03
 -1       573 4.53120E-03-3.94968E-03 5.20892E-02
 -1       574-3.63823E-03-5.30963E-02 3.67077E-02
 -1       575-2.59525E-03-4.73244E-02-3.47564E-03
 -1       576-5.54228E-02-3.37169E-02-1.24855E-02
 -1       577 1.62492E-03-8.39195E-03 3.38978E-02
 -1       578-1.15852E-02-9.54755E-02 3.87786E-02
 -1       579 1.02503E-02-3.85516E-02-2.06701E-04
 -1       580-2.00180E-02-7.46656E-03 2.66269E-02
 -1       581-1.79299E-02-3.70643E-02 2.38101E-02
 -1       582-1.77113E-02-7.44209E-02 3.99772E-02
 -1       583-1.34749E-02-4.40250E-03-1.26856E-02
 -1       584 2.86642E-02-1.55072E-02-1.78800E-02
 -1       585 2.22615E-02-2.66189E-02-4.69416E-03
 -1       586 5.11855E-02 6.25506E-03 3.07786E-02
 -1       587 5.41509E-03-4.07146E-02 6.06343E-03
 -1       588 1.12939E-01-5.07119E-02 6.61839E-03
 -1       589 1.26361E-02-6.74990E-02-3.70643E-02
 -1       590 2.38932E-02 4.13055E-03 1.07735E-01
 -1       591-1.31094E-02 2.55634E-02-8.03054E-03
 -1       592 2.02878E-02 4.10401E-04 3.19278E-02
 -1       593 4.20247E-02-3.93837E-02-5.94864E-02
 -1       594 3.08251E-02 4.94969E-02 1.00018E-01
 -1       595 5.83884E-04 2.42362E-02-2.59756E-02
 -1       596 1.24715E-02 4.85285E-02 3.00538E-05
 -1       597 4.16471E-02-3.62854E-03 1.73108E-02
 -1       598-1.74398E-02-5.02748E-02 3.31701E-02
 -1       599 1.52889E-03 2.51595E-03 8.94121E-03
 -1       600-3.17742E-02 2.90261E-02-2.84582E-03
 -1       601-5.60235E-02 2.41792E-02 3.89495E-03
 -1       602-5.37678E-02-5.49665E-04 1.03202E-02
 -1       603-2.51804E-02-7.28817E-03 1.34786E-02
 -1       604-1.87544E-02 8.71444E-03-4.15616E-02
 -1       605-2.95702E-03 3.81130E-02 1.09625E-02
 -1       606 2.47818E-03-5.61571E-02-3.84708E-02
 -1       607 1.56151E-02-4.47462E-02 2.64441E-02
 -1       608 8.82904E-03 3.65083E-02-1.18914E-02
 -1       609 5.24456E-02-3.04165E-02-2.81316E-02
 -1       610 1.72352E-02-3.53374E-02-5.94552E-02
 -1       611-2.05260E-02 6.10245E-03-3.27395E-02
 -1       612-7.07497E-02 4.10423E-02-3.41461E-02
 -1       613 3.52226E-02-2.27737E-02-3.44137E-02
 -1       614 2.76361E-02 1.95939E-02-5.25025E-02
 -1       615-4.27720E-03-8.12281E-04-4.35877E-02
 -1       616 1.29297E-02 1.04640E-03-1.81118E-02
 -1       617 1.37906E-02 3.83799E-02-2.21301E-02
 -1       618 3.57373E-02 1.00421E-02 1.96949E-03
 -1       619-1.04957E-02 3.86163E-02-3.90659E-02
 -1       620-1.61911E-02 9.78207E-03 7.00308E-02
 -1       621 1.14062E-02 9.91806E-03-9.77125E-03
 -1       622 2.68338E-02 4.67605E-02-6.22220E-02
 -3
 9999
