    1C
    1UHash: 9lAXveLf, Date: 03/15/2026, Unit system: M_KG_S_C           
    1UUSER                                                              
    1UDATE              15.march.2026                                   
    1UTIME              19:09:26                                        
    1UHOST                                                              
    1UPGM               CalculiX                                        
    1UVERSION           Version 2.23                             
    1UCOMPILETIME       Sun Jan 11 00:39:44 CET 2026                    
    1UDIR                                                               
    1UDBN                                                               
    1UMAT    1S235                                                      
    2C                           459                                     1
 -1         1-1.00000E+00 5.00000E-02-5.00000E-02
 -1         2-1.00000E+00-5.00000E-02-5.00000E-02
 -1         3 1.00000E+00-5.00000E-02-5.00000E-02
 -1         4 1.00000E+00 5.00000E-02-5.00000E-02
 -1         5 1.00000E+00-5.00000E-02 5.00000E-02
 -1         6 1.00000E+00 5.00000E-02 5.00000E-02
 -1         7-1.00000E+00-5.00000E-02 5.00000E-02
 -1         8-1.00000E+00 5.00000E-02 5.00000E-02
 -1         9-1.00000E+00-3.46945E-17-5.00000E-02
 -1        10-1.00000E+00 2.50000E-02-5.00000E-02
 -1        11-1.00000E+00-2.50000E-02-5.00000E-02
 -1        12-8.00000E-01-5.00000E-02-5.00000E-02
 -1        13-6.00000E-01-5.00000E-02-5.00000E-02
 -1        14-4.00000E-01-5.00000E-02-5.00000E-02
 -1        15-2.00000E-01-5.00000E-02-5.00000E-02
 -1        16 0.00000E+00-5.00000E-02-5.00000E-02
 -1        17 2.00000E-01-5.00000E-02-5.00000E-02
 -1        18 4.00000E-01-5.00000E-02-5.00000E-02
 -1        19 6.00000E-01-5.00000E-02-5.00000E-02
 -1        20 8.00000E-01-5.00000E-02-5.00000E-02
 -1        21-9.00000E-01-5.00000E-02-5.00000E-02
 -1        22-7.00000E-01-5.00000E-02-5.00000E-02
 -1        23-5.00000E-01-5.00000E-02-5.00000E-02
 -1        24-3.00000E-01-5.00000E-02-5.00000E-02
 -1        25-1.00000E-01-5.00000E-02-5.00000E-02
 -1        26 1.00000E-01-5.00000E-02-5.00000E-02
 -1        27 3.00000E-01-5.00000E-02-5.00000E-02
 -1        28 5.00000E-01-5.00000E-02-5.00000E-02
 -1        29 7.00000E-01-5.00000E-02-5.00000E-02
 -1        30 9.00000E-01-5.00000E-02-5.00000E-02
 -1        31 1.00000E+00-3.46945E-17-5.00000E-02
 -1        32 1.00000E+00 2.50000E-02-5.00000E-02
 -1        33 1.00000E+00-2.50000E-02-5.00000E-02
 -1        34-8.00000E-01 5.00000E-02-5.00000E-02
 -1        35-6.00000E-01 5.00000E-02-5.00000E-02
 -1        36-4.00000E-01 5.00000E-02-5.00000E-02
 -1        37-2.00000E-01 5.00000E-02-5.00000E-02
 -1        38 0.00000E+00 5.00000E-02-5.00000E-02
 -1        39 2.00000E-01 5.00000E-02-5.00000E-02
 -1        40 4.00000E-01 5.00000E-02-5.00000E-02
 -1        41 6.00000E-01 5.00000E-02-5.00000E-02
 -1        42 8.00000E-01 5.00000E-02-5.00000E-02
 -1        43-9.00000E-01 5.00000E-02-5.00000E-02
 -1        44-7.00000E-01 5.00000E-02-5.00000E-02
 -1        45-5.00000E-01 5.00000E-02-5.00000E-02
 -1        46-3.00000E-01 5.00000E-02-5.00000E-02
 -1        47-1.00000E-01 5.00000E-02-5.00000E-02
 -1        48 1.00000E-01 5.00000E-02-5.00000E-02
 -1        49 3.00000E-01 5.00000E-02-5.00000E-02
 -1        50 5.00000E-01 5.00000E-02-5.00000E-02
 -1        51 7.00000E-01 5.00000E-02-5.00000E-02
 -1        52 9.00000E-01 5.00000E-02-5.00000E-02
 -1        53 1.00000E+00-5.00000E-02 0.00000E+00
 -1        54 1.00000E+00-3.46945E-17 5.00000E-02
 -1        55 1.00000E+00 2.50000E-02 5.00000E-02
 -1        56 1.00000E+00-2.50000E-02 5.00000E-02
 -1        57 1.00000E+00 5.00000E-02 0.00000E+00
 -1        58 8.00000E-01-5.00000E-02 5.00000E-02
 -1        59 6.00000E-01-5.00000E-02 5.00000E-02
 -1        60 4.00000E-01-5.00000E-02 5.00000E-02
 -1        61 2.00000E-01-5.00000E-02 5.00000E-02
 -1        62 0.00000E+00-5.00000E-02 5.00000E-02
 -1        63-2.00000E-01-5.00000E-02 5.00000E-02
 -1        64-4.00000E-01-5.00000E-02 5.00000E-02
 -1        65-6.00000E-01-5.00000E-02 5.00000E-02
 -1        66-8.00000E-01-5.00000E-02 5.00000E-02
 -1        67 9.00000E-01-5.00000E-02 5.00000E-02
 -1        68 7.00000E-01-5.00000E-02 5.00000E-02
 -1        69 5.00000E-01-5.00000E-02 5.00000E-02
 -1        70 3.00000E-01-5.00000E-02 5.00000E-02
 -1        71 1.00000E-01-5.00000E-02 5.00000E-02
 -1        72-1.00000E-01-5.00000E-02 5.00000E-02
 -1        73-3.00000E-01-5.00000E-02 5.00000E-02
 -1        74-5.00000E-01-5.00000E-02 5.00000E-02
 -1        75-7.00000E-01-5.00000E-02 5.00000E-02
 -1        76-9.00000E-01-5.00000E-02 5.00000E-02
 -1        77-1.00000E+00-3.46945E-17 5.00000E-02
 -1        78-1.00000E+00 2.50000E-02 5.00000E-02
 -1        79-1.00000E+00-2.50000E-02 5.00000E-02
 -1        80 8.00000E-01 5.00000E-02 5.00000E-02
 -1        81 6.00000E-01 5.00000E-02 5.00000E-02
 -1        82 4.00000E-01 5.00000E-02 5.00000E-02
 -1        83 2.00000E-01 5.00000E-02 5.00000E-02
 -1        84 0.00000E+00 5.00000E-02 5.00000E-02
 -1        85-2.00000E-01 5.00000E-02 5.00000E-02
 -1        86-4.00000E-01 5.00000E-02 5.00000E-02
 -1        87-6.00000E-01 5.00000E-02 5.00000E-02
 -1        88-8.00000E-01 5.00000E-02 5.00000E-02
 -1        89 9.00000E-01 5.00000E-02 5.00000E-02
 -1        90 7.00000E-01 5.00000E-02 5.00000E-02
 -1        91 5.00000E-01 5.00000E-02 5.00000E-02
 -1        92 3.00000E-01 5.00000E-02 5.00000E-02
 -1        93 1.00000E-01 5.00000E-02 5.00000E-02
 -1        94-1.00000E-01 5.00000E-02 5.00000E-02
 -1        95-3.00000E-01 5.00000E-02 5.00000E-02
 -1        96-5.00000E-01 5.00000E-02 5.00000E-02
 -1        97-7.00000E-01 5.00000E-02 5.00000E-02
 -1        98-9.00000E-01 5.00000E-02 5.00000E-02
 -1        99-1.00000E+00-5.00000E-02 0.00000E+00
 -1       100-1.00000E+00 5.00000E-02 0.00000E+00
 -1       101-8.00000E-01-3.46945E-17-5.00000E-02
 -1       102-6.00000E-01-4.16334E-17-5.00000E-02
 -1       103-4.00000E-01-3.46945E-17-5.00000E-02
 -1       104-2.00000E-01-2.77556E-17-5.00000E-02
 -1       105 0.00000E+00-3.46945E-17-5.00000E-02
 -1       106 2.00000E-01-3.46945E-17-5.00000E-02
 -1       107 4.00000E-01-4.16334E-17-5.00000E-02
 -1       108 6.00000E-01-2.77556E-17-5.00000E-02
 -1       109 8.00000E-01-3.46945E-17-5.00000E-02
 -1       110-8.00000E-01 2.50000E-02-5.00000E-02
 -1       111-9.00000E-01-3.46945E-17-5.00000E-02
 -1       112-6.00000E-01 2.50000E-02-5.00000E-02
 -1       113-7.00000E-01-3.81639E-17-5.00000E-02
 -1       114-4.00000E-01 2.50000E-02-5.00000E-02
 -1       115-5.00000E-01-3.81639E-17-5.00000E-02
 -1       116-2.00000E-01 2.50000E-02-5.00000E-02
 -1       117-3.00000E-01-3.12250E-17-5.00000E-02
 -1       118 0.00000E+00 2.50000E-02-5.00000E-02
 -1       119-1.00000E-01-3.12250E-17-5.00000E-02
 -1       120 2.00000E-01 2.50000E-02-5.00000E-02
 -1       121 1.00000E-01-3.46945E-17-5.00000E-02
 -1       122 4.00000E-01 2.50000E-02-5.00000E-02
 -1       123 3.00000E-01-3.81639E-17-5.00000E-02
 -1       124 6.00000E-01 2.50000E-02-5.00000E-02
 -1       125 5.00000E-01-3.46945E-17-5.00000E-02
 -1       126 8.00000E-01 2.50000E-02-5.00000E-02
 -1       127 7.00000E-01-3.12250E-17-5.00000E-02
 -1       128 9.00000E-01-3.46945E-17-5.00000E-02
 -1       129-8.00000E-01-2.50000E-02-5.00000E-02
 -1       130-6.00000E-01-2.50000E-02-5.00000E-02
 -1       131-4.00000E-01-2.50000E-02-5.00000E-02
 -1       132-2.00000E-01-2.50000E-02-5.00000E-02
 -1       133 0.00000E+00-2.50000E-02-5.00000E-02
 -1       134 2.00000E-01-2.50000E-02-5.00000E-02
 -1       135 4.00000E-01-2.50000E-02-5.00000E-02
 -1       136 6.00000E-01-2.50000E-02-5.00000E-02
 -1       137 8.00000E-01-2.50000E-02-5.00000E-02
 -1       138 1.00000E+00-3.46945E-17 1.38778E-17
 -1       139 8.00000E-01-3.46945E-17 5.00000E-02
 -1       140 6.00000E-01-4.16334E-17 5.00000E-02
 -1       141 4.00000E-01-3.46945E-17 5.00000E-02
 -1       142 2.00000E-01-2.77556E-17 5.00000E-02
 -1       143 0.00000E+00-3.46945E-17 5.00000E-02
 -1       144-2.00000E-01-3.46945E-17 5.00000E-02
 -1       145-4.00000E-01-4.16334E-17 5.00000E-02
 -1       146-6.00000E-01-2.77556E-17 5.00000E-02
 -1       147-8.00000E-01-3.46945E-17 5.00000E-02
 -1       148 8.00000E-01 2.50000E-02 5.00000E-02
 -1       149 9.00000E-01-3.46945E-17 5.00000E-02
 -1       150 6.00000E-01 2.50000E-02 5.00000E-02
 -1       151 7.00000E-01-3.81639E-17 5.00000E-02
 -1       152 4.00000E-01 2.50000E-02 5.00000E-02
 -1       153 5.00000E-01-3.81639E-17 5.00000E-02
 -1       154 2.00000E-01 2.50000E-02 5.00000E-02
 -1       155 3.00000E-01-3.12250E-17 5.00000E-02
 -1       156 0.00000E+00 2.50000E-02 5.00000E-02
 -1       157 1.00000E-01-3.12250E-17 5.00000E-02
 -1       158-2.00000E-01 2.50000E-02 5.00000E-02
 -1       159-1.00000E-01-3.46945E-17 5.00000E-02
 -1       160-4.00000E-01 2.50000E-02 5.00000E-02
 -1       161-3.00000E-01-3.81639E-17 5.00000E-02
 -1       162-6.00000E-01 2.50000E-02 5.00000E-02
 -1       163-5.00000E-01-3.46945E-17 5.00000E-02
 -1       164-8.00000E-01 2.50000E-02 5.00000E-02
 -1       165-7.00000E-01-3.12250E-17 5.00000E-02
 -1       166-9.00000E-01-3.46945E-17 5.00000E-02
 -1       167 8.00000E-01-2.50000E-02 5.00000E-02
 -1       168 6.00000E-01-2.50000E-02 5.00000E-02
 -1       169 4.00000E-01-2.50000E-02 5.00000E-02
 -1       170 2.00000E-01-2.50000E-02 5.00000E-02
 -1       171 0.00000E+00-2.50000E-02 5.00000E-02
 -1       172-2.00000E-01-2.50000E-02 5.00000E-02
 -1       173-4.00000E-01-2.50000E-02 5.00000E-02
 -1       174-6.00000E-01-2.50000E-02 5.00000E-02
 -1       175-8.00000E-01-2.50000E-02 5.00000E-02
 -1       176-1.00000E+00-3.46945E-17 1.38778E-17
 -1       177-8.00000E-01 5.00000E-02 0.00000E+00
 -1       178-6.00000E-01 5.00000E-02 0.00000E+00
 -1       179-4.00000E-01 5.00000E-02 0.00000E+00
 -1       180-2.00000E-01 5.00000E-02 0.00000E+00
 -1       181 0.00000E+00 5.00000E-02 0.00000E+00
 -1       182 2.00000E-01 5.00000E-02 0.00000E+00
 -1       183 4.00000E-01 5.00000E-02 0.00000E+00
 -1       184 6.00000E-01 5.00000E-02 0.00000E+00
 -1       185 8.00000E-01 5.00000E-02 0.00000E+00
 -1       186-8.00000E-01-5.00000E-02 0.00000E+00
 -1       187-6.00000E-01-5.00000E-02 0.00000E+00
 -1       188-4.00000E-01-5.00000E-02 0.00000E+00
 -1       189-2.00000E-01-5.00000E-02 0.00000E+00
 -1       190 0.00000E+00-5.00000E-02 0.00000E+00
 -1       191 2.00000E-01-5.00000E-02 0.00000E+00
 -1       192 4.00000E-01-5.00000E-02 0.00000E+00
 -1       193 6.00000E-01-5.00000E-02 0.00000E+00
 -1       194 8.00000E-01-5.00000E-02 0.00000E+00
 -1       195-8.00000E-01-3.46945E-17 1.38778E-17
 -1       196-6.00000E-01-3.46945E-17 1.38778E-17
 -1       197-4.00000E-01-3.81639E-17 1.38778E-17
 -1       198-2.00000E-01-3.12250E-17 1.38778E-17
 -1       199 0.00000E+00-3.46945E-17 1.38778E-17
 -1       200 2.00000E-01-3.12250E-17 1.38778E-17
 -1       201 4.00000E-01-3.81639E-17 1.38778E-17
 -1       202 6.00000E-01-3.46945E-17 1.38778E-17
 -1       203 8.00000E-01-3.46945E-17 1.38778E-17
 -1       320 1.00000E+00 1.00000E-01-5.00000E-02
 -1       321 1.00000E+00 7.50000E-02-5.00000E-02
 -1       322 1.00000E+00 5.00000E-02-5.00000E-02
 -1       323-1.00000E+00 1.00000E-01-5.00000E-02
 -1       324-1.00000E+00 7.50000E-02-5.00000E-02
 -1       325-1.00000E+00 5.00000E-02-5.00000E-02
 -1       326 1.00000E+00 1.00000E-01 5.00000E-02
 -1       327 1.00000E+00 7.50000E-02 5.00000E-02
 -1       328 1.00000E+00 5.00000E-02 5.00000E-02
 -1       329-1.00000E+00 1.00000E-01 5.00000E-02
 -1       330-1.00000E+00 7.50000E-02 5.00000E-02
 -1       331-1.00000E+00 5.00000E-02 5.00000E-02
 -1       332 8.00000E-01 1.00000E-01-5.00000E-02
 -1       333 8.00000E-01 7.50000E-02-5.00000E-02
 -1       334 8.00000E-01 5.00000E-02-5.00000E-02
 -1       335 6.00000E-01 1.00000E-01-5.00000E-02
 -1       336 6.00000E-01 7.50000E-02-5.00000E-02
 -1       337 6.00000E-01 5.00000E-02-5.00000E-02
 -1       338 4.00000E-01 1.00000E-01-5.00000E-02
 -1       339 4.00000E-01 7.50000E-02-5.00000E-02
 -1       340 4.00000E-01 5.00000E-02-5.00000E-02
 -1       341 2.00000E-01 1.00000E-01-5.00000E-02
 -1       342 2.00000E-01 7.50000E-02-5.00000E-02
 -1       343 2.00000E-01 5.00000E-02-5.00000E-02
 -1       344 0.00000E+00 1.00000E-01-5.00000E-02
 -1       345 0.00000E+00 7.50000E-02-5.00000E-02
 -1       346 0.00000E+00 5.00000E-02-5.00000E-02
 -1       347-2.00000E-01 1.00000E-01-5.00000E-02
 -1       348-2.00000E-01 7.50000E-02-5.00000E-02
 -1       349-2.00000E-01 5.00000E-02-5.00000E-02
 -1       350-4.00000E-01 1.00000E-01-5.00000E-02
 -1       351-4.00000E-01 7.50000E-02-5.00000E-02
 -1       352-4.00000E-01 5.00000E-02-5.00000E-02
 -1       353-6.00000E-01 1.00000E-01-5.00000E-02
 -1       354-6.00000E-01 7.50000E-02-5.00000E-02
 -1       355-6.00000E-01 5.00000E-02-5.00000E-02
 -1       356-8.00000E-01 1.00000E-01-5.00000E-02
 -1       357-8.00000E-01 7.50000E-02-5.00000E-02
 -1       358-8.00000E-01 5.00000E-02-5.00000E-02
 -1       359 9.00000E-01 1.00000E-01-5.00000E-02
 -1       361 9.00000E-01 5.00000E-02-5.00000E-02
 -1       362 7.00000E-01 1.00000E-01-5.00000E-02
 -1       364 7.00000E-01 5.00000E-02-5.00000E-02
 -1       365 5.00000E-01 1.00000E-01-5.00000E-02
 -1       367 5.00000E-01 5.00000E-02-5.00000E-02
 -1       368 3.00000E-01 1.00000E-01-5.00000E-02
 -1       370 3.00000E-01 5.00000E-02-5.00000E-02
 -1       371 1.00000E-01 1.00000E-01-5.00000E-02
 -1       373 1.00000E-01 5.00000E-02-5.00000E-02
 -1       374-1.00000E-01 1.00000E-01-5.00000E-02
 -1       376-1.00000E-01 5.00000E-02-5.00000E-02
 -1       377-3.00000E-01 1.00000E-01-5.00000E-02
 -1       379-3.00000E-01 5.00000E-02-5.00000E-02
 -1       380-5.00000E-01 1.00000E-01-5.00000E-02
 -1       382-5.00000E-01 5.00000E-02-5.00000E-02
 -1       383-7.00000E-01 1.00000E-01-5.00000E-02
 -1       385-7.00000E-01 5.00000E-02-5.00000E-02
 -1       386-9.00000E-01 1.00000E-01-5.00000E-02
 -1       388-9.00000E-01 5.00000E-02-5.00000E-02
 -1       389 1.00000E+00 1.00000E-01 0.00000E+00
 -1       391 1.00000E+00 5.00000E-02 0.00000E+00
 -1       392 8.00000E-01 1.00000E-01 5.00000E-02
 -1       393 8.00000E-01 7.50000E-02 5.00000E-02
 -1       394 8.00000E-01 5.00000E-02 5.00000E-02
 -1       395 6.00000E-01 1.00000E-01 5.00000E-02
 -1       396 6.00000E-01 7.50000E-02 5.00000E-02
 -1       397 6.00000E-01 5.00000E-02 5.00000E-02
 -1       398 4.00000E-01 1.00000E-01 5.00000E-02
 -1       399 4.00000E-01 7.50000E-02 5.00000E-02
 -1       400 4.00000E-01 5.00000E-02 5.00000E-02
 -1       401 2.00000E-01 1.00000E-01 5.00000E-02
 -1       402 2.00000E-01 7.50000E-02 5.00000E-02
 -1       403 2.00000E-01 5.00000E-02 5.00000E-02
 -1       404 0.00000E+00 1.00000E-01 5.00000E-02
 -1       405 0.00000E+00 7.50000E-02 5.00000E-02
 -1       406 0.00000E+00 5.00000E-02 5.00000E-02
 -1       407-2.00000E-01 1.00000E-01 5.00000E-02
 -1       408-2.00000E-01 7.50000E-02 5.00000E-02
 -1       409-2.00000E-01 5.00000E-02 5.00000E-02
 -1       410-4.00000E-01 1.00000E-01 5.00000E-02
 -1       411-4.00000E-01 7.50000E-02 5.00000E-02
 -1       412-4.00000E-01 5.00000E-02 5.00000E-02
 -1       413-6.00000E-01 1.00000E-01 5.00000E-02
 -1       414-6.00000E-01 7.50000E-02 5.00000E-02
 -1       415-6.00000E-01 5.00000E-02 5.00000E-02
 -1       416-8.00000E-01 1.00000E-01 5.00000E-02
 -1       417-8.00000E-01 7.50000E-02 5.00000E-02
 -1       418-8.00000E-01 5.00000E-02 5.00000E-02
 -1       419 9.00000E-01 1.00000E-01 5.00000E-02
 -1       421 9.00000E-01 5.00000E-02 5.00000E-02
 -1       422 7.00000E-01 1.00000E-01 5.00000E-02
 -1       424 7.00000E-01 5.00000E-02 5.00000E-02
 -1       425 5.00000E-01 1.00000E-01 5.00000E-02
 -1       427 5.00000E-01 5.00000E-02 5.00000E-02
 -1       428 3.00000E-01 1.00000E-01 5.00000E-02
 -1       430 3.00000E-01 5.00000E-02 5.00000E-02
 -1       431 1.00000E-01 1.00000E-01 5.00000E-02
 -1       433 1.00000E-01 5.00000E-02 5.00000E-02
 -1       434-1.00000E-01 1.00000E-01 5.00000E-02
 -1       436-1.00000E-01 5.00000E-02 5.00000E-02
 -1       437-3.00000E-01 1.00000E-01 5.00000E-02
 -1       439-3.00000E-01 5.00000E-02 5.00000E-02
 -1       440-5.00000E-01 1.00000E-01 5.00000E-02
 -1       442-5.00000E-01 5.00000E-02 5.00000E-02
 -1       443-7.00000E-01 1.00000E-01 5.00000E-02
 -1       445-7.00000E-01 5.00000E-02 5.00000E-02
 -1       446-9.00000E-01 1.00000E-01 5.00000E-02
 -1       448-9.00000E-01 5.00000E-02 5.00000E-02
 -1       449-1.00000E+00 1.00000E-01 0.00000E+00
 -1       451-1.00000E+00 5.00000E-02 0.00000E+00
 -1       452 8.00000E-01 1.00000E-01 0.00000E+00
 -1       454 8.00000E-01 5.00000E-02 0.00000E+00
 -1       455 6.00000E-01 1.00000E-01 0.00000E+00
 -1       457 6.00000E-01 5.00000E-02 0.00000E+00
 -1       458 4.00000E-01 1.00000E-01 0.00000E+00
 -1       460 4.00000E-01 5.00000E-02 0.00000E+00
 -1       461 2.00000E-01 1.00000E-01 0.00000E+00
 -1       463 2.00000E-01 5.00000E-02 0.00000E+00
 -1       464 3.46945E-18 1.00000E-01 0.00000E+00
 -1       466 0.00000E+00 5.00000E-02 0.00000E+00
 -1       467-2.00000E-01 1.00000E-01 0.00000E+00
 -1       469-2.00000E-01 5.00000E-02 0.00000E+00
 -1       470-4.00000E-01 1.00000E-01 0.00000E+00
 -1       472-4.00000E-01 5.00000E-02 0.00000E+00
 -1       473-6.00000E-01 1.00000E-01 0.00000E+00
 -1       475-6.00000E-01 5.00000E-02 0.00000E+00
 -1       476-8.00000E-01 1.00000E-01 0.00000E+00
 -1       478-8.00000E-01 5.00000E-02 0.00000E+00
 -1       479 1.00000E+00-5.00000E-02-5.00000E-02
 -1       480 1.00000E+00-7.50000E-02-5.00000E-02
 -1       481 1.00000E+00-1.00000E-01-5.00000E-02
 -1       482-1.00000E+00-5.00000E-02-5.00000E-02
 -1       483-1.00000E+00-7.50000E-02-5.00000E-02
 -1       484-1.00000E+00-1.00000E-01-5.00000E-02
 -1       485 1.00000E+00-5.00000E-02 5.00000E-02
 -1       486 1.00000E+00-7.50000E-02 5.00000E-02
 -1       487 1.00000E+00-1.00000E-01 5.00000E-02
 -1       488-1.00000E+00-5.00000E-02 5.00000E-02
 -1       489-1.00000E+00-7.50000E-02 5.00000E-02
 -1       490-1.00000E+00-1.00000E-01 5.00000E-02
 -1       491 8.00000E-01-5.00000E-02-5.00000E-02
 -1       492 8.00000E-01-7.50000E-02-5.00000E-02
 -1       493 8.00000E-01-1.00000E-01-5.00000E-02
 -1       494 6.00000E-01-5.00000E-02-5.00000E-02
 -1       495 6.00000E-01-7.50000E-02-5.00000E-02
 -1       496 6.00000E-01-1.00000E-01-5.00000E-02
 -1       497 4.00000E-01-5.00000E-02-5.00000E-02
 -1       498 4.00000E-01-7.50000E-02-5.00000E-02
 -1       499 4.00000E-01-1.00000E-01-5.00000E-02
 -1       500 2.00000E-01-5.00000E-02-5.00000E-02
 -1       501 2.00000E-01-7.50000E-02-5.00000E-02
 -1       502 2.00000E-01-1.00000E-01-5.00000E-02
 -1       503 0.00000E+00-5.00000E-02-5.00000E-02
 -1       504 0.00000E+00-7.50000E-02-5.00000E-02
 -1       505 0.00000E+00-1.00000E-01-5.00000E-02
 -1       506-2.00000E-01-5.00000E-02-5.00000E-02
 -1       507-2.00000E-01-7.50000E-02-5.00000E-02
 -1       508-2.00000E-01-1.00000E-01-5.00000E-02
 -1       509-4.00000E-01-5.00000E-02-5.00000E-02
 -1       510-4.00000E-01-7.50000E-02-5.00000E-02
 -1       511-4.00000E-01-1.00000E-01-5.00000E-02
 -1       512-6.00000E-01-5.00000E-02-5.00000E-02
 -1       513-6.00000E-01-7.50000E-02-5.00000E-02
 -1       514-6.00000E-01-1.00000E-01-5.00000E-02
 -1       515-8.00000E-01-5.00000E-02-5.00000E-02
 -1       516-8.00000E-01-7.50000E-02-5.00000E-02
 -1       517-8.00000E-01-1.00000E-01-5.00000E-02
 -1       518 9.00000E-01-5.00000E-02-5.00000E-02
 -1       520 9.00000E-01-1.00000E-01-5.00000E-02
 -1       521 7.00000E-01-5.00000E-02-5.00000E-02
 -1       523 7.00000E-01-1.00000E-01-5.00000E-02
 -1       524 5.00000E-01-5.00000E-02-5.00000E-02
 -1       526 5.00000E-01-1.00000E-01-5.00000E-02
 -1       527 3.00000E-01-5.00000E-02-5.00000E-02
 -1       529 3.00000E-01-1.00000E-01-5.00000E-02
 -1       530 1.00000E-01-5.00000E-02-5.00000E-02
 -1       532 1.00000E-01-1.00000E-01-5.00000E-02
 -1       533-1.00000E-01-5.00000E-02-5.00000E-02
 -1       535-1.00000E-01-1.00000E-01-5.00000E-02
 -1       536-3.00000E-01-5.00000E-02-5.00000E-02
 -1       538-3.00000E-01-1.00000E-01-5.00000E-02
 -1       539-5.00000E-01-5.00000E-02-5.00000E-02
 -1       541-5.00000E-01-1.00000E-01-5.00000E-02
 -1       542-7.00000E-01-5.00000E-02-5.00000E-02
 -1       544-7.00000E-01-1.00000E-01-5.00000E-02
 -1       545-9.00000E-01-5.00000E-02-5.00000E-02
 -1       547-9.00000E-01-1.00000E-01-5.00000E-02
 -1       548 1.00000E+00-5.00000E-02 0.00000E+00
 -1       550 1.00000E+00-1.00000E-01 0.00000E+00
 -1       551 8.00000E-01-5.00000E-02 5.00000E-02
 -1       552 8.00000E-01-7.50000E-02 5.00000E-02
 -1       553 8.00000E-01-1.00000E-01 5.00000E-02
 -1       554 6.00000E-01-5.00000E-02 5.00000E-02
 -1       555 6.00000E-01-7.50000E-02 5.00000E-02
 -1       556 6.00000E-01-1.00000E-01 5.00000E-02
 -1       557 4.00000E-01-5.00000E-02 5.00000E-02
 -1       558 4.00000E-01-7.50000E-02 5.00000E-02
 -1       559 4.00000E-01-1.00000E-01 5.00000E-02
 -1       560 2.00000E-01-5.00000E-02 5.00000E-02
 -1       561 2.00000E-01-7.50000E-02 5.00000E-02
 -1       562 2.00000E-01-1.00000E-01 5.00000E-02
 -1       563 0.00000E+00-5.00000E-02 5.00000E-02
 -1       564 0.00000E+00-7.50000E-02 5.00000E-02
 -1       565 0.00000E+00-1.00000E-01 5.00000E-02
 -1       566-2.00000E-01-5.00000E-02 5.00000E-02
 -1       567-2.00000E-01-7.50000E-02 5.00000E-02
 -1       568-2.00000E-01-1.00000E-01 5.00000E-02
 -1       569-4.00000E-01-5.00000E-02 5.00000E-02
 -1       570-4.00000E-01-7.50000E-02 5.00000E-02
 -1       571-4.00000E-01-1.00000E-01 5.00000E-02
 -1       572-6.00000E-01-5.00000E-02 5.00000E-02
 -1       573-6.00000E-01-7.50000E-02 5.00000E-02
 -1       574-6.00000E-01-1.00000E-01 5.00000E-02
 -1       575-8.00000E-01-5.00000E-02 5.00000E-02
 -1       576-8.00000E-01-7.50000E-02 5.00000E-02
 -1       577-8.00000E-01-1.00000E-01 5.00000E-02
 -1       578 9.00000E-01-5.00000E-02 5.00000E-02
 -1       580 9.00000E-01-1.00000E-01 5.00000E-02
 -1       581 7.00000E-01-5.00000E-02 5.00000E-02
 -1       583 7.00000E-01-1.00000E-01 5.00000E-02
 -1       584 5.00000E-01-5.00000E-02 5.00000E-02
 -1       586 5.00000E-01-1.00000E-01 5.00000E-02
 -1       587 3.00000E-01-5.00000E-02 5.00000E-02
 -1       589 3.00000E-01-1.00000E-01 5.00000E-02
 -1       590 1.00000E-01-5.00000E-02 5.00000E-02
 -1       592 1.00000E-01-1.00000E-01 5.00000E-02
 -1       593-1.00000E-01-5.00000E-02 5.00000E-02
 -1       595-1.00000E-01-1.00000E-01 5.00000E-02
 -1       596-3.00000E-01-5.00000E-02 5.00000E-02
 -1       598-3.00000E-01-1.00000E-01 5.00000E-02
 -1       599-5.00000E-01-5.00000E-02 5.00000E-02
 -1       601-5.00000E-01-1.00000E-01 5.00000E-02
 -1       602-7.00000E-01-5.00000E-02 5.00000E-02
 -1       604-7.00000E-01-1.00000E-01 5.00000E-02
 -1       605-9.00000E-01-5.00000E-02 5.00000E-02
 -1       607-9.00000E-01-1.00000E-01 5.00000E-02
 -1       608-1.00000E+00-5.00000E-02 0.00000E+00
 -1       610-1.00000E+00-1.00000E-01 0.00000E+00
 -1       611 8.00000E-01-5.00000E-02 0.00000E+00
 -1       613 8.00000E-01-1.00000E-01 0.00000E+00
 -1       614 6.00000E-01-5.00000E-02 0.00000E+00
 -1       616 6.00000E-01-1.00000E-01 0.00000E+00
 -1       617 4.00000E-01-5.00000E-02 0.00000E+00
 -1       619 4.00000E-01-1.00000E-01 0.00000E+00
 -1       620 2.00000E-01-5.00000E-02 0.00000E+00
 -1       622 2.00000E-01-1.00000E-01 0.00000E+00
 -1       623 0.00000E+00-5.00000E-02 0.00000E+00
 -1       625 3.46945E-18-1.00000E-01 0.00000E+00
 -1       626-2.00000E-01-5.00000E-02 0.00000E+00
 -1       628-2.00000E-01-1.00000E-01 0.00000E+00
 -1       629-4.00000E-01-5.00000E-02 0.00000E+00
 -1       631-4.00000E-01-1.00000E-01 0.00000E+00
 -1       632-6.00000E-01-5.00000E-02 0.00000E+00
 -1       634-6.00000E-01-1.00000E-01 0.00000E+00
 -1       635-8.00000E-01-5.00000E-02 0.00000E+00
 -1       637-8.00000E-01-1.00000E-01 0.00000E+00
 -3
    3C                            40                                     1
 -1         1    4    0    1
 -2         1         9       101        34         8        77       147        88        10       111
 -2       110        43       100       176       195       177        78       166       164        98
 -1         2    4    0    1
 -2        34       101       102        35        88       147       146        87       110       113
 -2       112        44       177       195       196       178       164       165       162        97
 -1         3    4    0    1
 -2        35       102       103        36        87       146       145        86       112       115
 -2       114        45       178       196       197       179       162       163       160        96
 -1         4    4    0    1
 -2        36       103       104        37        86       145       144        85       114       117
 -2       116        46       179       197       198       180       160       161       158        95
 -1         5    4    0    1
 -2        37       104       105        38        85       144       143        84       116       119
 -2       118        47       180       198       199       181       158       159       156        94
 -1         6    4    0    1
 -2        38       105       106        39        84       143       142        83       118       121
 -2       120        48       181       199       200       182       156       157       154        93
 -1         7    4    0    1
 -2        39       106       107        40        83       142       141        82       120       123
 -2       122        49       182       200       201       183       154       155       152        92
 -1         8    4    0    1
 -2        40       107       108        41        82       141       140        81       122       125
 -2       124        50       183       201       202       184       152       153       150        91
 -1         9    4    0    1
 -2        41       108       109        42        81       140       139        80       124       127
 -2       126        51       184       202       203       185       150       151       148        90
 -1        10    4    0    1
 -2        42       109        31         4        80       139        54         6       126       128
 -2        32        52       185       203       138        57       148       149        55        89
 -1        11    4    0    1
 -2         9         2        12       101        77         7        66       147        11        21
 -2       129       111       176        99       186       195        79        76       175       166
 -1        12    4    0    1
 -2       101        12        13       102       147        66        65       146       129        22
 -2       130       113       195       186       187       196       175        75       174       165
 -1        13    4    0    1
 -2       102        13        14       103       146        65        64       145       130        23
 -2       131       115       196       187       188       197       174        74       173       163
 -1        14    4    0    1
 -2       103        14        15       104       145        64        63       144       131        24
 -2       132       117       197       188       189       198       173        73       172       161
 -1        15    4    0    1
 -2       104        15        16       105       144        63        62       143       132        25
 -2       133       119       198       189       190       199       172        72       171       159
 -1        16    4    0    1
 -2       105        16        17       106       143        62        61       142       133        26
 -2       134       121       199       190       191       200       171        71       170       157
 -1        17    4    0    1
 -2       106        17        18       107       142        61        60       141       134        27
 -2       135       123       200       191       192       201       170        70       169       155
 -1        18    4    0    1
 -2       107        18        19       108       141        60        59       140       135        28
 -2       136       125       201       192       193       202       169        69       168       153
 -1        19    4    0    1
 -2       108        19        20       109       140        59        58       139       136        29
 -2       137       127       202       193       194       203       168        68       167       151
 -1        20    4    0    1
 -2       109        20         3        31       139        58         5        54       137        30
 -2        33       128       203       194        53       138       167        67        56       149
 -1        21    4    0    1
 -2       320       326       392       332       322       328       394       334       389       419
 -2       452       359       321       327       393       333       391       421       454       361
 -1        22    4    0    1
 -2       332       392       395       335       334       394       397       337       452       422
 -2       455       362       333       393       396       336       454       424       457       364
 -1        23    4    0    1
 -2       335       395       398       338       337       397       400       340       455       425
 -2       458       365       336       396       399       339       457       427       460       367
 -1        24    4    0    1
 -2       338       398       401       341       340       400       403       343       458       428
 -2       461       368       339       399       402       342       460       430       463       370
 -1        25    4    0    1
 -2       341       401       404       344       343       403       406       346       461       431
 -2       464       371       342       402       405       345       463       433       466       373
 -1        26    4    0    1
 -2       344       404       407       347       346       406       409       349       464       434
 -2       467       374       345       405       408       348       466       436       469       376
 -1        27    4    0    1
 -2       347       407       410       350       349       409       412       352       467       437
 -2       470       377       348       408       411       351       469       439       472       379
 -1        28    4    0    1
 -2       350       410       413       353       352       412       415       355       470       440
 -2       473       380       351       411       414       354       472       442       475       382
 -1        29    4    0    1
 -2       353       413       416       356       355       415       418       358       473       443
 -2       476       383       354       414       417       357       475       445       478       385
 -1        30    4    0    1
 -2       356       416       329       323       358       418       331       325       476       446
 -2       449       386       357       417       330       324       478       448       451       388
 -1        41    4    0    1
 -2       479       485       551       491       481       487       553       493       548       578
 -2       611       518       480       486       552       492       550       580       613       520
 -1        42    4    0    1
 -2       491       551       554       494       493       553       556       496       611       581
 -2       614       521       492       552       555       495       613       583       616       523
 -1        43    4    0    1
 -2       494       554       557       497       496       556       559       499       614       584
 -2       617       524       495       555       558       498       616       586       619       526
 -1        44    4    0    1
 -2       497       557       560       500       499       559       562       502       617       587
 -2       620       527       498       558       561       501       619       589       622       529
 -1        45    4    0    1
 -2       500       560       563       503       502       562       565       505       620       590
 -2       623       530       501       561       564       504       622       592       625       532
 -1        46    4    0    1
 -2       503       563       566       506       505       565       568       508       623       593
 -2       626       533       504       564       567       507       625       595       628       535
 -1        47    4    0    1
 -2       506       566       569       509       508       568       571       511       626       596
 -2       629       536       507       567       570       510       628       598       631       538
 -1        48    4    0    1
 -2       509       569       572       512       511       571       574       514       629       599
 -2       632       539       510       570       573       513       631       601       634       541
 -1        49    4    0    1
 -2       512       572       575       515       514       574       577       517       632       602
 -2       635       542       513       573       576       516       634       604       637       544
 -1        50    4    0    1
 -2       515       575       488       482       517       577       490       484       635       605
 -2       608       545       516       576       489       483       637       607       610       547
 -3
    1PSTEP                         1           1           1          
  100CL  101 1.000000000         459                     0    1           1
 -4  DISP        4    1
 -5  D1          1    2    1    0
 -5  D2          1    2    2    0
 -5  D3          1    2    3    0
 -5  ALL         1    2    0    0    1ALL
 -1         1 0.00000E+00 0.00000E+00 0.00000E+00
 -1         2 0.00000E+00 0.00000E+00 0.00000E+00
 -1         3-7.11060E-06-1.90884E-04 2.09672E-09
 -1         4 7.11060E-06-1.90884E-04-2.10484E-09
 -1         5-7.11060E-06-1.90884E-04-2.09838E-09
 -1         6 7.11060E-06-1.90884E-04 2.09772E-09
 -1         7 0.00000E+00 0.00000E+00 0.00000E+00
 -1         8 0.00000E+00 0.00000E+00 0.00000E+00
 -1         9 0.00000E+00 0.00000E+00 0.00000E+00
 -1        10 0.00000E+00 0.00000E+00 0.00000E+00
 -1        11 0.00000E+00 0.00000E+00 0.00000E+00
 -1        12-1.33164E-06-2.75942E-06-8.06168E-08
 -1        13-2.53973E-06-1.07182E-05-7.90896E-08
 -1        14-3.61100E-06-2.32373E-05-6.99529E-08
 -1        15-4.53956E-06-3.97586E-05-5.99896E-08
 -1        16-5.32528E-06-5.97079E-05-5.00051E-08
 -1        17-5.96813E-06-8.25145E-05-3.99957E-08
 -1        18-6.46814E-06-1.07607E-04-3.00077E-08
 -1        19-6.82532E-06-1.34413E-04-1.99412E-08
 -1        20-7.03987E-06-1.62362E-04-9.84928E-09
 -1        21-6.52843E-07-7.05021E-07-1.03251E-07
 -1        22-1.95107E-06-6.13256E-06-8.59272E-08
 -1        23-3.09346E-06-1.64426E-05-7.49577E-08
 -1        24-4.09353E-06-3.10337E-05-6.50377E-08
 -1        25-4.95064E-06-4.93404E-05-5.49958E-08
 -1        26-5.66493E-06-7.07897E-05-4.50015E-08
 -1        27-6.23637E-06-9.48106E-05-3.50046E-08
 -1        28-6.66492E-06-1.20831E-04-2.50065E-08
 -1        29-6.95062E-06-1.48281E-04-1.50450E-08
 -1        30-7.09270E-06-1.76587E-04-5.05727E-09
 -1        31 1.00058E-12-1.90880E-04-3.46585E-12
 -1        32 3.55370E-06-1.90882E-04-1.30283E-09
 -1        33-3.55369E-06-1.90882E-04 1.29407E-09
 -1        34 1.33164E-06-2.75942E-06 8.06175E-08
 -1        35 2.53973E-06-1.07181E-05 7.90866E-08
 -1        36 3.61100E-06-2.32373E-05 6.99528E-08
 -1        37 4.53956E-06-3.97586E-05 5.99934E-08
 -1        38 5.32528E-06-5.97079E-05 4.99987E-08
 -1        39 5.96814E-06-8.25145E-05 3.99898E-08
 -1        40 6.46813E-06-1.07607E-04 2.99975E-08
 -1        41 6.82533E-06-1.34413E-04 1.99410E-08
 -1        42 7.03988E-06-1.62362E-04 9.84674E-09
 -1        43 6.52845E-07-7.05030E-07 1.03249E-07
 -1        44 1.95107E-06-6.13256E-06 8.59229E-08
 -1        45 3.09346E-06-1.64426E-05 7.49619E-08
 -1        46 4.09353E-06-3.10337E-05 6.50339E-08
 -1        47 4.95064E-06-4.93404E-05 5.49964E-08
 -1        48 5.66493E-06-7.07897E-05 4.49941E-08
 -1        49 6.23636E-06-9.48106E-05 3.49997E-08
 -1        50 6.66492E-06-1.20831E-04 2.49955E-08
 -1        51 6.95063E-06-1.48281E-04 1.50424E-08
 -1        52 7.09271E-06-1.76587E-04 5.05467E-09
 -1        53-7.11250E-06-1.90885E-04-7.20350E-13
 -1        54-1.12528E-11-1.90880E-04 3.24700E-12
 -1        55 3.55369E-06-1.90882E-04 1.29889E-09
 -1        56-3.55370E-06-1.90882E-04-1.29565E-09
 -1        57 7.11250E-06-1.90885E-04-3.76759E-12
 -1        58-7.03987E-06-1.62362E-04 9.85160E-09
 -1        59-6.82532E-06-1.34413E-04 1.99430E-08
 -1        60-6.46814E-06-1.07607E-04 2.99899E-08
 -1        61-5.96813E-06-8.25145E-05 3.99990E-08
 -1        62-5.32528E-06-5.97079E-05 4.99991E-08
 -1        63-4.53956E-06-3.97586E-05 5.99815E-08
 -1        64-3.61100E-06-2.32373E-05 6.99477E-08
 -1        65-2.53973E-06-1.07181E-05 7.90857E-08
 -1        66-1.33164E-06-2.75942E-06 8.06091E-08
 -1        67-7.09270E-06-1.76587E-04 5.05886E-09
 -1        68-6.95062E-06-1.48281E-04 1.50444E-08
 -1        69-6.66492E-06-1.20831E-04 2.49912E-08
 -1        70-6.23636E-06-9.48106E-05 3.49961E-08
 -1        71-5.66493E-06-7.07897E-05 4.50010E-08
 -1        72-4.95064E-06-4.93404E-05 5.49890E-08
 -1        73-4.09353E-06-3.10337E-05 6.50247E-08
 -1        74-3.09346E-06-1.64426E-05 7.49581E-08
 -1        75-1.95108E-06-6.13256E-06 8.59209E-08
 -1        76-6.52843E-07-7.05025E-07 1.03244E-07
 -1        77 0.00000E+00 0.00000E+00 0.00000E+00
 -1        78 0.00000E+00 0.00000E+00 0.00000E+00
 -1        79 0.00000E+00 0.00000E+00 0.00000E+00
 -1        80 7.03988E-06-1.62362E-04-9.85040E-09
 -1        81 6.82533E-06-1.34413E-04-1.99449E-08
 -1        82 6.46813E-06-1.07607E-04-3.00005E-08
 -1        83 5.96814E-06-8.25145E-05-4.00030E-08
 -1        84 5.32528E-06-5.97079E-05-5.00060E-08
 -1        85 4.53956E-06-3.97586E-05-5.99784E-08
 -1        86 3.61100E-06-2.32373E-05-6.99496E-08
 -1        87 2.53973E-06-1.07181E-05-7.90890E-08
 -1        88 1.33164E-06-2.75942E-06-8.06106E-08
 -1        89 7.09271E-06-1.76587E-04-5.06191E-09
 -1        90 6.95063E-06-1.48281E-04-1.50492E-08
 -1        91 6.66492E-06-1.20831E-04-2.50039E-08
 -1        92 6.23636E-06-9.48106E-05-3.50056E-08
 -1        93 5.66494E-06-7.07897E-05-4.50085E-08
 -1        94 4.95064E-06-4.93404E-05-5.49881E-08
 -1        95 4.09353E-06-3.10337E-05-6.50284E-08
 -1        96 3.09346E-06-1.64426E-05-7.49533E-08
 -1        97 1.95107E-06-6.13256E-06-8.59223E-08
 -1        98 6.52844E-07-7.05024E-07-1.03246E-07
 -1        99 0.00000E+00 0.00000E+00 0.00000E+00
 -1       100 0.00000E+00 0.00000E+00 0.00000E+00
 -1       101 1.02769E-11-2.71824E-06-6.60553E-13
 -1       102-1.25499E-12-1.06785E-05-1.68710E-12
 -1       103-2.12092E-12-2.32024E-05-1.35862E-12
 -1       104-6.07028E-12-3.97286E-05 4.16254E-12
 -1       105-9.82767E-13-5.96829E-05 9.71982E-13
 -1       106-5.42603E-14-8.24945E-05 4.16029E-12
 -1       107-5.11854E-12-1.07592E-04-2.72679E-13
 -1       108-3.15557E-12-1.34403E-04 4.57960E-12
 -1       109 1.05267E-11-1.62357E-04 2.57030E-12
 -1       110 6.63684E-07-2.72425E-06 4.02969E-08
 -1       111 2.12651E-12-6.54433E-07-1.04731E-12
 -1       112 1.26878E-06-1.06892E-05 3.95536E-08
 -1       113 7.68672E-13-6.08989E-06-1.29865E-12
 -1       114 1.80419E-06-2.32108E-05 3.49695E-08
 -1       115-1.43941E-12-1.64050E-05 2.27585E-12
 -1       116 2.26851E-06-3.97362E-05 3.00007E-08
 -1       117 4.32675E-13-3.10011E-05-1.17159E-12
 -1       118 2.66136E-06-5.96891E-05 2.50002E-08
 -1       119-2.03878E-12-4.93129E-05 1.17260E-12
 -1       120 2.98279E-06-8.24995E-05 1.99975E-08
 -1       121 1.52928E-12-7.07673E-05-2.62863E-12
 -1       122 3.23279E-06-1.07595E-04 1.50021E-08
 -1       123-1.37786E-12-9.47931E-05-2.89852E-12
 -1       124 3.41138E-06-1.34406E-04 9.96291E-09
 -1       125-8.43030E-13-1.20819E-04-2.72157E-12
 -1       126 3.51871E-06-1.62359E-04 4.97157E-09
 -1       127 2.49122E-12-1.48273E-04 4.69768E-13
 -1       128-6.16556E-13-1.76585E-04-1.07342E-12
 -1       129-6.63669E-07-2.72425E-06-4.02967E-08
 -1       130-1.26878E-06-1.06892E-05-3.95574E-08
 -1       131-1.80419E-06-2.32108E-05-3.49718E-08
 -1       132-2.26852E-06-3.97362E-05-2.99946E-08
 -1       133-2.66137E-06-5.96891E-05-2.50014E-08
 -1       134-2.98279E-06-8.24995E-05-1.99941E-08
 -1       135-3.23280E-06-1.07595E-04-1.50073E-08
 -1       136-3.41138E-06-1.34406E-04-9.95658E-09
 -1       137-3.51869E-06-1.62359E-04-4.96867E-09
 -1       138-3.36260E-13-1.90880E-04-6.18764E-13
 -1       139-9.21514E-13-1.62357E-04 6.25144E-12
 -1       140-6.96209E-12-1.34403E-04 7.03452E-12
 -1       141 8.06724E-13-1.07592E-04-2.31732E-12
 -1       142 3.13326E-12-8.24945E-05 1.67751E-12
 -1       143 5.44538E-12-5.96829E-05-2.26840E-12
 -1       144-3.88332E-12-3.97286E-05 8.90148E-12
 -1       145 6.28121E-12-2.32024E-05 9.03899E-13
 -1       146-6.24327E-12-1.06785E-05-3.68065E-12
 -1       147 2.89859E-12-2.71825E-06-3.18326E-12
 -1       148 3.51870E-06-1.62359E-04-4.96706E-09
 -1       149 2.10573E-12-1.76585E-04-2.66167E-12
 -1       150 3.41137E-06-1.34406E-04-9.95575E-09
 -1       151 9.80671E-13-1.48273E-04 3.58471E-13
 -1       152 3.23280E-06-1.07595E-04-1.50037E-08
 -1       153-3.46866E-12-1.20819E-04-2.74095E-12
 -1       154 2.98280E-06-8.24995E-05-2.00000E-08
 -1       155 6.47102E-13-9.47931E-05-1.81457E-12
 -1       156 2.66137E-06-5.96891E-05-2.50039E-08
 -1       157 2.39283E-12-7.07672E-05-2.42908E-12
 -1       158 2.26851E-06-3.97362E-05-2.99855E-08
 -1       159 7.45343E-13-4.93129E-05 4.60032E-13
 -1       160 1.80420E-06-2.32108E-05-3.49690E-08
 -1       161-1.82842E-12-3.10011E-05-1.60696E-12
 -1       162 1.26877E-06-1.06892E-05-3.95594E-08
 -1       163-6.02636E-13-1.64050E-05 1.12561E-12
 -1       164 6.63678E-07-2.72426E-06-4.02947E-08
 -1       165 3.36996E-13-6.08989E-06-1.53006E-12
 -1       166 3.22818E-12-6.54434E-07 6.09451E-14
 -1       167-3.51870E-06-1.62359E-04 4.97573E-09
 -1       168-3.41138E-06-1.34406E-04 9.96394E-09
 -1       169-3.23280E-06-1.07595E-04 1.49976E-08
 -1       170-2.98279E-06-8.24995E-05 2.00010E-08
 -1       171-2.66136E-06-5.96891E-05 2.49978E-08
 -1       172-2.26852E-06-3.97362E-05 2.99986E-08
 -1       173-1.80419E-06-2.32108E-05 3.49696E-08
 -1       174-1.26878E-06-1.06892E-05 3.95531E-08
 -1       175-6.63676E-07-2.72426E-06 4.02907E-08
 -1       176 0.00000E+00 0.00000E+00 0.00000E+00
 -1       177 1.33076E-06-2.81719E-06 3.15440E-12
 -1       178 2.54142E-06-1.07549E-05-1.11975E-12
 -1       179 3.61217E-06-2.32731E-05 1.70657E-12
 -1       180 4.54090E-06-3.97884E-05 8.35329E-12
 -1       181 5.32657E-06-5.97330E-05-3.49829E-12
 -1       182 5.96944E-06-8.25344E-05-6.53797E-12
 -1       183 6.46943E-06-1.07622E-04-1.47994E-12
 -1       184 6.82666E-06-1.34423E-04-1.39576E-12
 -1       185 7.04107E-06-1.62367E-04-8.15786E-13
 -1       186-1.33076E-06-2.81719E-06-4.66052E-12
 -1       187-2.54142E-06-1.07549E-05-1.09275E-12
 -1       188-3.61217E-06-2.32731E-05-2.75093E-12
 -1       189-4.54090E-06-3.97884E-05-3.65740E-12
 -1       190-5.32657E-06-5.97330E-05-3.17339E-12
 -1       191-5.96944E-06-8.25344E-05 2.91490E-12
 -1       192-6.46943E-06-1.07622E-04-8.96470E-12
 -1       193-6.82666E-06-1.34423E-04 9.51015E-13
 -1       194-7.04106E-06-1.62367E-04 1.18240E-12
 -1       195 2.64853E-12-2.77598E-06-1.33530E-12
 -1       196-1.28016E-12-1.07151E-05-3.17948E-12
 -1       197-2.70687E-13-2.32382E-05-1.56759E-13
 -1       198-5.78182E-13-3.97584E-05 4.70297E-12
 -1       199 1.40383E-12-5.97080E-05-5.41250E-14
 -1       200 1.39552E-12-8.25144E-05 1.63782E-12
 -1       201-2.30182E-12-1.07607E-04-2.93863E-13
 -1       202-5.38804E-13-1.34413E-04 4.97211E-12
 -1       203 1.38147E-12-1.62362E-04 4.50569E-12
 -1       320 1.42490E-05-1.90891E-04 1.18434E-10
 -1       321 1.06753E-05-1.90888E-04-1.21622E-09
 -1       322 7.11060E-06-1.90884E-04-2.10484E-09
 -1       323 0.00000E+00-9.28009E-08 0.00000E+00
 -1       324 0.00000E+00 0.00000E+00 0.00000E+00
 -1       325 0.00000E+00 9.28009E-08-0.00000E+00
 -1       326 1.42490E-05-1.90891E-04-1.29138E-10
 -1       327 1.06753E-05-1.90888E-04 1.20742E-09
 -1       328 7.11060E-06-1.90884E-04 2.09772E-09
 -1       329 0.00000E+00-9.28008E-08 0.00000E+00
 -1       330 0.00000E+00 0.00000E+00 0.00000E+00
 -1       331 0.00000E+00 9.28008E-08-0.00000E+00
 -1       332 1.41026E-05-1.62378E-04 1.97946E-08
 -1       333 1.05676E-05-1.62369E-04 1.48549E-08
 -1       334 7.03988E-06-1.62362E-04 9.84674E-09
 -1       335 1.36741E-05-1.34443E-04 4.00292E-08
 -1       336 1.02459E-05-1.34426E-04 2.99799E-08
 -1       337 6.82533E-06-1.34413E-04 1.99410E-08
 -1       338 1.29599E-05-1.07652E-04 5.99968E-08
 -1       339 9.71019E-06-1.07625E-04 4.49979E-08
 -1       340 6.46813E-06-1.07607E-04 2.99975E-08
 -1       341 1.19599E-05-8.25745E-05 7.99876E-08
 -1       342 8.96018E-06-8.25395E-05 5.99884E-08
 -1       343 5.96814E-06-8.25145E-05 3.99898E-08
 -1       344 1.06741E-05-5.97829E-05 1.00001E-07
 -1       345 7.99589E-06-5.97391E-05 7.50032E-08
 -1       346 5.32528E-06-5.97079E-05 4.99987E-08
 -1       347 9.10279E-06-3.98486E-05 1.19934E-07
 -1       348 6.81735E-06-3.97962E-05 8.99516E-08
 -1       349 4.53956E-06-3.97586E-05 5.99934E-08
 -1       350 7.24544E-06-2.33427E-05 1.39877E-07
 -1       351 5.42441E-06-2.32810E-05 1.04949E-07
 -1       352 3.61100E-06-2.32373E-05 6.99528E-08
 -1       353 5.10339E-06-1.08391E-05 1.56434E-07
 -1       354 3.81782E-06-1.07695E-05 1.17674E-07
 -1       355 2.53973E-06-1.07181E-05 7.90866E-08
 -1       356 2.67110E-06-2.90589E-06 1.61851E-07
 -1       357 1.99710E-06-2.81803E-06 1.21312E-07
 -1       358 1.33164E-06-2.75942E-06 8.06175E-08
 -1       359 1.42067E-05-1.76594E-04 1.05118E-08
 -1       361 7.09271E-06-1.76587E-04 5.05467E-09
 -1       362 1.39205E-05-1.48303E-04 2.99089E-08
 -1       364 6.95063E-06-1.48281E-04 1.50424E-08
 -1       365 1.33492E-05-1.20869E-04 5.00106E-08
 -1       367 6.66492E-06-1.20831E-04 2.49955E-08
 -1       368 1.24920E-05-9.48631E-05 6.99876E-08
 -1       370 6.23636E-06-9.48106E-05 3.49997E-08
 -1       371 1.13491E-05-7.08573E-05 8.99920E-08
 -1       373 5.66493E-06-7.07897E-05 4.49941E-08
 -1       374 9.92056E-06-4.94229E-05 1.09991E-07
 -1       376 4.95064E-06-4.93404E-05 5.49964E-08
 -1       377 8.20634E-06-3.11312E-05 1.30129E-07
 -1       379 4.09353E-06-3.10337E-05 6.50339E-08
 -1       380 6.20600E-06-1.65547E-05 1.49857E-07
 -1       382 3.09346E-06-1.64426E-05 7.49619E-08
 -1       383 3.92144E-06-6.25917E-06 1.74102E-07
 -1       385 1.95107E-06-6.13256E-06 8.59229E-08
 -1       386 1.35166E-06-8.36367E-07 1.97939E-07
 -1       388 6.52845E-07-7.05030E-07 1.03249E-07
 -1       389 1.42515E-05-1.90892E-04-5.23957E-12
 -1       391 7.11250E-06-1.90885E-04-3.76759E-12
 -1       392 1.41026E-05-1.62378E-04-1.97985E-08
 -1       393 1.05676E-05-1.62369E-04-1.48587E-08
 -1       394 7.03988E-06-1.62362E-04-9.85040E-09
 -1       395 1.36741E-05-1.34443E-04-4.00402E-08
 -1       396 1.02459E-05-1.34426E-04-2.99872E-08
 -1       397 6.82533E-06-1.34413E-04-1.99449E-08
 -1       398 1.29599E-05-1.07652E-04-5.99999E-08
 -1       399 9.71019E-06-1.07625E-04-4.50009E-08
 -1       400 6.46813E-06-1.07607E-04-3.00005E-08
 -1       401 1.19599E-05-8.25745E-05-8.00099E-08
 -1       402 8.96018E-06-8.25395E-05-6.00053E-08
 -1       403 5.96814E-06-8.25145E-05-4.00030E-08
 -1       404 1.06741E-05-5.97829E-05-1.00009E-07
 -1       405 7.99590E-06-5.97391E-05-7.50106E-08
 -1       406 5.32528E-06-5.97079E-05-5.00060E-08
 -1       407 9.10279E-06-3.98486E-05-1.19908E-07
 -1       408 6.81735E-06-3.97962E-05-8.99323E-08
 -1       409 4.53956E-06-3.97586E-05-5.99784E-08
 -1       410 7.24544E-06-2.33427E-05-1.39866E-07
 -1       411 5.42442E-06-2.32810E-05-1.04942E-07
 -1       412 3.61100E-06-2.32373E-05-6.99496E-08
 -1       413 5.10339E-06-1.08391E-05-1.56432E-07
 -1       414 3.81782E-06-1.07695E-05-1.17675E-07
 -1       415 2.53973E-06-1.07181E-05-7.90890E-08
 -1       416 2.67110E-06-2.90589E-06-1.61846E-07
 -1       417 1.99710E-06-2.81803E-06-1.21305E-07
 -1       418 1.33164E-06-2.75942E-06-8.06106E-08
 -1       419 1.42067E-05-1.76594E-04-1.05180E-08
 -1       421 7.09271E-06-1.76587E-04-5.06191E-09
 -1       422 1.39205E-05-1.48303E-04-2.99233E-08
 -1       424 6.95063E-06-1.48281E-04-1.50492E-08
 -1       425 1.33491E-05-1.20869E-04-5.00156E-08
 -1       427 6.66492E-06-1.20831E-04-2.50039E-08
 -1       428 1.24920E-05-9.48631E-05-7.00003E-08
 -1       430 6.23636E-06-9.48106E-05-3.50056E-08
 -1       431 1.13491E-05-7.08572E-05-9.00213E-08
 -1       433 5.66494E-06-7.07897E-05-4.50085E-08
 -1       434 9.92056E-06-4.94229E-05-1.09972E-07
 -1       436 4.95064E-06-4.93404E-05-5.49881E-08
 -1       437 8.20634E-06-3.11312E-05-1.30113E-07
 -1       439 4.09353E-06-3.10337E-05-6.50284E-08
 -1       440 6.20600E-06-1.65547E-05-1.49846E-07
 -1       442 3.09346E-06-1.64426E-05-7.49533E-08
 -1       443 3.92144E-06-6.25917E-06-1.74097E-07
 -1       445 1.95107E-06-6.13256E-06-8.59223E-08
 -1       446 1.35166E-06-8.36361E-07-1.97942E-07
 -1       448 6.52844E-07-7.05024E-07-1.03246E-07
 -1       449 0.00000E+00-9.84786E-08 0.00000E+00
 -1       451 0.00000E+00 9.84786E-08-0.00000E+00
 -1       452 1.41046E-05-1.62383E-04-2.40879E-12
 -1       454 7.04107E-06-1.62367E-04-8.15786E-13
 -1       455 1.36762E-05-1.34453E-04-5.16108E-12
 -1       457 6.82666E-06-1.34423E-04-1.39576E-12
 -1       458 1.29619E-05-1.07667E-04-2.34559E-12
 -1       460 6.46943E-06-1.07622E-04-1.47994E-12
 -1       461 1.19619E-05-8.25944E-05-1.07413E-11
 -1       463 5.96944E-06-8.25344E-05-6.53797E-12
 -1       464 1.06762E-05-5.98079E-05-4.04513E-12
 -1       466 5.32657E-06-5.97330E-05-3.49829E-12
 -1       467 9.10486E-06-3.98785E-05 1.19483E-11
 -1       469 4.54090E-06-3.97884E-05 8.35329E-12
 -1       470 7.24744E-06-2.33782E-05 5.22049E-12
 -1       472 3.61217E-06-2.32731E-05 1.70657E-12
 -1       473 5.10566E-06-1.08769E-05-7.19363E-14
 -1       475 2.54142E-06-1.07549E-05-1.11975E-12
 -1       476 2.67040E-06-2.96062E-06 2.93786E-12
 -1       478 1.33076E-06-2.81719E-06 3.15440E-12
 -1       479-7.11060E-06-1.90884E-04 2.09672E-09
 -1       480-1.06753E-05-1.90888E-04 1.21127E-09
 -1       481-1.42490E-05-1.90891E-04-1.22138E-10
 -1       482 0.00000E+00 9.28024E-08 0.00000E+00
 -1       483 0.00000E+00 0.00000E+00 0.00000E+00
 -1       484 0.00000E+00-9.28024E-08-0.00000E+00
 -1       485-7.11060E-06-1.90884E-04-2.09838E-09
 -1       486-1.06753E-05-1.90888E-04-1.21157E-09
 -1       487-1.42490E-05-1.90891E-04 1.23769E-10
 -1       488 0.00000E+00 9.28023E-08 0.00000E+00
 -1       489 0.00000E+00 0.00000E+00 0.00000E+00
 -1       490 0.00000E+00-9.28023E-08-0.00000E+00
 -1       491-7.03987E-06-1.62362E-04-9.84928E-09
 -1       492-1.05676E-05-1.62369E-04-1.48565E-08
 -1       493-1.41026E-05-1.62378E-04-1.97956E-08
 -1       494-6.82532E-06-1.34413E-04-1.99412E-08
 -1       495-1.02459E-05-1.34426E-04-2.99830E-08
 -1       496-1.36741E-05-1.34443E-04-4.00353E-08
 -1       497-6.46814E-06-1.07607E-04-3.00077E-08
 -1       498-9.71020E-06-1.07625E-04-4.50110E-08
 -1       499-1.29599E-05-1.07652E-04-6.00136E-08
 -1       500-5.96813E-06-8.25145E-05-3.99957E-08
 -1       501-8.96018E-06-8.25395E-05-5.99952E-08
 -1       502-1.19599E-05-8.25745E-05-7.99968E-08
 -1       503-5.32528E-06-5.97079E-05-5.00051E-08
 -1       504-7.99589E-06-5.97391E-05-7.50106E-08
 -1       505-1.06741E-05-5.97829E-05-1.00008E-07
 -1       506-4.53956E-06-3.97586E-05-5.99896E-08
 -1       507-6.81735E-06-3.97962E-05-8.99479E-08
 -1       508-9.10278E-06-3.98486E-05-1.19930E-07
 -1       509-3.61100E-06-2.32373E-05-6.99529E-08
 -1       510-5.42442E-06-2.32810E-05-1.04948E-07
 -1       511-7.24544E-06-2.33427E-05-1.39876E-07
 -1       512-2.53973E-06-1.07182E-05-7.90896E-08
 -1       513-3.81782E-06-1.07695E-05-1.17676E-07
 -1       514-5.10339E-06-1.08391E-05-1.56433E-07
 -1       515-1.33164E-06-2.75942E-06-8.06168E-08
 -1       516-1.99710E-06-2.81803E-06-1.21314E-07
 -1       517-2.67110E-06-2.90588E-06-1.61856E-07
 -1       518-7.09270E-06-1.76587E-04-5.05727E-09
 -1       520-1.42067E-05-1.76594E-04-1.05140E-08
 -1       521-6.95062E-06-1.48281E-04-1.50450E-08
 -1       523-1.39205E-05-1.48303E-04-2.99161E-08
 -1       524-6.66492E-06-1.20831E-04-2.50065E-08
 -1       526-1.33491E-05-1.20869E-04-5.00256E-08
 -1       527-6.23637E-06-9.48106E-05-3.50046E-08
 -1       529-1.24920E-05-9.48631E-05-6.99987E-08
 -1       530-5.66493E-06-7.07897E-05-4.50015E-08
 -1       532-1.13491E-05-7.08573E-05-9.00033E-08
 -1       533-4.95064E-06-4.93404E-05-5.49958E-08
 -1       535-9.92056E-06-4.94229E-05-1.09990E-07
 -1       536-4.09353E-06-3.10337E-05-6.50377E-08
 -1       538-8.20634E-06-3.11312E-05-1.30133E-07
 -1       539-3.09346E-06-1.64426E-05-7.49577E-08
 -1       541-6.20600E-06-1.65547E-05-1.49851E-07
 -1       542-1.95107E-06-6.13256E-06-8.59272E-08
 -1       544-3.92144E-06-6.25918E-06-1.74100E-07
 -1       545-6.52843E-07-7.05021E-07-1.03251E-07
 -1       547-1.35166E-06-8.36360E-07-1.97945E-07
 -1       548-7.11250E-06-1.90885E-04-7.20350E-13
 -1       550-1.42515E-05-1.90892E-04 9.11917E-13
 -1       551-7.03987E-06-1.62362E-04 9.85160E-09
 -1       552-1.05676E-05-1.62369E-04 1.48584E-08
 -1       553-1.41026E-05-1.62378E-04 1.97972E-08
 -1       554-6.82532E-06-1.34413E-04 1.99430E-08
 -1       555-1.02459E-05-1.34426E-04 2.99823E-08
 -1       556-1.36741E-05-1.34443E-04 4.00327E-08
 -1       557-6.46814E-06-1.07607E-04 2.99899E-08
 -1       558-9.71019E-06-1.07625E-04 4.49882E-08
 -1       559-1.29599E-05-1.07652E-04 5.99850E-08
 -1       560-5.96813E-06-8.25145E-05 3.99990E-08
 -1       561-8.96018E-06-8.25395E-05 5.99997E-08
 -1       562-1.19599E-05-8.25745E-05 8.00049E-08
 -1       563-5.32528E-06-5.97079E-05 4.99991E-08
 -1       564-7.99589E-06-5.97391E-05 7.50040E-08
 -1       565-1.06741E-05-5.97829E-05 9.99992E-08
 -1       566-4.53956E-06-3.97586E-05 5.99815E-08
 -1       567-6.81735E-06-3.97962E-05 8.99343E-08
 -1       568-9.10279E-06-3.98486E-05 1.19912E-07
 -1       569-3.61100E-06-2.32373E-05 6.99477E-08
 -1       570-5.42441E-06-2.32810E-05 1.04941E-07
 -1       571-7.24544E-06-2.33427E-05 1.39866E-07
 -1       572-2.53973E-06-1.07181E-05 7.90857E-08
 -1       573-3.81782E-06-1.07695E-05 1.17674E-07
 -1       574-5.10339E-06-1.08391E-05 1.56432E-07
 -1       575-1.33164E-06-2.75942E-06 8.06091E-08
 -1       576-1.99710E-06-2.81803E-06 1.21304E-07
 -1       577-2.67110E-06-2.90589E-06 1.61844E-07
 -1       578-7.09270E-06-1.76587E-04 5.05886E-09
 -1       580-1.42067E-05-1.76594E-04 1.05167E-08
 -1       581-6.95062E-06-1.48281E-04 1.50444E-08
 -1       583-1.39205E-05-1.48303E-04 2.99162E-08
 -1       584-6.66492E-06-1.20831E-04 2.49912E-08
 -1       586-1.33492E-05-1.20869E-04 5.00021E-08
 -1       587-6.23636E-06-9.48106E-05 3.49961E-08
 -1       589-1.24920E-05-9.48631E-05 6.99907E-08
 -1       590-5.66493E-06-7.07897E-05 4.50010E-08
 -1       592-1.13491E-05-7.08572E-05 9.00078E-08
 -1       593-4.95064E-06-4.93404E-05 5.49890E-08
 -1       595-9.92056E-06-4.94229E-05 1.09977E-07
 -1       596-4.09353E-06-3.10337E-05 6.50247E-08
 -1       598-8.20634E-06-3.11312E-05 1.30109E-07
 -1       599-3.09346E-06-1.64426E-05 7.49581E-08
 -1       601-6.20600E-06-1.65547E-05 1.49851E-07
 -1       602-1.95108E-06-6.13256E-06 8.59209E-08
 -1       604-3.92144E-06-6.25917E-06 1.74094E-07
 -1       605-6.52843E-07-7.05025E-07 1.03244E-07
 -1       607-1.35166E-06-8.36362E-07 1.97935E-07
 -1       608 0.00000E+00 9.84785E-08 0.00000E+00
 -1       610 0.00000E+00-9.84785E-08-0.00000E+00
 -1       611-7.04106E-06-1.62367E-04 1.18240E-12
 -1       613-1.41046E-05-1.62383E-04 8.34126E-13
 -1       614-6.82666E-06-1.34423E-04 9.51015E-13
 -1       616-1.36762E-05-1.34453E-04-1.45940E-12
 -1       617-6.46943E-06-1.07622E-04-8.96470E-12
 -1       619-1.29619E-05-1.07667E-04-1.55760E-11
 -1       620-5.96944E-06-8.25344E-05 2.91490E-12
 -1       622-1.19619E-05-8.25944E-05 3.78724E-12
 -1       623-5.32657E-06-5.97330E-05-3.17339E-12
 -1       625-1.06762E-05-5.98079E-05-4.53146E-12
 -1       626-4.54090E-06-3.97884E-05-3.65740E-12
 -1       628-9.10486E-06-3.98785E-05-8.38984E-12
 -1       629-3.61217E-06-2.32731E-05-2.75093E-12
 -1       631-7.24744E-06-2.33782E-05-4.52122E-12
 -1       632-2.54142E-06-1.07549E-05-1.09275E-12
 -1       634-5.10566E-06-1.08769E-05-4.48278E-13
 -1       635-1.33076E-06-2.81719E-06-4.66052E-12
 -1       637-2.67040E-06-2.96062E-06-5.80872E-12
 -3
    1PSTEP                         2           1           1          
  100CL  101 1.000000000         459                     0    1           1
 -4  STRESS      6    1
 -5  SXX         1    4    1    1
 -5  SYY         1    4    2    2
 -5  SZZ         1    4    3    3
 -5  SXY         1    4    1    2
 -5  SYZ         1    4    2    3
 -5  SZX         1    4    3    1
 -1         1 1.71780E+06 6.68044E+05 6.68043E+05-2.48936E+04 4.25804E-01 1.36328E+05
 -1         2-1.71779E+06-6.68040E+05-6.68039E+05-2.48807E+04 4.25824E-01-1.36331E+05
 -1         3 6.57888E+03 2.63330E+04 4.06056E+02-8.15420E+04-2.73954E+03 5.86921E+02
 -1         4-6.57399E+03-2.63058E+04-3.82227E+02-8.15520E+04-2.73962E+03-5.99710E+02
 -1         5 6.58239E+03 2.63112E+04 3.99082E+02-8.15776E+04 2.73527E+03-5.88096E+02
 -1         6-6.56564E+03-2.62881E+04-3.71402E+02-8.15179E+04 2.73037E+03 6.03405E+02
 -1         7-1.71779E+06-6.68039E+05-6.68038E+05-2.48845E+04-4.26000E-01 1.36322E+05
 -1         8 1.71779E+06 6.68041E+05 6.68041E+05-2.48841E+04-4.26039E-01-1.36326E+05
 -1         9-2.37709E+00-9.24145E-01-9.24294E-01 4.12283E+04 4.25639E-01-1.44725E+00
 -1        10 8.56071E+05 3.32906E+05 3.32906E+05 1.41424E+04 4.25969E-01 6.81585E+04
 -1        11-8.56063E+05-3.32903E+05-3.32903E+05 1.41485E+04 4.25923E-01-6.81614E+04
 -1        12-1.40464E+06 1.00094E+04-5.19352E+04-5.53781E+04-5.72073E+04 3.33366E+04
 -1        13-1.21318E+06-2.43998E+04-1.43541E+04-8.39735E+04 9.20275E+03 1.27341E+03
 -1        14-1.04853E+06 4.54670E+03 1.47048E+03-8.07962E+04-2.77108E+03 3.88371E+02
 -1        15-9.00511E+05-1.48973E+03-6.22234E+02-8.19451E+04 6.67527E+02-2.53690E+02
 -1        16-7.49855E+05 3.53547E+02 1.43246E+02-8.17236E+04-1.64485E+02-1.45062E+02
 -1        17-6.00041E+05-8.60115E+01-3.93364E+01-8.17566E+04 5.81901E+01-1.89139E+02
 -1        18-4.49974E+05-1.28036E+02-3.60736E+01-8.17779E+04-1.87303E+01-1.62896E+02
 -1        19-2.99580E+05 7.31887E+02 7.81718E+01-8.16528E+04-3.95714E+01-3.42072E+02
 -1        20-1.48588E+05 2.08005E+02-1.75100E+02-8.11356E+04-3.84827E+02-2.32754E+02
 -1        21-1.40544E+06-5.13754E+04 2.57359E+04-5.36756E+04 7.46593E+04-3.16120E+04
 -1        22-1.25435E+06 3.20018E+04 1.86334E+04-5.27269E+04-1.40369E+04-6.89166E+02
 -1        23-1.12766E+06-7.09579E+03-2.89765E+03-5.17206E+04 3.93896E+03-9.37819E+02
 -1        24-9.74142E+05 2.12031E+03 9.73386E+02-5.19457E+04-9.49670E+02-2.90182E+01
 -1        25-8.25242E+05-5.24168E+02-2.39395E+02-5.18570E+04 2.44768E+02-2.26682E+02
 -1        26-6.74949E+05 1.72118E+02 7.71813E+01-5.18740E+04-5.46452E+01-1.62314E+02
 -1        27-5.25049E+05-8.35086E+01-2.64456E+01-5.18488E+04 1.96010E+01-1.69644E+02
 -1        28-3.74957E+05 2.61581E+02 8.32937E+01-5.18650E+04 1.18175E+01-1.88488E+02
 -1        29-2.25615E+05-9.35137E+02-2.44063E+02-5.18929E+04 2.69781E+01-4.06796E+00
 -1        30-7.40424E+04 2.22258E+02 5.75328E+02-5.26620E+04 3.77251E+02-1.80564E+02
 -1        31 2.37814E+01 6.62157E+00 1.83313E+01-9.84073E+04-3.44135E+03 4.21603E+00
 -1        32-5.54823E+03-1.87345E+04-1.33899E+03-9.02607E+04-3.09277E+03-4.20625E+02
 -1        33 5.57327E+03 1.87553E+04 1.37232E+03-9.02559E+04-3.08847E+03 4.14799E+02
 -1        34 1.40462E+06-1.00540E+04 5.19017E+04-5.54249E+04-5.72050E+04-3.33357E+04
 -1        35 1.21317E+06 2.43718E+04 1.43506E+04-8.39772E+04 9.20922E+03-1.27185E+03
 -1        36 1.04853E+06-4.55777E+03-1.47672E+03-8.07881E+04-2.75597E+03-3.91139E+02
 -1        37 9.00493E+05 1.46751E+03 6.20164E+02-8.19036E+04 6.48839E+02 2.47321E+02
 -1        38 7.49874E+05-3.39690E+02-1.35500E+02-8.17192E+04-1.72167E+02 1.47059E+02
 -1        39 6.00026E+05 8.03120E+01 4.86996E+01-8.17496E+04 2.08255E+01 1.91738E+02
 -1        40 4.49990E+05 1.44171E+02 4.42616E+01-8.17707E+04-3.53479E+01 1.63376E+02
 -1        41 2.99584E+05-7.45097E+02-7.89295E+01-8.16219E+04-6.27637E+01 3.37946E+02
 -1        42 1.48598E+05-1.82206E+02 2.01681E+02-8.11747E+04-4.12149E+02 2.38651E+02
 -1        43 1.40542E+06 5.13167E+04-2.57650E+04-5.36917E+04 7.46653E+04 3.16132E+04
 -1        44 1.25434E+06-3.20244E+04-1.86378E+04-5.27401E+04-1.40364E+04 6.85868E+02
 -1        45 1.12766E+06 7.07842E+03 2.89701E+03-5.17210E+04 3.94281E+03 9.35924E+02
 -1        46 9.74157E+05-2.11072E+03-9.60891E+02-5.19322E+04-9.54920E+02 2.66148E+01
 -1        47 8.25238E+05 5.27393E+02 2.44897E+02-5.18449E+04 2.34417E+02 2.24301E+02
 -1        48 6.74958E+05-1.63352E+02-6.72213E+01-5.18686E+04-6.26971E+01 1.63574E+02
 -1        49 5.25041E+05 9.20204E+01 2.27587E+01-5.18515E+04 1.32488E+01 1.74676E+02
 -1        50 3.74968E+05-2.62896E+02-8.15440E+01-5.18543E+04 1.03122E+00 1.87710E+02
 -1        51 2.25612E+05 9.25202E+02 2.43203E+02-5.18891E+04 1.51784E+01-4.95976E-01
 -1        52 7.40494E+04-1.91763E+02-5.61811E+02-5.26649E+04 3.67860E+02 1.75526E+02
 -1        53 7.24250E+03 3.01267E+04 1.65404E+03-7.65158E+04-3.15027E+00-5.52265E-01
 -1        54-4.56947E+01-5.57821E+00 4.01896E+00-9.84206E+04 3.43172E+03-1.48420E+01
 -1        55-5.57301E+03-1.87239E+04-1.33690E+03-9.02438E+04 3.07887E+03 4.12985E+02
 -1        56 5.53674E+03 1.87313E+04 1.35872E+03-9.02866E+04 3.08536E+03-4.23271E+02
 -1        57-7.24149E+03-3.01159E+04-1.63505E+03-7.65112E+04-4.13772E+00 1.34407E+00
 -1        58-1.48597E+05 1.94830E+02-1.81598E+02-8.11527E+04 4.04460E+02 2.35131E+02
 -1        59-2.99550E+05 8.04362E+02 1.06385E+02-8.16484E+04 6.30593E+01 3.49983E+02
 -1        60-4.50013E+05-1.90493E+02-6.37925E+01-8.17828E+04 2.32073E+01 1.61781E+02
 -1        61-6.00023E+05-6.66276E+01-5.00648E+01-8.17587E+04-3.05399E+01 1.85401E+02
 -1        62-7.49860E+05 3.44377E+02 1.42278E+02-8.16898E+04 1.67737E+02 1.49324E+02
 -1        63-9.00493E+05-1.42992E+03-6.06810E+02-8.19335E+04-6.34625E+02 2.53223E+02
 -1        64-1.04851E+06 4.58565E+03 1.48850E+03-8.07807E+04 2.77435E+03-3.92084E+02
 -1        65-1.21317E+06-2.43539E+04-1.43511E+04-8.39683E+04-9.19744E+03-1.27119E+03
 -1        66-1.40465E+06 9.98312E+03-5.19312E+04-5.54019E+04 5.72048E+04-3.33371E+04
 -1        67-7.40448E+04 2.12131E+02 5.70686E+02-5.26597E+04-3.79034E+02 1.76268E+02
 -1        68-2.25606E+05-9.12874E+02-2.35926E+02-5.18937E+04-1.94090E+01 3.39599E+00
 -1        69-3.74954E+05 2.74816E+02 8.78662E+01-5.18601E+04-9.38666E+00 1.95206E+02
 -1        70-5.25057E+05-1.02938E+02-4.42989E+01-5.18664E+04-5.82818E+00 1.71169E+02
 -1        71-6.74960E+05 1.53178E+02 5.98004E+01-5.18602E+04 6.71237E+01 1.63417E+02
 -1        72-8.25237E+05-5.24180E+02-2.39736E+02-5.18404E+04-2.37869E+02 2.25173E+02
 -1        73-9.74145E+05 2.13460E+03 9.74477E+02-5.19443E+04 9.57870E+02 2.96295E+01
 -1        74-1.12766E+06-7.09964E+03-2.90380E+03-5.17122E+04-3.93086E+03 9.38773E+02
 -1        75-1.25435E+06 3.20005E+04 1.86324E+04-5.27253E+04 1.40430E+04 6.89003E+02
 -1        76-1.40544E+06-5.13677E+04 2.57459E+04-5.36837E+04-7.46558E+04 3.16090E+04
 -1        77 1.34423E+01 5.22782E+00 5.22765E+00 4.12297E+04-4.25841E-01 1.40573E+00
 -1        78 8.56074E+05 3.32907E+05 3.32907E+05 1.41471E+04-4.25703E-01-6.81575E+04
 -1        79-8.56058E+05-3.32900E+05-3.32900E+05 1.41470E+04-4.25718E-01 6.81571E+04
 -1        80 1.48597E+05-1.79457E+02 1.85089E+02-8.11308E+04 3.78689E+02-2.37525E+02
 -1        81 2.99568E+05-7.85790E+02-1.04876E+02-8.16070E+04 2.63962E+01-3.37389E+02
 -1        82 4.50004E+05 1.89067E+02 6.00582E+01-8.17935E+04 2.04395E+01-1.63902E+02
 -1        83 6.00028E+05 9.03638E+01 5.08808E+01-8.17630E+04-4.69867E+01-1.88919E+02
 -1        84 7.49850E+05-3.66453E+02-1.51791E+02-8.17049E+04 1.63071E+02-1.50735E+02
 -1        85 9.00511E+05 1.47653E+03 6.12721E+02-8.19163E+04-6.64264E+02-2.46983E+02
 -1        86 1.04851E+06-4.60333E+03-1.49675E+03-8.08047E+04 2.76348E+03 3.88544E+02
 -1        87 1.21316E+06 2.43475E+04 1.43379E+04-8.39555E+04-9.19319E+03 1.28074E+03
 -1        88 1.40465E+06-9.98123E+03 5.19356E+04-5.54077E+04 5.72150E+04 3.33336E+04
 -1        89 7.40431E+04-2.05048E+02-5.74076E+02-5.26467E+04-3.77714E+02-1.75320E+02
 -1        90 2.25618E+05 9.48278E+02 2.37878E+02-5.18743E+04-3.18080E+01-6.73974E-01
 -1        91 3.74968E+05-2.51400E+02-8.36956E+01-5.18523E+04-2.03039E+01-1.90409E+02
 -1        92 5.25056E+05 1.19325E+02 3.37457E+01-5.18673E+04-1.44553E+01-1.71172E+02
 -1        93 6.74952E+05-1.55432E+02-6.83404E+01-5.18658E+04 5.95684E+01-1.63666E+02
 -1        94 8.25241E+05 5.19351E+02 2.35076E+02-5.18361E+04-2.45853E+02-2.22307E+02
 -1        95 9.74145E+05-2.12113E+03-9.75780E+02-5.19376E+04 9.49432E+02-2.54321E+01
 -1        96 1.12766E+06 7.06820E+03 2.89117E+03-5.17193E+04-3.93397E+03-9.36583E+02
 -1        97 1.25436E+06-3.19834E+04-1.86197E+04-5.27263E+04 1.40463E+04-6.90427E+02
 -1        98 1.40544E+06 5.13720E+04-2.57411E+04-5.36913E+04-7.46530E+04-3.16124E+04
 -1        99-1.71667E+06-6.67582E+05-6.67582E+05-4.85806E+04 1.06595E-04-4.54470E+00
 -1       100 1.71668E+06 6.67586E+05 6.67585E+05-4.85869E+04 1.38576E-04 5.48246E-01
 -1       101-2.32794E+00 4.20618E-01-9.04216E-01-9.82017E+04-5.72585E+04-1.88382E+01
 -1       102 9.22079E+00 2.50107E+01 1.23527E+00-1.01198E+05 9.49191E+03 7.08479E+00
 -1       103 6.06134E+00-6.61183E+00 5.19015E+00-1.00089E+05-2.89391E+03-4.84904E+00
 -1       104-7.22331E+00 1.80266E+00-6.93007E+00-1.00631E+05 7.09838E+02 1.76720E+01
 -1       105-2.28308E+00-1.65472E+01-7.08696E+00-1.00479E+05-1.86526E+02-5.59854E-01
 -1       106-9.43907E+00-8.15938E-01-1.88463E+01-1.00522E+05 4.83764E+01 2.17611E+00
 -1       107-2.56040E+00-1.74763E+01-1.49444E+00-1.00492E+05-1.41618E+01 4.44091E+00
 -1       108-8.79354E+00-1.77787E+01-9.29849E+00-1.00631E+05-7.54248E+01 1.37437E+01
 -1       109-7.13211E+00-7.03464E-01 6.33282E+00-1.00847E+05-2.57983E+02-2.02324E+01
 -1       110 7.19544E+05 4.07354E+04 4.36285E+04-7.49574E+04-5.72318E+04-1.66763E+04
 -1       111 9.04372E+00-1.05963E+01 4.35637E+00-5.08760E+04 7.46362E+04-5.83006E+00
 -1       112 6.03678E+05 3.42030E+03 3.84017E+03-9.37398E+04 9.34926E+03-6.33330E+02
 -1       113-7.70868E+00 1.40443E+01 1.67022E+00-7.45680E+04-1.39219E+04-3.18737E+00
 -1       114 5.25292E+05 5.02977E+02 3.45299E+02-9.07835E+04-2.82441E+03-1.99549E+02
 -1       115 8.80694E-02 6.04473E+00-2.48339E+00-6.94112E+04 4.01317E+03 1.01504E+00
 -1       116 4.50047E+05 1.02605E+02 6.07410E+01-9.18288E+04 6.76435E+02 1.34437E+02
 -1       117-6.61839E+00 1.03608E+00-9.86274E+00-7.08670E+04-9.95219E+02 3.76950E+00
 -1       118 3.75026E+05-6.73797E-01-3.59042E+00-9.16055E+04-1.79775E+02 7.28203E+01
 -1       119 3.47650E+00-7.44410E-01-5.91827E+00-7.05565E+04 2.54251E+02 6.83419E+00
 -1       120 3.00027E+05 3.05569E+01 1.20372E+01-9.16590E+04 3.22250E+01 9.77769E+01
 -1       121-1.08467E+00-3.58245E+00-3.77319E+00-7.06352E+04-6.61937E+01 4.22368E-01
 -1       122 2.24962E+05-2.93594E+01-2.97307E+01-9.16417E+04-2.83738E+01 8.33644E+01
 -1       123-6.29367E+00-2.20623E+00-1.27951E+00-7.05890E+04 2.76609E+01-6.32687E-01
 -1       124 1.49993E+05 3.12840E+01 1.74396E+02-9.16692E+04-6.88068E+01 1.84244E+02
 -1       125-4.85533E+00-1.87497E+01-5.95213E+00-7.06736E+04 4.12984E-01 7.01275E+00
 -1       126 7.29403E+04-2.97111E+03-1.27612E+03-9.14473E+04-3.35964E+02 5.66337E+01
 -1       127 1.10298E+01-9.11180E+00-2.80523E+00-7.02918E+04 7.53570E+01-2.60430E-01
 -1       128-1.48847E+01-6.39992E+00-1.10360E+01-7.19230E+04 9.43470E+01 2.00285E+00
 -1       129-7.19560E+05-4.07578E+04-4.36476E+04-7.49302E+04-5.72352E+04 1.66546E+04
 -1       130-6.03677E+05-3.41073E+03-3.84271E+03-9.37380E+04 9.34952E+03 6.40214E+02
 -1       131-5.25284E+05-5.14112E+02-3.39673E+02-9.07869E+04-2.83212E+03 1.95478E+02
 -1       132-4.50060E+05-1.09097E+02-6.14906E+01-9.18571E+04 6.92374E+02-1.18800E+02
 -1       133-3.75019E+05-9.90466E+00-2.88589E+00-9.16072E+04-1.75033E+02-7.01826E+01
 -1       134-3.00045E+05-3.52097E+01-2.87446E+01-9.16643E+04 5.58622E+01-9.45896E+01
 -1       135-2.24957E+05 2.08471E+01 3.53971E+01-9.16475E+04-1.51835E+01-7.76010E+01
 -1       136-1.49997E+05-5.46145E+01-1.82641E+02-9.16872E+04-5.53097E+01-1.72060E+02
 -1       137-7.29405E+04 2.98421E+03 1.29700E+03-9.14234E+04-3.21348E+02-7.84116E+01
 -1       138-2.34857E+00-1.39807E+00 1.30481E+01-9.30024E+04-5.07887E+00-5.56115E+00
 -1       139 9.94619E+00 7.28137E+00 1.17576E+01-1.00856E+05 2.54087E+02 1.33840E-01
 -1       140 1.60684E+01 3.20996E+00 1.75668E+01-1.00634E+05 9.33888E+01-1.71687E+01
 -1       141 5.04804E+00 3.22327E+01-2.26465E+00-1.00490E+05 7.94299E+00 3.48077E+00
 -1       142 4.40484E+00 1.04266E+01 9.70013E+00-1.00524E+05-5.46190E+01 3.60127E+00
 -1       143 5.48830E+00 2.39529E+01-3.55157E+00-1.00472E+05 1.88481E+02 7.09972E+00
 -1       144 9.12432E+00-1.26205E+01 2.43369E+01-1.00627E+05-6.97094E+02-1.02930E+01
 -1       145 8.81223E-02 7.61734E+00 6.31575E+00-1.00098E+05 2.89881E+03 9.78411E+00
 -1       146-7.77743E+00-9.52033E+00-4.86671E+00-1.01213E+05-9.48799E+03-1.08530E+01
 -1       147-1.02379E+01-1.05427E+01-1.60437E+01-9.82005E+04 5.72616E+04 6.32284E+00
 -1       148 7.29452E+04-2.97180E+03-1.28428E+03-9.14280E+04 3.14358E+02-7.40582E+01
 -1       149-1.38308E+01-4.05120E+00-6.60124E+00-7.19306E+04-9.52401E+01-1.24496E+00
 -1       150 1.49995E+05 2.50460E+01 1.75252E+02-9.16599E+04 5.78599E+01-1.86546E+02
 -1       151 1.27200E+01 1.27651E+01 1.00107E+01-7.03047E+04-7.38688E+01-3.36334E+00
 -1       152 2.24971E+05 1.24654E+01-2.44809E+01-9.16523E+04 1.42639E+01-7.60405E+01
 -1       153-1.81448E+00 1.86715E+01 3.98126E+00-7.06638E+04 2.22387E+00-5.49436E+00
 -1       154 3.00036E+05 4.17679E+01 2.79599E+01-9.16704E+04-5.19128E+01-9.29973E+01
 -1       155 9.82013E+00 2.93713E+01 1.44256E+01-7.05975E+04-2.46469E+01 4.98259E-01
 -1       156 3.75017E+05 4.02426E+00-1.08917E+01-9.15942E+04 1.75505E+02-7.16977E+01
 -1       157 5.86711E+00 1.92792E+01 1.03453E+01-7.06333E+04 6.41002E+01 3.92073E+00
 -1       158 4.50062E+05 9.58683E+01 7.09855E+01-9.18360E+04-6.83371E+02-1.29104E+02
 -1       159 1.06694E+01-2.77813E+00 5.90004E+00-7.05513E+04-2.56216E+02-8.15650E+00
 -1       160 5.25279E+05 4.79413E+02 3.33284E+02-9.07970E+04 2.83162E+03 2.02051E+02
 -1       161-1.39669E+01-1.11913E+01-5.72984E-01-7.08736E+04 9.91211E+02-1.93412E+00
 -1       162 6.03661E+05 3.38462E+03 3.82866E+03-9.37334E+04-9.34098E+03 6.31532E+02
 -1       163 1.18179E+01-5.81203E+00 1.05113E+00-6.94247E+04-4.01929E+03 2.37306E+00
 -1       164 7.19553E+05 4.07614E+04 4.36356E+04-7.49496E+04 5.72386E+04 1.66661E+04
 -1       165-1.21652E+01-3.82023E+00-5.34409E+00-7.45673E+04 1.39222E+04 1.85388E+00
 -1       166 3.45914E+00 5.09181E-01 9.74708E-01-5.08787E+04-7.46284E+04 6.06082E+00
 -1       167-7.29353E+04 2.98681E+03 1.29818E+03-9.14385E+04 3.30461E+02 6.87727E+01
 -1       168-1.49971E+05-1.30929E+01-1.57094E+02-9.16893E+04 8.27325E+01 1.75950E+02
 -1       169-2.24970E+05 2.00511E+01 2.35161E+01-9.16479E+04 1.31460E+01 7.97855E+01
 -1       170-3.00031E+05-2.06411E+01-2.05753E+01-9.16630E+04-4.12665E+01 9.51105E+01
 -1       171-3.75018E+05 7.65957E+00-9.50603E-01-9.15883E+04 1.78424E+02 7.95466E+01
 -1       172-4.50042E+05-8.24755E+01-3.65825E+01-9.18471E+04-6.62379E+02 1.22476E+02
 -1       173-5.25276E+05-4.79159E+02-3.27079E+02-9.07836E+04 2.83701E+03-1.91250E+02
 -1       174-6.03672E+05-3.39705E+03-3.84045E+03-9.37451E+04-9.34144E+03-6.38165E+02
 -1       175-7.19565E+05-4.07718E+04-4.36511E+04-7.49399E+04 5.72306E+04-1.66650E+04
 -1       176 2.44903E-01 9.49103E-02 9.51436E-02 1.75441E+04 1.23597E-04 2.19711E-01
 -1       177 1.40576E+06-9.74679E+03 5.22946E+04-6.43967E+04 3.55455E+00-1.03141E+00
 -1       178 1.21452E+06 2.46852E+04 1.47986E+04-7.67121E+04 9.00408E+00 4.53402E+00
 -1       179 1.04837E+06-4.57258E+03-1.53906E+03-7.74612E+04 3.86866E+00-1.13731E+00
 -1       180 9.00608E+05 1.45611E+03 6.30166E+02-7.75178E+04-3.25966E+00 1.67326E-01
 -1       181 7.49888E+05-3.27075E+02-1.38444E+02-7.75839E+04-5.30636E+00-2.00661E+00
 -1       182 6.00046E+05 5.87385E+01 4.00052E+01-7.75564E+04-1.08784E+01 1.39137E+00
 -1       183 4.50049E+05 2.13405E+02 7.42669E+01-7.76135E+04-9.02669E+00-1.54371E-01
 -1       184 2.99446E+05-9.79261E+02-1.91895E+02-7.73823E+04-1.58448E+01 4.77804E-01
 -1       185 1.49282E+05 7.24949E+02 6.36721E+02-7.72036E+04-1.52204E+01 3.98376E-01
 -1       186-1.40577E+06 9.72528E+03-5.23094E+04-6.43855E+04 1.04533E+00-8.15016E-02
 -1       187-1.21452E+06-2.46940E+04-1.48039E+04-7.67062E+04 4.62677E-01 1.24613E+00
 -1       188-1.04837E+06 4.56257E+03 1.53345E+03-7.74600E+04 1.97690E+00-1.95283E+00
 -1       189-9.00615E+05-1.46299E+03-6.35614E+02-7.75298E+04 1.28453E+01-2.43379E-01
 -1       190-7.49877E+05 3.36689E+02 1.43269E+02-7.75824E+04 2.90066E+00 2.31468E+00
 -1       191-6.00052E+05-5.23863E+01-3.58749E+01-7.75578E+04 9.65217E+00-1.84275E+00
 -1       192-4.50053E+05-2.20319E+02-7.80849E+01-7.76138E+04 3.97213E+00-8.09728E-01
 -1       193-2.99435E+05 9.82974E+02 1.92722E+02-7.73994E+04 1.03234E+01 3.97160E+00
 -1       194-1.49279E+05-7.11626E+02-6.24478E+02-7.72076E+04 9.93328E+00 1.20431E+00
 -1       195-4.57477E+00-4.28495E+00-7.77844E+00-1.07181E+05 1.94093E+00-6.35949E+00
 -1       196 3.47328E+00 1.24943E+01 2.84434E-01-9.39565E+04 1.35536E+00-1.98997E+00
 -1       197 5.24256E+00 3.25033E+00 7.12935E+00-9.67683E+04 2.67946E+00 2.19426E+00
 -1       198-1.75231E+00-1.45907E+01 5.37582E+00-9.62254E+04 6.79566E+00 3.79699E+00
 -1       199 1.10428E+00 9.07542E+00-3.95456E+00-9.63497E+04 1.23579E+00 3.38241E+00
 -1       200-2.60310E+00 3.58638E+00-4.93859E+00-9.63239E+04-4.10660E+00 2.97231E+00
 -1       201 1.75733E+00 1.86692E+00-3.27899E+00-9.63174E+04-3.02879E+00 4.05246E+00
 -1       202 1.62422E+00-7.66412E+00 3.46418E+00-9.64177E+04 9.44119E+00-1.89837E+00
 -1       203 1.66279E-01-2.96953E-01 7.69389E+00-9.67562E+04-1.13469E+00-9.98282E+00
 -1       320 1.89024E+04-1.80181E+04-2.69941E+02-2.08878E+04 1.65326E+03-1.05539E+03
 -1       321 3.56463E+03-2.72155E+04-1.53441E+03-4.90317E+04 1.45669E+03-9.32316E+02
 -1       322-1.05391E+04-3.64935E+04-4.34414E+03-7.58436E+04 1.26002E+03-5.99709E+02
 -1       323 3.28435E+06 4.31438E+05 1.04044E+06-6.61065E+04-1.86295E+04 2.58362E+05
 -1       324 2.30172E+06 4.92310E+04 6.58244E+05-9.66015E+04 3.69806E-01 1.97377E+05
 -1       325 1.33019E+06-3.28515E+05 2.80489E+05-1.39083E+05 1.86303E+04 1.36328E+05
 -1       326 1.89156E+04-1.80094E+04-2.65725E+02-2.08942E+04-1.65768E+03 1.05148E+03
 -1       327 3.57595E+03-2.72055E+04-1.52761E+03-4.90333E+04-1.46122E+03 9.33750E+02
 -1       328-1.05338E+04-3.64837E+04-4.33639E+03-7.58402E+04-1.26488E+03 6.03403E+02
 -1       329 3.28434E+06 4.31436E+05 1.04044E+06-6.60952E+04 1.86297E+04-2.58367E+05
 -1       330 2.30171E+06 4.92292E+04 6.58241E+05-9.65910E+04-3.69758E-01-1.97379E+05
 -1       331 1.33018E+06-3.28516E+05 2.80487E+05-1.39073E+05-1.86305E+04-1.36327E+05
 -1       332 2.96828E+05-6.46433E+03-1.84500E+03-1.93787E+04 2.49473E+02-1.28209E+03
 -1       333 2.21746E+05-4.82679E+03-1.66191E+03-4.81829E+04 2.70259E+02-5.66919E+02
 -1       334 1.47604E+05-2.71991E+03-7.85202E+02-7.58564E+04 2.90643E+02 2.38653E+02
 -1       335 5.99969E+05 2.31255E+02-8.16777E+01-1.99122E+04 8.14979E+01-1.33075E+03
 -1       336 4.49889E+05-2.69516E+02-3.96374E+01-4.88975E+04 8.45026E+01-4.88967E+02
 -1       337 2.99526E+05-8.62509E+02-1.24592E+02-7.68874E+04 8.74134E+01 3.37949E+02
 -1       338 8.99940E+05-2.13931E+02-6.91717E+01-2.02477E+04 5.27249E+00-1.43480E+03
 -1       339 6.74981E+05-6.24891E+01-3.28511E+01-4.88291E+04 8.71567E-02-6.37221E+02
 -1       340 4.49958E+05 1.12812E+02 3.20671E+01-7.63703E+04-5.01163E+00 1.63378E+02
 -1       341 1.20001E+06 1.54565E+02 6.36137E+01-2.01695E+04 3.29692E+01-1.40660E+03
 -1       342 9.00048E+05 1.17358E+01 1.93654E+01-4.88380E+04 3.82370E+01-6.08217E+02
 -1       343 5.99915E+05-1.37978E+02-3.61909E+01-7.64712E+04 4.26856E+01 1.91741E+02
 -1       344 1.49983E+06-4.66636E+02-1.88195E+02-2.02284E+04-1.22820E+02-1.42517E+03
 -1       345 1.12506E+06-8.30419E+01-5.13892E+01-4.88249E+04-1.31875E+02-6.35496E+02
 -1       346 7.50094E+05 3.12037E+02 1.17948E+02-7.64141E+04-1.40526E+02 1.47062E+02
 -1       347 1.80044E+06 1.60252E+03 9.13725E+02-2.01870E+04 3.95219E+02-1.54019E+03
 -1       348 1.35005E+06 1.82259E+02 2.91874E+02-4.89106E+04 4.49537E+02-6.52769E+02
 -1       349 8.99384E+05-1.28191E+03-4.49055E+02-7.65119E+04 5.03063E+02 2.47324E+02
 -1       350 2.09873E+06-6.40623E+03-1.59122E+03-2.03529E+04-2.11346E+03-2.13520E+03
 -1       351 1.57516E+06-1.61573E+03-1.97461E+02-4.84795E+04-2.36853E+03-1.24825E+03
 -1       352 1.05156E+06 3.35864E+03 1.60186E+03-7.59067E+04-2.62361E+03-3.91143E+02
 -1       353 2.40758E+06 1.89917E+04 2.24350E+04-2.38395E+04 3.66145E+03-7.93412E+03
 -1       354 1.80218E+06-7.05267E+02 1.01533E+04-5.12912E+04 4.76197E+03-4.61156E+03
 -1       355 1.19547E+06-2.10053E+04-3.29617E+03-7.64269E+04 5.86285E+03-1.27188E+03
 -1       356 2.70778E+06-8.75026E+04 5.39346E+04-1.89558E+04-4.68386E+04-5.39369E+04
 -1       357 2.06570E+06-1.89985E+04 6.35534E+04-4.04519E+04-5.12994E+04-4.36546E+04
 -1       358 1.42860E+06 5.17829E+04 7.59479E+04-6.56835E+04-5.57602E+04-3.33360E+04
 -1       359 1.56470E+05 7.85525E+03 1.84545E+03 3.50157E+03-8.01524E+01-8.86951E+02
 -1       361 7.52292E+04 2.83281E+03 6.14397E+02-5.37978E+04-2.55068E+02 1.75528E+02
 -1       362 4.49776E+05-6.34952E+02 1.06888E+02 2.01174E+03-7.87127E+01-1.62020E+03
 -1       364 2.25548E+05 7.35130E+02 1.69295E+02-5.32526E+04-5.57326E+01-4.92831E-01
 -1       365 7.50089E+05 2.51820E+02 3.05137E+01 2.73366E+03-7.32275E+00-1.35496E+03
 -1       367 3.75046E+05-1.06786E+02-2.08364E+01-5.37103E+04-6.71867E+00 1.87712E+02
 -1       368 1.05003E+06-2.57124E+01 1.29975E+01 2.58617E+03 2.71101E+00-1.41888E+03
 -1       370 5.25027E+05-6.69859E+00-1.56313E+01-5.36094E+04 3.98523E+00 1.74678E+02
 -1       371 1.35002E+06-1.42478E+02-7.65334E+01 2.61060E+03-4.17684E+01-1.41384E+03
 -1       373 6.75091E+05 9.96879E+01 3.50712E+01-5.36478E+04-4.78545E+01 1.63576E+02
 -1       374 1.65022E+06 6.02111E+02 2.85703E+02 2.64805E+03 1.71254E+02-1.37901E+03
 -1       376 8.24920E+05-3.87767E+02-1.10996E+02-5.36101E+04 2.13559E+02 2.24303E+02
 -1       377 1.94928E+06-2.23769E+03-1.35757E+03 2.59087E+03-5.92435E+02-1.49926E+03
 -1       379 9.75642E+05 1.59381E+03 4.79753E+02-5.37999E+04-7.98626E+02 2.66175E+01
 -1       380 2.25275E+06 8.71910E+03 3.80844E+03 2.87649E+03 2.84232E+03 2.14062E+02
 -1       382 1.12309E+06-4.79379E+03-1.71990E+03-5.30632E+04 3.68326E+03 9.35924E+02
 -1       383 2.53795E+06-2.86794E+04-2.86518E+04 5.06131E+03-7.00596E+03 3.52909E+02
 -1       385 1.27712E+06 2.63981E+04 4.08207E+03-5.80070E+04-1.03653E+04 6.85867E+02
 -1       386 2.83699E+06 1.18839E+05-3.74451E+03 6.70798E+03 5.59867E+04 6.52331E+04
 -1       388 1.35884E+06-6.86229E+04-7.24061E+04-3.73963E+04 7.01551E+04 3.16131E+04
 -1       389 1.79121E+04-2.19264E+04-1.64529E+03-1.85042E+04-1.68205E+00-1.72171E+00
 -1       391-1.11849E+04-4.02658E+04-5.58224E+03-7.30873E+04-1.90151E+00 1.34425E+00
 -1       392 2.96828E+05-6.46189E+03-1.83692E+03-1.93800E+04-2.48710E+02 1.29010E+03
 -1       393 2.21746E+05-4.82354E+03-1.66587E+03-4.81876E+04-2.69736E+02 5.70415E+02
 -1       394 1.47604E+05-2.71597E+03-8.01331E+02-7.58647E+04-2.91165E+02-2.37527E+02
 -1       395 5.99970E+05 2.30179E+02-8.81192E+01-1.99074E+04-8.24074E+01 1.32302E+03
 -1       396 4.49889E+05-2.70370E+02-4.80483E+01-4.88897E+04-8.46044E+01 4.86503E+02
 -1       397 2.99525E+05-8.63119E+02-1.34951E+02-7.68766E+04-8.68952E+01-3.37393E+02
 -1       398 8.99946E+05-1.91032E+02-4.75834E+01-2.02517E+04-6.20182E+00 1.43947E+03
 -1       399 6.74986E+05-4.32030E+01-1.96786E+01-4.88365E+04-3.58521E+00 6.38167E+02
 -1       400 4.49960E+05 1.27954E+02 3.62927E+01-7.63810E+04-8.82057E-01-1.63904E+02
 -1       401 1.20000E+06 1.42812E+02 5.11365E+01-2.01772E+04-3.95141E+01 1.41258E+03
 -1       402 9.00044E+05 1.13177E+01 1.40577E+01-4.88463E+04-3.91426E+01 6.12060E+02
 -1       403 5.99917E+05-1.25989E+02-3.32566E+01-7.64802E+04-3.95903E+01-1.88922E+02
 -1       404 1.49983E+06-4.58538E+02-1.81909E+02-2.02232E+04 1.27247E+02 1.40451E+03
 -1       405 1.12505E+06-8.38143E+01-5.31070E+01-4.88104E+04 1.36146E+02 6.26025E+02
 -1       406 7.50077E+05 3.02539E+02 1.08371E+02-7.63902E+04 1.45449E+02-1.50737E+02
 -1       407 1.80045E+06 1.57854E+03 9.19977E+02-2.01852E+04-3.91418E+02 1.54510E+03
 -1       408 1.35006E+06 1.64327E+02 2.87496E+02-4.89087E+04-4.46231E+02 6.55276E+02
 -1       409 8.99393E+05-1.29471E+03-4.64982E+02-7.65097E+04-5.01836E+02-2.46985E+02
 -1       410 2.09872E+06-6.43345E+03-1.60463E+03-2.03552E+04 2.11231E+03 2.13679E+03
 -1       411 1.57515E+06-1.64203E+03-2.10345E+02-4.84836E+04 2.37270E+03 1.24707E+03
 -1       412 1.05155E+06 3.33357E+03 1.58980E+03-7.59129E+04 2.63307E+03 3.88548E+02
 -1       413 2.40758E+06 1.89891E+04 2.24463E+04-2.38472E+04-3.65971E+03 7.93587E+03
 -1       414 1.80218E+06-7.16250E+02 1.01536E+04-5.12976E+04-4.75878E+03 4.61770E+03
 -1       415 1.19546E+06-2.10249E+04-3.30702E+03-7.64322E+04-5.85747E+03 1.28077E+03
 -1       416 2.70779E+06-8.74984E+04 5.39346E+04-1.89567E+04 4.68314E+04 5.39419E+04
 -1       417 2.06571E+06-1.89920E+04 6.35580E+04-4.04565E+04 5.12945E+04 4.36549E+04
 -1       418 1.42861E+06 5.17913E+04 7.59568E+04-6.56917E+04 5.57575E+04 3.33339E+04
 -1       419 1.56469E+05 7.85176E+03 1.84704E+03 3.49631E+03 8.21963E+01 8.81226E+02
 -1       421 7.52276E+04 2.83194E+03 6.06958E+02-5.38013E+04 2.58494E+02-1.75321E+02
 -1       422 4.49780E+05-6.29784E+02 1.09941E+02 2.01009E+03 8.10343E+01 1.62289E+03
 -1       424 2.25547E+05 7.39814E+02 1.56818E+02-5.32543E+04 5.69993E+01-6.76788E-01
 -1       425 7.50087E+05 2.45099E+02 3.16091E+01 2.73645E+03 1.04029E+01 1.34935E+03
 -1       427 3.75036E+05-1.18967E+02-3.21959E+01-5.37058E+04 1.36074E+01-1.90411E+02
 -1       428 1.05003E+06-2.64229E+01 1.75013E+01 2.58699E+03-8.00779E+00 1.42742E+03
 -1       430 5.25034E+05 4.56393E-02-1.26402E+01-5.36159E+04-3.82794E+00-1.71174E+02
 -1       431 1.35001E+06-1.34715E+02-7.84045E+01 2.60977E+03 3.76893E+01 1.41099E+03
 -1       433 6.75088E+05 1.13979E+02 3.64299E+01-5.36413E+04 4.46607E+01-1.63668E+02
 -1       434 1.65024E+06 6.13964E+02 3.00706E+02 2.64552E+03-1.65648E+02 1.37269E+03
 -1       436 8.24930E+05-3.78001E+02-1.13891E+02-5.36055E+04-2.14522E+02-2.22310E+02
 -1       437 1.94928E+06-2.23336E+03-1.35135E+03 2.59197E+03 5.96238E+02 1.50338E+03
 -1       439 9.75637E+05 1.60092E+03 4.71677E+02-5.38013E+04 7.96380E+02-2.54348E+01
 -1       440 2.25276E+06 8.73831E+03 3.82266E+03 2.87668E+03-2.84293E+03-2.10771E+02
 -1       442 1.12310E+06-4.78389E+03-1.71792E+03-5.30606E+04-3.68614E+03-9.36583E+02
 -1       443 2.53794E+06-2.86852E+04-2.86495E+04 5.06369E+03 7.00891E+03-3.52998E+02
 -1       445 1.27711E+06 2.63888E+04 4.08065E+03-5.80046E+04 1.03739E+04-6.90426E+02
 -1       446 2.83699E+06 1.18845E+05-3.74416E+03 6.70951E+03-5.59849E+04-6.52332E+04
 -1       448 1.35884E+06-6.86141E+04-7.24003E+04-3.73997E+04-7.01526E+04-3.16123E+04
 -1       449 3.25989E+06 3.70101E+05 1.01637E+06-8.62264E+04 8.37489E-02-2.78850E+00
 -1       451 1.30548E+06-3.89947E+05 2.56326E+05-1.65104E+05-8.36956E-02 5.48309E-01
 -1       452 2.97314E+05-5.71602E+03-1.50122E+03-1.62743E+04-2.02707E+00 3.95077E+00
 -1       454 1.48267E+05-1.90230E+03-3.84986E+02-7.26017E+04-2.66952E+00 3.98541E-01
 -1       455 5.99898E+05 8.36137E+01-1.57339E+02-1.65558E+04-8.15281E-01-3.79685E+00
 -1       457 2.99447E+05-1.01254E+03-2.04831E+02-7.35524E+04-1.01425E-01 4.77850E-01
 -1       458 9.00038E+05-1.65301E+02-3.84812E+01-1.69596E+04-1.83830E+00 2.32538E+00
 -1       460 4.50047E+05 1.55066E+02 5.15787E+01-7.30817E+04-4.32048E+00-1.54431E-01
 -1       461 1.20007E+06 1.24108E+02 4.65363E+01-1.68617E+04-2.67502E+00 2.87289E+00
 -1       463 5.99991E+05-1.53556E+02-4.25535E+01-7.31614E+04 2.14517E+00 1.39132E+00
 -1       464 1.49997E+06-3.64225E+02-1.46747E+02-1.69334E+04 1.62291E+00-1.01001E+01
 -1       466 7.50204E+05 3.97534E+02 1.43349E+02-7.31251E+04 1.87114E+00-2.00668E+00
 -1       467 1.80045E+06 1.18364E+03 7.69427E+02-1.68298E+04-6.86541E-01 2.38827E+00
 -1       469 8.99429E+05-1.68031E+03-5.89553E+02-7.30983E+04-1.97359E+00 1.67256E-01
 -1       470 2.09935E+06-4.90160E+03-1.03887E+03-1.73824E+04-6.29229E-01 8.00810E-01
 -1       472 1.05208E+06 4.82509E+03 2.11564E+03-7.31299E+04 4.67696E+00-1.13733E+00
 -1       473 2.40744E+06 1.42518E+04 2.10291E+04-1.89506E+04-5.00713E-01 8.58692E-01
 -1       475 1.19489E+06-2.59226E+04-4.88202E+03-7.09753E+04 1.31846E+00 4.53409E+00
 -1       476 2.71582E+06-7.06389E+04 6.08595E+04-2.52315E+04-2.81870E+00 2.33859E+00
 -1       478 1.43625E+06 6.84962E+04 8.27248E+04-7.40837E+04-5.97656E-01-1.03134E+00
 -1       479 1.05351E+04 3.64979E+04 4.35909E+03-7.58417E+04 1.25264E+03 5.86920E+02
 -1       480-3.56845E+03 2.72126E+04 1.53468E+03-4.90311E+04 1.45209E+03 9.28502E+02
 -1       481-1.89011E+04 1.80126E+04 2.67039E+02-2.08880E+04 1.65066E+03 1.05852E+03
 -1       482-1.33017E+06 3.28535E+05-2.80478E+05-1.39072E+05 1.86252E+04-1.36331E+05
 -1       483-2.30171E+06-4.92125E+04-6.58235E+05-9.65896E+04 3.69762E-01-1.97382E+05
 -1       484-3.28434E+06-4.31421E+05-1.04043E+06-6.60936E+04-1.86245E+04-2.58370E+05
 -1       485 1.05404E+04 3.64808E+04 4.35393E+03-7.58448E+04-1.25867E+03-5.88095E+02
 -1       486-3.57871E+03 2.71993E+04 1.52634E+03-4.90337E+04-1.45748E+03-9.30239E+02
 -1       487-1.89264E+04 1.80033E+04 2.55744E+02-2.08909E+04-1.65718E+03-1.06037E+03
 -1       488-1.33017E+06 3.28535E+05-2.80478E+05-1.39076E+05-1.86254E+04 1.36323E+05
 -1       489-2.30171E+06-4.92121E+04-6.58234E+05-9.65929E+04-3.69785E-01 1.97372E+05
 -1       490-3.28434E+06-4.31420E+05-1.04043E+06-6.60969E+04 1.86247E+04 2.58357E+05
 -1       491-1.47606E+05 2.71516E+03 7.99906E+02-7.58635E+04 2.91258E+02-2.32756E+02
 -1       492-2.21751E+05 4.82423E+03 1.66541E+03-4.81902E+04 2.69282E+02 5.69362E+02
 -1       493-2.96834E+05 6.46501E+03 1.83953E+03-1.93860E+04 2.48285E+02 1.28154E+03
 -1       494-2.99520E+05 8.52111E+02 1.24929E+02-7.68880E+04 9.26502E+01-3.42075E+02
 -1       495-4.49886E+05 2.62102E+02 3.82942E+01-4.88955E+04 8.69060E+01 4.87644E+02
 -1       496-5.99967E+05-2.35092E+02 7.98430E+01-1.99077E+04 8.20548E+01 1.33445E+03
 -1       497-4.49951E+05-1.21270E+02-3.34428E+01-7.63771E+04 2.72904E+00-1.62898E+02
 -1       498-6.74981E+05 4.87792E+01 2.12153E+01-4.88345E+04 3.48784E+00 6.34423E+02
 -1       499-8.99946E+05 1.95585E+02 4.90965E+01-2.02517E+04 4.68934E+00 1.42906E+03
 -1       500-5.99935E+05 1.19507E+02 4.05875E+01-7.64736E+04 4.26071E+01-1.89141E+02
 -1       501-9.00062E+05-2.11815E+01-1.72167E+01-4.88389E+04 3.53436E+01 6.10816E+02
 -1       502-1.20001E+06-1.51315E+02-5.37982E+01-2.01690E+04 2.89008E+01 1.40870E+03
 -1       503-7.50070E+05-2.86147E+02-1.05522E+02-7.64098E+04-1.47860E+02-1.45064E+02
 -1       504-1.12504E+06 1.02873E+02 6.22019E+01-4.88211E+04-1.33128E+02 6.34204E+02
 -1       505-1.49982E+06 4.75105E+02 1.84043E+02-2.02253E+04-1.18945E+02 1.41910E+03
 -1       506-8.99398E+05 1.27007E+03 4.51020E+02-7.65066E+04 5.15052E+02-2.53693E+02
 -1       507-1.35007E+06-1.96111E+02-2.98446E+02-4.89081E+04 4.52735E+02 6.50215E+02
 -1       508-1.80046E+06-1.61583E+03-9.22633E+02-2.01869E+04 3.90226E+02 1.54153E+03
 -1       509-1.05155E+06-3.34829E+03-1.59976E+03-7.59073E+04-2.63449E+03 3.88375E+02
 -1       510-1.57515E+06 1.63265E+03 2.03865E+02-4.84765E+04-2.37276E+03 1.24789E+03
 -1       511-2.09871E+06 6.43085E+03 1.60450E+03-2.03464E+04-2.11032E+03 2.13795E+03
 -1       512-1.19547E+06 2.10211E+04 3.30972E+03-7.64299E+04 5.86036E+03 1.27344E+03
 -1       513-1.80218E+06 7.17917E+02-1.01463E+04-5.12918E+04 4.76131E+03 4.61345E+03
 -1       514-2.40758E+06-1.89862E+04-2.24445E+04-2.38381E+04 3.66239E+03 7.93645E+03
 -1       515-1.42862E+06-5.17946E+04-7.59686E+04-6.56885E+04-5.57569E+04 3.33370E+04
 -1       516-2.06571E+06 1.89890E+04-6.35615E+04-4.04571E+04-5.12951E+04 4.36576E+04
 -1       517-2.70779E+06 8.74967E+04-5.39267E+04-1.89611E+04-4.68340E+04 5.39434E+04
 -1       518-7.52354E+04-2.83646E+03-6.14157E+02-5.37944E+04-2.52001E+02-1.80565E+02
 -1       520-1.56476E+05-7.85611E+03-1.84620E+03 3.50385E+03-7.48793E+01 8.88208E+02
 -1       521-2.25552E+05-7.46936E+02-1.70883E+02-5.32529E+04-5.41523E+01-4.07086E+00
 -1       523-4.49773E+05 6.35628E+02-1.06327E+02 2.01351E+03-8.05317E+01 1.62397E+03
 -1       524-3.75036E+05 1.02271E+02 2.13420E+01-5.37130E+04-6.53335E+00-1.88491E+02
 -1       526-7.50086E+05-2.56410E+02-3.56774E+01 2.73606E+03-1.09896E+01 1.35610E+03
 -1       527-5.25052E+05-3.11998E+01-6.10396E+00-5.36147E+04 1.02604E+01-1.69647E+02
 -1       529-1.05004E+06-1.01787E+00-2.98772E+01 2.58474E+03 2.61033E+00 1.41974E+03
 -1       530-6.75088E+05-1.04676E+02-3.04601E+01-5.36453E+04-4.76626E+01-1.62316E+02
 -1       532-1.35002E+06 1.37534E+02 7.00210E+01 2.61443E+03-4.21645E+01 1.41274E+03
 -1       533-8.24926E+05 3.84793E+02 1.14087E+02-5.36067E+04 2.18684E+02-2.26685E+02
 -1       535-1.65023E+06-6.09586E+02-2.85451E+02 2.64698E+03 1.71665E+02 1.37551E+03
 -1       536-9.75635E+05-1.60542E+03-4.75503E+02-5.38006E+04-7.94433E+02-2.90210E+01
 -1       538-1.94927E+06 2.23201E+03 1.36172E+03 2.59234E+03-5.94509E+02 1.50266E+03
 -1       539-1.12309E+06 4.80260E+03 1.72944E+03-5.30589E+04 3.68194E+03-9.37819E+02
 -1       541-2.25275E+06-8.71341E+03-3.81162E+03 2.88391E+03 2.84542E+03-2.08724E+02
 -1       542-1.27711E+06-2.63773E+04-4.06961E+03-5.80055E+04-1.03771E+04-6.89165E+02
 -1       544-2.53795E+06 2.86904E+04 2.86436E+04 5.06345E+03-7.01215E+03-3.49062E+02
 -1       545-1.35884E+06 6.86267E+04 7.24014E+04-3.73928E+04 7.01503E+04-3.16119E+04
 -1       547-2.83699E+06-1.18835E+05 3.74710E+03 6.71417E+03 5.59869E+04-6.52353E+04
 -1       548 1.11867E+04 4.02785E+04 5.60197E+03-7.30946E+04-2.99168E+00-5.52076E-01
 -1       550-1.79083E+04 2.19358E+04 1.64548E+03-1.85091E+04-3.23848E+00-9.12776E-01
 -1       551-1.47608E+05 2.72095E+03 8.00784E+02-7.58577E+04-2.90461E+02 2.35133E+02
 -1       552-2.21752E+05 4.81895E+03 1.66284E+03-4.81834E+04-2.68970E+02-5.68831E+02
 -1       553-2.96839E+05 6.44766E+03 1.83251E+03-1.93787E+04-2.46499E+02-1.28330E+03
 -1       554-2.99510E+05 8.73267E+02 1.33184E+02-7.68647E+04-7.96770E+01 3.49986E+02
 -1       555-4.49873E+05 2.74745E+02 4.65888E+01-4.88850E+04-7.86821E+01-4.83222E+02
 -1       556-5.99951E+05-2.30717E+02 8.84200E+01-1.99098E+04-7.67942E+01-1.32684E+03
 -1       557-4.49970E+05-1.29177E+02-3.99481E+01-7.63863E+04-1.09441E+01 1.61784E+02
 -1       558-6.74998E+05 3.97462E+01 2.49975E+01-4.88392E+04-8.49974E+00-6.37943E+02
 -1       559-8.99958E+05 1.86638E+02 6.43779E+01-2.02520E+04-5.61269E+00-1.43728E+03
 -1       560-5.99923E+05 1.23603E+02 2.39138E+01-7.64811E+04-3.43743E+01 1.85404E+02
 -1       561-9.00048E+05-2.16616E+01-2.17284E+01-4.88441E+04-3.55888E+01-6.14696E+02
 -1       562-1.20000E+06-1.57061E+02-4.68380E+01-2.01715E+04-3.59827E+01-1.41368E+03
 -1       563-7.50076E+05-2.95977E+02-1.06748E+02-7.63961E+04 1.41992E+02 1.49327E+02
 -1       564-1.12505E+06 9.94937E+01 6.28633E+01-4.88136E+04 1.33490E+02-6.27882E+02
 -1       565-1.49983E+06 4.78176E+02 1.86589E+02-2.02236E+04 1.24441E+02-1.40798E+03
 -1       566-8.99400E+05 1.27897E+03 4.46645E+02-7.65091E+04-5.06479E+02 2.53225E+02
 -1       567-1.35007E+06-1.85813E+02-3.05626E+02-4.89078E+04-4.49180E+02-6.47851E+02
 -1       568-1.80046E+06-1.60393E+03-9.32416E+02-2.01841E+04-3.92072E+02-1.53760E+03
 -1       569-1.05154E+06-3.33711E+03-1.59254E+03-7.59109E+04 2.63018E+03-3.92087E+02
 -1       570-1.57515E+06 1.63308E+03 2.03341E+02-4.84824E+04 2.37055E+03-1.25454E+03
 -1       571-2.09871E+06 6.42004E+03 1.59575E+03-2.03548E+04 2.11163E+03-2.14628E+03
 -1       572-1.19547E+06 2.10297E+04 3.29815E+03-7.64265E+04-5.85993E+03-1.27122E+03
 -1       573-1.80217E+06 7.29389E+02-1.01467E+04-5.12935E+04-4.76369E+03-4.61262E+03
 -1       574-2.40757E+06-1.89715E+04-2.24336E+04-2.38445E+04-3.66732E+03-7.93522E+03
 -1       575-1.42862E+06-5.18013E+04-7.59570E+04-6.56883E+04 5.57560E+04-3.33375E+04
 -1       576-2.06571E+06 1.89855E+04-6.35589E+04-4.04555E+04 5.12963E+04-4.36559E+04
 -1       577-2.70779E+06 8.74965E+04-5.39327E+04-1.89581E+04 4.68361E+04-5.39395E+04
 -1       578-7.52356E+04-2.84078E+03-6.16542E+02-5.38044E+04 2.55398E+02 1.76269E+02
 -1       580-1.56476E+05-7.86157E+03-1.84912E+03 3.49447E+03 7.77192E+01-8.81341E+02
 -1       581-2.25548E+05-7.35868E+02-1.67100E+02-5.32522E+04 5.27835E+01 3.39903E+00
 -1       583-4.49776E+05 6.23746E+02-1.09316E+02 2.00307E+03 7.66114E+01-1.61874E+03
 -1       584-3.75035E+05 1.11646E+02 2.44131E+01-5.36989E+04 2.70406E+00 1.95208E+02
 -1       586-7.50089E+05-2.59764E+02-2.53709E+01 2.73983E+03 6.67241E+00-1.34961E+03
 -1       587-5.25049E+05-2.05719E+01-1.22683E+01-5.36234E+04-1.00512E+01 1.71172E+02
 -1       589-1.05004E+06 3.72501E+00-1.37753E+01 2.58235E+03-9.96678E+00-1.42679E+03
 -1       590-6.75088E+05-9.73249E+01-3.76168E+01-5.36413E+04 5.28764E+01 1.63419E+02
 -1       592-1.35001E+06 1.47674E+02 7.78268E+01 2.61595E+03 4.11901E+01-1.40797E+03
 -1       593-8.24923E+05 3.81930E+02 1.12637E+02-5.36066E+04-2.21720E+02 2.25175E+02
 -1       595-1.65023E+06-6.04773E+02-2.87990E+02 2.64596E+03-1.72354E+02-1.37128E+03
 -1       596-9.75642E+05-1.60026E+03-4.77962E+02-5.38016E+04 7.96017E+02 2.96321E+01
 -1       598-1.94928E+06 2.22729E+03 1.34820E+03 2.59007E+03 5.94197E+02-1.50407E+03
 -1       599-1.12308E+06 4.81211E+03 1.72848E+03-5.30594E+04-3.68176E+03 9.38773E+02
 -1       601-2.25275E+06-8.71225E+03-3.80974E+03 2.87831E+03-2.84433E+03 2.06510E+02
 -1       602-1.27712E+06-2.63926E+04-4.07605E+03-5.80000E+04 1.03755E+04 6.89002E+02
 -1       604-2.53795E+06 2.86815E+04 2.86397E+04 5.06432E+03 7.01428E+03 3.51443E+02
 -1       605-1.35884E+06 6.86218E+04 7.24064E+04-3.73962E+04-7.01509E+04 3.16089E+04
 -1       607-2.83699E+06-1.18836E+05 3.74448E+03 6.71145E+03-5.59857E+04 6.52319E+04
 -1       608-1.30547E+06 3.89951E+05-2.56322E+05-1.65099E+05-8.55922E-02-4.54468E+00
 -1       610-3.25988E+06-3.70101E+05-1.01637E+06-8.62223E+04 8.55556E-02-5.93685E+00
 -1       611-1.48267E+05 1.90905E+03 3.94671E+02-7.25976E+04 3.45888E-01 1.20443E+00
 -1       613-2.97320E+05 5.71587E+03 1.49889E+03-1.62735E+04 8.40195E-01-8.22696E-01
 -1       614-2.99435E+05 1.01695E+03 2.05931E+02-7.35532E+04 6.83847E+00 3.97164E+00
 -1       616-5.99886E+05-8.13409E+01 1.58309E+02-1.65607E+04 2.98218E+00 4.07285E+00
 -1       617-4.50043E+05-1.41252E+02-4.73357E+01-7.30848E+04-2.13957E+00-8.09754E-01
 -1       619-9.00039E+05 1.73456E+02 4.44694E+01-1.69580E+04 1.50628E+00-4.08747E+00
 -1       620-5.99994E+05 1.65575E+02 4.88879E+01-7.31628E+04 6.65939E+00-1.84283E+00
 -1       622-1.20006E+06-1.07247E+02-3.07596E+01-1.68605E+04-9.97915E-01-2.71610E+00
 -1       623-7.50204E+05-4.15683E+02-1.49322E+02-7.31239E+04-2.97839E+00 2.31464E+00
 -1       625-1.49998E+06 3.43670E+02 1.33780E+02-1.69298E+04 2.70359E+00 5.34671E+00
 -1       626-8.99427E+05 1.69568E+03 5.92756E+02-7.30979E+04 3.61991E+00-2.43438E-01
 -1       628-1.80045E+06-1.17475E+03-7.69624E+02-1.68306E+04-1.58904E+00 1.87836E+00
 -1       629-1.05207E+06-4.82677E+03-2.11801E+03-7.31312E+04-2.82591E+00-1.95295E+00
 -1       631-2.09934E+06 4.90186E+03 1.03875E+03-1.73832E+04-1.70054E-02-3.95865E+00
 -1       632-1.19490E+06 2.59059E+04 4.87369E+03-7.09780E+04 1.98729E+00 1.24612E+00
 -1       634-2.40745E+06-1.42664E+04-2.10374E+04-1.89520E+04-6.93402E-01 6.19775E-01
 -1       635-1.43626E+06-6.84965E+04-8.27313E+04-7.40829E+04-2.18983E+00-8.14487E-02
 -1       637-2.71582E+06 7.06462E+04-6.08501E+04-2.52329E+04-7.14773E-01 1.85393E+00
 -3
    1PSTEP                         3           1           1          
  100CL  101 1.000000000         459                     0    1           1
 -4  TOSTRAIN    6    1
 -5  EXX         1    4    1    1
 -5  EYY         1    4    2    2
 -5  EZZ         1    4    3    3
 -5  EXY         1    4    1    2
 -5  EYZ         1    4    2    3
 -5  EZX         1    4    3    1
 -1         1 6.39855E-06 3.48095E-11 3.24996E-11-1.51733E-07 2.59538E-12 8.30949E-07
 -1         2-6.39852E-06-3.48074E-11-3.24996E-11-1.51654E-07 2.59550E-12-8.30969E-07
 -1         3-4.32405E-09 1.16082E-07-4.19489E-08-4.97018E-07-1.66981E-08 3.57742E-09
 -1         4 4.27928E-09-1.15991E-07 4.20195E-08-4.97079E-07-1.66986E-08-3.65538E-09
 -1         5-4.26891E-09 1.15983E-07-4.19577E-08-4.97235E-07 1.66721E-08-3.58458E-09
 -1         6 4.28101E-09-1.15932E-07 4.20364E-08-4.96871E-07 1.66422E-08 3.67789E-09
 -1         7-6.39851E-06-3.48073E-11-3.24994E-11-1.51677E-07-2.59657E-12 8.30918E-07
 -1         8 6.39853E-06 3.48101E-11 3.24998E-11-1.51675E-07-2.59681E-12-8.30941E-07
 -1         9-8.85491E-12 1.16083E-15 2.53117E-16 2.51296E-07 2.59437E-12-8.82131E-12
 -1        10 3.18878E-06-3.68293E-11-3.72984E-11 8.62014E-08 2.59638E-12 4.15442E-07
 -1        11-3.18875E-06 3.68263E-11 3.72983E-11 8.62387E-08 2.59610E-12-4.15460E-07
 -1        12-6.63287E-06 1.98977E-06 1.61220E-06-3.37543E-07-3.48692E-07 2.03195E-07
 -1        13-5.72539E-06 1.52053E-06 1.58176E-06-5.11839E-07 5.60930E-08 7.76175E-09
 -1        14-5.00101E-06 1.41773E-06 1.39898E-06-4.92472E-07-1.68904E-08 2.36722E-09
 -1        15-4.28533E-06 1.19442E-06 1.19970E-06-4.99475E-07 4.06874E-09-1.54630E-09
 -1        16-3.57140E-06 1.00130E-06 1.00002E-06-4.98125E-07-1.00257E-09-8.84187E-10
 -1        17-2.85717E-06 7.99698E-07 7.99982E-07-4.98326E-07 3.54683E-10-1.15285E-09
 -1        18-2.14251E-06 5.99403E-07 5.99964E-07-4.98455E-07-1.14165E-10-9.92890E-10
 -1        19-1.42765E-06 4.02821E-07 3.98836E-07-4.97693E-07-2.41197E-10-2.08501E-09
 -1        20-7.07606E-07 1.99341E-07 1.97006E-07-4.94541E-07-2.34561E-09-1.41869E-09
 -1        21-6.65840E-06 1.59496E-06 2.06498E-06-3.27166E-07 4.55066E-07-1.92683E-07
 -1        22-6.04061E-06 1.80001E-06 1.71853E-06-3.21383E-07-8.55580E-08-4.20063E-09
 -1        23-5.35650E-06 1.47363E-06 1.49921E-06-3.15249E-07 2.40089E-08-5.71623E-09
 -1        24-4.64290E-06 1.30765E-06 1.30066E-06-3.16621E-07-5.78847E-09-1.76873E-10
 -1        25-3.92870E-06 1.09815E-06 1.09988E-06-3.16081E-07 1.49192E-09-1.38168E-09
 -1        26-3.21438E-06 9.00649E-07 9.00071E-07-3.16184E-07-3.33076E-10-9.89341E-10
 -1        27-2.50009E-06 6.99703E-07 7.00050E-07-3.16031E-07 1.19473E-10-1.03402E-09
 -1        28-1.78597E-06 5.01077E-07 4.99990E-07-3.16129E-07 7.20302E-11-1.14888E-09
 -1        29-1.07278E-06 2.96692E-07 3.00904E-07-3.16300E-07 1.64438E-10-2.47952E-11
 -1        30-3.53646E-07 9.90144E-08 1.01166E-07-3.20987E-07 2.29943E-09-1.10058E-09
 -1        31 7.99745E-11-2.46190E-11 4.67544E-11-5.99816E-07-2.09759E-08 2.56977E-11
 -1        32 3.44559E-10-8.00292E-08 2.60009E-08-5.50161E-07-1.88512E-08-2.56381E-09
 -1        33-2.97452E-10 8.00502E-08-2.59033E-08-5.50132E-07-1.88249E-08 2.52830E-09
 -1        34 6.63286E-06-1.98990E-06-1.61227E-06-3.37828E-07-3.48678E-07-2.03189E-07
 -1        35 5.72538E-06-1.52064E-06-1.58172E-06-5.11861E-07 5.61324E-08-7.75223E-09
 -1        36 5.00104E-06-1.41777E-06-1.39899E-06-4.92423E-07-1.67983E-08-2.38408E-09
 -1        37 4.28528E-06-1.19450E-06-1.19966E-06-4.99222E-07 3.95483E-09 1.50748E-09
 -1        38 3.57146E-06-1.00127E-06-1.00002E-06-4.98098E-07-1.04940E-09 8.96362E-10
 -1        39 2.85710E-06-7.99718E-07-7.99910E-07-4.98283E-07 1.26936E-10 1.16869E-09
 -1        40 2.14256E-06-5.99359E-07-5.99968E-07-4.98412E-07-2.15454E-10 9.95813E-10
 -1        41 1.42769E-06-4.02889E-07-3.98828E-07-4.97505E-07-3.82560E-10 2.05986E-09
 -1        42 7.07584E-07-1.99267E-07-1.96927E-07-4.94779E-07-2.51215E-09 1.45463E-09
 -1        43 6.65840E-06-1.59517E-06-2.06501E-06-3.27264E-07 4.55103E-07 1.92690E-07
 -1        44 6.04059E-06-1.80010E-06-1.71850E-06-3.21464E-07-8.55555E-08 4.18053E-09
 -1        45 5.35650E-06-1.47370E-06-1.49919E-06-3.15252E-07 2.40324E-08 5.70468E-09
 -1        46 4.64294E-06-1.30765E-06-1.30064E-06-3.16539E-07-5.82047E-09 1.62224E-10
 -1        47 3.92867E-06-1.09813E-06-1.09985E-06-3.16007E-07 1.42883E-09 1.36717E-09
 -1        48 3.21439E-06-9.00633E-07-9.00047E-07-3.16151E-07-3.82154E-10 9.97021E-10
 -1        49 2.50004E-06-6.99647E-07-7.00069E-07-3.16047E-07 8.07546E-11 1.06469E-09
 -1        50 1.78602E-06-5.01100E-07-4.99995E-07-3.16064E-07 6.28554E-12 1.14414E-09
 -1        51 1.07278E-06-2.96734E-07-3.00891E-07-3.16276E-07 9.25158E-11-3.02309E-12
 -1        52 3.53621E-07-9.88967E-08-1.01152E-07-3.21005E-07 2.24220E-09 1.06988E-09
 -1        53-7.88628E-09 1.31599E-07-4.19493E-08-4.66382E-07-1.92017E-11-3.36618E-12
 -1        54-2.15515E-10 2.90047E-11 8.75017E-11-5.99897E-07 2.09172E-08-9.04657E-11
 -1        55 2.09637E-10-7.99483E-08 2.60297E-08-5.50058E-07 1.87664E-08 2.51724E-09
 -1        56-4.21245E-10 8.00027E-08-2.58873E-08-5.50319E-07 1.88060E-08-2.57994E-09
 -1        57 7.85135E-09-1.31574E-07 4.20239E-08-4.66354E-07-2.52204E-11 8.19244E-12
 -1        58-7.07621E-07 1.99299E-07 1.97004E-07-4.94645E-07 2.46528E-09 1.43318E-09
 -1        59-1.42764E-06 4.03088E-07 3.98834E-07-4.97666E-07 3.84361E-10 2.13323E-09
 -1        60-2.14258E-06 5.99196E-07 5.99968E-07-4.98486E-07 1.41454E-10 9.86096E-10
 -1        61-2.85710E-06 7.99780E-07 7.99881E-07-4.98339E-07-1.86148E-10 1.13006E-09
 -1        62-3.57141E-06 1.00126E-06 1.00003E-06-4.97919E-07 1.02240E-09 9.10168E-10
 -1        63-4.28535E-06 1.19466E-06 1.19967E-06-4.99404E-07-3.86819E-09 1.54345E-09
 -1        64-5.00100E-06 1.41786E-06 1.39899E-06-4.92378E-07 1.69104E-08-2.38984E-09
 -1        65-5.72538E-06 1.52072E-06 1.58169E-06-5.11807E-07-5.60606E-08-7.74823E-09
 -1        66-6.63288E-06 1.98965E-06 1.61227E-06-3.37688E-07 3.48677E-07-2.03198E-07
 -1        67-3.53638E-07 9.89757E-08 1.01161E-07-3.20974E-07-2.31031E-09 1.07439E-09
 -1        68-1.07278E-06 2.96776E-07 3.00902E-07-3.16304E-07-1.18303E-10 2.06994E-11
 -1        69-1.78598E-06 5.01131E-07 4.99991E-07-3.16100E-07-5.72139E-11 1.18983E-09
 -1        70-2.50007E-06 6.99645E-07 7.00002E-07-3.16138E-07-3.55241E-11 1.04332E-09
 -1        71-3.21438E-06 9.00597E-07 9.00027E-07-3.16100E-07 4.09135E-10 9.96063E-10
 -1        72-3.92868E-06 1.09814E-06 1.09987E-06-3.15980E-07-1.44987E-09 1.37248E-09
 -1        73-4.64293E-06 1.30773E-06 1.30065E-06-3.16613E-07 5.83844E-09 1.80599E-10
 -1        74-5.35647E-06 1.47361E-06 1.49919E-06-3.15198E-07-2.39595E-08 5.72205E-09
 -1        75-6.04061E-06 1.80001E-06 1.71853E-06-3.21373E-07 8.55955E-08 4.19964E-09
 -1        76-6.65840E-06 1.59498E-06 2.06501E-06-3.27215E-07-4.55045E-07 1.92664E-07
 -1        77 5.00701E-11 1.19457E-15 1.02410E-16 2.51305E-07-2.59560E-12 8.56825E-12
 -1        78 3.18879E-06-3.68293E-11-3.72984E-11 8.62299E-08-2.59476E-12-4.15436E-07
 -1        79-3.18873E-06 3.68266E-11 3.72983E-11 8.62292E-08-2.59486E-12 4.15434E-07
 -1        80 7.07597E-07-1.99231E-07-1.97009E-07-4.94512E-07 2.30820E-09-1.44777E-09
 -1        81 1.42770E-06-4.03026E-07-3.98876E-07-4.97414E-07 1.60891E-10-2.05647E-09
 -1        82 2.14254E-06-5.99185E-07-5.99971E-07-4.98551E-07 1.24583E-10-9.99021E-10
 -1        83 2.85709E-06-7.99675E-07-7.99915E-07-4.98365E-07-2.86395E-10-1.15151E-09
 -1        84 3.57141E-06-1.00134E-06-1.00003E-06-4.98011E-07 9.93957E-10-9.18764E-10
 -1        85 4.28536E-06-1.19447E-06-1.19973E-06-4.99299E-07-4.04885E-09-1.50542E-09
 -1        86 5.00104E-06-1.41794E-06-1.39900E-06-4.92524E-07 1.68441E-08 2.36827E-09
 -1        87 5.72536E-06-1.52072E-06-1.58173E-06-5.11729E-07-5.60347E-08 7.80643E-09
 -1        88 6.63286E-06-1.98964E-06-1.61224E-06-3.37723E-07 3.48739E-07 2.03176E-07
 -1        89 3.53625E-07-9.89351E-08-1.01184E-07-3.20894E-07-2.30226E-09-1.06862E-09
 -1        90 1.07279E-06-2.96626E-07-3.00956E-07-3.16186E-07-1.93878E-10-4.10803E-12
 -1        91 1.78601E-06-5.01042E-07-5.00020E-07-3.16052E-07-1.23757E-10-1.16059E-09
 -1        92 2.50006E-06-6.99552E-07-7.00074E-07-3.16144E-07-8.81084E-11-1.04333E-09
 -1        93 3.21436E-06-9.00585E-07-9.00054E-07-3.16134E-07 3.63083E-10-9.97581E-10
 -1        94 3.92871E-06-1.09816E-06-1.09989E-06-3.15954E-07-1.49853E-09-1.35501E-09
 -1        95 4.64291E-06-1.30766E-06-1.30068E-06-3.16572E-07 5.78702E-09-1.55014E-10
 -1        96 5.35651E-06-1.47374E-06-1.49920E-06-3.15241E-07-2.39785E-08-5.70869E-09
 -1        97 6.04059E-06-1.79995E-06-1.71849E-06-3.21379E-07 8.56155E-08-4.20832E-09
 -1        98 6.65840E-06-1.59497E-06-2.06499E-06-3.27261E-07-4.55028E-07-1.92685E-07
 -1        99-6.39438E-06 3.46710E-11 3.77578E-11-2.96110E-07 6.49721E-16-2.77010E-11
 -1       100 6.39442E-06-3.46738E-11-3.77581E-11-2.96148E-07 8.44657E-16 3.34169E-12
 -1       101-1.04406E-11 6.31249E-12-1.76269E-12-5.98563E-07-3.49004E-07-1.14823E-10
 -1       102 8.91395E-12 1.05157E-10-3.97598E-11-6.16827E-07 5.78554E-08 4.31835E-11
 -1       103 3.07591E-11-4.64869E-11 2.54490E-11-6.10063E-07-1.76390E-08-2.95560E-11
 -1       104-2.75602E-11 2.74553E-11-2.57728E-11-6.13368E-07 4.32663E-09 1.07715E-10
 -1       105 2.06404E-11-6.63026E-11-8.64046E-12-6.12441E-07-1.13692E-09-3.41244E-12
 -1       106-1.87317E-11 3.38284E-11-7.60708E-11-6.12706E-07 2.94866E-10 1.32639E-11
 -1       107 1.31020E-11-7.78142E-11 1.95993E-11-6.12525E-07-8.63193E-11 2.70684E-11
 -1       108-5.77111E-12-6.05377E-11-8.84888E-12-6.13368E-07-4.59732E-10 8.37713E-11
 -1       109-4.14682E-11-2.28412E-12 4.06037E-11-6.14689E-07-1.57247E-09-1.23322E-10
 -1       110 3.31392E-06-8.23586E-07-8.05952E-07-4.56883E-07-3.48841E-07-1.01646E-07
 -1       111 5.13852E-11-6.83254E-11 2.28148E-11-3.10102E-07 4.54926E-07-3.55356E-11
 -1       112 2.86498E-06-7.93737E-07-7.91178E-07-5.71366E-07 5.69860E-08-3.86030E-09
 -1       113-5.76607E-11 7.49290E-11-4.94096E-13-4.54510E-07-8.48571E-08-1.94278E-11
 -1       114 2.50026E-06-6.98454E-07-6.99415E-07-5.53347E-07-1.72155E-08-1.21630E-09
 -1       115-4.32908E-12 3.19782E-11-2.00027E-11-4.23078E-07 2.44612E-08 6.18691E-12
 -1       116 2.14286E-06-5.99655E-07-5.99910E-07-5.59718E-07 4.12303E-09 8.19427E-10
 -1       117-1.97473E-11 2.69086E-11-3.95223E-11-4.31951E-07-6.06610E-09 2.29760E-11
 -1       118 1.78585E-06-5.00033E-07-5.00051E-07-5.58357E-07-1.09577E-09 4.43857E-10
 -1       119 2.54383E-11-2.89119E-13-3.18250E-11-4.30058E-07 1.54972E-09 4.16560E-11
 -1       120 1.42864E-06-3.99907E-07-4.00020E-07-5.58683E-07 1.96419E-10 5.95974E-10
 -1       121 4.64244E-12-1.05822E-11-1.17448E-11-4.30538E-07-4.03466E-10 2.57443E-12
 -1       122 1.07133E-06-3.00050E-07-3.00052E-07-5.58578E-07-1.72945E-10 5.08126E-10
 -1       123-2.53222E-11-4.08270E-13 5.24029E-12-4.30257E-07 1.68600E-10-3.85638E-12
 -1       124 7.13977E-07-2.00074E-07-1.99202E-07-5.58745E-07-4.19394E-10 1.12301E-09
 -1       125 9.81517E-12-7.48743E-11 3.12988E-12-4.30773E-07 2.51724E-12 4.27444E-11
 -1       126 3.52998E-07-1.09700E-07-9.93690E-08-5.57393E-07-2.04778E-09 3.45196E-10
 -1       127 6.84123E-11-5.43556E-11-1.59156E-11-4.28445E-07 4.59319E-10-1.58738E-12
 -1       128-4.76315E-11 4.08503E-12-2.41727E-11-4.38388E-07 5.75067E-10 1.22079E-11
 -1       129-3.31394E-06 8.23526E-07 8.05912E-07-4.56717E-07-3.48862E-07 1.01514E-07
 -1       130-2.86498E-06 7.93785E-07 7.91152E-07-5.71355E-07 5.69875E-08 3.90225E-09
 -1       131-2.50022E-06 6.98384E-07 6.99447E-07-5.53368E-07-1.72624E-08 1.19149E-09
 -1       132-2.14292E-06 5.99643E-07 5.99933E-07-5.59891E-07 4.22019E-09-7.24114E-10
 -1       133-1.78579E-06 4.99982E-07 5.00025E-07-5.58368E-07-1.06687E-09-4.27779E-10
 -1       134-1.42870E-06 3.99931E-07 3.99970E-07-5.58716E-07 3.40494E-10-5.76546E-10
 -1       135-1.07130E-06 2.99994E-07 3.00083E-07-5.58613E-07-9.25472E-11-4.72996E-10
 -1       136-7.13955E-07 1.99979E-07 1.99199E-07-5.58856E-07-3.37126E-10-1.04875E-09
 -1       137-3.53044E-07 1.09735E-07 9.94512E-08-5.57247E-07-1.95869E-09-4.77937E-10
 -1       138-2.67170E-11-2.09235E-11 6.71292E-11-5.66872E-07-3.09569E-11-3.38965E-11
 -1       139 2.19776E-11 5.73485E-12 3.30183E-11-6.14741E-07 1.54872E-09 8.15789E-13
 -1       140 4.88136E-11-2.95614E-11 5.79472E-11-6.13386E-07 5.69227E-10-1.04647E-10
 -1       141-1.59191E-11 1.49778E-10-6.04917E-11-6.12510E-07 4.84144E-11 2.12161E-11
 -1       142-5.86016E-12 3.08437E-11 2.64159E-11-6.12717E-07-3.32916E-10 2.19506E-11
 -1       143-1.06705E-12 1.11479E-10-5.61672E-11-6.12402E-07 1.14884E-09 4.32745E-11
 -1       144 2.78273E-11-1.04712E-10 1.20551E-10-6.13347E-07-4.24895E-09-6.27380E-11
 -1       145-1.81578E-11 2.77346E-11 1.98011E-11-6.10122E-07 1.76689E-08 5.96365E-11
 -1       146-1.78527E-11-2.84761E-11-1.11145E-13-6.16918E-07-5.78315E-08-6.61516E-11
 -1       147-1.33035E-11-1.51611E-11-4.86913E-11-5.98556E-07 3.49023E-07 3.85392E-11
 -1       148 3.53033E-07-1.09699E-07-9.94134E-08-5.57276E-07 1.91608E-09-4.51402E-10
 -1       149-5.16578E-11 7.95130E-12-7.59179E-12-4.38434E-07-5.80511E-10-7.58832E-12
 -1       150 7.13993E-07-2.00107E-07-1.99192E-07-5.58689E-07 3.52670E-10-1.13704E-09
 -1       151 3.02038E-11 3.04785E-11 1.36898E-11-4.28524E-07-4.50248E-10-2.05003E-11
 -1       152 1.07130E-06-2.99869E-07-3.00094E-07-5.58643E-07 8.69416E-11-4.63485E-10
 -1       153-3.88440E-11 8.60228E-11-3.51763E-12-4.30713E-07 1.35550E-11-3.34895E-11
 -1       154 1.42865E-06-3.99887E-07-3.99971E-07-5.58753E-07-3.16421E-10-5.66841E-10
 -1       155-1.16334E-11 1.07536E-10 1.64381E-11-4.30308E-07-1.50229E-10 3.03701E-12
 -1       156 1.78581E-06-4.99989E-07-5.00080E-07-5.58288E-07 1.06975E-09-4.37014E-10
 -1       157-1.15608E-11 7.01890E-11 1.57352E-11-4.30527E-07 3.90706E-10 2.38978E-11
 -1       158 2.14293E-06-5.99721E-07-5.99873E-07-5.59763E-07-4.16531E-09-7.86922E-10
 -1       159 4.66443E-11-3.53218E-11 1.75737E-11-4.30027E-07-1.56170E-09-4.97158E-11
 -1       160 2.50024E-06-6.98533E-07-6.99424E-07-5.53429E-07 1.72594E-08 1.23155E-09
 -1       161-5.08233E-11-3.39055E-11 3.08158E-11-4.31991E-07 6.04167E-09-1.17889E-11
 -1       162 2.86496E-06-7.93869E-07-7.91162E-07-5.71327E-07-5.69355E-08 3.84934E-09
 -1       163 6.26234E-11-4.48350E-11-3.00239E-12-4.23160E-07-2.44985E-08 1.44643E-11
 -1       164 3.31391E-06-8.23483E-07-8.05964E-07-4.56836E-07 3.48883E-07 1.01584E-07
 -1       165-4.57106E-11 5.15419E-12-4.13408E-12-4.54506E-07 8.48589E-08 1.12998E-11
 -1       166 1.44936E-11-3.48713E-12-6.49633E-13-3.10118E-07-4.54878E-07 3.69421E-11
 -1       167-3.53024E-07 1.09739E-07 9.94465E-08-5.57340E-07 2.01424E-09 4.19186E-10
 -1       168-7.13923E-07 2.00109E-07 1.99231E-07-5.58868E-07 5.04274E-10 1.07246E-09
 -1       169-1.07134E-06 3.00024E-07 3.00045E-07-5.58616E-07 8.01282E-11 4.86312E-10
 -1       170-1.42866E-06 3.99970E-07 3.99971E-07-5.58708E-07-2.51529E-10 5.79721E-10
 -1       171-1.78581E-06 5.00061E-07 5.00009E-07-5.58252E-07 1.08754E-09 4.84855E-10
 -1       172-2.14290E-06 5.99711E-07 5.99991E-07-5.59830E-07-4.03736E-09 7.46523E-10
 -1       173-2.50024E-06 6.98523E-07 6.99450E-07-5.53348E-07 1.72922E-08-1.16571E-09
 -1       174-2.86498E-06 7.93840E-07 7.91138E-07-5.71399E-07-5.69383E-08-3.88977E-09
 -1       175-3.31394E-06 8.23471E-07 8.05920E-07-4.56777E-07 3.48834E-07-1.01577E-07
 -1       176 9.12799E-13-1.44152E-15-1.91843E-17 1.06936E-07 7.53351E-16 1.33919E-12
 -1       177 6.63736E-06-1.99048E-06-1.61233E-06-3.92513E-07 2.16658E-11-6.28670E-12
 -1       178 5.73076E-06-1.52154E-06-1.58180E-06-4.67578E-07 5.48820E-11 2.76359E-11
 -1       179 5.00040E-06-1.41755E-06-1.39906E-06-4.72145E-07 2.35804E-11-6.93217E-12
 -1       180 4.28583E-06-1.19472E-06-1.19975E-06-4.72489E-07-1.98684E-11 1.01989E-12
 -1       181 3.57152E-06-1.00122E-06-1.00007E-06-4.72892E-07-3.23435E-11-1.22308E-11
 -1       182 2.85723E-06-7.99835E-07-7.99949E-07-4.72725E-07-6.63062E-11 8.48073E-12
 -1       183 2.14271E-06-5.99149E-07-5.99997E-07-4.73073E-07-5.50198E-11-9.40930E-13
 -1       184 1.42750E-06-4.03669E-07-3.98870E-07-4.71663E-07-9.65781E-11 2.91233E-12
 -1       185 7.09049E-07-1.96439E-07-1.96977E-07-4.70574E-07-9.27717E-11 2.42820E-12
 -1       186-6.63738E-06 1.99042E-06 1.61231E-06-3.92445E-07 6.37153E-12-4.96772E-13
 -1       187-5.73078E-06 1.52151E-06 1.58180E-06-4.67543E-07 2.82013E-12 7.59548E-12
 -1       188-5.00036E-06 1.41751E-06 1.39904E-06-4.72137E-07 1.20497E-11-1.19030E-11
 -1       189-4.28584E-06 1.19470E-06 1.19974E-06-4.72563E-07 7.82955E-11-1.48345E-12
 -1       190-3.57148E-06 1.00125E-06 1.00007E-06-4.72883E-07 1.76802E-11 1.41085E-11
 -1       191-2.85727E-06 7.99867E-07 7.99968E-07-4.72734E-07 5.88323E-11-1.12320E-11
 -1       192-2.14271E-06 5.99126E-07 5.99993E-07-4.73074E-07 2.42111E-11-4.93549E-12
 -1       193-1.42745E-06 4.03670E-07 3.98853E-07-4.71768E-07 6.29236E-11 2.42078E-11
 -1       194-7.09072E-07 1.96483E-07 1.97014E-07-4.70599E-07 6.05457E-11 7.34055E-12
 -1       195-5.70012E-12-3.93356E-12-2.52272E-11-6.53293E-07 1.18304E-11-3.87626E-11
 -1       196-4.98914E-13 5.44864E-11-1.99357E-11-5.72687E-07 8.26122E-12-1.21293E-11
 -1       197 1.11250E-11-1.01814E-12 2.26255E-11-5.89826E-07 1.63319E-11 1.33745E-11
 -1       198 3.94220E-12-7.43109E-11 4.73898E-11-5.86517E-07 4.14212E-11 2.31436E-11
 -1       199-1.56932E-12 4.70166E-11-3.24042E-11-5.87274E-07 7.53240E-12 2.06166E-11
 -1       200-1.05928E-11 2.71336E-11-2.48281E-11-5.87117E-07-2.50307E-11 1.81169E-11
 -1       201 1.02510E-11 1.09190E-11-2.04466E-11-5.87078E-07-1.84612E-11 2.47007E-11
 -1       202 1.33343E-11-4.32804E-11 2.45493E-11-5.87689E-07 5.75463E-11-1.15710E-11
 -1       203-9.07079E-12-1.18943E-11 3.68118E-11-5.89752E-07-6.91619E-12-6.08476E-11
 -1       320 1.14396E-07-1.10644E-07-2.46455E-09-1.27316E-07 1.00770E-08-6.43284E-09
 -1       321 5.53076E-08-1.32305E-07 2.42278E-08-2.98860E-07 8.87890E-09-5.68269E-09
 -1       322 4.26423E-09-1.53934E-07 4.20237E-08-4.62285E-07 7.68009E-09-3.65537E-09
 -1       323 1.36773E-05-3.71192E-06 9.67435E-11-4.02935E-07-1.13552E-07 1.57478E-06
 -1       324 1.00173E-05-3.71219E-06-1.09416E-10-5.88809E-07 2.25406E-12 1.20306E-06
 -1       325 6.39826E-06-3.71192E-06 9.70887E-11-8.47744E-07 1.13556E-07 8.30952E-07
 -1       326 1.14441E-07-1.10626E-07-2.47358E-09-1.27355E-07-1.01040E-08 6.40902E-09
 -1       327 5.53391E-08-1.32281E-07 2.42317E-08-2.98870E-07-8.90651E-09 5.69143E-09
 -1       328 4.26596E-09-1.53905E-07 4.20406E-08-4.62264E-07-7.70973E-09 3.67789E-09
 -1       329 1.36772E-05-3.71192E-06 9.67434E-11-4.02866E-07 1.13553E-07-1.57481E-06
 -1       330 1.00173E-05-3.71218E-06-1.09416E-10-5.88745E-07-2.25376E-12-1.20307E-06
 -1       331 6.39824E-06-3.71192E-06 9.70887E-11-8.47685E-07-1.13557E-07-8.30944E-07
 -1       332 1.42455E-06-4.24094E-07-3.95938E-07-1.18118E-07 1.52060E-09-7.81467E-09
 -1       333 1.06459E-06-3.16430E-07-2.97140E-07-2.93686E-07 1.64730E-09-3.45550E-09
 -1       334 7.07552E-07-2.08711E-07-1.96918E-07-4.62363E-07 1.77154E-09 1.45465E-09
 -1       335 2.85680E-06-7.98749E-07-8.00656E-07-1.21369E-07 4.96749E-10-8.11127E-09
 -1       336 2.14274E-06-6.01083E-07-5.99682E-07-2.98042E-07 5.15063E-10-2.98037E-09
 -1       337 1.42763E-06-4.03308E-07-3.98811E-07-4.68647E-07 5.32806E-10 2.05988E-09
 -1       338 4.28581E-06-1.20085E-06-1.19996E-06-1.23415E-07 3.21371E-11-8.74544E-09
 -1       339 3.21432E-06-9.00229E-07-9.00048E-07-2.97625E-07 5.31241E-13-3.88401E-09
 -1       340 2.14246E-06-5.99449E-07-5.99941E-07-4.65495E-07-3.05471E-11 9.95828E-10
 -1       341 5.71402E-06-1.59936E-06-1.59991E-06-1.22938E-07 2.00955E-10-8.57356E-09
 -1       342 4.28590E-06-1.20003E-06-1.19999E-06-2.97679E-07 2.33064E-10-3.70723E-09
 -1       343 2.85697E-06-8.00495E-07-7.99875E-07-4.66110E-07 2.60179E-10 1.16870E-09
 -1       344 7.14294E-06-2.00175E-06-2.00005E-06-1.23297E-07-7.48619E-10-8.68676E-09
 -1       345 5.35761E-06-1.50041E-06-1.50021E-06-2.97600E-07-8.03808E-10-3.87350E-09
 -1       346 3.57130E-06-9.98796E-07-9.99979E-07-4.65762E-07-8.56537E-10 8.96378E-10
 -1       347 8.57018E-06-2.39418E-06-2.39838E-06-1.23045E-07 2.40895E-09-9.38781E-09
 -1       348 6.42820E-06-1.79959E-06-1.79893E-06-2.98122E-07 2.74003E-09-3.97878E-09
 -1       349 4.28509E-06-1.20468E-06-1.19961E-06-4.66358E-07 3.06629E-09 1.50750E-09
 -1       350 1.00046E-05-2.82670E-06-2.79735E-06-1.24056E-07-1.28820E-08-1.30146E-08
 -1       351 7.50320E-06-2.10765E-06-2.09900E-06-2.95494E-07-1.44367E-08-7.60837E-09
 -1       352 5.00082E-06-1.38822E-06-1.39893E-06-4.62669E-07-1.59916E-08-2.38411E-09
 -1       353 1.14094E-05-3.14959E-06-3.12860E-06-1.45308E-07 2.23174E-08-4.83603E-08
 -1       354 8.56923E-06-2.41981E-06-2.35362E-06-3.12632E-07 2.90253E-08-2.81086E-08
 -1       355 5.72513E-06-1.68959E-06-1.58165E-06-4.65840E-07 3.57355E-08-7.75240E-09
 -1       356 1.29389E-05-4.09897E-06-3.23687E-06-1.15540E-07-2.85493E-07-3.28758E-07
 -1       357 9.77726E-06-2.92947E-06-2.42630E-06-2.46564E-07-3.12682E-07-2.66085E-07
 -1       358 6.63257E-06-1.75949E-06-1.61219E-06-4.00357E-07-3.39872E-07-2.03191E-07
 -1       359 7.32161E-07-1.73681E-07-2.10313E-07 2.13429E-08-4.88548E-10-5.40618E-09
 -1       361 3.53638E-07-8.76352E-08-1.01157E-07-3.27910E-07-1.55470E-09 1.06989E-09
 -1       362 2.14250E-06-6.02868E-07-5.98346E-07 1.22620E-08-4.79773E-10-9.87551E-09
 -1       364 1.07283E-06-2.97456E-07-3.00905E-07-3.24587E-07-3.39704E-10-3.00392E-12
 -1       365 3.57148E-06-9.98960E-07-1.00031E-06 1.66623E-08-4.46339E-11-8.25879E-09
 -1       367 1.78610E-06-5.00541E-07-5.00018E-07-3.27377E-07-4.09519E-11 1.14415E-09
 -1       368 5.00015E-06-1.40018E-06-1.39994E-06 1.57633E-08 1.65242E-11-8.64842E-09
 -1       370 2.50016E-06-7.00047E-07-7.00101E-07-3.26762E-07 2.42909E-11 1.06471E-09
 -1       371 6.42895E-06-1.80060E-06-1.80020E-06 1.59122E-08-2.54589E-10-8.61771E-09
 -1       373 3.21454E-06-8.99694E-07-9.00088E-07-3.26996E-07-2.91685E-10 9.97036E-10
 -1       374 7.85703E-06-2.19781E-06-2.19974E-06 1.61405E-08 1.04384E-09-8.40539E-09
 -1       376 3.92885E-06-1.10159E-06-1.09990E-06-3.26766E-07 1.30169E-09 1.36718E-09
 -1       377 9.28709E-06-2.60789E-06-2.60252E-06 1.57920E-08-3.61103E-09-9.13834E-09
 -1       379 4.64315E-06-1.29391E-06-1.30070E-06-3.27923E-07-4.86782E-09 1.62240E-10
 -1       380 1.07107E-05-2.96722E-06-2.99716E-06 1.75329E-08 1.73246E-08 1.30476E-09
 -1       382 5.35675E-06-1.51799E-06-1.49926E-06-3.23433E-07 2.24503E-08 5.70468E-09
 -1       383 1.21619E-05-3.48229E-06-3.48213E-06 3.08499E-08-4.27030E-08 2.15107E-09
 -1       385 6.04086E-06-1.58256E-06-1.71858E-06-3.53567E-07-6.31789E-08 4.18052E-09
 -1       386 1.33560E-05-3.21176E-06-3.95894E-06 4.08867E-08 3.41252E-07 3.97611E-07
 -1       388 6.65871E-06-2.04202E-06-2.06508E-06-2.27939E-07 4.27612E-07 1.92689E-07
 -1       389 1.16725E-07-1.26101E-07-2.48235E-09-1.12788E-07-1.02525E-11-1.04943E-11
 -1       391 7.86919E-09-1.69386E-07 4.20189E-08-4.45485E-07-1.15902E-11 8.19350E-12
 -1       392 1.42453E-06-4.24092E-07-3.95902E-07-1.18126E-07-1.51595E-09 7.86348E-09
 -1       393 1.06458E-06-3.16409E-07-2.97162E-07-2.93715E-07-1.64411E-09 3.47681E-09
 -1       394 7.07565E-07-2.08670E-07-1.97000E-07-4.62413E-07-1.77472E-09-1.44779E-09
 -1       395 2.85681E-06-7.98746E-07-8.00686E-07-1.21341E-07-5.02293E-10 8.06413E-09
 -1       396 2.14275E-06-6.01075E-07-5.99720E-07-2.97994E-07-5.15684E-10 2.96535E-09
 -1       397 1.42764E-06-4.03296E-07-3.98858E-07-4.68581E-07-5.29647E-10-2.05649E-09
 -1       398 4.28578E-06-1.20077E-06-1.19990E-06-1.23439E-07-3.78015E-11 8.77392E-09
 -1       399 3.21430E-06-9.00161E-07-9.00018E-07-2.97670E-07-2.18527E-11 3.88978E-09
 -1       400 2.14245E-06-5.99386E-07-5.99945E-07-4.65560E-07-5.37635E-12-9.99035E-10
 -1       401 5.71402E-06-1.59939E-06-1.59995E-06-1.22985E-07-2.40848E-10 8.61000E-09
 -1       402 4.28589E-06-1.20002E-06-1.20001E-06-2.97730E-07-2.38583E-10 3.73065E-09
 -1       403 2.85696E-06-8.00445E-07-7.99880E-07-4.66165E-07-2.41312E-10-1.15152E-09
 -1       404 7.14292E-06-2.00172E-06-2.00003E-06-1.23265E-07 7.75602E-10 8.56084E-09
 -1       405 5.35757E-06-1.50040E-06-1.50021E-06-2.97511E-07 8.29844E-10 3.81577E-09
 -1       406 3.57125E-06-9.98806E-07-9.99990E-07-4.65617E-07 8.86547E-10-9.18779E-10
 -1       407 8.57023E-06-2.39431E-06-2.39832E-06-1.23034E-07-2.38578E-09 9.41777E-09
 -1       408 6.42826E-06-1.79968E-06-1.79893E-06-2.98110E-07-2.71988E-09 3.99407E-09
 -1       409 4.28517E-06-1.20474E-06-1.19968E-06-4.66345E-07-3.05881E-09-1.50543E-09
 -1       410 1.00046E-05-2.82679E-06-2.79736E-06-1.24070E-07 1.28750E-08 1.30242E-08
 -1       411 7.50319E-06-2.10774E-06-2.09901E-06-2.95519E-07 1.44622E-08 7.60121E-09
 -1       412 5.00082E-06-1.38831E-06-1.39894E-06-4.62707E-07 1.60492E-08 2.36829E-09
 -1       413 1.14094E-05-3.14961E-06-3.12854E-06-1.45354E-07-2.23068E-08 4.83710E-08
 -1       414 8.56922E-06-2.41985E-06-2.35360E-06-3.12671E-07-2.90059E-08 2.81460E-08
 -1       415 5.72511E-06-1.68966E-06-1.58166E-06-4.65872E-07-3.57027E-08 7.80660E-09
 -1       416 1.29390E-05-4.09896E-06-3.23689E-06-1.15546E-07 2.85449E-07 3.28788E-07
 -1       417 9.77728E-06-2.92946E-06-2.42630E-06-2.46592E-07 3.12652E-07 2.66087E-07
 -1       418 6.63258E-06-1.75946E-06-1.61217E-06-4.00407E-07 3.39855E-07 2.03178E-07
 -1       419 7.32159E-07-1.73699E-07-2.10299E-07 2.13109E-08 5.01006E-10 5.37128E-09
 -1       421 3.53642E-07-8.76274E-08-1.01189E-07-3.27932E-07 1.57558E-09-1.06863E-09
 -1       422 2.14250E-06-6.02852E-07-5.98343E-07 1.22520E-08 4.93923E-10 9.89193E-09
 -1       424 1.07284E-06-2.97416E-07-3.00969E-07-3.24598E-07 3.47424E-10-4.12519E-12
 -1       425 3.57147E-06-9.98991E-07-1.00029E-06 1.66793E-08 6.34084E-11 8.22461E-09
 -1       427 1.78609E-06-5.00572E-07-5.00043E-07-3.27350E-07 8.29404E-11-1.16060E-09
 -1       428 5.00017E-06-1.40019E-06-1.39993E-06 1.57683E-08-4.88094E-11 8.70045E-09
 -1       430 2.50018E-06-7.00028E-07-7.00106E-07-3.26802E-07-2.33322E-11-1.04335E-09
 -1       431 6.42890E-06-1.80055E-06-1.80021E-06 1.59071E-08 2.29725E-10 8.60032E-09
 -1       433 3.21450E-06-8.99623E-07-9.00096E-07-3.26957E-07 2.72218E-10-9.97597E-10
 -1       434 7.85706E-06-2.19780E-06-2.19971E-06 1.61251E-08-1.00967E-09 8.36687E-09
 -1       436 3.92889E-06-1.10155E-06-1.09994E-06-3.26738E-07-1.30756E-09-1.35503E-09
 -1       437 9.28708E-06-2.60788E-06-2.60250E-06 1.57987E-08 3.63421E-09 9.16349E-09
 -1       439 4.64313E-06-1.29385E-06-1.30074E-06-3.27932E-07 4.85413E-09-1.55031E-10
 -1       440 1.07107E-05-2.96717E-06-2.99713E-06 1.75340E-08-1.73283E-08-1.28470E-09
 -1       442 5.35675E-06-1.51795E-06-1.49927E-06-3.23417E-07-2.24679E-08-5.70869E-09
 -1       443 1.21619E-05-3.48232E-06-3.48210E-06 3.08644E-08 4.27210E-08-2.15161E-09
 -1       445 6.04087E-06-1.58260E-06-1.71857E-06-3.53552E-07 6.32313E-08-4.20831E-09
 -1       446 1.33560E-05-3.21174E-06-3.95895E-06 4.08961E-08-3.41241E-07-3.97612E-07
 -1       448 6.65871E-06-2.04199E-06-2.06507E-06-2.27960E-07-4.27597E-07-1.92685E-07
 -1       449 1.36746E-05-3.93929E-06-1.09583E-10-5.25570E-07 5.10470E-13-1.69966E-11
 -1       451 6.39472E-06-3.93930E-06-1.09238E-10-1.00635E-06-5.10144E-13 3.34207E-12
 -1       452 1.42541E-06-4.21637E-07-3.95946E-07-9.91958E-08-1.23555E-11 2.40809E-11
 -1       454 7.09082E-07-2.06234E-07-1.96986E-07-4.42525E-07-1.62714E-11 2.42920E-12
 -1       455 2.85676E-06-7.99256E-07-8.00725E-07-1.00912E-07-4.96933E-12-2.31427E-11
 -1       457 1.42756E-06-4.03811E-07-3.98888E-07-4.48319E-07-6.18211E-13 2.91261E-12
 -1       458 4.28617E-06-1.20079E-06-1.20001E-06-1.03373E-07-1.12049E-11 1.41738E-11
 -1       460 2.14281E-06-5.99393E-07-6.00024E-07-4.45450E-07-2.63343E-11-9.41296E-13
 -1       461 5.71439E-06-1.59956E-06-1.60004E-06-1.02776E-07-1.63049E-11 1.75110E-11
 -1       463 2.85736E-06-8.00662E-07-7.99985E-07-4.45936E-07 1.30753E-11 8.48040E-12
 -1       464 7.14341E-06-2.00150E-06-2.00018E-06-1.03213E-07 9.89200E-12-6.15627E-11
 -1       466 3.57168E-06-9.98570E-07-1.00012E-06-4.45715E-07 1.14050E-11-1.22312E-11
 -1       467 8.57095E-06-2.39599E-06-2.39851E-06-1.02582E-07-4.18463E-12 1.45571E-11
 -1       469 4.28602E-06-1.20645E-06-1.19981E-06-4.45551E-07-1.20295E-11 1.01946E-12
 -1       470 1.00048E-05-2.82108E-06-2.79754E-06-1.05950E-07-3.83530E-12 4.88113E-12
 -1       472 5.00063E-06-1.38261E-06-1.39913E-06-4.45744E-07 2.85072E-11-6.93228E-12
 -1       473 1.14170E-05-3.17009E-06-3.12878E-06-1.15508E-07-3.05196E-12 5.23393E-12
 -1       475 5.73103E-06-1.71012E-06-1.58187E-06-4.32611E-07 8.03633E-12 2.76363E-11
 -1       476 1.29455E-05-4.03861E-06-3.23710E-06-1.53792E-07-1.71807E-11 1.42543E-11
 -1       478 6.63765E-06-1.69913E-06-1.61240E-06-4.51558E-07-3.64286E-12-6.28629E-12
 -1       479-4.30900E-09 1.53941E-07-4.19531E-08-4.62273E-07 7.63513E-09 3.57742E-09
 -1       480-5.53224E-08 1.32296E-07-2.42176E-08-2.98856E-07 8.85086E-09 5.65944E-09
 -1       481-1.14378E-07 1.10620E-07 2.45626E-09-1.27317E-07 1.00612E-08 6.45190E-09
 -1       482-6.39822E-06 3.71198E-06-9.70885E-11-8.47676E-07 1.13525E-07-8.30973E-07
 -1       483-1.00173E-05 3.71225E-06 1.09416E-10-5.88736E-07 2.25379E-12-1.20309E-06
 -1       484-1.36772E-05 3.71198E-06-9.67433E-11-4.02856E-07-1.13521E-07-1.57482E-06
 -1       485-4.25386E-09 1.53859E-07-4.19619E-08-4.62292E-07-7.67187E-09-3.58458E-09
 -1       486-5.53424E-08 1.32257E-07-2.42258E-08-2.98872E-07-8.88368E-09-5.67003E-09
 -1       487-1.14471E-07 1.10624E-07 2.44855E-09-1.27335E-07-1.01009E-08-6.46323E-09
 -1       488-6.39821E-06 3.71198E-06-9.70884E-11-8.47699E-07-1.13526E-07 8.30921E-07
 -1       489-1.00172E-05 3.71224E-06 1.09416E-10-5.88757E-07-2.25393E-12 1.20303E-06
 -1       490-1.36772E-05 3.71198E-06-9.67435E-11-4.02876E-07 1.13522E-07 1.57475E-06
 -1       491-7.07574E-07 2.08671E-07 1.96997E-07-4.62406E-07 1.77529E-09-1.41870E-09
 -1       492-1.06461E-06 3.16420E-07 2.97166E-07-2.93730E-07 1.64134E-09 3.47040E-09
 -1       493-1.42457E-06 4.24112E-07 3.95919E-07-1.18163E-07 1.51336E-09 7.81128E-09
 -1       494-1.42759E-06 4.03251E-07 3.98819E-07-4.68651E-07 5.64725E-10-2.08503E-09
 -1       495-2.14271E-06 6.01045E-07 5.99680E-07-2.98030E-07 5.29713E-10 2.97231E-09
 -1       496-2.85678E-06 7.98730E-07 8.00649E-07-1.21342E-07 5.00143E-10 8.13378E-09
 -1       497-2.14242E-06 5.99402E-07 5.99937E-07-4.65537E-07 1.66342E-11-9.92904E-10
 -1       498-3.21429E-06 9.00179E-07 9.00011E-07-2.97658E-07 2.12592E-11 3.86696E-09
 -1       499-4.28578E-06 1.20079E-06 1.19990E-06-1.23439E-07 2.85826E-11 8.71045E-09
 -1       500-2.85705E-06 8.00428E-07 7.99947E-07-4.66125E-07 2.59700E-10-1.15286E-09
 -1       501-4.28596E-06 1.20000E-06 1.20003E-06-2.97685E-07 2.15428E-10 3.72307E-09
 -1       502-5.71406E-06 1.59936E-06 1.59996E-06-1.22935E-07 1.76158E-10 8.58634E-09
 -1       503-3.57124E-06 9.98872E-07 9.99972E-07-4.65736E-07-9.01243E-10-8.84202E-10
 -1       504-5.35756E-06 1.50046E-06 1.50021E-06-2.97576E-07-8.11450E-10 3.86562E-09
 -1       505-7.14289E-06 2.00178E-06 2.00001E-06-1.23278E-07-7.25000E-10 8.64978E-09
 -1       506-4.28514E-06 1.20464E-06 1.19965E-06-4.66326E-07 3.13937E-09-1.54632E-09
 -1       507-6.42825E-06 1.79956E-06 1.79893E-06-2.98106E-07 2.75953E-09 3.96321E-09
 -1       508-8.57024E-06 2.39415E-06 2.39837E-06-1.23044E-07 2.37852E-09 9.39599E-09
 -1       509-5.00079E-06 1.38826E-06 1.39891E-06-4.62673E-07-1.60578E-08 2.36724E-09
 -1       510-7.50315E-06 2.10770E-06 2.09899E-06-2.95476E-07-1.44625E-08 7.60619E-09
 -1       511-1.00046E-05 2.82676E-06 2.79735E-06-1.24016E-07-1.28629E-08 1.30313E-08
 -1       512-5.72514E-06 1.68964E-06 1.58169E-06-4.65858E-07 3.57203E-08 7.76193E-09
 -1       513-8.56924E-06 2.41985E-06 2.35363E-06-3.12636E-07 2.90213E-08 2.81201E-08
 -1       514-1.14094E-05 3.14963E-06 3.12855E-06-1.45299E-07 2.23231E-08 4.83746E-08
 -1       515-6.63259E-06 1.75947E-06 1.61213E-06-4.00387E-07-3.39852E-07 2.03197E-07
 -1       516-9.77729E-06 2.92945E-06 2.42629E-06-2.46596E-07-3.12656E-07 2.66104E-07
 -1       517-1.29390E-05 4.09894E-06 3.23693E-06-1.15573E-07-2.85465E-07 3.28798E-07
 -1       518-3.53663E-07 8.76258E-08 1.01171E-07-3.27889E-07-1.53601E-09-1.10059E-09
 -1       520-7.32186E-07 1.73686E-07 2.10318E-07 2.13568E-08-4.56407E-10 5.41384E-09
 -1       521-1.07283E-06 2.97407E-07 3.00918E-07-3.24589E-07-3.30071E-10-2.48129E-11
 -1       523-2.14248E-06 6.02866E-07 5.98344E-07 1.22728E-08-4.90860E-10 9.89847E-09
 -1       524-1.78605E-06 5.00506E-07 5.00013E-07-3.27394E-07-3.98223E-11-1.14890E-09
 -1       526-3.57145E-06 9.98942E-07 1.00029E-06 1.66769E-08-6.69842E-11 8.26575E-09
 -1       527-2.50020E-06 6.99929E-07 7.00082E-07-3.26794E-07 6.25397E-11-1.03404E-09
 -1       529-5.00017E-06 1.40009E-06 1.39992E-06 1.57546E-08 1.59106E-11 8.65365E-09
 -1       530-3.21452E-06 8.99659E-07 9.00112E-07-3.26981E-07-2.90515E-10-9.89357E-10
 -1       532-6.42892E-06 1.80058E-06 1.80017E-06 1.59356E-08-2.57003E-10 8.61099E-09
 -1       533-3.92888E-06 1.10158E-06 1.09993E-06-3.26745E-07 1.33293E-09-1.38170E-09
 -1       535-7.85706E-06 2.19779E-06 2.19977E-06 1.61340E-08 1.04634E-09 8.38408E-09
 -1       536-4.64311E-06 1.29384E-06 1.30072E-06-3.27928E-07-4.84226E-09-1.76890E-10
 -1       538-9.28704E-06 2.60784E-06 2.60254E-06 1.58009E-08-3.62367E-09 9.15909E-09
 -1       539-5.35675E-06 1.51801E-06 1.49928E-06-3.23406E-07 2.24423E-08-5.71623E-09
 -1       541-1.07107E-05 2.96726E-06 2.99714E-06 1.75781E-08 1.73435E-08-1.27222E-09
 -1       542-6.04088E-06 1.58263E-06 1.71861E-06-3.53557E-07-6.32508E-08-4.20062E-09
 -1       544-1.21619E-05 3.48236E-06 3.48207E-06 3.08629E-08-4.27407E-08-2.12762E-09
 -1       545-6.65870E-06 2.04205E-06 2.06505E-06-2.27918E-07 4.27583E-07-1.92682E-07
 -1       547-1.33560E-05 3.21177E-06 3.95894E-06 4.09245E-08 3.41254E-07-3.97625E-07
 -1       548-7.90412E-09 1.69418E-07-4.19442E-08-4.45529E-07-1.82350E-11-3.36504E-12
 -1       550-1.16719E-07 1.26140E-07 2.46569E-09-1.12817E-07-1.97393E-11-5.56359E-12
 -1       551-7.07589E-07 2.08699E-07 1.96995E-07-4.62371E-07-1.77043E-09 1.43319E-09
 -1       552-1.06461E-06 3.16400E-07 2.97163E-07-2.93689E-07-1.63943E-09-3.46716E-09
 -1       553-1.42456E-06 4.24044E-07 3.95914E-07-1.18118E-07-1.50247E-09-7.82201E-09
 -1       554-1.42758E-06 4.03327E-07 3.98816E-07-4.68508E-07-4.85650E-10 2.13325E-09
 -1       555-2.14268E-06 6.01077E-07 5.99686E-07-2.97966E-07-4.79586E-10-2.94535E-09
 -1       556-2.85672E-06 7.98719E-07 8.00664E-07-1.21355E-07-4.68079E-10-8.08741E-09
 -1       557-2.14249E-06 5.99398E-07 5.99941E-07-4.65593E-07-6.67068E-11 9.86111E-10
 -1       558-3.21436E-06 9.00153E-07 9.00063E-07-2.97687E-07-5.18079E-11-3.88841E-09
 -1       559-4.28585E-06 1.20075E-06 1.20000E-06-1.23441E-07-3.42107E-11-8.76054E-09
 -1       560-2.85697E-06 8.00454E-07 7.99846E-07-4.66171E-07-2.09520E-10 1.13008E-09
 -1       561-4.28588E-06 1.19999E-06 1.19999E-06-2.97716E-07-2.16922E-10-3.74672E-09
 -1       562-5.71400E-06 1.59931E-06 1.59998E-06-1.22950E-07-2.19323E-10-8.61670E-09
 -1       563-3.57125E-06 9.98834E-07 9.99987E-07-4.65653E-07 8.65473E-10 9.10183E-10
 -1       564-5.35757E-06 1.50045E-06 1.50023E-06-2.97530E-07 8.13656E-10-3.82709E-09
 -1       565-7.14292E-06 2.00180E-06 2.00002E-06-1.23268E-07 7.58495E-10-8.58195E-09
 -1       566-4.28516E-06 1.20469E-06 1.19962E-06-4.66341E-07-3.08711E-09 1.54347E-09
 -1       567-6.42826E-06 1.79962E-06 1.79889E-06-2.98104E-07-2.73786E-09-3.94881E-09
 -1       568-8.57024E-06 2.39422E-06 2.39831E-06-1.23027E-07-2.38977E-09-9.37202E-09
 -1       569-5.00078E-06 1.38829E-06 1.39892E-06-4.62695E-07 1.60315E-08-2.38987E-09
 -1       570-7.50314E-06 2.10770E-06 2.09899E-06-2.95512E-07 1.44490E-08-7.64673E-09
 -1       571-1.00046E-05 2.82673E-06 2.79732E-06-1.24067E-07 1.28709E-08-1.30821E-08
 -1       572-5.72513E-06 1.68970E-06 1.58162E-06-4.65838E-07-3.57177E-08-7.74840E-09
 -1       573-8.56923E-06 2.41990E-06 2.35361E-06-3.12646E-07-2.90358E-08-2.81150E-08
 -1       574-1.14094E-05 3.14967E-06 3.12857E-06-1.45338E-07-2.23532E-08-4.83671E-08
 -1       575-6.63260E-06 1.75943E-06 1.61219E-06-4.00386E-07 3.39846E-07-2.03200E-07
 -1       576-9.77730E-06 2.92944E-06 2.42631E-06-2.46586E-07 3.12663E-07-2.66093E-07
 -1       577-1.29390E-05 4.09895E-06 3.23691E-06-1.15554E-07 2.85477E-07-3.28774E-07
 -1       578-3.53655E-07 8.76086E-08 1.01166E-07-3.27951E-07 1.55671E-09 1.07440E-09
 -1       580-7.32177E-07 1.73664E-07 2.10312E-07 2.12996E-08 4.73717E-10-5.37198E-09
 -1       581-1.07283E-06 2.97449E-07 3.00916E-07-3.24585E-07 3.21728E-10 2.07179E-11
 -1       583-2.14248E-06 6.02817E-07 5.98349E-07 1.22092E-08 4.66965E-10-9.86658E-09
 -1       584-1.78606E-06 5.00546E-07 5.00014E-07-3.27308E-07 1.64819E-11 1.18984E-09
 -1       586-3.57147E-06 9.98916E-07 1.00034E-06 1.66999E-08 4.06699E-11-8.22620E-09
 -1       587-2.50019E-06 6.99984E-07 7.00034E-07-3.26847E-07-6.12647E-11 1.04333E-09
 -1       589-5.00017E-06 1.40009E-06 1.39998E-06 1.57400E-08-6.07499E-11-8.69663E-09
 -1       590-3.21453E-06 8.99705E-07 9.00069E-07-3.26957E-07 3.22294E-10 9.96079E-10
 -1       592-6.42893E-06 1.80061E-06 1.80019E-06 1.59448E-08 2.51064E-10-8.58189E-09
 -1       593-3.92886E-06 1.10157E-06 1.09992E-06-3.26745E-07-1.35144E-09 1.37250E-09
 -1       595-7.85704E-06 2.19781E-06 2.19974E-06 1.61277E-08-1.05054E-09-8.35831E-09
 -1       596-4.64315E-06 1.29387E-06 1.30071E-06-3.27934E-07 4.85191E-09 1.80615E-10
 -1       598-9.28708E-06 2.60786E-06 2.60250E-06 1.57871E-08 3.62177E-09-9.16764E-09
 -1       599-5.35672E-06 1.51805E-06 1.49925E-06-3.23409E-07-2.24412E-08 5.72204E-09
 -1       601-1.07107E-05 2.96725E-06 2.99714E-06 1.75440E-08-1.73369E-08 1.25873E-09
 -1       602-6.04089E-06 1.58258E-06 1.71860E-06-3.53524E-07 6.32413E-08 4.19963E-09
 -1       604-1.21619E-05 3.48233E-06 3.48207E-06 3.08682E-08 4.27537E-08 2.14213E-09
 -1       605-6.65871E-06 2.04202E-06 2.06508E-06-2.27939E-07-4.27587E-07 1.92664E-07
 -1       607-1.33560E-05 3.21178E-06 3.95893E-06 4.09079E-08-3.41246E-07 3.97604E-07
 -1       608-6.39469E-06 3.93929E-06 1.09238E-10-1.00632E-06-5.21705E-13-2.77009E-11
 -1       610-1.36746E-05 3.93929E-06 1.09583E-10-5.25545E-07 5.21482E-13-3.61865E-11
 -1       611-7.09105E-07 2.06254E-07 1.97023E-07-4.42500E-07 2.10827E-12 7.34131E-12
 -1       613-1.42543E-06 4.21647E-07 3.95943E-07-9.91910E-08 5.12119E-12-5.01453E-12
 -1       614-1.42751E-06 4.03815E-07 3.98871E-07-4.48324E-07 4.16821E-11 2.42081E-11
 -1       616-2.85670E-06 7.99250E-07 8.00711E-07-1.00941E-07 1.81771E-11 2.48250E-11
 -1       617-2.14281E-06 5.99448E-07 6.00020E-07-4.45469E-07-1.30412E-11-4.93565E-12
 -1       619-4.28619E-06 1.20082E-06 1.20003E-06-1.03363E-07 9.18111E-12-2.49141E-11
 -1       620-2.85740E-06 8.00716E-07 8.00004E-07-4.45945E-07 4.05906E-11-1.12325E-11
 -1       622-5.71439E-06 1.59961E-06 1.60008E-06-1.02769E-07-6.08253E-12-1.65553E-11
 -1       623-3.57165E-06 9.98491E-07 1.00011E-06-4.45708E-07-1.81540E-11 1.41083E-11
 -1       625-7.14339E-06 2.00143E-06 2.00015E-06-1.03191E-07 1.64790E-11 3.25895E-11
 -1       626-4.28604E-06 1.20652E-06 1.19980E-06-4.45549E-07 2.20642E-11-1.48381E-12
 -1       628-8.57099E-06 2.39604E-06 2.39851E-06-1.02586E-07-9.68558E-12 1.14490E-11
 -1       629-5.00059E-06 1.38260E-06 1.39911E-06-4.45752E-07-1.72246E-11-1.19037E-11
 -1       631-1.00048E-05 2.82107E-06 2.79752E-06-1.05954E-07-1.03652E-13-2.41289E-11
 -1       632-5.73104E-06 1.71006E-06 1.58187E-06-4.32628E-07 1.21130E-11 7.59537E-12
 -1       634-1.14170E-05 3.17004E-06 3.12877E-06-1.15517E-07-4.22645E-12 3.77768E-12
 -1       635-6.63767E-06 1.69914E-06 1.61238E-06-4.51553E-07-1.33476E-11-4.96449E-13
 -1       637-1.29455E-05 4.03863E-06 3.23713E-06-1.53800E-07-4.35671E-12 1.13001E-11
 -3
    1PSTEP                         4           1           1          
  100CL  101 1.000000000         459                     0    1           1
 -4  FORC        4    1
 -5  F1          1    2    1    0
 -5  F2          1    2    2    0
 -5  F3          1    2    3    0
 -5  ALL         1    2    0    0    1ALL
 -1         1 1.59667E+02 5.29484E+02-1.30531E+02
 -1         2-1.59687E+02 5.29480E+02 1.30539E+02
 -1         3-7.77497E+01 9.14770E+00 4.01045E-01
 -1         4 7.77483E+01 9.19639E+00-4.11256E-01
 -1         5-7.77351E+01 9.16656E+00-4.08881E-01
 -1         6 7.77779E+01 9.20578E+00 4.10917E-01
 -1         7-1.59683E+02 5.29471E+02-1.30516E+02
 -1         8 1.59673E+02 5.29499E+02 1.30536E+02
 -1         9-1.80921E-02 5.95403E+02-1.25106E-03
 -1        10-1.12091E+03-1.01664E+03-2.98101E+02
 -1        11 1.12096E+03-1.01669E+03 2.98104E+02
 -1        12-1.47994E+02-6.46054E+01 2.31161E+01
 -1        13-1.51752E+02-4.99008E+00-8.27929E+00
 -1        14-1.54339E+02 6.81597E-01 1.71350E+00
 -1        15-1.54471E+02-1.87890E-02-4.66305E-01
 -1        16-1.54606E+02 2.80291E-02 9.41585E-02
 -1        17-1.54633E+02 4.63803E-02-6.08607E-02
 -1        18-1.54651E+02 9.98684E-02 1.71149E-03
 -1        19-1.54718E+02 8.32532E-01 6.67050E-02
 -1        20-1.55479E+02 3.51794E+00-1.94070E-01
 -1        21 2.80480E+02 1.32181E+02-7.69288E+01
 -1        22 3.51931E+02 1.33727E+01 2.34197E+01
 -1        23 3.42769E+02-1.09928E+00-5.22322E+00
 -1        24 3.46788E+02-2.54969E-02 1.34523E+00
 -1        25 3.46030E+02-4.70470E-02-3.34653E-01
 -1        26 3.46298E+02-4.55271E-02 7.56352E-02
 -1        27 3.46194E+02-3.92953E-02-4.09592E-02
 -1        28 3.46273E+02-2.14135E-01-1.25613E-03
 -1        29 3.46488E+02-1.62964E+00-1.21722E-01
 -1        30 3.47128E+02-4.51294E+00 4.67938E-01
 -1        31-8.18713E-12 4.16587E+01-1.35867E-10
 -1        32 1.10996E-02-8.33441E+01-2.20767E-02
 -1        33 2.80401E-04-8.32701E+01 4.24800E-03
 -1        34 1.47933E+02-6.46919E+01-2.30814E+01
 -1        35 1.51751E+02-5.08069E+00 8.29363E+00
 -1        36 1.54350E+02 6.67081E-01-1.70061E+00
 -1        37 1.54526E+02 1.82783E-02 4.45275E-01
 -1        38 1.54606E+02 1.66436E-02-1.14355E-01
 -1        39 1.54638E+02-8.80145E-03 1.43061E-02
 -1        40 1.54665E+02 8.31095E-02-2.32108E-03
 -1        41 1.54759E+02 8.39566E-01-7.44280E-02
 -1        42 1.55433E+02 3.58657E+00 1.34681E-01
 -1        43-2.80477E+02 1.32040E+02 7.69602E+01
 -1        44-3.51950E+02 1.33870E+01-2.34281E+01
 -1        45-3.42792E+02-1.13431E+00 5.24320E+00
 -1        46-3.46761E+02-3.57897E-02-1.37622E+00
 -1        47-3.46025E+02-4.10406E-02 3.04639E-01
 -1        48-3.46279E+02 2.30022E-02-9.53426E-02
 -1        49-3.46212E+02 1.80685E-02 2.65260E-02
 -1        50-3.46271E+02-2.35838E-01-5.95538E-02
 -1        51-3.46453E+02-1.59462E+00 7.50354E-02
 -1        52-3.47112E+02-4.49360E+00-4.92118E-01
 -1        53 3.71685E+02-1.50188E+02 1.85344E-02
 -1        54 1.42184E-10 4.16587E+01 3.60333E-10
 -1        55-5.31108E-02-8.33650E+01 2.81837E-02
 -1        56-2.57746E-02-8.33078E+01-1.01487E-02
 -1        57-3.71693E+02-1.50184E+02-1.71071E-02
 -1        58-1.55469E+02 3.53105E+00 1.62826E-01
 -1        59-1.54722E+02 7.62661E-01-2.28899E-02
 -1        60-1.54646E+02 1.62851E-01-2.95990E-03
 -1        61-1.54640E+02 6.64328E-02-1.76992E-02
 -1        62-1.54646E+02 3.94070E-02-1.12072E-01
 -1        63-1.54496E+02-6.58129E-02 4.47941E-01
 -1        64-1.54367E+02 6.34401E-01-1.71893E+00
 -1        65-1.51762E+02-5.03436E+00 8.26514E+00
 -1        66-1.47968E+02-6.45985E+01-2.30893E+01
 -1        67 3.47120E+02-4.52095E+00-4.48246E-01
 -1        68 3.46509E+02-1.62930E+00 7.98769E-02
 -1        69 3.46262E+02-2.52106E-01-4.75148E-02
 -1        70 3.46231E+02-3.67280E-02 5.53133E-03
 -1        71 3.46289E+02-1.37021E-02-9.24958E-02
 -1        72 3.46014E+02-4.16311E-02 3.07051E-01
 -1        73 3.46800E+02-1.61940E-02-1.37295E+00
 -1        74 3.42785E+02-1.07484E+00 5.21386E+00
 -1        75 3.51920E+02 1.33999E+01-2.34500E+01
 -1        76 2.80479E+02 1.32187E+02 7.68915E+01
 -1        77-5.22161E-03 5.95412E+02 1.34252E-02
 -1        78-1.12092E+03-1.01665E+03 2.98090E+02
 -1        79 1.12093E+03-1.01668E+03-2.98108E+02
 -1        80 1.55500E+02 3.57871E+00-2.10956E-01
 -1        81 1.54783E+02 8.01368E-01-6.21292E-03
 -1        82 1.54637E+02 1.26564E-01 8.96649E-03
 -1        83 1.54618E+02-1.38683E-02-1.13229E-02
 -1        84 1.54620E+02-1.16537E-02 9.37290E-02
 -1        85 1.54512E+02 1.99275E-02-4.88402E-01
 -1        86 1.54341E+02 6.27558E-01 1.69351E+00
 -1        87 1.51790E+02-5.08706E+00-8.25696E+00
 -1        88 1.47959E+02-6.45905E+01 2.31260E+01
 -1        89-3.47117E+02-4.52921E+00 4.49959E-01
 -1        90-3.46468E+02-1.57270E+00-1.13318E-01
 -1        91-3.46251E+02-2.32800E-01-6.63387E-03
 -1        92-3.46228E+02 7.50036E-02-3.83423E-02
 -1        93-3.46277E+02 6.61109E-02 7.69709E-02
 -1        94-3.45998E+02-6.83391E-02-3.24344E-01
 -1        95-3.46772E+02-6.46777E-02 1.36949E+00
 -1        96-3.42806E+02-1.12309E+00-5.21103E+00
 -1        97-3.51949E+02 1.34255E+01 2.34491E+01
 -1        98-2.80490E+02 1.32123E+02-7.69126E+01
 -1        99 1.78460E+03 8.62076E+02-2.01480E-02
 -1       100-1.78461E+03 8.62006E+02 1.25616E-03
 -1       101 2.54122E-11-8.83814E-12-1.25471E-11
 -1       102-1.03232E-02 3.70894E-02 1.33179E-02
 -1       103-5.20748E-03 2.01574E-02 6.06499E-03
 -1       104-7.66306E-03-1.38808E-02 1.17241E-02
 -1       105 2.31089E-03 2.85918E-02-3.86342E-04
 -1       106 7.24689E-04-1.65466E-03 5.36921E-03
 -1       107-1.43544E-02 7.70065E-03-2.92655E-03
 -1       108 2.70016E-03-1.77688E-02-2.25863E-02
 -1       109 2.43079E-02-8.65477E-03-3.50047E-02
 -1       110 1.72089E-01 9.11191E-02 8.61103E-03
 -1       111 1.39943E-02-6.40079E-03 1.39932E-02
 -1       112 3.12889E-02 8.49161E-02-4.48308E-02
 -1       113 1.31707E-03-2.87246E-02 1.53352E-05
 -1       114 3.20263E-03-2.33722E-03-1.60988E-02
 -1       115 4.74647E-03-1.17518E-02 5.44992E-03
 -1       116-3.91435E-02-5.96481E-03 1.92647E-02
 -1       117-4.15316E-03 1.48550E-02-6.77828E-03
 -1       118-2.42216E-02-5.75821E-03 2.90673E-02
 -1       119-8.51585E-03-4.67125E-03 1.18876E-02
 -1       120-4.05632E-02-1.12129E-02 4.22694E-02
 -1       121-1.58338E-02 9.69636E-03-5.30906E-03
 -1       122-8.03670E-02 2.52881E-03 5.17120E-02
 -1       123 1.18559E-03 2.90462E-02-1.41847E-02
 -1       124-6.58849E-02-6.03207E-02 1.11300E-01
 -1       125 1.34290E-02-7.91107E-03 2.74191E-02
 -1       126 4.92371E-02-4.16740E-02 4.12180E-02
 -1       127-5.21389E-04 7.93562E-03 1.43909E-02
 -1       128-6.45318E-03 1.82014E-02-6.99741E-04
 -1       129-4.42269E-03-7.28081E-02 2.28257E-02
 -1       130-1.42385E-02-1.36034E-01 8.08048E-03
 -1       131-2.16767E-02-3.79463E-02-1.41080E-02
 -1       132-8.26355E-02 1.94653E-02 3.18034E-02
 -1       133-1.40840E-02 1.02591E-02 3.09528E-02
 -1       134 3.07317E-02-6.75041E-02 7.23703E-02
 -1       135 2.80454E-02 1.90620E-02-5.36948E-03
 -1       136-4.73805E-02 2.81977E-03-4.36831E-03
 -1       137 5.15583E-02 5.73167E-02 4.63874E-02
 -1       138-9.53135E-03-1.66648E+02-5.36551E-03
 -1       139 1.76352E-02-1.22518E-03-2.98931E-02
 -1       140-6.76593E-03-1.50725E-02-1.51403E-02
 -1       141-7.41103E-03 1.74006E-02-1.65742E-02
 -1       142 4.25092E-03-1.76740E-03 5.59511E-04
 -1       143-6.56436E-03 1.64134E-02-1.45588E-02
 -1       144-8.43392E-03-1.37100E-02 7.35388E-03
 -1       145 1.22804E-03 9.45615E-03 3.48955E-03
 -1       146-2.03591E-02 4.57558E-02 6.57140E-03
 -1       147 6.33858E-03 6.53708E-03-3.66262E-03
 -1       148-1.03505E-01-8.11098E-02 1.00601E-01
 -1       149 1.43938E-03 2.17982E-02-2.64705E-02
 -1       150-1.06207E-01-4.42904E-03 1.04745E-01
 -1       151-1.90820E-02-1.57372E-02 2.75397E-02
 -1       152-9.92065E-03-3.93533E-02 2.03631E-02
 -1       153 1.05926E-02-9.06491E-03 3.54162E-02
 -1       154-1.38622E-02-1.05635E-02 1.45256E-02
 -1       155 1.25451E-03 1.79621E-03 1.03796E-02
 -1       156-1.64443E-02 6.20166E-02 1.57262E-02
 -1       157 1.01528E-02-3.89231E-02 1.54274E-02
 -1       158-1.41546E-02-2.63152E-02 7.43446E-02
 -1       159-7.11031E-03-9.27884E-03-5.91489E-03
 -1       160 2.40255E-02 6.90954E-02-2.59479E-02
 -1       161-6.86684E-03 2.66181E-02 8.23161E-04
 -1       162-3.68638E-02 7.59728E-02-6.13064E-02
 -1       163 1.78043E-02-2.70587E-02-9.56686E-03
 -1       164 9.54933E-02-2.82470E-02-3.54733E-02
 -1       165-7.27688E-03-4.62495E-02-2.10098E-04
 -1       166 2.34897E-02-4.85159E-03-5.26381E-04
 -1       167 1.51549E-02 4.19019E-02 3.72798E-02
 -1       168-1.70153E-02 1.25233E-01 3.41209E-02
 -1       169 3.22914E-02-1.27267E-01 3.27809E-02
 -1       170 3.67609E-02-8.34338E-02 7.46902E-02
 -1       171 6.86571E-02-2.78428E-02 1.66686E-02
 -1       172-5.05469E-02 1.51546E-01 6.38049E-02
 -1       173 5.70430E-02 3.03820E-02 6.95348E-02
 -1       174 2.24969E-02-2.44761E-02 1.87172E-02
 -1       175-7.58349E-02-6.22995E-02-2.61065E-02
 -1       176-1.21340E-02-6.55739E+02-3.40929E-03
 -1       177-7.22280E+02 3.31937E+01-4.51627E-03
 -1       178-7.44826E+02 4.45335E+00 2.68450E-02
 -1       179-7.40864E+02 2.27650E-01 3.81781E-02
 -1       180-7.41945E+02-1.77443E-01 5.82100E-03
 -1       181-7.41698E+02 5.49997E-02-1.11518E-02
 -1       182-7.41782E+02 8.41402E-02-6.13040E-02
 -1       183-7.41797E+02-2.46149E-02-6.79049E-02
 -1       184-7.41710E+02-4.54566E-01-2.76720E-02
 -1       185-7.41435E+02 7.18296E-01-2.89897E-02
 -1       186 7.22231E+02 3.33172E+01-3.17369E-02
 -1       187 7.44768E+02 4.42515E+00-1.95058E-02
 -1       188 7.40858E+02 2.72720E-01-2.45577E-02
 -1       189 7.41987E+02-8.97827E-02-7.52016E-02
 -1       190 7.41721E+02-2.73650E-02-1.17878E-02
 -1       191 7.41798E+02-5.50929E-02-3.95281E-03
 -1       192 7.41795E+02-8.36886E-02-5.92732E-03
 -1       193 7.41753E+02-4.60956E-01-1.00342E-01
 -1       194 7.41476E+02 6.71248E-01-1.49874E-02
 -1       195-3.39324E-03-2.79374E-03 2.85313E-03
 -1       196 1.93984E-02-5.23826E-02-1.56086E-02
 -1       197-3.78825E-03-5.63925E-03-2.02752E-02
 -1       198 1.15463E-02 1.70373E-02-1.49264E-02
 -1       199-1.58911E-03-2.24704E-02-3.82092E-03
 -1       200 1.47244E-03-8.15703E-03-1.77009E-02
 -1       201 1.26948E-02-2.17911E-03 3.05741E-02
 -1       202 1.83647E-03 1.54584E-02 4.42520E-02
 -1       203-2.37946E-02-1.28885E-02 4.77815E-02
 -1       320-1.78065E-10 2.08294E+01-1.10313E-09
 -1       321 6.09276E-10-8.33175E+01 6.06118E-10
 -1       322-7.77527E+01 3.24895E+01 4.12896E-01
 -1       323 6.11209E+02 5.73940E+02-2.29459E+02
 -1       324-3.73409E+03-1.19163E+03-6.14177E+02
 -1       325 8.81928E+02 5.73940E+02-7.71760E+01
 -1       326-3.15852E-04 2.08294E+01 1.15455E-04
 -1       327 6.38533E-04-8.33174E+01-9.28629E-04
 -1       328-7.77479E+01 3.24830E+01-4.09132E-01
 -1       329 6.11217E+02 5.73935E+02 2.29460E+02
 -1       330-3.73410E+03-1.19162E+03 6.14177E+02
 -1       331 8.81926E+02 5.73935E+02 7.71841E+01
 -1       332-1.45931E-04 1.74080E-04-8.03893E-05
 -1       333 2.17065E-04-1.72124E-04 8.18202E-05
 -1       334-1.55447E+02-3.52998E+00-1.84469E-01
 -1       335 2.45646E-04-8.71635E-03-6.70338E-03
 -1       336-9.44873E-03 5.39863E-03 8.70695E-03
 -1       337-1.54724E+02-8.20080E-01 2.90412E-02
 -1       338 2.63908E-03 8.72777E-03 1.21479E-03
 -1       339-7.84374E-04 3.32884E-03 1.57068E-02
 -1       340-1.54640E+02-1.02451E-01-1.73418E-03
 -1       341-2.06070E-03 2.06819E-02-3.88690E-03
 -1       342 1.12129E-02-2.59805E-02 1.93081E-02
 -1       343-1.54622E+02 5.79603E-03-4.21205E-02
 -1       344 1.25189E-02-9.73325E-03 1.53398E-02
 -1       345 2.77503E-03 2.77445E-02-4.98159E-03
 -1       346-1.54592E+02-4.20512E-02 1.06965E-01
 -1       347 4.02160E-03-7.27995E-03 1.19117E-02
 -1       348-3.93043E-03 7.92922E-03-1.93809E-02
 -1       349-1.54495E+02 1.02715E-02-4.51481E-01
 -1       350-9.97180E-03 1.19103E-02 2.89860E-03
 -1       351-6.46019E-04-2.14177E-02-5.53351E-03
 -1       352-1.54354E+02-6.67647E-01 1.69308E+00
 -1       353 1.27579E-03-4.02521E-03 1.19511E-03
 -1       354-5.08564E-04 1.06087E-02 2.70053E-03
 -1       355-1.51773E+02 5.02664E+00-8.28253E+00
 -1       356 2.32070E-03-4.23117E-03-1.43224E-02
 -1       357 5.72833E-03-6.35575E-03 2.57595E-02
 -1       358-1.48025E+02 6.46384E+01 2.31081E+01
 -1       359 1.18530E-02 1.11923E-03-8.40362E-03
 -1       361 3.47105E+02 4.48441E+00 4.51420E-01
 -1       362-5.12537E-03 1.08614E-02 4.04132E-03
 -1       364 3.46485E+02 1.60162E+00-1.03712E-01
 -1       365-7.77955E-03 4.20672E-03-9.41146E-04
 -1       367 3.46287E+02 2.38740E-01 1.97271E-02
 -1       368 6.67369E-03-4.80376E-02-2.65464E-03
 -1       370 3.46199E+02 5.72366E-02 4.67516E-03
 -1       371-1.21779E-02 9.20886E-04-9.69184E-03
 -1       373 3.46291E+02-1.06037E-02 7.73427E-02
 -1       374 1.81683E-03-1.78479E-02-2.35411E-03
 -1       376 3.46005E+02 6.53283E-02-3.32427E-01
 -1       377 1.66856E-02-8.44601E-06-3.24204E-03
 -1       379 3.46782E+02 3.56448E-02 1.37063E+00
 -1       380-1.74978E-02 2.15432E-02-4.90907E-03
 -1       382 3.42804E+02 1.10205E+00-5.21708E+00
 -1       383-9.66909E-03 1.54026E-02 2.70648E-02
 -1       385 3.51937E+02-1.34254E+01 2.33850E+01
 -1       386-1.10928E-02 1.09664E-02 4.52811E-03
 -1       388 2.80511E+02-1.32134E+02-7.69472E+01
 -1       389 1.97055E-02-8.33175E+01-5.62328E-03
 -1       391 3.71679E+02-1.65242E+01 3.10646E-05
 -1       392 5.14104E-03-1.89960E-03 5.16480E-03
 -1       393-1.61182E-03 1.18662E-03 2.95604E-03
 -1       394-1.55434E+02-3.53841E+00 1.69722E-01
 -1       395 6.29546E-03-1.31435E-02-5.69719E-03
 -1       396-1.64473E-02 1.16823E-02-5.35073E-03
 -1       397-1.54731E+02-8.15046E-01-4.71454E-02
 -1       398 2.40740E-03 2.54413E-02 1.09233E-02
 -1       399 7.90531E-04-1.47997E-02 5.32983E-03
 -1       400-1.54627E+02-1.18993E-01 7.00596E-03
 -1       401-1.42884E-02 5.36159E-03 1.73499E-03
 -1       402 1.92046E-02-8.81893E-03 8.04386E-03
 -1       403-1.54619E+02-4.42374E-03 2.17278E-02
 -1       404 7.39298E-03 3.79349E-03 1.16123E-02
 -1       405 1.38270E-02 1.92036E-02-1.05822E-02
 -1       406-1.54620E+02-4.10920E-02-1.08228E-01
 -1       407 3.20270E-03-1.65242E-02 1.08769E-02
 -1       408-2.28109E-03 1.38774E-02-4.19108E-03
 -1       409-1.54502E+02 1.65552E-02 4.54128E-01
 -1       410-1.20170E-02 1.98496E-03-5.51732E-03
 -1       411 8.49987E-03-2.33471E-02 1.00117E-02
 -1       412-1.54351E+02-6.41707E-01-1.72271E+00
 -1       413-6.23704E-03-2.04763E-03 7.01181E-04
 -1       414 1.22246E-02-2.19365E-03 3.12589E-03
 -1       415-1.51763E+02 5.04356E+00 8.27450E+00
 -1       416 8.23341E-03-1.15204E-02-3.52878E-03
 -1       417-8.02833E-03 4.96489E-03 4.31452E-03
 -1       418-1.48014E+02 6.46193E+01-2.30910E+01
 -1       419-1.13794E-02 3.83839E-03 1.16625E-02
 -1       421 3.47104E+02 4.48744E+00-4.60104E-01
 -1       422-7.34699E-03 2.27393E-02-2.12178E-02
 -1       424 3.46487E+02 1.59743E+00 9.34576E-02
 -1       425-1.27890E-02-4.28516E-03 1.72265E-02
 -1       427 3.46269E+02 2.56482E-01-4.18139E-02
 -1       428 1.56157E-02-4.77069E-02-2.00157E-02
 -1       430 3.46220E+02 4.17987E-02 1.27617E-02
 -1       431-6.81780E-03 1.53957E-02-2.28449E-02
 -1       433 3.46285E+02-2.69163E-02-6.86425E-02
 -1       434-4.05535E-06 6.01396E-04 1.80049E-02
 -1       436 3.46006E+02 4.05763E-02 3.34231E-01
 -1       437 2.09621E-02-3.18408E-03-3.40366E-04
 -1       439 3.46785E+02 2.92592E-02-1.37223E+00
 -1       440-7.85627E-03 3.26996E-02 8.84576E-03
 -1       442 3.42804E+02 1.07601E+00 5.24682E+00
 -1       443-1.08354E-02 1.51881E-02 1.73746E-04
 -1       445 3.51925E+02-1.33941E+01-2.34151E+01
 -1       446-1.54229E-02 3.53937E-02-1.14602E-03
 -1       448 2.80510E+02-1.32135E+02 7.69305E+01
 -1       449-3.99214E+03 2.16157E+02 5.00112E-03
 -1       451-2.43598E+03 2.16107E+02-9.71742E-03
 -1       452-6.82621E-03 3.99047E-03 2.14287E-03
 -1       454 7.41457E+02-7.12121E-01 2.87495E-02
 -1       455 1.50410E-03 1.19718E-02 1.65555E-02
 -1       457 7.41733E+02 4.35627E-01 1.82629E-02
 -1       458 5.66292E-03-3.51381E-02-2.38151E-02
 -1       460 7.41774E+02 9.12154E-02 8.51061E-03
 -1       461 1.67600E-02-5.17157E-03-1.40846E-02
 -1       463 7.41782E+02 2.36687E-02 1.08132E-02
 -1       464-3.12975E-02-4.72284E-02-1.28314E-02
 -1       466 7.41693E+02 4.19468E-02-2.56364E-04
 -1       467-1.16287E-02 3.65886E-02-1.00266E-02
 -1       469 7.41959E+02 4.98456E-02 1.80386E-02
 -1       470 2.32487E-02 1.23288E-02 1.67697E-03
 -1       472 7.40894E+02-2.93149E-01 1.06099E-02
 -1       473 2.26469E-04 2.80695E-03-1.44574E-02
 -1       475 7.44794E+02-4.41836E+00-1.50611E-02
 -1       476-4.29466E-03 1.42023E-02 5.37377E-03
 -1       478 7.22290E+02-3.32286E+01-1.73243E-02
 -1       479 7.77633E+01 3.24848E+01-4.27151E-01
 -1       480-6.09031E-03-8.33171E+01 4.30782E-03
 -1       481 3.19823E-03 2.08284E+01-2.85335E-03
 -1       482-8.81938E+02 5.73941E+02 7.71775E+01
 -1       483 3.73410E+03-1.19164E+03 6.14185E+02
 -1       484-6.11211E+02 5.73941E+02 2.29456E+02
 -1       485 7.77561E+01 3.24716E+01 4.13555E-01
 -1       486-4.99435E-03-8.33173E+01-5.22665E-03
 -1       487 2.69116E-03 2.08286E+01 1.44781E-03
 -1       488-8.81940E+02 5.73940E+02-7.71719E+01
 -1       489 3.73408E+03-1.19163E+03-6.14174E+02
 -1       490-6.11210E+02 5.73940E+02-2.29457E+02
 -1       491 1.55450E+02-3.54966E+00 1.73919E-01
 -1       492-3.58993E-03 5.73987E-03 2.42302E-03
 -1       493 1.71432E-03-2.76046E-03-1.75057E-03
 -1       494 1.54736E+02-8.45141E-01-1.05350E-02
 -1       495 6.89335E-03 1.48228E-02-1.67626E-02
 -1       496 2.89627E-03-4.56490E-03 1.46742E-02
 -1       497 1.54642E+02-1.11100E-01 1.83371E-02
 -1       498-3.53043E-03-1.27367E-03-7.56602E-03
 -1       499 1.70265E-03-4.46290E-04 1.51046E-02
 -1       500 1.54609E+02-2.25961E-03 2.50588E-02
 -1       501 1.79710E-02 3.31399E-03-1.34811E-02
 -1       502-7.01532E-03-3.45481E-03 1.24650E-02
 -1       503 1.54591E+02-2.31845E-02-1.14439E-01
 -1       504-3.34799E-03 6.97959E-04-2.42987E-03
 -1       505-3.70753E-03-3.71055E-03 3.03758E-04
 -1       506 1.54513E+02-6.34144E-03 4.72209E-01
 -1       507 1.81918E-03-7.85149E-03-1.63914E-02
 -1       508-3.53545E-04 5.29403E-03 1.66610E-03
 -1       509 1.54354E+02-6.64647E-01-1.71257E+00
 -1       510 1.09711E-02-4.56139E-03 1.13032E-02
 -1       511-9.45221E-03 9.33978E-03-8.31572E-03
 -1       512 1.51772E+02 5.04268E+00 8.26920E+00
 -1       513-6.06545E-03-1.06173E-02 1.12147E-03
 -1       514 8.41766E-03 1.37200E-02-3.35077E-04
 -1       515 1.47998E+02 6.46284E+01-2.30990E+01
 -1       516 2.16082E-03 9.18314E-03 2.90480E-03
 -1       517 9.95138E-04 8.85584E-04-4.58519E-03
 -1       518-3.47106E+02 4.49609E+00-4.33946E-01
 -1       520-1.56758E-02-9.30470E-03 2.59917E-03
 -1       521-3.46485E+02 1.60065E+00 9.64370E-02
 -1       523 1.38621E-02 1.30187E-02-1.12282E-02
 -1       524-3.46300E+02 2.47680E-01-3.56707E-02
 -1       526-6.33587E-03 3.22949E-03-2.89503E-03
 -1       527-3.46227E+02-2.55059E-02 4.56598E-02
 -1       529 6.39206E-03 3.00594E-02 1.09148E-02
 -1       530-3.46267E+02-2.77786E-02-6.34188E-02
 -1       532-6.52060E-03 5.09810E-03-2.02990E-03
 -1       533-3.46011E+02 4.90832E-02 3.24810E-01
 -1       535-1.67771E-02-1.43727E-03-1.03169E-02
 -1       536-3.46780E+02 3.67874E-02-1.37354E+00
 -1       538 5.51214E-03-7.02604E-03-5.82779E-03
 -1       539-3.42805E+02 1.11665E+00 5.21957E+00
 -1       541-6.94721E-03-6.53559E-03-3.32017E-03
 -1       542-3.51929E+02-1.33982E+01-2.34093E+01
 -1       544-3.12394E-03-9.12259E-04 1.00160E-02
 -1       545-2.80466E+02-1.32100E+02 7.69297E+01
 -1       547-3.09265E-03-1.47576E-03-5.24176E-03
 -1       548-3.71712E+02-1.65014E+01 6.96991E-03
 -1       550-1.21037E-02-8.33355E+01 9.19294E-03
 -1       551 1.55453E+02-3.53911E+00-1.71107E-01
 -1       552-1.06497E-03-2.67653E-02-7.88510E-03
 -1       553-7.71166E-03 1.99755E-02-8.10932E-04
 -1       554 1.54758E+02-7.98011E-01 5.99030E-02
 -1       555-4.63225E-03-1.20404E-02 4.00616E-03
 -1       556 3.78354E-03 1.07052E-02 7.22559E-03
 -1       557 1.54630E+02-1.12919E-01 8.29766E-04
 -1       558 3.55266E-03-3.85257E-02-1.30507E-02
 -1       559-3.17220E-03 1.66686E-02 2.40890E-02
 -1       560 1.54596E+02 9.36338E-03-1.40215E-02
 -1       561 1.43078E-02 1.15625E-02-3.74283E-02
 -1       562-9.66923E-03-1.08829E-02 3.00340E-02
 -1       563 1.54605E+02-4.12118E-02 9.68957E-02
 -1       564 8.75238E-03 2.07954E-02 1.46404E-02
 -1       565-3.17240E-03-1.11655E-02-3.15920E-03
 -1       566 1.54509E+02 1.10174E-02-4.61536E-01
 -1       567 3.51105E-03-7.94351E-03-8.57385E-03
 -1       568-2.85442E-03-2.84925E-03-1.11730E-02
 -1       569 1.54353E+02-6.52722E-01 1.70348E+00
 -1       570-5.96193E-03-4.06378E-02-1.39342E-03
 -1       571 2.26248E-04 2.55376E-02-2.79664E-03
 -1       572 1.51778E+02 5.05033E+00-8.28660E+00
 -1       573-2.53847E-02-9.33454E-04 6.94629E-04
 -1       574 1.65890E-02 9.87667E-04-1.94317E-03
 -1       575 1.48002E+02 6.46117E+01 2.30990E+01
 -1       576 2.06164E-03 1.60267E-02 7.94796E-03
 -1       577 4.32011E-03 1.60886E-03-6.67603E-03
 -1       578-3.47122E+02 4.49365E+00 4.48107E-01
 -1       580 1.50236E-02 1.22930E-02-1.46125E-02
 -1       581-3.46487E+02 1.59955E+00-1.13284E-01
 -1       583 3.66073E-02 2.69676E-03 1.66197E-02
 -1       584-3.46265E+02 2.39975E-01 1.06880E-02
 -1       586-9.41673E-03-1.04861E-02 1.10889E-03
 -1       587-3.46237E+02-9.74121E-03-5.29754E-02
 -1       589 1.20985E-02 1.30490E-02-5.32995E-03
 -1       590-3.46258E+02 6.05557E-03 9.12327E-02
 -1       592-4.76379E-03 2.62971E-03-1.06907E-02
 -1       593-3.46010E+02 4.47179E-02-3.38102E-01
 -1       595-8.91203E-03-1.00919E-02 1.61186E-02
 -1       596-3.46783E+02 3.62270E-02 1.36016E+00
 -1       598 6.93256E-03-1.40357E-02-5.60123E-03
 -1       599-3.42815E+02 1.13245E+00-5.21027E+00
 -1       601-3.78351E-03-1.63855E-02 4.60410E-03
 -1       602-3.51920E+02-1.34184E+01 2.34126E+01
 -1       604-6.41211E-03 2.42902E-02-8.53064E-03
 -1       605-2.80482E+02-1.32109E+02-7.69427E+01
 -1       607-6.08445E-03 2.42454E-03-5.02428E-04
 -1       608 2.43601E+03 2.16122E+02-1.99130E-03
 -1       610 3.99211E+03 2.16124E+02 4.47151E-03
 -1       611-7.41450E+02-6.79220E-01 3.61672E-03
 -1       613 1.43684E-02-6.61846E-03 5.56189E-03
 -1       614-7.41759E+02 4.67512E-01-3.22820E-03
 -1       616 6.90681E-03-1.01937E-04-1.94417E-02
 -1       617-7.41814E+02 1.02596E-01-2.64059E-02
 -1       619-1.29429E-02-8.35139E-03-2.64406E-02
 -1       620-7.41758E+02 1.88692E-02 3.30519E-02
 -1       622-5.19291E-04 3.70289E-03-2.09623E-02
 -1       623-7.41670E+02-7.34527E-03 5.88115E-03
 -1       625-3.81884E-03 6.30338E-03-8.70106E-03
 -1       626-7.41986E+02 1.06615E-01 1.48303E-02
 -1       628 6.78078E-03 1.43986E-02 2.10657E-02
 -1       629-7.40894E+02-2.59742E-01-1.40752E-03
 -1       631 4.55579E-03-1.71494E-02 1.82877E-02
 -1       632-7.44810E+02-4.44684E+00 1.72551E-02
 -1       634-9.61932E-03 1.41095E-02-1.80791E-03
 -1       635-7.22248E+02-3.32181E+01-1.13239E-02
 -1       637-4.13931E-03-1.55884E-02 6.33892E-03
 -3
 9999
