    1C
    1UHash: 9lAXveLf, Date: 03/15/2026, Unit system: M_KG_S_C           
    1UUSER                                                              
    1UDATE              09.april.2026                                   
    1UTIME              09:52:20                                        
    1UHOST                                                              
    1UPGM               CalculiX                                        
    1UVERSION           Version 2.23                             
    1UCOMPILETIME       Thu Apr  9 09:46:48 CEST 2026                    
    1UDIR                                                               
    1UDBN                                                               
    1UMAT    1S235                                                      
    2C                           459                                     1
 -1         1-1.00000E+00 5.00000E-02-5.00000E-02
 -1         2-1.00000E+00-5.00000E-02-5.00000E-02
 -1         3 1.00000E+00-5.00000E-02-5.00000E-02
 -1         4 1.00000E+00 5.00000E-02-5.00000E-02
 -1         5 1.00000E+00-5.00000E-02 5.00000E-02
 -1         6 1.00000E+00 5.00000E-02 5.00000E-02
 -1         7-1.00000E+00-5.00000E-02 5.00000E-02
 -1         8-1.00000E+00 5.00000E-02 5.00000E-02
 -1         9-1.00000E+00-3.46945E-17-5.00000E-02
 -1        10-1.00000E+00 2.50000E-02-5.00000E-02
 -1        11-1.00000E+00-2.50000E-02-5.00000E-02
 -1        12-8.00000E-01-5.00000E-02-5.00000E-02
 -1        13-6.00000E-01-5.00000E-02-5.00000E-02
 -1        14-4.00000E-01-5.00000E-02-5.00000E-02
 -1        15-2.00000E-01-5.00000E-02-5.00000E-02
 -1        16 0.00000E+00-5.00000E-02-5.00000E-02
 -1        17 2.00000E-01-5.00000E-02-5.00000E-02
 -1        18 4.00000E-01-5.00000E-02-5.00000E-02
 -1        19 6.00000E-01-5.00000E-02-5.00000E-02
 -1        20 8.00000E-01-5.00000E-02-5.00000E-02
 -1        21-9.00000E-01-5.00000E-02-5.00000E-02
 -1        22-7.00000E-01-5.00000E-02-5.00000E-02
 -1        23-5.00000E-01-5.00000E-02-5.00000E-02
 -1        24-3.00000E-01-5.00000E-02-5.00000E-02
 -1        25-1.00000E-01-5.00000E-02-5.00000E-02
 -1        26 1.00000E-01-5.00000E-02-5.00000E-02
 -1        27 3.00000E-01-5.00000E-02-5.00000E-02
 -1        28 5.00000E-01-5.00000E-02-5.00000E-02
 -1        29 7.00000E-01-5.00000E-02-5.00000E-02
 -1        30 9.00000E-01-5.00000E-02-5.00000E-02
 -1        31 1.00000E+00-3.46945E-17-5.00000E-02
 -1        32 1.00000E+00 2.50000E-02-5.00000E-02
 -1        33 1.00000E+00-2.50000E-02-5.00000E-02
 -1        34-8.00000E-01 5.00000E-02-5.00000E-02
 -1        35-6.00000E-01 5.00000E-02-5.00000E-02
 -1        36-4.00000E-01 5.00000E-02-5.00000E-02
 -1        37-2.00000E-01 5.00000E-02-5.00000E-02
 -1        38 0.00000E+00 5.00000E-02-5.00000E-02
 -1        39 2.00000E-01 5.00000E-02-5.00000E-02
 -1        40 4.00000E-01 5.00000E-02-5.00000E-02
 -1        41 6.00000E-01 5.00000E-02-5.00000E-02
 -1        42 8.00000E-01 5.00000E-02-5.00000E-02
 -1        43-9.00000E-01 5.00000E-02-5.00000E-02
 -1        44-7.00000E-01 5.00000E-02-5.00000E-02
 -1        45-5.00000E-01 5.00000E-02-5.00000E-02
 -1        46-3.00000E-01 5.00000E-02-5.00000E-02
 -1        47-1.00000E-01 5.00000E-02-5.00000E-02
 -1        48 1.00000E-01 5.00000E-02-5.00000E-02
 -1        49 3.00000E-01 5.00000E-02-5.00000E-02
 -1        50 5.00000E-01 5.00000E-02-5.00000E-02
 -1        51 7.00000E-01 5.00000E-02-5.00000E-02
 -1        52 9.00000E-01 5.00000E-02-5.00000E-02
 -1        53 1.00000E+00-5.00000E-02 0.00000E+00
 -1        54 1.00000E+00-3.46945E-17 5.00000E-02
 -1        55 1.00000E+00 2.50000E-02 5.00000E-02
 -1        56 1.00000E+00-2.50000E-02 5.00000E-02
 -1        57 1.00000E+00 5.00000E-02 0.00000E+00
 -1        58 8.00000E-01-5.00000E-02 5.00000E-02
 -1        59 6.00000E-01-5.00000E-02 5.00000E-02
 -1        60 4.00000E-01-5.00000E-02 5.00000E-02
 -1        61 2.00000E-01-5.00000E-02 5.00000E-02
 -1        62 0.00000E+00-5.00000E-02 5.00000E-02
 -1        63-2.00000E-01-5.00000E-02 5.00000E-02
 -1        64-4.00000E-01-5.00000E-02 5.00000E-02
 -1        65-6.00000E-01-5.00000E-02 5.00000E-02
 -1        66-8.00000E-01-5.00000E-02 5.00000E-02
 -1        67 9.00000E-01-5.00000E-02 5.00000E-02
 -1        68 7.00000E-01-5.00000E-02 5.00000E-02
 -1        69 5.00000E-01-5.00000E-02 5.00000E-02
 -1        70 3.00000E-01-5.00000E-02 5.00000E-02
 -1        71 1.00000E-01-5.00000E-02 5.00000E-02
 -1        72-1.00000E-01-5.00000E-02 5.00000E-02
 -1        73-3.00000E-01-5.00000E-02 5.00000E-02
 -1        74-5.00000E-01-5.00000E-02 5.00000E-02
 -1        75-7.00000E-01-5.00000E-02 5.00000E-02
 -1        76-9.00000E-01-5.00000E-02 5.00000E-02
 -1        77-1.00000E+00-3.46945E-17 5.00000E-02
 -1        78-1.00000E+00 2.50000E-02 5.00000E-02
 -1        79-1.00000E+00-2.50000E-02 5.00000E-02
 -1        80 8.00000E-01 5.00000E-02 5.00000E-02
 -1        81 6.00000E-01 5.00000E-02 5.00000E-02
 -1        82 4.00000E-01 5.00000E-02 5.00000E-02
 -1        83 2.00000E-01 5.00000E-02 5.00000E-02
 -1        84 0.00000E+00 5.00000E-02 5.00000E-02
 -1        85-2.00000E-01 5.00000E-02 5.00000E-02
 -1        86-4.00000E-01 5.00000E-02 5.00000E-02
 -1        87-6.00000E-01 5.00000E-02 5.00000E-02
 -1        88-8.00000E-01 5.00000E-02 5.00000E-02
 -1        89 9.00000E-01 5.00000E-02 5.00000E-02
 -1        90 7.00000E-01 5.00000E-02 5.00000E-02
 -1        91 5.00000E-01 5.00000E-02 5.00000E-02
 -1        92 3.00000E-01 5.00000E-02 5.00000E-02
 -1        93 1.00000E-01 5.00000E-02 5.00000E-02
 -1        94-1.00000E-01 5.00000E-02 5.00000E-02
 -1        95-3.00000E-01 5.00000E-02 5.00000E-02
 -1        96-5.00000E-01 5.00000E-02 5.00000E-02
 -1        97-7.00000E-01 5.00000E-02 5.00000E-02
 -1        98-9.00000E-01 5.00000E-02 5.00000E-02
 -1        99-1.00000E+00-5.00000E-02 0.00000E+00
 -1       100-1.00000E+00 5.00000E-02 0.00000E+00
 -1       101-8.00000E-01-3.46945E-17-5.00000E-02
 -1       102-6.00000E-01-4.16334E-17-5.00000E-02
 -1       103-4.00000E-01-3.46945E-17-5.00000E-02
 -1       104-2.00000E-01-2.77556E-17-5.00000E-02
 -1       105 0.00000E+00-3.46945E-17-5.00000E-02
 -1       106 2.00000E-01-3.46945E-17-5.00000E-02
 -1       107 4.00000E-01-4.16334E-17-5.00000E-02
 -1       108 6.00000E-01-2.77556E-17-5.00000E-02
 -1       109 8.00000E-01-3.46945E-17-5.00000E-02
 -1       110-8.00000E-01 2.50000E-02-5.00000E-02
 -1       111-9.00000E-01-3.46945E-17-5.00000E-02
 -1       112-6.00000E-01 2.50000E-02-5.00000E-02
 -1       113-7.00000E-01-3.81639E-17-5.00000E-02
 -1       114-4.00000E-01 2.50000E-02-5.00000E-02
 -1       115-5.00000E-01-3.81639E-17-5.00000E-02
 -1       116-2.00000E-01 2.50000E-02-5.00000E-02
 -1       117-3.00000E-01-3.12250E-17-5.00000E-02
 -1       118 0.00000E+00 2.50000E-02-5.00000E-02
 -1       119-1.00000E-01-3.12250E-17-5.00000E-02
 -1       120 2.00000E-01 2.50000E-02-5.00000E-02
 -1       121 1.00000E-01-3.46945E-17-5.00000E-02
 -1       122 4.00000E-01 2.50000E-02-5.00000E-02
 -1       123 3.00000E-01-3.81639E-17-5.00000E-02
 -1       124 6.00000E-01 2.50000E-02-5.00000E-02
 -1       125 5.00000E-01-3.46945E-17-5.00000E-02
 -1       126 8.00000E-01 2.50000E-02-5.00000E-02
 -1       127 7.00000E-01-3.12250E-17-5.00000E-02
 -1       128 9.00000E-01-3.46945E-17-5.00000E-02
 -1       129-8.00000E-01-2.50000E-02-5.00000E-02
 -1       130-6.00000E-01-2.50000E-02-5.00000E-02
 -1       131-4.00000E-01-2.50000E-02-5.00000E-02
 -1       132-2.00000E-01-2.50000E-02-5.00000E-02
 -1       133 0.00000E+00-2.50000E-02-5.00000E-02
 -1       134 2.00000E-01-2.50000E-02-5.00000E-02
 -1       135 4.00000E-01-2.50000E-02-5.00000E-02
 -1       136 6.00000E-01-2.50000E-02-5.00000E-02
 -1       137 8.00000E-01-2.50000E-02-5.00000E-02
 -1       138 1.00000E+00-3.46945E-17 1.38778E-17
 -1       139 8.00000E-01-3.46945E-17 5.00000E-02
 -1       140 6.00000E-01-4.16334E-17 5.00000E-02
 -1       141 4.00000E-01-3.46945E-17 5.00000E-02
 -1       142 2.00000E-01-2.77556E-17 5.00000E-02
 -1       143 0.00000E+00-3.46945E-17 5.00000E-02
 -1       144-2.00000E-01-3.46945E-17 5.00000E-02
 -1       145-4.00000E-01-4.16334E-17 5.00000E-02
 -1       146-6.00000E-01-2.77556E-17 5.00000E-02
 -1       147-8.00000E-01-3.46945E-17 5.00000E-02
 -1       148 8.00000E-01 2.50000E-02 5.00000E-02
 -1       149 9.00000E-01-3.46945E-17 5.00000E-02
 -1       150 6.00000E-01 2.50000E-02 5.00000E-02
 -1       151 7.00000E-01-3.81639E-17 5.00000E-02
 -1       152 4.00000E-01 2.50000E-02 5.00000E-02
 -1       153 5.00000E-01-3.81639E-17 5.00000E-02
 -1       154 2.00000E-01 2.50000E-02 5.00000E-02
 -1       155 3.00000E-01-3.12250E-17 5.00000E-02
 -1       156 0.00000E+00 2.50000E-02 5.00000E-02
 -1       157 1.00000E-01-3.12250E-17 5.00000E-02
 -1       158-2.00000E-01 2.50000E-02 5.00000E-02
 -1       159-1.00000E-01-3.46945E-17 5.00000E-02
 -1       160-4.00000E-01 2.50000E-02 5.00000E-02
 -1       161-3.00000E-01-3.81639E-17 5.00000E-02
 -1       162-6.00000E-01 2.50000E-02 5.00000E-02
 -1       163-5.00000E-01-3.46945E-17 5.00000E-02
 -1       164-8.00000E-01 2.50000E-02 5.00000E-02
 -1       165-7.00000E-01-3.12250E-17 5.00000E-02
 -1       166-9.00000E-01-3.46945E-17 5.00000E-02
 -1       167 8.00000E-01-2.50000E-02 5.00000E-02
 -1       168 6.00000E-01-2.50000E-02 5.00000E-02
 -1       169 4.00000E-01-2.50000E-02 5.00000E-02
 -1       170 2.00000E-01-2.50000E-02 5.00000E-02
 -1       171 0.00000E+00-2.50000E-02 5.00000E-02
 -1       172-2.00000E-01-2.50000E-02 5.00000E-02
 -1       173-4.00000E-01-2.50000E-02 5.00000E-02
 -1       174-6.00000E-01-2.50000E-02 5.00000E-02
 -1       175-8.00000E-01-2.50000E-02 5.00000E-02
 -1       176-1.00000E+00-3.46945E-17 1.38778E-17
 -1       177-8.00000E-01 5.00000E-02 0.00000E+00
 -1       178-6.00000E-01 5.00000E-02 0.00000E+00
 -1       179-4.00000E-01 5.00000E-02 0.00000E+00
 -1       180-2.00000E-01 5.00000E-02 0.00000E+00
 -1       181 0.00000E+00 5.00000E-02 0.00000E+00
 -1       182 2.00000E-01 5.00000E-02 0.00000E+00
 -1       183 4.00000E-01 5.00000E-02 0.00000E+00
 -1       184 6.00000E-01 5.00000E-02 0.00000E+00
 -1       185 8.00000E-01 5.00000E-02 0.00000E+00
 -1       186-8.00000E-01-5.00000E-02 0.00000E+00
 -1       187-6.00000E-01-5.00000E-02 0.00000E+00
 -1       188-4.00000E-01-5.00000E-02 0.00000E+00
 -1       189-2.00000E-01-5.00000E-02 0.00000E+00
 -1       190 0.00000E+00-5.00000E-02 0.00000E+00
 -1       191 2.00000E-01-5.00000E-02 0.00000E+00
 -1       192 4.00000E-01-5.00000E-02 0.00000E+00
 -1       193 6.00000E-01-5.00000E-02 0.00000E+00
 -1       194 8.00000E-01-5.00000E-02 0.00000E+00
 -1       195-8.00000E-01-3.46945E-17 1.38778E-17
 -1       196-6.00000E-01-3.46945E-17 1.38778E-17
 -1       197-4.00000E-01-3.81639E-17 1.38778E-17
 -1       198-2.00000E-01-3.12250E-17 1.38778E-17
 -1       199 0.00000E+00-3.46945E-17 1.38778E-17
 -1       200 2.00000E-01-3.12250E-17 1.38778E-17
 -1       201 4.00000E-01-3.81639E-17 1.38778E-17
 -1       202 6.00000E-01-3.46945E-17 1.38778E-17
 -1       203 8.00000E-01-3.46945E-17 1.38778E-17
 -1       320 1.00000E+00 4.50000E-02-5.00000E-02
 -1       321 1.00000E+00 4.75000E-02-5.00000E-02
 -1       322 1.00000E+00 5.00000E-02-5.00000E-02
 -1       323-1.00000E+00 4.50000E-02-5.00000E-02
 -1       324-1.00000E+00 4.75000E-02-5.00000E-02
 -1       325-1.00000E+00 5.00000E-02-5.00000E-02
 -1       326 1.00000E+00 4.50000E-02 5.00000E-02
 -1       327 1.00000E+00 4.75000E-02 5.00000E-02
 -1       328 1.00000E+00 5.00000E-02 5.00000E-02
 -1       329-1.00000E+00 4.50000E-02 5.00000E-02
 -1       330-1.00000E+00 4.75000E-02 5.00000E-02
 -1       331-1.00000E+00 5.00000E-02 5.00000E-02
 -1       332 8.00000E-01 4.50000E-02-5.00000E-02
 -1       333 8.00000E-01 4.75000E-02-5.00000E-02
 -1       334 8.00000E-01 5.00000E-02-5.00000E-02
 -1       335 6.00000E-01 4.50000E-02-5.00000E-02
 -1       336 6.00000E-01 4.75000E-02-5.00000E-02
 -1       337 6.00000E-01 5.00000E-02-5.00000E-02
 -1       338 4.00000E-01 4.50000E-02-5.00000E-02
 -1       339 4.00000E-01 4.75000E-02-5.00000E-02
 -1       340 4.00000E-01 5.00000E-02-5.00000E-02
 -1       341 2.00000E-01 4.50000E-02-5.00000E-02
 -1       342 2.00000E-01 4.75000E-02-5.00000E-02
 -1       343 2.00000E-01 5.00000E-02-5.00000E-02
 -1       344 0.00000E+00 4.50000E-02-5.00000E-02
 -1       345 0.00000E+00 4.75000E-02-5.00000E-02
 -1       346 0.00000E+00 5.00000E-02-5.00000E-02
 -1       347-2.00000E-01 4.50000E-02-5.00000E-02
 -1       348-2.00000E-01 4.75000E-02-5.00000E-02
 -1       349-2.00000E-01 5.00000E-02-5.00000E-02
 -1       350-4.00000E-01 4.50000E-02-5.00000E-02
 -1       351-4.00000E-01 4.75000E-02-5.00000E-02
 -1       352-4.00000E-01 5.00000E-02-5.00000E-02
 -1       353-6.00000E-01 4.50000E-02-5.00000E-02
 -1       354-6.00000E-01 4.75000E-02-5.00000E-02
 -1       355-6.00000E-01 5.00000E-02-5.00000E-02
 -1       356-8.00000E-01 4.50000E-02-5.00000E-02
 -1       357-8.00000E-01 4.75000E-02-5.00000E-02
 -1       358-8.00000E-01 5.00000E-02-5.00000E-02
 -1       359 9.00000E-01 4.50000E-02-5.00000E-02
 -1       361 9.00000E-01 5.00000E-02-5.00000E-02
 -1       362 7.00000E-01 4.50000E-02-5.00000E-02
 -1       364 7.00000E-01 5.00000E-02-5.00000E-02
 -1       365 5.00000E-01 4.50000E-02-5.00000E-02
 -1       367 5.00000E-01 5.00000E-02-5.00000E-02
 -1       368 3.00000E-01 4.50000E-02-5.00000E-02
 -1       370 3.00000E-01 5.00000E-02-5.00000E-02
 -1       371 1.00000E-01 4.50000E-02-5.00000E-02
 -1       373 1.00000E-01 5.00000E-02-5.00000E-02
 -1       374-1.00000E-01 4.50000E-02-5.00000E-02
 -1       376-1.00000E-01 5.00000E-02-5.00000E-02
 -1       377-3.00000E-01 4.50000E-02-5.00000E-02
 -1       379-3.00000E-01 5.00000E-02-5.00000E-02
 -1       380-5.00000E-01 4.50000E-02-5.00000E-02
 -1       382-5.00000E-01 5.00000E-02-5.00000E-02
 -1       383-7.00000E-01 4.50000E-02-5.00000E-02
 -1       385-7.00000E-01 5.00000E-02-5.00000E-02
 -1       386-9.00000E-01 4.50000E-02-5.00000E-02
 -1       388-9.00000E-01 5.00000E-02-5.00000E-02
 -1       389 1.00000E+00 4.50000E-02 0.00000E+00
 -1       391 1.00000E+00 5.00000E-02 0.00000E+00
 -1       392 8.00000E-01 4.50000E-02 5.00000E-02
 -1       393 8.00000E-01 4.75000E-02 5.00000E-02
 -1       394 8.00000E-01 5.00000E-02 5.00000E-02
 -1       395 6.00000E-01 4.50000E-02 5.00000E-02
 -1       396 6.00000E-01 4.75000E-02 5.00000E-02
 -1       397 6.00000E-01 5.00000E-02 5.00000E-02
 -1       398 4.00000E-01 4.50000E-02 5.00000E-02
 -1       399 4.00000E-01 4.75000E-02 5.00000E-02
 -1       400 4.00000E-01 5.00000E-02 5.00000E-02
 -1       401 2.00000E-01 4.50000E-02 5.00000E-02
 -1       402 2.00000E-01 4.75000E-02 5.00000E-02
 -1       403 2.00000E-01 5.00000E-02 5.00000E-02
 -1       404 0.00000E+00 4.50000E-02 5.00000E-02
 -1       405 0.00000E+00 4.75000E-02 5.00000E-02
 -1       406 0.00000E+00 5.00000E-02 5.00000E-02
 -1       407-2.00000E-01 4.50000E-02 5.00000E-02
 -1       408-2.00000E-01 4.75000E-02 5.00000E-02
 -1       409-2.00000E-01 5.00000E-02 5.00000E-02
 -1       410-4.00000E-01 4.50000E-02 5.00000E-02
 -1       411-4.00000E-01 4.75000E-02 5.00000E-02
 -1       412-4.00000E-01 5.00000E-02 5.00000E-02
 -1       413-6.00000E-01 4.50000E-02 5.00000E-02
 -1       414-6.00000E-01 4.75000E-02 5.00000E-02
 -1       415-6.00000E-01 5.00000E-02 5.00000E-02
 -1       416-8.00000E-01 4.50000E-02 5.00000E-02
 -1       417-8.00000E-01 4.75000E-02 5.00000E-02
 -1       418-8.00000E-01 5.00000E-02 5.00000E-02
 -1       419 9.00000E-01 4.50000E-02 5.00000E-02
 -1       421 9.00000E-01 5.00000E-02 5.00000E-02
 -1       422 7.00000E-01 4.50000E-02 5.00000E-02
 -1       424 7.00000E-01 5.00000E-02 5.00000E-02
 -1       425 5.00000E-01 4.50000E-02 5.00000E-02
 -1       427 5.00000E-01 5.00000E-02 5.00000E-02
 -1       428 3.00000E-01 4.50000E-02 5.00000E-02
 -1       430 3.00000E-01 5.00000E-02 5.00000E-02
 -1       431 1.00000E-01 4.50000E-02 5.00000E-02
 -1       433 1.00000E-01 5.00000E-02 5.00000E-02
 -1       434-1.00000E-01 4.50000E-02 5.00000E-02
 -1       436-1.00000E-01 5.00000E-02 5.00000E-02
 -1       437-3.00000E-01 4.50000E-02 5.00000E-02
 -1       439-3.00000E-01 5.00000E-02 5.00000E-02
 -1       440-5.00000E-01 4.50000E-02 5.00000E-02
 -1       442-5.00000E-01 5.00000E-02 5.00000E-02
 -1       443-7.00000E-01 4.50000E-02 5.00000E-02
 -1       445-7.00000E-01 5.00000E-02 5.00000E-02
 -1       446-9.00000E-01 4.50000E-02 5.00000E-02
 -1       448-9.00000E-01 5.00000E-02 5.00000E-02
 -1       449-1.00000E+00 4.50000E-02 0.00000E+00
 -1       451-1.00000E+00 5.00000E-02 0.00000E+00
 -1       452 8.00000E-01 4.50000E-02 0.00000E+00
 -1       454 8.00000E-01 5.00000E-02 0.00000E+00
 -1       455 6.00000E-01 4.50000E-02 0.00000E+00
 -1       457 6.00000E-01 5.00000E-02 0.00000E+00
 -1       458 4.00000E-01 4.50000E-02 0.00000E+00
 -1       460 4.00000E-01 5.00000E-02 0.00000E+00
 -1       461 2.00000E-01 4.50000E-02 0.00000E+00
 -1       463 2.00000E-01 5.00000E-02 0.00000E+00
 -1       464-3.46945E-19 4.50000E-02 0.00000E+00
 -1       466 0.00000E+00 5.00000E-02 0.00000E+00
 -1       467-2.00000E-01 4.50000E-02 0.00000E+00
 -1       469-2.00000E-01 5.00000E-02 0.00000E+00
 -1       470-4.00000E-01 4.50000E-02 0.00000E+00
 -1       472-4.00000E-01 5.00000E-02 0.00000E+00
 -1       473-6.00000E-01 4.50000E-02 0.00000E+00
 -1       475-6.00000E-01 5.00000E-02 0.00000E+00
 -1       476-8.00000E-01 4.50000E-02 0.00000E+00
 -1       478-8.00000E-01 5.00000E-02 0.00000E+00
 -1       479 1.00000E+00-5.00000E-02-5.00000E-02
 -1       480 1.00000E+00-4.75000E-02-5.00000E-02
 -1       481 1.00000E+00-4.50000E-02-5.00000E-02
 -1       482-1.00000E+00-5.00000E-02-5.00000E-02
 -1       483-1.00000E+00-4.75000E-02-5.00000E-02
 -1       484-1.00000E+00-4.50000E-02-5.00000E-02
 -1       485 1.00000E+00-5.00000E-02 5.00000E-02
 -1       486 1.00000E+00-4.75000E-02 5.00000E-02
 -1       487 1.00000E+00-4.50000E-02 5.00000E-02
 -1       488-1.00000E+00-5.00000E-02 5.00000E-02
 -1       489-1.00000E+00-4.75000E-02 5.00000E-02
 -1       490-1.00000E+00-4.50000E-02 5.00000E-02
 -1       491 8.00000E-01-5.00000E-02-5.00000E-02
 -1       492 8.00000E-01-4.75000E-02-5.00000E-02
 -1       493 8.00000E-01-4.50000E-02-5.00000E-02
 -1       494 6.00000E-01-5.00000E-02-5.00000E-02
 -1       495 6.00000E-01-4.75000E-02-5.00000E-02
 -1       496 6.00000E-01-4.50000E-02-5.00000E-02
 -1       497 4.00000E-01-5.00000E-02-5.00000E-02
 -1       498 4.00000E-01-4.75000E-02-5.00000E-02
 -1       499 4.00000E-01-4.50000E-02-5.00000E-02
 -1       500 2.00000E-01-5.00000E-02-5.00000E-02
 -1       501 2.00000E-01-4.75000E-02-5.00000E-02
 -1       502 2.00000E-01-4.50000E-02-5.00000E-02
 -1       503 0.00000E+00-5.00000E-02-5.00000E-02
 -1       504 0.00000E+00-4.75000E-02-5.00000E-02
 -1       505 0.00000E+00-4.50000E-02-5.00000E-02
 -1       506-2.00000E-01-5.00000E-02-5.00000E-02
 -1       507-2.00000E-01-4.75000E-02-5.00000E-02
 -1       508-2.00000E-01-4.50000E-02-5.00000E-02
 -1       509-4.00000E-01-5.00000E-02-5.00000E-02
 -1       510-4.00000E-01-4.75000E-02-5.00000E-02
 -1       511-4.00000E-01-4.50000E-02-5.00000E-02
 -1       512-6.00000E-01-5.00000E-02-5.00000E-02
 -1       513-6.00000E-01-4.75000E-02-5.00000E-02
 -1       514-6.00000E-01-4.50000E-02-5.00000E-02
 -1       515-8.00000E-01-5.00000E-02-5.00000E-02
 -1       516-8.00000E-01-4.75000E-02-5.00000E-02
 -1       517-8.00000E-01-4.50000E-02-5.00000E-02
 -1       518 9.00000E-01-5.00000E-02-5.00000E-02
 -1       520 9.00000E-01-4.50000E-02-5.00000E-02
 -1       521 7.00000E-01-5.00000E-02-5.00000E-02
 -1       523 7.00000E-01-4.50000E-02-5.00000E-02
 -1       524 5.00000E-01-5.00000E-02-5.00000E-02
 -1       526 5.00000E-01-4.50000E-02-5.00000E-02
 -1       527 3.00000E-01-5.00000E-02-5.00000E-02
 -1       529 3.00000E-01-4.50000E-02-5.00000E-02
 -1       530 1.00000E-01-5.00000E-02-5.00000E-02
 -1       532 1.00000E-01-4.50000E-02-5.00000E-02
 -1       533-1.00000E-01-5.00000E-02-5.00000E-02
 -1       535-1.00000E-01-4.50000E-02-5.00000E-02
 -1       536-3.00000E-01-5.00000E-02-5.00000E-02
 -1       538-3.00000E-01-4.50000E-02-5.00000E-02
 -1       539-5.00000E-01-5.00000E-02-5.00000E-02
 -1       541-5.00000E-01-4.50000E-02-5.00000E-02
 -1       542-7.00000E-01-5.00000E-02-5.00000E-02
 -1       544-7.00000E-01-4.50000E-02-5.00000E-02
 -1       545-9.00000E-01-5.00000E-02-5.00000E-02
 -1       547-9.00000E-01-4.50000E-02-5.00000E-02
 -1       548 1.00000E+00-5.00000E-02 0.00000E+00
 -1       550 1.00000E+00-4.50000E-02 0.00000E+00
 -1       551 8.00000E-01-5.00000E-02 5.00000E-02
 -1       552 8.00000E-01-4.75000E-02 5.00000E-02
 -1       553 8.00000E-01-4.50000E-02 5.00000E-02
 -1       554 6.00000E-01-5.00000E-02 5.00000E-02
 -1       555 6.00000E-01-4.75000E-02 5.00000E-02
 -1       556 6.00000E-01-4.50000E-02 5.00000E-02
 -1       557 4.00000E-01-5.00000E-02 5.00000E-02
 -1       558 4.00000E-01-4.75000E-02 5.00000E-02
 -1       559 4.00000E-01-4.50000E-02 5.00000E-02
 -1       560 2.00000E-01-5.00000E-02 5.00000E-02
 -1       561 2.00000E-01-4.75000E-02 5.00000E-02
 -1       562 2.00000E-01-4.50000E-02 5.00000E-02
 -1       563 0.00000E+00-5.00000E-02 5.00000E-02
 -1       564 0.00000E+00-4.75000E-02 5.00000E-02
 -1       565 0.00000E+00-4.50000E-02 5.00000E-02
 -1       566-2.00000E-01-5.00000E-02 5.00000E-02
 -1       567-2.00000E-01-4.75000E-02 5.00000E-02
 -1       568-2.00000E-01-4.50000E-02 5.00000E-02
 -1       569-4.00000E-01-5.00000E-02 5.00000E-02
 -1       570-4.00000E-01-4.75000E-02 5.00000E-02
 -1       571-4.00000E-01-4.50000E-02 5.00000E-02
 -1       572-6.00000E-01-5.00000E-02 5.00000E-02
 -1       573-6.00000E-01-4.75000E-02 5.00000E-02
 -1       574-6.00000E-01-4.50000E-02 5.00000E-02
 -1       575-8.00000E-01-5.00000E-02 5.00000E-02
 -1       576-8.00000E-01-4.75000E-02 5.00000E-02
 -1       577-8.00000E-01-4.50000E-02 5.00000E-02
 -1       578 9.00000E-01-5.00000E-02 5.00000E-02
 -1       580 9.00000E-01-4.50000E-02 5.00000E-02
 -1       581 7.00000E-01-5.00000E-02 5.00000E-02
 -1       583 7.00000E-01-4.50000E-02 5.00000E-02
 -1       584 5.00000E-01-5.00000E-02 5.00000E-02
 -1       586 5.00000E-01-4.50000E-02 5.00000E-02
 -1       587 3.00000E-01-5.00000E-02 5.00000E-02
 -1       589 3.00000E-01-4.50000E-02 5.00000E-02
 -1       590 1.00000E-01-5.00000E-02 5.00000E-02
 -1       592 1.00000E-01-4.50000E-02 5.00000E-02
 -1       593-1.00000E-01-5.00000E-02 5.00000E-02
 -1       595-1.00000E-01-4.50000E-02 5.00000E-02
 -1       596-3.00000E-01-5.00000E-02 5.00000E-02
 -1       598-3.00000E-01-4.50000E-02 5.00000E-02
 -1       599-5.00000E-01-5.00000E-02 5.00000E-02
 -1       601-5.00000E-01-4.50000E-02 5.00000E-02
 -1       602-7.00000E-01-5.00000E-02 5.00000E-02
 -1       604-7.00000E-01-4.50000E-02 5.00000E-02
 -1       605-9.00000E-01-5.00000E-02 5.00000E-02
 -1       607-9.00000E-01-4.50000E-02 5.00000E-02
 -1       608-1.00000E+00-5.00000E-02 0.00000E+00
 -1       610-1.00000E+00-4.50000E-02 0.00000E+00
 -1       611 8.00000E-01-5.00000E-02 0.00000E+00
 -1       613 8.00000E-01-4.50000E-02 0.00000E+00
 -1       614 6.00000E-01-5.00000E-02 0.00000E+00
 -1       616 6.00000E-01-4.50000E-02 0.00000E+00
 -1       617 4.00000E-01-5.00000E-02 0.00000E+00
 -1       619 4.00000E-01-4.50000E-02 0.00000E+00
 -1       620 2.00000E-01-5.00000E-02 0.00000E+00
 -1       622 2.00000E-01-4.50000E-02 0.00000E+00
 -1       623 0.00000E+00-5.00000E-02 0.00000E+00
 -1       625-3.46945E-19-4.50000E-02 0.00000E+00
 -1       626-2.00000E-01-5.00000E-02 0.00000E+00
 -1       628-2.00000E-01-4.50000E-02 0.00000E+00
 -1       629-4.00000E-01-5.00000E-02 0.00000E+00
 -1       631-4.00000E-01-4.50000E-02 0.00000E+00
 -1       632-6.00000E-01-5.00000E-02 0.00000E+00
 -1       634-6.00000E-01-4.50000E-02 0.00000E+00
 -1       635-8.00000E-01-5.00000E-02 0.00000E+00
 -1       637-8.00000E-01-4.50000E-02 0.00000E+00
 -3
    3C                            40                                     1
 -1         1    4    0    1
 -2         1         9       101        34         8        77       147        88        10       111
 -2       110        43       100       176       195       177        78       166       164        98
 -1         2    4    0    1
 -2        34       101       102        35        88       147       146        87       110       113
 -2       112        44       177       195       196       178       164       165       162        97
 -1         3    4    0    1
 -2        35       102       103        36        87       146       145        86       112       115
 -2       114        45       178       196       197       179       162       163       160        96
 -1         4    4    0    1
 -2        36       103       104        37        86       145       144        85       114       117
 -2       116        46       179       197       198       180       160       161       158        95
 -1         5    4    0    1
 -2        37       104       105        38        85       144       143        84       116       119
 -2       118        47       180       198       199       181       158       159       156        94
 -1         6    4    0    1
 -2        38       105       106        39        84       143       142        83       118       121
 -2       120        48       181       199       200       182       156       157       154        93
 -1         7    4    0    1
 -2        39       106       107        40        83       142       141        82       120       123
 -2       122        49       182       200       201       183       154       155       152        92
 -1         8    4    0    1
 -2        40       107       108        41        82       141       140        81       122       125
 -2       124        50       183       201       202       184       152       153       150        91
 -1         9    4    0    1
 -2        41       108       109        42        81       140       139        80       124       127
 -2       126        51       184       202       203       185       150       151       148        90
 -1        10    4    0    1
 -2        42       109        31         4        80       139        54         6       126       128
 -2        32        52       185       203       138        57       148       149        55        89
 -1        11    4    0    1
 -2         9         2        12       101        77         7        66       147        11        21
 -2       129       111       176        99       186       195        79        76       175       166
 -1        12    4    0    1
 -2       101        12        13       102       147        66        65       146       129        22
 -2       130       113       195       186       187       196       175        75       174       165
 -1        13    4    0    1
 -2       102        13        14       103       146        65        64       145       130        23
 -2       131       115       196       187       188       197       174        74       173       163
 -1        14    4    0    1
 -2       103        14        15       104       145        64        63       144       131        24
 -2       132       117       197       188       189       198       173        73       172       161
 -1        15    4    0    1
 -2       104        15        16       105       144        63        62       143       132        25
 -2       133       119       198       189       190       199       172        72       171       159
 -1        16    4    0    1
 -2       105        16        17       106       143        62        61       142       133        26
 -2       134       121       199       190       191       200       171        71       170       157
 -1        17    4    0    1
 -2       106        17        18       107       142        61        60       141       134        27
 -2       135       123       200       191       192       201       170        70       169       155
 -1        18    4    0    1
 -2       107        18        19       108       141        60        59       140       135        28
 -2       136       125       201       192       193       202       169        69       168       153
 -1        19    4    0    1
 -2       108        19        20       109       140        59        58       139       136        29
 -2       137       127       202       193       194       203       168        68       167       151
 -1        20    4    0    1
 -2       109        20         3        31       139        58         5        54       137        30
 -2        33       128       203       194        53       138       167        67        56       149
 -1        21    4    0    1
 -2       320       326       392       332       322       328       394       334       389       419
 -2       452       359       321       327       393       333       391       421       454       361
 -1        22    4    0    1
 -2       332       392       395       335       334       394       397       337       452       422
 -2       455       362       333       393       396       336       454       424       457       364
 -1        23    4    0    1
 -2       335       395       398       338       337       397       400       340       455       425
 -2       458       365       336       396       399       339       457       427       460       367
 -1        24    4    0    1
 -2       338       398       401       341       340       400       403       343       458       428
 -2       461       368       339       399       402       342       460       430       463       370
 -1        25    4    0    1
 -2       341       401       404       344       343       403       406       346       461       431
 -2       464       371       342       402       405       345       463       433       466       373
 -1        26    4    0    1
 -2       344       404       407       347       346       406       409       349       464       434
 -2       467       374       345       405       408       348       466       436       469       376
 -1        27    4    0    1
 -2       347       407       410       350       349       409       412       352       467       437
 -2       470       377       348       408       411       351       469       439       472       379
 -1        28    4    0    1
 -2       350       410       413       353       352       412       415       355       470       440
 -2       473       380       351       411       414       354       472       442       475       382
 -1        29    4    0    1
 -2       353       413       416       356       355       415       418       358       473       443
 -2       476       383       354       414       417       357       475       445       478       385
 -1        30    4    0    1
 -2       356       416       329       323       358       418       331       325       476       446
 -2       449       386       357       417       330       324       478       448       451       388
 -1        41    4    0    1
 -2       479       485       551       491       481       487       553       493       548       578
 -2       611       518       480       486       552       492       550       580       613       520
 -1        42    4    0    1
 -2       491       551       554       494       493       553       556       496       611       581
 -2       614       521       492       552       555       495       613       583       616       523
 -1        43    4    0    1
 -2       494       554       557       497       496       556       559       499       614       584
 -2       617       524       495       555       558       498       616       586       619       526
 -1        44    4    0    1
 -2       497       557       560       500       499       559       562       502       617       587
 -2       620       527       498       558       561       501       619       589       622       529
 -1        45    4    0    1
 -2       500       560       563       503       502       562       565       505       620       590
 -2       623       530       501       561       564       504       622       592       625       532
 -1        46    4    0    1
 -2       503       563       566       506       505       565       568       508       623       593
 -2       626       533       504       564       567       507       625       595       628       535
 -1        47    4    0    1
 -2       506       566       569       509       508       568       571       511       626       596
 -2       629       536       507       567       570       510       628       598       631       538
 -1        48    4    0    1
 -2       509       569       572       512       511       571       574       514       629       599
 -2       632       539       510       570       573       513       631       601       634       541
 -1        49    4    0    1
 -2       512       572       575       515       514       574       577       517       632       602
 -2       635       542       513       573       576       516       634       604       637       544
 -1        50    4    0    1
 -2       515       575       488       482       517       577       490       484       635       605
 -2       608       545       516       576       489       483       637       607       610       547
 -3
    1PSTEP                         1           1           1          
  100CL  101 1.000000000         459                     0    1           1
 -4  DISP        4    1
 -5  D1          1    2    1    0
 -5  D2          1    2    2    0
 -5  D3          1    2    3    0
 -5  ALL         1    2    0    0    1ALL
 -1         1 0.00000E+00 0.00000E+00 0.00000E+00
 -1         2 0.00000E+00 0.00000E+00 0.00000E+00
 -1         3        -NAN        -NAN        -NAN
 -1         4        -NAN        -NAN        -NAN
 -1         5        -NAN        -NAN        -NAN
 -1         6        -NAN        -NAN        -NAN
 -1         7 0.00000E+00 0.00000E+00 0.00000E+00
 -1         8 0.00000E+00 0.00000E+00 0.00000E+00
 -1         9 0.00000E+00 0.00000E+00 0.00000E+00
 -1        10 0.00000E+00 0.00000E+00 0.00000E+00
 -1        11 0.00000E+00 0.00000E+00 0.00000E+00
 -1        12        -NAN        -NAN        -NAN
 -1        13        -NAN        -NAN        -NAN
 -1        14        -NAN        -NAN        -NAN
 -1        15        -NAN        -NAN        -NAN
 -1        16        -NAN        -NAN        -NAN
 -1        17        -NAN        -NAN        -NAN
 -1        18        -NAN        -NAN        -NAN
 -1        19        -NAN        -NAN        -NAN
 -1        20        -NAN        -NAN        -NAN
 -1        21        -NAN        -NAN        -NAN
 -1        22        -NAN        -NAN        -NAN
 -1        23        -NAN        -NAN        -NAN
 -1        24        -NAN        -NAN        -NAN
 -1        25        -NAN        -NAN        -NAN
 -1        26        -NAN        -NAN        -NAN
 -1        27        -NAN        -NAN        -NAN
 -1        28        -NAN        -NAN        -NAN
 -1        29        -NAN        -NAN        -NAN
 -1        30        -NAN        -NAN        -NAN
 -1        31        -NAN         NAN         NAN
 -1        32         NAN         NAN         NAN
 -1        33         NAN         NAN         NAN
 -1        34        -NAN        -NAN        -NAN
 -1        35        -NAN        -NAN        -NAN
 -1        36        -NAN        -NAN        -NAN
 -1        37        -NAN        -NAN        -NAN
 -1        38        -NAN        -NAN        -NAN
 -1        39        -NAN        -NAN        -NAN
 -1        40        -NAN        -NAN        -NAN
 -1        41        -NAN        -NAN        -NAN
 -1        42        -NAN        -NAN        -NAN
 -1        43        -NAN        -NAN        -NAN
 -1        44        -NAN        -NAN        -NAN
 -1        45        -NAN        -NAN        -NAN
 -1        46        -NAN        -NAN        -NAN
 -1        47        -NAN        -NAN        -NAN
 -1        48        -NAN        -NAN        -NAN
 -1        49        -NAN        -NAN        -NAN
 -1        50        -NAN        -NAN        -NAN
 -1        51        -NAN        -NAN        -NAN
 -1        52        -NAN        -NAN        -NAN
 -1        53        -NAN        -NAN        -NAN
 -1        54         NAN         NAN         NAN
 -1        55         NAN         NAN         NAN
 -1        56         NAN         NAN         NAN
 -1        57        -NAN        -NAN        -NAN
 -1        58        -NAN        -NAN        -NAN
 -1        59        -NAN        -NAN        -NAN
 -1        60        -NAN        -NAN        -NAN
 -1        61        -NAN        -NAN        -NAN
 -1        62        -NAN        -NAN        -NAN
 -1        63        -NAN        -NAN        -NAN
 -1        64        -NAN        -NAN        -NAN
 -1        65        -NAN        -NAN        -NAN
 -1        66        -NAN        -NAN        -NAN
 -1        67        -NAN        -NAN        -NAN
 -1        68        -NAN        -NAN        -NAN
 -1        69        -NAN        -NAN        -NAN
 -1        70        -NAN        -NAN        -NAN
 -1        71        -NAN        -NAN        -NAN
 -1        72        -NAN        -NAN        -NAN
 -1        73        -NAN        -NAN        -NAN
 -1        74        -NAN        -NAN        -NAN
 -1        75        -NAN        -NAN        -NAN
 -1        76        -NAN        -NAN        -NAN
 -1        77 0.00000E+00 0.00000E+00 0.00000E+00
 -1        78 0.00000E+00 0.00000E+00 0.00000E+00
 -1        79 0.00000E+00 0.00000E+00 0.00000E+00
 -1        80        -NAN        -NAN        -NAN
 -1        81        -NAN        -NAN        -NAN
 -1        82        -NAN        -NAN        -NAN
 -1        83        -NAN        -NAN        -NAN
 -1        84        -NAN        -NAN        -NAN
 -1        85        -NAN        -NAN        -NAN
 -1        86        -NAN        -NAN        -NAN
 -1        87        -NAN        -NAN        -NAN
 -1        88        -NAN        -NAN        -NAN
 -1        89        -NAN        -NAN        -NAN
 -1        90        -NAN        -NAN        -NAN
 -1        91        -NAN        -NAN        -NAN
 -1        92        -NAN        -NAN        -NAN
 -1        93        -NAN        -NAN        -NAN
 -1        94        -NAN        -NAN        -NAN
 -1        95        -NAN        -NAN        -NAN
 -1        96        -NAN        -NAN        -NAN
 -1        97        -NAN        -NAN        -NAN
 -1        98        -NAN        -NAN        -NAN
 -1        99 0.00000E+00 0.00000E+00 0.00000E+00
 -1       100 0.00000E+00 0.00000E+00 0.00000E+00
 -1       101        -NAN         NAN         NAN
 -1       102         NAN         NAN         NAN
 -1       103         NAN         NAN         NAN
 -1       104         NAN         NAN         NAN
 -1       105         NAN         NAN         NAN
 -1       106         NAN         NAN         NAN
 -1       107         NAN         NAN         NAN
 -1       108         NAN         NAN         NAN
 -1       109         NAN         NAN         NAN
 -1       110         NAN         NAN         NAN
 -1       111         NAN         NAN         NAN
 -1       112         NAN         NAN         NAN
 -1       113         NAN         NAN         NAN
 -1       114         NAN         NAN         NAN
 -1       115         NAN         NAN         NAN
 -1       116         NAN         NAN         NAN
 -1       117         NAN         NAN         NAN
 -1       118         NAN         NAN         NAN
 -1       119         NAN         NAN         NAN
 -1       120         NAN         NAN         NAN
 -1       121         NAN         NAN         NAN
 -1       122         NAN         NAN         NAN
 -1       123         NAN         NAN         NAN
 -1       124         NAN         NAN         NAN
 -1       125         NAN         NAN         NAN
 -1       126         NAN         NAN         NAN
 -1       127         NAN         NAN         NAN
 -1       128         NAN         NAN         NAN
 -1       129         NAN         NAN         NAN
 -1       130         NAN         NAN         NAN
 -1       131         NAN         NAN         NAN
 -1       132         NAN         NAN         NAN
 -1       133         NAN         NAN         NAN
 -1       134         NAN         NAN         NAN
 -1       135         NAN         NAN         NAN
 -1       136         NAN         NAN         NAN
 -1       137         NAN         NAN         NAN
 -1       138         NAN         NAN         NAN
 -1       139         NAN         NAN         NAN
 -1       140         NAN         NAN         NAN
 -1       141         NAN         NAN         NAN
 -1       142         NAN         NAN         NAN
 -1       143         NAN         NAN         NAN
 -1       144         NAN         NAN         NAN
 -1       145         NAN         NAN         NAN
 -1       146         NAN         NAN         NAN
 -1       147         NAN         NAN         NAN
 -1       148         NAN         NAN         NAN
 -1       149         NAN         NAN         NAN
 -1       150         NAN         NAN         NAN
 -1       151         NAN         NAN         NAN
 -1       152         NAN         NAN         NAN
 -1       153         NAN         NAN         NAN
 -1       154         NAN         NAN         NAN
 -1       155         NAN         NAN         NAN
 -1       156         NAN         NAN         NAN
 -1       157         NAN         NAN         NAN
 -1       158         NAN         NAN         NAN
 -1       159         NAN         NAN         NAN
 -1       160         NAN         NAN         NAN
 -1       161         NAN         NAN         NAN
 -1       162         NAN         NAN         NAN
 -1       163         NAN         NAN         NAN
 -1       164         NAN         NAN         NAN
 -1       165         NAN         NAN         NAN
 -1       166         NAN         NAN         NAN
 -1       167         NAN         NAN         NAN
 -1       168         NAN         NAN         NAN
 -1       169         NAN         NAN         NAN
 -1       170         NAN         NAN         NAN
 -1       171         NAN         NAN         NAN
 -1       172         NAN         NAN         NAN
 -1       173         NAN         NAN         NAN
 -1       174         NAN         NAN         NAN
 -1       175         NAN         NAN         NAN
 -1       176 0.00000E+00 0.00000E+00 0.00000E+00
 -1       177        -NAN        -NAN        -NAN
 -1       178        -NAN        -NAN        -NAN
 -1       179        -NAN        -NAN        -NAN
 -1       180        -NAN        -NAN        -NAN
 -1       181        -NAN        -NAN        -NAN
 -1       182        -NAN        -NAN        -NAN
 -1       183        -NAN        -NAN        -NAN
 -1       184        -NAN        -NAN        -NAN
 -1       185        -NAN        -NAN        -NAN
 -1       186        -NAN        -NAN        -NAN
 -1       187        -NAN        -NAN        -NAN
 -1       188        -NAN        -NAN        -NAN
 -1       189        -NAN        -NAN        -NAN
 -1       190        -NAN        -NAN        -NAN
 -1       191        -NAN        -NAN        -NAN
 -1       192        -NAN        -NAN        -NAN
 -1       193        -NAN        -NAN        -NAN
 -1       194        -NAN        -NAN        -NAN
 -1       195         NAN         NAN         NAN
 -1       196         NAN         NAN         NAN
 -1       197         NAN         NAN         NAN
 -1       198         NAN         NAN         NAN
 -1       199         NAN         NAN         NAN
 -1       200         NAN         NAN         NAN
 -1       201         NAN         NAN         NAN
 -1       202         NAN         NAN         NAN
 -1       203         NAN         NAN         NAN
 -1       320        -NAN        -NAN        -NAN
 -1       321        -NAN        -NAN        -NAN
 -1       322        -NAN        -NAN        -NAN
 -1       323 0.00000E+00        -NAN 0.00000E+00
 -1       324 0.00000E+00 0.00000E+00 0.00000E+00
 -1       325 0.00000E+00        -NAN 0.00000E+00
 -1       326        -NAN        -NAN        -NAN
 -1       327        -NAN        -NAN        -NAN
 -1       328        -NAN        -NAN        -NAN
 -1       329 0.00000E+00        -NAN 0.00000E+00
 -1       330 0.00000E+00 0.00000E+00 0.00000E+00
 -1       331 0.00000E+00        -NAN 0.00000E+00
 -1       332        -NAN        -NAN        -NAN
 -1       333        -NAN        -NAN        -NAN
 -1       334        -NAN        -NAN        -NAN
 -1       335        -NAN        -NAN        -NAN
 -1       336        -NAN        -NAN        -NAN
 -1       337        -NAN        -NAN        -NAN
 -1       338        -NAN        -NAN        -NAN
 -1       339        -NAN        -NAN        -NAN
 -1       340        -NAN        -NAN        -NAN
 -1       341        -NAN        -NAN        -NAN
 -1       342        -NAN        -NAN        -NAN
 -1       343        -NAN        -NAN        -NAN
 -1       344        -NAN        -NAN        -NAN
 -1       345        -NAN        -NAN        -NAN
 -1       346        -NAN        -NAN        -NAN
 -1       347        -NAN        -NAN        -NAN
 -1       348        -NAN        -NAN        -NAN
 -1       349        -NAN        -NAN        -NAN
 -1       350        -NAN        -NAN        -NAN
 -1       351        -NAN        -NAN        -NAN
 -1       352        -NAN        -NAN        -NAN
 -1       353        -NAN        -NAN        -NAN
 -1       354        -NAN        -NAN        -NAN
 -1       355        -NAN        -NAN        -NAN
 -1       356        -NAN        -NAN        -NAN
 -1       357        -NAN        -NAN        -NAN
 -1       358        -NAN        -NAN        -NAN
 -1       359        -NAN        -NAN        -NAN
 -1       361        -NAN        -NAN        -NAN
 -1       362        -NAN        -NAN        -NAN
 -1       364        -NAN        -NAN        -NAN
 -1       365        -NAN        -NAN        -NAN
 -1       367        -NAN        -NAN        -NAN
 -1       368        -NAN        -NAN        -NAN
 -1       370        -NAN        -NAN        -NAN
 -1       371        -NAN        -NAN        -NAN
 -1       373        -NAN        -NAN        -NAN
 -1       374        -NAN        -NAN        -NAN
 -1       376        -NAN        -NAN        -NAN
 -1       377        -NAN        -NAN        -NAN
 -1       379        -NAN        -NAN        -NAN
 -1       380        -NAN        -NAN        -NAN
 -1       382        -NAN        -NAN        -NAN
 -1       383        -NAN        -NAN        -NAN
 -1       385        -NAN        -NAN        -NAN
 -1       386        -NAN        -NAN        -NAN
 -1       388        -NAN        -NAN        -NAN
 -1       389        -NAN        -NAN        -NAN
 -1       391        -NAN        -NAN        -NAN
 -1       392        -NAN        -NAN        -NAN
 -1       393        -NAN        -NAN        -NAN
 -1       394        -NAN        -NAN        -NAN
 -1       395        -NAN        -NAN        -NAN
 -1       396        -NAN        -NAN        -NAN
 -1       397        -NAN        -NAN        -NAN
 -1       398        -NAN        -NAN        -NAN
 -1       399        -NAN        -NAN        -NAN
 -1       400        -NAN        -NAN        -NAN
 -1       401        -NAN        -NAN        -NAN
 -1       402        -NAN        -NAN        -NAN
 -1       403        -NAN        -NAN        -NAN
 -1       404        -NAN        -NAN        -NAN
 -1       405        -NAN        -NAN        -NAN
 -1       406        -NAN        -NAN        -NAN
 -1       407        -NAN        -NAN        -NAN
 -1       408        -NAN        -NAN        -NAN
 -1       409        -NAN        -NAN        -NAN
 -1       410        -NAN        -NAN        -NAN
 -1       411        -NAN        -NAN        -NAN
 -1       412        -NAN        -NAN        -NAN
 -1       413        -NAN        -NAN        -NAN
 -1       414        -NAN        -NAN        -NAN
 -1       415        -NAN        -NAN        -NAN
 -1       416        -NAN        -NAN        -NAN
 -1       417        -NAN        -NAN        -NAN
 -1       418        -NAN        -NAN        -NAN
 -1       419        -NAN        -NAN        -NAN
 -1       421        -NAN        -NAN        -NAN
 -1       422        -NAN        -NAN        -NAN
 -1       424        -NAN        -NAN        -NAN
 -1       425        -NAN        -NAN        -NAN
 -1       427        -NAN        -NAN        -NAN
 -1       428        -NAN        -NAN        -NAN
 -1       430        -NAN        -NAN        -NAN
 -1       431        -NAN        -NAN        -NAN
 -1       433        -NAN        -NAN        -NAN
 -1       434        -NAN        -NAN        -NAN
 -1       436        -NAN        -NAN        -NAN
 -1       437        -NAN        -NAN        -NAN
 -1       439        -NAN        -NAN        -NAN
 -1       440        -NAN        -NAN        -NAN
 -1       442        -NAN        -NAN        -NAN
 -1       443        -NAN        -NAN        -NAN
 -1       445        -NAN        -NAN        -NAN
 -1       446        -NAN        -NAN        -NAN
 -1       448        -NAN        -NAN        -NAN
 -1       449 0.00000E+00        -NAN 0.00000E+00
 -1       451 0.00000E+00        -NAN 0.00000E+00
 -1       452        -NAN        -NAN        -NAN
 -1       454        -NAN        -NAN        -NAN
 -1       455        -NAN        -NAN        -NAN
 -1       457        -NAN        -NAN        -NAN
 -1       458        -NAN        -NAN        -NAN
 -1       460        -NAN        -NAN        -NAN
 -1       461        -NAN        -NAN        -NAN
 -1       463        -NAN        -NAN        -NAN
 -1       464        -NAN        -NAN        -NAN
 -1       466        -NAN        -NAN        -NAN
 -1       467        -NAN        -NAN        -NAN
 -1       469        -NAN        -NAN        -NAN
 -1       470        -NAN        -NAN        -NAN
 -1       472        -NAN        -NAN        -NAN
 -1       473        -NAN        -NAN        -NAN
 -1       475        -NAN        -NAN        -NAN
 -1       476        -NAN        -NAN        -NAN
 -1       478        -NAN        -NAN        -NAN
 -1       479        -NAN        -NAN        -NAN
 -1       480        -NAN        -NAN        -NAN
 -1       481        -NAN        -NAN        -NAN
 -1       482 0.00000E+00        -NAN 0.00000E+00
 -1       483 0.00000E+00 0.00000E+00 0.00000E+00
 -1       484 0.00000E+00        -NAN 0.00000E+00
 -1       485        -NAN        -NAN        -NAN
 -1       486        -NAN        -NAN        -NAN
 -1       487        -NAN        -NAN        -NAN
 -1       488 0.00000E+00        -NAN 0.00000E+00
 -1       489 0.00000E+00 0.00000E+00 0.00000E+00
 -1       490 0.00000E+00        -NAN 0.00000E+00
 -1       491        -NAN        -NAN        -NAN
 -1       492        -NAN        -NAN        -NAN
 -1       493        -NAN        -NAN        -NAN
 -1       494        -NAN        -NAN        -NAN
 -1       495        -NAN        -NAN        -NAN
 -1       496        -NAN        -NAN        -NAN
 -1       497        -NAN        -NAN        -NAN
 -1       498        -NAN        -NAN        -NAN
 -1       499        -NAN        -NAN        -NAN
 -1       500        -NAN        -NAN        -NAN
 -1       501        -NAN        -NAN        -NAN
 -1       502        -NAN        -NAN        -NAN
 -1       503        -NAN        -NAN        -NAN
 -1       504        -NAN        -NAN        -NAN
 -1       505        -NAN        -NAN        -NAN
 -1       506        -NAN        -NAN        -NAN
 -1       507        -NAN        -NAN        -NAN
 -1       508        -NAN        -NAN        -NAN
 -1       509        -NAN        -NAN        -NAN
 -1       510        -NAN        -NAN        -NAN
 -1       511        -NAN        -NAN        -NAN
 -1       512        -NAN        -NAN        -NAN
 -1       513        -NAN        -NAN        -NAN
 -1       514        -NAN        -NAN        -NAN
 -1       515        -NAN        -NAN        -NAN
 -1       516        -NAN        -NAN        -NAN
 -1       517        -NAN        -NAN        -NAN
 -1       518        -NAN        -NAN        -NAN
 -1       520        -NAN        -NAN        -NAN
 -1       521        -NAN        -NAN        -NAN
 -1       523        -NAN        -NAN        -NAN
 -1       524        -NAN        -NAN        -NAN
 -1       526        -NAN        -NAN        -NAN
 -1       527        -NAN        -NAN        -NAN
 -1       529        -NAN        -NAN        -NAN
 -1       530        -NAN        -NAN        -NAN
 -1       532        -NAN        -NAN        -NAN
 -1       533        -NAN        -NAN        -NAN
 -1       535        -NAN        -NAN        -NAN
 -1       536        -NAN        -NAN        -NAN
 -1       538        -NAN        -NAN        -NAN
 -1       539        -NAN        -NAN        -NAN
 -1       541        -NAN        -NAN        -NAN
 -1       542        -NAN        -NAN        -NAN
 -1       544        -NAN        -NAN        -NAN
 -1       545        -NAN        -NAN        -NAN
 -1       547        -NAN        -NAN        -NAN
 -1       548        -NAN        -NAN        -NAN
 -1       550        -NAN        -NAN        -NAN
 -1       551        -NAN        -NAN        -NAN
 -1       552        -NAN        -NAN        -NAN
 -1       553        -NAN        -NAN        -NAN
 -1       554        -NAN        -NAN        -NAN
 -1       555        -NAN        -NAN        -NAN
 -1       556        -NAN        -NAN        -NAN
 -1       557        -NAN        -NAN        -NAN
 -1       558        -NAN        -NAN        -NAN
 -1       559        -NAN        -NAN        -NAN
 -1       560        -NAN        -NAN        -NAN
 -1       561        -NAN        -NAN        -NAN
 -1       562        -NAN        -NAN        -NAN
 -1       563        -NAN        -NAN        -NAN
 -1       564        -NAN        -NAN        -NAN
 -1       565        -NAN        -NAN        -NAN
 -1       566        -NAN        -NAN        -NAN
 -1       567        -NAN        -NAN        -NAN
 -1       568        -NAN        -NAN        -NAN
 -1       569        -NAN        -NAN        -NAN
 -1       570        -NAN        -NAN        -NAN
 -1       571        -NAN        -NAN        -NAN
 -1       572        -NAN        -NAN        -NAN
 -1       573        -NAN        -NAN        -NAN
 -1       574        -NAN        -NAN        -NAN
 -1       575        -NAN        -NAN        -NAN
 -1       576        -NAN        -NAN        -NAN
 -1       577        -NAN        -NAN        -NAN
 -1       578        -NAN        -NAN        -NAN
 -1       580        -NAN        -NAN        -NAN
 -1       581        -NAN        -NAN        -NAN
 -1       583        -NAN        -NAN        -NAN
 -1       584        -NAN        -NAN        -NAN
 -1       586        -NAN        -NAN        -NAN
 -1       587        -NAN        -NAN        -NAN
 -1       589        -NAN        -NAN        -NAN
 -1       590        -NAN        -NAN        -NAN
 -1       592        -NAN        -NAN        -NAN
 -1       593        -NAN        -NAN        -NAN
 -1       595        -NAN        -NAN        -NAN
 -1       596        -NAN        -NAN        -NAN
 -1       598        -NAN        -NAN        -NAN
 -1       599        -NAN        -NAN        -NAN
 -1       601        -NAN        -NAN        -NAN
 -1       602        -NAN        -NAN        -NAN
 -1       604        -NAN        -NAN        -NAN
 -1       605        -NAN        -NAN        -NAN
 -1       607        -NAN        -NAN        -NAN
 -1       608 0.00000E+00        -NAN 0.00000E+00
 -1       610 0.00000E+00        -NAN 0.00000E+00
 -1       611        -NAN        -NAN        -NAN
 -1       613        -NAN        -NAN        -NAN
 -1       614        -NAN        -NAN        -NAN
 -1       616        -NAN        -NAN        -NAN
 -1       617        -NAN        -NAN        -NAN
 -1       619        -NAN        -NAN        -NAN
 -1       620        -NAN        -NAN        -NAN
 -1       622        -NAN        -NAN        -NAN
 -1       623        -NAN        -NAN        -NAN
 -1       625        -NAN        -NAN        -NAN
 -1       626        -NAN        -NAN        -NAN
 -1       628        -NAN        -NAN        -NAN
 -1       629        -NAN        -NAN        -NAN
 -1       631        -NAN        -NAN        -NAN
 -1       632        -NAN        -NAN        -NAN
 -1       634        -NAN        -NAN        -NAN
 -1       635        -NAN        -NAN        -NAN
 -1       637        -NAN        -NAN        -NAN
 -3
    1PSTEP                         2           1           1          
  100CL  101 1.000000000         459                     0    1           1
 -4  STRESS      6    1
 -5  SXX         1    4    1    1
 -5  SYY         1    4    2    2
 -5  SZZ         1    4    3    3
 -5  SXY         1    4    1    2
 -5  SYZ         1    4    2    3
 -5  SZX         1    4    3    1
 -1         1        -NAN        -NAN        -NAN        -NAN        -NAN        -NAN
 -1         2         NAN         NAN         NAN         NAN         NAN         NAN
 -1         3         NAN         NAN         NAN         NAN         NAN         NAN
 -1         4        -NAN        -NAN        -NAN        -NAN        -NAN        -NAN
 -1         5         NAN         NAN         NAN         NAN         NAN         NAN
 -1         6        -NAN        -NAN        -NAN        -NAN        -NAN        -NAN
 -1         7         NAN         NAN         NAN         NAN         NAN         NAN
 -1         8        -NAN        -NAN        -NAN        -NAN        -NAN        -NAN
 -1         9        -NAN        -NAN        -NAN        -NAN        -NAN        -NAN
 -1        10        -NAN        -NAN        -NAN        -NAN        -NAN        -NAN
 -1        11         NAN         NAN         NAN         NAN         NAN         NAN
 -1        12         NAN         NAN         NAN         NAN         NAN         NAN
 -1        13         NAN         NAN         NAN         NAN         NAN         NAN
 -1        14         NAN         NAN         NAN         NAN         NAN         NAN
 -1        15         NAN         NAN         NAN         NAN         NAN         NAN
 -1        16         NAN         NAN         NAN         NAN         NAN         NAN
 -1        17         NAN         NAN         NAN         NAN         NAN         NAN
 -1        18         NAN         NAN         NAN         NAN         NAN         NAN
 -1        19         NAN         NAN         NAN         NAN         NAN         NAN
 -1        20         NAN         NAN         NAN         NAN         NAN         NAN
 -1        21         NAN         NAN         NAN         NAN         NAN         NAN
 -1        22         NAN         NAN         NAN         NAN         NAN         NAN
 -1        23         NAN         NAN         NAN         NAN         NAN         NAN
 -1        24         NAN         NAN         NAN         NAN         NAN         NAN
 -1        25         NAN         NAN         NAN         NAN         NAN         NAN
 -1        26         NAN         NAN         NAN         NAN         NAN         NAN
 -1        27         NAN         NAN         NAN         NAN         NAN         NAN
 -1        28         NAN         NAN         NAN         NAN         NAN         NAN
 -1        29         NAN         NAN         NAN         NAN         NAN         NAN
 -1        30         NAN         NAN         NAN         NAN         NAN         NAN
 -1        31        -NAN        -NAN        -NAN        -NAN        -NAN        -NAN
 -1        32        -NAN        -NAN        -NAN        -NAN        -NAN        -NAN
 -1        33         NAN         NAN         NAN         NAN         NAN         NAN
 -1        34        -NAN        -NAN        -NAN        -NAN        -NAN        -NAN
 -1        35        -NAN        -NAN        -NAN        -NAN        -NAN        -NAN
 -1        36        -NAN        -NAN        -NAN        -NAN        -NAN        -NAN
 -1        37        -NAN        -NAN        -NAN        -NAN        -NAN        -NAN
 -1        38        -NAN        -NAN        -NAN        -NAN        -NAN        -NAN
 -1        39        -NAN        -NAN        -NAN        -NAN        -NAN        -NAN
 -1        40        -NAN        -NAN        -NAN        -NAN        -NAN        -NAN
 -1        41        -NAN        -NAN        -NAN        -NAN        -NAN        -NAN
 -1        42        -NAN        -NAN        -NAN        -NAN        -NAN        -NAN
 -1        43        -NAN        -NAN        -NAN        -NAN        -NAN        -NAN
 -1        44        -NAN        -NAN        -NAN        -NAN        -NAN        -NAN
 -1        45        -NAN        -NAN        -NAN        -NAN        -NAN        -NAN
 -1        46        -NAN        -NAN        -NAN        -NAN        -NAN        -NAN
 -1        47        -NAN        -NAN        -NAN        -NAN        -NAN        -NAN
 -1        48        -NAN        -NAN        -NAN        -NAN        -NAN        -NAN
 -1        49        -NAN        -NAN        -NAN        -NAN        -NAN        -NAN
 -1        50        -NAN        -NAN        -NAN        -NAN        -NAN        -NAN
 -1        51        -NAN        -NAN        -NAN        -NAN        -NAN        -NAN
 -1        52        -NAN        -NAN        -NAN        -NAN        -NAN        -NAN
 -1        53         NAN         NAN         NAN         NAN         NAN         NAN
 -1        54        -NAN        -NAN        -NAN        -NAN        -NAN        -NAN
 -1        55        -NAN        -NAN        -NAN        -NAN        -NAN        -NAN
 -1        56         NAN         NAN         NAN         NAN         NAN         NAN
 -1        57        -NAN        -NAN        -NAN        -NAN        -NAN        -NAN
 -1        58         NAN         NAN         NAN         NAN         NAN         NAN
 -1        59         NAN         NAN         NAN         NAN         NAN         NAN
 -1        60         NAN         NAN         NAN         NAN         NAN         NAN
 -1        61         NAN         NAN         NAN         NAN         NAN         NAN
 -1        62         NAN         NAN         NAN         NAN         NAN         NAN
 -1        63         NAN         NAN         NAN         NAN         NAN         NAN
 -1        64         NAN         NAN         NAN         NAN         NAN         NAN
 -1        65         NAN         NAN         NAN         NAN         NAN         NAN
 -1        66         NAN         NAN         NAN         NAN         NAN         NAN
 -1        67         NAN         NAN         NAN         NAN         NAN         NAN
 -1        68         NAN         NAN         NAN         NAN         NAN         NAN
 -1        69         NAN         NAN         NAN         NAN         NAN         NAN
 -1        70         NAN         NAN         NAN         NAN         NAN         NAN
 -1        71         NAN         NAN         NAN         NAN         NAN         NAN
 -1        72         NAN         NAN         NAN         NAN         NAN         NAN
 -1        73         NAN         NAN         NAN         NAN         NAN         NAN
 -1        74         NAN         NAN         NAN         NAN         NAN         NAN
 -1        75         NAN         NAN         NAN         NAN         NAN         NAN
 -1        76         NAN         NAN         NAN         NAN         NAN         NAN
 -1        77        -NAN        -NAN        -NAN        -NAN        -NAN        -NAN
 -1        78        -NAN        -NAN        -NAN        -NAN        -NAN        -NAN
 -1        79         NAN         NAN         NAN         NAN         NAN         NAN
 -1        80        -NAN        -NAN        -NAN        -NAN        -NAN        -NAN
 -1        81        -NAN        -NAN        -NAN        -NAN        -NAN        -NAN
 -1        82        -NAN        -NAN        -NAN        -NAN        -NAN        -NAN
 -1        83        -NAN        -NAN        -NAN        -NAN        -NAN        -NAN
 -1        84        -NAN        -NAN        -NAN        -NAN        -NAN        -NAN
 -1        85        -NAN        -NAN        -NAN        -NAN        -NAN        -NAN
 -1        86        -NAN        -NAN        -NAN        -NAN        -NAN        -NAN
 -1        87        -NAN        -NAN        -NAN        -NAN        -NAN        -NAN
 -1        88        -NAN        -NAN        -NAN        -NAN        -NAN        -NAN
 -1        89        -NAN        -NAN        -NAN        -NAN        -NAN        -NAN
 -1        90        -NAN        -NAN        -NAN        -NAN        -NAN        -NAN
 -1        91        -NAN        -NAN        -NAN        -NAN        -NAN        -NAN
 -1        92        -NAN        -NAN        -NAN        -NAN        -NAN        -NAN
 -1        93        -NAN        -NAN        -NAN        -NAN        -NAN        -NAN
 -1        94        -NAN        -NAN        -NAN        -NAN        -NAN        -NAN
 -1        95        -NAN        -NAN        -NAN        -NAN        -NAN        -NAN
 -1        96        -NAN        -NAN        -NAN        -NAN        -NAN        -NAN
 -1        97        -NAN        -NAN        -NAN        -NAN        -NAN        -NAN
 -1        98        -NAN        -NAN        -NAN        -NAN        -NAN        -NAN
 -1        99         NAN         NAN         NAN         NAN         NAN         NAN
 -1       100        -NAN        -NAN        -NAN        -NAN        -NAN        -NAN
 -1       101        -NAN        -NAN        -NAN        -NAN        -NAN        -NAN
 -1       102        -NAN        -NAN        -NAN        -NAN        -NAN        -NAN
 -1       103        -NAN        -NAN        -NAN        -NAN        -NAN        -NAN
 -1       104        -NAN        -NAN        -NAN        -NAN        -NAN        -NAN
 -1       105        -NAN        -NAN        -NAN        -NAN        -NAN        -NAN
 -1       106        -NAN        -NAN        -NAN        -NAN        -NAN        -NAN
 -1       107        -NAN        -NAN        -NAN        -NAN        -NAN        -NAN
 -1       108        -NAN        -NAN        -NAN        -NAN        -NAN        -NAN
 -1       109        -NAN        -NAN        -NAN        -NAN        -NAN        -NAN
 -1       110        -NAN        -NAN        -NAN        -NAN        -NAN        -NAN
 -1       111        -NAN        -NAN        -NAN        -NAN        -NAN        -NAN
 -1       112        -NAN        -NAN        -NAN        -NAN        -NAN        -NAN
 -1       113        -NAN        -NAN        -NAN        -NAN        -NAN        -NAN
 -1       114        -NAN        -NAN        -NAN        -NAN        -NAN        -NAN
 -1       115        -NAN        -NAN        -NAN        -NAN        -NAN        -NAN
 -1       116        -NAN        -NAN        -NAN        -NAN        -NAN        -NAN
 -1       117        -NAN        -NAN        -NAN        -NAN        -NAN        -NAN
 -1       118        -NAN        -NAN        -NAN        -NAN        -NAN        -NAN
 -1       119        -NAN        -NAN        -NAN        -NAN        -NAN        -NAN
 -1       120        -NAN        -NAN        -NAN        -NAN        -NAN        -NAN
 -1       121        -NAN        -NAN        -NAN        -NAN        -NAN        -NAN
 -1       122        -NAN        -NAN        -NAN        -NAN        -NAN        -NAN
 -1       123        -NAN        -NAN        -NAN        -NAN        -NAN        -NAN
 -1       124        -NAN        -NAN        -NAN        -NAN        -NAN        -NAN
 -1       125        -NAN        -NAN        -NAN        -NAN        -NAN        -NAN
 -1       126        -NAN        -NAN        -NAN        -NAN        -NAN        -NAN
 -1       127        -NAN        -NAN        -NAN        -NAN        -NAN        -NAN
 -1       128        -NAN        -NAN        -NAN        -NAN        -NAN        -NAN
 -1       129         NAN         NAN         NAN         NAN         NAN         NAN
 -1       130         NAN         NAN         NAN         NAN         NAN         NAN
 -1       131         NAN         NAN         NAN         NAN         NAN         NAN
 -1       132         NAN         NAN         NAN         NAN         NAN         NAN
 -1       133         NAN         NAN         NAN         NAN         NAN         NAN
 -1       134         NAN         NAN         NAN         NAN         NAN         NAN
 -1       135         NAN         NAN         NAN         NAN         NAN         NAN
 -1       136         NAN         NAN         NAN         NAN         NAN         NAN
 -1       137         NAN         NAN         NAN         NAN         NAN         NAN
 -1       138        -NAN        -NAN        -NAN        -NAN        -NAN        -NAN
 -1       139        -NAN        -NAN        -NAN        -NAN        -NAN        -NAN
 -1       140        -NAN        -NAN        -NAN        -NAN        -NAN        -NAN
 -1       141        -NAN        -NAN        -NAN        -NAN        -NAN        -NAN
 -1       142        -NAN        -NAN        -NAN        -NAN        -NAN        -NAN
 -1       143        -NAN        -NAN        -NAN        -NAN        -NAN        -NAN
 -1       144        -NAN        -NAN        -NAN        -NAN        -NAN        -NAN
 -1       145        -NAN        -NAN        -NAN        -NAN        -NAN        -NAN
 -1       146        -NAN        -NAN        -NAN        -NAN        -NAN        -NAN
 -1       147        -NAN        -NAN        -NAN        -NAN        -NAN        -NAN
 -1       148        -NAN        -NAN        -NAN        -NAN        -NAN        -NAN
 -1       149        -NAN        -NAN        -NAN        -NAN        -NAN        -NAN
 -1       150        -NAN        -NAN        -NAN        -NAN        -NAN        -NAN
 -1       151        -NAN        -NAN        -NAN        -NAN        -NAN        -NAN
 -1       152        -NAN        -NAN        -NAN        -NAN        -NAN        -NAN
 -1       153        -NAN        -NAN        -NAN        -NAN        -NAN        -NAN
 -1       154        -NAN        -NAN        -NAN        -NAN        -NAN        -NAN
 -1       155        -NAN        -NAN        -NAN        -NAN        -NAN        -NAN
 -1       156        -NAN        -NAN        -NAN        -NAN        -NAN        -NAN
 -1       157        -NAN        -NAN        -NAN        -NAN        -NAN        -NAN
 -1       158        -NAN        -NAN        -NAN        -NAN        -NAN        -NAN
 -1       159        -NAN        -NAN        -NAN        -NAN        -NAN        -NAN
 -1       160        -NAN        -NAN        -NAN        -NAN        -NAN        -NAN
 -1       161        -NAN        -NAN        -NAN        -NAN        -NAN        -NAN
 -1       162        -NAN        -NAN        -NAN        -NAN        -NAN        -NAN
 -1       163        -NAN        -NAN        -NAN        -NAN        -NAN        -NAN
 -1       164        -NAN        -NAN        -NAN        -NAN        -NAN        -NAN
 -1       165        -NAN        -NAN        -NAN        -NAN        -NAN        -NAN
 -1       166        -NAN        -NAN        -NAN        -NAN        -NAN        -NAN
 -1       167         NAN         NAN         NAN         NAN         NAN         NAN
 -1       168         NAN         NAN         NAN         NAN         NAN         NAN
 -1       169         NAN         NAN         NAN         NAN         NAN         NAN
 -1       170         NAN         NAN         NAN         NAN         NAN         NAN
 -1       171         NAN         NAN         NAN         NAN         NAN         NAN
 -1       172         NAN         NAN         NAN         NAN         NAN         NAN
 -1       173         NAN         NAN         NAN         NAN         NAN         NAN
 -1       174         NAN         NAN         NAN         NAN         NAN         NAN
 -1       175         NAN         NAN         NAN         NAN         NAN         NAN
 -1       176        -NAN        -NAN        -NAN        -NAN        -NAN        -NAN
 -1       177        -NAN        -NAN        -NAN        -NAN        -NAN        -NAN
 -1       178        -NAN        -NAN        -NAN        -NAN        -NAN        -NAN
 -1       179        -NAN        -NAN        -NAN        -NAN        -NAN        -NAN
 -1       180        -NAN        -NAN        -NAN        -NAN        -NAN        -NAN
 -1       181        -NAN        -NAN        -NAN        -NAN        -NAN        -NAN
 -1       182        -NAN        -NAN        -NAN        -NAN        -NAN        -NAN
 -1       183        -NAN        -NAN        -NAN        -NAN        -NAN        -NAN
 -1       184        -NAN        -NAN        -NAN        -NAN        -NAN        -NAN
 -1       185        -NAN        -NAN        -NAN        -NAN        -NAN        -NAN
 -1       186         NAN         NAN         NAN         NAN         NAN         NAN
 -1       187         NAN         NAN         NAN         NAN         NAN         NAN
 -1       188         NAN         NAN         NAN         NAN         NAN         NAN
 -1       189         NAN         NAN         NAN         NAN         NAN         NAN
 -1       190         NAN         NAN         NAN         NAN         NAN         NAN
 -1       191         NAN         NAN         NAN         NAN         NAN         NAN
 -1       192         NAN         NAN         NAN         NAN         NAN         NAN
 -1       193         NAN         NAN         NAN         NAN         NAN         NAN
 -1       194         NAN         NAN         NAN         NAN         NAN         NAN
 -1       195        -NAN        -NAN        -NAN        -NAN        -NAN        -NAN
 -1       196        -NAN        -NAN        -NAN        -NAN        -NAN        -NAN
 -1       197        -NAN        -NAN        -NAN        -NAN        -NAN        -NAN
 -1       198        -NAN        -NAN        -NAN        -NAN        -NAN        -NAN
 -1       199        -NAN        -NAN        -NAN        -NAN        -NAN        -NAN
 -1       200        -NAN        -NAN        -NAN        -NAN        -NAN        -NAN
 -1       201        -NAN        -NAN        -NAN        -NAN        -NAN        -NAN
 -1       202        -NAN        -NAN        -NAN        -NAN        -NAN        -NAN
 -1       203        -NAN        -NAN        -NAN        -NAN        -NAN        -NAN
 -1       320        -NAN        -NAN        -NAN        -NAN        -NAN        -NAN
 -1       321        -NAN        -NAN        -NAN        -NAN        -NAN        -NAN
 -1       322        -NAN        -NAN        -NAN        -NAN        -NAN        -NAN
 -1       323        -NAN        -NAN        -NAN        -NAN        -NAN        -NAN
 -1       324        -NAN        -NAN        -NAN        -NAN        -NAN        -NAN
 -1       325        -NAN        -NAN        -NAN        -NAN        -NAN        -NAN
 -1       326        -NAN        -NAN        -NAN        -NAN        -NAN        -NAN
 -1       327        -NAN        -NAN        -NAN        -NAN        -NAN        -NAN
 -1       328        -NAN        -NAN        -NAN        -NAN        -NAN        -NAN
 -1       329        -NAN        -NAN        -NAN        -NAN        -NAN        -NAN
 -1       330        -NAN        -NAN        -NAN        -NAN        -NAN        -NAN
 -1       331        -NAN        -NAN        -NAN        -NAN        -NAN        -NAN
 -1       332        -NAN        -NAN        -NAN        -NAN        -NAN        -NAN
 -1       333        -NAN        -NAN        -NAN        -NAN        -NAN        -NAN
 -1       334        -NAN        -NAN        -NAN        -NAN        -NAN        -NAN
 -1       335        -NAN        -NAN        -NAN        -NAN        -NAN        -NAN
 -1       336        -NAN        -NAN        -NAN        -NAN        -NAN        -NAN
 -1       337        -NAN        -NAN        -NAN        -NAN        -NAN        -NAN
 -1       338        -NAN        -NAN        -NAN        -NAN        -NAN        -NAN
 -1       339        -NAN        -NAN        -NAN        -NAN        -NAN        -NAN
 -1       340        -NAN        -NAN        -NAN        -NAN        -NAN        -NAN
 -1       341        -NAN        -NAN        -NAN        -NAN        -NAN        -NAN
 -1       342        -NAN        -NAN        -NAN        -NAN        -NAN        -NAN
 -1       343        -NAN        -NAN        -NAN        -NAN        -NAN        -NAN
 -1       344        -NAN        -NAN        -NAN        -NAN        -NAN        -NAN
 -1       345        -NAN        -NAN        -NAN        -NAN        -NAN        -NAN
 -1       346        -NAN        -NAN        -NAN        -NAN        -NAN        -NAN
 -1       347        -NAN        -NAN        -NAN        -NAN        -NAN        -NAN
 -1       348        -NAN        -NAN        -NAN        -NAN        -NAN        -NAN
 -1       349        -NAN        -NAN        -NAN        -NAN        -NAN        -NAN
 -1       350        -NAN        -NAN        -NAN        -NAN        -NAN        -NAN
 -1       351        -NAN        -NAN        -NAN        -NAN        -NAN        -NAN
 -1       352        -NAN        -NAN        -NAN        -NAN        -NAN        -NAN
 -1       353        -NAN        -NAN        -NAN        -NAN        -NAN        -NAN
 -1       354        -NAN        -NAN        -NAN        -NAN        -NAN        -NAN
 -1       355        -NAN        -NAN        -NAN        -NAN        -NAN        -NAN
 -1       356        -NAN        -NAN        -NAN        -NAN        -NAN        -NAN
 -1       357        -NAN        -NAN        -NAN        -NAN        -NAN        -NAN
 -1       358        -NAN        -NAN        -NAN        -NAN        -NAN        -NAN
 -1       359        -NAN        -NAN        -NAN        -NAN        -NAN        -NAN
 -1       361        -NAN        -NAN        -NAN        -NAN        -NAN        -NAN
 -1       362        -NAN        -NAN        -NAN        -NAN        -NAN        -NAN
 -1       364        -NAN        -NAN        -NAN        -NAN        -NAN        -NAN
 -1       365        -NAN        -NAN        -NAN        -NAN        -NAN        -NAN
 -1       367        -NAN        -NAN        -NAN        -NAN        -NAN        -NAN
 -1       368        -NAN        -NAN        -NAN        -NAN        -NAN        -NAN
 -1       370        -NAN        -NAN        -NAN        -NAN        -NAN        -NAN
 -1       371        -NAN        -NAN        -NAN        -NAN        -NAN        -NAN
 -1       373        -NAN        -NAN        -NAN        -NAN        -NAN        -NAN
 -1       374        -NAN        -NAN        -NAN        -NAN        -NAN        -NAN
 -1       376        -NAN        -NAN        -NAN        -NAN        -NAN        -NAN
 -1       377        -NAN        -NAN        -NAN        -NAN        -NAN        -NAN
 -1       379        -NAN        -NAN        -NAN        -NAN        -NAN        -NAN
 -1       380        -NAN        -NAN        -NAN        -NAN        -NAN        -NAN
 -1       382        -NAN        -NAN        -NAN        -NAN        -NAN        -NAN
 -1       383        -NAN        -NAN        -NAN        -NAN        -NAN        -NAN
 -1       385        -NAN        -NAN        -NAN        -NAN        -NAN        -NAN
 -1       386        -NAN        -NAN        -NAN        -NAN        -NAN        -NAN
 -1       388        -NAN        -NAN        -NAN        -NAN        -NAN        -NAN
 -1       389        -NAN        -NAN        -NAN        -NAN        -NAN        -NAN
 -1       391        -NAN        -NAN        -NAN        -NAN        -NAN        -NAN
 -1       392        -NAN        -NAN        -NAN        -NAN        -NAN        -NAN
 -1       393        -NAN        -NAN        -NAN        -NAN        -NAN        -NAN
 -1       394        -NAN        -NAN        -NAN        -NAN        -NAN        -NAN
 -1       395        -NAN        -NAN        -NAN        -NAN        -NAN        -NAN
 -1       396        -NAN        -NAN        -NAN        -NAN        -NAN        -NAN
 -1       397        -NAN        -NAN        -NAN        -NAN        -NAN        -NAN
 -1       398        -NAN        -NAN        -NAN        -NAN        -NAN        -NAN
 -1       399        -NAN        -NAN        -NAN        -NAN        -NAN        -NAN
 -1       400        -NAN        -NAN        -NAN        -NAN        -NAN        -NAN
 -1       401        -NAN        -NAN        -NAN        -NAN        -NAN        -NAN
 -1       402        -NAN        -NAN        -NAN        -NAN        -NAN        -NAN
 -1       403        -NAN        -NAN        -NAN        -NAN        -NAN        -NAN
 -1       404        -NAN        -NAN        -NAN        -NAN        -NAN        -NAN
 -1       405        -NAN        -NAN        -NAN        -NAN        -NAN        -NAN
 -1       406        -NAN        -NAN        -NAN        -NAN        -NAN        -NAN
 -1       407        -NAN        -NAN        -NAN        -NAN        -NAN        -NAN
 -1       408        -NAN        -NAN        -NAN        -NAN        -NAN        -NAN
 -1       409        -NAN        -NAN        -NAN        -NAN        -NAN        -NAN
 -1       410        -NAN        -NAN        -NAN        -NAN        -NAN        -NAN
 -1       411        -NAN        -NAN        -NAN        -NAN        -NAN        -NAN
 -1       412        -NAN        -NAN        -NAN        -NAN        -NAN        -NAN
 -1       413        -NAN        -NAN        -NAN        -NAN        -NAN        -NAN
 -1       414        -NAN        -NAN        -NAN        -NAN        -NAN        -NAN
 -1       415        -NAN        -NAN        -NAN        -NAN        -NAN        -NAN
 -1       416        -NAN        -NAN        -NAN        -NAN        -NAN        -NAN
 -1       417        -NAN        -NAN        -NAN        -NAN        -NAN        -NAN
 -1       418        -NAN        -NAN        -NAN        -NAN        -NAN        -NAN
 -1       419        -NAN        -NAN        -NAN        -NAN        -NAN        -NAN
 -1       421        -NAN        -NAN        -NAN        -NAN        -NAN        -NAN
 -1       422        -NAN        -NAN        -NAN        -NAN        -NAN        -NAN
 -1       424        -NAN        -NAN        -NAN        -NAN        -NAN        -NAN
 -1       425        -NAN        -NAN        -NAN        -NAN        -NAN        -NAN
 -1       427        -NAN        -NAN        -NAN        -NAN        -NAN        -NAN
 -1       428        -NAN        -NAN        -NAN        -NAN        -NAN        -NAN
 -1       430        -NAN        -NAN        -NAN        -NAN        -NAN        -NAN
 -1       431        -NAN        -NAN        -NAN        -NAN        -NAN        -NAN
 -1       433        -NAN        -NAN        -NAN        -NAN        -NAN        -NAN
 -1       434        -NAN        -NAN        -NAN        -NAN        -NAN        -NAN
 -1       436        -NAN        -NAN        -NAN        -NAN        -NAN        -NAN
 -1       437        -NAN        -NAN        -NAN        -NAN        -NAN        -NAN
 -1       439        -NAN        -NAN        -NAN        -NAN        -NAN        -NAN
 -1       440        -NAN        -NAN        -NAN        -NAN        -NAN        -NAN
 -1       442        -NAN        -NAN        -NAN        -NAN        -NAN        -NAN
 -1       443        -NAN        -NAN        -NAN        -NAN        -NAN        -NAN
 -1       445        -NAN        -NAN        -NAN        -NAN        -NAN        -NAN
 -1       446        -NAN        -NAN        -NAN        -NAN        -NAN        -NAN
 -1       448        -NAN        -NAN        -NAN        -NAN        -NAN        -NAN
 -1       449        -NAN        -NAN        -NAN        -NAN        -NAN        -NAN
 -1       451        -NAN        -NAN        -NAN        -NAN        -NAN        -NAN
 -1       452        -NAN        -NAN        -NAN        -NAN        -NAN        -NAN
 -1       454        -NAN        -NAN        -NAN        -NAN        -NAN        -NAN
 -1       455        -NAN        -NAN        -NAN        -NAN        -NAN        -NAN
 -1       457        -NAN        -NAN        -NAN        -NAN        -NAN        -NAN
 -1       458        -NAN        -NAN        -NAN        -NAN        -NAN        -NAN
 -1       460        -NAN        -NAN        -NAN        -NAN        -NAN        -NAN
 -1       461        -NAN        -NAN        -NAN        -NAN        -NAN        -NAN
 -1       463        -NAN        -NAN        -NAN        -NAN        -NAN        -NAN
 -1       464        -NAN        -NAN        -NAN        -NAN        -NAN        -NAN
 -1       466        -NAN        -NAN        -NAN        -NAN        -NAN        -NAN
 -1       467        -NAN        -NAN        -NAN        -NAN        -NAN        -NAN
 -1       469        -NAN        -NAN        -NAN        -NAN        -NAN        -NAN
 -1       470        -NAN        -NAN        -NAN        -NAN        -NAN        -NAN
 -1       472        -NAN        -NAN        -NAN        -NAN        -NAN        -NAN
 -1       473        -NAN        -NAN        -NAN        -NAN        -NAN        -NAN
 -1       475        -NAN        -NAN        -NAN        -NAN        -NAN        -NAN
 -1       476        -NAN        -NAN        -NAN        -NAN        -NAN        -NAN
 -1       478        -NAN        -NAN        -NAN        -NAN        -NAN        -NAN
 -1       479        -NAN        -NAN        -NAN        -NAN        -NAN        -NAN
 -1       480        -NAN        -NAN        -NAN        -NAN        -NAN        -NAN
 -1       481        -NAN        -NAN        -NAN        -NAN        -NAN        -NAN
 -1       482        -NAN        -NAN        -NAN        -NAN        -NAN        -NAN
 -1       483        -NAN        -NAN        -NAN        -NAN        -NAN        -NAN
 -1       484        -NAN        -NAN        -NAN        -NAN        -NAN        -NAN
 -1       485        -NAN        -NAN        -NAN        -NAN        -NAN        -NAN
 -1       486        -NAN        -NAN        -NAN        -NAN        -NAN        -NAN
 -1       487        -NAN        -NAN        -NAN        -NAN        -NAN        -NAN
 -1       488        -NAN        -NAN        -NAN        -NAN        -NAN        -NAN
 -1       489        -NAN        -NAN        -NAN        -NAN        -NAN        -NAN
 -1       490        -NAN        -NAN        -NAN        -NAN        -NAN        -NAN
 -1       491        -NAN        -NAN        -NAN        -NAN        -NAN        -NAN
 -1       492        -NAN        -NAN        -NAN        -NAN        -NAN        -NAN
 -1       493        -NAN        -NAN        -NAN        -NAN        -NAN        -NAN
 -1       494        -NAN        -NAN        -NAN        -NAN        -NAN        -NAN
 -1       495        -NAN        -NAN        -NAN        -NAN        -NAN        -NAN
 -1       496        -NAN        -NAN        -NAN        -NAN        -NAN        -NAN
 -1       497        -NAN        -NAN        -NAN        -NAN        -NAN        -NAN
 -1       498        -NAN        -NAN        -NAN        -NAN        -NAN        -NAN
 -1       499        -NAN        -NAN        -NAN        -NAN        -NAN        -NAN
 -1       500        -NAN        -NAN        -NAN        -NAN        -NAN        -NAN
 -1       501        -NAN        -NAN        -NAN        -NAN        -NAN        -NAN
 -1       502        -NAN        -NAN        -NAN        -NAN        -NAN        -NAN
 -1       503        -NAN        -NAN        -NAN        -NAN        -NAN        -NAN
 -1       504        -NAN        -NAN        -NAN        -NAN        -NAN        -NAN
 -1       505        -NAN        -NAN        -NAN        -NAN        -NAN        -NAN
 -1       506        -NAN        -NAN        -NAN        -NAN        -NAN        -NAN
 -1       507        -NAN        -NAN        -NAN        -NAN        -NAN        -NAN
 -1       508        -NAN        -NAN        -NAN        -NAN        -NAN        -NAN
 -1       509        -NAN        -NAN        -NAN        -NAN        -NAN        -NAN
 -1       510        -NAN        -NAN        -NAN        -NAN        -NAN        -NAN
 -1       511        -NAN        -NAN        -NAN        -NAN        -NAN        -NAN
 -1       512        -NAN        -NAN        -NAN        -NAN        -NAN        -NAN
 -1       513        -NAN        -NAN        -NAN        -NAN        -NAN        -NAN
 -1       514        -NAN        -NAN        -NAN        -NAN        -NAN        -NAN
 -1       515        -NAN        -NAN        -NAN        -NAN        -NAN        -NAN
 -1       516        -NAN        -NAN        -NAN        -NAN        -NAN        -NAN
 -1       517        -NAN        -NAN        -NAN        -NAN        -NAN        -NAN
 -1       518        -NAN        -NAN        -NAN        -NAN        -NAN        -NAN
 -1       520        -NAN        -NAN        -NAN        -NAN        -NAN        -NAN
 -1       521        -NAN        -NAN        -NAN        -NAN        -NAN        -NAN
 -1       523        -NAN        -NAN        -NAN        -NAN        -NAN        -NAN
 -1       524        -NAN        -NAN        -NAN        -NAN        -NAN        -NAN
 -1       526        -NAN        -NAN        -NAN        -NAN        -NAN        -NAN
 -1       527        -NAN        -NAN        -NAN        -NAN        -NAN        -NAN
 -1       529        -NAN        -NAN        -NAN        -NAN        -NAN        -NAN
 -1       530        -NAN        -NAN        -NAN        -NAN        -NAN        -NAN
 -1       532        -NAN        -NAN        -NAN        -NAN        -NAN        -NAN
 -1       533        -NAN        -NAN        -NAN        -NAN        -NAN        -NAN
 -1       535        -NAN        -NAN        -NAN        -NAN        -NAN        -NAN
 -1       536        -NAN        -NAN        -NAN        -NAN        -NAN        -NAN
 -1       538        -NAN        -NAN        -NAN        -NAN        -NAN        -NAN
 -1       539        -NAN        -NAN        -NAN        -NAN        -NAN        -NAN
 -1       541        -NAN        -NAN        -NAN        -NAN        -NAN        -NAN
 -1       542        -NAN        -NAN        -NAN        -NAN        -NAN        -NAN
 -1       544        -NAN        -NAN        -NAN        -NAN        -NAN        -NAN
 -1       545        -NAN        -NAN        -NAN        -NAN        -NAN        -NAN
 -1       547        -NAN        -NAN        -NAN        -NAN        -NAN        -NAN
 -1       548        -NAN        -NAN        -NAN        -NAN        -NAN        -NAN
 -1       550        -NAN        -NAN        -NAN        -NAN        -NAN        -NAN
 -1       551        -NAN        -NAN        -NAN        -NAN        -NAN        -NAN
 -1       552        -NAN        -NAN        -NAN        -NAN        -NAN        -NAN
 -1       553        -NAN        -NAN        -NAN        -NAN        -NAN        -NAN
 -1       554        -NAN        -NAN        -NAN        -NAN        -NAN        -NAN
 -1       555        -NAN        -NAN        -NAN        -NAN        -NAN        -NAN
 -1       556        -NAN        -NAN        -NAN        -NAN        -NAN        -NAN
 -1       557        -NAN        -NAN        -NAN        -NAN        -NAN        -NAN
 -1       558        -NAN        -NAN        -NAN        -NAN        -NAN        -NAN
 -1       559        -NAN        -NAN        -NAN        -NAN        -NAN        -NAN
 -1       560        -NAN        -NAN        -NAN        -NAN        -NAN        -NAN
 -1       561        -NAN        -NAN        -NAN        -NAN        -NAN        -NAN
 -1       562        -NAN        -NAN        -NAN        -NAN        -NAN        -NAN
 -1       563        -NAN        -NAN        -NAN        -NAN        -NAN        -NAN
 -1       564        -NAN        -NAN        -NAN        -NAN        -NAN        -NAN
 -1       565        -NAN        -NAN        -NAN        -NAN        -NAN        -NAN
 -1       566        -NAN        -NAN        -NAN        -NAN        -NAN        -NAN
 -1       567        -NAN        -NAN        -NAN        -NAN        -NAN        -NAN
 -1       568        -NAN        -NAN        -NAN        -NAN        -NAN        -NAN
 -1       569        -NAN        -NAN        -NAN        -NAN        -NAN        -NAN
 -1       570        -NAN        -NAN        -NAN        -NAN        -NAN        -NAN
 -1       571        -NAN        -NAN        -NAN        -NAN        -NAN        -NAN
 -1       572        -NAN        -NAN        -NAN        -NAN        -NAN        -NAN
 -1       573        -NAN        -NAN        -NAN        -NAN        -NAN        -NAN
 -1       574        -NAN        -NAN        -NAN        -NAN        -NAN        -NAN
 -1       575        -NAN        -NAN        -NAN        -NAN        -NAN        -NAN
 -1       576        -NAN        -NAN        -NAN        -NAN        -NAN        -NAN
 -1       577        -NAN        -NAN        -NAN        -NAN        -NAN        -NAN
 -1       578        -NAN        -NAN        -NAN        -NAN        -NAN        -NAN
 -1       580        -NAN        -NAN        -NAN        -NAN        -NAN        -NAN
 -1       581        -NAN        -NAN        -NAN        -NAN        -NAN        -NAN
 -1       583        -NAN        -NAN        -NAN        -NAN        -NAN        -NAN
 -1       584        -NAN        -NAN        -NAN        -NAN        -NAN        -NAN
 -1       586        -NAN        -NAN        -NAN        -NAN        -NAN        -NAN
 -1       587        -NAN        -NAN        -NAN        -NAN        -NAN        -NAN
 -1       589        -NAN        -NAN        -NAN        -NAN        -NAN        -NAN
 -1       590        -NAN        -NAN        -NAN        -NAN        -NAN        -NAN
 -1       592        -NAN        -NAN        -NAN        -NAN        -NAN        -NAN
 -1       593        -NAN        -NAN        -NAN        -NAN        -NAN        -NAN
 -1       595        -NAN        -NAN        -NAN        -NAN        -NAN        -NAN
 -1       596        -NAN        -NAN        -NAN        -NAN        -NAN        -NAN
 -1       598        -NAN        -NAN        -NAN        -NAN        -NAN        -NAN
 -1       599        -NAN        -NAN        -NAN        -NAN        -NAN        -NAN
 -1       601        -NAN        -NAN        -NAN        -NAN        -NAN        -NAN
 -1       602        -NAN        -NAN        -NAN        -NAN        -NAN        -NAN
 -1       604        -NAN        -NAN        -NAN        -NAN        -NAN        -NAN
 -1       605        -NAN        -NAN        -NAN        -NAN        -NAN        -NAN
 -1       607        -NAN        -NAN        -NAN        -NAN        -NAN        -NAN
 -1       608        -NAN        -NAN        -NAN        -NAN        -NAN        -NAN
 -1       610        -NAN        -NAN        -NAN        -NAN        -NAN        -NAN
 -1       611        -NAN        -NAN        -NAN        -NAN        -NAN        -NAN
 -1       613        -NAN        -NAN        -NAN        -NAN        -NAN        -NAN
 -1       614        -NAN        -NAN        -NAN        -NAN        -NAN        -NAN
 -1       616        -NAN        -NAN        -NAN        -NAN        -NAN        -NAN
 -1       617        -NAN        -NAN        -NAN        -NAN        -NAN        -NAN
 -1       619        -NAN        -NAN        -NAN        -NAN        -NAN        -NAN
 -1       620        -NAN        -NAN        -NAN        -NAN        -NAN        -NAN
 -1       622        -NAN        -NAN        -NAN        -NAN        -NAN        -NAN
 -1       623        -NAN        -NAN        -NAN        -NAN        -NAN        -NAN
 -1       625        -NAN        -NAN        -NAN        -NAN        -NAN        -NAN
 -1       626        -NAN        -NAN        -NAN        -NAN        -NAN        -NAN
 -1       628        -NAN        -NAN        -NAN        -NAN        -NAN        -NAN
 -1       629        -NAN        -NAN        -NAN        -NAN        -NAN        -NAN
 -1       631        -NAN        -NAN        -NAN        -NAN        -NAN        -NAN
 -1       632        -NAN        -NAN        -NAN        -NAN        -NAN        -NAN
 -1       634        -NAN        -NAN        -NAN        -NAN        -NAN        -NAN
 -1       635        -NAN        -NAN        -NAN        -NAN        -NAN        -NAN
 -1       637        -NAN        -NAN        -NAN        -NAN        -NAN        -NAN
 -3
    1PSTEP                         3           1           1          
  100CL  101 1.000000000         459                     0    1           1
 -4  TOSTRAIN    6    1
 -5  EXX         1    4    1    1
 -5  EYY         1    4    2    2
 -5  EZZ         1    4    3    3
 -5  EXY         1    4    1    2
 -5  EYZ         1    4    2    3
 -5  EZX         1    4    3    1
 -1         1        -NAN        -NAN        -NAN        -NAN        -NAN        -NAN
 -1         2         NAN         NAN         NAN         NAN         NAN         NAN
 -1         3         NAN         NAN         NAN         NAN         NAN         NAN
 -1         4        -NAN        -NAN        -NAN        -NAN        -NAN        -NAN
 -1         5         NAN         NAN         NAN         NAN         NAN         NAN
 -1         6        -NAN        -NAN        -NAN        -NAN        -NAN        -NAN
 -1         7         NAN         NAN         NAN         NAN         NAN         NAN
 -1         8        -NAN        -NAN        -NAN        -NAN        -NAN        -NAN
 -1         9        -NAN        -NAN        -NAN        -NAN        -NAN        -NAN
 -1        10        -NAN        -NAN        -NAN        -NAN        -NAN        -NAN
 -1        11         NAN         NAN         NAN         NAN         NAN         NAN
 -1        12         NAN         NAN         NAN         NAN         NAN         NAN
 -1        13         NAN         NAN         NAN         NAN         NAN         NAN
 -1        14         NAN         NAN         NAN         NAN         NAN         NAN
 -1        15         NAN         NAN         NAN         NAN         NAN         NAN
 -1        16         NAN         NAN         NAN         NAN         NAN         NAN
 -1        17         NAN         NAN         NAN         NAN         NAN         NAN
 -1        18         NAN         NAN         NAN         NAN         NAN         NAN
 -1        19         NAN         NAN         NAN         NAN         NAN         NAN
 -1        20         NAN         NAN         NAN         NAN         NAN         NAN
 -1        21         NAN         NAN         NAN         NAN         NAN         NAN
 -1        22         NAN         NAN         NAN         NAN         NAN         NAN
 -1        23         NAN         NAN         NAN         NAN         NAN         NAN
 -1        24         NAN         NAN         NAN         NAN         NAN         NAN
 -1        25         NAN         NAN         NAN         NAN         NAN         NAN
 -1        26         NAN         NAN         NAN         NAN         NAN         NAN
 -1        27         NAN         NAN         NAN         NAN         NAN         NAN
 -1        28         NAN         NAN         NAN         NAN         NAN         NAN
 -1        29         NAN         NAN         NAN         NAN         NAN         NAN
 -1        30         NAN         NAN         NAN         NAN         NAN         NAN
 -1        31        -NAN        -NAN        -NAN        -NAN        -NAN        -NAN
 -1        32        -NAN        -NAN        -NAN        -NAN        -NAN        -NAN
 -1        33         NAN         NAN         NAN         NAN         NAN         NAN
 -1        34        -NAN        -NAN        -NAN        -NAN        -NAN        -NAN
 -1        35        -NAN        -NAN        -NAN        -NAN        -NAN        -NAN
 -1        36        -NAN        -NAN        -NAN        -NAN        -NAN        -NAN
 -1        37        -NAN        -NAN        -NAN        -NAN        -NAN        -NAN
 -1        38        -NAN        -NAN        -NAN        -NAN        -NAN        -NAN
 -1        39        -NAN        -NAN        -NAN        -NAN        -NAN        -NAN
 -1        40        -NAN        -NAN        -NAN        -NAN        -NAN        -NAN
 -1        41        -NAN        -NAN        -NAN        -NAN        -NAN        -NAN
 -1        42        -NAN        -NAN        -NAN        -NAN        -NAN        -NAN
 -1        43        -NAN        -NAN        -NAN        -NAN        -NAN        -NAN
 -1        44        -NAN        -NAN        -NAN        -NAN        -NAN        -NAN
 -1        45        -NAN        -NAN        -NAN        -NAN        -NAN        -NAN
 -1        46        -NAN        -NAN        -NAN        -NAN        -NAN        -NAN
 -1        47        -NAN        -NAN        -NAN        -NAN        -NAN        -NAN
 -1        48        -NAN        -NAN        -NAN        -NAN        -NAN        -NAN
 -1        49        -NAN        -NAN        -NAN        -NAN        -NAN        -NAN
 -1        50        -NAN        -NAN        -NAN        -NAN        -NAN        -NAN
 -1        51        -NAN        -NAN        -NAN        -NAN        -NAN        -NAN
 -1        52        -NAN        -NAN        -NAN        -NAN        -NAN        -NAN
 -1        53         NAN         NAN         NAN         NAN         NAN         NAN
 -1        54        -NAN        -NAN        -NAN        -NAN        -NAN        -NAN
 -1        55        -NAN        -NAN        -NAN        -NAN        -NAN        -NAN
 -1        56         NAN         NAN         NAN         NAN         NAN         NAN
 -1        57        -NAN        -NAN        -NAN        -NAN        -NAN        -NAN
 -1        58         NAN         NAN         NAN         NAN         NAN         NAN
 -1        59         NAN         NAN         NAN         NAN         NAN         NAN
 -1        60         NAN         NAN         NAN         NAN         NAN         NAN
 -1        61         NAN         NAN         NAN         NAN         NAN         NAN
 -1        62         NAN         NAN         NAN         NAN         NAN         NAN
 -1        63         NAN         NAN         NAN         NAN         NAN         NAN
 -1        64         NAN         NAN         NAN         NAN         NAN         NAN
 -1        65         NAN         NAN         NAN         NAN         NAN         NAN
 -1        66         NAN         NAN         NAN         NAN         NAN         NAN
 -1        67         NAN         NAN         NAN         NAN         NAN         NAN
 -1        68         NAN         NAN         NAN         NAN         NAN         NAN
 -1        69         NAN         NAN         NAN         NAN         NAN         NAN
 -1        70         NAN         NAN         NAN         NAN         NAN         NAN
 -1        71         NAN         NAN         NAN         NAN         NAN         NAN
 -1        72         NAN         NAN         NAN         NAN         NAN         NAN
 -1        73         NAN         NAN         NAN         NAN         NAN         NAN
 -1        74         NAN         NAN         NAN         NAN         NAN         NAN
 -1        75         NAN         NAN         NAN         NAN         NAN         NAN
 -1        76         NAN         NAN         NAN         NAN         NAN         NAN
 -1        77        -NAN        -NAN        -NAN        -NAN        -NAN        -NAN
 -1        78        -NAN        -NAN        -NAN        -NAN        -NAN        -NAN
 -1        79         NAN         NAN         NAN         NAN         NAN         NAN
 -1        80        -NAN        -NAN        -NAN        -NAN        -NAN        -NAN
 -1        81        -NAN        -NAN        -NAN        -NAN        -NAN        -NAN
 -1        82        -NAN        -NAN        -NAN        -NAN        -NAN        -NAN
 -1        83        -NAN        -NAN        -NAN        -NAN        -NAN        -NAN
 -1        84        -NAN        -NAN        -NAN        -NAN        -NAN        -NAN
 -1        85        -NAN        -NAN        -NAN        -NAN        -NAN        -NAN
 -1        86        -NAN        -NAN        -NAN        -NAN        -NAN        -NAN
 -1        87        -NAN        -NAN        -NAN        -NAN        -NAN        -NAN
 -1        88        -NAN        -NAN        -NAN        -NAN        -NAN        -NAN
 -1        89        -NAN        -NAN        -NAN        -NAN        -NAN        -NAN
 -1        90        -NAN        -NAN        -NAN        -NAN        -NAN        -NAN
 -1        91        -NAN        -NAN        -NAN        -NAN        -NAN        -NAN
 -1        92        -NAN        -NAN        -NAN        -NAN        -NAN        -NAN
 -1        93        -NAN        -NAN        -NAN        -NAN        -NAN        -NAN
 -1        94        -NAN        -NAN        -NAN        -NAN        -NAN        -NAN
 -1        95        -NAN        -NAN        -NAN        -NAN        -NAN        -NAN
 -1        96        -NAN        -NAN        -NAN        -NAN        -NAN        -NAN
 -1        97        -NAN        -NAN        -NAN        -NAN        -NAN        -NAN
 -1        98        -NAN        -NAN        -NAN        -NAN        -NAN        -NAN
 -1        99         NAN         NAN         NAN         NAN         NAN         NAN
 -1       100        -NAN        -NAN        -NAN        -NAN        -NAN        -NAN
 -1       101        -NAN        -NAN        -NAN        -NAN        -NAN        -NAN
 -1       102        -NAN        -NAN        -NAN        -NAN        -NAN        -NAN
 -1       103        -NAN        -NAN        -NAN        -NAN        -NAN        -NAN
 -1       104        -NAN        -NAN        -NAN        -NAN        -NAN        -NAN
 -1       105        -NAN        -NAN        -NAN        -NAN        -NAN        -NAN
 -1       106        -NAN        -NAN        -NAN        -NAN        -NAN        -NAN
 -1       107        -NAN        -NAN        -NAN        -NAN        -NAN        -NAN
 -1       108        -NAN        -NAN        -NAN        -NAN        -NAN        -NAN
 -1       109        -NAN        -NAN        -NAN        -NAN        -NAN        -NAN
 -1       110        -NAN        -NAN        -NAN        -NAN        -NAN        -NAN
 -1       111        -NAN        -NAN        -NAN        -NAN        -NAN        -NAN
 -1       112        -NAN        -NAN        -NAN        -NAN        -NAN        -NAN
 -1       113        -NAN        -NAN        -NAN        -NAN        -NAN        -NAN
 -1       114        -NAN        -NAN        -NAN        -NAN        -NAN        -NAN
 -1       115        -NAN        -NAN        -NAN        -NAN        -NAN        -NAN
 -1       116        -NAN        -NAN        -NAN        -NAN        -NAN        -NAN
 -1       117        -NAN        -NAN        -NAN        -NAN        -NAN        -NAN
 -1       118        -NAN        -NAN        -NAN        -NAN        -NAN        -NAN
 -1       119        -NAN        -NAN        -NAN        -NAN        -NAN        -NAN
 -1       120        -NAN        -NAN        -NAN        -NAN        -NAN        -NAN
 -1       121        -NAN        -NAN        -NAN        -NAN        -NAN        -NAN
 -1       122        -NAN        -NAN        -NAN        -NAN        -NAN        -NAN
 -1       123        -NAN        -NAN        -NAN        -NAN        -NAN        -NAN
 -1       124        -NAN        -NAN        -NAN        -NAN        -NAN        -NAN
 -1       125        -NAN        -NAN        -NAN        -NAN        -NAN        -NAN
 -1       126        -NAN        -NAN        -NAN        -NAN        -NAN        -NAN
 -1       127        -NAN        -NAN        -NAN        -NAN        -NAN        -NAN
 -1       128        -NAN        -NAN        -NAN        -NAN        -NAN        -NAN
 -1       129         NAN         NAN         NAN         NAN         NAN         NAN
 -1       130         NAN         NAN         NAN         NAN         NAN         NAN
 -1       131         NAN         NAN         NAN         NAN         NAN         NAN
 -1       132         NAN         NAN         NAN         NAN         NAN         NAN
 -1       133         NAN         NAN         NAN         NAN         NAN         NAN
 -1       134         NAN         NAN         NAN         NAN         NAN         NAN
 -1       135         NAN         NAN         NAN         NAN         NAN         NAN
 -1       136         NAN         NAN         NAN         NAN         NAN         NAN
 -1       137         NAN         NAN         NAN         NAN         NAN         NAN
 -1       138        -NAN        -NAN        -NAN        -NAN        -NAN        -NAN
 -1       139        -NAN        -NAN        -NAN        -NAN        -NAN        -NAN
 -1       140        -NAN        -NAN        -NAN        -NAN        -NAN        -NAN
 -1       141        -NAN        -NAN        -NAN        -NAN        -NAN        -NAN
 -1       142        -NAN        -NAN        -NAN        -NAN        -NAN        -NAN
 -1       143        -NAN        -NAN        -NAN        -NAN        -NAN        -NAN
 -1       144        -NAN        -NAN        -NAN        -NAN        -NAN        -NAN
 -1       145        -NAN        -NAN        -NAN        -NAN        -NAN        -NAN
 -1       146        -NAN        -NAN        -NAN        -NAN        -NAN        -NAN
 -1       147        -NAN        -NAN        -NAN        -NAN        -NAN        -NAN
 -1       148        -NAN        -NAN        -NAN        -NAN        -NAN        -NAN
 -1       149        -NAN        -NAN        -NAN        -NAN        -NAN        -NAN
 -1       150        -NAN        -NAN        -NAN        -NAN        -NAN        -NAN
 -1       151        -NAN        -NAN        -NAN        -NAN        -NAN        -NAN
 -1       152        -NAN        -NAN        -NAN        -NAN        -NAN        -NAN
 -1       153        -NAN        -NAN        -NAN        -NAN        -NAN        -NAN
 -1       154        -NAN        -NAN        -NAN        -NAN        -NAN        -NAN
 -1       155        -NAN        -NAN        -NAN        -NAN        -NAN        -NAN
 -1       156        -NAN        -NAN        -NAN        -NAN        -NAN        -NAN
 -1       157        -NAN        -NAN        -NAN        -NAN        -NAN        -NAN
 -1       158        -NAN        -NAN        -NAN        -NAN        -NAN        -NAN
 -1       159        -NAN        -NAN        -NAN        -NAN        -NAN        -NAN
 -1       160        -NAN        -NAN        -NAN        -NAN        -NAN        -NAN
 -1       161        -NAN        -NAN        -NAN        -NAN        -NAN        -NAN
 -1       162        -NAN        -NAN        -NAN        -NAN        -NAN        -NAN
 -1       163        -NAN        -NAN        -NAN        -NAN        -NAN        -NAN
 -1       164        -NAN        -NAN        -NAN        -NAN        -NAN        -NAN
 -1       165        -NAN        -NAN        -NAN        -NAN        -NAN        -NAN
 -1       166        -NAN        -NAN        -NAN        -NAN        -NAN        -NAN
 -1       167         NAN         NAN         NAN         NAN         NAN         NAN
 -1       168         NAN         NAN         NAN         NAN         NAN         NAN
 -1       169         NAN         NAN         NAN         NAN         NAN         NAN
 -1       170         NAN         NAN         NAN         NAN         NAN         NAN
 -1       171         NAN         NAN         NAN         NAN         NAN         NAN
 -1       172         NAN         NAN         NAN         NAN         NAN         NAN
 -1       173         NAN         NAN         NAN         NAN         NAN         NAN
 -1       174         NAN         NAN         NAN         NAN         NAN         NAN
 -1       175         NAN         NAN         NAN         NAN         NAN         NAN
 -1       176        -NAN        -NAN        -NAN        -NAN        -NAN        -NAN
 -1       177        -NAN        -NAN        -NAN        -NAN        -NAN        -NAN
 -1       178        -NAN        -NAN        -NAN        -NAN        -NAN        -NAN
 -1       179        -NAN        -NAN        -NAN        -NAN        -NAN        -NAN
 -1       180        -NAN        -NAN        -NAN        -NAN        -NAN        -NAN
 -1       181        -NAN        -NAN        -NAN        -NAN        -NAN        -NAN
 -1       182        -NAN        -NAN        -NAN        -NAN        -NAN        -NAN
 -1       183        -NAN        -NAN        -NAN        -NAN        -NAN        -NAN
 -1       184        -NAN        -NAN        -NAN        -NAN        -NAN        -NAN
 -1       185        -NAN        -NAN        -NAN        -NAN        -NAN        -NAN
 -1       186         NAN         NAN         NAN         NAN         NAN         NAN
 -1       187         NAN         NAN         NAN         NAN         NAN         NAN
 -1       188         NAN         NAN         NAN         NAN         NAN         NAN
 -1       189         NAN         NAN         NAN         NAN         NAN         NAN
 -1       190         NAN         NAN         NAN         NAN         NAN         NAN
 -1       191         NAN         NAN         NAN         NAN         NAN         NAN
 -1       192         NAN         NAN         NAN         NAN         NAN         NAN
 -1       193         NAN         NAN         NAN         NAN         NAN         NAN
 -1       194         NAN         NAN         NAN         NAN         NAN         NAN
 -1       195        -NAN        -NAN        -NAN        -NAN        -NAN        -NAN
 -1       196        -NAN        -NAN        -NAN        -NAN        -NAN        -NAN
 -1       197        -NAN        -NAN        -NAN        -NAN        -NAN        -NAN
 -1       198        -NAN        -NAN        -NAN        -NAN        -NAN        -NAN
 -1       199        -NAN        -NAN        -NAN        -NAN        -NAN        -NAN
 -1       200        -NAN        -NAN        -NAN        -NAN        -NAN        -NAN
 -1       201        -NAN        -NAN        -NAN        -NAN        -NAN        -NAN
 -1       202        -NAN        -NAN        -NAN        -NAN        -NAN        -NAN
 -1       203        -NAN        -NAN        -NAN        -NAN        -NAN        -NAN
 -1       320        -NAN        -NAN        -NAN        -NAN        -NAN        -NAN
 -1       321        -NAN        -NAN        -NAN        -NAN        -NAN        -NAN
 -1       322        -NAN        -NAN        -NAN        -NAN        -NAN        -NAN
 -1       323        -NAN        -NAN        -NAN        -NAN        -NAN        -NAN
 -1       324        -NAN        -NAN        -NAN        -NAN        -NAN        -NAN
 -1       325        -NAN        -NAN        -NAN        -NAN        -NAN        -NAN
 -1       326        -NAN        -NAN        -NAN        -NAN        -NAN        -NAN
 -1       327        -NAN        -NAN        -NAN        -NAN        -NAN        -NAN
 -1       328        -NAN        -NAN        -NAN        -NAN        -NAN        -NAN
 -1       329        -NAN        -NAN        -NAN        -NAN        -NAN        -NAN
 -1       330        -NAN        -NAN        -NAN        -NAN        -NAN        -NAN
 -1       331        -NAN        -NAN        -NAN        -NAN        -NAN        -NAN
 -1       332        -NAN        -NAN        -NAN        -NAN        -NAN        -NAN
 -1       333        -NAN        -NAN        -NAN        -NAN        -NAN        -NAN
 -1       334        -NAN        -NAN        -NAN        -NAN        -NAN        -NAN
 -1       335        -NAN        -NAN        -NAN        -NAN        -NAN        -NAN
 -1       336        -NAN        -NAN        -NAN        -NAN        -NAN        -NAN
 -1       337        -NAN        -NAN        -NAN        -NAN        -NAN        -NAN
 -1       338        -NAN        -NAN        -NAN        -NAN        -NAN        -NAN
 -1       339        -NAN        -NAN        -NAN        -NAN        -NAN        -NAN
 -1       340        -NAN        -NAN        -NAN        -NAN        -NAN        -NAN
 -1       341        -NAN        -NAN        -NAN        -NAN        -NAN        -NAN
 -1       342        -NAN        -NAN        -NAN        -NAN        -NAN        -NAN
 -1       343        -NAN        -NAN        -NAN        -NAN        -NAN        -NAN
 -1       344        -NAN        -NAN        -NAN        -NAN        -NAN        -NAN
 -1       345        -NAN        -NAN        -NAN        -NAN        -NAN        -NAN
 -1       346        -NAN        -NAN        -NAN        -NAN        -NAN        -NAN
 -1       347        -NAN        -NAN        -NAN        -NAN        -NAN        -NAN
 -1       348        -NAN        -NAN        -NAN        -NAN        -NAN        -NAN
 -1       349        -NAN        -NAN        -NAN        -NAN        -NAN        -NAN
 -1       350        -NAN        -NAN        -NAN        -NAN        -NAN        -NAN
 -1       351        -NAN        -NAN        -NAN        -NAN        -NAN        -NAN
 -1       352        -NAN        -NAN        -NAN        -NAN        -NAN        -NAN
 -1       353        -NAN        -NAN        -NAN        -NAN        -NAN        -NAN
 -1       354        -NAN        -NAN        -NAN        -NAN        -NAN        -NAN
 -1       355        -NAN        -NAN        -NAN        -NAN        -NAN        -NAN
 -1       356        -NAN        -NAN        -NAN        -NAN        -NAN        -NAN
 -1       357        -NAN        -NAN        -NAN        -NAN        -NAN        -NAN
 -1       358        -NAN        -NAN        -NAN        -NAN        -NAN        -NAN
 -1       359        -NAN        -NAN        -NAN        -NAN        -NAN        -NAN
 -1       361        -NAN        -NAN        -NAN        -NAN        -NAN        -NAN
 -1       362        -NAN        -NAN        -NAN        -NAN        -NAN        -NAN
 -1       364        -NAN        -NAN        -NAN        -NAN        -NAN        -NAN
 -1       365        -NAN        -NAN        -NAN        -NAN        -NAN        -NAN
 -1       367        -NAN        -NAN        -NAN        -NAN        -NAN        -NAN
 -1       368        -NAN        -NAN        -NAN        -NAN        -NAN        -NAN
 -1       370        -NAN        -NAN        -NAN        -NAN        -NAN        -NAN
 -1       371        -NAN        -NAN        -NAN        -NAN        -NAN        -NAN
 -1       373        -NAN        -NAN        -NAN        -NAN        -NAN        -NAN
 -1       374        -NAN        -NAN        -NAN        -NAN        -NAN        -NAN
 -1       376        -NAN        -NAN        -NAN        -NAN        -NAN        -NAN
 -1       377        -NAN        -NAN        -NAN        -NAN        -NAN        -NAN
 -1       379        -NAN        -NAN        -NAN        -NAN        -NAN        -NAN
 -1       380        -NAN        -NAN        -NAN        -NAN        -NAN        -NAN
 -1       382        -NAN        -NAN        -NAN        -NAN        -NAN        -NAN
 -1       383        -NAN        -NAN        -NAN        -NAN        -NAN        -NAN
 -1       385        -NAN        -NAN        -NAN        -NAN        -NAN        -NAN
 -1       386        -NAN        -NAN        -NAN        -NAN        -NAN        -NAN
 -1       388        -NAN        -NAN        -NAN        -NAN        -NAN        -NAN
 -1       389        -NAN        -NAN        -NAN        -NAN        -NAN        -NAN
 -1       391        -NAN        -NAN        -NAN        -NAN        -NAN        -NAN
 -1       392        -NAN        -NAN        -NAN        -NAN        -NAN        -NAN
 -1       393        -NAN        -NAN        -NAN        -NAN        -NAN        -NAN
 -1       394        -NAN        -NAN        -NAN        -NAN        -NAN        -NAN
 -1       395        -NAN        -NAN        -NAN        -NAN        -NAN        -NAN
 -1       396        -NAN        -NAN        -NAN        -NAN        -NAN        -NAN
 -1       397        -NAN        -NAN        -NAN        -NAN        -NAN        -NAN
 -1       398        -NAN        -NAN        -NAN        -NAN        -NAN        -NAN
 -1       399        -NAN        -NAN        -NAN        -NAN        -NAN        -NAN
 -1       400        -NAN        -NAN        -NAN        -NAN        -NAN        -NAN
 -1       401        -NAN        -NAN        -NAN        -NAN        -NAN        -NAN
 -1       402        -NAN        -NAN        -NAN        -NAN        -NAN        -NAN
 -1       403        -NAN        -NAN        -NAN        -NAN        -NAN        -NAN
 -1       404        -NAN        -NAN        -NAN        -NAN        -NAN        -NAN
 -1       405        -NAN        -NAN        -NAN        -NAN        -NAN        -NAN
 -1       406        -NAN        -NAN        -NAN        -NAN        -NAN        -NAN
 -1       407        -NAN        -NAN        -NAN        -NAN        -NAN        -NAN
 -1       408        -NAN        -NAN        -NAN        -NAN        -NAN        -NAN
 -1       409        -NAN        -NAN        -NAN        -NAN        -NAN        -NAN
 -1       410        -NAN        -NAN        -NAN        -NAN        -NAN        -NAN
 -1       411        -NAN        -NAN        -NAN        -NAN        -NAN        -NAN
 -1       412        -NAN        -NAN        -NAN        -NAN        -NAN        -NAN
 -1       413        -NAN        -NAN        -NAN        -NAN        -NAN        -NAN
 -1       414        -NAN        -NAN        -NAN        -NAN        -NAN        -NAN
 -1       415        -NAN        -NAN        -NAN        -NAN        -NAN        -NAN
 -1       416        -NAN        -NAN        -NAN        -NAN        -NAN        -NAN
 -1       417        -NAN        -NAN        -NAN        -NAN        -NAN        -NAN
 -1       418        -NAN        -NAN        -NAN        -NAN        -NAN        -NAN
 -1       419        -NAN        -NAN        -NAN        -NAN        -NAN        -NAN
 -1       421        -NAN        -NAN        -NAN        -NAN        -NAN        -NAN
 -1       422        -NAN        -NAN        -NAN        -NAN        -NAN        -NAN
 -1       424        -NAN        -NAN        -NAN        -NAN        -NAN        -NAN
 -1       425        -NAN        -NAN        -NAN        -NAN        -NAN        -NAN
 -1       427        -NAN        -NAN        -NAN        -NAN        -NAN        -NAN
 -1       428        -NAN        -NAN        -NAN        -NAN        -NAN        -NAN
 -1       430        -NAN        -NAN        -NAN        -NAN        -NAN        -NAN
 -1       431        -NAN        -NAN        -NAN        -NAN        -NAN        -NAN
 -1       433        -NAN        -NAN        -NAN        -NAN        -NAN        -NAN
 -1       434        -NAN        -NAN        -NAN        -NAN        -NAN        -NAN
 -1       436        -NAN        -NAN        -NAN        -NAN        -NAN        -NAN
 -1       437        -NAN        -NAN        -NAN        -NAN        -NAN        -NAN
 -1       439        -NAN        -NAN        -NAN        -NAN        -NAN        -NAN
 -1       440        -NAN        -NAN        -NAN        -NAN        -NAN        -NAN
 -1       442        -NAN        -NAN        -NAN        -NAN        -NAN        -NAN
 -1       443        -NAN        -NAN        -NAN        -NAN        -NAN        -NAN
 -1       445        -NAN        -NAN        -NAN        -NAN        -NAN        -NAN
 -1       446        -NAN        -NAN        -NAN        -NAN        -NAN        -NAN
 -1       448        -NAN        -NAN        -NAN        -NAN        -NAN        -NAN
 -1       449        -NAN        -NAN        -NAN        -NAN        -NAN        -NAN
 -1       451        -NAN        -NAN        -NAN        -NAN        -NAN        -NAN
 -1       452        -NAN        -NAN        -NAN        -NAN        -NAN        -NAN
 -1       454        -NAN        -NAN        -NAN        -NAN        -NAN        -NAN
 -1       455        -NAN        -NAN        -NAN        -NAN        -NAN        -NAN
 -1       457        -NAN        -NAN        -NAN        -NAN        -NAN        -NAN
 -1       458        -NAN        -NAN        -NAN        -NAN        -NAN        -NAN
 -1       460        -NAN        -NAN        -NAN        -NAN        -NAN        -NAN
 -1       461        -NAN        -NAN        -NAN        -NAN        -NAN        -NAN
 -1       463        -NAN        -NAN        -NAN        -NAN        -NAN        -NAN
 -1       464        -NAN        -NAN        -NAN        -NAN        -NAN        -NAN
 -1       466        -NAN        -NAN        -NAN        -NAN        -NAN        -NAN
 -1       467        -NAN        -NAN        -NAN        -NAN        -NAN        -NAN
 -1       469        -NAN        -NAN        -NAN        -NAN        -NAN        -NAN
 -1       470        -NAN        -NAN        -NAN        -NAN        -NAN        -NAN
 -1       472        -NAN        -NAN        -NAN        -NAN        -NAN        -NAN
 -1       473        -NAN        -NAN        -NAN        -NAN        -NAN        -NAN
 -1       475        -NAN        -NAN        -NAN        -NAN        -NAN        -NAN
 -1       476        -NAN        -NAN        -NAN        -NAN        -NAN        -NAN
 -1       478        -NAN        -NAN        -NAN        -NAN        -NAN        -NAN
 -1       479        -NAN        -NAN        -NAN        -NAN        -NAN        -NAN
 -1       480        -NAN        -NAN        -NAN        -NAN        -NAN        -NAN
 -1       481        -NAN        -NAN        -NAN        -NAN        -NAN        -NAN
 -1       482        -NAN        -NAN        -NAN        -NAN        -NAN        -NAN
 -1       483        -NAN        -NAN        -NAN        -NAN        -NAN        -NAN
 -1       484        -NAN        -NAN        -NAN        -NAN        -NAN        -NAN
 -1       485        -NAN        -NAN        -NAN        -NAN        -NAN        -NAN
 -1       486        -NAN        -NAN        -NAN        -NAN        -NAN        -NAN
 -1       487        -NAN        -NAN        -NAN        -NAN        -NAN        -NAN
 -1       488        -NAN        -NAN        -NAN        -NAN        -NAN        -NAN
 -1       489        -NAN        -NAN        -NAN        -NAN        -NAN        -NAN
 -1       490        -NAN        -NAN        -NAN        -NAN        -NAN        -NAN
 -1       491        -NAN        -NAN        -NAN        -NAN        -NAN        -NAN
 -1       492        -NAN        -NAN        -NAN        -NAN        -NAN        -NAN
 -1       493        -NAN        -NAN        -NAN        -NAN        -NAN        -NAN
 -1       494        -NAN        -NAN        -NAN        -NAN        -NAN        -NAN
 -1       495        -NAN        -NAN        -NAN        -NAN        -NAN        -NAN
 -1       496        -NAN        -NAN        -NAN        -NAN        -NAN        -NAN
 -1       497        -NAN        -NAN        -NAN        -NAN        -NAN        -NAN
 -1       498        -NAN        -NAN        -NAN        -NAN        -NAN        -NAN
 -1       499        -NAN        -NAN        -NAN        -NAN        -NAN        -NAN
 -1       500        -NAN        -NAN        -NAN        -NAN        -NAN        -NAN
 -1       501        -NAN        -NAN        -NAN        -NAN        -NAN        -NAN
 -1       502        -NAN        -NAN        -NAN        -NAN        -NAN        -NAN
 -1       503        -NAN        -NAN        -NAN        -NAN        -NAN        -NAN
 -1       504        -NAN        -NAN        -NAN        -NAN        -NAN        -NAN
 -1       505        -NAN        -NAN        -NAN        -NAN        -NAN        -NAN
 -1       506        -NAN        -NAN        -NAN        -NAN        -NAN        -NAN
 -1       507        -NAN        -NAN        -NAN        -NAN        -NAN        -NAN
 -1       508        -NAN        -NAN        -NAN        -NAN        -NAN        -NAN
 -1       509        -NAN        -NAN        -NAN        -NAN        -NAN        -NAN
 -1       510        -NAN        -NAN        -NAN        -NAN        -NAN        -NAN
 -1       511        -NAN        -NAN        -NAN        -NAN        -NAN        -NAN
 -1       512        -NAN        -NAN        -NAN        -NAN        -NAN        -NAN
 -1       513        -NAN        -NAN        -NAN        -NAN        -NAN        -NAN
 -1       514        -NAN        -NAN        -NAN        -NAN        -NAN        -NAN
 -1       515        -NAN        -NAN        -NAN        -NAN        -NAN        -NAN
 -1       516        -NAN        -NAN        -NAN        -NAN        -NAN        -NAN
 -1       517        -NAN        -NAN        -NAN        -NAN        -NAN        -NAN
 -1       518        -NAN        -NAN        -NAN        -NAN        -NAN        -NAN
 -1       520        -NAN        -NAN        -NAN        -NAN        -NAN        -NAN
 -1       521        -NAN        -NAN        -NAN        -NAN        -NAN        -NAN
 -1       523        -NAN        -NAN        -NAN        -NAN        -NAN        -NAN
 -1       524        -NAN        -NAN        -NAN        -NAN        -NAN        -NAN
 -1       526        -NAN        -NAN        -NAN        -NAN        -NAN        -NAN
 -1       527        -NAN        -NAN        -NAN        -NAN        -NAN        -NAN
 -1       529        -NAN        -NAN        -NAN        -NAN        -NAN        -NAN
 -1       530        -NAN        -NAN        -NAN        -NAN        -NAN        -NAN
 -1       532        -NAN        -NAN        -NAN        -NAN        -NAN        -NAN
 -1       533        -NAN        -NAN        -NAN        -NAN        -NAN        -NAN
 -1       535        -NAN        -NAN        -NAN        -NAN        -NAN        -NAN
 -1       536        -NAN        -NAN        -NAN        -NAN        -NAN        -NAN
 -1       538        -NAN        -NAN        -NAN        -NAN        -NAN        -NAN
 -1       539        -NAN        -NAN        -NAN        -NAN        -NAN        -NAN
 -1       541        -NAN        -NAN        -NAN        -NAN        -NAN        -NAN
 -1       542        -NAN        -NAN        -NAN        -NAN        -NAN        -NAN
 -1       544        -NAN        -NAN        -NAN        -NAN        -NAN        -NAN
 -1       545        -NAN        -NAN        -NAN        -NAN        -NAN        -NAN
 -1       547        -NAN        -NAN        -NAN        -NAN        -NAN        -NAN
 -1       548        -NAN        -NAN        -NAN        -NAN        -NAN        -NAN
 -1       550        -NAN        -NAN        -NAN        -NAN        -NAN        -NAN
 -1       551        -NAN        -NAN        -NAN        -NAN        -NAN        -NAN
 -1       552        -NAN        -NAN        -NAN        -NAN        -NAN        -NAN
 -1       553        -NAN        -NAN        -NAN        -NAN        -NAN        -NAN
 -1       554        -NAN        -NAN        -NAN        -NAN        -NAN        -NAN
 -1       555        -NAN        -NAN        -NAN        -NAN        -NAN        -NAN
 -1       556        -NAN        -NAN        -NAN        -NAN        -NAN        -NAN
 -1       557        -NAN        -NAN        -NAN        -NAN        -NAN        -NAN
 -1       558        -NAN        -NAN        -NAN        -NAN        -NAN        -NAN
 -1       559        -NAN        -NAN        -NAN        -NAN        -NAN        -NAN
 -1       560        -NAN        -NAN        -NAN        -NAN        -NAN        -NAN
 -1       561        -NAN        -NAN        -NAN        -NAN        -NAN        -NAN
 -1       562        -NAN        -NAN        -NAN        -NAN        -NAN        -NAN
 -1       563        -NAN        -NAN        -NAN        -NAN        -NAN        -NAN
 -1       564        -NAN        -NAN        -NAN        -NAN        -NAN        -NAN
 -1       565        -NAN        -NAN        -NAN        -NAN        -NAN        -NAN
 -1       566        -NAN        -NAN        -NAN        -NAN        -NAN        -NAN
 -1       567        -NAN        -NAN        -NAN        -NAN        -NAN        -NAN
 -1       568        -NAN        -NAN        -NAN        -NAN        -NAN        -NAN
 -1       569        -NAN        -NAN        -NAN        -NAN        -NAN        -NAN
 -1       570        -NAN        -NAN        -NAN        -NAN        -NAN        -NAN
 -1       571        -NAN        -NAN        -NAN        -NAN        -NAN        -NAN
 -1       572        -NAN        -NAN        -NAN        -NAN        -NAN        -NAN
 -1       573        -NAN        -NAN        -NAN        -NAN        -NAN        -NAN
 -1       574        -NAN        -NAN        -NAN        -NAN        -NAN        -NAN
 -1       575        -NAN        -NAN        -NAN        -NAN        -NAN        -NAN
 -1       576        -NAN        -NAN        -NAN        -NAN        -NAN        -NAN
 -1       577        -NAN        -NAN        -NAN        -NAN        -NAN        -NAN
 -1       578        -NAN        -NAN        -NAN        -NAN        -NAN        -NAN
 -1       580        -NAN        -NAN        -NAN        -NAN        -NAN        -NAN
 -1       581        -NAN        -NAN        -NAN        -NAN        -NAN        -NAN
 -1       583        -NAN        -NAN        -NAN        -NAN        -NAN        -NAN
 -1       584        -NAN        -NAN        -NAN        -NAN        -NAN        -NAN
 -1       586        -NAN        -NAN        -NAN        -NAN        -NAN        -NAN
 -1       587        -NAN        -NAN        -NAN        -NAN        -NAN        -NAN
 -1       589        -NAN        -NAN        -NAN        -NAN        -NAN        -NAN
 -1       590        -NAN        -NAN        -NAN        -NAN        -NAN        -NAN
 -1       592        -NAN        -NAN        -NAN        -NAN        -NAN        -NAN
 -1       593        -NAN        -NAN        -NAN        -NAN        -NAN        -NAN
 -1       595        -NAN        -NAN        -NAN        -NAN        -NAN        -NAN
 -1       596        -NAN        -NAN        -NAN        -NAN        -NAN        -NAN
 -1       598        -NAN        -NAN        -NAN        -NAN        -NAN        -NAN
 -1       599        -NAN        -NAN        -NAN        -NAN        -NAN        -NAN
 -1       601        -NAN        -NAN        -NAN        -NAN        -NAN        -NAN
 -1       602        -NAN        -NAN        -NAN        -NAN        -NAN        -NAN
 -1       604        -NAN        -NAN        -NAN        -NAN        -NAN        -NAN
 -1       605        -NAN        -NAN        -NAN        -NAN        -NAN        -NAN
 -1       607        -NAN        -NAN        -NAN        -NAN        -NAN        -NAN
 -1       608        -NAN        -NAN        -NAN        -NAN        -NAN        -NAN
 -1       610        -NAN        -NAN        -NAN        -NAN        -NAN        -NAN
 -1       611        -NAN        -NAN        -NAN        -NAN        -NAN        -NAN
 -1       613        -NAN        -NAN        -NAN        -NAN        -NAN        -NAN
 -1       614        -NAN        -NAN        -NAN        -NAN        -NAN        -NAN
 -1       616        -NAN        -NAN        -NAN        -NAN        -NAN        -NAN
 -1       617        -NAN        -NAN        -NAN        -NAN        -NAN        -NAN
 -1       619        -NAN        -NAN        -NAN        -NAN        -NAN        -NAN
 -1       620        -NAN        -NAN        -NAN        -NAN        -NAN        -NAN
 -1       622        -NAN        -NAN        -NAN        -NAN        -NAN        -NAN
 -1       623        -NAN        -NAN        -NAN        -NAN        -NAN        -NAN
 -1       625        -NAN        -NAN        -NAN        -NAN        -NAN        -NAN
 -1       626        -NAN        -NAN        -NAN        -NAN        -NAN        -NAN
 -1       628        -NAN        -NAN        -NAN        -NAN        -NAN        -NAN
 -1       629        -NAN        -NAN        -NAN        -NAN        -NAN        -NAN
 -1       631        -NAN        -NAN        -NAN        -NAN        -NAN        -NAN
 -1       632        -NAN        -NAN        -NAN        -NAN        -NAN        -NAN
 -1       634        -NAN        -NAN        -NAN        -NAN        -NAN        -NAN
 -1       635        -NAN        -NAN        -NAN        -NAN        -NAN        -NAN
 -1       637        -NAN        -NAN        -NAN        -NAN        -NAN        -NAN
 -3
    1PSTEP                         4           1           1          
  100CL  101 1.000000000         459                     0    1           1
 -4  FORC        4    1
 -5  F1          1    2    1    0
 -5  F2          1    2    2    0
 -5  F3          1    2    3    0
 -5  ALL         1    2    0    0    1ALL
 -1         1        -NAN        -NAN        -NAN
 -1         2         NAN         NAN         NAN
 -1         3         NAN         NAN         NAN
 -1         4        -NAN        -NAN        -NAN
 -1         5         NAN         NAN         NAN
 -1         6        -NAN        -NAN        -NAN
 -1         7         NAN         NAN         NAN
 -1         8        -NAN        -NAN        -NAN
 -1         9        -NAN        -NAN        -NAN
 -1        10        -NAN        -NAN        -NAN
 -1        11         NAN         NAN         NAN
 -1        12         NAN         NAN         NAN
 -1        13         NAN         NAN         NAN
 -1        14         NAN         NAN         NAN
 -1        15         NAN         NAN         NAN
 -1        16         NAN         NAN         NAN
 -1        17         NAN         NAN         NAN
 -1        18         NAN         NAN         NAN
 -1        19         NAN         NAN         NAN
 -1        20         NAN         NAN         NAN
 -1        21         NAN         NAN         NAN
 -1        22         NAN         NAN         NAN
 -1        23         NAN         NAN         NAN
 -1        24         NAN         NAN         NAN
 -1        25         NAN         NAN         NAN
 -1        26         NAN         NAN         NAN
 -1        27         NAN         NAN         NAN
 -1        28         NAN         NAN         NAN
 -1        29         NAN         NAN         NAN
 -1        30         NAN         NAN         NAN
 -1        31        -NAN        -NAN        -NAN
 -1        32        -NAN        -NAN        -NAN
 -1        33         NAN         NAN         NAN
 -1        34        -NAN        -NAN        -NAN
 -1        35        -NAN        -NAN        -NAN
 -1        36        -NAN        -NAN        -NAN
 -1        37        -NAN        -NAN        -NAN
 -1        38        -NAN        -NAN        -NAN
 -1        39        -NAN        -NAN        -NAN
 -1        40        -NAN        -NAN        -NAN
 -1        41        -NAN        -NAN        -NAN
 -1        42        -NAN        -NAN        -NAN
 -1        43        -NAN        -NAN        -NAN
 -1        44        -NAN        -NAN        -NAN
 -1        45        -NAN        -NAN        -NAN
 -1        46        -NAN        -NAN        -NAN
 -1        47        -NAN        -NAN        -NAN
 -1        48        -NAN        -NAN        -NAN
 -1        49        -NAN        -NAN        -NAN
 -1        50        -NAN        -NAN        -NAN
 -1        51        -NAN        -NAN        -NAN
 -1        52        -NAN        -NAN        -NAN
 -1        53         NAN         NAN         NAN
 -1        54        -NAN        -NAN        -NAN
 -1        55        -NAN        -NAN        -NAN
 -1        56         NAN         NAN         NAN
 -1        57        -NAN        -NAN        -NAN
 -1        58         NAN         NAN         NAN
 -1        59         NAN         NAN         NAN
 -1        60         NAN         NAN         NAN
 -1        61         NAN         NAN         NAN
 -1        62         NAN         NAN         NAN
 -1        63         NAN         NAN         NAN
 -1        64         NAN         NAN         NAN
 -1        65         NAN         NAN         NAN
 -1        66         NAN         NAN         NAN
 -1        67         NAN         NAN         NAN
 -1        68         NAN         NAN         NAN
 -1        69         NAN         NAN         NAN
 -1        70         NAN         NAN         NAN
 -1        71         NAN         NAN         NAN
 -1        72         NAN         NAN         NAN
 -1        73         NAN         NAN         NAN
 -1        74         NAN         NAN         NAN
 -1        75         NAN         NAN         NAN
 -1        76         NAN         NAN         NAN
 -1        77        -NAN        -NAN        -NAN
 -1        78        -NAN        -NAN        -NAN
 -1        79         NAN         NAN         NAN
 -1        80        -NAN        -NAN        -NAN
 -1        81        -NAN        -NAN        -NAN
 -1        82        -NAN        -NAN        -NAN
 -1        83        -NAN        -NAN        -NAN
 -1        84        -NAN        -NAN        -NAN
 -1        85        -NAN        -NAN        -NAN
 -1        86        -NAN        -NAN        -NAN
 -1        87        -NAN        -NAN        -NAN
 -1        88        -NAN        -NAN        -NAN
 -1        89        -NAN        -NAN        -NAN
 -1        90        -NAN        -NAN        -NAN
 -1        91        -NAN        -NAN        -NAN
 -1        92        -NAN        -NAN        -NAN
 -1        93        -NAN        -NAN        -NAN
 -1        94        -NAN        -NAN        -NAN
 -1        95        -NAN        -NAN        -NAN
 -1        96        -NAN        -NAN        -NAN
 -1        97        -NAN        -NAN        -NAN
 -1        98        -NAN        -NAN        -NAN
 -1        99         NAN         NAN         NAN
 -1       100        -NAN        -NAN        -NAN
 -1       101        -NAN        -NAN        -NAN
 -1       102        -NAN        -NAN        -NAN
 -1       103        -NAN        -NAN        -NAN
 -1       104        -NAN        -NAN        -NAN
 -1       105        -NAN        -NAN        -NAN
 -1       106        -NAN        -NAN        -NAN
 -1       107        -NAN        -NAN        -NAN
 -1       108        -NAN        -NAN        -NAN
 -1       109        -NAN        -NAN        -NAN
 -1       110        -NAN        -NAN        -NAN
 -1       111        -NAN        -NAN        -NAN
 -1       112        -NAN        -NAN        -NAN
 -1       113        -NAN        -NAN        -NAN
 -1       114        -NAN        -NAN        -NAN
 -1       115        -NAN        -NAN        -NAN
 -1       116        -NAN        -NAN        -NAN
 -1       117        -NAN        -NAN        -NAN
 -1       118        -NAN        -NAN        -NAN
 -1       119        -NAN        -NAN        -NAN
 -1       120        -NAN        -NAN        -NAN
 -1       121        -NAN        -NAN        -NAN
 -1       122        -NAN        -NAN        -NAN
 -1       123        -NAN        -NAN        -NAN
 -1       124        -NAN        -NAN        -NAN
 -1       125        -NAN        -NAN        -NAN
 -1       126        -NAN        -NAN        -NAN
 -1       127        -NAN        -NAN        -NAN
 -1       128        -NAN        -NAN        -NAN
 -1       129         NAN         NAN         NAN
 -1       130         NAN         NAN         NAN
 -1       131         NAN         NAN         NAN
 -1       132         NAN         NAN         NAN
 -1       133         NAN         NAN         NAN
 -1       134         NAN         NAN         NAN
 -1       135         NAN         NAN         NAN
 -1       136         NAN         NAN         NAN
 -1       137         NAN         NAN         NAN
 -1       138        -NAN        -NAN        -NAN
 -1       139        -NAN        -NAN        -NAN
 -1       140        -NAN        -NAN        -NAN
 -1       141        -NAN        -NAN        -NAN
 -1       142        -NAN        -NAN        -NAN
 -1       143        -NAN        -NAN        -NAN
 -1       144        -NAN        -NAN        -NAN
 -1       145        -NAN        -NAN        -NAN
 -1       146        -NAN        -NAN        -NAN
 -1       147        -NAN        -NAN        -NAN
 -1       148        -NAN        -NAN        -NAN
 -1       149        -NAN        -NAN        -NAN
 -1       150        -NAN        -NAN        -NAN
 -1       151        -NAN        -NAN        -NAN
 -1       152        -NAN        -NAN        -NAN
 -1       153        -NAN        -NAN        -NAN
 -1       154        -NAN        -NAN        -NAN
 -1       155        -NAN        -NAN        -NAN
 -1       156        -NAN        -NAN        -NAN
 -1       157        -NAN        -NAN        -NAN
 -1       158        -NAN        -NAN        -NAN
 -1       159        -NAN        -NAN        -NAN
 -1       160        -NAN        -NAN        -NAN
 -1       161        -NAN        -NAN        -NAN
 -1       162        -NAN        -NAN        -NAN
 -1       163        -NAN        -NAN        -NAN
 -1       164        -NAN        -NAN        -NAN
 -1       165        -NAN        -NAN        -NAN
 -1       166        -NAN        -NAN        -NAN
 -1       167         NAN         NAN         NAN
 -1       168         NAN         NAN         NAN
 -1       169         NAN         NAN         NAN
 -1       170         NAN         NAN         NAN
 -1       171         NAN         NAN         NAN
 -1       172         NAN         NAN         NAN
 -1       173         NAN         NAN         NAN
 -1       174         NAN         NAN         NAN
 -1       175         NAN         NAN         NAN
 -1       176        -NAN        -NAN        -NAN
 -1       177        -NAN        -NAN        -NAN
 -1       178        -NAN        -NAN        -NAN
 -1       179        -NAN        -NAN        -NAN
 -1       180        -NAN        -NAN        -NAN
 -1       181        -NAN        -NAN        -NAN
 -1       182        -NAN        -NAN        -NAN
 -1       183        -NAN        -NAN        -NAN
 -1       184        -NAN        -NAN        -NAN
 -1       185        -NAN        -NAN        -NAN
 -1       186         NAN         NAN         NAN
 -1       187         NAN         NAN         NAN
 -1       188         NAN         NAN         NAN
 -1       189         NAN         NAN         NAN
 -1       190         NAN         NAN         NAN
 -1       191         NAN         NAN         NAN
 -1       192         NAN         NAN         NAN
 -1       193         NAN         NAN         NAN
 -1       194         NAN         NAN         NAN
 -1       195        -NAN        -NAN        -NAN
 -1       196        -NAN        -NAN        -NAN
 -1       197        -NAN        -NAN        -NAN
 -1       198        -NAN        -NAN        -NAN
 -1       199        -NAN        -NAN        -NAN
 -1       200        -NAN        -NAN        -NAN
 -1       201        -NAN        -NAN        -NAN
 -1       202        -NAN        -NAN        -NAN
 -1       203        -NAN        -NAN        -NAN
 -1       320        -NAN        -NAN        -NAN
 -1       321        -NAN        -NAN        -NAN
 -1       322        -NAN        -NAN        -NAN
 -1       323        -NAN        -NAN        -NAN
 -1       324        -NAN        -NAN        -NAN
 -1       325        -NAN        -NAN        -NAN
 -1       326        -NAN        -NAN        -NAN
 -1       327        -NAN        -NAN        -NAN
 -1       328        -NAN        -NAN        -NAN
 -1       329        -NAN        -NAN        -NAN
 -1       330        -NAN        -NAN        -NAN
 -1       331        -NAN        -NAN        -NAN
 -1       332        -NAN        -NAN        -NAN
 -1       333        -NAN        -NAN        -NAN
 -1       334        -NAN        -NAN        -NAN
 -1       335        -NAN        -NAN        -NAN
 -1       336        -NAN        -NAN        -NAN
 -1       337        -NAN        -NAN        -NAN
 -1       338        -NAN        -NAN        -NAN
 -1       339        -NAN        -NAN        -NAN
 -1       340        -NAN        -NAN        -NAN
 -1       341        -NAN        -NAN        -NAN
 -1       342        -NAN        -NAN        -NAN
 -1       343        -NAN        -NAN        -NAN
 -1       344        -NAN        -NAN        -NAN
 -1       345        -NAN        -NAN        -NAN
 -1       346        -NAN        -NAN        -NAN
 -1       347        -NAN        -NAN        -NAN
 -1       348        -NAN        -NAN        -NAN
 -1       349        -NAN        -NAN        -NAN
 -1       350        -NAN        -NAN        -NAN
 -1       351        -NAN        -NAN        -NAN
 -1       352        -NAN        -NAN        -NAN
 -1       353        -NAN        -NAN        -NAN
 -1       354        -NAN        -NAN        -NAN
 -1       355        -NAN        -NAN        -NAN
 -1       356        -NAN        -NAN        -NAN
 -1       357        -NAN        -NAN        -NAN
 -1       358        -NAN        -NAN        -NAN
 -1       359        -NAN        -NAN        -NAN
 -1       361        -NAN        -NAN        -NAN
 -1       362        -NAN        -NAN        -NAN
 -1       364        -NAN        -NAN        -NAN
 -1       365        -NAN        -NAN        -NAN
 -1       367        -NAN        -NAN        -NAN
 -1       368        -NAN        -NAN        -NAN
 -1       370        -NAN        -NAN        -NAN
 -1       371        -NAN        -NAN        -NAN
 -1       373        -NAN        -NAN        -NAN
 -1       374        -NAN        -NAN        -NAN
 -1       376        -NAN        -NAN        -NAN
 -1       377        -NAN        -NAN        -NAN
 -1       379        -NAN        -NAN        -NAN
 -1       380        -NAN        -NAN        -NAN
 -1       382        -NAN        -NAN        -NAN
 -1       383        -NAN        -NAN        -NAN
 -1       385        -NAN        -NAN        -NAN
 -1       386        -NAN        -NAN        -NAN
 -1       388        -NAN        -NAN        -NAN
 -1       389        -NAN        -NAN        -NAN
 -1       391        -NAN        -NAN        -NAN
 -1       392        -NAN        -NAN        -NAN
 -1       393        -NAN        -NAN        -NAN
 -1       394        -NAN        -NAN        -NAN
 -1       395        -NAN        -NAN        -NAN
 -1       396        -NAN        -NAN        -NAN
 -1       397        -NAN        -NAN        -NAN
 -1       398        -NAN        -NAN        -NAN
 -1       399        -NAN        -NAN        -NAN
 -1       400        -NAN        -NAN        -NAN
 -1       401        -NAN        -NAN        -NAN
 -1       402        -NAN        -NAN        -NAN
 -1       403        -NAN        -NAN        -NAN
 -1       404        -NAN        -NAN        -NAN
 -1       405        -NAN        -NAN        -NAN
 -1       406        -NAN        -NAN        -NAN
 -1       407        -NAN        -NAN        -NAN
 -1       408        -NAN        -NAN        -NAN
 -1       409        -NAN        -NAN        -NAN
 -1       410        -NAN        -NAN        -NAN
 -1       411        -NAN        -NAN        -NAN
 -1       412        -NAN        -NAN        -NAN
 -1       413        -NAN        -NAN        -NAN
 -1       414        -NAN        -NAN        -NAN
 -1       415        -NAN        -NAN        -NAN
 -1       416        -NAN        -NAN        -NAN
 -1       417        -NAN        -NAN        -NAN
 -1       418        -NAN        -NAN        -NAN
 -1       419        -NAN        -NAN        -NAN
 -1       421        -NAN        -NAN        -NAN
 -1       422        -NAN        -NAN        -NAN
 -1       424        -NAN        -NAN        -NAN
 -1       425        -NAN        -NAN        -NAN
 -1       427        -NAN        -NAN        -NAN
 -1       428        -NAN        -NAN        -NAN
 -1       430        -NAN        -NAN        -NAN
 -1       431        -NAN        -NAN        -NAN
 -1       433        -NAN        -NAN        -NAN
 -1       434        -NAN        -NAN        -NAN
 -1       436        -NAN        -NAN        -NAN
 -1       437        -NAN        -NAN        -NAN
 -1       439        -NAN        -NAN        -NAN
 -1       440        -NAN        -NAN        -NAN
 -1       442        -NAN        -NAN        -NAN
 -1       443        -NAN        -NAN        -NAN
 -1       445        -NAN        -NAN        -NAN
 -1       446        -NAN        -NAN        -NAN
 -1       448        -NAN        -NAN        -NAN
 -1       449        -NAN        -NAN        -NAN
 -1       451        -NAN        -NAN        -NAN
 -1       452        -NAN        -NAN        -NAN
 -1       454        -NAN        -NAN        -NAN
 -1       455        -NAN        -NAN        -NAN
 -1       457        -NAN        -NAN        -NAN
 -1       458        -NAN        -NAN        -NAN
 -1       460        -NAN        -NAN        -NAN
 -1       461        -NAN        -NAN        -NAN
 -1       463        -NAN        -NAN        -NAN
 -1       464        -NAN        -NAN        -NAN
 -1       466        -NAN        -NAN        -NAN
 -1       467        -NAN        -NAN        -NAN
 -1       469        -NAN        -NAN        -NAN
 -1       470        -NAN        -NAN        -NAN
 -1       472        -NAN        -NAN        -NAN
 -1       473        -NAN        -NAN        -NAN
 -1       475        -NAN        -NAN        -NAN
 -1       476        -NAN        -NAN        -NAN
 -1       478        -NAN        -NAN        -NAN
 -1       479         NAN        -NAN         NAN
 -1       480        -NAN         NAN        -NAN
 -1       481        -NAN         NAN        -NAN
 -1       482        -NAN        -NAN        -NAN
 -1       483        -NAN        -NAN        -NAN
 -1       484        -NAN        -NAN        -NAN
 -1       485         NAN        -NAN         NAN
 -1       486        -NAN         NAN        -NAN
 -1       487        -NAN         NAN        -NAN
 -1       488        -NAN        -NAN        -NAN
 -1       489        -NAN        -NAN        -NAN
 -1       490        -NAN        -NAN        -NAN
 -1       491         NAN         NAN         NAN
 -1       492        -NAN        -NAN        -NAN
 -1       493        -NAN        -NAN        -NAN
 -1       494         NAN         NAN         NAN
 -1       495        -NAN        -NAN        -NAN
 -1       496        -NAN        -NAN        -NAN
 -1       497         NAN         NAN         NAN
 -1       498        -NAN        -NAN        -NAN
 -1       499        -NAN        -NAN        -NAN
 -1       500         NAN         NAN         NAN
 -1       501        -NAN        -NAN        -NAN
 -1       502        -NAN        -NAN        -NAN
 -1       503         NAN         NAN         NAN
 -1       504        -NAN        -NAN        -NAN
 -1       505        -NAN        -NAN        -NAN
 -1       506         NAN         NAN         NAN
 -1       507        -NAN        -NAN        -NAN
 -1       508        -NAN        -NAN        -NAN
 -1       509         NAN         NAN         NAN
 -1       510        -NAN        -NAN        -NAN
 -1       511        -NAN        -NAN        -NAN
 -1       512         NAN         NAN         NAN
 -1       513        -NAN        -NAN        -NAN
 -1       514        -NAN        -NAN        -NAN
 -1       515         NAN         NAN         NAN
 -1       516        -NAN        -NAN        -NAN
 -1       517        -NAN        -NAN        -NAN
 -1       518         NAN         NAN         NAN
 -1       520        -NAN        -NAN        -NAN
 -1       521         NAN         NAN         NAN
 -1       523        -NAN        -NAN        -NAN
 -1       524         NAN         NAN         NAN
 -1       526        -NAN        -NAN        -NAN
 -1       527         NAN         NAN         NAN
 -1       529        -NAN        -NAN        -NAN
 -1       530         NAN         NAN         NAN
 -1       532        -NAN        -NAN        -NAN
 -1       533         NAN         NAN         NAN
 -1       535        -NAN        -NAN        -NAN
 -1       536         NAN         NAN         NAN
 -1       538        -NAN        -NAN        -NAN
 -1       539         NAN         NAN         NAN
 -1       541        -NAN        -NAN        -NAN
 -1       542         NAN         NAN         NAN
 -1       544        -NAN        -NAN        -NAN
 -1       545         NAN         NAN         NAN
 -1       547        -NAN        -NAN        -NAN
 -1       548         NAN        -NAN         NAN
 -1       550        -NAN         NAN        -NAN
 -1       551         NAN         NAN         NAN
 -1       552        -NAN        -NAN        -NAN
 -1       553        -NAN        -NAN        -NAN
 -1       554         NAN         NAN         NAN
 -1       555        -NAN        -NAN        -NAN
 -1       556        -NAN        -NAN        -NAN
 -1       557         NAN         NAN         NAN
 -1       558        -NAN        -NAN        -NAN
 -1       559        -NAN        -NAN        -NAN
 -1       560         NAN         NAN         NAN
 -1       561        -NAN        -NAN        -NAN
 -1       562        -NAN        -NAN        -NAN
 -1       563         NAN         NAN         NAN
 -1       564        -NAN        -NAN        -NAN
 -1       565        -NAN        -NAN        -NAN
 -1       566         NAN         NAN         NAN
 -1       567        -NAN        -NAN        -NAN
 -1       568        -NAN        -NAN        -NAN
 -1       569         NAN         NAN         NAN
 -1       570        -NAN        -NAN        -NAN
 -1       571        -NAN        -NAN        -NAN
 -1       572         NAN         NAN         NAN
 -1       573        -NAN        -NAN        -NAN
 -1       574        -NAN        -NAN        -NAN
 -1       575         NAN         NAN         NAN
 -1       576        -NAN        -NAN        -NAN
 -1       577        -NAN        -NAN        -NAN
 -1       578         NAN         NAN         NAN
 -1       580        -NAN        -NAN        -NAN
 -1       581         NAN         NAN         NAN
 -1       583        -NAN        -NAN        -NAN
 -1       584         NAN         NAN         NAN
 -1       586        -NAN        -NAN        -NAN
 -1       587         NAN         NAN         NAN
 -1       589        -NAN        -NAN        -NAN
 -1       590         NAN         NAN         NAN
 -1       592        -NAN        -NAN        -NAN
 -1       593         NAN         NAN         NAN
 -1       595        -NAN        -NAN        -NAN
 -1       596         NAN         NAN         NAN
 -1       598        -NAN        -NAN        -NAN
 -1       599         NAN         NAN         NAN
 -1       601        -NAN        -NAN        -NAN
 -1       602         NAN         NAN         NAN
 -1       604        -NAN        -NAN        -NAN
 -1       605         NAN         NAN         NAN
 -1       607        -NAN        -NAN        -NAN
 -1       608        -NAN        -NAN        -NAN
 -1       610        -NAN        -NAN        -NAN
 -1       611         NAN         NAN         NAN
 -1       613        -NAN        -NAN        -NAN
 -1       614         NAN         NAN         NAN
 -1       616        -NAN        -NAN        -NAN
 -1       617         NAN         NAN         NAN
 -1       619        -NAN        -NAN        -NAN
 -1       620         NAN         NAN         NAN
 -1       622        -NAN        -NAN        -NAN
 -1       623         NAN         NAN         NAN
 -1       625        -NAN        -NAN        -NAN
 -1       626         NAN         NAN         NAN
 -1       628        -NAN        -NAN        -NAN
 -1       629         NAN         NAN         NAN
 -1       631        -NAN        -NAN        -NAN
 -1       632         NAN         NAN         NAN
 -1       634        -NAN        -NAN        -NAN
 -1       635         NAN         NAN         NAN
 -1       637        -NAN        -NAN        -NAN
 -3
 9999
