    1C
    1UHash: 9lAXveLf, Date: 03/15/2026, Unit system: M_KG_S_C           
    1UUSER                                                              
    1UDATE              15.march.2026                                   
    1UTIME              18:57:09                                        
    1UHOST                                                              
    1UPGM               CalculiX                                        
    1UVERSION           Version 2.23                             
    1UCOMPILETIME       Sun Jan 11 00:39:44 CET 2026                    
    1UDIR                                                               
    1UDBN                                                               
    1UMAT    1S235                                                      
    2C                           459                                     1
 -1         1-1.00000E+00 5.00000E-02-5.00000E-02
 -1         2-1.00000E+00-5.00000E-02-5.00000E-02
 -1         3 1.00000E+00-5.00000E-02-5.00000E-02
 -1         4 1.00000E+00 5.00000E-02-5.00000E-02
 -1         5 1.00000E+00-5.00000E-02 5.00000E-02
 -1         6 1.00000E+00 5.00000E-02 5.00000E-02
 -1         7-1.00000E+00-5.00000E-02 5.00000E-02
 -1         8-1.00000E+00 5.00000E-02 5.00000E-02
 -1         9-1.00000E+00-3.46945E-17-5.00000E-02
 -1        10-1.00000E+00 2.50000E-02-5.00000E-02
 -1        11-1.00000E+00-2.50000E-02-5.00000E-02
 -1        12-8.00000E-01-5.00000E-02-5.00000E-02
 -1        13-6.00000E-01-5.00000E-02-5.00000E-02
 -1        14-4.00000E-01-5.00000E-02-5.00000E-02
 -1        15-2.00000E-01-5.00000E-02-5.00000E-02
 -1        16 0.00000E+00-5.00000E-02-5.00000E-02
 -1        17 2.00000E-01-5.00000E-02-5.00000E-02
 -1        18 4.00000E-01-5.00000E-02-5.00000E-02
 -1        19 6.00000E-01-5.00000E-02-5.00000E-02
 -1        20 8.00000E-01-5.00000E-02-5.00000E-02
 -1        21-9.00000E-01-5.00000E-02-5.00000E-02
 -1        22-7.00000E-01-5.00000E-02-5.00000E-02
 -1        23-5.00000E-01-5.00000E-02-5.00000E-02
 -1        24-3.00000E-01-5.00000E-02-5.00000E-02
 -1        25-1.00000E-01-5.00000E-02-5.00000E-02
 -1        26 1.00000E-01-5.00000E-02-5.00000E-02
 -1        27 3.00000E-01-5.00000E-02-5.00000E-02
 -1        28 5.00000E-01-5.00000E-02-5.00000E-02
 -1        29 7.00000E-01-5.00000E-02-5.00000E-02
 -1        30 9.00000E-01-5.00000E-02-5.00000E-02
 -1        31 1.00000E+00-3.46945E-17-5.00000E-02
 -1        32 1.00000E+00 2.50000E-02-5.00000E-02
 -1        33 1.00000E+00-2.50000E-02-5.00000E-02
 -1        34-8.00000E-01 5.00000E-02-5.00000E-02
 -1        35-6.00000E-01 5.00000E-02-5.00000E-02
 -1        36-4.00000E-01 5.00000E-02-5.00000E-02
 -1        37-2.00000E-01 5.00000E-02-5.00000E-02
 -1        38 0.00000E+00 5.00000E-02-5.00000E-02
 -1        39 2.00000E-01 5.00000E-02-5.00000E-02
 -1        40 4.00000E-01 5.00000E-02-5.00000E-02
 -1        41 6.00000E-01 5.00000E-02-5.00000E-02
 -1        42 8.00000E-01 5.00000E-02-5.00000E-02
 -1        43-9.00000E-01 5.00000E-02-5.00000E-02
 -1        44-7.00000E-01 5.00000E-02-5.00000E-02
 -1        45-5.00000E-01 5.00000E-02-5.00000E-02
 -1        46-3.00000E-01 5.00000E-02-5.00000E-02
 -1        47-1.00000E-01 5.00000E-02-5.00000E-02
 -1        48 1.00000E-01 5.00000E-02-5.00000E-02
 -1        49 3.00000E-01 5.00000E-02-5.00000E-02
 -1        50 5.00000E-01 5.00000E-02-5.00000E-02
 -1        51 7.00000E-01 5.00000E-02-5.00000E-02
 -1        52 9.00000E-01 5.00000E-02-5.00000E-02
 -1        53 1.00000E+00-5.00000E-02 0.00000E+00
 -1        54 1.00000E+00-3.46945E-17 5.00000E-02
 -1        55 1.00000E+00 2.50000E-02 5.00000E-02
 -1        56 1.00000E+00-2.50000E-02 5.00000E-02
 -1        57 1.00000E+00 5.00000E-02 0.00000E+00
 -1        58 8.00000E-01-5.00000E-02 5.00000E-02
 -1        59 6.00000E-01-5.00000E-02 5.00000E-02
 -1        60 4.00000E-01-5.00000E-02 5.00000E-02
 -1        61 2.00000E-01-5.00000E-02 5.00000E-02
 -1        62 0.00000E+00-5.00000E-02 5.00000E-02
 -1        63-2.00000E-01-5.00000E-02 5.00000E-02
 -1        64-4.00000E-01-5.00000E-02 5.00000E-02
 -1        65-6.00000E-01-5.00000E-02 5.00000E-02
 -1        66-8.00000E-01-5.00000E-02 5.00000E-02
 -1        67 9.00000E-01-5.00000E-02 5.00000E-02
 -1        68 7.00000E-01-5.00000E-02 5.00000E-02
 -1        69 5.00000E-01-5.00000E-02 5.00000E-02
 -1        70 3.00000E-01-5.00000E-02 5.00000E-02
 -1        71 1.00000E-01-5.00000E-02 5.00000E-02
 -1        72-1.00000E-01-5.00000E-02 5.00000E-02
 -1        73-3.00000E-01-5.00000E-02 5.00000E-02
 -1        74-5.00000E-01-5.00000E-02 5.00000E-02
 -1        75-7.00000E-01-5.00000E-02 5.00000E-02
 -1        76-9.00000E-01-5.00000E-02 5.00000E-02
 -1        77-1.00000E+00-3.46945E-17 5.00000E-02
 -1        78-1.00000E+00 2.50000E-02 5.00000E-02
 -1        79-1.00000E+00-2.50000E-02 5.00000E-02
 -1        80 8.00000E-01 5.00000E-02 5.00000E-02
 -1        81 6.00000E-01 5.00000E-02 5.00000E-02
 -1        82 4.00000E-01 5.00000E-02 5.00000E-02
 -1        83 2.00000E-01 5.00000E-02 5.00000E-02
 -1        84 0.00000E+00 5.00000E-02 5.00000E-02
 -1        85-2.00000E-01 5.00000E-02 5.00000E-02
 -1        86-4.00000E-01 5.00000E-02 5.00000E-02
 -1        87-6.00000E-01 5.00000E-02 5.00000E-02
 -1        88-8.00000E-01 5.00000E-02 5.00000E-02
 -1        89 9.00000E-01 5.00000E-02 5.00000E-02
 -1        90 7.00000E-01 5.00000E-02 5.00000E-02
 -1        91 5.00000E-01 5.00000E-02 5.00000E-02
 -1        92 3.00000E-01 5.00000E-02 5.00000E-02
 -1        93 1.00000E-01 5.00000E-02 5.00000E-02
 -1        94-1.00000E-01 5.00000E-02 5.00000E-02
 -1        95-3.00000E-01 5.00000E-02 5.00000E-02
 -1        96-5.00000E-01 5.00000E-02 5.00000E-02
 -1        97-7.00000E-01 5.00000E-02 5.00000E-02
 -1        98-9.00000E-01 5.00000E-02 5.00000E-02
 -1        99-1.00000E+00-5.00000E-02 0.00000E+00
 -1       100-1.00000E+00 5.00000E-02 0.00000E+00
 -1       101-8.00000E-01-3.46945E-17-5.00000E-02
 -1       102-6.00000E-01-4.16334E-17-5.00000E-02
 -1       103-4.00000E-01-3.46945E-17-5.00000E-02
 -1       104-2.00000E-01-2.77556E-17-5.00000E-02
 -1       105 0.00000E+00-3.46945E-17-5.00000E-02
 -1       106 2.00000E-01-3.46945E-17-5.00000E-02
 -1       107 4.00000E-01-4.16334E-17-5.00000E-02
 -1       108 6.00000E-01-2.77556E-17-5.00000E-02
 -1       109 8.00000E-01-3.46945E-17-5.00000E-02
 -1       110-8.00000E-01 2.50000E-02-5.00000E-02
 -1       111-9.00000E-01-3.46945E-17-5.00000E-02
 -1       112-6.00000E-01 2.50000E-02-5.00000E-02
 -1       113-7.00000E-01-3.81639E-17-5.00000E-02
 -1       114-4.00000E-01 2.50000E-02-5.00000E-02
 -1       115-5.00000E-01-3.81639E-17-5.00000E-02
 -1       116-2.00000E-01 2.50000E-02-5.00000E-02
 -1       117-3.00000E-01-3.12250E-17-5.00000E-02
 -1       118 0.00000E+00 2.50000E-02-5.00000E-02
 -1       119-1.00000E-01-3.12250E-17-5.00000E-02
 -1       120 2.00000E-01 2.50000E-02-5.00000E-02
 -1       121 1.00000E-01-3.46945E-17-5.00000E-02
 -1       122 4.00000E-01 2.50000E-02-5.00000E-02
 -1       123 3.00000E-01-3.81639E-17-5.00000E-02
 -1       124 6.00000E-01 2.50000E-02-5.00000E-02
 -1       125 5.00000E-01-3.46945E-17-5.00000E-02
 -1       126 8.00000E-01 2.50000E-02-5.00000E-02
 -1       127 7.00000E-01-3.12250E-17-5.00000E-02
 -1       128 9.00000E-01-3.46945E-17-5.00000E-02
 -1       129-8.00000E-01-2.50000E-02-5.00000E-02
 -1       130-6.00000E-01-2.50000E-02-5.00000E-02
 -1       131-4.00000E-01-2.50000E-02-5.00000E-02
 -1       132-2.00000E-01-2.50000E-02-5.00000E-02
 -1       133 0.00000E+00-2.50000E-02-5.00000E-02
 -1       134 2.00000E-01-2.50000E-02-5.00000E-02
 -1       135 4.00000E-01-2.50000E-02-5.00000E-02
 -1       136 6.00000E-01-2.50000E-02-5.00000E-02
 -1       137 8.00000E-01-2.50000E-02-5.00000E-02
 -1       138 1.00000E+00-3.46945E-17 1.38778E-17
 -1       139 8.00000E-01-3.46945E-17 5.00000E-02
 -1       140 6.00000E-01-4.16334E-17 5.00000E-02
 -1       141 4.00000E-01-3.46945E-17 5.00000E-02
 -1       142 2.00000E-01-2.77556E-17 5.00000E-02
 -1       143 0.00000E+00-3.46945E-17 5.00000E-02
 -1       144-2.00000E-01-3.46945E-17 5.00000E-02
 -1       145-4.00000E-01-4.16334E-17 5.00000E-02
 -1       146-6.00000E-01-2.77556E-17 5.00000E-02
 -1       147-8.00000E-01-3.46945E-17 5.00000E-02
 -1       148 8.00000E-01 2.50000E-02 5.00000E-02
 -1       149 9.00000E-01-3.46945E-17 5.00000E-02
 -1       150 6.00000E-01 2.50000E-02 5.00000E-02
 -1       151 7.00000E-01-3.81639E-17 5.00000E-02
 -1       152 4.00000E-01 2.50000E-02 5.00000E-02
 -1       153 5.00000E-01-3.81639E-17 5.00000E-02
 -1       154 2.00000E-01 2.50000E-02 5.00000E-02
 -1       155 3.00000E-01-3.12250E-17 5.00000E-02
 -1       156 0.00000E+00 2.50000E-02 5.00000E-02
 -1       157 1.00000E-01-3.12250E-17 5.00000E-02
 -1       158-2.00000E-01 2.50000E-02 5.00000E-02
 -1       159-1.00000E-01-3.46945E-17 5.00000E-02
 -1       160-4.00000E-01 2.50000E-02 5.00000E-02
 -1       161-3.00000E-01-3.81639E-17 5.00000E-02
 -1       162-6.00000E-01 2.50000E-02 5.00000E-02
 -1       163-5.00000E-01-3.46945E-17 5.00000E-02
 -1       164-8.00000E-01 2.50000E-02 5.00000E-02
 -1       165-7.00000E-01-3.12250E-17 5.00000E-02
 -1       166-9.00000E-01-3.46945E-17 5.00000E-02
 -1       167 8.00000E-01-2.50000E-02 5.00000E-02
 -1       168 6.00000E-01-2.50000E-02 5.00000E-02
 -1       169 4.00000E-01-2.50000E-02 5.00000E-02
 -1       170 2.00000E-01-2.50000E-02 5.00000E-02
 -1       171 0.00000E+00-2.50000E-02 5.00000E-02
 -1       172-2.00000E-01-2.50000E-02 5.00000E-02
 -1       173-4.00000E-01-2.50000E-02 5.00000E-02
 -1       174-6.00000E-01-2.50000E-02 5.00000E-02
 -1       175-8.00000E-01-2.50000E-02 5.00000E-02
 -1       176-1.00000E+00-3.46945E-17 1.38778E-17
 -1       177-8.00000E-01 5.00000E-02 0.00000E+00
 -1       178-6.00000E-01 5.00000E-02 0.00000E+00
 -1       179-4.00000E-01 5.00000E-02 0.00000E+00
 -1       180-2.00000E-01 5.00000E-02 0.00000E+00
 -1       181 0.00000E+00 5.00000E-02 0.00000E+00
 -1       182 2.00000E-01 5.00000E-02 0.00000E+00
 -1       183 4.00000E-01 5.00000E-02 0.00000E+00
 -1       184 6.00000E-01 5.00000E-02 0.00000E+00
 -1       185 8.00000E-01 5.00000E-02 0.00000E+00
 -1       186-8.00000E-01-5.00000E-02 0.00000E+00
 -1       187-6.00000E-01-5.00000E-02 0.00000E+00
 -1       188-4.00000E-01-5.00000E-02 0.00000E+00
 -1       189-2.00000E-01-5.00000E-02 0.00000E+00
 -1       190 0.00000E+00-5.00000E-02 0.00000E+00
 -1       191 2.00000E-01-5.00000E-02 0.00000E+00
 -1       192 4.00000E-01-5.00000E-02 0.00000E+00
 -1       193 6.00000E-01-5.00000E-02 0.00000E+00
 -1       194 8.00000E-01-5.00000E-02 0.00000E+00
 -1       195-8.00000E-01-3.46945E-17 1.38778E-17
 -1       196-6.00000E-01-3.46945E-17 1.38778E-17
 -1       197-4.00000E-01-3.81639E-17 1.38778E-17
 -1       198-2.00000E-01-3.12250E-17 1.38778E-17
 -1       199 0.00000E+00-3.46945E-17 1.38778E-17
 -1       200 2.00000E-01-3.12250E-17 1.38778E-17
 -1       201 4.00000E-01-3.81639E-17 1.38778E-17
 -1       202 6.00000E-01-3.46945E-17 1.38778E-17
 -1       203 8.00000E-01-3.46945E-17 1.38778E-17
 -1       320 1.00000E+00 5.50000E-02-5.00000E-02
 -1       321 1.00000E+00 5.25000E-02-5.00000E-02
 -1       322 1.00000E+00 5.00000E-02-5.00000E-02
 -1       323-1.00000E+00 5.50000E-02-5.00000E-02
 -1       324-1.00000E+00 5.25000E-02-5.00000E-02
 -1       325-1.00000E+00 5.00000E-02-5.00000E-02
 -1       326 1.00000E+00 5.50000E-02 5.00000E-02
 -1       327 1.00000E+00 5.25000E-02 5.00000E-02
 -1       328 1.00000E+00 5.00000E-02 5.00000E-02
 -1       329-1.00000E+00 5.50000E-02 5.00000E-02
 -1       330-1.00000E+00 5.25000E-02 5.00000E-02
 -1       331-1.00000E+00 5.00000E-02 5.00000E-02
 -1       332 8.00000E-01 5.50000E-02-5.00000E-02
 -1       333 8.00000E-01 5.25000E-02-5.00000E-02
 -1       334 8.00000E-01 5.00000E-02-5.00000E-02
 -1       335 6.00000E-01 5.50000E-02-5.00000E-02
 -1       336 6.00000E-01 5.25000E-02-5.00000E-02
 -1       337 6.00000E-01 5.00000E-02-5.00000E-02
 -1       338 4.00000E-01 5.50000E-02-5.00000E-02
 -1       339 4.00000E-01 5.25000E-02-5.00000E-02
 -1       340 4.00000E-01 5.00000E-02-5.00000E-02
 -1       341 2.00000E-01 5.50000E-02-5.00000E-02
 -1       342 2.00000E-01 5.25000E-02-5.00000E-02
 -1       343 2.00000E-01 5.00000E-02-5.00000E-02
 -1       344 0.00000E+00 5.50000E-02-5.00000E-02
 -1       345 0.00000E+00 5.25000E-02-5.00000E-02
 -1       346 0.00000E+00 5.00000E-02-5.00000E-02
 -1       347-2.00000E-01 5.50000E-02-5.00000E-02
 -1       348-2.00000E-01 5.25000E-02-5.00000E-02
 -1       349-2.00000E-01 5.00000E-02-5.00000E-02
 -1       350-4.00000E-01 5.50000E-02-5.00000E-02
 -1       351-4.00000E-01 5.25000E-02-5.00000E-02
 -1       352-4.00000E-01 5.00000E-02-5.00000E-02
 -1       353-6.00000E-01 5.50000E-02-5.00000E-02
 -1       354-6.00000E-01 5.25000E-02-5.00000E-02
 -1       355-6.00000E-01 5.00000E-02-5.00000E-02
 -1       356-8.00000E-01 5.50000E-02-5.00000E-02
 -1       357-8.00000E-01 5.25000E-02-5.00000E-02
 -1       358-8.00000E-01 5.00000E-02-5.00000E-02
 -1       359 9.00000E-01 5.50000E-02-5.00000E-02
 -1       361 9.00000E-01 5.00000E-02-5.00000E-02
 -1       362 7.00000E-01 5.50000E-02-5.00000E-02
 -1       364 7.00000E-01 5.00000E-02-5.00000E-02
 -1       365 5.00000E-01 5.50000E-02-5.00000E-02
 -1       367 5.00000E-01 5.00000E-02-5.00000E-02
 -1       368 3.00000E-01 5.50000E-02-5.00000E-02
 -1       370 3.00000E-01 5.00000E-02-5.00000E-02
 -1       371 1.00000E-01 5.50000E-02-5.00000E-02
 -1       373 1.00000E-01 5.00000E-02-5.00000E-02
 -1       374-1.00000E-01 5.50000E-02-5.00000E-02
 -1       376-1.00000E-01 5.00000E-02-5.00000E-02
 -1       377-3.00000E-01 5.50000E-02-5.00000E-02
 -1       379-3.00000E-01 5.00000E-02-5.00000E-02
 -1       380-5.00000E-01 5.50000E-02-5.00000E-02
 -1       382-5.00000E-01 5.00000E-02-5.00000E-02
 -1       383-7.00000E-01 5.50000E-02-5.00000E-02
 -1       385-7.00000E-01 5.00000E-02-5.00000E-02
 -1       386-9.00000E-01 5.50000E-02-5.00000E-02
 -1       388-9.00000E-01 5.00000E-02-5.00000E-02
 -1       389 1.00000E+00 5.50000E-02 0.00000E+00
 -1       391 1.00000E+00 5.00000E-02 0.00000E+00
 -1       392 8.00000E-01 5.50000E-02 5.00000E-02
 -1       393 8.00000E-01 5.25000E-02 5.00000E-02
 -1       394 8.00000E-01 5.00000E-02 5.00000E-02
 -1       395 6.00000E-01 5.50000E-02 5.00000E-02
 -1       396 6.00000E-01 5.25000E-02 5.00000E-02
 -1       397 6.00000E-01 5.00000E-02 5.00000E-02
 -1       398 4.00000E-01 5.50000E-02 5.00000E-02
 -1       399 4.00000E-01 5.25000E-02 5.00000E-02
 -1       400 4.00000E-01 5.00000E-02 5.00000E-02
 -1       401 2.00000E-01 5.50000E-02 5.00000E-02
 -1       402 2.00000E-01 5.25000E-02 5.00000E-02
 -1       403 2.00000E-01 5.00000E-02 5.00000E-02
 -1       404 0.00000E+00 5.50000E-02 5.00000E-02
 -1       405 0.00000E+00 5.25000E-02 5.00000E-02
 -1       406 0.00000E+00 5.00000E-02 5.00000E-02
 -1       407-2.00000E-01 5.50000E-02 5.00000E-02
 -1       408-2.00000E-01 5.25000E-02 5.00000E-02
 -1       409-2.00000E-01 5.00000E-02 5.00000E-02
 -1       410-4.00000E-01 5.50000E-02 5.00000E-02
 -1       411-4.00000E-01 5.25000E-02 5.00000E-02
 -1       412-4.00000E-01 5.00000E-02 5.00000E-02
 -1       413-6.00000E-01 5.50000E-02 5.00000E-02
 -1       414-6.00000E-01 5.25000E-02 5.00000E-02
 -1       415-6.00000E-01 5.00000E-02 5.00000E-02
 -1       416-8.00000E-01 5.50000E-02 5.00000E-02
 -1       417-8.00000E-01 5.25000E-02 5.00000E-02
 -1       418-8.00000E-01 5.00000E-02 5.00000E-02
 -1       419 9.00000E-01 5.50000E-02 5.00000E-02
 -1       421 9.00000E-01 5.00000E-02 5.00000E-02
 -1       422 7.00000E-01 5.50000E-02 5.00000E-02
 -1       424 7.00000E-01 5.00000E-02 5.00000E-02
 -1       425 5.00000E-01 5.50000E-02 5.00000E-02
 -1       427 5.00000E-01 5.00000E-02 5.00000E-02
 -1       428 3.00000E-01 5.50000E-02 5.00000E-02
 -1       430 3.00000E-01 5.00000E-02 5.00000E-02
 -1       431 1.00000E-01 5.50000E-02 5.00000E-02
 -1       433 1.00000E-01 5.00000E-02 5.00000E-02
 -1       434-1.00000E-01 5.50000E-02 5.00000E-02
 -1       436-1.00000E-01 5.00000E-02 5.00000E-02
 -1       437-3.00000E-01 5.50000E-02 5.00000E-02
 -1       439-3.00000E-01 5.00000E-02 5.00000E-02
 -1       440-5.00000E-01 5.50000E-02 5.00000E-02
 -1       442-5.00000E-01 5.00000E-02 5.00000E-02
 -1       443-7.00000E-01 5.50000E-02 5.00000E-02
 -1       445-7.00000E-01 5.00000E-02 5.00000E-02
 -1       446-9.00000E-01 5.50000E-02 5.00000E-02
 -1       448-9.00000E-01 5.00000E-02 5.00000E-02
 -1       449-1.00000E+00 5.50000E-02 0.00000E+00
 -1       451-1.00000E+00 5.00000E-02 0.00000E+00
 -1       452 8.00000E-01 5.50000E-02 0.00000E+00
 -1       454 8.00000E-01 5.00000E-02 0.00000E+00
 -1       455 6.00000E-01 5.50000E-02 0.00000E+00
 -1       457 6.00000E-01 5.00000E-02 0.00000E+00
 -1       458 4.00000E-01 5.50000E-02 0.00000E+00
 -1       460 4.00000E-01 5.00000E-02 0.00000E+00
 -1       461 2.00000E-01 5.50000E-02 0.00000E+00
 -1       463 2.00000E-01 5.00000E-02 0.00000E+00
 -1       464 3.46945E-19 5.50000E-02 0.00000E+00
 -1       466 0.00000E+00 5.00000E-02 0.00000E+00
 -1       467-2.00000E-01 5.50000E-02 0.00000E+00
 -1       469-2.00000E-01 5.00000E-02 0.00000E+00
 -1       470-4.00000E-01 5.50000E-02 0.00000E+00
 -1       472-4.00000E-01 5.00000E-02 0.00000E+00
 -1       473-6.00000E-01 5.50000E-02 0.00000E+00
 -1       475-6.00000E-01 5.00000E-02 0.00000E+00
 -1       476-8.00000E-01 5.50000E-02 0.00000E+00
 -1       478-8.00000E-01 5.00000E-02 0.00000E+00
 -1       479 1.00000E+00-5.00000E-02-5.00000E-02
 -1       480 1.00000E+00-5.25000E-02-5.00000E-02
 -1       481 1.00000E+00-5.50000E-02-5.00000E-02
 -1       482-1.00000E+00-5.00000E-02-5.00000E-02
 -1       483-1.00000E+00-5.25000E-02-5.00000E-02
 -1       484-1.00000E+00-5.50000E-02-5.00000E-02
 -1       485 1.00000E+00-5.00000E-02 5.00000E-02
 -1       486 1.00000E+00-5.25000E-02 5.00000E-02
 -1       487 1.00000E+00-5.50000E-02 5.00000E-02
 -1       488-1.00000E+00-5.00000E-02 5.00000E-02
 -1       489-1.00000E+00-5.25000E-02 5.00000E-02
 -1       490-1.00000E+00-5.50000E-02 5.00000E-02
 -1       491 8.00000E-01-5.00000E-02-5.00000E-02
 -1       492 8.00000E-01-5.25000E-02-5.00000E-02
 -1       493 8.00000E-01-5.50000E-02-5.00000E-02
 -1       494 6.00000E-01-5.00000E-02-5.00000E-02
 -1       495 6.00000E-01-5.25000E-02-5.00000E-02
 -1       496 6.00000E-01-5.50000E-02-5.00000E-02
 -1       497 4.00000E-01-5.00000E-02-5.00000E-02
 -1       498 4.00000E-01-5.25000E-02-5.00000E-02
 -1       499 4.00000E-01-5.50000E-02-5.00000E-02
 -1       500 2.00000E-01-5.00000E-02-5.00000E-02
 -1       501 2.00000E-01-5.25000E-02-5.00000E-02
 -1       502 2.00000E-01-5.50000E-02-5.00000E-02
 -1       503 0.00000E+00-5.00000E-02-5.00000E-02
 -1       504 0.00000E+00-5.25000E-02-5.00000E-02
 -1       505 0.00000E+00-5.50000E-02-5.00000E-02
 -1       506-2.00000E-01-5.00000E-02-5.00000E-02
 -1       507-2.00000E-01-5.25000E-02-5.00000E-02
 -1       508-2.00000E-01-5.50000E-02-5.00000E-02
 -1       509-4.00000E-01-5.00000E-02-5.00000E-02
 -1       510-4.00000E-01-5.25000E-02-5.00000E-02
 -1       511-4.00000E-01-5.50000E-02-5.00000E-02
 -1       512-6.00000E-01-5.00000E-02-5.00000E-02
 -1       513-6.00000E-01-5.25000E-02-5.00000E-02
 -1       514-6.00000E-01-5.50000E-02-5.00000E-02
 -1       515-8.00000E-01-5.00000E-02-5.00000E-02
 -1       516-8.00000E-01-5.25000E-02-5.00000E-02
 -1       517-8.00000E-01-5.50000E-02-5.00000E-02
 -1       518 9.00000E-01-5.00000E-02-5.00000E-02
 -1       520 9.00000E-01-5.50000E-02-5.00000E-02
 -1       521 7.00000E-01-5.00000E-02-5.00000E-02
 -1       523 7.00000E-01-5.50000E-02-5.00000E-02
 -1       524 5.00000E-01-5.00000E-02-5.00000E-02
 -1       526 5.00000E-01-5.50000E-02-5.00000E-02
 -1       527 3.00000E-01-5.00000E-02-5.00000E-02
 -1       529 3.00000E-01-5.50000E-02-5.00000E-02
 -1       530 1.00000E-01-5.00000E-02-5.00000E-02
 -1       532 1.00000E-01-5.50000E-02-5.00000E-02
 -1       533-1.00000E-01-5.00000E-02-5.00000E-02
 -1       535-1.00000E-01-5.50000E-02-5.00000E-02
 -1       536-3.00000E-01-5.00000E-02-5.00000E-02
 -1       538-3.00000E-01-5.50000E-02-5.00000E-02
 -1       539-5.00000E-01-5.00000E-02-5.00000E-02
 -1       541-5.00000E-01-5.50000E-02-5.00000E-02
 -1       542-7.00000E-01-5.00000E-02-5.00000E-02
 -1       544-7.00000E-01-5.50000E-02-5.00000E-02
 -1       545-9.00000E-01-5.00000E-02-5.00000E-02
 -1       547-9.00000E-01-5.50000E-02-5.00000E-02
 -1       548 1.00000E+00-5.00000E-02 0.00000E+00
 -1       550 1.00000E+00-5.50000E-02 0.00000E+00
 -1       551 8.00000E-01-5.00000E-02 5.00000E-02
 -1       552 8.00000E-01-5.25000E-02 5.00000E-02
 -1       553 8.00000E-01-5.50000E-02 5.00000E-02
 -1       554 6.00000E-01-5.00000E-02 5.00000E-02
 -1       555 6.00000E-01-5.25000E-02 5.00000E-02
 -1       556 6.00000E-01-5.50000E-02 5.00000E-02
 -1       557 4.00000E-01-5.00000E-02 5.00000E-02
 -1       558 4.00000E-01-5.25000E-02 5.00000E-02
 -1       559 4.00000E-01-5.50000E-02 5.00000E-02
 -1       560 2.00000E-01-5.00000E-02 5.00000E-02
 -1       561 2.00000E-01-5.25000E-02 5.00000E-02
 -1       562 2.00000E-01-5.50000E-02 5.00000E-02
 -1       563 0.00000E+00-5.00000E-02 5.00000E-02
 -1       564 0.00000E+00-5.25000E-02 5.00000E-02
 -1       565 0.00000E+00-5.50000E-02 5.00000E-02
 -1       566-2.00000E-01-5.00000E-02 5.00000E-02
 -1       567-2.00000E-01-5.25000E-02 5.00000E-02
 -1       568-2.00000E-01-5.50000E-02 5.00000E-02
 -1       569-4.00000E-01-5.00000E-02 5.00000E-02
 -1       570-4.00000E-01-5.25000E-02 5.00000E-02
 -1       571-4.00000E-01-5.50000E-02 5.00000E-02
 -1       572-6.00000E-01-5.00000E-02 5.00000E-02
 -1       573-6.00000E-01-5.25000E-02 5.00000E-02
 -1       574-6.00000E-01-5.50000E-02 5.00000E-02
 -1       575-8.00000E-01-5.00000E-02 5.00000E-02
 -1       576-8.00000E-01-5.25000E-02 5.00000E-02
 -1       577-8.00000E-01-5.50000E-02 5.00000E-02
 -1       578 9.00000E-01-5.00000E-02 5.00000E-02
 -1       580 9.00000E-01-5.50000E-02 5.00000E-02
 -1       581 7.00000E-01-5.00000E-02 5.00000E-02
 -1       583 7.00000E-01-5.50000E-02 5.00000E-02
 -1       584 5.00000E-01-5.00000E-02 5.00000E-02
 -1       586 5.00000E-01-5.50000E-02 5.00000E-02
 -1       587 3.00000E-01-5.00000E-02 5.00000E-02
 -1       589 3.00000E-01-5.50000E-02 5.00000E-02
 -1       590 1.00000E-01-5.00000E-02 5.00000E-02
 -1       592 1.00000E-01-5.50000E-02 5.00000E-02
 -1       593-1.00000E-01-5.00000E-02 5.00000E-02
 -1       595-1.00000E-01-5.50000E-02 5.00000E-02
 -1       596-3.00000E-01-5.00000E-02 5.00000E-02
 -1       598-3.00000E-01-5.50000E-02 5.00000E-02
 -1       599-5.00000E-01-5.00000E-02 5.00000E-02
 -1       601-5.00000E-01-5.50000E-02 5.00000E-02
 -1       602-7.00000E-01-5.00000E-02 5.00000E-02
 -1       604-7.00000E-01-5.50000E-02 5.00000E-02
 -1       605-9.00000E-01-5.00000E-02 5.00000E-02
 -1       607-9.00000E-01-5.50000E-02 5.00000E-02
 -1       608-1.00000E+00-5.00000E-02 0.00000E+00
 -1       610-1.00000E+00-5.50000E-02 0.00000E+00
 -1       611 8.00000E-01-5.00000E-02 0.00000E+00
 -1       613 8.00000E-01-5.50000E-02 0.00000E+00
 -1       614 6.00000E-01-5.00000E-02 0.00000E+00
 -1       616 6.00000E-01-5.50000E-02 0.00000E+00
 -1       617 4.00000E-01-5.00000E-02 0.00000E+00
 -1       619 4.00000E-01-5.50000E-02 0.00000E+00
 -1       620 2.00000E-01-5.00000E-02 0.00000E+00
 -1       622 2.00000E-01-5.50000E-02 0.00000E+00
 -1       623 0.00000E+00-5.00000E-02 0.00000E+00
 -1       625 3.46945E-19-5.50000E-02 0.00000E+00
 -1       626-2.00000E-01-5.00000E-02 0.00000E+00
 -1       628-2.00000E-01-5.50000E-02 0.00000E+00
 -1       629-4.00000E-01-5.00000E-02 0.00000E+00
 -1       631-4.00000E-01-5.50000E-02 0.00000E+00
 -1       632-6.00000E-01-5.00000E-02 0.00000E+00
 -1       634-6.00000E-01-5.50000E-02 0.00000E+00
 -1       635-8.00000E-01-5.00000E-02 0.00000E+00
 -1       637-8.00000E-01-5.50000E-02 0.00000E+00
 -3
    3C                            40                                     1
 -1         1    4    0    1
 -2         1         9       101        34         8        77       147        88        10       111
 -2       110        43       100       176       195       177        78       166       164        98
 -1         2    4    0    1
 -2        34       101       102        35        88       147       146        87       110       113
 -2       112        44       177       195       196       178       164       165       162        97
 -1         3    4    0    1
 -2        35       102       103        36        87       146       145        86       112       115
 -2       114        45       178       196       197       179       162       163       160        96
 -1         4    4    0    1
 -2        36       103       104        37        86       145       144        85       114       117
 -2       116        46       179       197       198       180       160       161       158        95
 -1         5    4    0    1
 -2        37       104       105        38        85       144       143        84       116       119
 -2       118        47       180       198       199       181       158       159       156        94
 -1         6    4    0    1
 -2        38       105       106        39        84       143       142        83       118       121
 -2       120        48       181       199       200       182       156       157       154        93
 -1         7    4    0    1
 -2        39       106       107        40        83       142       141        82       120       123
 -2       122        49       182       200       201       183       154       155       152        92
 -1         8    4    0    1
 -2        40       107       108        41        82       141       140        81       122       125
 -2       124        50       183       201       202       184       152       153       150        91
 -1         9    4    0    1
 -2        41       108       109        42        81       140       139        80       124       127
 -2       126        51       184       202       203       185       150       151       148        90
 -1        10    4    0    1
 -2        42       109        31         4        80       139        54         6       126       128
 -2        32        52       185       203       138        57       148       149        55        89
 -1        11    4    0    1
 -2         9         2        12       101        77         7        66       147        11        21
 -2       129       111       176        99       186       195        79        76       175       166
 -1        12    4    0    1
 -2       101        12        13       102       147        66        65       146       129        22
 -2       130       113       195       186       187       196       175        75       174       165
 -1        13    4    0    1
 -2       102        13        14       103       146        65        64       145       130        23
 -2       131       115       196       187       188       197       174        74       173       163
 -1        14    4    0    1
 -2       103        14        15       104       145        64        63       144       131        24
 -2       132       117       197       188       189       198       173        73       172       161
 -1        15    4    0    1
 -2       104        15        16       105       144        63        62       143       132        25
 -2       133       119       198       189       190       199       172        72       171       159
 -1        16    4    0    1
 -2       105        16        17       106       143        62        61       142       133        26
 -2       134       121       199       190       191       200       171        71       170       157
 -1        17    4    0    1
 -2       106        17        18       107       142        61        60       141       134        27
 -2       135       123       200       191       192       201       170        70       169       155
 -1        18    4    0    1
 -2       107        18        19       108       141        60        59       140       135        28
 -2       136       125       201       192       193       202       169        69       168       153
 -1        19    4    0    1
 -2       108        19        20       109       140        59        58       139       136        29
 -2       137       127       202       193       194       203       168        68       167       151
 -1        20    4    0    1
 -2       109        20         3        31       139        58         5        54       137        30
 -2        33       128       203       194        53       138       167        67        56       149
 -1        21    4    0    1
 -2       320       326       392       332       322       328       394       334       389       419
 -2       452       359       321       327       393       333       391       421       454       361
 -1        22    4    0    1
 -2       332       392       395       335       334       394       397       337       452       422
 -2       455       362       333       393       396       336       454       424       457       364
 -1        23    4    0    1
 -2       335       395       398       338       337       397       400       340       455       425
 -2       458       365       336       396       399       339       457       427       460       367
 -1        24    4    0    1
 -2       338       398       401       341       340       400       403       343       458       428
 -2       461       368       339       399       402       342       460       430       463       370
 -1        25    4    0    1
 -2       341       401       404       344       343       403       406       346       461       431
 -2       464       371       342       402       405       345       463       433       466       373
 -1        26    4    0    1
 -2       344       404       407       347       346       406       409       349       464       434
 -2       467       374       345       405       408       348       466       436       469       376
 -1        27    4    0    1
 -2       347       407       410       350       349       409       412       352       467       437
 -2       470       377       348       408       411       351       469       439       472       379
 -1        28    4    0    1
 -2       350       410       413       353       352       412       415       355       470       440
 -2       473       380       351       411       414       354       472       442       475       382
 -1        29    4    0    1
 -2       353       413       416       356       355       415       418       358       473       443
 -2       476       383       354       414       417       357       475       445       478       385
 -1        30    4    0    1
 -2       356       416       329       323       358       418       331       325       476       446
 -2       449       386       357       417       330       324       478       448       451       388
 -1        41    4    0    1
 -2       479       485       551       491       481       487       553       493       548       578
 -2       611       518       480       486       552       492       550       580       613       520
 -1        42    4    0    1
 -2       491       551       554       494       493       553       556       496       611       581
 -2       614       521       492       552       555       495       613       583       616       523
 -1        43    4    0    1
 -2       494       554       557       497       496       556       559       499       614       584
 -2       617       524       495       555       558       498       616       586       619       526
 -1        44    4    0    1
 -2       497       557       560       500       499       559       562       502       617       587
 -2       620       527       498       558       561       501       619       589       622       529
 -1        45    4    0    1
 -2       500       560       563       503       502       562       565       505       620       590
 -2       623       530       501       561       564       504       622       592       625       532
 -1        46    4    0    1
 -2       503       563       566       506       505       565       568       508       623       593
 -2       626       533       504       564       567       507       625       595       628       535
 -1        47    4    0    1
 -2       506       566       569       509       508       568       571       511       626       596
 -2       629       536       507       567       570       510       628       598       631       538
 -1        48    4    0    1
 -2       509       569       572       512       511       571       574       514       629       599
 -2       632       539       510       570       573       513       631       601       634       541
 -1        49    4    0    1
 -2       512       572       575       515       514       574       577       517       632       602
 -2       635       542       513       573       576       516       634       604       637       544
 -1        50    4    0    1
 -2       515       575       488       482       517       577       490       484       635       605
 -2       608       545       516       576       489       483       637       607       610       547
 -3
    1PSTEP                         1           1           1          
  100CL  101 1.000000000         459                     0    1           1
 -4  DISP        4    1
 -5  D1          1    2    1    0
 -5  D2          1    2    2    0
 -5  D3          1    2    3    0
 -5  ALL         1    2    0    0    1ALL
 -1         1 0.00000E+00 0.00000E+00 0.00000E+00
 -1         2 0.00000E+00 0.00000E+00 0.00000E+00
 -1         3-4.26189E-05-1.13593E-03 1.14773E-06
 -1         4 4.26993E-05-1.13593E-03 1.15958E-06
 -1         5-4.26993E-05-1.13593E-03 1.15988E-06
 -1         6 4.26189E-05-1.13593E-03 1.14740E-06
 -1         7 0.00000E+00 0.00000E+00 0.00000E+00
 -1         8 0.00000E+00 0.00000E+00 0.00000E+00
 -1         9 0.00000E+00 0.00000E+00 0.00000E+00
 -1        10 0.00000E+00 0.00000E+00 0.00000E+00
 -1        11 0.00000E+00 0.00000E+00 0.00000E+00
 -1        12-7.87516E-06-1.57538E-05-4.85186E-07
 -1        13-1.51673E-05-6.24190E-05-3.99613E-07
 -1        14-2.15913E-05-1.36498E-04-2.68094E-07
 -1        15-2.71684E-05-2.34625E-04-1.00655E-07
 -1        16-3.18863E-05-3.53359E-04 8.52328E-08
 -1        17-3.57473E-05-4.89265E-04 2.85916E-07
 -1        18-3.87505E-05-6.38910E-04 4.96587E-07
 -1        19-4.08962E-05-7.98859E-04 7.13231E-07
 -1        20-4.21836E-05-9.65677E-04 9.32882E-07
 -1        21-3.86538E-06-4.02902E-06-5.68367E-07
 -1        22-1.16065E-05-3.54413E-05-4.84841E-07
 -1        23-1.84657E-05-9.62442E-05-3.40747E-07
 -1        24-2.44714E-05-1.82770E-04-1.87699E-07
 -1        25-2.96183E-05-2.91631E-04-9.85752E-09
 -1        26-3.39079E-05-4.19380E-04 1.84023E-07
 -1        27-3.73400E-05-5.62585E-04 3.90241E-07
 -1        28-3.99144E-05-7.17811E-04 6.04363E-07
 -1        29-4.16308E-05-8.81624E-04 8.23096E-07
 -1        30-4.24895E-05-1.05059E-03 1.04332E-06
 -1        31 4.01760E-08-1.13593E-03 1.15364E-06
 -1        32 2.13612E-05-1.13593E-03 1.15607E-06
 -1        33-2.12809E-05-1.13593E-03 1.15123E-06
 -1        34 7.89292E-06-1.57548E-05 5.21093E-07
 -1        35 1.52014E-05-6.24200E-05 5.40627E-07
 -1        36 2.16388E-05-1.36499E-04 5.73760E-07
 -1        37 2.72270E-05-2.34626E-04 6.19842E-07
 -1        38 3.19532E-05-3.53359E-04 6.86110E-07
 -1        39 3.58203E-05-4.89266E-04 7.66481E-07
 -1        40 3.88275E-05-6.38910E-04 8.56912E-07
 -1        41 4.09754E-05-7.98859E-04 9.53524E-07
 -1        42 4.22637E-05-9.65677E-04 1.05320E-06
 -1        43 3.87417E-06-4.03053E-06 5.77205E-07
 -1        44 1.16327E-05-3.54425E-05 5.65141E-07
 -1        45 1.85068E-05-9.62452E-05 5.57353E-07
 -1        46 2.45247E-05-1.82771E-04 5.94655E-07
 -1        47 2.96813E-05-2.91632E-04 6.50874E-07
 -1        48 3.39782E-05-4.19380E-04 7.24789E-07
 -1        49 3.74152E-05-5.62585E-04 8.10674E-07
 -1        50 3.99927E-05-7.17811E-04 9.04642E-07
 -1        51 4.17106E-05-8.81624E-04 1.00288E-06
 -1        52 4.25698E-05-1.05059E-03 1.10327E-06
 -1        53-4.26633E-05-1.13594E-03 1.15380E-06
 -1        54-4.01786E-08-1.13593E-03 1.15366E-06
 -1        55 2.12809E-05-1.13593E-03 1.15108E-06
 -1        56-2.13613E-05-1.13593E-03 1.15622E-06
 -1        57 4.26633E-05-1.13594E-03 1.15348E-06
 -1        58-4.22637E-05-9.65677E-04 1.05353E-06
 -1        59-4.09754E-05-7.98858E-04 9.53825E-07
 -1        60-3.88275E-05-6.38910E-04 8.57181E-07
 -1        61-3.58203E-05-4.89265E-04 7.66744E-07
 -1        62-3.19532E-05-3.53359E-04 6.86308E-07
 -1        63-2.72270E-05-2.34626E-04 6.20020E-07
 -1        64-2.16388E-05-1.36498E-04 5.73892E-07
 -1        65-1.52014E-05-6.24200E-05 5.40700E-07
 -1        66-7.89289E-06-1.57548E-05 5.21151E-07
 -1        67-4.25698E-05-1.05059E-03 1.10359E-06
 -1        68-4.17106E-05-8.81623E-04 1.00320E-06
 -1        69-3.99927E-05-7.17811E-04 9.04933E-07
 -1        70-3.74152E-05-5.62585E-04 8.10970E-07
 -1        71-3.39782E-05-4.19380E-04 7.25029E-07
 -1        72-2.96813E-05-2.91631E-04 6.51089E-07
 -1        73-2.45247E-05-1.82770E-04 5.94823E-07
 -1        74-1.85068E-05-9.62451E-05 5.57467E-07
 -1        75-1.16327E-05-3.54424E-05 5.65228E-07
 -1        76-3.87416E-06-4.03049E-06 5.77243E-07
 -1        77 0.00000E+00 0.00000E+00 0.00000E+00
 -1        78 0.00000E+00 0.00000E+00 0.00000E+00
 -1        79 0.00000E+00 0.00000E+00 0.00000E+00
 -1        80 4.21836E-05-9.65677E-04 9.32540E-07
 -1        81 4.08962E-05-7.98858E-04 7.12896E-07
 -1        82 3.87505E-05-6.38910E-04 4.96271E-07
 -1        83 3.57473E-05-4.89265E-04 2.85649E-07
 -1        84 3.18863E-05-3.53358E-04 8.49808E-08
 -1        85 2.71685E-05-2.34625E-04-1.00853E-07
 -1        86 2.15913E-05-1.36498E-04-2.68235E-07
 -1        87 1.51672E-05-6.24189E-05-3.99713E-07
 -1        88 7.87515E-06-1.57537E-05-4.85210E-07
 -1        89 4.24895E-05-1.05059E-03 1.04301E-06
 -1        90 4.16308E-05-8.81623E-04 8.22777E-07
 -1        91 3.99144E-05-7.17811E-04 6.04075E-07
 -1        92 3.73400E-05-5.62585E-04 3.89960E-07
 -1        93 3.39079E-05-4.19380E-04 1.83794E-07
 -1        94 2.96183E-05-2.91631E-04-1.00687E-08
 -1        95 2.44714E-05-1.82770E-04-1.87876E-07
 -1        96 1.84657E-05-9.62441E-05-3.40856E-07
 -1        97 1.16064E-05-3.54413E-05-4.84912E-07
 -1        98 3.86539E-06-4.02900E-06-5.68394E-07
 -1        99 0.00000E+00 0.00000E+00 0.00000E+00
 -1       100 0.00000E+00 0.00000E+00 0.00000E+00
 -1       101 8.94016E-09-1.55252E-05 1.82245E-08
 -1       102 1.70654E-08-6.21846E-05 7.07744E-08
 -1       103 2.37968E-08-1.36288E-04 1.53045E-07
 -1       104 2.92694E-08-2.34445E-04 2.59754E-07
 -1       105 3.34871E-08-3.53209E-04 3.85778E-07
 -1       106 3.65150E-08-4.89145E-04 5.26270E-07
 -1       107 3.85226E-08-6.38820E-04 6.76776E-07
 -1       108 3.96260E-08-7.98798E-04 8.33386E-07
 -1       109 4.00703E-08-9.65646E-04 9.93050E-07
 -1       110 3.94107E-06-1.55523E-05 2.70626E-07
 -1       111 4.34379E-09-3.70844E-06 4.78052E-09
 -1       112 7.60132E-06-6.22476E-05 3.05318E-07
 -1       113 1.31325E-08-3.51822E-05 4.04324E-08
 -1       114 1.08238E-05-1.36339E-04 3.63647E-07
 -1       115 2.05516E-08-9.60189E-05 1.08542E-07
 -1       116 1.36204E-05-2.34491E-04 4.39770E-07
 -1       117 2.66659E-08-1.82575E-04 2.03667E-07
 -1       118 1.59857E-05-3.53246E-04 5.35997E-07
 -1       119 3.15007E-08-2.91466E-04 3.20656E-07
 -1       120 1.79207E-05-4.89175E-04 6.46388E-07
 -1       121 3.51132E-08-4.19245E-04 4.54513E-07
 -1       122 1.94254E-05-6.38843E-04 7.66862E-07
 -1       123 3.76160E-08-5.62480E-04 6.00533E-07
 -1       124 2.04998E-05-7.98814E-04 8.93432E-07
 -1       125 3.91502E-08-7.17736E-04 7.54540E-07
 -1       126 2.11444E-05-9.65654E-04 1.02325E-06
 -1       127 3.99043E-08-8.81579E-04 9.13002E-07
 -1       128 4.01456E-08-1.05057E-03 1.07330E-06
 -1       129-3.92324E-06-1.55518E-05-2.34246E-07
 -1       130-7.56720E-06-6.22471E-05-1.63918E-07
 -1       131-1.07762E-05-1.36339E-04-5.76604E-08
 -1       132-1.35619E-05-2.34491E-04 7.96613E-08
 -1       133-1.59188E-05-3.53246E-04 2.35510E-07
 -1       134-1.78477E-05-4.89175E-04 4.06125E-07
 -1       135-1.93483E-05-6.38842E-04 5.86685E-07
 -1       136-2.04206E-05-7.98813E-04 7.73342E-07
 -1       137-2.10643E-05-9.65654E-04 9.62850E-07
 -1       138-1.37939E-12-1.13593E-03 1.15365E-06
 -1       139-4.00741E-08-9.65645E-04 9.93054E-07
 -1       140-3.96261E-08-7.98798E-04 8.33392E-07
 -1       141-3.85188E-08-6.38820E-04 6.76785E-07
 -1       142-3.65156E-08-4.89145E-04 5.26281E-07
 -1       143-3.34828E-08-3.53208E-04 3.85778E-07
 -1       144-2.92678E-08-2.34445E-04 2.59747E-07
 -1       145-2.37941E-08-1.36288E-04 1.53043E-07
 -1       146-1.70706E-08-6.21845E-05 7.07765E-08
 -1       147-8.93859E-09-1.55252E-05 1.82270E-08
 -1       148 2.10643E-05-9.65654E-04 9.62679E-07
 -1       149-4.01504E-08-1.05057E-03 1.07330E-06
 -1       150 2.04206E-05-7.98813E-04 7.73179E-07
 -1       151-3.99089E-08-8.81578E-04 9.13001E-07
 -1       152 1.93483E-05-6.38842E-04 5.86536E-07
 -1       153-3.91435E-08-7.17736E-04 7.54537E-07
 -1       154 1.78477E-05-4.89175E-04 4.05993E-07
 -1       155-3.76118E-08-5.62480E-04 6.00532E-07
 -1       156 1.59188E-05-3.53246E-04 2.35388E-07
 -1       157-3.51157E-08-4.19245E-04 4.54516E-07
 -1       158 1.35619E-05-2.34490E-04 7.95583E-08
 -1       159-3.14967E-08-2.91466E-04 3.20656E-07
 -1       160 1.07762E-05-1.36339E-04-5.77328E-08
 -1       161-2.66643E-08-1.82575E-04 2.03665E-07
 -1       162 7.56718E-06-6.22470E-05-1.63965E-07
 -1       163-2.05575E-08-9.60188E-05 1.08542E-07
 -1       164 3.92324E-06-1.55517E-05-2.34262E-07
 -1       165-1.31341E-08-3.51821E-05 4.04307E-08
 -1       166-4.34043E-09-3.70841E-06 4.77753E-09
 -1       167-2.11444E-05-9.65654E-04 1.02341E-06
 -1       168-2.04998E-05-7.98813E-04 8.93587E-07
 -1       169-1.94254E-05-6.38842E-04 7.67003E-07
 -1       170-1.79207E-05-4.89175E-04 6.46522E-07
 -1       171-1.59857E-05-3.53246E-04 5.36101E-07
 -1       172-1.36204E-05-2.34491E-04 4.39856E-07
 -1       173-1.08238E-05-1.36339E-04 3.63711E-07
 -1       174-7.60132E-06-6.22475E-05 3.05358E-07
 -1       175-3.94106E-06-1.55522E-05 2.70651E-07
 -1       176 0.00000E+00 0.00000E+00 0.00000E+00
 -1       177 7.87979E-06-1.60950E-05 1.75445E-08
 -1       178 1.51916E-05-6.26427E-05 7.02242E-08
 -1       179 2.16201E-05-1.36712E-04 1.52542E-07
 -1       180 2.72035E-05-2.34805E-04 2.59326E-07
 -1       181 3.19253E-05-3.53509E-04 3.85417E-07
 -1       182 3.57894E-05-4.89385E-04 5.25979E-07
 -1       183 3.87946E-05-6.39000E-04 6.76535E-07
 -1       184 4.09414E-05-7.98919E-04 8.33182E-07
 -1       185 4.22295E-05-9.65706E-04 9.92869E-07
 -1       186-7.87978E-06-1.60950E-05 1.75829E-08
 -1       187-1.51916E-05-6.26427E-05 7.03112E-08
 -1       188-2.16201E-05-1.36712E-04 1.52679E-07
 -1       189-2.72035E-05-2.34805E-04 2.59513E-07
 -1       190-3.19253E-05-3.53509E-04 3.85644E-07
 -1       191-3.57894E-05-4.89385E-04 5.26242E-07
 -1       192-3.87946E-05-6.39000E-04 6.76827E-07
 -1       193-4.09414E-05-7.98919E-04 8.33501E-07
 -1       194-4.22295E-05-9.65706E-04 9.93198E-07
 -1       195 7.81468E-13-1.58672E-05 1.78321E-08
 -1       196-4.12007E-12-6.24068E-05 7.05385E-08
 -1       197-5.11731E-14-1.36503E-04 1.52822E-07
 -1       198 3.84026E-12-2.34625E-04 2.59586E-07
 -1       199 3.34217E-12-3.53359E-04 3.85651E-07
 -1       200-6.28202E-13-4.89265E-04 5.26186E-07
 -1       201 1.06475E-13-6.38910E-04 6.76728E-07
 -1       202 1.40000E-12-7.98859E-04 8.33366E-07
 -1       203-1.16887E-12-9.65675E-04 9.93047E-07
 -1       320 4.69760E-05-1.13594E-03 1.16030E-06
 -1       321 4.48375E-05-1.13594E-03 1.15995E-06
 -1       322 4.26993E-05-1.13593E-03 1.15958E-06
 -1       323 0.00000E+00-3.83281E-08 0.00000E+00
 -1       324 0.00000E+00 0.00000E+00 0.00000E+00
 -1       325 0.00000E+00 3.83281E-08-0.00000E+00
 -1       326 4.68957E-05-1.13594E-03 1.14666E-06
 -1       327 4.47571E-05-1.13594E-03 1.14702E-06
 -1       328 4.26189E-05-1.13593E-03 1.14740E-06
 -1       329 0.00000E+00-3.82425E-08 0.00000E+00
 -1       330 0.00000E+00 0.00000E+00 0.00000E+00
 -1       331 0.00000E+00 3.82425E-08-0.00000E+00
 -1       332 4.64965E-05-9.65684E-04 1.05911E-06
 -1       333 4.43800E-05-9.65680E-04 1.05616E-06
 -1       334 4.22637E-05-9.65677E-04 1.05320E-06
 -1       335 4.50796E-05-7.98871E-04 9.65562E-07
 -1       336 4.30273E-05-7.98865E-04 9.59544E-07
 -1       337 4.09754E-05-7.98859E-04 9.53524E-07
 -1       338 4.27170E-05-6.38929E-04 8.74919E-07
 -1       339 4.07721E-05-6.38920E-04 8.65916E-07
 -1       340 3.88275E-05-6.38910E-04 8.56912E-07
 -1       341 3.94093E-05-4.89291E-04 7.90487E-07
 -1       342 3.76146E-05-4.89278E-04 7.78483E-07
 -1       343 3.58203E-05-4.89266E-04 7.66481E-07
 -1       344 3.51557E-05-3.53391E-04 7.16168E-07
 -1       345 3.35543E-05-3.53375E-04 7.01140E-07
 -1       346 3.19532E-05-3.53359E-04 6.86110E-07
 -1       347 2.99575E-05-2.34664E-04 6.55682E-07
 -1       348 2.85921E-05-2.34644E-04 6.37760E-07
 -1       349 2.72270E-05-2.34626E-04 6.19842E-07
 -1       350 2.38097E-05-1.36543E-04 6.16508E-07
 -1       351 2.27241E-05-1.36520E-04 5.95142E-07
 -1       352 2.16388E-05-1.36499E-04 5.73760E-07
 -1       353 1.67294E-05-6.24713E-05 5.85443E-07
 -1       354 1.59652E-05-6.24451E-05 5.63018E-07
 -1       355 1.52014E-05-6.24200E-05 5.40627E-07
 -1       356 8.67719E-06-1.58147E-05 5.87472E-07
 -1       357 8.28492E-06-1.57839E-05 5.54311E-07
 -1       358 7.89292E-06-1.57548E-05 5.21093E-07
 -1       359 4.68257E-05-1.05059E-03 1.10643E-06
 -1       361 4.25698E-05-1.05059E-03 1.10327E-06
 -1       362 4.58806E-05-8.81633E-04 1.01183E-06
 -1       364 4.17106E-05-8.81624E-04 1.00288E-06
 -1       365 4.39910E-05-7.17827E-04 9.19658E-07
 -1       367 3.99927E-05-7.17811E-04 9.04642E-07
 -1       368 4.11559E-05-5.62607E-04 8.31673E-07
 -1       370 3.74152E-05-5.62585E-04 8.10674E-07
 -1       371 3.73753E-05-4.19409E-04 7.51818E-07
 -1       373 3.39782E-05-4.19380E-04 7.24789E-07
 -1       374 3.26492E-05-2.91666E-04 6.83824E-07
 -1       376 2.96813E-05-2.91632E-04 6.50874E-07
 -1       377 2.69772E-05-1.82812E-04 6.33960E-07
 -1       379 2.45247E-05-1.82771E-04 5.94655E-07
 -1       380 2.03595E-05-9.62924E-05 6.01181E-07
 -1       382 1.85068E-05-9.62452E-05 5.57353E-07
 -1       383 1.27983E-05-3.54954E-05 6.21097E-07
 -1       385 1.16327E-05-3.54425E-05 5.65141E-07
 -1       386 4.27469E-06-4.08824E-06 6.13434E-07
 -1       388 3.87417E-06-4.03053E-06 5.77205E-07
 -1       389 4.69395E-05-1.13594E-03 1.15347E-06
 -1       391 4.26633E-05-1.13594E-03 1.15348E-06
 -1       392 4.64164E-05-9.65683E-04 9.26591E-07
 -1       393 4.42998E-05-9.65680E-04 9.29567E-07
 -1       394 4.21836E-05-9.65677E-04 9.32540E-07
 -1       395 4.50004E-05-7.98871E-04 7.00816E-07
 -1       396 4.29481E-05-7.98864E-04 7.06856E-07
 -1       397 4.08962E-05-7.98858E-04 7.12896E-07
 -1       398 4.26400E-05-6.38929E-04 4.78217E-07
 -1       399 4.06950E-05-6.38919E-04 4.87244E-07
 -1       400 3.87505E-05-6.38910E-04 4.96271E-07
 -1       401 3.93363E-05-4.89290E-04 2.61583E-07
 -1       402 3.75416E-05-4.89277E-04 2.73616E-07
 -1       403 3.57473E-05-4.89265E-04 2.85649E-07
 -1       404 3.50888E-05-3.53390E-04 5.48496E-08
 -1       405 3.34874E-05-3.53374E-04 6.99147E-08
 -1       406 3.18863E-05-3.53358E-04 8.49808E-08
 -1       407 2.98990E-05-2.34663E-04-1.36785E-07
 -1       408 2.85335E-05-2.34644E-04-1.18816E-07
 -1       409 2.71685E-05-2.34625E-04-1.00853E-07
 -1       410 2.37622E-05-1.36542E-04-3.11087E-07
 -1       411 2.26766E-05-1.36519E-04-2.89668E-07
 -1       412 2.15913E-05-1.36498E-04-2.68235E-07
 -1       413 1.66953E-05-6.24700E-05-4.44654E-07
 -1       414 1.59311E-05-6.24439E-05-4.22165E-07
 -1       415 1.51672E-05-6.24189E-05-3.99713E-07
 -1       416 8.65948E-06-1.58135E-05-5.51697E-07
 -1       417 8.26718E-06-1.57828E-05-5.18479E-07
 -1       418 7.87515E-06-1.57537E-05-4.85210E-07
 -1       419 4.67455E-05-1.05059E-03 1.03982E-06
 -1       421 4.24895E-05-1.05059E-03 1.04301E-06
 -1       422 4.58008E-05-8.81633E-04 8.13790E-07
 -1       424 4.16308E-05-8.81623E-04 8.22777E-07
 -1       425 4.39127E-05-7.17826E-04 5.89016E-07
 -1       427 3.99144E-05-7.17811E-04 6.04075E-07
 -1       428 4.10806E-05-5.62607E-04 3.68902E-07
 -1       430 3.73400E-05-5.62585E-04 3.89960E-07
 -1       431 3.73051E-05-4.19408E-04 1.56697E-07
 -1       433 3.39079E-05-4.19380E-04 1.83794E-07
 -1       434 3.25862E-05-2.91665E-04-4.31020E-08
 -1       436 2.96183E-05-2.91631E-04-1.00687E-08
 -1       437 2.69239E-05-1.82811E-04-2.27280E-07
 -1       439 2.44714E-05-1.82770E-04-1.87876E-07
 -1       440 2.03184E-05-9.62913E-05-3.84796E-07
 -1       442 1.84657E-05-9.62441E-05-3.40856E-07
 -1       443 1.27720E-05-3.54941E-05-5.40993E-07
 -1       445 1.16064E-05-3.54413E-05-4.84912E-07
 -1       446 4.26586E-06-4.08656E-06-6.04784E-07
 -1       448 3.86539E-06-4.02900E-06-5.68394E-07
 -1       449 0.00000E+00-3.86105E-08 0.00000E+00
 -1       451 0.00000E+00 3.86105E-08-0.00000E+00
 -1       452 4.64618E-05-9.65713E-04 9.92852E-07
 -1       454 4.22295E-05-9.65706E-04 9.92869E-07
 -1       455 4.50450E-05-7.98931E-04 8.33160E-07
 -1       457 4.09414E-05-7.98919E-04 8.33182E-07
 -1       458 4.26836E-05-6.39019E-04 6.76510E-07
 -1       460 3.87946E-05-6.39000E-04 6.76535E-07
 -1       461 3.93779E-05-4.89411E-04 5.25949E-07
 -1       463 3.57894E-05-4.89385E-04 5.25979E-07
 -1       464 3.51274E-05-3.53541E-04 3.85380E-07
 -1       466 3.19253E-05-3.53509E-04 3.85417E-07
 -1       467 2.99331E-05-2.34843E-04 2.59281E-07
 -1       469 2.72035E-05-2.34805E-04 2.59326E-07
 -1       470 2.37914E-05-1.36757E-04 1.52491E-07
 -1       472 2.16201E-05-1.36712E-04 1.52542E-07
 -1       473 1.67167E-05-6.26941E-05 7.01643E-08
 -1       475 1.51916E-05-6.26427E-05 7.02242E-08
 -1       476 8.66820E-06-1.61547E-05 1.74881E-08
 -1       478 7.87979E-06-1.60950E-05 1.75445E-08
 -1       479-4.26189E-05-1.13593E-03 1.14773E-06
 -1       480-4.47571E-05-1.13594E-03 1.14737E-06
 -1       481-4.68956E-05-1.13594E-03 1.14703E-06
 -1       482 0.00000E+00 3.82411E-08 0.00000E+00
 -1       483 0.00000E+00 0.00000E+00 0.00000E+00
 -1       484 0.00000E+00-3.82411E-08-0.00000E+00
 -1       485-4.26993E-05-1.13593E-03 1.15988E-06
 -1       486-4.48375E-05-1.13594E-03 1.16025E-06
 -1       487-4.69761E-05-1.13594E-03 1.16061E-06
 -1       488 0.00000E+00 3.83272E-08 0.00000E+00
 -1       489 0.00000E+00 0.00000E+00 0.00000E+00
 -1       490 0.00000E+00-3.83272E-08-0.00000E+00
 -1       491-4.21836E-05-9.65677E-04 9.32882E-07
 -1       492-4.42998E-05-9.65680E-04 9.29927E-07
 -1       493-4.64164E-05-9.65684E-04 9.26968E-07
 -1       494-4.08962E-05-7.98859E-04 7.13231E-07
 -1       495-4.29481E-05-7.98865E-04 7.07210E-07
 -1       496-4.50003E-05-7.98871E-04 7.01190E-07
 -1       497-3.87505E-05-6.38910E-04 4.96587E-07
 -1       498-4.06950E-05-6.38919E-04 4.87577E-07
 -1       499-4.26399E-05-6.38929E-04 4.78567E-07
 -1       500-3.57473E-05-4.89265E-04 2.85916E-07
 -1       501-3.75416E-05-4.89278E-04 2.73897E-07
 -1       502-3.93363E-05-4.89290E-04 2.61878E-07
 -1       503-3.18863E-05-3.53359E-04 8.52328E-08
 -1       504-3.34873E-05-3.53374E-04 7.01818E-08
 -1       505-3.50888E-05-3.53390E-04 5.51321E-08
 -1       506-2.71684E-05-2.34625E-04-1.00655E-07
 -1       507-2.85335E-05-2.34644E-04-1.18606E-07
 -1       508-2.98989E-05-2.34663E-04-1.36565E-07
 -1       509-2.15913E-05-1.36498E-04-2.68094E-07
 -1       510-2.26766E-05-1.36519E-04-2.89519E-07
 -1       511-2.37622E-05-1.36542E-04-3.10931E-07
 -1       512-1.51673E-05-6.24190E-05-3.99613E-07
 -1       513-1.59311E-05-6.24440E-05-4.22060E-07
 -1       514-1.66953E-05-6.24701E-05-4.44542E-07
 -1       515-7.87516E-06-1.57538E-05-4.85186E-07
 -1       516-8.26718E-06-1.57828E-05-5.18455E-07
 -1       517-8.65949E-06-1.58136E-05-5.51673E-07
 -1       518-4.24895E-05-1.05059E-03 1.04332E-06
 -1       520-4.67455E-05-1.05059E-03 1.04017E-06
 -1       521-4.16308E-05-8.81624E-04 8.23096E-07
 -1       523-4.58008E-05-8.81633E-04 8.14139E-07
 -1       524-3.99144E-05-7.17811E-04 6.04363E-07
 -1       526-4.39127E-05-7.17827E-04 5.89332E-07
 -1       527-3.73400E-05-5.62585E-04 3.90241E-07
 -1       529-4.10807E-05-5.62607E-04 3.69206E-07
 -1       530-3.39079E-05-4.19380E-04 1.84023E-07
 -1       532-3.73051E-05-4.19408E-04 1.56946E-07
 -1       533-2.96183E-05-2.91631E-04-9.85752E-09
 -1       535-3.25862E-05-2.91666E-04-4.28679E-08
 -1       536-2.44714E-05-1.82770E-04-1.87699E-07
 -1       538-2.69239E-05-1.82811E-04-2.27085E-07
 -1       539-1.84657E-05-9.62442E-05-3.40747E-07
 -1       541-2.03184E-05-9.62914E-05-3.84676E-07
 -1       542-1.16065E-05-3.54413E-05-4.84841E-07
 -1       544-1.27720E-05-3.54942E-05-5.40916E-07
 -1       545-3.86538E-06-4.02902E-06-5.68367E-07
 -1       547-4.26586E-06-4.08659E-06-6.04755E-07
 -1       548-4.26633E-05-1.13594E-03 1.15380E-06
 -1       550-4.69395E-05-1.13594E-03 1.15382E-06
 -1       551-4.22637E-05-9.65677E-04 1.05353E-06
 -1       552-4.43800E-05-9.65680E-04 1.05650E-06
 -1       553-4.64965E-05-9.65683E-04 1.05948E-06
 -1       554-4.09754E-05-7.98858E-04 9.53825E-07
 -1       555-4.30274E-05-7.98865E-04 9.59856E-07
 -1       556-4.50796E-05-7.98871E-04 9.65887E-07
 -1       557-3.88275E-05-6.38910E-04 8.57181E-07
 -1       558-4.07721E-05-6.38919E-04 8.66195E-07
 -1       559-4.27170E-05-6.38929E-04 8.75209E-07
 -1       560-3.58203E-05-4.89265E-04 7.66744E-07
 -1       561-3.76146E-05-4.89278E-04 7.78758E-07
 -1       562-3.94093E-05-4.89291E-04 7.90773E-07
 -1       563-3.19532E-05-3.53359E-04 6.86308E-07
 -1       564-3.35543E-05-3.53374E-04 7.01344E-07
 -1       565-3.51557E-05-3.53391E-04 7.16378E-07
 -1       566-2.72270E-05-2.34626E-04 6.20020E-07
 -1       567-2.85921E-05-2.34644E-04 6.37947E-07
 -1       568-2.99575E-05-2.34664E-04 6.55880E-07
 -1       569-2.16388E-05-1.36498E-04 5.73892E-07
 -1       570-2.27242E-05-1.36520E-04 5.95281E-07
 -1       571-2.38098E-05-1.36543E-04 6.16655E-07
 -1       572-1.52014E-05-6.24200E-05 5.40700E-07
 -1       573-1.59652E-05-6.24450E-05 5.63093E-07
 -1       574-1.67294E-05-6.24712E-05 5.85519E-07
 -1       575-7.89289E-06-1.57548E-05 5.21151E-07
 -1       576-8.28488E-06-1.57838E-05 5.54372E-07
 -1       577-8.67716E-06-1.58147E-05 5.87538E-07
 -1       578-4.25698E-05-1.05059E-03 1.10359E-06
 -1       580-4.68257E-05-1.05059E-03 1.10677E-06
 -1       581-4.17106E-05-8.81623E-04 1.00320E-06
 -1       583-4.58806E-05-8.81633E-04 1.01218E-06
 -1       584-3.99927E-05-7.17811E-04 9.04933E-07
 -1       586-4.39910E-05-7.17827E-04 9.19978E-07
 -1       587-3.74152E-05-5.62585E-04 8.10970E-07
 -1       589-4.11559E-05-5.62607E-04 8.32000E-07
 -1       590-3.39782E-05-4.19380E-04 7.25029E-07
 -1       592-3.73753E-05-4.19409E-04 7.52081E-07
 -1       593-2.96813E-05-2.91631E-04 6.51089E-07
 -1       595-3.26492E-05-2.91666E-04 6.84061E-07
 -1       596-2.45247E-05-1.82770E-04 5.94823E-07
 -1       598-2.69772E-05-1.82811E-04 6.34147E-07
 -1       599-1.85068E-05-9.62451E-05 5.57467E-07
 -1       601-2.03595E-05-9.62923E-05 6.01306E-07
 -1       602-1.16327E-05-3.54424E-05 5.65228E-07
 -1       604-1.27983E-05-3.54953E-05 6.21194E-07
 -1       605-3.87416E-06-4.03049E-06 5.77243E-07
 -1       607-4.27468E-06-4.08820E-06 6.13481E-07
 -1       608 0.00000E+00 3.86112E-08 0.00000E+00
 -1       610 0.00000E+00-3.86112E-08-0.00000E+00
 -1       611-4.22295E-05-9.65706E-04 9.93198E-07
 -1       613-4.64618E-05-9.65713E-04 9.93212E-07
 -1       614-4.09414E-05-7.98919E-04 8.33501E-07
 -1       616-4.50450E-05-7.98931E-04 8.33513E-07
 -1       617-3.87946E-05-6.39000E-04 6.76827E-07
 -1       619-4.26836E-05-6.39019E-04 6.76832E-07
 -1       620-3.57894E-05-4.89385E-04 5.26242E-07
 -1       622-3.93779E-05-4.89411E-04 5.26240E-07
 -1       623-3.19253E-05-3.53509E-04 3.85644E-07
 -1       625-3.51274E-05-3.53541E-04 3.85631E-07
 -1       626-2.72035E-05-2.34805E-04 2.59513E-07
 -1       628-2.99331E-05-2.34843E-04 2.59485E-07
 -1       629-2.16201E-05-1.36712E-04 1.52679E-07
 -1       631-2.37914E-05-1.36757E-04 1.52642E-07
 -1       632-1.51916E-05-6.26427E-05 7.03112E-08
 -1       634-1.67167E-05-6.26941E-05 7.02604E-08
 -1       635-7.87978E-06-1.60950E-05 1.75829E-08
 -1       637-8.66819E-06-1.61547E-05 1.75291E-08
 -3
    1PSTEP                         2           1           1          
  100CL  101 1.000000000         459                     0    1           1
 -4  STRESS      6    1
 -5  SXX         1    4    1    1
 -5  SYY         1    4    2    2
 -5  SZZ         1    4    3    3
 -5  SXY         1    4    1    2
 -5  SYZ         1    4    2    3
 -5  SZX         1    4    3    1
 -1         1 1.02066E+07 3.96929E+06 3.96929E+06-1.50647E+05 2.16670E+00 7.33252E+05
 -1         2-1.01833E+07-3.96022E+06-3.96022E+06-1.48602E+05 2.16461E+00-7.33479E+05
 -1         3-7.37161E+04 3.13088E+04 1.36101E+04-1.50490E+05 4.58098E+03 3.51760E+03
 -1         4 7.37981E+04-3.12716E+04-1.37386E+04-1.50428E+05 4.55644E+03-3.45799E+03
 -1         5-7.40019E+04 3.11243E+04 1.35289E+04-1.50288E+05-4.52479E+03-3.53735E+03
 -1         6 7.38709E+04-3.11592E+04-1.35844E+04-1.50352E+05-4.54167E+03 3.55393E+03
 -1         7-1.02066E+07-3.96928E+06-3.96928E+06-1.50617E+05-2.16674E+00 7.33289E+05
 -1         8 1.01833E+07 3.96023E+06 3.96022E+06-1.48571E+05-2.16463E+00-7.33514E+05
 -1         9 1.13226E+04 4.40324E+03 4.40324E+03 2.83614E+05 2.19034E+00 3.68133E+02
 -1        10 5.09602E+06 1.98172E+06 1.98172E+06 1.02458E+05 2.17880E+00 3.67207E+05
 -1        11-5.07302E+06-1.97278E+06-1.97278E+06 1.03480E+05 2.17721E+00-3.66870E+05
 -1        12-8.34331E+06 3.71557E+04-2.15804E+05 3.24540E+04-2.98092E+05 1.49840E+05
 -1        13-7.28202E+06-1.67680E+05-1.13248E+05-1.51742E+05 4.16260E+04 2.18131E+04
 -1        14-6.30097E+06 2.70255E+04 9.58995E+03-1.50897E+05-1.40596E+04 8.58256E+03
 -1        15-5.40743E+06-9.42421E+03-4.75556E+03-1.54788E+05 3.04259E+03 6.45968E+03
 -1        16-4.50341E+06 2.38088E+03 8.85754E+02-1.54608E+05-8.33182E+02 6.41336E+03
 -1        17-3.60379E+06-5.08454E+02-2.22420E+02-1.54507E+05 1.71660E+02 6.43477E+03
 -1        18-2.70304E+06 7.69094E+01-6.97352E+01-1.54652E+05-1.17770E+01 6.26413E+03
 -1        19-1.80104E+06 1.96523E+03 1.27620E+03-1.53971E+05-2.21921E+02 6.61757E+03
 -1        20-8.96265E+05 5.46361E+03 3.85782E+03-1.52528E+05 1.63242E+03 6.49936E+03
 -1        21-8.34031E+06-2.52379E+05-1.79328E+03-8.03592E+04 3.77519E+05-1.99241E+05
 -1        22-7.55781E+06 2.09073E+05 1.44900E+05-1.83280E+04-6.53123E+04 8.55379E+03
 -1        23-6.76203E+06-3.94714E+04-2.00181E+04-4.28468E+03 1.95774E+04-2.81220E+01
 -1        24-5.85078E+06 1.23624E+04 6.94826E+03-5.55105E+03-4.52893E+03 7.14104E+03
 -1        25-4.95516E+06-3.13635E+03-1.54309E+03-4.74573E+03 1.17448E+03 5.89215E+03
 -1        26-4.05383E+06 8.86983E+02 4.17444E+02-4.93869E+03-2.91284E+02 6.25368E+03
 -1        27-3.15352E+06-2.88332E+02-1.18200E+02-4.90297E+03 9.62862E+01 6.19631E+03
 -1        28-2.25299E+06 1.67013E+02 7.45913E+01-4.78803E+03-1.10157E+02 6.20343E+03
 -1        29-1.35269E+06-1.88848E+03-1.19718E+03-5.87664E+03 2.96389E+02 5.82077E+03
 -1        30-4.59444E+05-4.91065E+03-3.51016E+03-4.66873E+03-1.93008E+03 5.75558E+03
 -1        31 3.14935E+01 3.37570E+01 1.96545E+01-2.60332E+05-7.13665E+02 3.46626E+01
 -1        32 2.99979E+04-3.23115E+04-1.11666E+04-2.08153E+05 1.91800E+03-1.98851E+03
 -1        33-2.99298E+04 3.23699E+04 1.11480E+04-2.08179E+05 1.93561E+03 2.05550E+03
 -1        34 8.36181E+06-3.68769E+04 2.14441E+05 3.27636E+04-2.98514E+05-1.49292E+05
 -1        35 7.29757E+06 1.67562E+05 1.13602E+05-1.51672E+05 4.17121E+04-2.12945E+04
 -1        36 6.31376E+06-2.71341E+04-9.74609E+03-1.50922E+05-1.40531E+04-8.03869E+03
 -1        37 5.41749E+06 9.31613E+03 4.65569E+03-1.54716E+05 3.11658E+03-5.98663E+03
 -1        38 4.51100E+06-2.26008E+03-9.78911E+02-1.54565E+05-8.04271E+02-5.96284E+03
 -1        39 3.60901E+06 5.94291E+02 2.39370E+02-1.54558E+05 1.87889E+02-5.97064E+03
 -1        40 2.70618E+06-9.68941E+01-1.04535E+02-1.54577E+05 8.10366E+01-5.94224E+03
 -1        41 1.80252E+06-2.07338E+03-1.42498E+03-1.53925E+05-1.55538E+02-6.34400E+03
 -1        42 8.96566E+05-5.74590E+03-3.98753E+03-1.52574E+05 1.71260E+03-6.32885E+03
 -1        43 8.35933E+06 2.51857E+05 3.64801E+03-8.06610E+04 3.78185E+05 1.99551E+05
 -1        44 7.57479E+06-2.09200E+05-1.45450E+05-1.83440E+04-6.54381E+04-8.56255E+03
 -1        45 6.77622E+06 3.95050E+04 2.02131E+04-4.23370E+03 1.95913E+04 1.42983E+02
 -1        46 5.86228E+06-1.23957E+04-7.02567E+03-5.51621E+03-4.50304E+03-7.05497E+03
 -1        47 4.96403E+06 3.20147E+03 1.55992E+03-4.67133E+03 1.17418E+03-5.81753E+03
 -1        48 4.06019E+06-8.49117E+02-4.05249E+02-4.91569E+03-2.91526E+02-6.18137E+03
 -1        49 3.15777E+06 2.77279E+02 1.32204E+02-4.90887E+03 1.19755E+02-6.10189E+03
 -1        50 2.25530E+06-1.40986E+02-1.21988E+02-4.74825E+03-1.07723E+02-6.17895E+03
 -1        51 1.35359E+06 1.85593E+03 1.16681E+03-5.88395E+03 3.09736E+02-5.77945E+03
 -1        52 4.59709E+05 4.95038E+03 3.50159E+03-4.64848E+03-1.92747E+03-5.72867E+03
 -1        53-7.04066E+04 3.51329E+04 1.56387E+04-1.32605E+05 2.83235E+01-7.28967E+00
 -1        54 9.05774E+00 8.93152E+00 5.45031E+01-2.60303E+05 7.39128E+02 5.54255E+01
 -1        55 3.00393E+04-3.22419E+04-1.10603E+04-2.08099E+05-1.91129E+03 2.07643E+03
 -1        56-3.00711E+04 3.22507E+04 1.11244E+04-2.08064E+05-1.88425E+03-2.00415E+03
 -1        57 7.03216E+04-3.52900E+04-1.57919E+04-1.32627E+05 2.08177E+00 4.67567E+01
 -1        58-8.96648E+05 5.55215E+03 3.93157E+03-1.52552E+05-1.65849E+03-6.34364E+03
 -1        59-1.80257E+06 1.98545E+03 1.29353E+03-1.53843E+05 1.74585E+02-6.38903E+03
 -1        60-2.70625E+06-1.49630E+01-4.55200E+01-1.54571E+05-1.55884E+01-5.93923E+03
 -1        61-3.60906E+06-7.64154E+02-2.87635E+02-1.54552E+05-1.52081E+02-5.93751E+03
 -1        62-4.51104E+06 2.34338E+03 8.61406E+02-1.54567E+05 8.28178E+02-5.95000E+03
 -1        63-5.41748E+06-9.35481E+03-4.69920E+03-1.54725E+05-3.09964E+03-5.97082E+03
 -1        64-6.31382E+06 2.70114E+04 9.67869E+03-1.50863E+05 1.40828E+04-8.04340E+03
 -1        65-7.29759E+06-1.67637E+05-1.13687E+05-1.51710E+05-4.16957E+04-2.12643E+04
 -1        66-8.36191E+06 3.66917E+04-2.14427E+05 3.27098E+04 2.98547E+05-1.49204E+05
 -1        67-4.59727E+05-4.93438E+03-3.49273E+03-4.62684E+03 1.91806E+03-5.74745E+03
 -1        68-1.35357E+06-1.86627E+03-1.13963E+03-5.85648E+03-3.13776E+02-5.76573E+03
 -1        69-2.25534E+06 1.41097E+02 1.04937E+02-4.71790E+03 1.09780E+02-6.16468E+03
 -1        70-3.15776E+06-2.79896E+02-8.75252E+01-4.91265E+03-1.15399E+02-6.08190E+03
 -1        71-4.06015E+06 9.09909E+02 4.56266E+02-4.90208E+03 2.82895E+02-6.15972E+03
 -1        72-4.96402E+06-3.15365E+03-1.54086E+03-4.68603E+03-1.17738E+03-5.79652E+03
 -1        73-5.86224E+06 1.24059E+04 7.02135E+03-5.50300E+03 4.52050E+03-7.05138E+03
 -1        74-6.77625E+06-3.95119E+04-2.02147E+04-4.22129E+03-1.96018E+04 1.53144E+02
 -1        75-7.57482E+06 2.09146E+05 1.45471E+05-1.83506E+04 6.54326E+04-8.54930E+03
 -1        76-8.35930E+06-2.51885E+05-3.61460E+03-8.06579E+04-3.78178E+05 1.99601E+05
 -1        77-1.13067E+04-4.39705E+03-4.39705E+03 2.83643E+05-2.19038E+00 3.62225E+02
 -1        78 5.07304E+06 1.97278E+06 1.97279E+06 1.03511E+05-2.17719E+00-3.66893E+05
 -1        79-5.09600E+06-1.98171E+06-1.98171E+06 1.02487E+05-2.17885E+00 3.67221E+05
 -1        80 8.96210E+05-5.56705E+03-3.98493E+03-1.52498E+05-1.69491E+03 6.52788E+03
 -1        81 1.80101E+06-1.95437E+03-1.33693E+03-1.53858E+05 1.97432E+02 6.65927E+03
 -1        82 2.70302E+06-1.15721E+02-4.53112E+01-1.54643E+05-6.50767E+01 6.29118E+03
 -1        83 3.60371E+06 4.19177E+02 1.49012E+02-1.54528E+05-2.16382E+02 6.36785E+03
 -1        84 4.50341E+06-2.33298E+03-9.68923E+02-1.54617E+05 8.15475E+02 6.42211E+03
 -1        85 5.40740E+06 9.39237E+03 4.68615E+03-1.54718E+05-3.07281E+03 6.48876E+03
 -1        86 6.30093E+06-2.71208E+04-9.64817E+03-1.50890E+05 1.40399E+04 8.55758E+03
 -1        87 7.28203E+06 1.67756E+05 1.13217E+05-1.51836E+05-4.16166E+04 2.17547E+04
 -1        88 8.34326E+06-3.73357E+04 2.15790E+05 3.24489E+04 2.98076E+05 1.49831E+05
 -1        89 4.59497E+05 4.96808E+03 3.52474E+03-4.60863E+03 1.94312E+03 5.77719E+03
 -1        90 1.35262E+06 1.83078E+03 1.15304E+03-5.84816E+03-3.16765E+02 5.82455E+03
 -1        91 2.25305E+06-1.34978E+02-3.57461E+01-4.74049E+03 1.22977E+02 6.21284E+03
 -1        92 3.15357E+06 3.29442E+02 1.68475E+02-4.91822E+03-9.81469E+01 6.15794E+03
 -1        93 4.05383E+06-8.49260E+02-3.84493E+02-4.95013E+03 2.98688E+02 6.24400E+03
 -1        94 4.95515E+06 3.18984E+03 1.56604E+03-4.71459E+03-1.16657E+03 5.87914E+03
 -1        95 5.85079E+06-1.24091E+04-6.98290E+03-5.52508E+03 4.49859E+03 7.13706E+03
 -1        96 6.76207E+06 3.94714E+04 2.00434E+04-4.30452E+03-1.95775E+04-5.24274E+01
 -1        97 7.55777E+06-2.09099E+05-1.44894E+05-1.83302E+04 6.53135E+04 8.53587E+03
 -1        98 8.34029E+06 2.52324E+05 1.78218E+03-8.03655E+04-3.77534E+05-1.99243E+05
 -1        99-1.01896E+07-3.96257E+06-3.96257E+06-2.89388E+05-2.43943E-03-2.58644E+02
 -1       100 1.01896E+07 3.96257E+06 3.96257E+06-2.89377E+05 2.43933E-03-2.94062E+02
 -1       101 9.38299E+03 2.08592E+02-6.15513E+02-1.95595E+05-2.91040E+05 6.52104E+01
 -1       102 7.84432E+03 1.35279E+01 2.14670E+02-2.79432E+05 3.92908E+04 2.14948E+02
 -1       103 6.40309E+03-2.65340E+01-8.04151E+01-2.62929E+05-1.31433E+04 2.33228E+02
 -1       104 5.04971E+03-5.80676E+01 1.27372E+00-2.68629E+05 2.76250E+03 2.29891E+02
 -1       105 3.79462E+03 3.43439E+01 9.16406E+00-2.66922E+05-7.08089E+02 2.16203E+02
 -1       106 2.63077E+03 4.34927E+01 2.29558E+01-2.67415E+05 1.17642E+02 1.95548E+02
 -1       107 1.61021E+03 3.41395E+01 4.27861E+01-2.67151E+05 7.70703E+01 1.46449E+02
 -1       108 7.82375E+02 7.65031E+00 3.32572E+01-2.67640E+05-4.16202E+02 1.20787E+02
 -1       109 1.91555E+02-8.81234E+01-6.65418E+00-2.65841E+05 2.69595E+03 7.36562E+01
 -1       110 4.30594E+06 3.04835E+05 2.27378E+05-7.02477E+04-2.94667E+05-7.46955E+04
 -1       111 9.59630E+03-2.19381E+02 9.66108E+02-5.12798E+04 3.81483E+05 3.51115E+02
 -1       112 3.63855E+06 4.18303E+04 4.29883E+04-2.22477E+05 4.04748E+04-1.06818E+04
 -1       113 8.42738E+03-6.23499E+01-3.09493E+02-1.32558E+05-6.29299E+04 4.38697E+00
 -1       114 3.16633E+06 2.28181E+03 4.14695E+02-2.08985E+05-1.35934E+04-3.83319E+03
 -1       115 7.10261E+03 4.71441E+01 7.61600E+01-1.15501E+05 1.88615E+04 1.67254E+01
 -1       116 2.71006E+06 1.00009E+03 1.21581E+03-2.15037E+05 2.94603E+03-2.91875E+03
 -1       117 5.73512E+03-1.49565E+01-2.47345E+01-1.17715E+05-4.21149E+03 2.23190E+01
 -1       118 2.25793E+06-1.53657E+02-2.02511E+02-2.13761E+05-7.48700E+02-2.86476E+03
 -1       119 4.43522E+03 3.62460E+00 2.02490E+01-1.17653E+05 1.06857E+03 1.88766E+01
 -1       120 1.80586E+06 9.35347E+01 7.65637E+01-2.14096E+05 1.66533E+02-2.89868E+03
 -1       121 3.17008E+03-1.47011E+01-1.82379E+01-1.17553E+05-2.64277E+02 1.56106E+01
 -1       122 1.35390E+06-1.77371E+02-1.17184E+02-2.13939E+05 9.24282E+01-2.90731E+03
 -1       123 2.09616E+03-2.61590E+01-1.63823E+01-1.17568E+05 1.02393E+02 1.72355E+01
 -1       124 9.01894E+05-8.81552E+02-4.79784E+02-2.13908E+05-2.76346E+02-3.09438E+03
 -1       125 1.17310E+03 3.73554E+01 1.46601E+01-1.17652E+05-1.94328E+02 8.78787E+00
 -1       126 4.45563E+05-8.70561E+03-4.91589E+03-2.12173E+05 2.20630E+03-3.24194E+03
 -1       127 4.77343E+02 2.19060E+01 1.66855E+01-1.17316E+05 7.09899E+02 1.87851E+01
 -1       128 1.19362E+02 2.78879E+01 2.22591E+00-1.18573E+05-4.04878E+03 2.27331E+00
 -1       129-4.28731E+06-3.04498E+05-2.28703E+05-7.03284E+04-2.94675E+05 7.50472E+04
 -1       130-3.62293E+06-4.18714E+04-4.25860E+04-2.22497E+05 4.04832E+04 1.11409E+04
 -1       131-3.15353E+06-2.36456E+03-5.78700E+02-2.08970E+05-1.36058E+04 4.32064E+03
 -1       132-2.69998E+06-1.11283E+03-1.26376E+03-2.15081E+05 2.89584E+03 3.36972E+03
 -1       133-2.25033E+06 2.59452E+02 1.90467E+02-2.13780E+05-7.76567E+02 3.29698E+03
 -1       134-1.80063E+06-1.43164E+01-6.36878E+01-2.14078E+05 1.29539E+02 3.30545E+03
 -1       135-1.35072E+06 2.06708E+02 9.03572E+01-2.13984E+05 1.96023E+01 3.20650E+03
 -1       136-9.00368E+05 8.40223E+02 4.49400E+02-2.13926E+05-3.29186E+02 3.34890E+03
 -1       137-4.45226E+05 8.47244E+03 4.83628E+03-2.12161E+05 2.16057E+03 3.38702E+03
 -1       138-1.16362E+01-5.84433E+01 5.80287E+00-2.42242E+05 1.01971E+01 4.60204E+01
 -1       139-2.13078E+02 1.67826E+01-2.58371E+00-2.65835E+05-2.72367E+03 6.60536E+01
 -1       140-7.69491E+02 6.15915E+01 1.43897E+01-2.67605E+05 4.03796E+02 1.14350E+02
 -1       141-1.59621E+03-4.04367E+01-4.23491E+00-2.67165E+05-7.73831E+01 1.58406E+02
 -1       142-2.64501E+03-1.55860E+02-1.25573E+01-2.67379E+05-1.40901E+02 1.92687E+02
 -1       143-3.80935E+03-4.03944E+01-1.13027E+01-2.66911E+05 7.14176E+02 2.06290E+02
 -1       144-5.07336E+03 8.81576E+00-5.15992E+01-2.68585E+05-2.78253E+03 2.11639E+02
 -1       145-6.40833E+03-1.46714E+01 5.91784E+01-2.62863E+05 1.31446E+04 2.42660E+02
 -1       146-7.83610E+03 2.76428E+01-1.92176E+02-2.79425E+05-3.92914E+04 2.27065E+02
 -1       147-9.44186E+03-3.46192E+02 5.70825E+02-1.95580E+05 2.91047E+05 6.58671E+01
 -1       148 4.45188E+05-8.55093E+03-4.90720E+03-2.12142E+05-2.22073E+03 3.39608E+03
 -1       149-1.04145E+02 1.57217E+01 4.27567E+00-1.18588E+05 4.05276E+03 3.39199E+00
 -1       150 9.00367E+05-7.81080E+02-4.40579E+02-2.13851E+05 2.96838E+02 3.35716E+03
 -1       151-4.72991E+02 1.66333E+00-1.08030E+01-1.17329E+05-7.21018E+02 1.09153E+01
 -1       152 1.35072E+06-2.03590E+02-1.03095E+02-2.13983E+05-7.19098E+01 3.22416E+03
 -1       153-1.16537E+03 3.72569E+00-1.34238E+01-1.17656E+05 2.13877E+02 8.87304E+00
 -1       154 1.80058E+06-8.09031E+01 1.81759E+01-2.14073E+05-1.86644E+02 3.27622E+03
 -1       155-2.09822E+03 1.36170E+01 4.92013E+00-1.17567E+05-9.94143E+01 2.33372E+01
 -1       156 2.25034E+06-2.25467E+02-2.07537E+02-2.13782E+05 7.63690E+02 3.29718E+03
 -1       157-3.18412E+03-1.50665E+01 1.60311E+01-1.17528E+05 2.61506E+02 1.68043E+01
 -1       158 2.69996E+06 1.07802E+03 1.20771E+03-2.15015E+05-2.92246E+03 3.37895E+03
 -1       159-4.43705E+03-1.66616E+01-2.34513E+01-1.17626E+05-1.07648E+03 8.29536E+00
 -1       160 3.15350E+06 2.30597E+03 5.36567E+02-2.08945E+05 1.35916E+04 4.31667E+03
 -1       161-5.74307E+03 5.24820E+00 1.01925E+01-1.17667E+05 4.20952E+03 1.50510E+01
 -1       162 3.62295E+06 4.19501E+04 4.25985E+04-2.22540E+05-4.04871E+04 1.11270E+04
 -1       163-7.08137E+03-1.60884E+01-6.14674E+01-1.15451E+05-1.88560E+04 2.46863E+01
 -1       164 4.28725E+06 3.04335E+05 2.28650E+05-7.03150E+04 2.94666E+05 7.50494E+04
 -1       165-8.43988E+03 5.58642E+01 2.96947E+02-1.32511E+05 6.29260E+04 9.14012E+00
 -1       166-9.61001E+03 1.89297E+02-9.90914E+02-5.12596E+04-3.81488E+05 3.52145E+02
 -1       167-4.45621E+05 8.55866E+03 4.87214E+03-2.12160E+05-2.18124E+03-3.24995E+03
 -1       168-9.01919E+05 8.60392E+02 4.41108E+02-2.13851E+05 2.92367E+02-3.11281E+03
 -1       169-1.35392E+06 1.07344E+02 7.53103E+01-2.13946E+05-4.54754E+01-2.89587E+03
 -1       170-1.80590E+06-2.54602E+02-1.18563E+02-2.14073E+05-1.39832E+02-2.88946E+03
 -1       171-2.25795E+06 1.98598E+02 1.65119E+02-2.13755E+05 7.73861E+02-2.86567E+03
 -1       172-2.71007E+06-1.04814E+03-1.26219E+03-2.15027E+05-2.94652E+03-2.92155E+03
 -1       173-3.16636E+06-2.38000E+03-4.70401E+02-2.08911E+05 1.36149E+04-3.83527E+03
 -1       174-3.63855E+06-4.18584E+04-4.30147E+04-2.22493E+05-4.04624E+04-1.06682E+04
 -1       175-4.30603E+06-3.05013E+05-2.27424E+05-7.02754E+04 2.94693E+05-7.46564E+04
 -1       176 7.94935E+00 3.09128E+00 3.09148E+00 1.43342E+05 5.59771E-08 2.03749E+02
 -1       177 8.36043E+06-2.84040E+04 2.19673E+05-2.01665E+04-2.24831E+02 2.21730E+02
 -1       178 7.29419E+06 1.64452E+05 1.13649E+05-1.13896E+05 5.44232E+01 2.66540E+02
 -1       179 6.30763E+06-2.49097E+04-9.07618E+03-1.33596E+05-3.18733E+00 2.72587E+02
 -1       180 5.41267E+06 8.51882E+03 4.43275E+03-1.32158E+05 1.47645E+01 2.69795E+02
 -1       181 4.50744E+06-2.02800E+03-8.90330E+02-1.33256E+05 3.05505E+00 2.46646E+02
 -1       182 3.60652E+06 4.36106E+02 1.72651E+02-1.32922E+05-8.92014E+00 2.13324E+02
 -1       183 2.70471E+06-4.58158E+01-6.13568E+01-1.33068E+05 2.44767E-01 1.86272E+02
 -1       184 1.80190E+06-2.21752E+03-1.42284E+03-1.32301E+05 1.34943E+01 1.68606E+02
 -1       185 8.95832E+05-5.13127E+03-4.00636E+03-1.31104E+05 1.23121E+01 1.04086E+02
 -1       186-8.36045E+06 2.83577E+04-2.19620E+05-2.01715E+04 2.37491E+02 2.70007E+02
 -1       187-7.29420E+06-1.64506E+05-1.13726E+05-1.13876E+05-4.19190E+01 3.11354E+02
 -1       188-6.30767E+06 2.48447E+04 9.02918E+03-1.33582E+05 8.27070E+00 2.82478E+02
 -1       189-5.41268E+06-8.52989E+03-4.48064E+03-1.32176E+05-1.98277E+01 2.63594E+02
 -1       190-4.50748E+06 2.00816E+03 7.58250E+02-1.33246E+05-3.37486E+00 2.48423E+02
 -1       191-3.60655E+06-4.97319E+02-2.07304E+02-1.32922E+05 8.18046E+00 2.62939E+02
 -1       192-2.70476E+06-4.13236E+01-7.67126E+01-1.33062E+05-6.11907E+00 1.75164E+02
 -1       193-1.80196E+06 2.13478E+03 1.31001E+03-1.32314E+05-1.97968E+01 1.23959E+02
 -1       194-8.95871E+05 5.06109E+03 3.94511E+03-1.31097E+05-6.38494E+00 8.26219E+01
 -1       195-4.13793E+00-1.55767E+00 3.56807E+00-2.48136E+05 5.85108E+00 1.69694E+01
 -1       196-8.07195E+00-8.64696E+00-3.49480E-01-2.41417E+05-4.90399E-01 2.56286E+02
 -1       197 9.35102E+00 3.59437E+00-4.91243E-01-2.45769E+05 6.95611E-01 2.52809E+02
 -1       198-5.07350E+00-1.11546E+01-1.95011E+01-2.45951E+05-9.22271E+00 2.40233E+02
 -1       199-2.66896E+01-4.78293E+01-1.90250E+01-2.45612E+05 1.33364E+00 2.26702E+02
 -1       200 4.26251E+00-2.24691E+01 1.78271E+01-2.45773E+05-9.77102E+00 2.09482E+02
 -1       201 6.18602E+00-7.83106E+00 1.77362E+01-2.45608E+05-2.42237E-01 1.65826E+02
 -1       202-5.89911E-01 1.28198E+01 1.57499E+01-2.46060E+05-7.99372E+00 1.27140E+02
 -1       203 3.54800E+00 3.30775E+00 1.03013E+01-2.44291E+05-8.80413E+00 7.41612E+01
 -1       320 1.22029E+05-1.99450E+04-1.44357E+02-1.59817E+04 2.40227E+03-6.91008E+03
 -1       321 9.72593E+04-2.73136E+04-7.64579E+03-2.77783E+04 2.89921E+03-5.17959E+03
 -1       322 7.24814E+04-3.46305E+04-1.50447E+04-3.95211E+04 3.39671E+03-3.45796E+03
 -1       323 9.70354E+06 2.80286E+05 2.79555E+06-1.73590E+05-9.96673E+02 7.65465E+05
 -1       324 9.15526E+06 6.67579E+04 2.58207E+06-1.85346E+05 2.08456E-01 7.49370E+05
 -1       325 8.60576E+06-1.46629E+05 2.36864E+06-1.97810E+05 9.97090E+02 7.33253E+05
 -1       326 1.22133E+05-1.98017E+04 1.33020E+02-1.60032E+04-2.23530E+03 7.01279E+03
 -1       327 9.73164E+04-2.72678E+04-7.46165E+03-2.77728E+04-2.70659E+03 5.27985E+03
 -1       328 7.24902E+04-3.46828E+04-1.49546E+04-3.94884E+04-3.17732E+03 3.55390E+03
 -1       329 9.68349E+06 2.80292E+05 2.78994E+06-1.71438E+05 1.13714E+03-7.65948E+05
 -1       330 9.13536E+06 6.68250E+04 2.57652E+06-1.83180E+05-2.08881E-01-7.49742E+05
 -1       331 8.58602E+06-1.46501E+05 2.36315E+06-1.95629E+05-1.13755E+03-7.33515E+05
 -1       332 9.84335E+05-1.13882E+04-5.87007E+03-1.70389E+04 9.24584E+02-1.04657E+04
 -1       333 9.39220E+05-1.19116E+04-6.22284E+03-2.88397E+04 7.81518E+02-8.39607E+03
 -1       334 8.93943E+05-1.24358E+04-6.58910E+03-4.05804E+04 6.38482E+02-6.32884E+03
 -1       335 1.98301E+06-1.70283E+03-1.42070E+03-1.77987E+04 2.13014E+01-1.06779E+04
 -1       336 1.89301E+06-1.63995E+03-1.32900E+03-2.97976E+04 7.97365E+01-8.51063E+03
 -1       337 1.80266E+06-1.57565E+03-1.23142E+03-4.17315E+04 1.37613E+02-6.34398E+03
 -1       338 2.97660E+06-1.89253E+02-1.37424E+02-1.77508E+04 1.05575E+02-1.01206E+04
 -1       339 2.84158E+06-2.37875E+02-1.57846E+02-2.95875E+04 1.06146E+02-8.03134E+03
 -1       340 2.70604E+06-2.85944E+02-1.78052E+02-4.13603E+04 1.06432E+02-5.94222E+03
 -1       341 3.96936E+06-4.34422E+01 3.15050E+01-1.71276E+04 8.57970E+01-1.03490E+04
 -1       342 3.78934E+06-9.18564E+01-5.42641E+00-2.90079E+04 4.48377E+01-8.16051E+03
 -1       343 3.60864E+06-1.42035E+02-4.69783E+01-4.08236E+04 4.00370E+00-5.97062E+03
 -1       344 4.96202E+06-7.42250E+02-6.32411E+02-1.86473E+04-7.20680E+01-9.85080E+03
 -1       345 4.73732E+06-3.80312E+02-3.72972E+02-3.04680E+04-3.05146E+01-7.90599E+03
 -1       346 4.51176E+06-1.62355E+01-1.06307E+02-4.22261E+04 1.21074E+01-5.96282E+03
 -1       347 5.95496E+06 3.24443E+02 1.95916E+03-1.59447E+04 3.03992E+02-1.14049E+04
 -1       348 5.68455E+06-6.42211E+02 1.19461E+03-2.79540E+04 1.57115E+02-8.69737E+03
 -1       349 5.41311E+06-1.61708E+03 4.03892E+02-3.98939E+04 9.26892E+00-5.98661E+03
 -1       350 6.94641E+06-1.24333E+04-8.20521E+03-3.31226E+04-1.60482E+03-8.67952E+03
 -1       351 6.63519E+06-8.00269E+03-4.42647E+03-4.44269E+04-1.20644E+03-8.35568E+03
 -1       352 6.32278E+06-3.54491E+03-5.72649E+02-5.56853E+04-8.07229E+02-8.03868E+03
 -1       353 7.94985E+06-2.62598E+03 6.01706E+04-3.31761E+04 4.33479E+03-3.60951E+04
 -1       354 7.58640E+06-1.50315E+04 4.90480E+04-4.52850E+04 3.41197E+03-2.86994E+04
 -1       355 7.22154E+06-2.75016E+04 3.77436E+04-5.72540E+04 2.48854E+03-2.12946E+04
 -1       356 9.13989E+06-6.17395E+04 1.46351E+05-8.39526E+04-2.91827E+04-1.28761E+05
 -1       357 8.76819E+06-6.09660E+03 1.97074E+05-9.23498E+04-2.77625E+04-1.39030E+05
 -1       358 8.39530E+06 4.97455E+04 2.48122E+05-1.00967E+05-2.63422E+04-1.49293E+05
 -1       359 5.07712E+05 1.00222E+04 5.02983E+03 4.87394E+03-9.24131E+02-9.50112E+03
 -1       361 4.62264E+05 1.14932E+04 6.04593E+03-1.89807E+04-5.69643E+02-5.72865E+03
 -1       362 1.48864E+06 1.51309E+03 1.21760E+03 5.12920E+03 3.27886E+01-1.00718E+04
 -1       364 1.35330E+06 1.03236E+03 8.46547E+02-1.83375E+04-5.13603E+01-5.77943E+03
 -1       365 2.48087E+06 2.31147E+02-3.69006E+01 5.32826E+03-6.66397E+01-1.04169E+04
 -1       367 2.25551E+06 2.72713E+02 3.88914E+01-1.84056E+04-5.97464E+00-6.17893E+03
 -1       368 3.47325E+06 2.43184E+01 4.87633E+01 5.20761E+03 7.06924E+00-1.03787E+04
 -1       370 3.15772E+06-3.72167E+01 9.90086E+00-1.84402E+04-3.32758E+01-6.10187E+03
 -1       371 4.46639E+06-1.47672E+02-1.66247E+02 4.65567E+03-3.23055E+01-1.03402E+04
 -1       373 4.06064E+06 6.50614E+01-4.97369E+01-1.89897E+04-3.13422E+01-6.18135E+03
 -1       374 5.45886E+06 7.34510E+02 8.27975E+02 6.82479E+03 1.43879E+02-1.03207E+04
 -1       376 4.96299E+06 2.01214E+02 3.93164E+02-1.69687E+04 3.74743E+01-5.81751E+03
 -1       377 6.45432E+06-6.66601E+02-3.29035E+03 1.58743E+03-4.83046E+02-1.06793E+04
 -1       379 5.86776E+06 1.33577E+03-1.68571E+03-2.18728E+04-2.31374E+02-7.05495E+03
 -1       380 7.44209E+06 1.18307E+04 1.45593E+04 2.56054E+04 2.07910E+03-4.94203E+03
 -1       382 6.76190E+06 2.25660E+03 5.72796E+03 1.39095E+03 1.55820E+03 1.42992E+02
 -1       383 8.42975E+06-6.42199E+03-8.46152E+04-4.30905E+03-6.48647E+03-1.55224E+04
 -1       385 7.66686E+06 2.70645E+04-5.35697E+04-2.83080E+04-5.98579E+03-8.56252E+03
 -1       386 9.13420E+06 6.52904E+04 1.58117E+04 1.04833E+05 3.56182E+04 2.33487E+05
 -1       388 8.22972E+06-8.19818E+04-1.26169E+05 8.88061E+04 3.80386E+04 1.99550E+05
 -1       389 1.20209E+05-1.99061E+04-5.51300E+02-1.29376E+04-1.99536E+01 4.65749E+01
 -1       391 7.05590E+04-3.47109E+04-1.55668E+04-3.64537E+04 6.25867E+00 4.67575E+01
 -1       392 9.83893E+05-1.14373E+04-5.99544E+03-1.69484E+04-9.30648E+02 1.06754E+04
 -1       393 9.38777E+05-1.19583E+04-6.32772E+03-2.87694E+04-8.04088E+02 8.59993E+03
 -1       394 8.93499E+05-1.24800E+04-6.67323E+03-4.05302E+04-6.77497E+02 6.52786E+03
 -1       395 1.98146E+06-1.68907E+03-1.36646E+03-1.77170E+04-2.08184E+01 1.10133E+04
 -1       396 1.89149E+06-1.55529E+03-1.25076E+03-2.96566E+04-6.13136E+01 8.83735E+03
 -1       397 1.80117E+06-1.42005E+03-1.12914E+03-4.15311E+04-1.02367E+02 6.65925E+03
 -1       398 2.97344E+06-1.74784E+02-4.20751E+01-1.77176E+04-6.14591E+01 1.04893E+04
 -1       399 2.83844E+06-1.89631E+02-6.07102E+01-2.95687E+04-5.24946E+01 8.38982E+03
 -1       400 2.70292E+06-2.04714E+02-7.99177E+01-4.13560E+04-4.38138E+01 6.29116E+03
 -1       401 3.96410E+06-6.54605E+01-4.43521E+00-1.70979E+04-7.49591E+01 1.07495E+04
 -1       402 3.78409E+06-1.26950E+02-4.40174E+01-2.90161E+04-5.47893E+01 8.55830E+03
 -1       403 3.60339E+06-1.89793E+02-8.78090E+01-4.08699E+04-3.44942E+01 6.36783E+03
 -1       404 4.95449E+06-6.78295E+02-5.70472E+02-1.87243E+04 8.97364E+01 1.03177E+04
 -1       405 4.72973E+06-4.56822E+02-3.65080E+02-3.05074E+04 4.13194E+01 8.36977E+03
 -1       406 4.50412E+06-2.33028E+02-1.52278E+02-4.22276E+04-6.02911E+00 6.42209E+03
 -1       407 5.94477E+06 1.67150E+02 1.87100E+03-1.59402E+04-3.34270E+02 1.19192E+04
 -1       408 5.67441E+06-6.66981E+02 1.17189E+03-2.79643E+04-1.78999E+02 9.20510E+03
 -1       409 5.40303E+06-1.50936E+03 4.46596E+02-3.99189E+04-2.46965E+01 6.48875E+03
 -1       410 6.93363E+06-1.22852E+04-8.05869E+03-3.31030E+04 1.62012E+03 9.21105E+03
 -1       411 6.62236E+06-7.96313E+03-4.32018E+03-4.43737E+04 1.21020E+03 8.88164E+03
 -1       412 6.30991E+06-3.61414E+03-5.06831E+02-5.55985E+04 8.01114E+02 8.55756E+03
 -1       413 7.93433E+06-2.52691E+03 5.97209E+04-3.30741E+04-4.33751E+03 3.65796E+04
 -1       414 7.57088E+06-1.48559E+04 4.86420E+04-4.52283E+04-3.43090E+03 2.91704E+04
 -1       415 7.20602E+06-2.72495E+04 3.73812E+04-5.72425E+04-2.52492E+03 2.17548E+04
 -1       416 9.12172E+06-6.14104E+04 1.48067E+05-8.36082E+04 2.92413E+04 1.29448E+05
 -1       417 8.74997E+06-5.79553E+03 1.98748E+05-9.19689E+04 2.78669E+04 1.39645E+05
 -1       418 8.37704E+06 5.00189E+04 2.49756E+05-1.00550E+05 2.64926E+04 1.49832E+05
 -1       419 5.07502E+05 1.00358E+04 5.08503E+03 4.90495E+03 9.46973E+02 9.56280E+03
 -1       421 4.62016E+05 1.14152E+04 6.03188E+03-1.89429E+04 6.02853E+02 5.77717E+03
 -1       422 1.48764E+06 1.45348E+03 1.16999E+03 5.08177E+03-5.92580E+01 1.01177E+04
 -1       424 1.35235E+06 1.05321E+03 8.50659E+02-1.83443E+04 2.72915E+01 5.82454E+03
 -1       425 2.47860E+06 1.61787E+02 3.76426E+01 5.26001E+03 7.73602E+01 1.04506E+04
 -1       427 2.25328E+06 3.03627E+02 1.34818E+02-1.84295E+04 4.74886E+01 6.21282E+03
 -1       428 3.46904E+06 1.07251E+01 7.35875E+01 5.20840E+03-2.69387E+00 1.04405E+04
 -1       430 3.15351E+06-3.86389E+01 2.53332E+01-1.84927E+04 2.64849E+01 6.15792E+03
 -1       431 4.46006E+06-8.90715E+01-1.24737E+02 4.67907E+03 3.14472E+01 1.04176E+04
 -1       433 4.05425E+06-3.13880E+01-6.64332E+01-1.89675E+04 3.56860E+00 6.24399E+03
 -1       434 5.44998E+06 7.44462E+02 8.26301E+02 6.81031E+03-1.47463E+02 1.03961E+04
 -1       436 4.95412E+06 2.05996E+02 4.05661E+02-1.69595E+04-4.16883E+01 5.87912E+03
 -1       437 6.44283E+06-6.87628E+02-3.26819E+03 1.57812E+03 4.39575E+02 1.07713E+04
 -1       439 5.85628E+06 1.34160E+03-1.63546E+03-2.18616E+04 1.85094E+02 7.13704E+03
 -1       440 7.42791E+06 1.17563E+04 1.43471E+04 2.55842E+04-2.10859E+03 5.04733E+03
 -1       442 6.74774E+06 2.16766E+03 5.53670E+03 1.36212E+03-1.60836E+03-5.24352E+01
 -1       443 8.41260E+06-6.52625E+03-8.41574E+04-4.46222E+03 6.47446E+03 1.54692E+04
 -1       445 7.64981E+06 2.70641E+04-5.30540E+04-2.84767E+04 6.00996E+03 8.53584E+03
 -1       446 9.11502E+06 6.52522E+04 1.37877E+04 1.04547E+05-3.55827E+04-2.33296E+05
 -1       448 8.21046E+06-8.20616E+04-1.28248E+05 8.85716E+04-3.80911E+04-1.99243E+05
 -1       449 9.68054E+06 2.45295E+05 2.77914E+06-3.12058E+05 7.02313E+01-4.05037E+02
 -1       451 8.57740E+06-1.83706E+05 2.35014E+06-3.36616E+05-7.02320E+01-2.94067E+02
 -1       452 9.83447E+05-1.14098E+04-6.14290E+03-1.37513E+04 3.62279E+01 1.08229E+02
 -1       454 8.92998E+05-1.24765E+04-6.86293E+03-3.73166E+04 1.97525E+01 1.04087E+02
 -1       455 1.98252E+06-1.76236E+03-1.38118E+03-1.45406E+04-5.49253E+00 1.79497E+02
 -1       457 1.80220E+06-1.56576E+03-1.16938E+03-3.84152E+04 1.18890E+01 1.68607E+02
 -1       458 2.97526E+06-1.65528E+02-9.05434E+01-1.41012E+04-1.23516E+00 1.96094E+02
 -1       460 2.70470E+06-2.33348E+02-1.34288E+02-3.77244E+04 8.01585E+00 1.86272E+02
 -1       461 3.96706E+06-9.01226E-01 2.71155E+01-1.42560E+04 6.51070E+00 2.14613E+02
 -1       463 3.60640E+06-9.08141E+01-3.22633E+01-3.79893E+04-1.41535E+01 2.13325E+02
 -1       464 4.95886E+06-4.63266E+02-4.82129E+02-1.38351E+04 1.11306E+01 2.50152E+02
 -1       466 4.50836E+06 5.02341E+01-8.21209E+01-3.73800E+04 5.33562E+00 2.46647E+02
 -1       467 5.94983E+06-7.63576E+02 1.47882E+03-1.69003E+04 1.08496E+01 2.75867E+02
 -1       469 5.40858E+06-2.35917E+03 2.02399E+02-4.08539E+04 1.82746E+01 2.69796E+02
 -1       470 6.94215E+06-9.28684E+03-6.84315E+03-1.79626E+04 1.18630E+01 2.78717E+02
 -1       472 6.31706E+06-1.05547E+03 2.00663E+02-4.05180E+04 1.15832E+00 2.72587E+02
 -1       473 7.94348E+06-8.93912E+03 5.83619E+04-5.57718E+04 3.99941E+01 2.79206E+02
 -1       475 7.21767E+06-3.27623E+04 3.69545E+04-7.98631E+04 2.31644E+01 2.66541E+02
 -1       476 9.13885E+06-4.91987E+04 1.52736E+05-6.20669E+04-7.48564E+00 2.96513E+02
 -1       478 8.39620E+06 6.30304E+04 2.55239E+05-7.91488E+04 3.83595E+01 2.21727E+02
 -1       479-7.23543E+04 3.47838E+04 1.49615E+04-3.96362E+04 3.31891E+03 3.51758E+03
 -1       480-9.71580E+04 2.73761E+04 7.50262E+03-2.78371E+04 2.79898E+03 5.24703E+03
 -1       481-1.21960E+05 1.99128E+04-6.57119E+01-1.59834E+04 2.27818E+03 6.98777E+03
 -1       482-8.58606E+06 1.46356E+05-2.36320E+06-1.95658E+05 1.14402E+03-7.33480E+05
 -1       483-9.13540E+06-6.69691E+04-2.57657E+06-1.83211E+05 2.08097E-01-7.49705E+05
 -1       484-9.68352E+06-2.80435E+05-2.78999E+06-1.71471E+05-1.14360E+03-7.65909E+05
 -1       485-7.26509E+04 3.45714E+04 1.48694E+04-3.93108E+04-3.28658E+03-3.53732E+03
 -1       486-9.74581E+04 2.72526E+04 7.41080E+03-2.76116E+04-2.77750E+03-5.27581E+03
 -1       487-1.22257E+05 1.98808E+04-1.54712E+02-1.58587E+04-2.26929E+03-7.02020E+03
 -1       488-8.60576E+06 1.46546E+05-2.36866E+06-1.97779E+05-1.00271E+03 7.33291E+05
 -1       489-9.15526E+06-6.68412E+04-2.58210E+06-1.85314E+05-2.09543E-01 7.49414E+05
 -1       490-9.70354E+06-2.80369E+05-2.79558E+06-1.73558E+05 1.00229E+03 7.65515E+05
 -1       491-8.93610E+05 1.22344E+04 6.49086E+03-4.05291E+04 5.59432E+02 6.49934E+03
 -1       492-9.38854E+05 1.18074E+04 6.16489E+03-2.88317E+04 7.18997E+02 8.56736E+03
 -1       493-9.83935E+05 1.13819E+04 5.85527E+03-1.70740E+04 8.79552E+02 1.06372E+04
 -1       494-1.80121E+06 1.42981E+03 1.06798E+03-4.16131E+04-8.96637E+00 6.61756E+03
 -1       495-1.89154E+06 1.53888E+03 1.16518E+03-2.96947E+04-3.01244E+01 8.79834E+03
 -1       496-1.98153E+06 1.64887E+03 1.26166E+03-1.77115E+04-5.12275E+01 1.09785E+04
 -1       497-2.70292E+06 2.08870E+02-1.84184E+01-4.14015E+04-3.86608E+01 6.26411E+03
 -1       498-2.83844E+06 2.14084E+02-3.71177E+01-2.96069E+04-2.33991E+01 8.36268E+03
 -1       499-2.97344E+06 2.19410E+02-5.44012E+01-1.77486E+04-7.59601E+00 1.04629E+04
 -1       500-3.60345E+06 1.53351E+02 3.49489E+01-4.07188E+04-3.19245E+01 6.43475E+03
 -1       501-3.78416E+06 5.84908E+01-1.76631E+01-2.89132E+04-1.54496E+01 8.63580E+03
 -1       502-3.96419E+06-3.46427E+01-6.54557E+01-1.70431E+04 3.74935E-01 1.08352E+04
 -1       503-4.50411E+06 3.07093E+02 7.92854E+01-4.22945E+04-6.02774E+01 6.41333E+03
 -1       504-4.72970E+06 5.90478E+02 3.04445E+02-3.05375E+04-1.10214E+02 8.35180E+03
 -1       505-4.95443E+06 8.71939E+02 5.22701E+02-1.87176E+04-1.60379E+02 1.02933E+04
 -1       506-5.40308E+06 1.41925E+03-5.38668E+02-3.98992E+04-8.66516E+01 6.45967E+03
 -1       507-5.67450E+06 5.19686E+02-1.31200E+03-2.79518E+04 9.80309E+01 9.18567E+03
 -1       508-5.94489E+06-3.69371E+02-2.05344E+03-1.59349E+04 2.82889E+02 1.19088E+04
 -1       509-6.30992E+06 3.63496E+03 4.93771E+02-5.57458E+04-8.60834E+02 8.58255E+03
 -1       510-6.62235E+06 8.01897E+03 4.31303E+03-4.44775E+04-1.26161E+03 8.89737E+03
 -1       511-6.93361E+06 1.23768E+04 8.05958E+03-3.31633E+04-1.66299E+03 9.21965E+03
 -1       512-7.20597E+06 2.74373E+04-3.73688E+04-5.71262E+04 2.55338E+03 2.18132E+04
 -1       513-7.57083E+06 1.50238E+04-4.86359E+04-4.51524E+04 3.44039E+03 2.92347E+04
 -1       514-7.93428E+06 2.67366E+03-5.97239E+04-3.30384E+04 4.32793E+03 3.66480E+04
 -1       515-8.37705E+06-5.01150E+04-2.49738E+05-1.00516E+05-2.65069E+04 1.49841E+05
 -1       516-8.74995E+06 5.78362E+03-1.98698E+05-9.19114E+04-2.78868E+04 1.39655E+05
 -1       517-9.12168E+06 6.14833E+04-1.47983E+05-8.35273E+04-2.92657E+04 1.29462E+05
 -1       518-4.62000E+05-1.14541E+04-6.05474E+03-1.89488E+04-5.56041E+02 5.75556E+03
 -1       520-5.07442E+05-9.97461E+03-5.04813E+03 4.91824E+03-9.15717E+02 9.54483E+03
 -1       521-1.35241E+06-1.08716E+03-8.85569E+02-1.82785E+04-4.92583E+01 5.82075E+03
 -1       523-1.48767E+06-1.40829E+03-1.18254E+03 5.12926E+03 9.10154E+01 1.01194E+04
 -1       524-2.25323E+06-2.87758E+02-1.02261E+02-1.84267E+04-1.63696E+01 6.20342E+03
 -1       526-2.47854E+06-1.33872E+02 1.66232E+01 5.31512E+03-2.12464E+01 1.04552E+04
 -1       527-3.15349E+06-9.81894E+00-9.88994E+00-1.84185E+04 5.19775E+01 6.19629E+03
 -1       529-3.46899E+06-4.35168E+01-9.97855E+00 5.24104E+03 8.25011E+01 1.04920E+04
 -1       530-4.05428E+06 7.14115E+00 7.52847E+01-1.89746E+04 5.78795E+01 6.25366E+03
 -1       532-4.46007E+06 1.02562E+02 1.70935E+02 4.66126E+03 2.18601E+01 1.04252E+04
 -1       533-4.95413E+06-1.57965E+02-3.84834E+02-1.69519E+04 2.07803E+01 5.89213E+03
 -1       535-5.44999E+06-6.82917E+02-8.14142E+02 6.84508E+03 1.56017E+02 1.04179E+04
 -1       536-5.85626E+06-1.35377E+03 1.61423E+03-2.19147E+04-2.48170E+02 7.14102E+03
 -1       538-6.44282E+06 6.57465E+02 3.21658E+03 1.56375E+03-4.64346E+02 1.07772E+04
 -1       539-6.74769E+06-2.17493E+03-5.51425E+03 1.30898E+03 1.61299E+03-2.81290E+01
 -1       541-7.42785E+06-1.17379E+04-1.43050E+04 2.55359E+04 2.09776E+03 5.06596E+03
 -1       542-7.64988E+06-2.71647E+04 5.30311E+04-2.84601E+04-5.97437E+03 8.55376E+03
 -1       544-8.41264E+06 6.49438E+03 8.41732E+04-4.46538E+03-6.46494E+03 1.54922E+04
 -1       545-8.21047E+06 8.20235E+04 1.28243E+05 8.85526E+04 3.80671E+04-1.99240E+05
 -1       547-9.11501E+06-6.52036E+04-1.37511E+04 1.04549E+05 3.55500E+04-2.33294E+05
 -1       548-7.06112E+04 3.46379E+04 1.54464E+04-3.64729E+04-3.00222E+01-7.28984E+00
 -1       550-1.20264E+05 1.98387E+04 4.02313E+02-1.29158E+04-4.17431E+01-1.18894E+01
 -1       551-8.93916E+05 1.25202E+04 6.64131E+03-4.05587E+04-6.33648E+02-6.34362E+03
 -1       552-9.39200E+05 1.19710E+04 6.28190E+03-2.87987E+04-7.83663E+02-8.41012E+03
 -1       553-9.84320E+05 1.14240E+04 5.93955E+03-1.69785E+04-9.32687E+02-1.04814E+04
 -1       554-1.80275E+06 1.41613E+03 1.07213E+03-4.15434E+04-1.52667E+01-6.38901E+03
 -1       555-1.89309E+06 1.51642E+03 1.16112E+03-2.96327E+04 7.95026E+00-8.56930E+03
 -1       556-1.98308E+06 1.61669E+03 1.24846E+03-1.76570E+04 3.12222E+01-1.07485E+04
 -1       557-2.70603E+06 3.89940E+02 1.11941E+02-4.12993E+04 4.12853E+01-5.93921E+03
 -1       558-2.84157E+06 3.22085E+02 6.01399E+01-2.95576E+04 2.19135E+01-8.03315E+03
 -1       559-2.97660E+06 2.54794E+02 1.02076E+01-1.77519E+04 3.08299E+00-1.01260E+04
 -1       560-3.60872E+06-1.19920E+02-3.70997E+01-4.08431E+04 9.90098E+01-5.93750E+03
 -1       561-3.78941E+06-1.40662E+02-8.41424E+01-2.89871E+04 6.47078E+01-8.12492E+03
 -1       562-3.96942E+06-1.59782E+02-1.26470E+02-1.70664E+04 2.97556E+01-1.03131E+04
 -1       563-4.51174E+06 2.40861E+02 4.37624E+01-4.21865E+04 1.12867E+02-5.94998E+03
 -1       564-4.73733E+06 5.44690E+02 2.58316E+02-3.04957E+04 1.37122E+02-7.88815E+03
 -1       565-4.96207E+06 8.46302E+02 4.65673E+02-1.87423E+04 1.61150E+02-9.82561E+03
 -1       566-5.41311E+06 1.54452E+03-4.60581E+02-3.98530E+04-1.46083E+00-5.97081E+03
 -1       567-5.68452E+06 6.37253E+02-1.20767E+03-2.78914E+04-1.84516E+02-8.68947E+03
 -1       568-5.95490E+06-2.59495E+02-1.92286E+03-1.58603E+04-3.67396E+02-1.14057E+04
 -1       569-6.32282E+06 3.47505E+03 5.25799E+02-5.56421E+04 8.63644E+02-8.04339E+03
 -1       570-6.63522E+06 7.94062E+03 4.38262E+03-4.44372E+04 1.24185E+03-8.35211E+03
 -1       571-6.94645E+06 1.23801E+04 8.16685E+03-3.31865E+04 1.61945E+03-8.66492E+03
 -1       572-7.22154E+06 2.74594E+04-3.78158E+04-5.73383E+04-2.42551E+03-2.12644E+04
 -1       573-7.58641E+06 1.49745E+04-4.91418E+04-4.53367E+04-3.33810E+03-2.86651E+04
 -1       574-7.94987E+06 2.55342E+03-6.02882E+04-3.31953E+04-4.25017E+03-3.60584E+04
 -1       575-8.39531E+06-4.96954E+04-2.48017E+05-1.01020E+05 2.63980E+04-1.49205E+05
 -1       576-8.76820E+06 6.12057E+03-1.96966E+05-9.24140E+04 2.78020E+04-1.38937E+05
 -1       577-9.13992E+06 6.17375E+04-1.46240E+05-8.40284E+04 2.92068E+04-1.28662E+05
 -1       578-4.62268E+05-1.14395E+04-6.02240E+03-1.89595E+04 5.76950E+02-5.74743E+03
 -1       580-5.07735E+05-9.98586E+03-5.04153E+03 4.87078E+03 9.36708E+02-9.53031E+03
 -1       581-1.35327E+06-9.98902E+02-8.02330E+02-1.83192E+04 6.71643E+01-5.76571E+03
 -1       583-1.48858E+06-1.45336E+03-1.14333E+03 5.14254E+03-5.77687E+01-1.00555E+04
 -1       584-2.25554E+06-2.41941E+02-4.40189E+01-1.83986E+04 1.09189E+01-6.16466E+03
 -1       586-2.48090E+06-1.71660E+02 3.18041E+01 5.28307E+03 1.57841E+01-1.04066E+04
 -1       587-3.15773E+06-1.22936E+01 1.65422E+01-1.84421E+04 2.66598E+01-6.08188E+03
 -1       589-3.47325E+06-4.91003E+01-1.52367E+01 5.21209E+03-2.82274E+01-1.03618E+04
 -1       590-4.06060E+06 4.95749E+00 1.04342E+02-1.89670E+04 3.84255E+01-6.15970E+03
 -1       592-4.46636E+06 2.00985E+02 2.01000E+02 4.65502E+03 2.58223E+01-1.03129E+04
 -1       593-4.96298E+06-1.63611E+02-3.78075E+02-1.69307E+04-4.43993E+01-5.79650E+03
 -1       595-5.45884E+06-6.77542E+02-7.93469E+02 6.81566E+03-2.02710E+02-1.03040E+04
 -1       596-5.86775E+06-1.38909E+03 1.65667E+03-2.18437E+04 2.34825E+02-7.05136E+03
 -1       598-6.45428E+06 6.92068E+02 3.31890E+03 1.58331E+03 4.29899E+02-1.06735E+04
 -1       599-6.76190E+06-2.15079E+03-5.68566E+03 1.36369E+03-1.57466E+03 1.53154E+02
 -1       601-7.44208E+06-1.17274E+04-1.45214E+04 2.55573E+04-2.11052E+03-4.91774E+03
 -1       602-7.66687E+06-2.70603E+04 5.36133E+04-2.83052E+04 5.98594E+03-8.54927E+03
 -1       604-8.42978E+06 6.38874E+03 8.46517E+04-4.28313E+03 6.47958E+03-1.55083E+04
 -1       605-8.22971E+06 8.18933E+04 1.26179E+05 8.88142E+04-3.80958E+04 1.99601E+05
 -1       607-9.13418E+06-6.53967E+04-1.57841E+04 1.04830E+05-3.56829E+04 2.33543E+05
 -1       608-8.57736E+06 1.83783E+05-2.35011E+06-3.36626E+05 7.06524E+01-2.58647E+02
 -1       610-9.68050E+06-2.45216E+05-2.77911E+06-3.12067E+05-7.06535E+01-3.62370E+02
 -1       611-8.93029E+05 1.24266E+04 6.80954E+03-3.72720E+04-1.33176E+01 8.26218E+01
 -1       613-9.83449E+05 1.14305E+04 6.11917E+03-1.37502E+04-2.77695E+00 8.31170E+01
 -1       614-1.80224E+06 1.52330E+03 1.07221E+03-3.84396E+04-2.15598E+01 1.23959E+02
 -1       616-1.98257E+06 1.73091E+03 1.25501E+03-1.45450E+04-1.94459E+01 1.24276E+02
 -1       617-2.70475E+06 1.72269E+02 6.35261E+00-3.77271E+04-7.04605E+00 1.75165E+02
 -1       619-2.97530E+06 1.05856E+02-6.66147E+01-1.41269E+04-1.06148E+01 1.80755E+02
 -1       620-3.60638E+06 1.87022E+02 5.88289E+01-3.79753E+04-8.07178E+00 2.62940E+02
 -1       622-3.96705E+06 9.58383E+01-1.33142E+01-1.42502E+04-2.65491E+01 2.75067E+02
 -1       623-4.50843E+06-1.22954E+02-7.05247E+01-3.73350E+04-5.68310E+00 2.48424E+02
 -1       625-4.95894E+06 3.89376E+02 2.89325E+02-1.38213E+04-3.15921E+01 2.51726E+02
 -1       626-5.40859E+06 2.33240E+03-2.56397E+02-4.09096E+04 5.82295E+00 2.63595E+02
 -1       628-5.94984E+06 7.49996E+02-1.53101E+03-1.69406E+04 7.62565E+00 2.71256E+02
 -1       629-6.31709E+06 1.02697E+03-2.33449E+02-4.04819E+04 1.12303E+01 2.82479E+02
 -1       631-6.94216E+06 9.30336E+03 6.82295E+03-1.79369E+04-1.19440E+01 2.88722E+02
 -1       632-7.21765E+06 3.28027E+04-3.69949E+04-7.98492E+04-9.34579E+00 3.11356E+02
 -1       634-7.94347E+06 8.94264E+03-5.84339E+04-5.57655E+04-3.44003E+01 3.32400E+02
 -1       635-8.39620E+06-6.30437E+04-2.55172E+05-7.91414E+04 6.92692E+00 2.70005E+02
 -1       637-9.13883E+06 4.92439E+04-1.52634E+05-6.20469E+04 3.19709E+01 3.52961E+02
 -3
    1PSTEP                         3           1           1          
  100CL  101 1.000000000         459                     0    1           1
 -4  TOSTRAIN    6    1
 -5  EXX         1    4    1    1
 -5  EYY         1    4    2    2
 -5  EZZ         1    4    3    3
 -5  EXY         1    4    1    2
 -5  EYZ         1    4    2    3
 -5  EZX         1    4    3    1
 -1         1 3.80181E-05 2.13384E-10 1.88162E-10-9.18228E-07 1.32065E-11 4.46934E-06
 -1         2-3.79312E-05-2.13403E-10-1.88106E-10-9.05766E-07 1.31938E-11-4.47073E-06
 -1         3-4.10921E-07 2.29231E-07 1.21353E-07-9.17273E-07 2.79222E-08 2.14406E-08
 -1         4 4.11433E-07-2.28992E-07-1.22124E-07-9.16894E-07 2.77726E-08-2.10773E-08
 -1         5-4.11927E-07 2.28841E-07 1.21594E-07-9.16039E-07-2.75797E-08-2.15610E-08
 -1         6 4.11424E-07-2.28759E-07-1.21637E-07-9.16430E-07-2.76826E-08 2.16621E-08
 -1         7-3.80180E-05-2.13380E-10-1.88163E-10-9.18046E-07-1.32068E-11 4.46957E-06
 -1         8 3.79312E-05 2.13406E-10 1.88104E-10-9.05578E-07-1.31939E-11-4.47094E-06
 -1         9 4.21752E-08-9.79777E-15 2.92345E-14 1.72869E-06 1.33507E-11 2.24386E-09
 -1        10 1.89822E-05-2.28447E-10-2.11601E-10 6.24506E-07 1.32803E-11 2.23822E-06
 -1        11-1.88965E-05 2.28422E-10 2.11660E-10 6.30735E-07 1.32706E-11-2.23616E-06
 -1        12-3.94918E-05 1.15891E-05 1.00472E-05 1.97815E-07-1.81694E-06 9.13309E-07
 -1        13-3.43017E-05 9.06188E-06 9.39366E-06-9.24901E-07 2.53720E-07 1.32956E-07
 -1        14-3.00535E-05 8.51720E-06 8.41093E-06-9.19751E-07-8.56969E-08 5.23127E-08
 -1        15-2.57308E-05 7.17137E-06 7.19983E-06-9.43468E-07 1.85453E-08 3.93733E-08
 -1        16-2.14492E-05 6.01471E-06 6.00559E-06-9.42371E-07-5.07844E-09 3.90909E-08
 -1        17-1.71599E-05 4.80293E-06 4.80467E-06-9.41759E-07 1.04631E-09 3.92215E-08
 -1        18-1.28716E-05 3.60451E-06 3.60362E-06-9.42642E-07-7.17835E-11 3.81813E-08
 -1        19-8.58071E-06 2.40905E-06 2.40485E-06-9.38489E-07-1.35266E-09 4.03357E-08
 -1        20-4.28036E-06 1.21589E-06 1.20611E-06-9.29696E-07 9.95002E-09 3.96151E-08
 -1        21-3.93769E-05 9.92100E-06 1.14484E-05-4.89808E-07 2.30107E-06-1.21442E-06
 -1        22-3.64615E-05 1.08795E-05 1.04883E-05-1.11714E-07-3.98094E-07 5.21374E-08
 -1        23-3.21208E-05 8.85477E-06 8.97334E-06-2.61162E-08 1.19329E-07-1.71410E-10
 -1        24-2.78866E-05 7.85064E-06 7.81764E-06-3.38350E-08-2.76049E-08 4.35263E-08
 -1        25-2.35898E-05 6.59401E-06 6.60372E-06-2.89264E-08 7.15874E-09 3.59140E-08
 -1        26-1.93057E-05 5.40878E-06 5.40592E-06-3.01025E-08-1.77545E-09 3.81177E-08
 -1        27-1.50162E-05 4.20347E-06 4.20451E-06-2.98848E-08 5.86887E-10 3.77680E-08
 -1        28-1.07289E-05 3.00469E-06 3.00412E-06-2.91842E-08-6.71434E-10 3.78114E-08
 -1        29-6.43726E-06 1.79619E-06 1.80040E-06-3.58195E-08 1.80656E-09 3.54790E-08
 -1        30-2.17660E-06 5.93888E-07 6.02425E-07-2.84570E-08-1.17643E-08 3.50816E-08
 -1        31 7.87538E-11 9.25501E-11 6.59212E-12-1.58678E-06-4.34996E-09 2.11277E-10
 -1        32 2.00818E-07-1.78973E-07-5.00893E-08-1.26874E-06 1.16907E-08-1.21204E-08
 -1        33-2.00547E-07 1.79185E-07 4.98324E-08-1.26890E-06 1.17980E-08 1.25288E-08
 -1        34 3.95814E-05-1.16106E-05-1.00788E-05 1.99702E-07-1.81951E-06-9.09973E-07
 -1        35 3.43754E-05-9.08365E-06-9.41255E-06-9.24477E-07 2.54245E-07-1.29795E-07
 -1        36 3.01147E-05-8.53457E-06-8.42858E-06-9.19903E-07-8.56568E-08-4.89977E-08
 -1        37 2.57790E-05-7.18517E-06-7.21358E-06-9.43032E-07 1.89963E-08-3.64899E-08
 -1        38 2.14853E-05-6.02413E-06-6.01632E-06-9.42108E-07-4.90223E-09-3.63449E-08
 -1        39 1.71847E-05-4.80951E-06-4.81167E-06-9.42070E-07 1.14523E-09-3.63924E-08
 -1        40 1.28869E-05-3.60857E-06-3.60861E-06-9.42184E-07 4.93937E-10-3.62193E-08
 -1        41 8.58807E-06-2.41133E-06-2.40737E-06-9.38208E-07-9.48043E-10-3.86682E-08
 -1        42 4.28234E-06-1.21747E-06-1.20675E-06-9.29973E-07 1.04387E-08-3.85759E-08
 -1        43 3.94657E-05-9.95132E-06-1.14642E-05-4.91648E-07 2.30513E-06 1.21631E-06
 -1        44 3.65433E-05-1.09020E-05-1.05134E-05-1.11811E-07-3.98861E-07-5.21908E-08
 -1        45 3.21881E-05-8.87379E-06-8.99138E-06-2.58054E-08 1.19414E-07 8.71514E-10
 -1        46 2.79415E-05-7.86603E-06-7.83330E-06-3.36226E-08-2.74471E-08-4.30017E-08
 -1        47 2.36319E-05-6.60555E-06-6.61555E-06-2.84728E-08 7.15689E-09-3.54592E-08
 -1        48 1.93359E-05-5.41708E-06-5.41438E-06-2.99623E-08-1.77692E-09-3.76769E-08
 -1        49 1.50364E-05-4.20921E-06-4.21010E-06-2.99207E-08 7.29935E-10-3.71925E-08
 -1        50 1.07399E-05-3.00757E-06-3.00746E-06-2.89417E-08-6.56595E-10-3.76622E-08
 -1        51 6.44164E-06-1.79751E-06-1.80171E-06-3.58641E-08 1.88791E-09-3.52271E-08
 -1        52 2.17782E-06-5.94040E-07-6.02871E-07-2.83336E-08-1.17484E-08-3.49176E-08
 -1        53-4.02965E-07 2.40323E-07 1.21501E-07-8.08261E-07 1.72638E-10-4.44323E-11
 -1        54-4.14475E-11-4.22168E-11 2.35553E-10-1.58661E-06 4.50516E-09 3.37832E-10
 -1        55 2.00781E-07-1.78838E-07-4.97311E-08-1.26841E-06-1.16498E-08 1.26563E-08
 -1        56-2.01029E-07 1.78837E-07 5.00670E-08-1.26820E-06-1.14849E-08-1.22158E-08
 -1        57 4.02974E-07-2.40754E-07-1.21908E-07-8.08393E-07 1.26889E-11 2.84993E-10
 -1        58-4.28240E-06 1.21673E-06 1.20685E-06-9.29841E-07-1.01089E-08-3.86660E-08
 -1        59-8.58805E-06 2.41116E-06 2.40694E-06-9.37710E-07 1.06414E-09-3.89426E-08
 -1        60-1.28868E-05 3.60832E-06 3.60814E-06-9.42147E-07-9.50147E-11-3.62010E-08
 -1        61-1.71846E-05 4.80882E-06 4.81173E-06-9.42033E-07-9.26968E-10-3.61906E-08
 -1        62-2.14854E-05 6.02472E-06 6.01569E-06-9.42120E-07 5.04794E-09-3.62667E-08
 -1        63-2.57788E-05 7.18503E-06 7.21341E-06-9.43086E-07-1.88931E-08-3.63936E-08
 -1        64-3.01147E-05 8.53415E-06 8.42850E-06-9.19546E-07 8.58382E-08-4.90264E-08
 -1        65-3.43753E-05 9.08343E-06 9.41227E-06-9.24706E-07-2.54145E-07-1.29611E-07
 -1        66-3.95816E-05 1.16098E-05 1.00792E-05 1.99374E-07 1.81971E-06-9.09436E-07
 -1        67-2.17794E-06 5.94129E-07 6.02916E-07-2.82017E-08 1.16910E-08-3.50321E-08
 -1        68-6.44156E-06 1.79739E-06 1.80182E-06-3.56967E-08-1.91254E-09-3.51435E-08
 -1        69-1.07400E-05 3.00765E-06 3.00743E-06-2.87567E-08 6.69138E-10-3.75752E-08
 -1        70-1.50364E-05 4.20913E-06 4.21030E-06-2.99437E-08-7.03385E-10-3.70706E-08
 -1        71-1.93359E-05 5.41726E-06 5.41449E-06-2.98794E-08 1.72431E-09-3.75450E-08
 -1        72-2.36319E-05 6.60573E-06 6.61556E-06-2.85625E-08-7.17642E-09-3.53312E-08
 -1        73-2.79413E-05 7.86604E-06 7.83322E-06-3.35421E-08 2.75535E-08-4.29798E-08
 -1        74-3.21882E-05 8.87381E-06 8.99143E-06-2.57298E-08-1.19478E-07 9.33449E-10
 -1        75-3.65434E-05 1.09017E-05 1.05136E-05-1.11851E-07 3.98827E-07-5.21100E-08
 -1        76-3.94655E-05 9.95110E-06 1.14644E-05-4.91629E-07-2.30508E-06 1.21662E-06
 -1        77-4.21159E-08 1.30128E-14-3.00399E-14 1.72887E-06-1.33509E-11 2.20785E-09
 -1        78 1.88966E-05-2.28425E-10-2.11660E-10 6.30923E-07-1.32705E-11-2.23630E-06
 -1        79-1.89821E-05 2.28444E-10 2.11602E-10 6.24684E-07-1.32806E-11 2.23830E-06
 -1        80 4.28040E-06-1.21614E-06-1.20650E-06-9.29513E-07-1.03309E-08 3.97890E-08
 -1        81 8.58062E-06-2.40887E-06-2.40510E-06-9.37803E-07 1.20339E-09 4.05898E-08
 -1        82 1.28717E-05-3.60451E-06-3.60408E-06-9.42588E-07-3.96658E-10 3.83462E-08
 -1        83 1.71598E-05-4.80315E-06-4.80480E-06-9.41887E-07-1.31890E-09 3.88136E-08
 -1        84 2.14492E-05-6.01437E-06-6.00605E-06-9.42430E-07 4.97051E-09 3.91443E-08
 -1        85 2.57307E-05-7.17139E-06-7.20007E-06-9.43045E-07-1.87295E-08 3.95506E-08
 -1        86 3.00534E-05-8.51752E-06-8.41102E-06-9.19709E-07 8.55767E-08 5.21605E-08
 -1        87 3.43017E-05-9.06149E-06-9.39392E-06-9.25480E-07-2.53663E-07 1.32600E-07
 -1        88 3.94919E-05-1.15899E-05-1.00470E-05 1.97784E-07 1.81684E-06 9.13258E-07
 -1        89 2.17676E-06-5.93705E-07-6.02502E-07-2.80907E-08 1.18438E-08 3.52134E-08
 -1        90 6.43708E-06-1.79632E-06-1.80045E-06-3.56459E-08-1.93076E-09 3.55020E-08
 -1        91 1.07290E-05-3.00466E-06-3.00406E-06-2.88944E-08 7.49572E-10 3.78687E-08
 -1        92 1.50163E-05-4.20342E-06-4.20440E-06-2.99777E-08-5.98228E-10 3.75341E-08
 -1        93 1.93056E-05-5.40864E-06-5.40581E-06-3.01722E-08 1.82057E-09 3.80587E-08
 -1        94 2.35896E-05-6.59377E-06-6.60367E-06-2.87365E-08-7.11051E-09 3.58347E-08
 -1        95 2.78868E-05-7.85083E-06-7.81776E-06-3.36767E-08 2.74200E-08 4.35021E-08
 -1        96 3.21210E-05-8.85486E-06-8.97328E-06-2.62371E-08-1.19329E-07-3.19558E-10
 -1        97 3.64614E-05-1.08795E-05-1.04882E-05-1.11727E-07 3.98102E-07 5.20282E-08
 -1        98 3.93768E-05-9.92121E-06-1.14483E-05-4.89847E-07-2.30116E-06-1.21443E-06
 -1        99-3.79551E-05 2.15365E-10 2.12216E-10-1.76389E-06-1.48689E-14-1.57650E-09
 -1       100 3.79552E-05-2.15366E-10-2.12216E-10-1.76382E-06 1.48683E-14-1.79238E-09
 -1       101 4.52235E-08-1.06967E-08-1.57198E-08-1.19220E-06-1.77395E-06 3.97473E-10
 -1       102 3.70496E-08-1.06809E-08-9.45489E-09-1.70320E-06 2.39487E-07 1.31016E-09
 -1       103 3.06335E-08-8.55658E-09-8.88500E-09-1.60262E-06-8.01115E-08 1.42158E-09
 -1       104 2.41220E-08-7.01116E-09-6.64946E-09-1.63736E-06 1.68381E-08 1.40124E-09
 -1       105 1.80116E-08-4.90817E-09-5.06164E-09-1.62695E-06-4.31597E-09 1.31781E-09
 -1       106 1.24389E-08-3.33119E-09-3.45636E-09-1.62996E-06 7.17054E-10 1.19191E-09
 -1       107 7.56512E-09-2.04143E-09-1.98873E-09-1.62835E-06 4.69762E-10 8.92643E-10
 -1       108 3.67105E-09-1.05108E-09-8.95000E-10-1.63133E-06-2.53685E-09 7.36224E-10
 -1       109 1.03854E-09-6.66170E-10-1.69596E-10-1.62036E-06 1.64324E-08 4.48952E-10
 -1       110 1.97948E-05-4.59282E-06-5.06494E-06-4.28177E-07-1.79607E-06-4.55287E-07
 -1       111 4.47010E-08-1.51279E-08-7.90204E-09-3.12562E-07 2.32523E-06 2.14013E-09
 -1       112 1.72133E-05-4.70953E-06-4.70247E-06-1.35605E-06 2.46703E-07-6.51080E-08
 -1       113 4.06262E-08-1.11208E-08-1.26272E-08-8.07974E-07-3.83573E-07 2.67397E-11
 -1       114 1.50741E-05-4.21146E-06-4.22284E-06-1.27381E-06-8.28548E-08-2.33642E-08
 -1       115 3.36576E-08-9.34720E-09-9.17034E-09-7.04007E-07 1.14965E-07 1.01945E-10
 -1       116 1.29021E-05-3.61027E-06-3.60896E-06-1.31070E-06 1.79568E-08-1.77905E-08
 -1       117 2.73630E-08-7.68507E-09-7.74467E-09-7.17502E-07-2.56700E-08 1.36040E-10
 -1       118 1.07525E-05-3.01104E-06-3.01134E-06-1.30293E-06-4.56351E-09-1.74614E-08
 -1       119 2.10883E-08-5.92336E-09-5.82203E-09-7.17124E-07 6.51319E-09 1.15058E-10
 -1       120 8.59911E-06-2.40747E-06-2.40757E-06-1.30497E-06 1.01506E-09-1.76682E-08
 -1       121 1.51395E-08-4.27246E-09-4.29401E-09-7.16514E-07-1.61083E-09 9.51505E-11
 -1       122 6.44754E-06-1.80589E-06-1.80552E-06-1.30401E-06 5.63372E-10-1.77208E-08
 -1       123 1.00385E-08-2.89761E-09-2.83802E-09-7.16604E-07 6.24113E-10 1.05054E-10
 -1       124 4.29655E-06-1.20608E-06-1.20363E-06-1.30382E-06-1.68439E-09-1.88610E-08
 -1       125 5.51686E-09-1.40580E-09-1.54414E-09-7.17114E-07-1.18448E-09 5.35642E-11
 -1       126 2.13989E-06-6.28985E-07-6.05885E-07-1.29325E-06 1.34479E-08-1.97604E-08
 -1       127 2.22161E-09-5.54391E-10-5.86211E-10-7.15066E-07 4.32701E-09 1.14500E-10
 -1       128 5.28238E-10-2.93172E-11-1.85733E-10-7.22729E-07-2.46783E-08 1.38564E-11
 -1       129-1.97048E-05 4.57136E-06 5.03335E-06-4.28668E-07-1.79611E-06 4.57431E-07
 -1       130-1.71394E-05 4.68796E-06 4.68361E-06-1.35617E-06 2.46755E-07 6.79063E-08
 -1       131-1.50129E-05 4.19422E-06 4.20510E-06-1.27372E-06-8.29304E-08 2.63353E-08
 -1       132-1.28539E-05 3.59636E-06 3.59544E-06-1.31097E-06 1.76508E-08 2.05392E-08
 -1       133-1.07165E-05 3.00142E-06 3.00100E-06-1.30304E-06-4.73336E-09 2.00959E-08
 -1       134-8.57430E-06 2.40085E-06 2.40055E-06-1.30486E-06 7.89569E-10 2.01475E-08
 -1       135-6.43239E-06 1.80182E-06 1.80111E-06-1.30428E-06 1.19481E-10 1.95444E-08
 -1       136-4.28918E-06 1.20389E-06 1.20151E-06-1.30393E-06-2.00647E-09 2.04123E-08
 -1       137-2.13787E-06 6.27532E-07 6.05369E-07-1.29317E-06 1.31692E-08 2.06447E-08
 -1       138 1.47768E-11-2.70524E-10 1.21072E-10-1.47652E-06 6.21538E-11 2.80505E-10
 -1       139-1.03359E-09 3.67466E-10 2.49423E-10-1.62033E-06-1.66014E-08 4.02613E-10
 -1       140-3.76555E-09 1.30009E-09 1.01239E-09-1.63112E-06 2.46123E-09 6.96991E-10
 -1       141-7.54145E-09 1.94137E-09 2.16203E-09-1.62843E-06-4.71669E-10 9.65521E-10
 -1       142-1.23707E-08 2.80123E-09 3.67470E-09-1.62974E-06-8.58825E-10 1.17447E-09
 -1       143-1.80708E-08 4.90185E-09 5.07917E-09-1.62689E-06 4.35307E-09 1.25739E-09
 -1       144-2.41018E-08 6.87526E-09 6.50702E-09-1.63709E-06-1.69602E-08 1.28999E-09
 -1       145-3.05752E-08 8.39567E-09 8.84580E-09-1.60221E-06 8.01196E-08 1.47907E-09
 -1       146-3.70954E-08 1.08360E-08 9.49615E-09-1.70316E-06-2.39491E-07 1.38402E-09
 -1       147-4.52608E-08 1.01795E-08 1.57690E-08-1.19210E-06 1.77400E-06 4.01475E-10
 -1       148 2.13789E-06-6.27760E-07-6.05551E-07-1.29306E-06-1.35359E-08 2.06999E-08
 -1       149-5.22590E-10 2.08024E-10 1.38258E-10-7.22821E-07 2.47025E-08 2.06750E-11
 -1       150 4.28909E-06-1.20362E-06-1.20155E-06-1.30347E-06 1.80930E-09 2.04627E-08
 -1       151-2.24015E-09 6.52979E-10 5.76994E-10-7.15150E-07-4.39478E-09 6.65311E-11
 -1       152 6.43242E-06-1.80180E-06-1.80118E-06-1.30428E-06-4.38307E-10 1.96521E-08
 -1       153-5.53646E-09 1.58947E-09 1.48494E-09-7.17144E-07 1.30363E-09 5.40833E-11
 -1       154 8.57425E-06-2.40118E-06-2.40057E-06-1.30483E-06-1.13764E-09 1.99693E-08
 -1       155-1.00162E-08 2.85590E-09 2.80289E-09-7.16598E-07-6.05954E-10 1.42246E-10
 -1       156 1.07165E-05-3.00124E-06-3.00114E-06-1.30306E-06 4.65487E-09 2.00971E-08
 -1       157-1.51638E-08 4.15238E-09 4.34193E-09-7.16364E-07 1.59394E-09 1.02426E-10
 -1       158 1.28539E-05-3.59642E-06-3.59563E-06-1.31057E-06-1.78131E-08 2.05955E-08
 -1       159-2.10753E-08 5.86800E-09 5.82661E-09-7.16956E-07-6.56143E-09 5.05622E-11
 -1       160 1.50129E-05-4.19440E-06-4.20519E-06-1.27357E-06 8.28439E-08 2.63111E-08
 -1       161-2.73686E-08 7.66883E-09 7.69897E-09-7.17207E-07 2.56580E-08 9.17396E-11
 -1       162 1.71394E-05-4.68763E-06-4.68368E-06-1.35643E-06-2.46779E-07 6.78216E-08
 -1       163-3.36174E-08 9.44718E-09 9.17058E-09-7.03703E-07-1.14932E-07 1.50469E-10
 -1       164 1.97048E-05-4.57199E-06-5.03331E-06-4.28587E-07 1.79606E-06 4.57444E-07
 -1       165-4.06603E-08 1.11233E-08 1.25927E-08-8.07686E-07 3.83549E-07 5.57112E-11
 -1       166-4.46931E-08 1.50360E-08 7.84231E-09-3.12439E-07-2.32526E-06 2.14641E-09
 -1       167-2.13991E-06 6.28420E-07 6.05950E-07-1.29317E-06-1.32952E-08-1.98092E-08
 -1       168-4.29659E-06 1.20607E-06 1.20351E-06-1.30347E-06 1.78204E-09-1.89733E-08
 -1       169-6.44750E-06 1.80564E-06 1.80545E-06-1.30405E-06-2.77184E-10-1.76510E-08
 -1       170-8.59903E-06 2.40681E-06 2.40764E-06-1.30483E-06-8.52307E-10-1.76119E-08
 -1       171-1.07526E-05 3.01133E-06 3.01112E-06-1.30288E-06 4.71686E-09-1.74669E-08
 -1       172-1.29020E-05 3.61012E-06 3.60881E-06-1.31064E-06-1.79597E-08-1.78075E-08
 -1       173-1.50741E-05 4.21111E-06 4.22275E-06-1.27336E-06 8.29862E-08-2.33769E-08
 -1       174-1.72133E-05 4.70943E-06 4.70239E-06-1.35615E-06-2.46628E-07-6.50252E-08
 -1       175-1.97950E-05 4.59216E-06 5.06508E-06-4.28345E-07 1.79622E-06-4.55048E-07
 -1       176 2.96104E-11-7.37302E-16 4.90729E-16 8.73701E-07 3.41177E-19 1.24190E-09
 -1       177 3.95566E-05-1.15754E-05-1.00633E-05-1.22920E-07-1.37040E-09 1.35149E-09
 -1       178 3.43634E-05-9.09401E-06-9.40367E-06-6.94224E-07 3.31722E-10 1.62462E-09
 -1       179 3.00816E-05-8.51669E-06-8.42018E-06-8.14301E-07-1.94275E-11 1.66148E-09
 -1       180 2.57574E-05-7.18224E-06-7.20715E-06-8.05532E-07 8.99929E-11 1.64447E-09
 -1       181 2.14679E-05-6.01839E-06-6.01145E-06-8.12229E-07 1.86212E-11 1.50337E-09
 -1       182 1.71731E-05-4.80685E-06-4.80845E-06-8.10193E-07-5.43704E-11 1.30026E-09
 -1       183 1.28797E-05-3.60642E-06-3.60651E-06-8.11083E-07 1.49191E-12 1.13537E-09
 -1       184 8.58531E-06-2.41119E-06-2.40635E-06-8.06405E-07 8.22513E-11 1.02769E-09
 -1       185 4.27805E-06-1.21354E-06-1.20668E-06-7.99109E-07 7.50451E-11 6.34431E-10
 -1       186-3.95567E-05 1.15751E-05 1.00637E-05-1.22950E-07 1.44756E-09 1.64576E-09
 -1       187-3.43633E-05 9.09388E-06 9.40339E-06-6.94101E-07-2.55506E-10 1.89778E-09
 -1       188-3.00817E-05 8.51649E-06 8.42009E-06-8.14216E-07 5.04119E-11 1.72177E-09
 -1       189-2.57573E-05 7.18226E-06 7.20694E-06-8.05641E-07-1.20855E-10 1.60667E-09
 -1       190-2.14679E-05 6.01853E-06 6.01091E-06-8.12163E-07-2.05706E-11 1.51420E-09
 -1       191-1.71731E-05 4.80665E-06 4.80842E-06-8.10191E-07 4.98618E-11 1.60268E-09
 -1       192-1.28797E-05 3.60626E-06 3.60604E-06-8.11048E-07-3.72972E-11 1.06767E-09
 -1       193-8.58535E-06 2.41103E-06 2.40600E-06-8.06487E-07-1.20666E-10 7.55558E-10
 -1       194-4.27806E-06 1.21333E-06 1.20653E-06-7.99068E-07-3.89178E-11 5.03600E-10
 -1       195-2.23850E-11-6.65765E-12 2.45849E-11-1.51245E-06 3.56637E-11 1.03433E-10
 -1       196-2.64426E-11-2.99474E-11 2.06277E-11-1.47149E-06-2.98910E-12 1.56212E-09
 -1       197 4.03912E-11 5.30299E-12-1.95998E-11-1.49802E-06 4.23992E-12 1.54093E-09
 -1       198 1.67147E-11-2.03509E-11-7.12249E-11-1.49913E-06-5.62146E-11 1.46427E-09
 -1       199-3.79543E-11-1.66806E-10 8.76319E-12-1.49706E-06 8.12887E-12 1.38181E-09
 -1       200 2.64869E-11-1.36448E-10 1.09166E-10-1.49804E-06-5.95567E-11 1.27684E-09
 -1       201 1.62504E-11-6.91871E-11 8.66517E-11-1.49704E-06-1.47649E-12 1.01075E-09
 -1       202-4.09021E-11 4.08333E-11 5.86932E-11-1.49980E-06-4.87236E-11 7.74951E-10
 -1       203-1.25020E-12-2.71461E-12 3.99130E-11-1.48901E-06-5.36633E-11 4.52030E-10
 -1       320 6.07877E-07-2.57489E-07-1.36800E-07-9.74124E-08 1.46424E-08-4.21186E-08
 -1       321 5.09752E-07-2.49550E-07-1.29669E-07-1.69316E-07 1.76714E-08-3.15709E-08
 -1       322 4.11383E-07-2.41489E-07-1.22110E-07-2.40890E-07 2.07038E-08-2.10771E-08
 -1       323 4.21062E-05-1.53308E-05 3.93711E-10-1.05807E-06-6.07496E-09 4.66569E-06
 -1       324 4.00647E-05-1.53319E-05-4.38762E-10-1.12973E-06 1.27059E-12 4.56759E-06
 -1       325 3.80171E-05-1.53308E-05 3.91445E-10-1.20570E-06 6.07750E-09 4.46935E-06
 -1       326 6.07809E-07-2.57315E-07-1.35808E-07-9.75431E-08-1.36247E-08 4.27446E-08
 -1       327 5.09717E-07-2.49653E-07-1.28930E-07-1.69282E-07-1.64973E-08 3.21819E-08
 -1       328 4.11375E-07-2.41870E-07-1.21622E-07-2.40691E-07-1.93665E-08 2.16619E-08
 -1       329 4.20182E-05-1.52965E-05 3.93652E-10-1.04496E-06 6.93112E-09-4.66863E-06
 -1       330 3.99773E-05-1.52976E-05-4.38821E-10-1.11653E-06-1.27318E-12-4.56985E-06
 -1       331 3.79303E-05-1.52965E-05 3.91385E-10-1.19241E-06-6.93366E-09-4.47095E-06
 -1       332 4.71032E-06-1.35885E-06-1.32522E-06-1.03856E-07 5.63556E-09-6.37908E-08
 -1       333 4.49666E-06-1.30072E-06-1.26604E-06-1.75785E-07 4.76354E-09-5.11760E-08
 -1       334 4.28224E-06-1.24236E-06-1.20672E-06-2.47347E-07 3.89170E-09-3.85758E-08
 -1       335 9.44706E-06-2.65022E-06-2.64850E-06-1.08487E-07 1.29837E-10-6.50841E-08
 -1       336 9.01828E-06-2.53005E-06-2.52815E-06-1.81624E-07 4.86013E-10-5.18743E-08
 -1       337 8.58786E-06-2.40941E-06-2.40732E-06-2.54364E-07 8.38785E-10-3.86681E-08
 -1       338 1.41747E-05-3.96952E-06-3.96920E-06-1.08195E-07 6.43507E-10-6.16872E-08
 -1       339 1.35318E-05-3.78969E-06-3.78920E-06-1.80343E-07 6.46983E-10-4.89529E-08
 -1       340 1.28865E-05-3.60918E-06-3.60852E-06-2.52101E-07 6.48729E-10-3.62192E-08
 -1       341 1.89017E-05-5.29273E-06-5.29227E-06-1.04397E-07 5.22953E-10-6.30798E-08
 -1       342 1.80446E-05-5.05288E-06-5.05236E-06-1.76810E-07 2.73296E-10-4.97402E-08
 -1       343 1.71842E-05-4.81213E-06-4.81155E-06-2.48829E-07 2.44035E-11-3.63923E-08
 -1       344 2.36305E-05-6.61872E-06-6.61805E-06-1.13660E-07-4.39272E-10-6.00430E-08
 -1       345 2.25597E-05-6.31774E-06-6.31770E-06-1.85710E-07-1.85994E-10-4.81889E-08
 -1       346 2.14848E-05-6.01562E-06-6.01617E-06-2.57378E-07 7.37975E-11-3.63448E-08
 -1       347 2.83539E-05-7.94102E-06-7.93105E-06-9.71870E-08 1.85291E-09-6.95154E-08
 -1       348 2.70685E-05-7.58405E-06-7.57285E-06-1.70386E-07 9.57653E-10-5.30126E-08
 -1       349 2.57783E-05-7.22572E-06-7.21340E-06-2.43163E-07 5.64963E-11-3.64898E-08
 -1       350 3.31057E-05-9.31015E-06-9.28438E-06-2.01890E-07-9.78178E-09-5.29038E-08
 -1       351 3.16127E-05-8.87912E-06-8.85732E-06-2.70793E-07-7.35356E-09-5.09298E-08
 -1       352 3.01140E-05-8.44650E-06-8.42838E-06-3.39415E-07-4.92025E-09-4.89976E-08
 -1       353 3.77797E-05-1.06925E-05-1.03098E-05-2.02216E-07 2.64216E-08-2.20008E-07
 -1       354 3.60804E-05-1.02522E-05-9.86160E-06-2.76023E-07 2.07968E-08-1.74930E-07
 -1       355 3.43746E-05-9.81000E-06-9.41231E-06-3.48977E-07 1.51682E-08-1.29795E-07
 -1       356 4.34105E-05-1.26757E-05-1.14073E-05-5.11711E-07-1.77876E-07-7.84829E-07
 -1       357 4.14986E-05-1.19827E-05-1.07443E-05-5.62894E-07-1.69219E-07-8.47423E-07
 -1       358 3.95805E-05-1.12877E-05-1.00785E-05-6.15420E-07-1.60562E-07-9.09979E-07
 -1       359 2.39761E-06-6.35931E-07-6.66361E-07 2.97079E-08-5.63280E-09-5.79116E-08
 -1       361 2.17787E-06-5.69684E-07-6.02887E-07-1.15692E-07-3.47211E-09-3.49175E-08
 -1       362 7.08512E-06-1.97927E-06-1.98107E-06 3.12637E-08 1.99854E-10-6.13903E-08
 -1       364 6.44180E-06-1.80062E-06-1.80175E-06-1.11771E-07-3.13053E-10-3.52270E-08
 -1       365 1.18134E-05-3.30668E-06-3.30831E-06 3.24770E-08-4.06185E-10-6.34936E-08
 -1       367 1.07401E-05-3.00611E-06-3.00753E-06-1.12187E-07-3.64168E-11-3.76620E-08
 -1       368 1.65392E-05-4.63095E-06-4.63080E-06 3.17416E-08 4.30887E-11-6.32606E-08
 -1       370 1.50368E-05-4.21049E-06-4.21020E-06-1.12397E-07-2.02824E-10-3.71924E-08
 -1       371 2.12689E-05-5.95566E-06-5.95578E-06 2.83774E-08-1.96910E-10-6.30259E-08
 -1       373 1.93364E-05-5.41381E-06-5.41451E-06-1.15747E-07-1.91038E-10-3.76768E-08
 -1       374 2.59925E-05-7.27609E-06-7.27552E-06 4.15987E-08 8.76975E-10-6.29069E-08
 -1       376 2.36325E-05-6.61689E-06-6.61572E-06-1.03428E-07 2.28415E-10-3.54591E-08
 -1       377 3.07402E-05-8.60455E-06-8.62055E-06 9.67577E-09-2.94428E-09-6.50929E-08
 -1       379 2.79422E-05-7.81508E-06-7.83349E-06-1.33320E-07-1.41028E-09-4.30016E-08
 -1       380 3.54033E-05-9.88586E-06-9.86923E-06 1.56071E-07 1.26726E-08-3.01229E-08
 -1       382 3.21889E-05-9.01276E-06-8.99160E-06 8.47816E-09 9.49760E-09 8.71570E-10
 -1       383 4.02631E-05-1.11574E-05-1.16340E-05-2.62647E-08-3.95366E-08-9.46128E-08
 -1       385 3.65442E-05-1.00222E-05-1.05137E-05-1.72544E-07-3.64848E-08-5.21906E-08
 -1       386 4.33880E-05-1.18891E-05-1.21907E-05 6.38984E-07 2.17102E-07 1.42316E-06
 -1       388 3.94667E-05-1.11951E-05-1.14645E-05 5.41294E-07 2.31854E-07 1.21631E-06
 -1       389 5.99703E-07-2.54335E-07-1.36363E-07-7.88580E-08-1.21622E-10 2.83885E-10
 -1       391 4.03032E-07-2.38613E-07-1.21925E-07-2.22194E-07 3.81481E-11 2.84998E-10
 -1       392 4.70845E-06-1.35833E-06-1.32516E-06-1.03304E-07-5.67252E-09 6.50692E-08
 -1       393 4.49475E-06-1.30021E-06-1.26589E-06-1.75357E-07-4.90111E-09 5.24186E-08
 -1       394 4.28030E-06-1.24186E-06-1.20647E-06-2.47041E-07-4.12950E-09 3.97889E-08
 -1       395 9.43961E-06-2.64817E-06-2.64621E-06-1.07989E-07-1.26893E-10 6.71290E-08
 -1       396 9.01083E-06-2.52772E-06-2.52587E-06-1.80764E-07-3.73721E-10 5.38657E-08
 -1       397 8.58041E-06-2.40682E-06-2.40505E-06-2.53142E-07-6.23952E-10 4.05897E-08
 -1       398 1.41595E-05-3.96537E-06-3.96456E-06-1.07993E-07-3.74608E-10 6.39348E-08
 -1       399 1.35167E-05-3.78540E-06-3.78462E-06-1.80228E-07-3.19967E-10 5.11379E-08
 -1       400 1.28714E-05-3.60476E-06-3.60400E-06-2.52075E-07-2.67055E-10 3.83461E-08
 -1       401 1.88768E-05-5.28577E-06-5.28540E-06-1.04216E-07-4.56893E-10 6.55205E-08
 -1       402 1.80197E-05-5.04599E-06-5.04549E-06-1.76860E-07-3.33954E-10 5.21649E-08
 -1       403 1.71594E-05-4.80530E-06-4.80468E-06-2.49112E-07-2.10251E-10 3.88135E-08
 -1       404 2.35945E-05-6.60846E-06-6.60780E-06-1.14129E-07 5.46965E-10 6.28888E-08
 -1       405 2.25236E-05-6.30800E-06-6.30744E-06-1.85950E-07 2.51852E-10 5.10158E-08
 -1       406 2.14487E-05-6.00640E-06-6.00591E-06-2.57387E-07-3.67489E-11 3.91442E-08
 -1       407 2.83057E-05-7.92806E-06-7.91768E-06-9.71595E-08-2.03745E-09 7.26503E-08
 -1       408 2.70203E-05-7.57062E-06-7.55941E-06-1.70449E-07-1.09104E-09 5.61073E-08
 -1       409 2.57301E-05-7.21182E-06-7.19990E-06-2.43315E-07-1.50531E-10 3.95505E-08
 -1       410 3.30444E-05-9.29260E-06-9.26683E-06-2.01771E-07 9.87500E-09 5.61436E-08
 -1       411 3.15514E-05-8.86197E-06-8.83977E-06-2.70468E-07 7.37645E-09 5.41357E-08
 -1       412 3.00527E-05-8.42975E-06-8.41081E-06-3.38886E-07 4.88298E-09 5.21604E-08
 -1       413 3.77063E-05-1.06708E-05-1.02914E-05-2.01594E-07-2.64381E-08 2.22961E-07
 -1       414 3.60068E-05-1.02301E-05-9.84307E-06-2.75678E-07-2.09122E-08 1.77800E-07
 -1       415 3.43009E-05-9.78763E-06-9.39369E-06-3.48907E-07-1.53900E-08 1.32600E-07
 -1       416 4.33212E-05-1.26522E-05-1.13753E-05-5.09612E-07 1.78233E-07 7.89019E-07
 -1       417 4.14093E-05-1.19592E-05-1.07125E-05-5.60573E-07 1.69856E-07 8.51167E-07
 -1       418 3.94909E-05-1.12642E-05-1.00468E-05-6.12878E-07 1.61478E-07 9.13264E-07
 -1       419 2.39651E-06-6.35659E-07-6.65836E-07 2.98968E-08 5.77203E-09 5.82875E-08
 -1       421 2.17681E-06-5.69705E-07-6.02518E-07-1.15461E-07 3.67453E-09 3.52133E-08
 -1       422 7.08053E-06-1.97817E-06-1.97989E-06 3.09746E-08-3.61191E-10 6.16700E-08
 -1       424 6.43724E-06-1.79926E-06-1.80049E-06-1.11813E-07 1.66348E-10 3.55019E-08
 -1       425 1.18026E-05-3.30408E-06-3.30484E-06 3.20610E-08 4.71529E-10 6.36989E-08
 -1       427 1.07293E-05-3.00310E-06-3.00413E-06-1.12332E-07 2.89454E-10 3.78686E-08
 -1       428 1.65191E-05-4.62543E-06-4.62505E-06 3.17464E-08-1.64198E-11 6.36371E-08
 -1       430 1.50167E-05-4.20489E-06-4.20450E-06-1.12718E-07 1.61432E-10 3.75340E-08
 -1       431 2.12386E-05-5.94700E-06-5.94722E-06 2.85200E-08 1.91678E-10 6.34976E-08
 -1       433 1.93061E-05-5.40573E-06-5.40595E-06-1.15611E-07 2.17515E-11 3.80586E-08
 -1       434 2.59502E-05-7.26420E-06-7.26370E-06 4.15105E-08-8.98825E-10 6.33668E-08
 -1       436 2.35902E-05-6.60505E-06-6.60383E-06-1.03372E-07-2.54100E-10 3.58346E-08
 -1       437 3.06854E-05-8.58936E-06-8.60508E-06 9.61901E-09 2.67932E-09 6.56534E-08
 -1       439 2.78875E-05-7.79981E-06-7.81796E-06-1.33252E-07 1.12819E-09 4.35020E-08
 -1       440 3.53362E-05-9.86703E-06-9.85124E-06 1.55942E-07-1.28524E-08 3.07647E-08
 -1       442 3.21218E-05-8.99404E-06-8.97351E-06 8.30244E-09-9.80332E-09-3.19605E-10
 -1       443 4.01809E-05-1.11357E-05-1.16088E-05-2.71983E-08 3.94634E-08 9.42886E-08
 -1       445 3.64623E-05-1.00001E-05-1.04885E-05-1.73572E-07 3.66321E-08 5.20280E-08
 -1       446 4.32995E-05-1.18610E-05-1.21747E-05 6.37237E-07-2.16885E-07-1.42200E-06
 -1       448 3.93778E-05-1.11670E-05-1.14486E-05 5.39865E-07-2.32175E-07-1.21443E-06
 -1       449 4.20652E-05-1.54448E-05-4.37657E-10-1.90207E-06 4.28077E-10-2.46880E-09
 -1       451 3.79562E-05-1.54448E-05-4.39923E-10-2.05175E-06-4.28081E-10-1.79241E-09
 -1       452 4.70648E-06-1.35740E-06-1.32530E-06-8.38174E-08 2.20818E-10 6.59682E-10
 -1       454 4.27816E-06-1.24093E-06-1.20671E-06-2.27454E-07 1.20396E-10 6.34435E-10
 -1       455 9.44474E-06-2.64991E-06-2.64758E-06-8.86282E-08-3.34783E-11 1.09408E-09
 -1       457 8.58553E-06-2.40882E-06-2.40641E-06-2.34150E-07 7.24661E-11 1.02770E-09
 -1       458 1.41682E-05-3.96768E-06-3.96722E-06-8.59502E-08-7.52857E-12 1.19524E-09
 -1       460 1.28800E-05-3.60721E-06-3.60660E-06-2.29939E-07 4.88585E-11 1.13537E-09
 -1       461 1.88908E-05-5.28946E-06-5.28929E-06-8.68934E-08 3.96843E-11 1.30812E-09
 -1       463 1.71735E-05-4.80893E-06-4.80857E-06-2.31554E-07-8.62692E-11 1.30027E-09
 -1       464 2.36149E-05-6.61338E-06-6.61350E-06-8.43283E-08 6.78439E-11 1.52474E-09
 -1       466 2.14684E-05-6.01080E-06-6.01161E-06-2.27840E-07 3.25219E-11 1.50337E-09
 -1       467 2.83316E-05-7.93872E-06-7.92505E-06-1.03012E-07 6.61311E-11 1.68148E-09
 -1       469 2.57580E-05-7.22294E-06-7.20733E-06-2.49014E-07 1.11388E-10 1.64447E-09
 -1       470 3.30793E-05-9.29129E-06-9.27640E-06-1.09486E-07 7.23079E-11 1.69884E-09
 -1       472 3.00824E-05-8.42804E-06-8.42039E-06-2.46967E-07 7.06025E-12 1.66149E-09
 -1       473 3.77602E-05-1.07117E-05-1.03015E-05-3.39942E-07 2.43774E-10 1.70182E-09
 -1       475 3.43643E-05-9.82885E-06-9.40391E-06-4.86785E-07 1.41193E-10 1.62463E-09
 -1       476 4.33803E-05-1.26231E-05-1.13922E-05-3.78313E-07-4.56267E-11 1.80732E-09
 -1       478 3.95575E-05-1.12351E-05-1.00635E-05-4.82431E-07 2.33810E-10 1.35148E-09
 -1       479-4.10871E-07 2.42161E-07 1.21339E-07-2.41592E-07 2.02295E-08 2.14405E-08
 -1       480-5.09162E-07 2.49903E-07 1.28769E-07-1.69674E-07 1.70605E-08 3.19819E-08
 -1       481-6.07224E-07 2.57524E-07 1.35750E-07-9.74225E-08 1.38860E-08 4.25921E-08
 -1       482-3.79302E-05 1.52960E-05-3.91392E-10-1.19258E-06 6.97306E-09-4.47074E-06
 -1       483-3.99772E-05 1.52971E-05 4.38828E-10-1.11671E-06 1.26840E-12-4.56963E-06
 -1       484-4.20181E-05 1.52959E-05-3.93659E-10-1.04516E-06-6.97051E-09-4.66840E-06
 -1       485-4.11878E-07 2.41668E-07 1.21579E-07-2.39609E-07-2.00325E-08-2.15608E-08
 -1       486-5.10304E-07 2.49837E-07 1.28897E-07-1.68299E-07-1.69295E-08-3.21573E-08
 -1       487-6.08477E-07 2.57886E-07 1.35765E-07-9.66627E-08-1.38319E-08-4.27898E-08
 -1       488-3.80170E-05 1.53304E-05-3.91452E-10-1.20551E-06-6.11176E-09 4.46958E-06
 -1       489-4.00646E-05 1.53315E-05 4.38769E-10-1.12954E-06-1.27721E-12 4.56786E-06
 -1       490-4.21061E-05 1.53304E-05-3.93718E-10-1.05787E-06 6.10922E-09 4.66600E-06
 -1       491-4.28025E-06 1.24108E-06 1.20608E-06-2.47034E-07 3.40987E-09 3.96151E-08
 -1       492-4.49470E-06 1.29981E-06 1.26542E-06-1.75736E-07 4.38246E-09 5.22201E-08
 -1       493-4.70839E-06 1.35831E-06 1.32462E-06-1.04070E-07 5.36108E-09 6.48361E-08
 -1       494-8.58050E-06 2.40699E-06 2.40479E-06-2.53642E-07-5.46522E-11 4.03356E-08
 -1       495-9.01093E-06 2.52783E-06 2.52555E-06-1.80997E-07-1.83615E-10 5.36280E-08
 -1       496-9.43972E-06 2.64820E-06 2.64584E-06-1.07956E-07-3.12244E-10 6.69167E-08
 -1       497-1.28713E-05 3.60492E-06 3.60353E-06-2.52352E-07-2.35647E-10 3.81812E-08
 -1       498-1.35166E-05 3.78565E-06 3.78412E-06-1.80461E-07-1.42623E-10 5.09725E-08
 -1       499-1.41595E-05 3.96570E-06 3.96403E-06-1.08182E-07-4.62995E-11 6.37740E-08
 -1       500-1.71595E-05 4.80528E-06 4.80456E-06-2.48191E-07-1.94588E-10 3.92213E-08
 -1       501-1.80199E-05 5.04585E-06 5.04539E-06-1.76233E-07-9.41693E-11 5.26373E-08
 -1       502-1.88770E-05 5.28551E-06 5.28533E-06-1.03882E-07 2.28532E-12 6.60434E-08
 -1       503-2.14487E-05 6.00684E-06 6.00545E-06-2.57795E-07-3.67405E-10 3.90908E-08
 -1       504-2.25236E-05 6.30867E-06 6.30692E-06-1.86133E-07-6.71781E-10 5.09062E-08
 -1       505-2.35944E-05 6.60936E-06 6.60723E-06-1.14088E-07-9.77546E-10 6.27400E-08
 -1       506-2.57301E-05 7.21158E-06 7.19965E-06-2.43195E-07-5.28162E-10 3.93732E-08
 -1       507-2.70204E-05 7.57022E-06 7.55906E-06-1.70373E-07 5.97522E-10 5.59888E-08
 -1       508-2.83058E-05 7.92750E-06 7.91724E-06-9.71270E-08 1.72428E-09 7.25869E-08
 -1       509-3.00527E-05 8.42987E-06 8.41073E-06-3.39784E-07-5.24699E-09 5.23127E-08
 -1       510-3.15514E-05 8.86224E-06 8.83965E-06-2.71101E-07-7.68984E-09 5.42316E-08
 -1       511-3.30445E-05 9.29301E-06 9.26669E-06-2.02138E-07-1.01363E-08 5.61959E-08
 -1       512-3.43009E-05 9.78843E-06 9.39342E-06-3.48198E-07 1.55634E-08 1.32957E-07
 -1       513-3.60068E-05 1.02308E-05 9.84281E-06-2.75215E-07 2.09700E-08 1.78193E-07
 -1       514-3.77062E-05 1.06714E-05 1.02911E-05-2.01377E-07 2.63798E-08 2.23378E-07
 -1       515-3.94909E-05 1.12637E-05 1.00470E-05-6.12670E-07-1.61566E-07 9.13315E-07
 -1       516-4.14092E-05 1.19591E-05 1.07127E-05-5.60222E-07-1.69976E-07 8.51230E-07
 -1       517-4.33212E-05 1.26523E-05 1.13756E-05-5.09119E-07-1.78381E-07 7.89101E-07
 -1       518-2.17666E-06 5.69530E-07 6.02440E-07-1.15497E-07-3.38920E-09 3.50815E-08
 -1       520-2.39636E-06 6.35822E-07 6.65850E-07 2.99778E-08-5.58151E-09 5.81780E-08
 -1       521-6.43742E-06 1.79922E-06 1.80045E-06-1.11412E-07-3.00241E-10 3.54789E-08
 -1       523-7.08070E-06 1.97843E-06 1.97981E-06 3.12641E-08 5.54761E-10 6.16801E-08
 -1       524-1.07291E-05 3.00307E-06 3.00420E-06-1.12315E-07-9.97763E-11 3.78113E-08
 -1       526-1.18024E-05 3.30406E-06 3.30498E-06 3.23969E-08-1.29502E-10 6.37270E-08
 -1       527-1.50166E-05 4.20462E-06 4.20462E-06-1.12265E-07 3.16815E-10 3.77679E-08
 -1       529-1.65189E-05 4.62513E-06 4.62533E-06 3.19454E-08 5.02864E-10 6.39513E-08
 -1       530-1.93062E-05 5.40564E-06 5.40605E-06-1.15655E-07 3.52789E-10 3.81176E-08
 -1       532-2.12388E-05 5.94702E-06 5.94744E-06 2.84115E-08 1.33242E-10 6.35439E-08
 -1       533-2.35904E-05 6.60527E-06 6.60389E-06-1.03326E-07 1.26661E-10 3.59139E-08
 -1       535-2.59504E-05 7.26449E-06 7.26369E-06 4.17224E-08 9.50960E-10 6.34996E-08
 -1       536-2.78873E-05 7.79975E-06 7.81784E-06-1.33575E-07-1.51265E-09 4.35262E-08
 -1       538-3.06853E-05 8.58927E-06 8.60487E-06 9.53143E-09-2.83030E-09 6.56894E-08
 -1       539-3.21216E-05 8.99392E-06 8.97356E-06 7.97853E-09 9.83153E-09-1.71453E-10
 -1       541-3.53360E-05 9.86698E-06 9.85133E-06 1.55647E-07 1.27864E-08 3.08782E-08
 -1       542-3.64625E-05 9.99977E-06 1.04886E-05-1.73471E-07-3.64152E-08 5.21372E-08
 -1       544-4.01811E-05 1.11355E-05 1.16090E-05-2.72176E-08-3.94054E-08 9.44289E-08
 -1       545-3.93779E-05 1.11669E-05 1.14486E-05 5.39749E-07 2.32028E-07-1.21442E-06
 -1       547-4.32995E-05 1.18612E-05 1.21748E-05 6.37251E-07 2.16685E-07-1.42198E-06
 -1       548-4.03023E-07 2.38496E-07 1.21519E-07-2.22311E-07-1.82993E-10-4.44333E-11
 -1       550-5.99676E-07 2.54286E-07 1.35817E-07-7.87246E-08-2.54434E-10-7.24689E-11
 -1       551-4.28229E-06 1.24265E-06 1.20682E-06-2.47215E-07-3.86224E-09-3.86659E-08
 -1       552-4.49672E-06 1.30090E-06 1.26622E-06-1.75535E-07-4.77661E-09-5.12617E-08
 -1       553-4.71039E-06 1.35891E-06 1.32548E-06-1.03488E-07-5.68495E-09-6.38865E-08
 -1       554-8.58784E-06 2.40898E-06 2.40688E-06-2.53217E-07-9.30541E-11-3.89425E-08
 -1       555-9.01826E-06 2.52979E-06 2.52762E-06-1.80618E-07 4.84587E-11-5.22319E-08
 -1       556-9.44705E-06 2.65014E-06 2.64789E-06-1.07624E-07 1.90307E-10-6.55149E-08
 -1       557-1.28865E-05 3.60974E-06 3.60805E-06-2.51729E-07 2.51644E-10-3.62009E-08
 -1       558-1.35318E-05 3.79021E-06 3.78862E-06-1.80161E-07 1.33568E-10-4.89640E-08
 -1       559-1.41747E-05 3.97000E-06 3.96851E-06-1.08202E-07 1.87915E-11-6.17206E-08
 -1       560-1.71842E-05 4.81110E-06 4.81161E-06-2.48948E-07 6.03488E-10-3.61904E-08
 -1       561-1.80445E-05 5.05199E-06 5.05234E-06-1.76683E-07 3.94410E-10-4.95233E-08
 -1       562-1.89016E-05 5.29197E-06 5.29218E-06-1.04024E-07 1.81368E-10-6.28611E-08
 -1       563-2.14849E-05 6.01675E-06 6.01554E-06-2.57137E-07 6.87950E-10-3.62665E-08
 -1       564-2.25598E-05 6.31869E-06 6.31694E-06-1.85879E-07 8.35794E-10-4.80802E-08
 -1       565-2.36306E-05 6.61950E-06 6.61718E-06-1.14239E-07 9.82248E-10-5.98894E-08
 -1       566-2.57782E-05 7.22545E-06 7.21323E-06-2.42913E-07-8.90408E-12-3.63935E-08
 -1       567-2.70684E-05 7.58401E-06 7.57276E-06-1.70005E-07-1.12467E-09-5.29644E-08
 -1       568-2.83538E-05 7.94120E-06 7.93106E-06-9.66721E-08-2.23937E-09-6.95202E-08
 -1       569-3.01140E-05 8.44627E-06 8.42829E-06-3.39152E-07 5.26412E-09-4.90264E-08
 -1       570-3.16127E-05 8.87893E-06 8.85724E-06-2.70855E-07 7.56936E-09-5.09081E-08
 -1       571-3.31057E-05 9.30999E-06 9.28431E-06-2.02279E-07 9.87096E-09-5.28147E-08
 -1       572-3.43745E-05 9.80990E-06 9.41203E-06-3.49491E-07-1.47840E-08-1.29612E-07
 -1       573-3.60802E-05 1.02520E-05 9.86124E-06-2.76338E-07-2.03465E-08-1.74721E-07
 -1       574-3.77795E-05 1.06924E-05 1.03093E-05-2.02333E-07-2.59058E-08-2.19785E-07
 -1       575-3.95807E-05 1.12878E-05 1.00790E-05-6.15740E-07 1.60902E-07-9.09442E-07
 -1       576-4.14989E-05 1.19827E-05 1.07448E-05-5.63285E-07 1.69460E-07-8.46856E-07
 -1       577-4.34107E-05 1.26755E-05 1.14079E-05-5.12173E-07 1.78023E-07-7.84228E-07
 -1       578-2.17799E-06 5.69914E-07 6.02932E-07-1.15563E-07 3.51665E-09-3.50320E-08
 -1       580-2.39775E-06 6.36150E-07 6.66287E-07 2.96886E-08 5.70946E-09-5.80895E-08
 -1       581-6.44173E-06 1.80067E-06 1.80187E-06-1.11660E-07 4.09383E-10-3.51434E-08
 -1       583-7.08501E-06 1.97937E-06 1.98126E-06 3.13450E-08-3.52114E-10-6.12909E-08
 -1       584-1.07403E-05 3.00630E-06 3.00751E-06-1.12144E-07 6.65531E-11-3.75751E-08
 -1       586-1.18136E-05 3.30701E-06 3.30825E-06 3.22016E-08 9.62076E-11-6.34309E-08
 -1       587-1.50368E-05 4.21023E-06 4.21040E-06-1.12409E-07 1.62498E-10-3.70705E-08
 -1       589-1.65392E-05 4.63079E-06 4.63100E-06 3.17689E-08-1.72053E-10-6.31577E-08
 -1       590-1.93364E-05 5.41402E-06 5.41463E-06-1.15609E-07 2.34212E-10-3.75449E-08
 -1       592-2.12689E-05 5.95583E-06 5.95583E-06 2.83735E-08 1.57393E-10-6.28597E-08
 -1       593-2.36325E-05 6.61703E-06 6.61573E-06-1.03196E-07-2.70624E-10-3.53311E-08
 -1       595-2.59925E-05 7.27628E-06 7.27557E-06 4.15431E-08-1.23557E-09-6.28053E-08
 -1       596-2.79420E-05 7.81485E-06 7.83341E-06-1.33142E-07 1.43131E-09-4.29797E-08
 -1       598-3.07400E-05 8.60458E-06 8.62059E-06 9.65063E-09 2.62034E-09-6.50573E-08
 -1       599-3.21891E-05 9.01320E-06 8.99165E-06 8.31201E-09-9.59794E-09 9.33509E-10
 -1       601-3.54035E-05 9.88629E-06 9.86926E-06 1.55778E-07-1.28641E-08-2.99748E-08
 -1       602-3.65443E-05 1.00222E-05 1.05139E-05-1.72527E-07 3.64857E-08-5.21098E-08
 -1       604-4.02632E-05 1.11573E-05 1.16343E-05-2.61067E-08 3.94946E-08-9.45267E-08
 -1       605-3.94665E-05 1.11947E-05 1.14646E-05 5.41343E-07-2.32203E-07 1.21661E-06
 -1       607-4.33879E-05 1.18885E-05 1.21909E-05 6.38962E-07-2.17495E-07 1.42350E-06
 -1       608-3.79561E-05 1.54451E-05 4.39930E-10-2.05181E-06 4.30643E-10-1.57652E-09
 -1       610-4.20652E-05 1.54451E-05 4.37664E-10-1.90212E-06-4.30650E-10-2.20873E-09
 -1       611-4.27817E-06 1.24080E-06 1.20656E-06-2.27182E-07-8.11742E-11 5.03600E-10
 -1       613-4.70649E-06 1.35754E-06 1.32516E-06-8.38106E-08-1.69262E-11 5.06618E-10
 -1       614-8.58556E-06 2.40881E-06 2.40606E-06-2.34299E-07-1.31412E-10 7.55559E-10
 -1       616-9.44479E-06 2.65000E-06 2.64710E-06-8.86550E-08-1.18527E-10 7.57491E-10
 -1       617-1.28800E-05 3.60714E-06 3.60613E-06-2.29956E-07-4.29474E-11 1.06767E-09
 -1       619-1.41682E-05 3.96766E-06 3.96661E-06-8.61069E-08-6.46998E-11 1.10175E-09
 -1       620-1.71736E-05 4.80932E-06 4.80854E-06-2.31468E-07-4.91994E-11 1.60268E-09
 -1       622-1.88908E-05 5.28987E-06 5.28921E-06-8.68586E-08-1.61823E-10 1.67660E-09
 -1       623-2.14684E-05 6.01074E-06 6.01106E-06-2.27566E-07-3.46398E-11 1.51421E-09
 -1       625-2.36149E-05 6.61338E-06 6.61277E-06-8.42442E-08-1.92562E-10 1.53433E-09
 -1       626-2.57580E-05 7.22290E-06 7.20712E-06-2.49354E-07 3.54923E-11 1.60667E-09
 -1       628-2.83315E-05 7.93873E-06 7.92483E-06-1.03257E-07 4.64801E-11 1.65337E-09
 -1       629-3.00824E-05 8.42798E-06 8.42030E-06-2.46747E-07 6.84514E-11 1.72178E-09
 -1       631-3.30794E-05 9.29141E-06 9.27629E-06-1.09330E-07-7.28014E-11 1.75983E-09
 -1       632-3.43642E-05 9.82907E-06 9.40363E-06-4.86700E-07-5.69648E-11 1.89779E-09
 -1       634-3.77601E-05 1.07118E-05 1.03011E-05-3.39904E-07-2.09678E-10 2.02606E-09
 -1       635-3.95576E-05 1.12350E-05 1.00639E-05-4.82386E-07 4.22212E-11 1.64575E-09
 -1       637-4.33804E-05 1.26231E-05 1.13926E-05-3.78191E-07 1.94870E-10 2.15138E-09
 -3
    1PSTEP                         4           1           1          
  100CL  101 1.000000000         459                     0    1           1
 -4  FORC        4    1
 -5  F1          1    2    1    0
 -5  F2          1    2    2    0
 -5  F3          1    2    3    0
 -5  ALL         1    2    0    0    1ALL
 -1         1 3.77279E+02 3.65345E+03-7.61023E+02
 -1         2-3.81178E+02 3.64940E+03 7.55366E+02
 -1         3-1.85277E+01 3.17087E+01-1.51032E+00
 -1         4 1.85801E+01 3.17452E+01 1.52137E+00
 -1         5-1.86906E+01 3.18533E+01 1.45338E+00
 -1         6 1.86430E+01 3.17995E+01-1.47874E+00
 -1         7-3.77285E+02 3.65346E+03-7.61009E+02
 -1         8 3.81198E+02 3.64935E+03 7.55358E+02
 -1         9-3.13852E+00 4.14544E+03-5.76240E+00
 -1        10-6.56995E+03-6.54586E+03-1.90317E+03
 -1        11 6.55913E+03-6.54580E+03 1.90010E+03
 -1        12-1.11986E+01-4.48147E+01 3.02832E+01
 -1        13-2.67826E+01-1.35746E+01-9.35131E+00
 -1        14-3.60295E+01-3.92519E+00 1.85612E+00
 -1        15-3.58374E+01-4.71476E-01-3.28049E-01
 -1        16-3.61815E+01-2.81411E-01 1.35808E-01
 -1        17-3.62900E+01-8.88791E-02 1.55811E-02
 -1        18-3.62220E+01 1.38791E-01 6.52177E-02
 -1        19-3.61105E+01 4.17433E-01 1.76447E-01
 -1        20-3.68569E+01 7.94617E-01-2.85305E-01
 -1        21 4.67689E+00 5.55439E+01-1.02215E+02
 -1        22 1.16677E+02 2.66801E+01 2.91338E+01
 -1        23 1.16100E+02 6.00685E+00-6.32819E+00
 -1        24 1.21092E+02 1.29832E+00 1.52242E+00
 -1        25 1.20431E+02 2.11065E-01-3.12821E-01
 -1        26 1.20699E+02-1.05972E-03 2.64930E-02
 -1        27 1.20571E+02-5.19356E-02-4.88921E-02
 -1        28 1.20702E+02-1.67196E-01 4.16344E-02
 -1        29 1.20820E+02-4.81806E-01-2.48198E-01
 -1        30 1.20981E+02-5.17571E-01 1.00973E+00
 -1        31 2.18596E-02 7.57493E+01 3.10774E-02
 -1        32-1.95693E-02-1.51486E+02 4.28779E-02
 -1        33-1.59394E-02-1.51554E+02 2.16189E-02
 -1        34 1.12043E+01-4.53310E+01-3.02311E+01
 -1        35 2.68134E+01-1.38621E+01 9.31354E+00
 -1        36 3.59644E+01-4.12629E+00-1.82719E+00
 -1        37 3.59283E+01-5.36394E-01 4.63260E-01
 -1        38 3.62235E+01 4.35187E-02-2.00675E-02
 -1        39 3.61845E+01 8.76486E-02 4.59518E-02
 -1        40 3.63251E+01-1.52745E-03 1.70655E-01
 -1        41 3.61456E+01 1.17914E-01-2.98831E-02
 -1        42 3.67972E+01 4.06728E-01 3.69682E-01
 -1        43-4.62974E+00 5.57360E+01 1.02333E+02
 -1        44-1.16754E+02 2.66161E+01-2.91253E+01
 -1        45-1.15979E+02 6.08655E+00 6.32167E+00
 -1        46-1.21069E+02 1.22535E+00-1.39442E+00
 -1        47-1.20353E+02 2.32661E-01 2.77224E-01
 -1        48-1.20635E+02 2.63872E-03-8.81229E-02
 -1        49-1.20624E+02-5.86565E-02 1.92203E-02
 -1        50-1.20625E+02-8.85948E-02-3.43289E-02
 -1        51-1.20834E+02-4.96971E-01 3.56770E-01
 -1        52-1.21008E+02-5.54881E-01-9.43247E-01
 -1        53 1.53727E+02-1.78286E+02-2.38538E-02
 -1        54 1.40925E-02 7.57645E+01 4.25967E-02
 -1        55-3.88416E-02-1.51521E+02 2.15637E-02
 -1        56 5.34293E-02-1.51568E+02 2.61541E-02
 -1        57-1.53776E+02-1.78486E+02-1.08959E-02
 -1        58-3.68626E+01 7.30948E-01 3.47257E-01
 -1        59-3.63017E+01 3.99342E-01-9.17002E-02
 -1        60-3.63462E+01 2.01588E-01 2.44153E-02
 -1        61-3.61972E+01 1.44013E-01-1.37453E-02
 -1        62-3.62289E+01-2.64748E-01-1.16485E-01
 -1        63-3.58828E+01-5.77384E-01 4.23378E-01
 -1        64-3.60253E+01-3.87890E+00-1.88510E+00
 -1        65-2.67552E+01-1.36761E+01 9.22148E+00
 -1        66-1.10631E+01-4.50796E+01-3.02369E+01
 -1        67 1.20978E+02-5.64457E-01-9.62516E-01
 -1        68 1.20857E+02-5.63142E-01 3.50850E-01
 -1        69 1.20633E+02-1.16439E-01-7.08999E-02
 -1        70 1.20670E+02-5.78482E-02 8.74627E-02
 -1        71 1.20649E+02 2.25606E-02-4.57838E-02
 -1        72 1.20375E+02 2.62839E-01 3.16422E-01
 -1        73 1.20955E+02 1.19222E+00-1.43750E+00
 -1        74 1.15989E+02 6.02884E+00 6.36220E+00
 -1        75 1.16661E+02 2.66702E+01-2.90668E+01
 -1        76 4.67944E+00 5.57590E+01 1.02342E+02
 -1        77 3.11365E+00 4.14541E+03-5.75504E+00
 -1        78-6.55916E+03-6.54576E+03 1.90012E+03
 -1        79 6.56997E+03-6.54589E+03-1.90319E+03
 -1        80 3.69456E+01 5.77774E-01-4.07240E-01
 -1        81 3.63236E+01 2.33831E-01 1.13297E-01
 -1        82 3.62935E+01-5.72538E-03-5.64581E-02
 -1        83 3.62328E+01-7.80963E-02-4.95708E-02
 -1        84 3.61649E+01-1.94312E-02 9.17109E-02
 -1        85 3.59472E+01-4.61279E-01-3.45885E-01
 -1        86 3.59952E+01-4.14497E+00 1.83405E+00
 -1        87 2.65845E+01-1.35944E+01-9.32997E+00
 -1        88 1.12017E+01-4.50813E+01 3.02866E+01
 -1        89-1.20940E+02-4.99818E-01 1.04154E+00
 -1        90-1.20816E+02-5.29827E-01-3.29528E-01
 -1        91-1.20678E+02-9.13006E-02 1.13970E-01
 -1        92-1.20673E+02 4.19294E-02-1.93420E-02
 -1        93-1.20681E+02-4.57157E-02 9.68145E-02
 -1        94-1.20402E+02 2.40445E-01-3.14234E-01
 -1        95-1.21057E+02 1.23968E+00 1.39273E+00
 -1        96-1.16016E+02 5.99967E+00-6.33815E+00
 -1        97-1.16713E+02 2.67080E+01 2.91418E+01
 -1        98-4.68114E+00 5.55343E+01-1.02243E+02
 -1        99 9.48104E+03 4.25096E+03 7.04945E+00
 -1       100-9.48108E+03 4.25104E+03 7.09348E+00
 -1       101-1.22448E-02 5.19624E-02-1.80740E-02
 -1       102-2.40093E-02 1.26951E-03 1.06223E-02
 -1       103 6.00501E-03-2.60635E-02 3.39194E-02
 -1       104-3.94194E-03 7.44806E-02 8.37374E-03
 -1       105 2.85162E-02 2.29721E-02 2.63561E-02
 -1       106-3.53432E-02 6.16539E-02 1.20033E-02
 -1       107-1.90082E-03 4.37443E-02-4.29075E-03
 -1       108 9.72580E-03 3.13520E-03-3.13519E-02
 -1       109 5.53394E-04-2.26724E-02 8.60005E-04
 -1       110-2.48494E-02 9.17191E-02-4.94874E-02
 -1       111 4.95293E-02-1.55304E-02-1.24278E-02
 -1       112 4.91673E-02 1.22000E-01 1.22904E-02
 -1       113 3.08573E-03-5.63993E-03 1.08994E-02
 -1       114-3.01475E-02 1.93564E-01-1.87292E-02
 -1       115-7.12372E-04 4.67933E-02-2.77131E-02
 -1       116-1.07140E-01-6.71511E-02-3.31086E-02
 -1       117 4.58032E-03-9.14273E-02 2.94841E-03
 -1       118 6.19304E-03-2.94818E-01-3.16654E-02
 -1       119-8.89815E-03-8.93219E-03 1.76027E-02
 -1       120 6.35219E-02-7.79053E-02-6.65960E-02
 -1       121-2.10130E-02 7.34724E-03-2.46600E-02
 -1       122 4.09464E-02 2.08508E-02-2.67814E-02
 -1       123 1.57503E-02 7.11001E-04-1.40564E-02
 -1       124 3.09538E-02 2.42434E-01-2.39580E-02
 -1       125 2.21925E-02 1.23154E-02-9.69592E-03
 -1       126 1.28393E-02 2.01765E-01 1.42824E-02
 -1       127-9.63309E-03 3.56430E-03-2.40650E-02
 -1       128-3.42314E-03 3.71070E-02-1.56227E-02
 -1       129 7.15507E-02-5.12357E-02-2.37393E-02
 -1       130 4.94452E-02-1.39031E-01 5.64724E-02
 -1       131 3.76413E-02-8.31687E-02 3.13308E-03
 -1       132 4.84126E-02 1.30468E-01 6.00256E-02
 -1       133-1.79296E-02 1.73860E-01 3.43339E-02
 -1       134-3.97141E-02 1.31429E-01-2.27246E-03
 -1       135-1.36605E-02-1.14993E-01-2.31149E-02
 -1       136-1.06892E-01-1.86920E-01-2.10538E-02
 -1       137-6.27556E-02-1.24360E-01 4.40774E-02
 -1       138 9.24434E-03-3.03023E+02 8.32598E-03
 -1       139 1.27737E-02 1.50813E-02 3.23482E-02
 -1       140-5.97515E-03 5.91520E-03-7.79943E-03
 -1       141 6.75013E-03 1.46726E-02-4.48706E-03
 -1       142-8.80404E-03 2.56779E-03 1.69194E-02
 -1       143-8.28333E-03 7.83312E-03-1.63580E-02
 -1       144-1.67754E-02 2.27241E-02-2.36206E-02
 -1       145 3.72332E-02 6.26884E-03 5.58719E-02
 -1       146-3.89227E-02-1.30133E-02 1.24282E-02
 -1       147-1.64959E-02 1.67479E-02-2.63256E-02
 -1       148-4.93440E-02 9.50528E-02-3.16316E-02
 -1       149-1.11252E-02-4.54045E-03-3.95779E-02
 -1       150-3.46290E-03 1.85259E-01-1.98816E-02
 -1       151-1.08167E-02 9.22590E-03 2.65287E-02
 -1       152-6.69854E-02 9.53481E-03 6.58288E-02
 -1       153-3.68084E-03-2.86947E-03 2.22872E-02
 -1       154 3.05462E-02-1.11230E-01 2.40953E-02
 -1       155 4.42767E-02-4.71236E-02 5.34176E-02
 -1       156 2.60416E-02-2.67303E-01-2.46594E-02
 -1       157 7.88002E-04-7.62897E-03 1.24436E-02
 -1       158-5.28972E-02-2.83087E-02-3.12735E-02
 -1       159-2.10871E-02-6.13297E-02-2.93650E-02
 -1       160 5.99491E-02 1.61773E-01-2.88675E-02
 -1       161 4.80803E-03-1.43264E-02-2.02665E-03
 -1       162 1.24326E-01 7.70628E-03 3.18282E-02
 -1       163-1.82746E-02 4.01088E-02 1.12643E-02
 -1       164-2.72251E-02 1.67576E-01-2.58939E-02
 -1       165-2.00504E-03-4.47419E-02 4.09841E-03
 -1       166 3.16115E-02 8.05947E-03-2.64546E-02
 -1       167 5.30090E-02-2.10428E-01 5.67952E-02
 -1       168 1.52721E-02-2.39543E-01-2.93428E-02
 -1       169 4.87035E-02-1.34017E-01 8.17457E-03
 -1       170-2.48561E-03 9.69107E-02 2.68770E-02
 -1       171-3.57266E-02 2.39055E-01-5.33353E-02
 -1       172 1.49656E-02 7.28756E-02-6.00066E-02
 -1       173-5.16368E-02-9.79142E-02-7.90151E-02
 -1       174-2.41525E-02-1.66600E-01 1.67259E-02
 -1       175 5.18953E-02-8.03729E-02-2.62411E-02
 -1       176-1.79210E-02-4.34588E+03 1.34593E+01
 -1       177-2.82239E+02 2.81492E+00 4.93915E-02
 -1       178-3.02531E+02 1.39327E+00 2.58743E-03
 -1       179-3.03346E+02 2.16315E+00 3.19928E-04
 -1       180-3.04793E+02-5.87209E-02-9.10931E-03
 -1       181-3.04405E+02 1.07122E-01-7.11504E-03
 -1       182-3.04613E+02-6.99662E-02 1.41444E-02
 -1       183-3.04524E+02 4.16852E-02-4.14259E-02
 -1       184-3.04534E+02-4.79171E-02-5.94009E-02
 -1       185-3.04185E+02 1.24342E-01 4.78614E-02
 -1       186 2.82158E+02 2.91865E+00-3.12751E-02
 -1       187 3.02499E+02 1.42427E+00 4.86200E-02
 -1       188 3.03291E+02 2.17096E+00 1.14611E-02
 -1       189 3.04873E+02-6.54409E-02 2.33547E-02
 -1       190 3.04342E+02 2.38882E-01 2.21179E-02
 -1       191 3.04616E+02 5.34785E-02 2.51782E-02
 -1       192 3.04462E+02-2.99016E-03 3.18060E-03
 -1       193 3.04582E+02-9.88704E-02 2.40396E-02
 -1       194 3.04139E+02 1.68930E-01 1.85985E-02
 -1       195-1.68487E-02-2.86442E-02 4.18354E-02
 -1       196-2.51814E-02 4.09076E-02-5.32197E-03
 -1       197 5.08256E-02-3.07211E-02-7.82451E-02
 -1       198 2.20128E-02-1.11613E-01-2.52952E-02
 -1       199 4.25000E-02-6.53768E-02 2.64309E-02
 -1       200-8.06406E-03-2.89194E-02 2.32037E-03
 -1       201-1.52561E-02 3.57907E-02 3.39132E-02
 -1       202-1.04267E-02 2.16038E-02-4.08888E-02
 -1       203 1.49560E-02-1.26863E-02 3.40261E-02
 -1       320-1.97084E-02 3.77417E+00 4.51881E-02
 -1       321 5.98389E-02-1.51724E+01-1.26549E-02
 -1       322-1.85975E+01 9.98960E+00-1.53446E+00
 -1       323 2.52525E+02 4.11011E+02-4.16811E+01
 -1       324-1.53339E+03-8.03143E+02-2.81785E+02
 -1       325 4.11402E+02 4.11052E+02-5.21105E+01
 -1       326-2.49811E-02 3.86563E+00-1.70994E-03
 -1       327 9.44300E-02-1.53085E+01 1.07238E-01
 -1       328-1.86200E+01 1.00414E+01 1.42148E+00
 -1       329 2.53708E+02 4.10963E+02 4.14854E+01
 -1       330-1.53233E+03-8.03143E+02 2.81278E+02
 -1       331 4.10713E+02 4.11016E+02 5.18202E+01
 -1       332 3.88570E-02 1.47362E-01 3.37551E-02
 -1       333-1.00905E-01-3.52550E-01-3.06973E-03
 -1       334-3.68502E+01-3.91754E-01-3.51014E-01
 -1       335-5.18941E-02 1.05589E-01-3.86526E-02
 -1       336-1.00496E-01-4.21602E-01 1.24915E-01
 -1       337-3.61186E+01-1.77441E-03 5.87628E-02
 -1       338-2.37030E-02 7.28996E-02 4.89675E-02
 -1       339-3.00708E-02-1.38510E-01 6.06053E-02
 -1       340-3.61926E+01-1.95900E-02-8.66947E-02
 -1       341 1.53821E-02-9.97121E-02 1.14150E-01
 -1       342-3.96701E-02 8.92310E-02-1.41734E-01
 -1       343-3.61742E+01-5.32542E-03 2.06761E-02
 -1       344 3.93289E-02-3.11533E-02 4.75373E-02
 -1       345-1.10182E-01 2.37747E-01-6.57358E-02
 -1       346-3.61709E+01-4.70145E-02 1.13374E-01
 -1       347-8.59994E-03-6.36421E-02-1.45673E-02
 -1       348-2.38482E-02-1.99855E-02 1.04894E-02
 -1       349-3.58499E+01 5.16162E-01-3.84572E-01
 -1       350-2.04263E-02-1.19447E-03 2.64528E-02
 -1       351 6.96600E-04-1.38917E-01-3.09736E-02
 -1       352-3.59801E+01 4.07928E+00 1.87133E+00
 -1       353 1.06642E-01-4.78500E-02-3.69556E-02
 -1       354 2.58480E-03 1.29322E-01-8.22097E-02
 -1       355-2.68438E+01 1.37376E+01-9.29301E+00
 -1       356 3.33749E-02-1.56841E-01 4.52453E-02
 -1       357-8.72288E-02-3.29256E-02 6.96965E-02
 -1       358-1.11799E+01 4.52170E+01 3.02146E+01
 -1       359-5.73750E-02 8.52965E-02-5.56743E-03
 -1       361 1.21020E+02 3.86713E-01 1.00491E+00
 -1       362-1.01482E-01 1.06205E-01 2.31116E-02
 -1       364 1.20909E+02 4.26692E-01-3.46109E-01
 -1       365 1.42286E-01-1.39281E-02 2.23576E-02
 -1       367 1.20501E+02 1.62875E-01 5.89430E-02
 -1       368 3.57445E-02 7.64894E-03-5.50234E-02
 -1       370 1.20576E+02 1.51206E-02 1.62573E-02
 -1       371-2.10684E-02-1.04774E-02-2.94008E-02
 -1       373 1.20683E+02-1.24270E-02 9.55351E-02
 -1       374 2.06386E-02-2.05377E-02 4.70280E-02
 -1       376 1.20351E+02-1.82321E-01-3.62291E-01
 -1       377 2.38919E-02 6.44700E-02-3.88409E-02
 -1       379 1.21012E+02-1.23548E+00 1.46705E+00
 -1       380 4.60678E-02 3.96903E-02-2.60055E-02
 -1       382 1.16011E+02-6.10842E+00-6.31244E+00
 -1       383-5.91873E-02 6.47809E-03 3.88481E-02
 -1       385 1.16790E+02-2.67361E+01 2.90440E+01
 -1       386 6.41711E-02 4.05862E-02-1.34461E-01
 -1       388 4.64206E+00-5.57060E+01-1.02249E+02
 -1       389-1.74534E-02-1.51273E+01-3.08107E-02
 -1       391 1.53795E+02 1.16658E+01 1.88910E-02
 -1       392 9.05910E-02 8.41123E-02-2.97216E-02
 -1       393-6.56491E-02-3.54992E-01-3.19194E-02
 -1       394-3.69037E+01-3.21889E-01 3.46772E-01
 -1       395-2.93865E-02 3.91484E-02-4.50860E-02
 -1       396 8.05472E-02-1.79924E-01 2.66289E-02
 -1       397-3.62787E+01-1.72139E-01-1.03132E-01
 -1       398-3.38707E-02 2.95016E-02-1.57053E-02
 -1       399-5.73789E-02-3.66947E-03 3.09079E-02
 -1       400-3.61526E+01-1.05193E-01 1.57633E-02
 -1       401 5.83029E-02-7.37200E-02 8.77410E-03
 -1       402-1.25834E-01-4.34060E-02-2.91692E-02
 -1       403-3.61230E+01 9.34082E-02 3.27469E-02
 -1       404-2.09652E-02 6.57792E-02-7.50547E-03
 -1       405-2.89174E-02-8.59141E-02-1.95938E-02
 -1       406-3.61886E+01 1.79859E-01-5.98578E-02
 -1       407-2.28775E-02-1.85258E-01-1.94796E-02
 -1       408 6.50519E-03 1.94086E-01 2.17943E-02
 -1       409-3.58483E+01 4.24388E-01 3.96839E-01
 -1       410-1.00653E-02 6.77459E-02 3.77165E-02
 -1       411 8.20885E-02-2.96856E-01-7.38867E-02
 -1       412-3.60534E+01 4.16590E+00-1.84113E+00
 -1       413 2.99831E-02-5.53230E-02-8.46708E-03
 -1       414-9.47904E-02 3.21774E-01 4.17663E-02
 -1       415-2.66911E+01 1.35420E+01 9.34426E+00
 -1       416 2.05797E-02 2.86641E-02 6.14464E-02
 -1       417 1.71644E-02-1.80799E-02-2.11268E-02
 -1       418-1.11935E+01 4.49377E+01-3.02770E+01
 -1       419 1.62419E-02 2.26884E-02-1.08905E-02
 -1       421 1.20961E+02 4.47712E-01-9.74911E-01
 -1       422-9.67721E-02 8.30534E-02-1.45296E-03
 -1       424 1.20913E+02 4.49790E-01 3.42742E-01
 -1       425 1.08703E-01 2.97575E-03 3.63596E-02
 -1       427 1.20529E+02 1.44381E-01-1.19393E-01
 -1       428 1.98478E-03-6.26808E-03-2.56043E-02
 -1       430 1.20612E+02 2.51685E-02 5.54039E-02
 -1       431 6.27980E-03-6.09777E-02-3.30864E-02
 -1       433 1.20669E+02 3.46127E-02-3.27010E-02
 -1       434 3.68571E-03-2.97658E-02 4.85095E-02
 -1       436 1.20374E+02-1.60813E-01 2.63080E-01
 -1       437 4.34341E-02 4.92294E-02-7.93891E-02
 -1       439 1.21009E+02-1.22890E+00-1.35125E+00
 -1       440 2.46776E-02-4.12959E-02 2.56691E-03
 -1       442 1.16044E+02-6.03204E+00 6.32935E+00
 -1       443-9.46409E-02 2.29668E-02 8.05599E-02
 -1       445 1.16816E+02-2.66880E+01-2.91472E+01
 -1       446-3.13348E-02 7.12695E-02-9.71836E-02
 -1       448 4.66040E+00-5.56137E+01 1.02309E+02
 -1       449-1.96570E+03 1.38513E+01 4.57100E-01
 -1       451-7.10481E+02 1.36923E+01 6.23267E-01
 -1       452-1.09785E-01 1.19190E-01 5.85152E-02
 -1       454 3.04309E+02-3.03515E-01-2.44389E-02
 -1       455 6.24328E-02 5.19361E-02 1.77877E-02
 -1       457 3.04512E+02 2.00132E-02-4.87192E-02
 -1       458 2.47762E-01 2.90781E-02-1.76472E-02
 -1       460 3.04246E+02-6.25604E-03-2.06365E-02
 -1       461-4.75140E-02 1.37040E-01-8.45071E-02
 -1       463 3.04592E+02-1.00920E-01 9.17051E-02
 -1       464 3.58090E-02-9.11031E-02 4.29615E-02
 -1       466 3.04365E+02-5.04708E-02-4.70726E-02
 -1       467 7.55422E-02-4.44725E-02 4.33358E-02
 -1       469 3.04725E+02 1.60869E-01-4.04028E-02
 -1       470-4.36831E-02 3.73432E-02-2.64954E-02
 -1       472 3.03369E+02-2.10500E+00 3.38015E-02
 -1       473-1.12238E-01-7.08400E-03 1.36572E-01
 -1       475 3.02577E+02-1.56673E+00-1.06975E-01
 -1       476-7.83111E-02 2.26121E-01-7.97201E-04
 -1       478 2.82267E+02-2.98118E+00-7.37069E-02
 -1       479 1.85249E+01 1.00194E+01 1.50431E+00
 -1       480 2.15493E-02-1.51609E+01 3.20595E-02
 -1       481 1.56634E-02 3.73585E+00-1.22421E-02
 -1       482-4.10742E+02 4.10868E+02 5.18897E+01
 -1       483 1.53235E+03-8.03018E+02 2.81241E+02
 -1       484-2.53689E+02 4.10991E+02 4.14514E+01
 -1       485 1.86577E+01 9.92197E+00-1.48682E+00
 -1       486-9.46387E-02-1.51151E+01-5.42902E-02
 -1       487-3.09647E-02 3.79084E+00 2.96710E-03
 -1       488-4.11377E+02 4.10938E+02-5.20687E+01
 -1       489 1.53340E+03-8.03112E+02-2.81795E+02
 -1       490-2.52546E+02 4.11087E+02-4.17148E+01
 -1       491 3.69427E+01-7.57153E-01 2.56002E-01
 -1       492-1.09100E-01 1.62756E-01 9.53474E-02
 -1       493 5.70376E-02 1.07294E-02-2.25566E-02
 -1       494 3.62310E+01-2.74727E-01-2.00333E-01
 -1       495 3.55825E-02-3.19050E-02 9.81442E-02
 -1       496-5.05899E-03 9.14664E-03 7.75355E-03
 -1       497 3.61958E+01-2.00381E-01 5.13613E-03
 -1       498 1.47803E-02 1.14255E-01 3.12512E-02
 -1       499 3.88854E-02 1.28221E-02 1.69831E-02
 -1       500 3.62768E+01-2.90473E-03 1.91269E-02
 -1       501-7.53732E-02-6.96244E-03-8.30500E-02
 -1       502-4.28532E-02-9.16581E-03 6.44241E-02
 -1       503 3.61765E+01 1.41111E-01-6.79628E-02
 -1       504-7.40820E-03 7.67980E-02-4.65182E-02
 -1       505 7.39341E-02-3.99066E-02 6.72703E-02
 -1       506 3.58141E+01 3.57504E-01 3.33316E-01
 -1       507 5.29101E-02 1.96784E-01 9.35091E-02
 -1       508 9.08840E-03-1.12998E-01 1.50059E-03
 -1       509 3.59746E+01 4.03165E+00-1.84671E+00
 -1       510-1.56379E-02-9.96827E-02-9.32356E-02
 -1       511 1.20739E-02 1.52126E-02 6.12074E-02
 -1       512 2.67713E+01 1.36472E+01 9.42035E+00
 -1       513-2.45990E-02 3.47339E-01-7.46362E-02
 -1       514-2.90539E-02-1.83584E-01 3.28967E-02
 -1       515 1.11777E+01 4.47252E+01-3.01938E+01
 -1       516 3.51860E-02 3.80871E-01-1.55356E-01
 -1       517-5.73034E-02-1.55401E-01 9.00933E-02
 -1       518-1.20960E+02 4.17062E-01-9.75730E-01
 -1       520-1.27240E-02 5.59269E-02 5.28013E-05
 -1       521-1.20813E+02 5.70328E-01 3.92717E-01
 -1       523-1.51702E-02-4.98457E-02-6.54765E-02
 -1       524-1.20655E+02 1.36798E-01-1.31759E-01
 -1       526 8.13534E-03 1.12516E-02 5.53772E-02
 -1       527-1.20507E+02 4.40920E-02 1.36382E-01
 -1       529-1.24335E-01-2.54285E-02-1.15091E-01
 -1       530-1.20680E+02 2.01571E-01-1.24283E-02
 -1       532-4.51368E-03-2.39370E-01-8.29427E-02
 -1       533-1.20319E+02-2.57683E-01 2.43028E-01
 -1       535-7.53759E-02 6.15148E-02 8.25982E-02
 -1       536-1.21132E+02-1.24895E+00-1.39927E+00
 -1       538 7.70959E-02 7.05674E-02-1.51621E-02
 -1       539-1.16149E+02-5.83057E+00 6.24074E+00
 -1       541 8.49423E-02-2.28746E-01 8.96456E-02
 -1       542-1.16677E+02-2.69404E+01-2.90730E+01
 -1       544-5.69559E-02 2.63039E-01-2.49633E-03
 -1       545-4.68164E+00-5.54107E+01 1.02143E+02
 -1       547 3.41407E-02-1.25477E-01 4.48441E-02
 -1       548-1.53745E+02 1.15780E+01-4.74940E-02
 -1       550-2.67874E-02-1.50345E+01 5.73166E-02
 -1       551 3.68731E+01-4.56376E-01-3.44648E-01
 -1       552 1.85930E-02-1.34853E-01 2.06029E-03
 -1       553 1.24311E-02 6.71772E-03 5.81381E-02
 -1       554 3.62747E+01-2.43944E-01 1.70349E-01
 -1       555 2.06419E-02-2.09896E-01-5.24674E-02
 -1       556-5.29795E-02 1.49997E-01-1.57013E-04
 -1       557 3.62929E+01 1.42292E-02 4.96134E-02
 -1       558-9.81895E-02-5.94682E-02-8.32928E-02
 -1       559 4.34075E-02-2.56144E-02 1.48832E-02
 -1       560 3.61598E+01-2.67599E-01 8.18933E-02
 -1       561 4.69858E-02 1.87803E-01-1.58853E-01
 -1       562 5.25444E-03 7.13513E-02 7.61943E-02
 -1       563 3.62650E+01 5.82890E-02 2.47914E-01
 -1       564-1.29116E-01 1.87227E-01-2.27902E-01
 -1       565 1.06898E-01-7.05334E-02 3.84150E-02
 -1       566 3.58837E+01 4.54648E-01-3.14251E-01
 -1       567 2.40837E-02 2.40412E-01-1.80821E-01
 -1       568-2.27974E-02-2.58008E-01 1.07542E-01
 -1       569 3.61168E+01 3.88652E+00 1.98347E+00
 -1       570-1.41993E-01 5.64829E-02-1.68394E-01
 -1       571 1.92394E-02 4.17768E-03 4.21823E-02
 -1       572 2.67569E+01 1.37439E+01-9.22819E+00
 -1       573 4.39277E-02 6.49499E-02-1.40741E-01
 -1       574-5.22697E-02 2.33781E-02-7.12206E-02
 -1       575 1.10870E+01 4.51967E+01 3.03242E+01
 -1       576 1.38895E-01 4.60857E-02 1.26144E-03
 -1       577 5.01788E-02-2.08957E-01 3.98627E-02
 -1       578-1.20944E+02 4.29688E-01 9.68544E-01
 -1       580-1.16665E-02 3.11981E-02 2.64583E-02
 -1       581-1.20805E+02 6.66163E-01-2.54111E-01
 -1       583 6.06724E-04-1.29434E-01-7.74496E-02
 -1       584-1.20631E+02 1.60567E-01 7.51298E-03
 -1       586 2.87080E-03-2.67563E-02 7.02691E-02
 -1       587-1.20546E+02 2.95370E-03 3.37532E-02
 -1       589-3.88391E-02 2.03971E-02-4.34907E-02
 -1       590-1.20661E+02 2.58266E-01 1.11619E-01
 -1       592 9.19739E-03-2.83582E-01-3.68191E-02
 -1       593-1.20273E+02-2.50109E-01-3.92320E-01
 -1       595-7.98581E-02 4.04519E-02 6.34222E-02
 -1       596-1.21027E+02-1.23942E+00 1.47153E+00
 -1       598-9.62287E-03 6.82086E-02-4.80461E-02
 -1       599-1.16092E+02-5.84594E+00-6.39292E+00
 -1       601 5.61896E-02-2.40019E-01 7.64730E-02
 -1       602-1.16676E+02-2.69213E+01 2.91140E+01
 -1       604-5.14923E-02 1.94323E-01-8.01132E-03
 -1       605-4.64813E+00-5.56617E+01-1.02437E+02
 -1       607-4.45735E-02-2.12599E-02 8.11720E-02
 -1       608 7.10430E+02 1.39267E+01 4.60991E-01
 -1       610 1.96573E+03 1.36243E+01 6.06261E-01
 -1       611-3.04172E+02-1.68626E-01 1.35786E-02
 -1       613-3.72253E-02-2.33829E-02-4.10357E-02
 -1       614-3.04590E+02 3.06919E-02-5.66559E-02
 -1       616 1.34305E-02 6.94449E-03 3.82037E-02
 -1       617-3.04393E+02-1.21269E-01-2.76527E-02
 -1       619-9.71179E-02 1.43617E-01 1.35544E-02
 -1       620-3.04493E+02 3.26573E-01 5.35125E-02
 -1       622-3.97972E-02-2.97472E-01-4.51173E-02
 -1       623-3.04273E+02-8.78325E-02-7.02452E-02
 -1       625-1.56297E-01-7.34409E-02 7.10579E-02
 -1       626-3.04839E+02-6.16922E-02-2.49053E-02
 -1       628 5.39173E-02 1.62288E-01-1.45241E-02
 -1       629-3.03424E+02-1.95739E+00-3.25778E-02
 -1       631 9.72336E-02-1.27835E-01 4.52082E-02
 -1       632-3.02486E+02-1.46507E+00-9.33442E-02
 -1       634 2.15435E-02-1.04121E-01 1.36638E-01
 -1       635-2.82136E+02-2.98036E+00-8.26307E-02
 -1       637-6.57371E-02 2.18631E-01-1.61365E-02
 -3
 9999
