    1C
    1UHash: FEYPnf8V, Date: 04/20/2026, Unit system: M_KG_S_C           
    1UUSER                                                              
    1UDATE              20.april.2026                                   
    1UTIME              12:33:52                                        
    1UHOST                                                              
    1UPGM               CalculiX                                        
    1UVERSION           Version 2.23                             
    1UCOMPILETIME       Thu Apr  9 09:51:55 CEST 2026                    
    1UDIR                                                               
    1UDBN                                                               
    1UMAT    1S235                                                      
    2C                          1041                                     1
 -1         1-1.00000E+00 5.50000E-02-5.00000E-02
 -1         2-1.00000E+00-5.50000E-02-5.00000E-02
 -1         3 1.00000E+00-5.50000E-02-5.00000E-02
 -1         4 1.00000E+00 5.50000E-02-5.00000E-02
 -1         5 1.00000E+00-5.50000E-02 5.00000E-02
 -1         6 1.00000E+00 5.50000E-02 5.00000E-02
 -1         7-1.00000E+00-5.50000E-02 5.00000E-02
 -1         8-1.00000E+00 5.50000E-02 5.00000E-02
 -1         9-1.00000E+00-1.38778E-16-5.00000E-02
 -1        10-1.00000E+00 2.75000E-02-5.00000E-02
 -1        11-1.00000E+00-2.75000E-02-5.00000E-02
 -1        12-9.41176E-01-5.50000E-02-5.00000E-02
 -1        13-8.82353E-01-5.50000E-02-5.00000E-02
 -1        14-8.23529E-01-5.50000E-02-5.00000E-02
 -1        15-7.64706E-01-5.50000E-02-5.00000E-02
 -1        16-7.05882E-01-5.50000E-02-5.00000E-02
 -1        17-6.47059E-01-5.50000E-02-5.00000E-02
 -1        18-5.88235E-01-5.50000E-02-5.00000E-02
 -1        19-5.29412E-01-5.50000E-02-5.00000E-02
 -1        20-4.70588E-01-5.50000E-02-5.00000E-02
 -1        21-4.11765E-01-5.50000E-02-5.00000E-02
 -1        22-3.52941E-01-5.50000E-02-5.00000E-02
 -1        23-2.94118E-01-5.50000E-02-5.00000E-02
 -1        24-2.35294E-01-5.50000E-02-5.00000E-02
 -1        25-1.76471E-01-5.50000E-02-5.00000E-02
 -1        26-1.17647E-01-5.50000E-02-5.00000E-02
 -1        27-5.88235E-02-5.50000E-02-5.00000E-02
 -1        28 0.00000E+00-5.50000E-02-5.00000E-02
 -1        29 5.88235E-02-5.50000E-02-5.00000E-02
 -1        30 1.17647E-01-5.50000E-02-5.00000E-02
 -1        31 1.76471E-01-5.50000E-02-5.00000E-02
 -1        32 2.35294E-01-5.50000E-02-5.00000E-02
 -1        33 2.94118E-01-5.50000E-02-5.00000E-02
 -1        34 3.52941E-01-5.50000E-02-5.00000E-02
 -1        35 4.11765E-01-5.50000E-02-5.00000E-02
 -1        36 4.70588E-01-5.50000E-02-5.00000E-02
 -1        37 5.29412E-01-5.50000E-02-5.00000E-02
 -1        38 5.88235E-01-5.50000E-02-5.00000E-02
 -1        39 6.47059E-01-5.50000E-02-5.00000E-02
 -1        40 7.05882E-01-5.50000E-02-5.00000E-02
 -1        41 7.64706E-01-5.50000E-02-5.00000E-02
 -1        42 8.23529E-01-5.50000E-02-5.00000E-02
 -1        43 8.82353E-01-5.50000E-02-5.00000E-02
 -1        44 9.41176E-01-5.50000E-02-5.00000E-02
 -1        45-9.70588E-01-5.50000E-02-5.00000E-02
 -1        46-9.11765E-01-5.50000E-02-5.00000E-02
 -1        47-8.52941E-01-5.50000E-02-5.00000E-02
 -1        48-7.94118E-01-5.50000E-02-5.00000E-02
 -1        49-7.35294E-01-5.50000E-02-5.00000E-02
 -1        50-6.76471E-01-5.50000E-02-5.00000E-02
 -1        51-6.17647E-01-5.50000E-02-5.00000E-02
 -1        52-5.58824E-01-5.50000E-02-5.00000E-02
 -1        53-5.00000E-01-5.50000E-02-5.00000E-02
 -1        54-4.41176E-01-5.50000E-02-5.00000E-02
 -1        55-3.82353E-01-5.50000E-02-5.00000E-02
 -1        56-3.23529E-01-5.50000E-02-5.00000E-02
 -1        57-2.64706E-01-5.50000E-02-5.00000E-02
 -1        58-2.05882E-01-5.50000E-02-5.00000E-02
 -1        59-1.47059E-01-5.50000E-02-5.00000E-02
 -1        60-8.82353E-02-5.50000E-02-5.00000E-02
 -1        61-2.94118E-02-5.50000E-02-5.00000E-02
 -1        62 2.94118E-02-5.50000E-02-5.00000E-02
 -1        63 8.82353E-02-5.50000E-02-5.00000E-02
 -1        64 1.47059E-01-5.50000E-02-5.00000E-02
 -1        65 2.05882E-01-5.50000E-02-5.00000E-02
 -1        66 2.64706E-01-5.50000E-02-5.00000E-02
 -1        67 3.23529E-01-5.50000E-02-5.00000E-02
 -1        68 3.82353E-01-5.50000E-02-5.00000E-02
 -1        69 4.41176E-01-5.50000E-02-5.00000E-02
 -1        70 5.00000E-01-5.50000E-02-5.00000E-02
 -1        71 5.58824E-01-5.50000E-02-5.00000E-02
 -1        72 6.17647E-01-5.50000E-02-5.00000E-02
 -1        73 6.76471E-01-5.50000E-02-5.00000E-02
 -1        74 7.35294E-01-5.50000E-02-5.00000E-02
 -1        75 7.94118E-01-5.50000E-02-5.00000E-02
 -1        76 8.52941E-01-5.50000E-02-5.00000E-02
 -1        77 9.11765E-01-5.50000E-02-5.00000E-02
 -1        78 9.70588E-01-5.50000E-02-5.00000E-02
 -1        79 1.00000E+00-1.38778E-16-5.00000E-02
 -1        80 1.00000E+00 2.75000E-02-5.00000E-02
 -1        81 1.00000E+00-2.75000E-02-5.00000E-02
 -1        82-9.41176E-01 5.50000E-02-5.00000E-02
 -1        83-8.82353E-01 5.50000E-02-5.00000E-02
 -1        84-8.23529E-01 5.50000E-02-5.00000E-02
 -1        85-7.64706E-01 5.50000E-02-5.00000E-02
 -1        86-7.05882E-01 5.50000E-02-5.00000E-02
 -1        87-6.47059E-01 5.50000E-02-5.00000E-02
 -1        88-5.88235E-01 5.50000E-02-5.00000E-02
 -1        89-5.29412E-01 5.50000E-02-5.00000E-02
 -1        90-4.70588E-01 5.50000E-02-5.00000E-02
 -1        91-4.11765E-01 5.50000E-02-5.00000E-02
 -1        92-3.52941E-01 5.50000E-02-5.00000E-02
 -1        93-2.94118E-01 5.50000E-02-5.00000E-02
 -1        94-2.35294E-01 5.50000E-02-5.00000E-02
 -1        95-1.76471E-01 5.50000E-02-5.00000E-02
 -1        96-1.17647E-01 5.50000E-02-5.00000E-02
 -1        97-5.88235E-02 5.50000E-02-5.00000E-02
 -1        98 0.00000E+00 5.50000E-02-5.00000E-02
 -1        99 5.88235E-02 5.50000E-02-5.00000E-02
 -1       100 1.17647E-01 5.50000E-02-5.00000E-02
 -1       101 1.76471E-01 5.50000E-02-5.00000E-02
 -1       102 2.35294E-01 5.50000E-02-5.00000E-02
 -1       103 2.94118E-01 5.50000E-02-5.00000E-02
 -1       104 3.52941E-01 5.50000E-02-5.00000E-02
 -1       105 4.11765E-01 5.50000E-02-5.00000E-02
 -1       106 4.70588E-01 5.50000E-02-5.00000E-02
 -1       107 5.29412E-01 5.50000E-02-5.00000E-02
 -1       108 5.88235E-01 5.50000E-02-5.00000E-02
 -1       109 6.47059E-01 5.50000E-02-5.00000E-02
 -1       110 7.05882E-01 5.50000E-02-5.00000E-02
 -1       111 7.64706E-01 5.50000E-02-5.00000E-02
 -1       112 8.23529E-01 5.50000E-02-5.00000E-02
 -1       113 8.82353E-01 5.50000E-02-5.00000E-02
 -1       114 9.41176E-01 5.50000E-02-5.00000E-02
 -1       115-9.70588E-01 5.50000E-02-5.00000E-02
 -1       116-9.11765E-01 5.50000E-02-5.00000E-02
 -1       117-8.52941E-01 5.50000E-02-5.00000E-02
 -1       118-7.94118E-01 5.50000E-02-5.00000E-02
 -1       119-7.35294E-01 5.50000E-02-5.00000E-02
 -1       120-6.76471E-01 5.50000E-02-5.00000E-02
 -1       121-6.17647E-01 5.50000E-02-5.00000E-02
 -1       122-5.58824E-01 5.50000E-02-5.00000E-02
 -1       123-5.00000E-01 5.50000E-02-5.00000E-02
 -1       124-4.41176E-01 5.50000E-02-5.00000E-02
 -1       125-3.82353E-01 5.50000E-02-5.00000E-02
 -1       126-3.23529E-01 5.50000E-02-5.00000E-02
 -1       127-2.64706E-01 5.50000E-02-5.00000E-02
 -1       128-2.05882E-01 5.50000E-02-5.00000E-02
 -1       129-1.47059E-01 5.50000E-02-5.00000E-02
 -1       130-8.82353E-02 5.50000E-02-5.00000E-02
 -1       131-2.94118E-02 5.50000E-02-5.00000E-02
 -1       132 2.94118E-02 5.50000E-02-5.00000E-02
 -1       133 8.82353E-02 5.50000E-02-5.00000E-02
 -1       134 1.47059E-01 5.50000E-02-5.00000E-02
 -1       135 2.05882E-01 5.50000E-02-5.00000E-02
 -1       136 2.64706E-01 5.50000E-02-5.00000E-02
 -1       137 3.23529E-01 5.50000E-02-5.00000E-02
 -1       138 3.82353E-01 5.50000E-02-5.00000E-02
 -1       139 4.41176E-01 5.50000E-02-5.00000E-02
 -1       140 5.00000E-01 5.50000E-02-5.00000E-02
 -1       141 5.58824E-01 5.50000E-02-5.00000E-02
 -1       142 6.17647E-01 5.50000E-02-5.00000E-02
 -1       143 6.76471E-01 5.50000E-02-5.00000E-02
 -1       144 7.35294E-01 5.50000E-02-5.00000E-02
 -1       145 7.94118E-01 5.50000E-02-5.00000E-02
 -1       146 8.52941E-01 5.50000E-02-5.00000E-02
 -1       147 9.11765E-01 5.50000E-02-5.00000E-02
 -1       148 9.70588E-01 5.50000E-02-5.00000E-02
 -1       149 1.00000E+00-5.50000E-02 3.46945E-17
 -1       150 1.00000E+00-5.50000E-02-2.50000E-02
 -1       151 1.00000E+00-5.50000E-02 2.50000E-02
 -1       152 1.00000E+00-1.38778E-16 5.00000E-02
 -1       153 1.00000E+00 2.75000E-02 5.00000E-02
 -1       154 1.00000E+00-2.75000E-02 5.00000E-02
 -1       155 1.00000E+00 5.50000E-02 3.46945E-17
 -1       156 1.00000E+00 5.50000E-02-2.50000E-02
 -1       157 1.00000E+00 5.50000E-02 2.50000E-02
 -1       158 9.41176E-01-5.50000E-02 5.00000E-02
 -1       159 8.82353E-01-5.50000E-02 5.00000E-02
 -1       160 8.23529E-01-5.50000E-02 5.00000E-02
 -1       161 7.64706E-01-5.50000E-02 5.00000E-02
 -1       162 7.05882E-01-5.50000E-02 5.00000E-02
 -1       163 6.47059E-01-5.50000E-02 5.00000E-02
 -1       164 5.88235E-01-5.50000E-02 5.00000E-02
 -1       165 5.29412E-01-5.50000E-02 5.00000E-02
 -1       166 4.70588E-01-5.50000E-02 5.00000E-02
 -1       167 4.11765E-01-5.50000E-02 5.00000E-02
 -1       168 3.52941E-01-5.50000E-02 5.00000E-02
 -1       169 2.94118E-01-5.50000E-02 5.00000E-02
 -1       170 2.35294E-01-5.50000E-02 5.00000E-02
 -1       171 1.76471E-01-5.50000E-02 5.00000E-02
 -1       172 1.17647E-01-5.50000E-02 5.00000E-02
 -1       173 5.88235E-02-5.50000E-02 5.00000E-02
 -1       174 0.00000E+00-5.50000E-02 5.00000E-02
 -1       175-5.88235E-02-5.50000E-02 5.00000E-02
 -1       176-1.17647E-01-5.50000E-02 5.00000E-02
 -1       177-1.76471E-01-5.50000E-02 5.00000E-02
 -1       178-2.35294E-01-5.50000E-02 5.00000E-02
 -1       179-2.94118E-01-5.50000E-02 5.00000E-02
 -1       180-3.52941E-01-5.50000E-02 5.00000E-02
 -1       181-4.11765E-01-5.50000E-02 5.00000E-02
 -1       182-4.70588E-01-5.50000E-02 5.00000E-02
 -1       183-5.29412E-01-5.50000E-02 5.00000E-02
 -1       184-5.88235E-01-5.50000E-02 5.00000E-02
 -1       185-6.47059E-01-5.50000E-02 5.00000E-02
 -1       186-7.05882E-01-5.50000E-02 5.00000E-02
 -1       187-7.64706E-01-5.50000E-02 5.00000E-02
 -1       188-8.23529E-01-5.50000E-02 5.00000E-02
 -1       189-8.82353E-01-5.50000E-02 5.00000E-02
 -1       190-9.41176E-01-5.50000E-02 5.00000E-02
 -1       191 9.70588E-01-5.50000E-02 5.00000E-02
 -1       192 9.11765E-01-5.50000E-02 5.00000E-02
 -1       193 8.52941E-01-5.50000E-02 5.00000E-02
 -1       194 7.94118E-01-5.50000E-02 5.00000E-02
 -1       195 7.35294E-01-5.50000E-02 5.00000E-02
 -1       196 6.76471E-01-5.50000E-02 5.00000E-02
 -1       197 6.17647E-01-5.50000E-02 5.00000E-02
 -1       198 5.58824E-01-5.50000E-02 5.00000E-02
 -1       199 5.00000E-01-5.50000E-02 5.00000E-02
 -1       200 4.41176E-01-5.50000E-02 5.00000E-02
 -1       201 3.82353E-01-5.50000E-02 5.00000E-02
 -1       202 3.23529E-01-5.50000E-02 5.00000E-02
 -1       203 2.64706E-01-5.50000E-02 5.00000E-02
 -1       204 2.05882E-01-5.50000E-02 5.00000E-02
 -1       205 1.47059E-01-5.50000E-02 5.00000E-02
 -1       206 8.82353E-02-5.50000E-02 5.00000E-02
 -1       207 2.94118E-02-5.50000E-02 5.00000E-02
 -1       208-2.94118E-02-5.50000E-02 5.00000E-02
 -1       209-8.82353E-02-5.50000E-02 5.00000E-02
 -1       210-1.47059E-01-5.50000E-02 5.00000E-02
 -1       211-2.05882E-01-5.50000E-02 5.00000E-02
 -1       212-2.64706E-01-5.50000E-02 5.00000E-02
 -1       213-3.23529E-01-5.50000E-02 5.00000E-02
 -1       214-3.82353E-01-5.50000E-02 5.00000E-02
 -1       215-4.41176E-01-5.50000E-02 5.00000E-02
 -1       216-5.00000E-01-5.50000E-02 5.00000E-02
 -1       217-5.58824E-01-5.50000E-02 5.00000E-02
 -1       218-6.17647E-01-5.50000E-02 5.00000E-02
 -1       219-6.76471E-01-5.50000E-02 5.00000E-02
 -1       220-7.35294E-01-5.50000E-02 5.00000E-02
 -1       221-7.94118E-01-5.50000E-02 5.00000E-02
 -1       222-8.52941E-01-5.50000E-02 5.00000E-02
 -1       223-9.11765E-01-5.50000E-02 5.00000E-02
 -1       224-9.70588E-01-5.50000E-02 5.00000E-02
 -1       225-1.00000E+00-1.38778E-16 5.00000E-02
 -1       226-1.00000E+00 2.75000E-02 5.00000E-02
 -1       227-1.00000E+00-2.75000E-02 5.00000E-02
 -1       228 9.41176E-01 5.50000E-02 5.00000E-02
 -1       229 8.82353E-01 5.50000E-02 5.00000E-02
 -1       230 8.23529E-01 5.50000E-02 5.00000E-02
 -1       231 7.64706E-01 5.50000E-02 5.00000E-02
 -1       232 7.05882E-01 5.50000E-02 5.00000E-02
 -1       233 6.47059E-01 5.50000E-02 5.00000E-02
 -1       234 5.88235E-01 5.50000E-02 5.00000E-02
 -1       235 5.29412E-01 5.50000E-02 5.00000E-02
 -1       236 4.70588E-01 5.50000E-02 5.00000E-02
 -1       237 4.11765E-01 5.50000E-02 5.00000E-02
 -1       238 3.52941E-01 5.50000E-02 5.00000E-02
 -1       239 2.94118E-01 5.50000E-02 5.00000E-02
 -1       240 2.35294E-01 5.50000E-02 5.00000E-02
 -1       241 1.76471E-01 5.50000E-02 5.00000E-02
 -1       242 1.17647E-01 5.50000E-02 5.00000E-02
 -1       243 5.88235E-02 5.50000E-02 5.00000E-02
 -1       244 0.00000E+00 5.50000E-02 5.00000E-02
 -1       245-5.88235E-02 5.50000E-02 5.00000E-02
 -1       246-1.17647E-01 5.50000E-02 5.00000E-02
 -1       247-1.76471E-01 5.50000E-02 5.00000E-02
 -1       248-2.35294E-01 5.50000E-02 5.00000E-02
 -1       249-2.94118E-01 5.50000E-02 5.00000E-02
 -1       250-3.52941E-01 5.50000E-02 5.00000E-02
 -1       251-4.11765E-01 5.50000E-02 5.00000E-02
 -1       252-4.70588E-01 5.50000E-02 5.00000E-02
 -1       253-5.29412E-01 5.50000E-02 5.00000E-02
 -1       254-5.88235E-01 5.50000E-02 5.00000E-02
 -1       255-6.47059E-01 5.50000E-02 5.00000E-02
 -1       256-7.05882E-01 5.50000E-02 5.00000E-02
 -1       257-7.64706E-01 5.50000E-02 5.00000E-02
 -1       258-8.23529E-01 5.50000E-02 5.00000E-02
 -1       259-8.82353E-01 5.50000E-02 5.00000E-02
 -1       260-9.41176E-01 5.50000E-02 5.00000E-02
 -1       261 9.70588E-01 5.50000E-02 5.00000E-02
 -1       262 9.11765E-01 5.50000E-02 5.00000E-02
 -1       263 8.52941E-01 5.50000E-02 5.00000E-02
 -1       264 7.94118E-01 5.50000E-02 5.00000E-02
 -1       265 7.35294E-01 5.50000E-02 5.00000E-02
 -1       266 6.76471E-01 5.50000E-02 5.00000E-02
 -1       267 6.17647E-01 5.50000E-02 5.00000E-02
 -1       268 5.58824E-01 5.50000E-02 5.00000E-02
 -1       269 5.00000E-01 5.50000E-02 5.00000E-02
 -1       270 4.41176E-01 5.50000E-02 5.00000E-02
 -1       271 3.82353E-01 5.50000E-02 5.00000E-02
 -1       272 3.23529E-01 5.50000E-02 5.00000E-02
 -1       273 2.64706E-01 5.50000E-02 5.00000E-02
 -1       274 2.05882E-01 5.50000E-02 5.00000E-02
 -1       275 1.47059E-01 5.50000E-02 5.00000E-02
 -1       276 8.82353E-02 5.50000E-02 5.00000E-02
 -1       277 2.94118E-02 5.50000E-02 5.00000E-02
 -1       278-2.94118E-02 5.50000E-02 5.00000E-02
 -1       279-8.82353E-02 5.50000E-02 5.00000E-02
 -1       280-1.47059E-01 5.50000E-02 5.00000E-02
 -1       281-2.05882E-01 5.50000E-02 5.00000E-02
 -1       282-2.64706E-01 5.50000E-02 5.00000E-02
 -1       283-3.23529E-01 5.50000E-02 5.00000E-02
 -1       284-3.82353E-01 5.50000E-02 5.00000E-02
 -1       285-4.41176E-01 5.50000E-02 5.00000E-02
 -1       286-5.00000E-01 5.50000E-02 5.00000E-02
 -1       287-5.58824E-01 5.50000E-02 5.00000E-02
 -1       288-6.17647E-01 5.50000E-02 5.00000E-02
 -1       289-6.76471E-01 5.50000E-02 5.00000E-02
 -1       290-7.35294E-01 5.50000E-02 5.00000E-02
 -1       291-7.94118E-01 5.50000E-02 5.00000E-02
 -1       292-8.52941E-01 5.50000E-02 5.00000E-02
 -1       293-9.11765E-01 5.50000E-02 5.00000E-02
 -1       294-9.70588E-01 5.50000E-02 5.00000E-02
 -1       295-1.00000E+00-5.50000E-02-3.46945E-17
 -1       296-1.00000E+00-5.50000E-02 2.50000E-02
 -1       297-1.00000E+00-5.50000E-02-2.50000E-02
 -1       298-1.00000E+00 5.50000E-02-3.46945E-17
 -1       299-1.00000E+00 5.50000E-02 2.50000E-02
 -1       300-1.00000E+00 5.50000E-02-2.50000E-02
 -1       301-9.41176E-01-1.31839E-16-5.00000E-02
 -1       302-8.82353E-01-1.45717E-16-5.00000E-02
 -1       303-8.23529E-01-1.45717E-16-5.00000E-02
 -1       304-7.64706E-01-1.31839E-16-5.00000E-02
 -1       305-7.05882E-01-1.45717E-16-5.00000E-02
 -1       306-6.47059E-01-1.31839E-16-5.00000E-02
 -1       307-5.88235E-01-1.31839E-16-5.00000E-02
 -1       308-5.29412E-01-1.31839E-16-5.00000E-02
 -1       309-4.70588E-01-1.45717E-16-5.00000E-02
 -1       310-4.11765E-01-1.31839E-16-5.00000E-02
 -1       311-3.52941E-01-1.59595E-16-5.00000E-02
 -1       312-2.94118E-01-1.31839E-16-5.00000E-02
 -1       313-2.35294E-01-1.31839E-16-5.00000E-02
 -1       314-1.76471E-01-1.31839E-16-5.00000E-02
 -1       315-1.17647E-01-1.31839E-16-5.00000E-02
 -1       316-5.88235E-02-1.45717E-16-5.00000E-02
 -1       317 0.00000E+00-1.31839E-16-5.00000E-02
 -1       318 5.88235E-02-1.31839E-16-5.00000E-02
 -1       319 1.17647E-01-1.31839E-16-5.00000E-02
 -1       320 1.76471E-01-1.31839E-16-5.00000E-02
 -1       321 2.35294E-01-1.31839E-16-5.00000E-02
 -1       322 2.94118E-01-1.45717E-16-5.00000E-02
 -1       323 3.52941E-01-1.31839E-16-5.00000E-02
 -1       324 4.11765E-01-1.31839E-16-5.00000E-02
 -1       325 4.70588E-01-1.31839E-16-5.00000E-02
 -1       326 5.29412E-01-1.45717E-16-5.00000E-02
 -1       327 5.88235E-01-1.31839E-16-5.00000E-02
 -1       328 6.47059E-01-1.31839E-16-5.00000E-02
 -1       329 7.05882E-01-1.45717E-16-5.00000E-02
 -1       330 7.64706E-01-1.31839E-16-5.00000E-02
 -1       331 8.23529E-01-1.31839E-16-5.00000E-02
 -1       332 8.82353E-01-1.31839E-16-5.00000E-02
 -1       333 9.41176E-01-1.31839E-16-5.00000E-02
 -1       334-9.41176E-01 2.75000E-02-5.00000E-02
 -1       335-9.70588E-01-1.35308E-16-5.00000E-02
 -1       336-8.82353E-01 2.75000E-02-5.00000E-02
 -1       337-9.11765E-01-1.38778E-16-5.00000E-02
 -1       338-8.23529E-01 2.75000E-02-5.00000E-02
 -1       339-8.52941E-01-1.45717E-16-5.00000E-02
 -1       340-7.64706E-01 2.75000E-02-5.00000E-02
 -1       341-7.94118E-01-1.38778E-16-5.00000E-02
 -1       342-7.05882E-01 2.75000E-02-5.00000E-02
 -1       343-7.35294E-01-1.38778E-16-5.00000E-02
 -1       344-6.47059E-01 2.75000E-02-5.00000E-02
 -1       345-6.76471E-01-1.38778E-16-5.00000E-02
 -1       346-5.88235E-01 2.75000E-02-5.00000E-02
 -1       347-6.17647E-01-1.31839E-16-5.00000E-02
 -1       348-5.29412E-01 2.75000E-02-5.00000E-02
 -1       349-5.58824E-01-1.31839E-16-5.00000E-02
 -1       350-4.70588E-01 2.75000E-02-5.00000E-02
 -1       351-5.00000E-01-1.38778E-16-5.00000E-02
 -1       352-4.11765E-01 2.75000E-02-5.00000E-02
 -1       353-4.41176E-01-1.38778E-16-5.00000E-02
 -1       354-3.52941E-01 2.75000E-02-5.00000E-02
 -1       355-3.82353E-01-1.45717E-16-5.00000E-02
 -1       356-2.94118E-01 2.75000E-02-5.00000E-02
 -1       357-3.23529E-01-1.45717E-16-5.00000E-02
 -1       358-2.35294E-01 2.75000E-02-5.00000E-02
 -1       359-2.64706E-01-1.31839E-16-5.00000E-02
 -1       360-1.76471E-01 2.75000E-02-5.00000E-02
 -1       361-2.05882E-01-1.31839E-16-5.00000E-02
 -1       362-1.17647E-01 2.75000E-02-5.00000E-02
 -1       363-1.47059E-01-1.31839E-16-5.00000E-02
 -1       364-5.88235E-02 2.75000E-02-5.00000E-02
 -1       365-8.82353E-02-1.38778E-16-5.00000E-02
 -1       366 0.00000E+00 2.75000E-02-5.00000E-02
 -1       367-2.94118E-02-1.38778E-16-5.00000E-02
 -1       368 5.88235E-02 2.75000E-02-5.00000E-02
 -1       369 2.94118E-02-1.31839E-16-5.00000E-02
 -1       370 1.17647E-01 2.75000E-02-5.00000E-02
 -1       371 8.82353E-02-1.31839E-16-5.00000E-02
 -1       372 1.76471E-01 2.75000E-02-5.00000E-02
 -1       373 1.47059E-01-1.31839E-16-5.00000E-02
 -1       374 2.35294E-01 2.75000E-02-5.00000E-02
 -1       375 2.05882E-01-1.31839E-16-5.00000E-02
 -1       376 2.94118E-01 2.75000E-02-5.00000E-02
 -1       377 2.64706E-01-1.38778E-16-5.00000E-02
 -1       378 3.52941E-01 2.75000E-02-5.00000E-02
 -1       379 3.23529E-01-1.38778E-16-5.00000E-02
 -1       380 4.11765E-01 2.75000E-02-5.00000E-02
 -1       381 3.82353E-01-1.31839E-16-5.00000E-02
 -1       382 4.70588E-01 2.75000E-02-5.00000E-02
 -1       383 4.41176E-01-1.31839E-16-5.00000E-02
 -1       384 5.29412E-01 2.75000E-02-5.00000E-02
 -1       385 5.00000E-01-1.38778E-16-5.00000E-02
 -1       386 5.88235E-01 2.75000E-02-5.00000E-02
 -1       387 5.58824E-01-1.38778E-16-5.00000E-02
 -1       388 6.47059E-01 2.75000E-02-5.00000E-02
 -1       389 6.17647E-01-1.31839E-16-5.00000E-02
 -1       390 7.05882E-01 2.75000E-02-5.00000E-02
 -1       391 6.76471E-01-1.38778E-16-5.00000E-02
 -1       392 7.64706E-01 2.75000E-02-5.00000E-02
 -1       393 7.35294E-01-1.38778E-16-5.00000E-02
 -1       394 8.23529E-01 2.75000E-02-5.00000E-02
 -1       395 7.94118E-01-1.31839E-16-5.00000E-02
 -1       396 8.82353E-01 2.75000E-02-5.00000E-02
 -1       397 8.52941E-01-1.31839E-16-5.00000E-02
 -1       398 9.41176E-01 2.75000E-02-5.00000E-02
 -1       399 9.11765E-01-1.31839E-16-5.00000E-02
 -1       400 9.70588E-01-1.35308E-16-5.00000E-02
 -1       401-9.41176E-01-2.75000E-02-5.00000E-02
 -1       402-8.82353E-01-2.75000E-02-5.00000E-02
 -1       403-8.23529E-01-2.75000E-02-5.00000E-02
 -1       404-7.64706E-01-2.75000E-02-5.00000E-02
 -1       405-7.05882E-01-2.75000E-02-5.00000E-02
 -1       406-6.47059E-01-2.75000E-02-5.00000E-02
 -1       407-5.88235E-01-2.75000E-02-5.00000E-02
 -1       408-5.29412E-01-2.75000E-02-5.00000E-02
 -1       409-4.70588E-01-2.75000E-02-5.00000E-02
 -1       410-4.11765E-01-2.75000E-02-5.00000E-02
 -1       411-3.52941E-01-2.75000E-02-5.00000E-02
 -1       412-2.94118E-01-2.75000E-02-5.00000E-02
 -1       413-2.35294E-01-2.75000E-02-5.00000E-02
 -1       414-1.76471E-01-2.75000E-02-5.00000E-02
 -1       415-1.17647E-01-2.75000E-02-5.00000E-02
 -1       416-5.88235E-02-2.75000E-02-5.00000E-02
 -1       417 0.00000E+00-2.75000E-02-5.00000E-02
 -1       418 5.88235E-02-2.75000E-02-5.00000E-02
 -1       419 1.17647E-01-2.75000E-02-5.00000E-02
 -1       420 1.76471E-01-2.75000E-02-5.00000E-02
 -1       421 2.35294E-01-2.75000E-02-5.00000E-02
 -1       422 2.94118E-01-2.75000E-02-5.00000E-02
 -1       423 3.52941E-01-2.75000E-02-5.00000E-02
 -1       424 4.11765E-01-2.75000E-02-5.00000E-02
 -1       425 4.70588E-01-2.75000E-02-5.00000E-02
 -1       426 5.29412E-01-2.75000E-02-5.00000E-02
 -1       427 5.88235E-01-2.75000E-02-5.00000E-02
 -1       428 6.47059E-01-2.75000E-02-5.00000E-02
 -1       429 7.05882E-01-2.75000E-02-5.00000E-02
 -1       430 7.64706E-01-2.75000E-02-5.00000E-02
 -1       431 8.23529E-01-2.75000E-02-5.00000E-02
 -1       432 8.82353E-01-2.75000E-02-5.00000E-02
 -1       433 9.41176E-01-2.75000E-02-5.00000E-02
 -1       434 1.00000E+00-1.24900E-16 4.16334E-17
 -1       435 1.00000E+00 2.75000E-02 3.81639E-17
 -1       436 1.00000E+00-1.31839E-16-2.50000E-02
 -1       437 1.00000E+00-1.31839E-16 2.50000E-02
 -1       438 1.00000E+00-2.75000E-02 3.81639E-17
 -1       439 9.41176E-01-1.31839E-16 5.00000E-02
 -1       440 8.82353E-01-1.45717E-16 5.00000E-02
 -1       441 8.23529E-01-1.45717E-16 5.00000E-02
 -1       442 7.64706E-01-1.31839E-16 5.00000E-02
 -1       443 7.05882E-01-1.45717E-16 5.00000E-02
 -1       444 6.47059E-01-1.31839E-16 5.00000E-02
 -1       445 5.88235E-01-1.31839E-16 5.00000E-02
 -1       446 5.29412E-01-1.31839E-16 5.00000E-02
 -1       447 4.70588E-01-1.45717E-16 5.00000E-02
 -1       448 4.11765E-01-1.31839E-16 5.00000E-02
 -1       449 3.52941E-01-1.59595E-16 5.00000E-02
 -1       450 2.94118E-01-1.31839E-16 5.00000E-02
 -1       451 2.35294E-01-1.31839E-16 5.00000E-02
 -1       452 1.76471E-01-1.31839E-16 5.00000E-02
 -1       453 1.17647E-01-1.31839E-16 5.00000E-02
 -1       454 5.88235E-02-1.45717E-16 5.00000E-02
 -1       455 0.00000E+00-1.31839E-16 5.00000E-02
 -1       456-5.88235E-02-1.31839E-16 5.00000E-02
 -1       457-1.17647E-01-1.31839E-16 5.00000E-02
 -1       458-1.76471E-01-1.31839E-16 5.00000E-02
 -1       459-2.35294E-01-1.31839E-16 5.00000E-02
 -1       460-2.94118E-01-1.45717E-16 5.00000E-02
 -1       461-3.52941E-01-1.31839E-16 5.00000E-02
 -1       462-4.11765E-01-1.31839E-16 5.00000E-02
 -1       463-4.70588E-01-1.31839E-16 5.00000E-02
 -1       464-5.29412E-01-1.45717E-16 5.00000E-02
 -1       465-5.88235E-01-1.31839E-16 5.00000E-02
 -1       466-6.47059E-01-1.31839E-16 5.00000E-02
 -1       467-7.05882E-01-1.45717E-16 5.00000E-02
 -1       468-7.64706E-01-1.31839E-16 5.00000E-02
 -1       469-8.23529E-01-1.31839E-16 5.00000E-02
 -1       470-8.82353E-01-1.31839E-16 5.00000E-02
 -1       471-9.41176E-01-1.31839E-16 5.00000E-02
 -1       472 9.41176E-01 2.75000E-02 5.00000E-02
 -1       473 9.70588E-01-1.35308E-16 5.00000E-02
 -1       474 8.82353E-01 2.75000E-02 5.00000E-02
 -1       475 9.11765E-01-1.38778E-16 5.00000E-02
 -1       476 8.23529E-01 2.75000E-02 5.00000E-02
 -1       477 8.52941E-01-1.45717E-16 5.00000E-02
 -1       478 7.64706E-01 2.75000E-02 5.00000E-02
 -1       479 7.94118E-01-1.38778E-16 5.00000E-02
 -1       480 7.05882E-01 2.75000E-02 5.00000E-02
 -1       481 7.35294E-01-1.38778E-16 5.00000E-02
 -1       482 6.47059E-01 2.75000E-02 5.00000E-02
 -1       483 6.76471E-01-1.38778E-16 5.00000E-02
 -1       484 5.88235E-01 2.75000E-02 5.00000E-02
 -1       485 6.17647E-01-1.31839E-16 5.00000E-02
 -1       486 5.29412E-01 2.75000E-02 5.00000E-02
 -1       487 5.58824E-01-1.31839E-16 5.00000E-02
 -1       488 4.70588E-01 2.75000E-02 5.00000E-02
 -1       489 5.00000E-01-1.38778E-16 5.00000E-02
 -1       490 4.11765E-01 2.75000E-02 5.00000E-02
 -1       491 4.41176E-01-1.38778E-16 5.00000E-02
 -1       492 3.52941E-01 2.75000E-02 5.00000E-02
 -1       493 3.82353E-01-1.45717E-16 5.00000E-02
 -1       494 2.94118E-01 2.75000E-02 5.00000E-02
 -1       495 3.23529E-01-1.45717E-16 5.00000E-02
 -1       496 2.35294E-01 2.75000E-02 5.00000E-02
 -1       497 2.64706E-01-1.31839E-16 5.00000E-02
 -1       498 1.76471E-01 2.75000E-02 5.00000E-02
 -1       499 2.05882E-01-1.31839E-16 5.00000E-02
 -1       500 1.17647E-01 2.75000E-02 5.00000E-02
 -1       501 1.47059E-01-1.31839E-16 5.00000E-02
 -1       502 5.88235E-02 2.75000E-02 5.00000E-02
 -1       503 8.82353E-02-1.38778E-16 5.00000E-02
 -1       504 0.00000E+00 2.75000E-02 5.00000E-02
 -1       505 2.94118E-02-1.38778E-16 5.00000E-02
 -1       506-5.88235E-02 2.75000E-02 5.00000E-02
 -1       507-2.94118E-02-1.31839E-16 5.00000E-02
 -1       508-1.17647E-01 2.75000E-02 5.00000E-02
 -1       509-8.82353E-02-1.31839E-16 5.00000E-02
 -1       510-1.76471E-01 2.75000E-02 5.00000E-02
 -1       511-1.47059E-01-1.31839E-16 5.00000E-02
 -1       512-2.35294E-01 2.75000E-02 5.00000E-02
 -1       513-2.05882E-01-1.31839E-16 5.00000E-02
 -1       514-2.94118E-01 2.75000E-02 5.00000E-02
 -1       515-2.64706E-01-1.38778E-16 5.00000E-02
 -1       516-3.52941E-01 2.75000E-02 5.00000E-02
 -1       517-3.23529E-01-1.38778E-16 5.00000E-02
 -1       518-4.11765E-01 2.75000E-02 5.00000E-02
 -1       519-3.82353E-01-1.31839E-16 5.00000E-02
 -1       520-4.70588E-01 2.75000E-02 5.00000E-02
 -1       521-4.41176E-01-1.31839E-16 5.00000E-02
 -1       522-5.29412E-01 2.75000E-02 5.00000E-02
 -1       523-5.00000E-01-1.38778E-16 5.00000E-02
 -1       524-5.88235E-01 2.75000E-02 5.00000E-02
 -1       525-5.58824E-01-1.38778E-16 5.00000E-02
 -1       526-6.47059E-01 2.75000E-02 5.00000E-02
 -1       527-6.17647E-01-1.31839E-16 5.00000E-02
 -1       528-7.05882E-01 2.75000E-02 5.00000E-02
 -1       529-6.76471E-01-1.38778E-16 5.00000E-02
 -1       530-7.64706E-01 2.75000E-02 5.00000E-02
 -1       531-7.35294E-01-1.38778E-16 5.00000E-02
 -1       532-8.23529E-01 2.75000E-02 5.00000E-02
 -1       533-7.94118E-01-1.31839E-16 5.00000E-02
 -1       534-8.82353E-01 2.75000E-02 5.00000E-02
 -1       535-8.52941E-01-1.31839E-16 5.00000E-02
 -1       536-9.41176E-01 2.75000E-02 5.00000E-02
 -1       537-9.11765E-01-1.31839E-16 5.00000E-02
 -1       538-9.70588E-01-1.35308E-16 5.00000E-02
 -1       539 9.41176E-01-2.75000E-02 5.00000E-02
 -1       540 8.82353E-01-2.75000E-02 5.00000E-02
 -1       541 8.23529E-01-2.75000E-02 5.00000E-02
 -1       542 7.64706E-01-2.75000E-02 5.00000E-02
 -1       543 7.05882E-01-2.75000E-02 5.00000E-02
 -1       544 6.47059E-01-2.75000E-02 5.00000E-02
 -1       545 5.88235E-01-2.75000E-02 5.00000E-02
 -1       546 5.29412E-01-2.75000E-02 5.00000E-02
 -1       547 4.70588E-01-2.75000E-02 5.00000E-02
 -1       548 4.11765E-01-2.75000E-02 5.00000E-02
 -1       549 3.52941E-01-2.75000E-02 5.00000E-02
 -1       550 2.94118E-01-2.75000E-02 5.00000E-02
 -1       551 2.35294E-01-2.75000E-02 5.00000E-02
 -1       552 1.76471E-01-2.75000E-02 5.00000E-02
 -1       553 1.17647E-01-2.75000E-02 5.00000E-02
 -1       554 5.88235E-02-2.75000E-02 5.00000E-02
 -1       555 0.00000E+00-2.75000E-02 5.00000E-02
 -1       556-5.88235E-02-2.75000E-02 5.00000E-02
 -1       557-1.17647E-01-2.75000E-02 5.00000E-02
 -1       558-1.76471E-01-2.75000E-02 5.00000E-02
 -1       559-2.35294E-01-2.75000E-02 5.00000E-02
 -1       560-2.94118E-01-2.75000E-02 5.00000E-02
 -1       561-3.52941E-01-2.75000E-02 5.00000E-02
 -1       562-4.11765E-01-2.75000E-02 5.00000E-02
 -1       563-4.70588E-01-2.75000E-02 5.00000E-02
 -1       564-5.29412E-01-2.75000E-02 5.00000E-02
 -1       565-5.88235E-01-2.75000E-02 5.00000E-02
 -1       566-6.47059E-01-2.75000E-02 5.00000E-02
 -1       567-7.05882E-01-2.75000E-02 5.00000E-02
 -1       568-7.64706E-01-2.75000E-02 5.00000E-02
 -1       569-8.23529E-01-2.75000E-02 5.00000E-02
 -1       570-8.82353E-01-2.75000E-02 5.00000E-02
 -1       571-9.41176E-01-2.75000E-02 5.00000E-02
 -1       572-1.00000E+00-1.52656E-16-4.16334E-17
 -1       573-1.00000E+00 2.75000E-02-3.81639E-17
 -1       574-1.00000E+00-1.45717E-16 2.50000E-02
 -1       575-1.00000E+00-1.45717E-16-2.50000E-02
 -1       576-1.00000E+00-2.75000E-02-3.81639E-17
 -1       577-9.41176E-01 5.50000E-02-3.30873E-17
 -1       578-8.82353E-01 5.50000E-02-3.14801E-17
 -1       579-8.23529E-01 5.50000E-02-2.64035E-17
 -1       580-7.64706E-01 5.50000E-02-2.82658E-17
 -1       581-7.05882E-01 5.50000E-02-2.66586E-17
 -1       582-6.47059E-01 5.50000E-02-2.50514E-17
 -1       583-5.88235E-01 5.50000E-02-2.04085E-17
 -1       584-5.29412E-01 5.50000E-02-1.83677E-17
 -1       585-4.70588E-01 5.50000E-02-1.63268E-17
 -1       586-4.11765E-01 5.50000E-02-1.51533E-17
 -1       587-3.52941E-01 5.50000E-02-8.77566E-18
 -1       588-2.94118E-01 5.50000E-02-8.46953E-18
 -1       589-2.35294E-01 5.50000E-02-8.16340E-18
 -1       590-1.76471E-01 5.50000E-02-6.12255E-18
 -1       591-1.17647E-01 5.50000E-02-4.08170E-18
 -1       592-5.88235E-02 5.50000E-02-2.04085E-18
 -1       593 2.64339E-17 5.50000E-02 4.45737E-30
 -1       594 5.88235E-02 5.50000E-02 2.04085E-18
 -1       595 1.17647E-01 5.50000E-02 4.08170E-18
 -1       596 1.76471E-01 5.50000E-02 6.12255E-18
 -1       597 2.35294E-01 5.50000E-02 8.16340E-18
 -1       598 2.94118E-01 5.50000E-02 1.02043E-17
 -1       599 3.52941E-01 5.50000E-02 1.57146E-17
 -1       600 4.11765E-01 5.50000E-02 1.42860E-17
 -1       601 4.70588E-01 5.50000E-02 1.63268E-17
 -1       602 5.29412E-01 5.50000E-02 1.83677E-17
 -1       603 5.88235E-01 5.50000E-02 2.04085E-17
 -1       604 6.47059E-01 5.50000E-02 1.89799E-17
 -1       605 7.05882E-01 5.50000E-02 2.10208E-17
 -1       606 7.64706E-01 5.50000E-02 2.30616E-17
 -1       607 8.23529E-01 5.50000E-02 3.20414E-17
 -1       608 8.82353E-01 5.50000E-02 3.06128E-17
 -1       609 9.41176E-01 5.50000E-02 3.26536E-17
 -1       610-9.41176E-01 5.50000E-02 2.50000E-02
 -1       611-9.70588E-01 5.50000E-02-3.38909E-17
 -1       612-8.82353E-01 5.50000E-02 2.50000E-02
 -1       613-9.11765E-01 5.50000E-02-3.22837E-17
 -1       614-8.23529E-01 5.50000E-02 2.50000E-02
 -1       615-8.52941E-01 5.50000E-02-2.89418E-17
 -1       616-7.64706E-01 5.50000E-02 2.50000E-02
 -1       617-7.94118E-01 5.50000E-02-2.73346E-17
 -1       618-7.05882E-01 5.50000E-02 2.50000E-02
 -1       619-7.35294E-01 5.50000E-02-2.74622E-17
 -1       620-6.47059E-01 5.50000E-02 2.50000E-02
 -1       621-6.76471E-01 5.50000E-02-2.58550E-17
 -1       622-5.88235E-01 5.50000E-02 2.50000E-02
 -1       623-6.17647E-01 5.50000E-02-2.27300E-17
 -1       624-5.29412E-01 5.50000E-02 2.50000E-02
 -1       625-5.58824E-01 5.50000E-02-1.93881E-17
 -1       626-4.70588E-01 5.50000E-02 2.50000E-02
 -1       627-5.00000E-01 5.50000E-02-1.73472E-17
 -1       628-4.11765E-01 5.50000E-02 2.50000E-02
 -1       629-4.41176E-01 5.50000E-02-1.57401E-17
 -1       630-3.52941E-01 5.50000E-02 2.50000E-02
 -1       631-3.82353E-01 5.50000E-02-1.19645E-17
 -1       632-2.94118E-01 5.50000E-02 2.50000E-02
 -1       633-3.23529E-01 5.50000E-02-8.62260E-18
 -1       634-2.35294E-01 5.50000E-02 2.50000E-02
 -1       635-2.64706E-01 5.50000E-02-8.31647E-18
 -1       636-1.76471E-01 5.50000E-02 2.50000E-02
 -1       637-2.05882E-01 5.50000E-02-7.14298E-18
 -1       638-1.17647E-01 5.50000E-02 2.50000E-02
 -1       639-1.47059E-01 5.50000E-02-5.10213E-18
 -1       640-5.88235E-02 5.50000E-02 2.50000E-02
 -1       641-8.82353E-02 5.50000E-02-3.06128E-18
 -1       642 1.32169E-17 5.50000E-02 2.50000E-02
 -1       643-2.94118E-02 5.50000E-02-1.02043E-18
 -1       644 5.88235E-02 5.50000E-02 2.50000E-02
 -1       645 2.94118E-02 5.50000E-02 1.02043E-18
 -1       646 1.17647E-01 5.50000E-02 2.50000E-02
 -1       647 8.82353E-02 5.50000E-02 3.06128E-18
 -1       648 1.76471E-01 5.50000E-02 2.50000E-02
 -1       649 1.47059E-01 5.50000E-02 5.10213E-18
 -1       650 2.35294E-01 5.50000E-02 2.50000E-02
 -1       651 2.05882E-01 5.50000E-02 7.14298E-18
 -1       652 2.94118E-01 5.50000E-02 2.50000E-02
 -1       653 2.64706E-01 5.50000E-02 9.18383E-18
 -1       654 3.52941E-01 5.50000E-02 2.50000E-02
 -1       655 3.23529E-01 5.50000E-02 1.29594E-17
 -1       656 4.11765E-01 5.50000E-02 2.50000E-02
 -1       657 3.82353E-01 5.50000E-02 1.50003E-17
 -1       658 4.70588E-01 5.50000E-02 2.50000E-02
 -1       659 4.41176E-01 5.50000E-02 1.53064E-17
 -1       660 5.29412E-01 5.50000E-02 2.50000E-02
 -1       661 5.00000E-01 5.50000E-02 1.73472E-17
 -1       662 5.88235E-01 5.50000E-02 2.50000E-02
 -1       663 5.58824E-01 5.50000E-02 1.93881E-17
 -1       664 6.47059E-01 5.50000E-02 2.50000E-02
 -1       665 6.17647E-01 5.50000E-02 1.96942E-17
 -1       666 7.05882E-01 5.50000E-02 2.50000E-02
 -1       667 6.76471E-01 5.50000E-02 2.00003E-17
 -1       668 7.64706E-01 5.50000E-02 2.50000E-02
 -1       669 7.35294E-01 5.50000E-02 2.20412E-17
 -1       670 8.23529E-01 5.50000E-02 2.50000E-02
 -1       671 7.94118E-01 5.50000E-02 2.75515E-17
 -1       672 8.82353E-01 5.50000E-02 2.50000E-02
 -1       673 8.52941E-01 5.50000E-02 3.13271E-17
 -1       674 9.41176E-01 5.50000E-02 2.50000E-02
 -1       675 9.11765E-01 5.50000E-02 3.16332E-17
 -1       676 9.70588E-01 5.50000E-02 3.36740E-17
 -1       677-9.41176E-01 5.50000E-02-2.50000E-02
 -1       678-8.82353E-01 5.50000E-02-2.50000E-02
 -1       679-8.23529E-01 5.50000E-02-2.50000E-02
 -1       680-7.64706E-01 5.50000E-02-2.50000E-02
 -1       681-7.05882E-01 5.50000E-02-2.50000E-02
 -1       682-6.47059E-01 5.50000E-02-2.50000E-02
 -1       683-5.88235E-01 5.50000E-02-2.50000E-02
 -1       684-5.29412E-01 5.50000E-02-2.50000E-02
 -1       685-4.70588E-01 5.50000E-02-2.50000E-02
 -1       686-4.11765E-01 5.50000E-02-2.50000E-02
 -1       687-3.52941E-01 5.50000E-02-2.50000E-02
 -1       688-2.94118E-01 5.50000E-02-2.50000E-02
 -1       689-2.35294E-01 5.50000E-02-2.50000E-02
 -1       690-1.76471E-01 5.50000E-02-2.50000E-02
 -1       691-1.17647E-01 5.50000E-02-2.50000E-02
 -1       692-5.88235E-02 5.50000E-02-2.50000E-02
 -1       693 1.32169E-17 5.50000E-02-2.50000E-02
 -1       694 5.88235E-02 5.50000E-02-2.50000E-02
 -1       695 1.17647E-01 5.50000E-02-2.50000E-02
 -1       696 1.76471E-01 5.50000E-02-2.50000E-02
 -1       697 2.35294E-01 5.50000E-02-2.50000E-02
 -1       698 2.94118E-01 5.50000E-02-2.50000E-02
 -1       699 3.52941E-01 5.50000E-02-2.50000E-02
 -1       700 4.11765E-01 5.50000E-02-2.50000E-02
 -1       701 4.70588E-01 5.50000E-02-2.50000E-02
 -1       702 5.29412E-01 5.50000E-02-2.50000E-02
 -1       703 5.88235E-01 5.50000E-02-2.50000E-02
 -1       704 6.47059E-01 5.50000E-02-2.50000E-02
 -1       705 7.05882E-01 5.50000E-02-2.50000E-02
 -1       706 7.64706E-01 5.50000E-02-2.50000E-02
 -1       707 8.23529E-01 5.50000E-02-2.50000E-02
 -1       708 8.82353E-01 5.50000E-02-2.50000E-02
 -1       709 9.41176E-01 5.50000E-02-2.50000E-02
 -1       710-9.41176E-01-5.50000E-02-3.22199E-17
 -1       711-8.82353E-01-5.50000E-02-2.97454E-17
 -1       712-8.23529E-01-5.50000E-02-3.07403E-17
 -1       713-7.64706E-01-5.50000E-02-2.47963E-17
 -1       714-7.05882E-01-5.50000E-02-2.23218E-17
 -1       715-6.47059E-01-5.50000E-02-1.98473E-17
 -1       716-5.88235E-01-5.50000E-02-2.04085E-17
 -1       717-5.29412E-01-5.50000E-02-1.83677E-17
 -1       718-4.70588E-01-5.50000E-02-1.63268E-17
 -1       719-4.11765E-01-5.50000E-02-1.34186E-17
 -1       720-3.52941E-01-5.50000E-02-1.57146E-17
 -1       721-2.94118E-01-5.50000E-02-1.19390E-17
 -1       722-2.35294E-01-5.50000E-02-8.16340E-18
 -1       723-1.76471E-01-5.50000E-02-6.12255E-18
 -1       724-1.17647E-01-5.50000E-02-4.08170E-18
 -1       725-5.88235E-02-5.50000E-02-2.04085E-18
 -1       726 2.64339E-17-5.50000E-02-4.45737E-30
 -1       727 5.88235E-02-5.50000E-02 2.04085E-18
 -1       728 1.17647E-01-5.50000E-02 4.08170E-18
 -1       729 1.76471E-01-5.50000E-02 6.12255E-18
 -1       730 2.35294E-01-5.50000E-02 8.16340E-18
 -1       731 2.94118E-01-5.50000E-02 1.02043E-17
 -1       732 3.52941E-01-5.50000E-02 8.77566E-18
 -1       733 4.11765E-01-5.50000E-02 1.42860E-17
 -1       734 4.70588E-01-5.50000E-02 1.63268E-17
 -1       735 5.29412E-01-5.50000E-02 1.83677E-17
 -1       736 5.88235E-01-5.50000E-02 2.04085E-17
 -1       737 6.47059E-01-5.50000E-02 2.59188E-17
 -1       738 7.05882E-01-5.50000E-02 2.79597E-17
 -1       739 7.64706E-01-5.50000E-02 3.00005E-17
 -1       740 8.23529E-01-5.50000E-02 2.51025E-17
 -1       741 8.82353E-01-5.50000E-02 3.06128E-17
 -1       742 9.41176E-01-5.50000E-02 3.26536E-17
 -1       743-9.70588E-01-5.50000E-02-3.34572E-17
 -1       744-9.41176E-01-5.50000E-02 2.50000E-02
 -1       745-9.11765E-01-5.50000E-02-3.09827E-17
 -1       746-8.82353E-01-5.50000E-02 2.50000E-02
 -1       747-8.52941E-01-5.50000E-02-3.02429E-17
 -1       748-8.23529E-01-5.50000E-02 2.50000E-02
 -1       749-7.94118E-01-5.50000E-02-2.77683E-17
 -1       750-7.64706E-01-5.50000E-02 2.50000E-02
 -1       751-7.35294E-01-5.50000E-02-2.35591E-17
 -1       752-7.05882E-01-5.50000E-02 2.50000E-02
 -1       753-6.76471E-01-5.50000E-02-2.10845E-17
 -1       754-6.47059E-01-5.50000E-02 2.50000E-02
 -1       755-6.17647E-01-5.50000E-02-2.01279E-17
 -1       756-5.88235E-01-5.50000E-02 2.50000E-02
 -1       757-5.58824E-01-5.50000E-02-1.93881E-17
 -1       758-5.29412E-01-5.50000E-02 2.50000E-02
 -1       759-5.00000E-01-5.50000E-02-1.73472E-17
 -1       760-4.70588E-01-5.50000E-02 2.50000E-02
 -1       761-4.41176E-01-5.50000E-02-1.48727E-17
 -1       762-4.11765E-01-5.50000E-02 2.50000E-02
 -1       763-3.82353E-01-5.50000E-02-1.45666E-17
 -1       764-3.52941E-01-5.50000E-02 2.50000E-02
 -1       765-3.23529E-01-5.50000E-02-1.38268E-17
 -1       766-2.94118E-01-5.50000E-02 2.50000E-02
 -1       767-2.64706E-01-5.50000E-02-1.00512E-17
 -1       768-2.35294E-01-5.50000E-02 2.50000E-02
 -1       769-2.05882E-01-5.50000E-02-7.14298E-18
 -1       770-1.76471E-01-5.50000E-02 2.50000E-02
 -1       771-1.47059E-01-5.50000E-02-5.10213E-18
 -1       772-1.17647E-01-5.50000E-02 2.50000E-02
 -1       773-8.82353E-02-5.50000E-02-3.06128E-18
 -1       774-5.88235E-02-5.50000E-02 2.50000E-02
 -1       775-2.94118E-02-5.50000E-02-1.02043E-18
 -1       776 1.32169E-17-5.50000E-02 2.50000E-02
 -1       777 2.94118E-02-5.50000E-02 1.02043E-18
 -1       778 5.88235E-02-5.50000E-02 2.50000E-02
 -1       779 8.82353E-02-5.50000E-02 3.06128E-18
 -1       780 1.17647E-01-5.50000E-02 2.50000E-02
 -1       781 1.47059E-01-5.50000E-02 5.10213E-18
 -1       782 1.76471E-01-5.50000E-02 2.50000E-02
 -1       783 2.05882E-01-5.50000E-02 7.14298E-18
 -1       784 2.35294E-01-5.50000E-02 2.50000E-02
 -1       785 2.64706E-01-5.50000E-02 9.18383E-18
 -1       786 2.94118E-01-5.50000E-02 2.50000E-02
 -1       787 3.23529E-01-5.50000E-02 9.48996E-18
 -1       788 3.52941E-01-5.50000E-02 2.50000E-02
 -1       789 3.82353E-01-5.50000E-02 1.15308E-17
 -1       790 4.11765E-01-5.50000E-02 2.50000E-02
 -1       791 4.41176E-01-5.50000E-02 1.53064E-17
 -1       792 4.70588E-01-5.50000E-02 2.50000E-02
 -1       793 5.00000E-01-5.50000E-02 1.73472E-17
 -1       794 5.29412E-01-5.50000E-02 2.50000E-02
 -1       795 5.58824E-01-5.50000E-02 1.93881E-17
 -1       796 5.88235E-01-5.50000E-02 2.50000E-02
 -1       797 6.17647E-01-5.50000E-02 2.31637E-17
 -1       798 6.47059E-01-5.50000E-02 2.50000E-02
 -1       799 6.76471E-01-5.50000E-02 2.69392E-17
 -1       800 7.05882E-01-5.50000E-02 2.50000E-02
 -1       801 7.35294E-01-5.50000E-02 2.89801E-17
 -1       802 7.64706E-01-5.50000E-02 2.50000E-02
 -1       803 7.94118E-01-5.50000E-02 2.75515E-17
 -1       804 8.23529E-01-5.50000E-02 2.50000E-02
 -1       805 8.52941E-01-5.50000E-02 2.78576E-17
 -1       806 8.82353E-01-5.50000E-02 2.50000E-02
 -1       807 9.11765E-01-5.50000E-02 3.16332E-17
 -1       808 9.41176E-01-5.50000E-02 2.50000E-02
 -1       809 9.70588E-01-5.50000E-02 3.36740E-17
 -1       810-9.41176E-01-5.50000E-02-2.50000E-02
 -1       811-8.82353E-01-5.50000E-02-2.50000E-02
 -1       812-8.23529E-01-5.50000E-02-2.50000E-02
 -1       813-7.64706E-01-5.50000E-02-2.50000E-02
 -1       814-7.05882E-01-5.50000E-02-2.50000E-02
 -1       815-6.47059E-01-5.50000E-02-2.50000E-02
 -1       816-5.88235E-01-5.50000E-02-2.50000E-02
 -1       817-5.29412E-01-5.50000E-02-2.50000E-02
 -1       818-4.70588E-01-5.50000E-02-2.50000E-02
 -1       819-4.11765E-01-5.50000E-02-2.50000E-02
 -1       820-3.52941E-01-5.50000E-02-2.50000E-02
 -1       821-2.94118E-01-5.50000E-02-2.50000E-02
 -1       822-2.35294E-01-5.50000E-02-2.50000E-02
 -1       823-1.76471E-01-5.50000E-02-2.50000E-02
 -1       824-1.17647E-01-5.50000E-02-2.50000E-02
 -1       825-5.88235E-02-5.50000E-02-2.50000E-02
 -1       826 1.32169E-17-5.50000E-02-2.50000E-02
 -1       827 5.88235E-02-5.50000E-02-2.50000E-02
 -1       828 1.17647E-01-5.50000E-02-2.50000E-02
 -1       829 1.76471E-01-5.50000E-02-2.50000E-02
 -1       830 2.35294E-01-5.50000E-02-2.50000E-02
 -1       831 2.94118E-01-5.50000E-02-2.50000E-02
 -1       832 3.52941E-01-5.50000E-02-2.50000E-02
 -1       833 4.11765E-01-5.50000E-02-2.50000E-02
 -1       834 4.70588E-01-5.50000E-02-2.50000E-02
 -1       835 5.29412E-01-5.50000E-02-2.50000E-02
 -1       836 5.88235E-01-5.50000E-02-2.50000E-02
 -1       837 6.47059E-01-5.50000E-02-2.50000E-02
 -1       838 7.05882E-01-5.50000E-02-2.50000E-02
 -1       839 7.64706E-01-5.50000E-02-2.50000E-02
 -1       840 8.23529E-01-5.50000E-02-2.50000E-02
 -1       841 8.82353E-01-5.50000E-02-2.50000E-02
 -1       842 9.41176E-01-5.50000E-02-2.50000E-02
 -1       843-9.41176E-01-1.28641E-16-4.45607E-17
 -1       844-8.82353E-01-1.34116E-16-3.88144E-17
 -1       845-8.23529E-01-1.36393E-16-3.81639E-17
 -1       846-7.64706E-01-1.27719E-16-3.94650E-17
 -1       847-7.05882E-01-1.45283E-16-4.07660E-17
 -1       848-6.47059E-01-1.30104E-16-3.42608E-17
 -1       849-5.88235E-01-1.30104E-16-2.81893E-17
 -1       850-5.29412E-01-1.35742E-16-2.64545E-17
 -1       851-4.70588E-01-1.37911E-16-2.68882E-17
 -1       852-4.11765E-01-1.25767E-16-2.21177E-17
 -1       853-3.52941E-01-1.41380E-16-1.90820E-17
 -1       854-2.94118E-01-1.33574E-16-7.80626E-18
 -1       855-2.35294E-01-1.28370E-16-1.82146E-17
 -1       856-1.76471E-01-1.28370E-16-1.47451E-17
 -1       857-1.17647E-01-1.28370E-16-1.21431E-17
 -1       858-5.88235E-02-1.37043E-16-6.07153E-18
 -1       859 0.00000E+00-1.31839E-16-8.67362E-19
 -1       860 5.88235E-02-1.35308E-16-1.73472E-18
 -1       861 1.17647E-01-1.28370E-16-8.67362E-19
 -1       862 1.76471E-01-1.28370E-16 4.33681E-18
 -1       863 2.35294E-01-1.31839E-16 0.00000E+00
 -1       864 2.94118E-01-1.33574E-16 1.04083E-17
 -1       865 3.52941E-01-1.42247E-16 1.04083E-17
 -1       866 4.11765E-01-1.26635E-16 1.21431E-17
 -1       867 4.70588E-01-1.33574E-16 1.21431E-17
 -1       868 5.29412E-01-1.31839E-16 2.25514E-17
 -1       869 5.88235E-01-1.26635E-16 1.56125E-17
 -1       870 6.47059E-01-1.26635E-16 1.90820E-17
 -1       871 7.05882E-01-1.45717E-16 2.42861E-17
 -1       872 7.64706E-01-1.28370E-16 2.42861E-17
 -1       873 8.23529E-01-1.33574E-16 2.77556E-17
 -1       874 8.82353E-01-1.37043E-16 2.94903E-17
 -1       875 9.41176E-01-1.26635E-16 3.64292E-17
 -1       876-9.41176E-01-1.30240E-16-2.50000E-02
 -1       877-9.70588E-01-1.40648E-16-4.30970E-17
 -1       878-9.41176E-01 2.75000E-02-3.88240E-17
 -1       879-9.41176E-01-1.30240E-16 2.50000E-02
 -1       880-8.82353E-01-1.39916E-16-2.50000E-02
 -1       881-9.11765E-01-1.31378E-16-4.16876E-17
 -1       882-8.82353E-01 2.75000E-02-3.51473E-17
 -1       883-8.82353E-01-1.32977E-16 2.50000E-02
 -1       884-8.23529E-01-1.41055E-16-2.50000E-02
 -1       885-8.52941E-01-1.35254E-16-3.84892E-17
 -1       886-8.23529E-01 2.75000E-02-3.22837E-17
 -1       887-8.23529E-01-1.34116E-16 2.50000E-02
 -1       888-7.64706E-01-1.29779E-16-2.50000E-02
 -1       889-7.94118E-01-1.32056E-16-3.88144E-17
 -1       890-7.64706E-01 2.75000E-02-3.38654E-17
 -1       891-7.64706E-01-1.29779E-16 2.50000E-02
 -1       892-7.05882E-01-1.45500E-16-2.50000E-02
 -1       893-7.35294E-01-1.36501E-16-4.01155E-17
 -1       894-7.05882E-01 2.75000E-02-3.37123E-17
 -1       895-7.05882E-01-1.45500E-16 2.50000E-02
 -1       896-6.47059E-01-1.30972E-16-2.50000E-02
 -1       897-6.76471E-01-1.37694E-16-3.75134E-17
 -1       898-6.47059E-01 2.75000E-02-2.96561E-17
 -1       899-6.47059E-01-1.30972E-16 2.50000E-02
 -1       900-5.88235E-01-1.30972E-16-2.50000E-02
 -1       901-6.17647E-01-1.30104E-16-3.12250E-17
 -1       902-5.88235E-01 2.75000E-02-2.42989E-17
 -1       903-5.88235E-01-1.30972E-16 2.50000E-02
 -1       904-5.29412E-01-1.33791E-16-2.50000E-02
 -1       905-5.58824E-01-1.32923E-16-2.73219E-17
 -1       906-5.29412E-01 2.75000E-02-2.24111E-17
 -1       907-5.29412E-01-1.40729E-16 2.50000E-02
 -1       908-4.70588E-01-1.41814E-16-2.50000E-02
 -1       909-5.00000E-01-1.36826E-16-2.66714E-17
 -1       910-4.70588E-01 2.75000E-02-2.16075E-17
 -1       911-4.70588E-01-1.34875E-16 2.50000E-02
 -1       912-4.11765E-01-1.28803E-16-2.50000E-02
 -1       913-4.41176E-01-1.31839E-16-2.45030E-17
 -1       914-4.11765E-01 2.75000E-02-1.86355E-17
 -1       915-4.11765E-01-1.28803E-16 2.50000E-02
 -1       916-3.52941E-01-1.50487E-16-2.50000E-02
 -1       917-3.82353E-01-1.33574E-16-2.05998E-17
 -1       918-3.52941E-01 2.75000E-02-1.39288E-17
 -1       919-3.52941E-01-1.36609E-16 2.50000E-02
 -1       920-2.94118E-01-1.32706E-16-2.50000E-02
 -1       921-3.23529E-01-1.37477E-16-1.34441E-17
 -1       922-2.94118E-01 2.75000E-02-8.13789E-18
 -1       923-2.94118E-01-1.39645E-16 2.50000E-02
 -1       924-2.35294E-01-1.30104E-16-2.50000E-02
 -1       925-2.64706E-01-1.30972E-16-1.30104E-17
 -1       926-2.35294E-01 2.75000E-02-1.31890E-17
 -1       927-2.35294E-01-1.30104E-16 2.50000E-02
 -1       928-1.76471E-01-1.30104E-16-2.50000E-02
 -1       929-2.05882E-01-1.28370E-16-1.64799E-17
 -1       930-1.76471E-01 2.75000E-02-1.04339E-17
 -1       931-1.76471E-01-1.30104E-16 2.50000E-02
 -1       932-1.17647E-01-1.30104E-16-2.50000E-02
 -1       933-1.47059E-01-1.28370E-16-1.34441E-17
 -1       934-1.17647E-01 2.75000E-02-8.11238E-18
 -1       935-1.17647E-01-1.30104E-16 2.50000E-02
 -1       936-5.88235E-02-1.41380E-16-2.50000E-02
 -1       937-8.82353E-02-1.32706E-16-9.10730E-18
 -1       938-5.88235E-02 2.75000E-02-4.05619E-18
 -1       939-5.88235E-02-1.34441E-16 2.50000E-02
 -1       940 0.00000E+00-1.31839E-16-2.50000E-02
 -1       941-2.94118E-02-1.34441E-16-3.46945E-18
 -1       942 1.32169E-17 2.75000E-02-4.33681E-19
 -1       943 0.00000E+00-1.31839E-16 2.50000E-02
 -1       944 5.88235E-02-1.33574E-16-2.50000E-02
 -1       945 2.94118E-02-1.33574E-16-1.30104E-18
 -1       946 5.88235E-02 2.75000E-02 1.53064E-19
 -1       947 5.88235E-02-1.40513E-16 2.50000E-02
 -1       948 1.17647E-01-1.30104E-16-2.50000E-02
 -1       949 8.82353E-02-1.31839E-16-1.30104E-18
 -1       950 1.17647E-01 2.75000E-02 1.60717E-18
 -1       951 1.17647E-01-1.30104E-16 2.50000E-02
 -1       952 1.76471E-01-1.30104E-16-2.50000E-02
 -1       953 1.47059E-01-1.28370E-16 1.73472E-18
 -1       954 1.76471E-01 2.75000E-02 5.22968E-18
 -1       955 1.76471E-01-1.30104E-16 2.50000E-02
 -1       956 2.35294E-01-1.31839E-16-2.50000E-02
 -1       957 2.05882E-01-1.30104E-16 2.16840E-18
 -1       958 2.35294E-01 2.75000E-02 4.08170E-18
 -1       959 2.35294E-01-1.31839E-16 2.50000E-02
 -1       960 2.94118E-01-1.39645E-16-2.50000E-02
 -1       961 2.64706E-01-1.32706E-16 5.20417E-18
 -1       962 2.94118E-01 2.75000E-02 1.03063E-17
 -1       963 2.94118E-01-1.32706E-16 2.50000E-02
 -1       964 3.52941E-01-1.37043E-16-2.50000E-02
 -1       965 3.23529E-01-1.37911E-16 1.04083E-17
 -1       966 3.52941E-01 2.75000E-02 1.30614E-17
 -1       967 3.52941E-01-1.50921E-16 2.50000E-02
 -1       968 4.11765E-01-1.29237E-16-2.50000E-02
 -1       969 3.82353E-01-1.34441E-16 1.12757E-17
 -1       970 4.11765E-01 2.75000E-02 1.32145E-17
 -1       971 4.11765E-01-1.29237E-16 2.50000E-02
 -1       972 4.70588E-01-1.32706E-16-2.50000E-02
 -1       973 4.41176E-01-1.30104E-16 1.21431E-17
 -1       974 4.70588E-01 2.75000E-02 1.42349E-17
 -1       975 4.70588E-01-1.39645E-16 2.50000E-02
 -1       976 5.29412E-01-1.38778E-16-2.50000E-02
 -1       977 5.00000E-01-1.32706E-16 1.73472E-17
 -1       978 5.29412E-01 2.75000E-02 2.04595E-17
 -1       979 5.29412E-01-1.31839E-16 2.50000E-02
 -1       980 5.88235E-01-1.29237E-16-2.50000E-02
 -1       981 5.58824E-01-1.29237E-16 1.90820E-17
 -1       982 5.88235E-01 2.75000E-02 1.80105E-17
 -1       983 5.88235E-01-1.29237E-16 2.50000E-02
 -1       984 6.47059E-01-1.29237E-16-2.50000E-02
 -1       985 6.17647E-01-1.26635E-16 1.73472E-17
 -1       986 6.47059E-01 2.75000E-02 1.90309E-17
 -1       987 6.47059E-01-1.29237E-16 2.50000E-02
 -1       988 7.05882E-01-1.45717E-16-2.50000E-02
 -1       989 6.76471E-01-1.36176E-16 2.16840E-17
 -1       990 7.05882E-01 2.75000E-02 2.26534E-17
 -1       991 7.05882E-01-1.45717E-16 2.50000E-02
 -1       992 7.64706E-01-1.30104E-16-2.50000E-02
 -1       993 7.35294E-01-1.37043E-16 2.42861E-17
 -1       994 7.64706E-01 2.75000E-02 2.36739E-17
 -1       995 7.64706E-01-1.30104E-16 2.50000E-02
 -1       996 8.23529E-01-1.32706E-16-2.50000E-02
 -1       997 7.94118E-01-1.30972E-16 2.60209E-17
 -1       998 8.23529E-01 2.75000E-02 2.98985E-17
 -1       999 8.23529E-01-1.39645E-16 2.50000E-02
 -1      1000 8.82353E-01-1.34441E-16-2.50000E-02
 -1      1001 8.52941E-01-1.35308E-16 2.86229E-17
 -1      1002 8.82353E-01 2.75000E-02 3.00515E-17
 -1      1003 8.82353E-01-1.41380E-16 2.50000E-02
 -1      1004 9.41176E-01-1.29237E-16-2.50000E-02
 -1      1005 9.11765E-01-1.31839E-16 3.29597E-17
 -1      1006 9.41176E-01 2.75000E-02 3.45414E-17
 -1      1007 9.41176E-01-1.29237E-16 2.50000E-02
 -1      1008 9.70588E-01-1.25767E-16 3.90313E-17
 -1      1009-9.41176E-01-2.75000E-02-3.83903E-17
 -1      1010-8.82353E-01-2.75000E-02-3.42799E-17
 -1      1011-8.23529E-01-2.75000E-02-3.44521E-17
 -1      1012-7.64706E-01-2.75000E-02-3.21306E-17
 -1      1013-7.05882E-01-2.75000E-02-3.15439E-17
 -1      1014-6.47059E-01-2.75000E-02-2.70540E-17
 -1      1015-5.88235E-01-2.75000E-02-2.42989E-17
 -1      1016-5.29412E-01-2.75000E-02-2.24111E-17
 -1      1017-4.70588E-01-2.75000E-02-2.16075E-17
 -1      1018-4.11765E-01-2.75000E-02-1.77682E-17
 -1      1019-3.52941E-01-2.75000E-02-1.73983E-17
 -1      1020-2.94118E-01-2.75000E-02-9.87262E-18
 -1      1021-2.35294E-01-2.75000E-02-1.31890E-17
 -1      1022-1.76471E-01-2.75000E-02-1.04339E-17
 -1      1023-1.17647E-01-2.75000E-02-8.11238E-18
 -1      1024-5.88235E-02-2.75000E-02-4.05619E-18
 -1      1025 1.32169E-17-2.75000E-02-4.33681E-19
 -1      1026 5.88235E-02-2.75000E-02 1.53064E-19
 -1      1027 1.17647E-01-2.75000E-02 1.60717E-18
 -1      1028 1.76471E-01-2.75000E-02 5.22968E-18
 -1      1029 2.35294E-01-2.75000E-02 4.08170E-18
 -1      1030 2.94118E-01-2.75000E-02 1.03063E-17
 -1      1031 3.52941E-01-2.75000E-02 9.59200E-18
 -1      1032 4.11765E-01-2.75000E-02 1.32145E-17
 -1      1033 4.70588E-01-2.75000E-02 1.42349E-17
 -1      1034 5.29412E-01-2.75000E-02 2.04595E-17
 -1      1035 5.88235E-01-2.75000E-02 1.80105E-17
 -1      1036 6.47059E-01-2.75000E-02 2.25004E-17
 -1      1037 7.05882E-01-2.75000E-02 2.61229E-17
 -1      1038 7.64706E-01-2.75000E-02 2.71433E-17
 -1      1039 8.23529E-01-2.75000E-02 2.64290E-17
 -1      1040 8.82353E-01-2.75000E-02 3.00515E-17
 -1      1041 9.41176E-01-2.75000E-02 3.45414E-17
 -3
    3C                           136                                     1
 -1         1    4    0    1
 -2         1         9       301        82       298       572       843       577        10       335
 -2       334       115       300       575       876       677       573       877       878       611
 -1         2    4    0    1
 -2       298       572       843       577         8       225       471       260       573       877
 -2       878       611       299       574       879       610       226       538       536       294
 -1         3    4    0    1
 -2        82       301       302        83       577       843       844       578       334       337
 -2       336       116       677       876       880       678       878       881       882       613
 -1         4    4    0    1
 -2       577       843       844       578       260       471       470       259       878       881
 -2       882       613       610       879       883       612       536       537       534       293
 -1         5    4    0    1
 -2        83       302       303        84       578       844       845       579       336       339
 -2       338       117       678       880       884       679       882       885       886       615
 -1         6    4    0    1
 -2       578       844       845       579       259       470       469       258       882       885
 -2       886       615       612       883       887       614       534       535       532       292
 -1         7    4    0    1
 -2        84       303       304        85       579       845       846       580       338       341
 -2       340       118       679       884       888       680       886       889       890       617
 -1         8    4    0    1
 -2       579       845       846       580       258       469       468       257       886       889
 -2       890       617       614       887       891       616       532       533       530       291
 -1         9    4    0    1
 -2        85       304       305        86       580       846       847       581       340       343
 -2       342       119       680       888       892       681       890       893       894       619
 -1        10    4    0    1
 -2       580       846       847       581       257       468       467       256       890       893
 -2       894       619       616       891       895       618       530       531       528       290
 -1        11    4    0    1
 -2        86       305       306        87       581       847       848       582       342       345
 -2       344       120       681       892       896       682       894       897       898       621
 -1        12    4    0    1
 -2       581       847       848       582       256       467       466       255       894       897
 -2       898       621       618       895       899       620       528       529       526       289
 -1        13    4    0    1
 -2        87       306       307        88       582       848       849       583       344       347
 -2       346       121       682       896       900       683       898       901       902       623
 -1        14    4    0    1
 -2       582       848       849       583       255       466       465       254       898       901
 -2       902       623       620       899       903       622       526       527       524       288
 -1        15    4    0    1
 -2        88       307       308        89       583       849       850       584       346       349
 -2       348       122       683       900       904       684       902       905       906       625
 -1        16    4    0    1
 -2       583       849       850       584       254       465       464       253       902       905
 -2       906       625       622       903       907       624       524       525       522       287
 -1        17    4    0    1
 -2        89       308       309        90       584       850       851       585       348       351
 -2       350       123       684       904       908       685       906       909       910       627
 -1        18    4    0    1
 -2       584       850       851       585       253       464       463       252       906       909
 -2       910       627       624       907       911       626       522       523       520       286
 -1        19    4    0    1
 -2        90       309       310        91       585       851       852       586       350       353
 -2       352       124       685       908       912       686       910       913       914       629
 -1        20    4    0    1
 -2       585       851       852       586       252       463       462       251       910       913
 -2       914       629       626       911       915       628       520       521       518       285
 -1        21    4    0    1
 -2        91       310       311        92       586       852       853       587       352       355
 -2       354       125       686       912       916       687       914       917       918       631
 -1        22    4    0    1
 -2       586       852       853       587       251       462       461       250       914       917
 -2       918       631       628       915       919       630       518       519       516       284
 -1        23    4    0    1
 -2        92       311       312        93       587       853       854       588       354       357
 -2       356       126       687       916       920       688       918       921       922       633
 -1        24    4    0    1
 -2       587       853       854       588       250       461       460       249       918       921
 -2       922       633       630       919       923       632       516       517       514       283
 -1        25    4    0    1
 -2        93       312       313        94       588       854       855       589       356       359
 -2       358       127       688       920       924       689       922       925       926       635
 -1        26    4    0    1
 -2       588       854       855       589       249       460       459       248       922       925
 -2       926       635       632       923       927       634       514       515       512       282
 -1        27    4    0    1
 -2        94       313       314        95       589       855       856       590       358       361
 -2       360       128       689       924       928       690       926       929       930       637
 -1        28    4    0    1
 -2       589       855       856       590       248       459       458       247       926       929
 -2       930       637       634       927       931       636       512       513       510       281
 -1        29    4    0    1
 -2        95       314       315        96       590       856       857       591       360       363
 -2       362       129       690       928       932       691       930       933       934       639
 -1        30    4    0    1
 -2       590       856       857       591       247       458       457       246       930       933
 -2       934       639       636       931       935       638       510       511       508       280
 -1        31    4    0    1
 -2        96       315       316        97       591       857       858       592       362       365
 -2       364       130       691       932       936       692       934       937       938       641
 -1        32    4    0    1
 -2       591       857       858       592       246       457       456       245       934       937
 -2       938       641       638       935       939       640       508       509       506       279
 -1        33    4    0    1
 -2        97       316       317        98       592       858       859       593       364       367
 -2       366       131       692       936       940       693       938       941       942       643
 -1        34    4    0    1
 -2       592       858       859       593       245       456       455       244       938       941
 -2       942       643       640       939       943       642       506       507       504       278
 -1        35    4    0    1
 -2        98       317       318        99       593       859       860       594       366       369
 -2       368       132       693       940       944       694       942       945       946       645
 -1        36    4    0    1
 -2       593       859       860       594       244       455       454       243       942       945
 -2       946       645       642       943       947       644       504       505       502       277
 -1        37    4    0    1
 -2        99       318       319       100       594       860       861       595       368       371
 -2       370       133       694       944       948       695       946       949       950       647
 -1        38    4    0    1
 -2       594       860       861       595       243       454       453       242       946       949
 -2       950       647       644       947       951       646       502       503       500       276
 -1        39    4    0    1
 -2       100       319       320       101       595       861       862       596       370       373
 -2       372       134       695       948       952       696       950       953       954       649
 -1        40    4    0    1
 -2       595       861       862       596       242       453       452       241       950       953
 -2       954       649       646       951       955       648       500       501       498       275
 -1        41    4    0    1
 -2       101       320       321       102       596       862       863       597       372       375
 -2       374       135       696       952       956       697       954       957       958       651
 -1        42    4    0    1
 -2       596       862       863       597       241       452       451       240       954       957
 -2       958       651       648       955       959       650       498       499       496       274
 -1        43    4    0    1
 -2       102       321       322       103       597       863       864       598       374       377
 -2       376       136       697       956       960       698       958       961       962       653
 -1        44    4    0    1
 -2       597       863       864       598       240       451       450       239       958       961
 -2       962       653       650       959       963       652       496       497       494       273
 -1        45    4    0    1
 -2       103       322       323       104       598       864       865       599       376       379
 -2       378       137       698       960       964       699       962       965       966       655
 -1        46    4    0    1
 -2       598       864       865       599       239       450       449       238       962       965
 -2       966       655       652       963       967       654       494       495       492       272
 -1        47    4    0    1
 -2       104       323       324       105       599       865       866       600       378       381
 -2       380       138       699       964       968       700       966       969       970       657
 -1        48    4    0    1
 -2       599       865       866       600       238       449       448       237       966       969
 -2       970       657       654       967       971       656       492       493       490       271
 -1        49    4    0    1
 -2       105       324       325       106       600       866       867       601       380       383
 -2       382       139       700       968       972       701       970       973       974       659
 -1        50    4    0    1
 -2       600       866       867       601       237       448       447       236       970       973
 -2       974       659       656       971       975       658       490       491       488       270
 -1        51    4    0    1
 -2       106       325       326       107       601       867       868       602       382       385
 -2       384       140       701       972       976       702       974       977       978       661
 -1        52    4    0    1
 -2       601       867       868       602       236       447       446       235       974       977
 -2       978       661       658       975       979       660       488       489       486       269
 -1        53    4    0    1
 -2       107       326       327       108       602       868       869       603       384       387
 -2       386       141       702       976       980       703       978       981       982       663
 -1        54    4    0    1
 -2       602       868       869       603       235       446       445       234       978       981
 -2       982       663       660       979       983       662       486       487       484       268
 -1        55    4    0    1
 -2       108       327       328       109       603       869       870       604       386       389
 -2       388       142       703       980       984       704       982       985       986       665
 -1        56    4    0    1
 -2       603       869       870       604       234       445       444       233       982       985
 -2       986       665       662       983       987       664       484       485       482       267
 -1        57    4    0    1
 -2       109       328       329       110       604       870       871       605       388       391
 -2       390       143       704       984       988       705       986       989       990       667
 -1        58    4    0    1
 -2       604       870       871       605       233       444       443       232       986       989
 -2       990       667       664       987       991       666       482       483       480       266
 -1        59    4    0    1
 -2       110       329       330       111       605       871       872       606       390       393
 -2       392       144       705       988       992       706       990       993       994       669
 -1        60    4    0    1
 -2       605       871       872       606       232       443       442       231       990       993
 -2       994       669       666       991       995       668       480       481       478       265
 -1        61    4    0    1
 -2       111       330       331       112       606       872       873       607       392       395
 -2       394       145       706       992       996       707       994       997       998       671
 -1        62    4    0    1
 -2       606       872       873       607       231       442       441       230       994       997
 -2       998       671       668       995       999       670       478       479       476       264
 -1        63    4    0    1
 -2       112       331       332       113       607       873       874       608       394       397
 -2       396       146       707       996      1000       708       998      1001      1002       673
 -1        64    4    0    1
 -2       607       873       874       608       230       441       440       229       998      1001
 -2      1002       673       670       999      1003       672       476       477       474       263
 -1        65    4    0    1
 -2       113       332       333       114       608       874       875       609       396       399
 -2       398       147       708      1000      1004       709      1002      1005      1006       675
 -1        66    4    0    1
 -2       608       874       875       609       229       440       439       228      1002      1005
 -2      1006       675       672      1003      1007       674       474       475       472       262
 -1        67    4    0    1
 -2       114       333        79         4       609       875       434       155       398       400
 -2        80       148       709      1004       436       156      1006      1008       435       676
 -1        68    4    0    1
 -2       609       875       434       155       228       439       152         6      1006      1008
 -2       435       676       674      1007       437       157       472       473       153       261
 -1        69    4    0    1
 -2         9         2        12       301       572       295       710       843        11        45
 -2       401       335       575       297       810       876       576       743      1009       877
 -1        70    4    0    1
 -2       572       295       710       843       225         7       190       471       576       743
 -2      1009       877       574       296       744       879       227       224       571       538
 -1        71    4    0    1
 -2       301        12        13       302       843       710       711       844       401        46
 -2       402       337       876       810       811       880      1009       745      1010       881
 -1        72    4    0    1
 -2       843       710       711       844       471       190       189       470      1009       745
 -2      1010       881       879       744       746       883       571       223       570       537
 -1        73    4    0    1
 -2       302        13        14       303       844       711       712       845       402        47
 -2       403       339       880       811       812       884      1010       747      1011       885
 -1        74    4    0    1
 -2       844       711       712       845       470       189       188       469      1010       747
 -2      1011       885       883       746       748       887       570       222       569       535
 -1        75    4    0    1
 -2       303        14        15       304       845       712       713       846       403        48
 -2       404       341       884       812       813       888      1011       749      1012       889
 -1        76    4    0    1
 -2       845       712       713       846       469       188       187       468      1011       749
 -2      1012       889       887       748       750       891       569       221       568       533
 -1        77    4    0    1
 -2       304        15        16       305       846       713       714       847       404        49
 -2       405       343       888       813       814       892      1012       751      1013       893
 -1        78    4    0    1
 -2       846       713       714       847       468       187       186       467      1012       751
 -2      1013       893       891       750       752       895       568       220       567       531
 -1        79    4    0    1
 -2       305        16        17       306       847       714       715       848       405        50
 -2       406       345       892       814       815       896      1013       753      1014       897
 -1        80    4    0    1
 -2       847       714       715       848       467       186       185       466      1013       753
 -2      1014       897       895       752       754       899       567       219       566       529
 -1        81    4    0    1
 -2       306        17        18       307       848       715       716       849       406        51
 -2       407       347       896       815       816       900      1014       755      1015       901
 -1        82    4    0    1
 -2       848       715       716       849       466       185       184       465      1014       755
 -2      1015       901       899       754       756       903       566       218       565       527
 -1        83    4    0    1
 -2       307        18        19       308       849       716       717       850       407        52
 -2       408       349       900       816       817       904      1015       757      1016       905
 -1        84    4    0    1
 -2       849       716       717       850       465       184       183       464      1015       757
 -2      1016       905       903       756       758       907       565       217       564       525
 -1        85    4    0    1
 -2       308        19        20       309       850       717       718       851       408        53
 -2       409       351       904       817       818       908      1016       759      1017       909
 -1        86    4    0    1
 -2       850       717       718       851       464       183       182       463      1016       759
 -2      1017       909       907       758       760       911       564       216       563       523
 -1        87    4    0    1
 -2       309        20        21       310       851       718       719       852       409        54
 -2       410       353       908       818       819       912      1017       761      1018       913
 -1        88    4    0    1
 -2       851       718       719       852       463       182       181       462      1017       761
 -2      1018       913       911       760       762       915       563       215       562       521
 -1        89    4    0    1
 -2       310        21        22       311       852       719       720       853       410        55
 -2       411       355       912       819       820       916      1018       763      1019       917
 -1        90    4    0    1
 -2       852       719       720       853       462       181       180       461      1018       763
 -2      1019       917       915       762       764       919       562       214       561       519
 -1        91    4    0    1
 -2       311        22        23       312       853       720       721       854       411        56
 -2       412       357       916       820       821       920      1019       765      1020       921
 -1        92    4    0    1
 -2       853       720       721       854       461       180       179       460      1019       765
 -2      1020       921       919       764       766       923       561       213       560       517
 -1        93    4    0    1
 -2       312        23        24       313       854       721       722       855       412        57
 -2       413       359       920       821       822       924      1020       767      1021       925
 -1        94    4    0    1
 -2       854       721       722       855       460       179       178       459      1020       767
 -2      1021       925       923       766       768       927       560       212       559       515
 -1        95    4    0    1
 -2       313        24        25       314       855       722       723       856       413        58
 -2       414       361       924       822       823       928      1021       769      1022       929
 -1        96    4    0    1
 -2       855       722       723       856       459       178       177       458      1021       769
 -2      1022       929       927       768       770       931       559       211       558       513
 -1        97    4    0    1
 -2       314        25        26       315       856       723       724       857       414        59
 -2       415       363       928       823       824       932      1022       771      1023       933
 -1        98    4    0    1
 -2       856       723       724       857       458       177       176       457      1022       771
 -2      1023       933       931       770       772       935       558       210       557       511
 -1        99    4    0    1
 -2       315        26        27       316       857       724       725       858       415        60
 -2       416       365       932       824       825       936      1023       773      1024       937
 -1       100    4    0    1
 -2       857       724       725       858       457       176       175       456      1023       773
 -2      1024       937       935       772       774       939       557       209       556       509
 -1       101    4    0    1
 -2       316        27        28       317       858       725       726       859       416        61
 -2       417       367       936       825       826       940      1024       775      1025       941
 -1       102    4    0    1
 -2       858       725       726       859       456       175       174       455      1024       775
 -2      1025       941       939       774       776       943       556       208       555       507
 -1       103    4    0    1
 -2       317        28        29       318       859       726       727       860       417        62
 -2       418       369       940       826       827       944      1025       777      1026       945
 -1       104    4    0    1
 -2       859       726       727       860       455       174       173       454      1025       777
 -2      1026       945       943       776       778       947       555       207       554       505
 -1       105    4    0    1
 -2       318        29        30       319       860       727       728       861       418        63
 -2       419       371       944       827       828       948      1026       779      1027       949
 -1       106    4    0    1
 -2       860       727       728       861       454       173       172       453      1026       779
 -2      1027       949       947       778       780       951       554       206       553       503
 -1       107    4    0    1
 -2       319        30        31       320       861       728       729       862       419        64
 -2       420       373       948       828       829       952      1027       781      1028       953
 -1       108    4    0    1
 -2       861       728       729       862       453       172       171       452      1027       781
 -2      1028       953       951       780       782       955       553       205       552       501
 -1       109    4    0    1
 -2       320        31        32       321       862       729       730       863       420        65
 -2       421       375       952       829       830       956      1028       783      1029       957
 -1       110    4    0    1
 -2       862       729       730       863       452       171       170       451      1028       783
 -2      1029       957       955       782       784       959       552       204       551       499
 -1       111    4    0    1
 -2       321        32        33       322       863       730       731       864       421        66
 -2       422       377       956       830       831       960      1029       785      1030       961
 -1       112    4    0    1
 -2       863       730       731       864       451       170       169       450      1029       785
 -2      1030       961       959       784       786       963       551       203       550       497
 -1       113    4    0    1
 -2       322        33        34       323       864       731       732       865       422        67
 -2       423       379       960       831       832       964      1030       787      1031       965
 -1       114    4    0    1
 -2       864       731       732       865       450       169       168       449      1030       787
 -2      1031       965       963       786       788       967       550       202       549       495
 -1       115    4    0    1
 -2       323        34        35       324       865       732       733       866       423        68
 -2       424       381       964       832       833       968      1031       789      1032       969
 -1       116    4    0    1
 -2       865       732       733       866       449       168       167       448      1031       789
 -2      1032       969       967       788       790       971       549       201       548       493
 -1       117    4    0    1
 -2       324        35        36       325       866       733       734       867       424        69
 -2       425       383       968       833       834       972      1032       791      1033       973
 -1       118    4    0    1
 -2       866       733       734       867       448       167       166       447      1032       791
 -2      1033       973       971       790       792       975       548       200       547       491
 -1       119    4    0    1
 -2       325        36        37       326       867       734       735       868       425        70
 -2       426       385       972       834       835       976      1033       793      1034       977
 -1       120    4    0    1
 -2       867       734       735       868       447       166       165       446      1033       793
 -2      1034       977       975       792       794       979       547       199       546       489
 -1       121    4    0    1
 -2       326        37        38       327       868       735       736       869       426        71
 -2       427       387       976       835       836       980      1034       795      1035       981
 -1       122    4    0    1
 -2       868       735       736       869       446       165       164       445      1034       795
 -2      1035       981       979       794       796       983       546       198       545       487
 -1       123    4    0    1
 -2       327        38        39       328       869       736       737       870       427        72
 -2       428       389       980       836       837       984      1035       797      1036       985
 -1       124    4    0    1
 -2       869       736       737       870       445       164       163       444      1035       797
 -2      1036       985       983       796       798       987       545       197       544       485
 -1       125    4    0    1
 -2       328        39        40       329       870       737       738       871       428        73
 -2       429       391       984       837       838       988      1036       799      1037       989
 -1       126    4    0    1
 -2       870       737       738       871       444       163       162       443      1036       799
 -2      1037       989       987       798       800       991       544       196       543       483
 -1       127    4    0    1
 -2       329        40        41       330       871       738       739       872       429        74
 -2       430       393       988       838       839       992      1037       801      1038       993
 -1       128    4    0    1
 -2       871       738       739       872       443       162       161       442      1037       801
 -2      1038       993       991       800       802       995       543       195       542       481
 -1       129    4    0    1
 -2       330        41        42       331       872       739       740       873       430        75
 -2       431       395       992       839       840       996      1038       803      1039       997
 -1       130    4    0    1
 -2       872       739       740       873       442       161       160       441      1038       803
 -2      1039       997       995       802       804       999       542       194       541       479
 -1       131    4    0    1
 -2       331        42        43       332       873       740       741       874       431        76
 -2       432       397       996       840       841      1000      1039       805      1040      1001
 -1       132    4    0    1
 -2       873       740       741       874       441       160       159       440      1039       805
 -2      1040      1001       999       804       806      1003       541       193       540       477
 -1       133    4    0    1
 -2       332        43        44       333       874       741       742       875       432        77
 -2       433       399      1000       841       842      1004      1040       807      1041      1005
 -1       134    4    0    1
 -2       874       741       742       875       440       159       158       439      1040       807
 -2      1041      1005      1003       806       808      1007       540       192       539       475
 -1       135    4    0    1
 -2       333        44         3        79       875       742       149       434       433        78
 -2        81       400      1004       842       150       436      1041       809       438      1008
 -1       136    4    0    1
 -2       875       742       149       434       439       158         5       152      1041       809
 -2       438      1008      1007       808       151       437       539       191       154       473
 -3
    1PSTEP                         1           1           1          
  100CL  101 1.000000000        1041                     0    1           1
 -4  DISP        4    1
 -5  D1          1    2    1    0
 -5  D2          1    2    2    0
 -5  D3          1    2    3    0
 -5  ALL         1    2    0    0    1ALL
 -1         1 0.00000E+00 0.00000E+00 0.00000E+00
 -1         2 0.00000E+00 0.00000E+00 0.00000E+00
 -1         3-4.73671E-05-1.14195E-03-8.25992E-06
 -1         4 4.67999E-05-1.14195E-03-8.27368E-06
 -1         5-4.67996E-05-1.14194E-03-8.25960E-06
 -1         6 4.73673E-05-1.14194E-03-8.27405E-06
 -1         7 0.00000E+00 0.00000E+00 0.00000E+00
 -1         8 0.00000E+00 0.00000E+00 0.00000E+00
 -1         9 0.00000E+00 0.00000E+00 0.00000E+00
 -1        10 0.00000E+00 0.00000E+00 0.00000E+00
 -1        11 0.00000E+00 0.00000E+00 0.00000E+00
 -1        12-2.63441E-06-1.46375E-06-6.21362E-07
 -1        13-5.29369E-06-5.72104E-06-6.69891E-07
 -1        14-7.87986E-06-1.27913E-05-7.08072E-07
 -1        15-1.03916E-05-2.25627E-05-7.69921E-07
 -1        16-1.28189E-05-3.49575E-05-8.52348E-07
 -1        17-1.51642E-05-4.98859E-05-9.55085E-07
 -1        18-1.74268E-05-6.72610E-05-1.07695E-06
 -1        19-1.96069E-05-8.69954E-05-1.21695E-06
 -1        20-2.17045E-05-1.09002E-04-1.37416E-06
 -1        21-2.37195E-05-1.33192E-04-1.54752E-06
 -1        22-2.56519E-05-1.59480E-04-1.73605E-06
 -1        23-2.75018E-05-1.87778E-04-1.93872E-06
 -1        24-2.92693E-05-2.17998E-04-2.15464E-06
 -1        25-3.09542E-05-2.50054E-04-2.38282E-06
 -1        26-3.25566E-05-2.83856E-04-2.62236E-06
 -1        27-3.40765E-05-3.19319E-04-2.87224E-06
 -1        28-3.55140E-05-3.56355E-04-3.13162E-06
 -1        29-3.68690E-05-3.94877E-04-3.39954E-06
 -1        30-3.81416E-05-4.34796E-04-3.67517E-06
 -1        31-3.93318E-05-4.76027E-04-3.95768E-06
 -1        32-4.04395E-05-5.18480E-04-4.24627E-06
 -1        33-4.14650E-05-5.62070E-04-4.54015E-06
 -1        34-4.24082E-05-6.06708E-04-4.83855E-06
 -1        35-4.32691E-05-6.52307E-04-5.14083E-06
 -1        36-4.40477E-05-6.98780E-04-5.44628E-06
 -1        37-4.47442E-05-7.46040E-04-5.75436E-06
 -1        38-4.53585E-05-7.93999E-04-6.06452E-06
 -1        39-4.58908E-05-8.42569E-04-6.37622E-06
 -1        40-4.63410E-05-8.91664E-04-6.68907E-06
 -1        41-4.67092E-05-9.41195E-04-7.00270E-06
 -1        42-4.69954E-05-9.91077E-04-7.31675E-06
 -1        43-4.71998E-05-1.04122E-03-7.63105E-06
 -1        44-4.73226E-05-1.09154E-03-7.94570E-06
 -1        45-1.28997E-06-4.57691E-07-5.27740E-07
 -1        46-3.97470E-06-3.24041E-06-6.54726E-07
 -1        47-6.59428E-06-8.91374E-06-6.86260E-07
 -1        48-9.14634E-06-1.73436E-05-7.36245E-07
 -1        49-1.16153E-05-2.84380E-05-8.08576E-07
 -1        50-1.40017E-05-4.21104E-05-9.01258E-07
 -1        51-1.63056E-05-5.82731E-05-1.01369E-06
 -1        52-1.85270E-05-7.68387E-05-1.14474E-06
 -1        53-2.06658E-05-9.77200E-05-1.29347E-06
 -1        54-2.27221E-05-1.20829E-04-1.45888E-06
 -1        55-2.46958E-05-1.46080E-04-1.63995E-06
 -1        56-2.65870E-05-1.73384E-04-1.83567E-06
 -1        57-2.83957E-05-2.02653E-04-2.04509E-06
 -1        58-3.01219E-05-2.33802E-04-2.26726E-06
 -1        59-3.17655E-05-2.66742E-04-2.50123E-06
 -1        60-3.33267E-05-3.01386E-04-2.74606E-06
 -1        61-3.48054E-05-3.37646E-04-3.00080E-06
 -1        62-3.62016E-05-3.75436E-04-3.26456E-06
 -1        63-3.75154E-05-4.14667E-04-3.53644E-06
 -1        64-3.87468E-05-4.55253E-04-3.81561E-06
 -1        65-3.98958E-05-4.97106E-04-4.10126E-06
 -1        66-4.09624E-05-5.40138E-04-4.39260E-06
 -1        67-4.19467E-05-5.84263E-04-4.68883E-06
 -1        68-4.28487E-05-6.29393E-04-4.98925E-06
 -1        69-4.36685E-05-6.75440E-04-5.29320E-06
 -1        70-4.44060E-05-7.22317E-04-5.60003E-06
 -1        71-4.50614E-05-7.69938E-04-5.90921E-06
 -1        72-4.56347E-05-8.18213E-04-6.22020E-06
 -1        73-4.61259E-05-8.67056E-04-6.53253E-06
 -1        74-4.65351E-05-9.16380E-04-6.84581E-06
 -1        75-4.68624E-05-9.66098E-04-7.15968E-06
 -1        76-4.71077E-05-1.01612E-03-7.47389E-06
 -1        77-4.72712E-05-1.06636E-03-7.78829E-06
 -1        78-4.73538E-05-1.11673E-03-8.10366E-06
 -1        79-2.83607E-07-1.14194E-03-8.26682E-06
 -1        80 2.32435E-05-1.14194E-03-8.27222E-06
 -1        81-2.38107E-05-1.14194E-03-8.26141E-06
 -1        82 2.59443E-06-1.45375E-06 5.97880E-07
 -1        83 5.21376E-06-5.71074E-06 5.74976E-07
 -1        84 7.76158E-06-1.27815E-05 4.94978E-07
 -1        85 1.02365E-05-2.25533E-05 3.94491E-07
 -1        86 1.26287E-05-3.49486E-05 2.72273E-07
 -1        87 1.49406E-05-4.98773E-05 1.30045E-07
 -1        88 1.71716E-05-6.72529E-05-3.13639E-08
 -1        89 1.93217E-05-8.69877E-05-2.10896E-07
 -1        90 2.13909E-05-1.08994E-04-4.07534E-07
 -1        91 2.33793E-05-1.33186E-04-6.20316E-07
 -1        92 2.52868E-05-1.59474E-04-8.48311E-07
 -1        93 2.71135E-05-1.87772E-04-1.09048E-06
 -1        94 2.88592E-05-2.17993E-04-1.34584E-06
 -1        95 3.05241E-05-2.50048E-04-1.61348E-06
 -1        96 3.21081E-05-2.83852E-04-1.89237E-06
 -1        97 3.36111E-05-3.19315E-04-2.18164E-06
 -1        98 3.50332E-05-3.56351E-04-2.48034E-06
 -1        99 3.63745E-05-3.94873E-04-2.78764E-06
 -1       100 3.76346E-05-4.34793E-04-3.10263E-06
 -1       101 3.88138E-05-4.76024E-04-3.42443E-06
 -1       102 3.99119E-05-5.18478E-04-3.75228E-06
 -1       103 4.09291E-05-5.62068E-04-4.08538E-06
 -1       104 4.18650E-05-6.06706E-04-4.42301E-06
 -1       105 4.27199E-05-6.52306E-04-4.76450E-06
 -1       106 4.34936E-05-6.98779E-04-5.10915E-06
 -1       107 4.41861E-05-7.46039E-04-5.45638E-06
 -1       108 4.47973E-05-7.93998E-04-5.80564E-06
 -1       109 4.53272E-05-8.42569E-04-6.15643E-06
 -1       110 4.57758E-05-8.91664E-04-6.50834E-06
 -1       111 4.61429E-05-9.41195E-04-6.86096E-06
 -1       112 4.64286E-05-9.91076E-04-7.21403E-06
 -1       113 4.66327E-05-1.04122E-03-7.56728E-06
 -1       114 4.67554E-05-1.09154E-03-7.92032E-06
 -1       115 1.27041E-06-4.49406E-07 5.20846E-07
 -1       116 3.91453E-06-3.23001E-06 6.01440E-07
 -1       117 6.49500E-06-8.90366E-06 5.37895E-07
 -1       118 9.00943E-06-1.73340E-05 4.47406E-07
 -1       119 1.14425E-05-2.84288E-05 3.35981E-07
 -1       120 1.37947E-05-4.21016E-05 2.03613E-07
 -1       121 1.60660E-05-5.82648E-05 5.16704E-08
 -1       122 1.82566E-05-7.68309E-05-1.18927E-07
 -1       123 2.03662E-05-9.77126E-05-3.07135E-07
 -1       124 2.23950E-05-1.20822E-04-5.11965E-07
 -1       125 2.43430E-05-1.46073E-04-7.32479E-07
 -1       126 2.62101E-05-1.73377E-04-9.67686E-07
 -1       127 2.79963E-05-2.02648E-04-1.21657E-06
 -1       128 2.97016E-05-2.33797E-04-1.47819E-06
 -1       129 3.13260E-05-2.66737E-04-1.75158E-06
 -1       130 3.28695E-05-3.01381E-04-2.03576E-06
 -1       131 3.43321E-05-3.37642E-04-2.32986E-06
 -1       132 3.57138E-05-3.75432E-04-2.63298E-06
 -1       133 3.70145E-05-4.14664E-04-2.94423E-06
 -1       134 3.82342E-05-4.55250E-04-3.26273E-06
 -1       135 3.93728E-05-4.97103E-04-3.58765E-06
 -1       136 4.04305E-05-5.40136E-04-3.91822E-06
 -1       137 4.14070E-05-5.84261E-04-4.25366E-06
 -1       138 4.23025E-05-6.29391E-04-4.59331E-06
 -1       139 4.31168E-05-6.75439E-04-4.93647E-06
 -1       140 4.38499E-05-7.22316E-04-5.28248E-06
 -1       141 4.45017E-05-7.69937E-04-5.63080E-06
 -1       142 4.50723E-05-8.18212E-04-5.98088E-06
 -1       143 4.55615E-05-8.67056E-04-6.33228E-06
 -1       144 4.59694E-05-9.16380E-04-6.68457E-06
 -1       145 4.62958E-05-9.66098E-04-7.03746E-06
 -1       146 4.65407E-05-1.01612E-03-7.39064E-06
 -1       147 4.67040E-05-1.06636E-03-7.74389E-06
 -1       148 4.67866E-05-1.11673E-03-8.09615E-06
 -1       149-4.70899E-05-1.14195E-03-8.25976E-06
 -1       150-4.72309E-05-1.14195E-03-8.26035E-06
 -1       151-4.69472E-05-1.14194E-03-8.25916E-06
 -1       152 2.83867E-07-1.14192E-03-8.26683E-06
 -1       153 2.38110E-05-1.14193E-03-8.26846E-06
 -1       154-2.32433E-05-1.14193E-03-8.26519E-06
 -1       155 4.70901E-05-1.14195E-03-8.27386E-06
 -1       156 4.69474E-05-1.14195E-03-8.27326E-06
 -1       157 4.72311E-05-1.14194E-03-8.27447E-06
 -1       158-4.67552E-05-1.09153E-03-7.90622E-06
 -1       159-4.66325E-05-1.04121E-03-7.55323E-06
 -1       160-4.64284E-05-9.91064E-04-7.20007E-06
 -1       161-4.61427E-05-9.41183E-04-6.84711E-06
 -1       162-4.57756E-05-8.91651E-04-6.49461E-06
 -1       163-4.53270E-05-8.42556E-04-6.14287E-06
 -1       164-4.47971E-05-7.93986E-04-5.79227E-06
 -1       165-4.41859E-05-7.46027E-04-5.44324E-06
 -1       166-4.34934E-05-6.98768E-04-5.09628E-06
 -1       167-4.27197E-05-6.52294E-04-4.75191E-06
 -1       168-4.18649E-05-6.06695E-04-4.41075E-06
 -1       169-4.09289E-05-5.62057E-04-4.07345E-06
 -1       170-3.99118E-05-5.18467E-04-3.74069E-06
 -1       171-3.88136E-05-4.76014E-04-3.41320E-06
 -1       172-3.76345E-05-4.34783E-04-3.09182E-06
 -1       173-3.63743E-05-3.94864E-04-2.77731E-06
 -1       174-3.50331E-05-3.56342E-04-2.47049E-06
 -1       175-3.36110E-05-3.19307E-04-2.17222E-06
 -1       176-3.21079E-05-2.83844E-04-1.88342E-06
 -1       177-3.05240E-05-2.50041E-04-1.60503E-06
 -1       178-2.88591E-05-2.17986E-04-1.33793E-06
 -1       179-2.71134E-05-1.87766E-04-1.08316E-06
 -1       180-2.52867E-05-1.59468E-04-8.41562E-07
 -1       181-2.33792E-05-1.33180E-04-6.14171E-07
 -1       182-2.13908E-05-1.08989E-04-4.01900E-07
 -1       183-1.93216E-05-8.69831E-05-2.05833E-07
 -1       184-1.71715E-05-6.72489E-05-2.69062E-08
 -1       185-1.49406E-05-4.98739E-05 1.33821E-07
 -1       186-1.26287E-05-3.49457E-05 2.75379E-07
 -1       187-1.02365E-05-2.25510E-05 3.96977E-07
 -1       188-7.76158E-06-1.27798E-05 4.96880E-07
 -1       189-5.21378E-06-5.70956E-06 5.76267E-07
 -1       190-2.59443E-06-1.45316E-06 5.98520E-07
 -1       191-4.67864E-05-1.11672E-03-8.08207E-06
 -1       192-4.67038E-05-1.06635E-03-7.72981E-06
 -1       193-4.65404E-05-1.01611E-03-7.37664E-06
 -1       194-4.62956E-05-9.66085E-04-7.02355E-06
 -1       195-4.59691E-05-9.16368E-04-6.67078E-06
 -1       196-4.55613E-05-8.67044E-04-6.31864E-06
 -1       197-4.50720E-05-8.18200E-04-5.96742E-06
 -1       198-4.45015E-05-7.69925E-04-5.61754E-06
 -1       199-4.38496E-05-7.22305E-04-5.26947E-06
 -1       200-4.31165E-05-6.75427E-04-4.92373E-06
 -1       201-4.23023E-05-6.29380E-04-4.58089E-06
 -1       202-4.14068E-05-5.84250E-04-4.24158E-06
 -1       203-4.04303E-05-5.40126E-04-3.90645E-06
 -1       204-3.93726E-05-4.97093E-04-3.57624E-06
 -1       205-3.82340E-05-4.55240E-04-3.25169E-06
 -1       206-3.70143E-05-4.14654E-04-2.93365E-06
 -1       207-3.57136E-05-3.75423E-04-2.62288E-06
 -1       208-3.43320E-05-3.37633E-04-2.32024E-06
 -1       209-3.28694E-05-3.01373E-04-2.02659E-06
 -1       210-3.13259E-05-2.66729E-04-1.74287E-06
 -1       211-2.97015E-05-2.33789E-04-1.47001E-06
 -1       212-2.79962E-05-2.02641E-04-1.20894E-06
 -1       213-2.62100E-05-1.73371E-04-9.60646E-07
 -1       214-2.43429E-05-1.46067E-04-7.26035E-07
 -1       215-2.23950E-05-1.20817E-04-5.06082E-07
 -1       216-2.03662E-05-9.77077E-05-3.01781E-07
 -1       217-1.82565E-05-7.68265E-05-1.14168E-07
 -1       218-1.60660E-05-5.82610E-05 5.57986E-08
 -1       219-1.37946E-05-4.20985E-05 2.07051E-07
 -1       220-1.14425E-05-2.84262E-05 3.38775E-07
 -1       221-9.00944E-06-1.73320E-05 4.49596E-07
 -1       222-6.49501E-06-8.90220E-06 5.39495E-07
 -1       223-3.91454E-06-3.22912E-06 6.02413E-07
 -1       224-1.27041E-06-4.49128E-07 5.21148E-07
 -1       225 0.00000E+00 0.00000E+00 0.00000E+00
 -1       226 0.00000E+00 0.00000E+00 0.00000E+00
 -1       227 0.00000E+00 0.00000E+00 0.00000E+00
 -1       228 4.73229E-05-1.09153E-03-7.95976E-06
 -1       229 4.72001E-05-1.04121E-03-7.64508E-06
 -1       230 4.69957E-05-9.91064E-04-7.33072E-06
 -1       231 4.67094E-05-9.41183E-04-7.01652E-06
 -1       232 4.63412E-05-8.91651E-04-6.70279E-06
 -1       233 4.58910E-05-8.42557E-04-6.38978E-06
 -1       234 4.53588E-05-7.93987E-04-6.07787E-06
 -1       235 4.47444E-05-7.46028E-04-5.76751E-06
 -1       236 4.40480E-05-6.98769E-04-5.45917E-06
 -1       237 4.32693E-05-6.52296E-04-5.15340E-06
 -1       238 4.24084E-05-6.06697E-04-4.85081E-06
 -1       239 4.14652E-05-5.62059E-04-4.55206E-06
 -1       240 4.04398E-05-5.18470E-04-4.25786E-06
 -1       241 3.93320E-05-4.76016E-04-3.96890E-06
 -1       242 3.81418E-05-4.34786E-04-3.68597E-06
 -1       243 3.68692E-05-3.94867E-04-3.40988E-06
 -1       244 3.55142E-05-3.56346E-04-3.14148E-06
 -1       245 3.40767E-05-3.19311E-04-2.88164E-06
 -1       246 3.25568E-05-2.83848E-04-2.63129E-06
 -1       247 3.09544E-05-2.50046E-04-2.39128E-06
 -1       248 2.92695E-05-2.17991E-04-2.16257E-06
 -1       249 2.75020E-05-1.87772E-04-1.94606E-06
 -1       250 2.56521E-05-1.59474E-04-1.74279E-06
 -1       251 2.37196E-05-1.33187E-04-1.55369E-06
 -1       252 2.17046E-05-1.08997E-04-1.37977E-06
 -1       253 1.96070E-05-8.69908E-05-1.22203E-06
 -1       254 1.74269E-05-6.72570E-05-1.08140E-06
 -1       255 1.51643E-05-4.98824E-05-9.58884E-07
 -1       256 1.28190E-05-3.49547E-05-8.55463E-07
 -1       257 1.03917E-05-2.25605E-05-7.72406E-07
 -1       258 7.87993E-06-1.27896E-05-7.09962E-07
 -1       259 5.29373E-06-5.71985E-06-6.71194E-07
 -1       260 2.63445E-06-1.46316E-06-6.22017E-07
 -1       261 4.73541E-05-1.11672E-03-8.11775E-06
 -1       262 4.72715E-05-1.06635E-03-7.80234E-06
 -1       263 4.71080E-05-1.01611E-03-7.48790E-06
 -1       264 4.68626E-05-9.66085E-04-7.17359E-06
 -1       265 4.65354E-05-9.16368E-04-6.85959E-06
 -1       266 4.61262E-05-8.67044E-04-6.54618E-06
 -1       267 4.56350E-05-8.18201E-04-6.23367E-06
 -1       268 4.50617E-05-7.69925E-04-5.92247E-06
 -1       269 4.44063E-05-7.22306E-04-5.61305E-06
 -1       270 4.36687E-05-6.75429E-04-5.30593E-06
 -1       271 4.28490E-05-6.29382E-04-5.00167E-06
 -1       272 4.19469E-05-5.84252E-04-4.70092E-06
 -1       273 4.09626E-05-5.40128E-04-4.40435E-06
 -1       274 3.98960E-05-4.97096E-04-4.11268E-06
 -1       275 3.87470E-05-4.55243E-04-3.82664E-06
 -1       276 3.75156E-05-4.14658E-04-3.54702E-06
 -1       277 3.62019E-05-3.75427E-04-3.27466E-06
 -1       278 3.48056E-05-3.37637E-04-3.01044E-06
 -1       279 3.33269E-05-3.01377E-04-2.75523E-06
 -1       280 3.17657E-05-2.66734E-04-2.50993E-06
 -1       281 3.01220E-05-2.33795E-04-2.27545E-06
 -1       282 2.83959E-05-2.02646E-04-2.05272E-06
 -1       283 2.65872E-05-1.73377E-04-1.84271E-06
 -1       284 2.46960E-05-1.46074E-04-1.64641E-06
 -1       285 2.27222E-05-1.20824E-04-1.46477E-06
 -1       286 2.06659E-05-9.77151E-05-1.29882E-06
 -1       287 1.85271E-05-7.68344E-05-1.14951E-06
 -1       288 1.63058E-05-5.82693E-05-1.01782E-06
 -1       289 1.40018E-05-4.21073E-05-9.04708E-07
 -1       290 1.16154E-05-2.84354E-05-8.11372E-07
 -1       291 9.14640E-06-1.73416E-05-7.38440E-07
 -1       292 6.59433E-06-8.91229E-06-6.87856E-07
 -1       293 3.97473E-06-3.23951E-06-6.55718E-07
 -1       294 1.29000E-06-4.57419E-07-5.28045E-07
 -1       295 0.00000E+00 0.00000E+00 0.00000E+00
 -1       296 0.00000E+00 0.00000E+00 0.00000E+00
 -1       297 0.00000E+00 0.00000E+00 0.00000E+00
 -1       298 0.00000E+00 0.00000E+00 0.00000E+00
 -1       299 0.00000E+00 0.00000E+00 0.00000E+00
 -1       300 0.00000E+00 0.00000E+00 0.00000E+00
 -1       301-1.99633E-08-1.13777E-06-1.44245E-08
 -1       302-3.99257E-08-5.37787E-06-5.02783E-08
 -1       303-5.91831E-08-1.24541E-05-1.09257E-07
 -1       304-7.75819E-08-2.22374E-05-1.90304E-07
 -1       305-9.51284E-08-3.46428E-05-2.92501E-07
 -1       306-1.11830E-07-4.95822E-05-4.14866E-07
 -1       307-1.27663E-07-6.69682E-05-5.56382E-07
 -1       308-1.42661E-07-8.67135E-05-7.16022E-07
 -1       309-1.56814E-07-1.08731E-04-8.92819E-07
 -1       310-1.70128E-07-1.32932E-04-1.08577E-06
 -1       311-1.82594E-07-1.59231E-04-1.29392E-06
 -1       312-1.94239E-07-1.87540E-04-1.51622E-06
 -1       313-2.05063E-07-2.17771E-04-1.75175E-06
 -1       314-2.15089E-07-2.49837E-04-1.99954E-06
 -1       315-2.24304E-07-2.83651E-04-2.25863E-06
 -1       316-2.32741E-07-3.19125E-04-2.52809E-06
 -1       317-2.40410E-07-3.56172E-04-2.80703E-06
 -1       318-2.47312E-07-3.94704E-04-3.09453E-06
 -1       319-2.53500E-07-4.34634E-04-3.38972E-06
 -1       320-2.59013E-07-4.75875E-04-3.69180E-06
 -1       321-2.63831E-07-5.18340E-04-3.99993E-06
 -1       322-2.68007E-07-5.61940E-04-4.31333E-06
 -1       323-2.71600E-07-6.06589E-04-4.63125E-06
 -1       324-2.74600E-07-6.52200E-04-4.95305E-06
 -1       325-2.77060E-07-6.98684E-04-5.27805E-06
 -1       326-2.79050E-07-7.45954E-04-5.60564E-06
 -1       327-2.80620E-07-7.93924E-04-5.93527E-06
 -1       328-2.81762E-07-8.42505E-04-6.26647E-06
 -1       329-2.82586E-07-8.91610E-04-6.59881E-06
 -1       330-2.83117E-07-9.41153E-04-6.93188E-06
 -1       331-2.83427E-07-9.91044E-04-7.26542E-06
 -1       332-2.83567E-07-1.04120E-03-7.59918E-06
 -1       333-2.83615E-07-1.09153E-03-7.93301E-06
 -1       334 1.28425E-06-1.18494E-06 2.94769E-07
 -1       335-9.27599E-09-8.38898E-08-5.28723E-09
 -1       336 2.57278E-06-5.46482E-06 2.61516E-07
 -1       337-3.00413E-08-2.89067E-06-2.94848E-08
 -1       338 3.84098E-06-1.25335E-05 1.92397E-07
 -1       339-4.96750E-08-8.57114E-06-7.69441E-08
 -1       340 5.06829E-06-2.23155E-05 1.01361E-07
 -1       341-6.84806E-08-1.70127E-05-1.47073E-07
 -1       342 6.25586E-06-3.47181E-05-1.07044E-08
 -1       343-8.64630E-08-2.81179E-05-2.38821E-07
 -1       344 7.40339E-06-4.96549E-05-1.43005E-07
 -1       345-1.03581E-07-4.18012E-05-3.51226E-07
 -1       346 8.51095E-06-6.70384E-05-2.94424E-07
 -1       347-1.19851E-07-5.79748E-05-4.83293E-07
 -1       348 9.57851E-06-8.67811E-05-4.63984E-07
 -1       349-1.35266E-07-7.65514E-05-6.33998E-07
 -1       350 1.06060E-05-1.08796E-04-6.50671E-07
 -1       351-1.49842E-07-9.74436E-05-8.02340E-07
 -1       352 1.15936E-05-1.32995E-04-8.53510E-07
 -1       353-1.63566E-07-1.20564E-04-9.87339E-07
 -1       354 1.25411E-05-1.59291E-04-1.07154E-06
 -1       355-1.76471E-07-1.45825E-04-1.18801E-06
 -1       356 1.34486E-05-1.87597E-04-1.30376E-06
 -1       357-1.88509E-07-1.73140E-04-1.40336E-06
 -1       358 1.43161E-05-2.17826E-04-1.54917E-06
 -1       359-1.99753E-07-2.02421E-04-1.63239E-06
 -1       360 1.51435E-05-2.49889E-04-1.80685E-06
 -1       361-2.10175E-07-2.33580E-04-1.87417E-06
 -1       362 1.59309E-05-2.83700E-04-2.07582E-06
 -1       363-2.19792E-07-2.66531E-04-2.12773E-06
 -1       364 1.66782E-05-3.19172E-04-2.35515E-06
 -1       365-2.28625E-07-3.01186E-04-2.39212E-06
 -1       366 1.73854E-05-3.56216E-04-2.64395E-06
 -1       367-2.36671E-07-3.37457E-04-2.66643E-06
 -1       368 1.80526E-05-3.94746E-04-2.94132E-06
 -1       369-2.43947E-07-3.75257E-04-2.94977E-06
 -1       370 1.86796E-05-4.34674E-04-3.24638E-06
 -1       371-2.50499E-07-4.14500E-04-3.24122E-06
 -1       372 1.92664E-05-4.75912E-04-3.55830E-06
 -1       373-2.56337E-07-4.55097E-04-3.53995E-06
 -1       374 1.98131E-05-5.18374E-04-3.87626E-06
 -1       375-2.61502E-07-4.96960E-04-3.84515E-06
 -1       376 2.03195E-05-5.61972E-04-4.19949E-06
 -1       377-2.66001E-07-5.40004E-04-4.15601E-06
 -1       378 2.07858E-05-6.06618E-04-4.52725E-06
 -1       379-2.69865E-07-5.84139E-04-4.47176E-06
 -1       380 2.12117E-05-6.52226E-04-4.85887E-06
 -1       381-2.73173E-07-6.29280E-04-4.79171E-06
 -1       382 2.15973E-05-6.98707E-04-5.19368E-06
 -1       383-2.75894E-07-6.75338E-04-5.11519E-06
 -1       384 2.19426E-05-7.45975E-04-5.53107E-06
 -1       385-2.78110E-07-7.22226E-04-5.44155E-06
 -1       386 2.22474E-05-7.93942E-04-5.87050E-06
 -1       387-2.79885E-07-7.69857E-04-5.77022E-06
 -1       388 2.25118E-05-8.42521E-04-6.21149E-06
 -1       389-2.81238E-07-8.18143E-04-6.10070E-06
 -1       390 2.27357E-05-8.91623E-04-6.55359E-06
 -1       391-2.82216E-07-8.66997E-04-6.43252E-06
 -1       392 2.29190E-05-9.41163E-04-6.89643E-06
 -1       393-2.82886E-07-9.16332E-04-6.76527E-06
 -1       394 2.30616E-05-9.91052E-04-7.23973E-06
 -1       395-2.83287E-07-9.66060E-04-7.09861E-06
 -1       396 2.31636E-05-1.04120E-03-7.58325E-06
 -1       397-2.83511E-07-1.01609E-03-7.43229E-06
 -1       398 2.32249E-05-1.09153E-03-7.92666E-06
 -1       399-2.83596E-07-1.06635E-03-7.76609E-06
 -1       400-2.83614E-07-1.11673E-03-8.09992E-06
 -1       401-1.32378E-06-1.18967E-06-3.22503E-07
 -1       402-2.65275E-06-5.47003E-06-3.60644E-07
 -1       403-3.95935E-06-1.25384E-05-4.09557E-07
 -1       404-5.22346E-06-2.23202E-05-4.80667E-07
 -1       405-6.44612E-06-3.47226E-05-5.73073E-07
 -1       406-7.62705E-06-4.96592E-05-6.85556E-07
 -1       407-8.76629E-06-6.70424E-05-8.17221E-07
 -1       408-9.86383E-06-8.67849E-05-9.67016E-07
 -1       409-1.09197E-05-1.08799E-04-1.13399E-06
 -1       410-1.19338E-05-1.32998E-04-1.31711E-06
 -1       411-1.29063E-05-1.59294E-04-1.51541E-06
 -1       412-1.38371E-05-1.87600E-04-1.72787E-06
 -1       413-1.47262E-05-2.17829E-04-1.95357E-06
 -1       414-1.55737E-05-2.49892E-04-2.19153E-06
 -1       415-1.63795E-05-2.83703E-04-2.44081E-06
 -1       416-1.71437E-05-3.19174E-04-2.70046E-06
 -1       417-1.78663E-05-3.56218E-04-2.96958E-06
 -1       418-1.85472E-05-3.94748E-04-3.24727E-06
 -1       419-1.91866E-05-4.34675E-04-3.53266E-06
 -1       420-1.97844E-05-4.75914E-04-3.82493E-06
 -1       421-2.03408E-05-5.18375E-04-4.12325E-06
 -1       422-2.08556E-05-5.61973E-04-4.42687E-06
 -1       423-2.13289E-05-6.06619E-04-4.73501E-06
 -1       424-2.17609E-05-6.52227E-04-5.04703E-06
 -1       425-2.21515E-05-6.98708E-04-5.36225E-06
 -1       426-2.25007E-05-7.45976E-04-5.68006E-06
 -1       427-2.28086E-05-7.93942E-04-5.99994E-06
 -1       428-2.30753E-05-8.42521E-04-6.32138E-06
 -1       429-2.33008E-05-8.91624E-04-6.64396E-06
 -1       430-2.34852E-05-9.41163E-04-6.96729E-06
 -1       431-2.36285E-05-9.91053E-04-7.29109E-06
 -1       432-2.37308E-05-1.04120E-03-7.61511E-06
 -1       433-2.37921E-05-1.09153E-03-7.93934E-06
 -1       434 1.23403E-10-1.14193E-03-8.26683E-06
 -1       435 2.35320E-05-1.14194E-03-8.27034E-06
 -1       436-1.41739E-07-1.14193E-03-8.26682E-06
 -1       437 1.41999E-07-1.14193E-03-8.26683E-06
 -1       438-2.35317E-05-1.14194E-03-8.26330E-06
 -1       439 2.83854E-07-1.09151E-03-7.93301E-06
 -1       440 2.83812E-07-1.04119E-03-7.59918E-06
 -1       441 2.83680E-07-9.91032E-04-7.26544E-06
 -1       442 2.83359E-07-9.41140E-04-6.93189E-06
 -1       443 2.82828E-07-8.91598E-04-6.59880E-06
 -1       444 2.82005E-07-8.42492E-04-6.26648E-06
 -1       445 2.80852E-07-7.93911E-04-5.93529E-06
 -1       446 2.79293E-07-7.45942E-04-5.60563E-06
 -1       447 2.77304E-07-6.98672E-04-5.27804E-06
 -1       448 2.74822E-07-6.52188E-04-4.95305E-06
 -1       449 2.71797E-07-6.06578E-04-4.63125E-06
 -1       450 2.68214E-07-5.61930E-04-4.31332E-06
 -1       451 2.64028E-07-5.18329E-04-3.99993E-06
 -1       452 2.59216E-07-4.75865E-04-3.69180E-06
 -1       453 2.53709E-07-4.34624E-04-3.38974E-06
 -1       454 2.47507E-07-3.94694E-04-3.09453E-06
 -1       455 2.40577E-07-3.56163E-04-2.80703E-06
 -1       456 2.32900E-07-3.19116E-04-2.52810E-06
 -1       457 2.24454E-07-2.83643E-04-2.25864E-06
 -1       458 2.15238E-07-2.49829E-04-1.99954E-06
 -1       459 2.05216E-07-2.17764E-04-1.75175E-06
 -1       460 1.94369E-07-1.87533E-04-1.51622E-06
 -1       461 1.82721E-07-1.59225E-04-1.29391E-06
 -1       462 1.70234E-07-1.32927E-04-1.08579E-06
 -1       463 1.56904E-07-1.08726E-04-8.92822E-07
 -1       464 1.42749E-07-8.67089E-05-7.16031E-07
 -1       465 1.27751E-07-6.69642E-05-5.56376E-07
 -1       466 1.11902E-07-4.95787E-05-4.14867E-07
 -1       467 9.51785E-08-3.46400E-05-2.92513E-07
 -1       468 7.76345E-08-2.22352E-05-1.90304E-07
 -1       469 5.92157E-08-1.24524E-05-1.09253E-07
 -1       470 3.99360E-08-5.37670E-06-5.02852E-08
 -1       471 1.99929E-08-1.13718E-06-1.44437E-08
 -1       472 2.37924E-05-1.09152E-03-7.94639E-06
 -1       473 2.83862E-07-1.11672E-03-8.09992E-06
 -1       474 2.37310E-05-1.04119E-03-7.62212E-06
 -1       475 2.83842E-07-1.06633E-03-7.76609E-06
 -1       476 2.36288E-05-9.91040E-04-7.29807E-06
 -1       477 2.83763E-07-1.01608E-03-7.43228E-06
 -1       478 2.34855E-05-9.41151E-04-6.97422E-06
 -1       479 2.83552E-07-9.66048E-04-7.09861E-06
 -1       480 2.33011E-05-8.91611E-04-6.65081E-06
 -1       481 2.83121E-07-9.16320E-04-6.76527E-06
 -1       482 2.30756E-05-8.42509E-04-6.32816E-06
 -1       483 2.82452E-07-8.66985E-04-6.43252E-06
 -1       484 2.28089E-05-7.93930E-04-6.00662E-06
 -1       485 2.81473E-07-8.18131E-04-6.10071E-06
 -1       486 2.25010E-05-7.45964E-04-5.68663E-06
 -1       487 2.80121E-07-7.69845E-04-5.77023E-06
 -1       488 2.21517E-05-6.98696E-04-5.36869E-06
 -1       489 2.78355E-07-7.22214E-04-5.44155E-06
 -1       490 2.17612E-05-6.52215E-04-5.05332E-06
 -1       491 2.76130E-07-6.75326E-04-5.11519E-06
 -1       492 2.13292E-05-6.06608E-04-4.74115E-06
 -1       493 2.73374E-07-6.29269E-04-4.79171E-06
 -1       494 2.08558E-05-5.61962E-04-4.43283E-06
 -1       495 2.70080E-07-5.84128E-04-4.47176E-06
 -1       496 2.03410E-05-5.18365E-04-4.12906E-06
 -1       497 2.66196E-07-5.39993E-04-4.15601E-06
 -1       498 1.97847E-05-4.75903E-04-3.83053E-06
 -1       499 2.61702E-07-4.96950E-04-3.84516E-06
 -1       500 1.91869E-05-4.34665E-04-3.53806E-06
 -1       501 2.56548E-07-4.55086E-04-3.53996E-06
 -1       502 1.85475E-05-3.94738E-04-3.25244E-06
 -1       503 2.50692E-07-4.14490E-04-3.24123E-06
 -1       504 1.78665E-05-3.56209E-04-2.97452E-06
 -1       505 2.44136E-07-3.75248E-04-2.94977E-06
 -1       506 1.71439E-05-3.19165E-04-2.70517E-06
 -1       507 2.36832E-07-3.37448E-04-2.66644E-06
 -1       508 1.63797E-05-2.83695E-04-2.44528E-06
 -1       509 2.28778E-07-3.01177E-04-2.39213E-06
 -1       510 1.55739E-05-2.49884E-04-2.19575E-06
 -1       511 2.19939E-07-2.66523E-04-2.12773E-06
 -1       512 1.47265E-05-2.17821E-04-1.95753E-06
 -1       513 2.10323E-07-2.33573E-04-1.87417E-06
 -1       514 1.38373E-05-1.87594E-04-1.73155E-06
 -1       515 1.99898E-07-2.02414E-04-1.63240E-06
 -1       516 1.29065E-05-1.59288E-04-1.51878E-06
 -1       517 1.88643E-07-1.73133E-04-1.40336E-06
 -1       518 1.19340E-05-1.32993E-04-1.32020E-06
 -1       519 1.76576E-07-1.45819E-04-1.18801E-06
 -1       520 1.09199E-05-1.08794E-04-1.13679E-06
 -1       521 1.63676E-07-1.20559E-04-9.87342E-07
 -1       522 9.86401E-06-8.67803E-05-9.69554E-07
 -1       523 1.49920E-07-9.74387E-05-8.02341E-07
 -1       524 8.76648E-06-6.70384E-05-8.19445E-07
 -1       525 1.35360E-07-7.65471E-05-6.34000E-07
 -1       526 7.62724E-06-4.96557E-05-6.87453E-07
 -1       527 1.19925E-07-5.79711E-05-4.83293E-07
 -1       528 6.44628E-06-3.47197E-05-5.74637E-07
 -1       529 1.03651E-07-4.17981E-05-3.51232E-07
 -1       530 5.22360E-06-2.23180E-05-4.81913E-07
 -1       531 8.65074E-08-2.81154E-05-2.38828E-07
 -1       532 3.95948E-06-1.25366E-05-4.10502E-07
 -1       533 6.85316E-08-1.70107E-05-1.47070E-07
 -1       534 2.65286E-06-5.46884E-06-3.61295E-07
 -1       535 4.96853E-08-8.56968E-06-7.69475E-08
 -1       536 1.32391E-06-1.18908E-06-3.22835E-07
 -1       537 3.00638E-08-2.88978E-06-2.94937E-08
 -1       538 9.29603E-09-8.35822E-08-5.29386E-09
 -1       539-2.32247E-05-1.09152E-03-7.91962E-06
 -1       540-2.31634E-05-1.04119E-03-7.57622E-06
 -1       541-2.30614E-05-9.91040E-04-7.23276E-06
 -1       542-2.29187E-05-9.41151E-04-6.88951E-06
 -1       543-2.27354E-05-8.91611E-04-6.54673E-06
 -1       544-2.25116E-05-8.42508E-04-6.20471E-06
 -1       545-2.22472E-05-7.93930E-04-5.86382E-06
 -1       546-2.19424E-05-7.45963E-04-5.52449E-06
 -1       547-2.15971E-05-6.98696E-04-5.18724E-06
 -1       548-2.12115E-05-6.52215E-04-4.85258E-06
 -1       549-2.07856E-05-6.06607E-04-4.52112E-06
 -1       550-2.03194E-05-5.61961E-04-4.19352E-06
 -1       551-1.98129E-05-5.18364E-04-3.87047E-06
 -1       552-1.92663E-05-4.75902E-04-3.55269E-06
 -1       553-1.86794E-05-4.34664E-04-3.24098E-06
 -1       554-1.80525E-05-3.94736E-04-2.93615E-06
 -1       555-1.73853E-05-3.56207E-04-2.63902E-06
 -1       556-1.66781E-05-3.19163E-04-2.35045E-06
 -1       557-1.59308E-05-2.83692E-04-2.07135E-06
 -1       558-1.51434E-05-2.49882E-04-1.80263E-06
 -1       559-1.43160E-05-2.17819E-04-1.54522E-06
 -1       560-1.34486E-05-1.87591E-04-1.30009E-06
 -1       561-1.25411E-05-1.59285E-04-1.06817E-06
 -1       562-1.15936E-05-1.32989E-04-8.50438E-07
 -1       563-1.06060E-05-1.08791E-04-6.47858E-07
 -1       564-9.57851E-06-8.67765E-05-4.61457E-07
 -1       565-8.51097E-06-6.70343E-05-2.92198E-07
 -1       566-7.40344E-06-4.96515E-05-1.41116E-07
 -1       567-6.25591E-06-3.47152E-05-9.15114E-09
 -1       568-5.06834E-06-2.23133E-05 1.02604E-07
 -1       569-3.84105E-06-1.25317E-05 1.93346E-07
 -1       570-2.57286E-06-5.46365E-06 2.62157E-07
 -1       571-1.28434E-06-1.18435E-06 2.95080E-07
 -1       572 0.00000E+00 0.00000E+00 0.00000E+00
 -1       573 0.00000E+00 0.00000E+00 0.00000E+00
 -1       574 0.00000E+00 0.00000E+00 0.00000E+00
 -1       575 0.00000E+00 0.00000E+00 0.00000E+00
 -1       576 0.00000E+00 0.00000E+00 0.00000E+00
 -1       577 2.61001E-06-1.73823E-06-9.87041E-09
 -1       578 5.25020E-06-5.99823E-06-4.58036E-08
 -1       579 7.82572E-06-1.30597E-05-1.05247E-07
 -1       580 1.03181E-05-2.28220E-05-1.86819E-07
 -1       581 1.27281E-05-3.52079E-05-2.89564E-07
 -1       582 1.50567E-05-5.01274E-05-4.12482E-07
 -1       583 1.73034E-05-6.74936E-05-5.54543E-07
 -1       584 1.94685E-05-8.72191E-05-7.14727E-07
 -1       585 2.15519E-05-1.09216E-04-8.92017E-07
 -1       586 2.35536E-05-1.33398E-04-1.08547E-06
 -1       587 2.54736E-05-1.59677E-04-1.29411E-06
 -1       588 2.73119E-05-1.87966E-04-1.51693E-06
 -1       589 2.90685E-05-2.18178E-04-1.75296E-06
 -1       590 3.07434E-05-2.50224E-04-2.00123E-06
 -1       591 3.23366E-05-2.84018E-04-2.26078E-06
 -1       592 3.38481E-05-3.19472E-04-2.53068E-06
 -1       593 3.52779E-05-3.56499E-04-2.81004E-06
 -1       594 3.66260E-05-3.95012E-04-3.09798E-06
 -1       595 3.78924E-05-4.34922E-04-3.39359E-06
 -1       596 3.90771E-05-4.76144E-04-3.69605E-06
 -1       597 4.01801E-05-5.18589E-04-4.00454E-06
 -1       598 4.12013E-05-5.62169E-04-4.31826E-06
 -1       599 4.21409E-05-6.06799E-04-4.63652E-06
 -1       600 4.29988E-05-6.52389E-04-4.95862E-06
 -1       601 4.37750E-05-6.98854E-04-5.28390E-06
 -1       602 4.44695E-05-7.46104E-04-5.61173E-06
 -1       603 4.50822E-05-7.94054E-04-5.94159E-06
 -1       604 4.56133E-05-8.42616E-04-6.27299E-06
 -1       605 4.60627E-05-8.91702E-04-6.60547E-06
 -1       606 4.64304E-05-9.41224E-04-6.93870E-06
 -1       607 4.67163E-05-9.91097E-04-7.27234E-06
 -1       608 4.69206E-05-1.04123E-03-7.60617E-06
 -1       609 4.70433E-05-1.09154E-03-7.94004E-06
 -1       610 2.59915E-06-1.68094E-06-3.03781E-07
 -1       611 1.20405E-06-6.50938E-07-9.50735E-10
 -1       612 5.27709E-06-5.92804E-06-3.60882E-07
 -1       613 3.94063E-06-3.52178E-06-2.47758E-08
 -1       614 7.85414E-06-1.29934E-05-4.06496E-07
 -1       615 6.54863E-06-9.18560E-06-7.26865E-08
 -1       616 1.03567E-05-2.27575E-05-4.79186E-07
 -1       617 9.08200E-06-1.76074E-05-1.43327E-07
 -1       618 1.27753E-05-3.51454E-05-5.71983E-07
 -1       619 1.15331E-05-2.86929E-05-2.35607E-07
 -1       620 1.51123E-05-5.00668E-05-6.85202E-07
 -1       621 1.39024E-05-4.23563E-05-3.48561E-07
 -1       622 1.73669E-05-6.74349E-05-8.17517E-07
 -1       623 1.61901E-05-5.85101E-05-4.81187E-07
 -1       624 1.95395E-05-8.71624E-05-9.67942E-07
 -1       625 1.83960E-05-7.70669E-05-6.32436E-07
 -1       626 2.16300E-05-1.09162E-04-1.13548E-06
 -1       627 2.05203E-05-9.79392E-05-8.01294E-07
 -1       628 2.36384E-05-1.33346E-04-1.31920E-06
 -1       629 2.25628E-05-1.21040E-04-9.86783E-07
 -1       630 2.55646E-05-1.59627E-04-1.51809E-06
 -1       631 2.45237E-05-1.46281E-04-1.18795E-06
 -1       632 2.74087E-05-1.87918E-04-1.73116E-06
 -1       633 2.64028E-05-1.73576E-04-1.40381E-06
 -1       634 2.91708E-05-2.18131E-04-1.95746E-06
 -1       635 2.82002E-05-2.02837E-04-1.63336E-06
 -1       636 3.08507E-05-2.50179E-04-2.19597E-06
 -1       637 2.99160E-05-2.33977E-04-1.87563E-06
 -1       638 3.24485E-05-2.83975E-04-2.44577E-06
 -1       639 3.15500E-05-2.66908E-04-2.12966E-06
 -1       640 3.39642E-05-3.19431E-04-2.70592E-06
 -1       641 3.31024E-05-3.01543E-04-2.39450E-06
 -1       642 3.53978E-05-3.56460E-04-2.97554E-06
 -1       643 3.45730E-05-3.37794E-04-2.66924E-06
 -1       644 3.67494E-05-3.94975E-04-3.25374E-06
 -1       645 3.59620E-05-3.75575E-04-2.95300E-06
 -1       646 3.80189E-05-4.34888E-04-3.53961E-06
 -1       647 3.72692E-05-4.14798E-04-3.24488E-06
 -1       648 3.92063E-05-4.76111E-04-3.83232E-06
 -1       649 3.84948E-05-4.55375E-04-3.54402E-06
 -1       650 4.03117E-05-5.18558E-04-4.13106E-06
 -1       651 3.96386E-05-4.97219E-04-3.84959E-06
 -1       652 4.13351E-05-5.62141E-04-4.43505E-06
 -1       653 4.07007E-05-5.40242E-04-4.16080E-06
 -1       654 4.22765E-05-6.06772E-04-4.74356E-06
 -1       655 4.16811E-05-5.84358E-04-4.47687E-06
 -1       656 4.31359E-05-6.52365E-04-5.05593E-06
 -1       657 4.25799E-05-6.29479E-04-4.79713E-06
 -1       658 4.39133E-05-6.98831E-04-5.37147E-06
 -1       659 4.33969E-05-6.75518E-04-5.12090E-06
 -1       660 4.46088E-05-7.46084E-04-5.68957E-06
 -1       661 4.41323E-05-7.22386E-04-5.44752E-06
 -1       662 4.52223E-05-7.94036E-04-6.00969E-06
 -1       663 4.47859E-05-7.69997E-04-5.77644E-06
 -1       664 4.57540E-05-8.42600E-04-6.33136E-06
 -1       665 4.53578E-05-8.18264E-04-6.10713E-06
 -1       666 4.62038E-05-8.91688E-04-6.65411E-06
 -1       667 4.58480E-05-8.67099E-04-6.43912E-06
 -1       668 4.65718E-05-9.41213E-04-6.97760E-06
 -1       669 4.62566E-05-9.16414E-04-6.77202E-06
 -1       670 4.68579E-05-9.91087E-04-7.30151E-06
 -1       671 4.65834E-05-9.66122E-04-7.10548E-06
 -1       672 4.70622E-05-1.04122E-03-7.62565E-06
 -1       673 4.68285E-05-1.01614E-03-7.43924E-06
 -1       674 4.71849E-05-1.09154E-03-7.94982E-06
 -1       675 4.69920E-05-1.06637E-03-7.77311E-06
 -1       676 4.70755E-05-1.11673E-03-8.10696E-06
 -1       677 2.57922E-06-1.67615E-06 2.83393E-07
 -1       678 5.23741E-06-5.92349E-06 2.68052E-07
 -1       679 7.79521E-06-1.29894E-05 1.94898E-07
 -1       680 1.02794E-05-2.27539E-05 1.04474E-07
 -1       681 1.26805E-05-3.51423E-05-8.15658E-09
 -1       682 1.50007E-05-5.00642E-05-1.40730E-07
 -1       683 1.72395E-05-6.74329E-05-2.92494E-07
 -1       684 1.93971E-05-8.71608E-05-4.62378E-07
 -1       685 2.14734E-05-1.09161E-04-6.49369E-07
 -1       686 2.34685E-05-1.33345E-04-8.52508E-07
 -1       687 2.53822E-05-1.59627E-04-1.07085E-06
 -1       688 2.72147E-05-1.87918E-04-1.30337E-06
 -1       689 2.89659E-05-2.18132E-04-1.54909E-06
 -1       690 3.06358E-05-2.50180E-04-1.80707E-06
 -1       691 3.22244E-05-2.83977E-04-2.07631E-06
 -1       692 3.37316E-05-3.19433E-04-2.35592E-06
 -1       693 3.51576E-05-3.56463E-04-2.64497E-06
 -1       694 3.65022E-05-3.94978E-04-2.94262E-06
 -1       695 3.77655E-05-4.34891E-04-3.24794E-06
 -1       696 3.89474E-05-4.76115E-04-3.56009E-06
 -1       697 4.00480E-05-5.18562E-04-3.87827E-06
 -1       698 4.10672E-05-5.62145E-04-4.20171E-06
 -1       699 4.20050E-05-6.06777E-04-4.52966E-06
 -1       700 4.28613E-05-6.52370E-04-4.86148E-06
 -1       701 4.36363E-05-6.98836E-04-5.19646E-06
 -1       702 4.43298E-05-7.46089E-04-5.53400E-06
 -1       703 4.49417E-05-7.94042E-04-5.87358E-06
 -1       704 4.54722E-05-8.42605E-04-6.21468E-06
 -1       705 4.59212E-05-8.91694E-04-6.55688E-06
 -1       706 4.62886E-05-9.41219E-04-6.89982E-06
 -1       707 4.65744E-05-9.91093E-04-7.24319E-06
 -1       708 4.67786E-05-1.04123E-03-7.58670E-06
 -1       709 4.69012E-05-1.09154E-03-7.93025E-06
 -1       710-2.60999E-06-1.73824E-06-9.21588E-09
 -1       711-5.25019E-06-5.99823E-06-4.45121E-08
 -1       712-7.82568E-06-1.30597E-05-1.03352E-07
 -1       713-1.03181E-05-2.28220E-05-1.84333E-07
 -1       714-1.27280E-05-3.52079E-05-2.86441E-07
 -1       715-1.50566E-05-5.01274E-05-4.08697E-07
 -1       716-1.73033E-05-6.74936E-05-5.50096E-07
 -1       717-1.94684E-05-8.72191E-05-7.09661E-07
 -1       718-2.15518E-05-1.09216E-04-8.86399E-07
 -1       719-2.35535E-05-1.33398E-04-1.07931E-06
 -1       720-2.54735E-05-1.59677E-04-1.28737E-06
 -1       721-2.73118E-05-1.87966E-04-1.50960E-06
 -1       722-2.90684E-05-2.18178E-04-1.74505E-06
 -1       723-3.07433E-05-2.50224E-04-1.99279E-06
 -1       724-3.23365E-05-2.84018E-04-2.25184E-06
 -1       725-3.38480E-05-3.19472E-04-2.52127E-06
 -1       726-3.52777E-05-3.56499E-04-2.80018E-06
 -1       727-3.66258E-05-3.95012E-04-3.08764E-06
 -1       728-3.78922E-05-4.34922E-04-3.38279E-06
 -1       729-3.90769E-05-4.76144E-04-3.68483E-06
 -1       730-4.01798E-05-5.18589E-04-3.99294E-06
 -1       731-4.12011E-05-5.62169E-04-4.30633E-06
 -1       732-4.21407E-05-6.06799E-04-4.62426E-06
 -1       733-4.29986E-05-6.52389E-04-4.94604E-06
 -1       734-4.37747E-05-6.98854E-04-5.27101E-06
 -1       735-4.44692E-05-7.46104E-04-5.59859E-06
 -1       736-4.50820E-05-7.94054E-04-5.92824E-06
 -1       737-4.56131E-05-8.42616E-04-6.25944E-06
 -1       738-4.60624E-05-8.91702E-04-6.59177E-06
 -1       739-4.64301E-05-9.41224E-04-6.92483E-06
 -1       740-4.67161E-05-9.91097E-04-7.25839E-06
 -1       741-4.69204E-05-1.04123E-03-7.59214E-06
 -1       742-4.70431E-05-1.09154E-03-7.92596E-06
 -1       743-1.20405E-06-6.50933E-07-6.28234E-10
 -1       744-2.57913E-06-1.67586E-06 2.84038E-07
 -1       745-3.94061E-06-3.52178E-06-2.37961E-08
 -1       746-5.23734E-06-5.92290E-06 2.69343E-07
 -1       747-6.54861E-06-9.18560E-06-7.10905E-08
 -1       748-7.79513E-06-1.29885E-05 1.96794E-07
 -1       749-9.08197E-06-1.76074E-05-1.41136E-07
 -1       750-1.02793E-05-2.27528E-05 1.06965E-07
 -1       751-1.15331E-05-2.86929E-05-2.32809E-07
 -1       752-1.26804E-05-3.51409E-05-5.04397E-09
 -1       753-1.39024E-05-4.23563E-05-3.45113E-07
 -1       754-1.50006E-05-5.00625E-05-1.36950E-07
 -1       755-1.61900E-05-5.85101E-05-4.77064E-07
 -1       756-1.72394E-05-6.74309E-05-2.88041E-07
 -1       757-1.83959E-05-7.70669E-05-6.27673E-07
 -1       758-1.93970E-05-8.71585E-05-4.57315E-07
 -1       759-2.05202E-05-9.79392E-05-7.95946E-07
 -1       760-2.14733E-05-1.09158E-04-6.43740E-07
 -1       761-2.25627E-05-1.21040E-04-9.80893E-07
 -1       762-2.34683E-05-1.33342E-04-8.46356E-07
 -1       763-2.45235E-05-1.46281E-04-1.18150E-06
 -1       764-2.53821E-05-1.59624E-04-1.06410E-06
 -1       765-2.64027E-05-1.73576E-04-1.39677E-06
 -1       766-2.72145E-05-1.87915E-04-1.29604E-06
 -1       767-2.82001E-05-2.02837E-04-1.62573E-06
 -1       768-2.89657E-05-2.18128E-04-1.54118E-06
 -1       769-2.99159E-05-2.33977E-04-1.86744E-06
 -1       770-3.06356E-05-2.50177E-04-1.79862E-06
 -1       771-3.15499E-05-2.66908E-04-2.12095E-06
 -1       772-3.22242E-05-2.83973E-04-2.06736E-06
 -1       773-3.31023E-05-3.01543E-04-2.38532E-06
 -1       774-3.37314E-05-3.19429E-04-2.34651E-06
 -1       775-3.45729E-05-3.37794E-04-2.65960E-06
 -1       776-3.51574E-05-3.56458E-04-2.63512E-06
 -1       777-3.59618E-05-3.75575E-04-2.94289E-06
 -1       778-3.65020E-05-3.94973E-04-2.93228E-06
 -1       779-3.72690E-05-4.14798E-04-3.23431E-06
 -1       780-3.77653E-05-4.34886E-04-3.23713E-06
 -1       781-3.84946E-05-4.55375E-04-3.53300E-06
 -1       782-3.89472E-05-4.76110E-04-3.54886E-06
 -1       783-3.96384E-05-4.97219E-04-3.83817E-06
 -1       784-4.00478E-05-5.18557E-04-3.86668E-06
 -1       785-4.07005E-05-5.40242E-04-4.14902E-06
 -1       786-4.10669E-05-5.62140E-04-4.18977E-06
 -1       787-4.16810E-05-5.84358E-04-4.46477E-06
 -1       788-4.20047E-05-6.06771E-04-4.51741E-06
 -1       789-4.25797E-05-6.29479E-04-4.78471E-06
 -1       790-4.28611E-05-6.52364E-04-4.84890E-06
 -1       791-4.33967E-05-6.75518E-04-5.10817E-06
 -1       792-4.36360E-05-6.98830E-04-5.18358E-06
 -1       793-4.41320E-05-7.22386E-04-5.43451E-06
 -1       794-4.43295E-05-7.46084E-04-5.52087E-06
 -1       795-4.47857E-05-7.69997E-04-5.76319E-06
 -1       796-4.49415E-05-7.94036E-04-5.86022E-06
 -1       797-4.53576E-05-8.18264E-04-6.09366E-06
 -1       798-4.54720E-05-8.42599E-04-6.20113E-06
 -1       799-4.58478E-05-8.67099E-04-6.42548E-06
 -1       800-4.59209E-05-8.91687E-04-6.54317E-06
 -1       801-4.62563E-05-9.16414E-04-6.75823E-06
 -1       802-4.62883E-05-9.41212E-04-6.88596E-06
 -1       803-4.65831E-05-9.66122E-04-7.09157E-06
 -1       804-4.65741E-05-9.91087E-04-7.22923E-06
 -1       805-4.68282E-05-1.01614E-03-7.42524E-06
 -1       806-4.67783E-05-1.04122E-03-7.57266E-06
 -1       807-4.69917E-05-1.06637E-03-7.75904E-06
 -1       808-4.69010E-05-1.09154E-03-7.91616E-06
 -1       809-4.70753E-05-1.11673E-03-8.09286E-06
 -1       810-2.59920E-06-1.68124E-06-3.03129E-07
 -1       811-5.27713E-06-5.92863E-06-3.59584E-07
 -1       812-7.85415E-06-1.29943E-05-4.04603E-07
 -1       813-1.03567E-05-2.27586E-05-4.76704E-07
 -1       814-1.27753E-05-3.51468E-05-5.68861E-07
 -1       815-1.51122E-05-5.00685E-05-6.81411E-07
 -1       816-1.73669E-05-6.74369E-05-8.13067E-07
 -1       817-1.95395E-05-8.71647E-05-9.62873E-07
 -1       818-2.16300E-05-1.09164E-04-1.12987E-06
 -1       819-2.36383E-05-1.33348E-04-1.31302E-06
 -1       820-2.55646E-05-1.59630E-04-1.51136E-06
 -1       821-2.74087E-05-1.87921E-04-1.72382E-06
 -1       822-2.91707E-05-2.18134E-04-1.94953E-06
 -1       823-3.08506E-05-2.50183E-04-2.18752E-06
 -1       824-3.24484E-05-2.83979E-04-2.43684E-06
 -1       825-3.39641E-05-3.19435E-04-2.69651E-06
 -1       826-3.53977E-05-3.56465E-04-2.96568E-06
 -1       827-3.67493E-05-3.94980E-04-3.24339E-06
 -1       828-3.80187E-05-4.34892E-04-3.52880E-06
 -1       829-3.92062E-05-4.76116E-04-3.82110E-06
 -1       830-4.03116E-05-5.18563E-04-4.11947E-06
 -1       831-4.13349E-05-5.62146E-04-4.42313E-06
 -1       832-4.22763E-05-6.06778E-04-4.73130E-06
 -1       833-4.31357E-05-6.52370E-04-5.04336E-06
 -1       834-4.39131E-05-6.98837E-04-5.35858E-06
 -1       835-4.46086E-05-7.46090E-04-5.67642E-06
 -1       836-4.52221E-05-7.94042E-04-5.99634E-06
 -1       837-4.57538E-05-8.42606E-04-6.31780E-06
 -1       838-4.62036E-05-8.91694E-04-6.64040E-06
 -1       839-4.65715E-05-9.41219E-04-6.96376E-06
 -1       840-4.68576E-05-9.91093E-04-7.28756E-06
 -1       841-4.70620E-05-1.04123E-03-7.61162E-06
 -1       842-4.71847E-05-1.09154E-03-7.93575E-06
 -1       843 1.41491E-11-1.38795E-06-1.19950E-08
 -1       844 6.89728E-12-5.65710E-06-4.79484E-08
 -1       845 1.59500E-11-1.27274E-05-1.07011E-07
 -1       846 2.26264E-11-2.25014E-05-1.88162E-07
 -1       847 2.53526E-11-3.48977E-05-2.90467E-07
 -1       848 3.45851E-11-4.98279E-05-4.12933E-07
 -1       849 4.76677E-11-6.72048E-05-5.54542E-07
 -1       850 4.34719E-11-8.69410E-05-7.14295E-07
 -1       851 4.07219E-11-1.08949E-04-8.91187E-07
 -1       852 5.37081E-11-1.33142E-04-1.08424E-06
 -1       853 5.89569E-11-1.59431E-04-1.29248E-06
 -1       854 6.78777E-11-1.87731E-04-1.51489E-06
 -1       855 7.82813E-11-2.17953E-04-1.75051E-06
 -1       856 7.91236E-11-2.50010E-04-1.99840E-06
 -1       857 6.96731E-11-2.83815E-04-2.25758E-06
 -1       858 7.41990E-11-3.19280E-04-2.52714E-06
 -1       859 8.52517E-11-3.56317E-04-2.80617E-06
 -1       860 9.99949E-11-3.94841E-04-3.09375E-06
 -1       861 1.04857E-10-4.34762E-04-3.38903E-06
 -1       862 9.70021E-11-4.75994E-04-3.69119E-06
 -1       863 9.77683E-11-5.18450E-04-3.99939E-06
 -1       864 1.00660E-10-5.62041E-04-4.31286E-06
 -1       865 1.08798E-10-6.06681E-04-4.63087E-06
 -1       866 1.09116E-10-6.52282E-04-4.95273E-06
 -1       867 1.21012E-10-6.98757E-04-5.27778E-06
 -1       868 1.21885E-10-7.46019E-04-5.60542E-06
 -1       869 1.14764E-10-7.93979E-04-5.93511E-06
 -1       870 1.17593E-10-8.42552E-04-6.26636E-06
 -1       871 1.09476E-10-8.91648E-04-6.59873E-06
 -1       872 1.22087E-10-9.41182E-04-6.93183E-06
 -1       873 1.22655E-10-9.91065E-04-7.26540E-06
 -1       874 1.29859E-10-1.04121E-03-7.59918E-06
 -1       875 1.21162E-10-1.09153E-03-7.93301E-06
 -1       876-9.77210E-09-1.34530E-06-1.23718E-08
 -1       877 5.84092E-12-2.84296E-07-2.65460E-09
 -1       878 1.28150E-06-1.44462E-06-1.17378E-08
 -1       879 9.79203E-09-1.34501E-06-1.23856E-08
 -1       880-1.98684E-08-5.58518E-06-4.85812E-08
 -1       881 1.52575E-11-3.16652E-06-2.70170E-08
 -1       882 2.61444E-06-5.74965E-06-4.75543E-08
 -1       883 1.98849E-08-5.58460E-06-4.85856E-08
 -1       884-2.95121E-08-1.26601E-05-1.07561E-07
 -1       885 1.01139E-11-8.84928E-06-7.46592E-08
 -1       886 3.90406E-06-1.28088E-05-1.06811E-07
 -1       887 2.95429E-08-1.26593E-05-1.07557E-07
 -1       888-3.87034E-08-2.24355E-05-1.88702E-07
 -1       889 2.10222E-11-1.72811E-05-1.44879E-07
 -1       890 5.14947E-06-2.25820E-05-1.88139E-07
 -1       891 3.87473E-08-2.24343E-05-1.88701E-07
 -1       892-4.74738E-08-3.48344E-05-2.90973E-07
 -1       893 1.96445E-11-2.83774E-05-2.36738E-07
 -1       894 6.35469E-06-3.49752E-05-2.90635E-07
 -1       895 4.75267E-08-3.48330E-05-2.90980E-07
 -1       896-5.58162E-08-4.97669E-05-4.13415E-07
 -1       897 3.55320E-11-4.20515E-05-3.49241E-07
 -1       898 7.51891E-06-4.99028E-05-4.13291E-07
 -1       899 5.58886E-08-4.97652E-05-4.13416E-07
 -1       900-6.37335E-08-6.71462E-05-5.55005E-07
 -1       901 4.15037E-11-5.82160E-05-4.81407E-07
 -1       902 8.64232E-06-6.72770E-05-5.55098E-07
 -1       903 6.38185E-08-6.71441E-05-5.54999E-07
 -1       904-7.12317E-08-8.68847E-05-7.14724E-07
 -1       905 4.36928E-11-7.67834E-05-6.32214E-07
 -1       906 9.72486E-06-8.70105E-05-7.15032E-07
 -1       907 7.13195E-08-8.68824E-05-7.14731E-07
 -1       908-7.83096E-08-1.08895E-04-8.91595E-07
 -1       909 4.47238E-11-9.76665E-05-8.00658E-07
 -1       910 1.07666E-05-1.09016E-04-8.92096E-07
 -1       911 7.83998E-08-1.08893E-04-8.91595E-07
 -1       912-8.49607E-08-1.33090E-04-1.08462E-06
 -1       913 4.10646E-11-1.20778E-04-9.85757E-07
 -1       914 1.17674E-05-1.33206E-04-1.08532E-06
 -1       915 8.50674E-08-1.33087E-04-1.08463E-06
 -1       916-9.11921E-08-1.59382E-04-1.29284E-06
 -1       917 6.30730E-11-1.46030E-04-1.18653E-06
 -1       918 1.27274E-05-1.59493E-04-1.29373E-06
 -1       919 9.13109E-08-1.59379E-04-1.29283E-06
 -1       920-9.70115E-08-1.87684E-04-1.51522E-06
 -1       921 5.97740E-11-1.73336E-04-1.40197E-06
 -1       922 1.36466E-05-1.87790E-04-1.51631E-06
 -1       923 9.71459E-08-1.87681E-04-1.51522E-06
 -1       924-1.02422E-07-2.17908E-04-1.75082E-06
 -1       925 7.37131E-11-2.02607E-04-1.63111E-06
 -1       926 1.45249E-05-2.18009E-04-1.75211E-06
 -1       927 1.02573E-07-2.17905E-04-1.75082E-06
 -1       928-1.07430E-07-2.49968E-04-1.99868E-06
 -1       929 8.00414E-11-2.33758E-04-1.87298E-06
 -1       930 1.53623E-05-2.50064E-04-2.00016E-06
 -1       931 1.07583E-07-2.49964E-04-1.99868E-06
 -1       932-1.12045E-07-2.83775E-04-2.25785E-06
 -1       933 7.45746E-11-2.66699E-04-2.12663E-06
 -1       934 1.61589E-05-2.83865E-04-2.25950E-06
 -1       935 1.12193E-07-2.83771E-04-2.25785E-06
 -1       936-1.16263E-07-3.19242E-04-2.52738E-06
 -1       937 6.78739E-11-3.01345E-04-2.39112E-06
 -1       938 1.69147E-05-3.19328E-04-2.52920E-06
 -1       939 1.16418E-07-3.19238E-04-2.52739E-06
 -1       940-1.20092E-07-3.56282E-04-2.80638E-06
 -1       941 8.26817E-11-3.37607E-04-2.66553E-06
 -1       942 1.76296E-05-3.56363E-04-2.80837E-06
 -1       943 1.20262E-07-3.56278E-04-2.80638E-06
 -1       944-1.23545E-07-3.94808E-04-3.09395E-06
 -1       945 9.33369E-11-3.75399E-04-2.94894E-06
 -1       946 1.83036E-05-3.94883E-04-3.09610E-06
 -1       947 1.23734E-07-3.94803E-04-3.09395E-06
 -1       948-1.26638E-07-4.34731E-04-3.38920E-06
 -1       949 9.77486E-11-4.14632E-04-3.24048E-06
 -1       950 1.89368E-05-4.34802E-04-3.39153E-06
 -1       951 1.26842E-07-4.34726E-04-3.38921E-06
 -1       952-1.29392E-07-4.75966E-04-3.69134E-06
 -1       953 1.08859E-10-4.55220E-04-3.53930E-06
 -1       954 1.95292E-05-4.76032E-04-3.69380E-06
 -1       955 1.29594E-07-4.75961E-04-3.69134E-06
 -1       956-1.31807E-07-5.18424E-04-3.99952E-06
 -1       957 9.40116E-11-4.97074E-04-3.84459E-06
 -1       958 2.00807E-05-5.18484E-04-4.00212E-06
 -1       959 1.32007E-07-5.18418E-04-3.99953E-06
 -1       960-1.33898E-07-5.62017E-04-4.31298E-06
 -1       961 1.05249E-10-5.40109E-04-4.15552E-06
 -1       962 2.05913E-05-5.62073E-04-4.31570E-06
 -1       963 1.34104E-07-5.62012E-04-4.31298E-06
 -1       964-1.35693E-07-6.06660E-04-4.63096E-06
 -1       965 9.69200E-11-5.84235E-04-4.47134E-06
 -1       966 2.10611E-05-6.06710E-04-4.63381E-06
 -1       967 1.35902E-07-6.06654E-04-4.63096E-06
 -1       968-1.37193E-07-6.52263E-04-4.95281E-06
 -1       969 1.07967E-10-6.29367E-04-4.79136E-06
 -1       970 2.14900E-05-6.52309E-04-4.95578E-06
 -1       971 1.37418E-07-6.52257E-04-4.95281E-06
 -1       972-1.38427E-07-6.98740E-04-5.27785E-06
 -1       973 1.15089E-10-6.75416E-04-5.11490E-06
 -1       974 2.18781E-05-6.98781E-04-5.28092E-06
 -1       975 1.38665E-07-6.98735E-04-5.27785E-06
 -1       976-1.39432E-07-7.46004E-04-5.60548E-06
 -1       977 1.24193E-10-7.22295E-04-5.44132E-06
 -1       978 2.22254E-05-7.46040E-04-5.60864E-06
 -1       979 1.39665E-07-7.45998E-04-5.60547E-06
 -1       980-1.40211E-07-7.93967E-04-5.93515E-06
 -1       981 1.19323E-10-7.69917E-04-5.77004E-06
 -1       982 2.25318E-05-7.93998E-04-5.93840E-06
 -1       983 1.40447E-07-7.93961E-04-5.93516E-06
 -1       984-1.40796E-07-8.42541E-04-6.26639E-06
 -1       985 1.12095E-10-8.18195E-04-6.10057E-06
 -1       986 2.27973E-05-8.42568E-04-6.26971E-06
 -1       987 1.41036E-07-8.42535E-04-6.26639E-06
 -1       988-1.41214E-07-8.91640E-04-6.59875E-06
 -1       989 1.24642E-10-8.67040E-04-6.43243E-06
 -1       990 2.30220E-05-8.91662E-04-6.60212E-06
 -1       991 1.41441E-07-8.91634E-04-6.59874E-06
 -1       992-1.41481E-07-9.41176E-04-6.93185E-06
 -1       993 1.09146E-10-9.16366E-04-6.76521E-06
 -1       994 2.32058E-05-9.41192E-04-6.93528E-06
 -1       995 1.41718E-07-9.41170E-04-6.93185E-06
 -1       996-1.41634E-07-9.91061E-04-7.26540E-06
 -1       997 1.24139E-10-9.66085E-04-7.09858E-06
 -1       998 2.33488E-05-9.91073E-04-7.26887E-06
 -1       999 1.41886E-07-9.91055E-04-7.26541E-06
 -1      1000-1.41714E-07-1.04121E-03-7.59918E-06
 -1      1001 1.24715E-10-1.01611E-03-7.43227E-06
 -1      1002 2.34509E-05-1.04122E-03-7.60267E-06
 -1      1003 1.41964E-07-1.04120E-03-7.59918E-06
 -1      1004-1.41740E-07-1.09153E-03-7.93301E-06
 -1      1005 1.23874E-10-1.06635E-03-7.76609E-06
 -1      1006 2.35122E-05-1.09153E-03-7.93652E-06
 -1      1007 1.41984E-07-1.09152E-03-7.93301E-06
 -1      1008 1.22839E-10-1.11673E-03-8.09991E-06
 -1      1009-1.28148E-06-1.44462E-06-1.14167E-08
 -1      1010-2.61442E-06-5.74965E-06-4.69129E-08
 -1      1011-3.90403E-06-1.28088E-05-1.05864E-07
 -1      1012-5.14943E-06-2.25820E-05-1.86892E-07
 -1      1013-6.35463E-06-3.49752E-05-2.89071E-07
 -1      1014-7.51884E-06-4.99028E-05-4.11399E-07
 -1      1015-8.64223E-06-6.72770E-05-5.52877E-07
 -1      1016-9.72477E-06-8.70105E-05-7.12504E-07
 -1      1017-1.07665E-05-1.09016E-04-8.89286E-07
 -1      1018-1.17673E-05-1.33206E-04-1.08224E-06
 -1      1019-1.27273E-05-1.59493E-04-1.29036E-06
 -1      1020-1.36464E-05-1.87790E-04-1.51265E-06
 -1      1021-1.45247E-05-2.18009E-04-1.74816E-06
 -1      1022-1.53622E-05-2.50064E-04-1.99594E-06
 -1      1023-1.61588E-05-2.83865E-04-2.25503E-06
 -1      1024-1.69145E-05-3.19328E-04-2.52450E-06
 -1      1025-1.76294E-05-3.56363E-04-2.80343E-06
 -1      1026-1.83034E-05-3.94883E-04-3.09093E-06
 -1      1027-1.89366E-05-4.34802E-04-3.38613E-06
 -1      1028-1.95290E-05-4.76032E-04-3.68819E-06
 -1      1029-2.00804E-05-5.18484E-04-3.99633E-06
 -1      1030-2.05911E-05-5.62073E-04-4.30974E-06
 -1      1031-2.10609E-05-6.06710E-04-4.62768E-06
 -1      1032-2.14898E-05-6.52309E-04-4.94948E-06
 -1      1033-2.18779E-05-6.98781E-04-5.27448E-06
 -1      1034-2.22251E-05-7.46040E-04-5.60207E-06
 -1      1035-2.25315E-05-7.93998E-04-5.93172E-06
 -1      1036-2.27971E-05-8.42568E-04-6.26293E-06
 -1      1037-2.30217E-05-8.91662E-04-6.59526E-06
 -1      1038-2.32056E-05-9.41192E-04-6.92835E-06
 -1      1039-2.33486E-05-9.91073E-04-7.26190E-06
 -1      1040-2.34507E-05-1.04122E-03-7.59566E-06
 -1      1041-2.35120E-05-1.09153E-03-7.92948E-06
 -3
    1PSTEP                         2           1           1          
  100CL  101 1.000000000        1041                     0    1           1
 -4  STRESS      6    1
 -5  SXX         1    4    1    1
 -5  SYY         1    4    2    2
 -5  SZZ         1    4    3    3
 -5  SXY         1    4    1    2
 -5  SYZ         1    4    2    3
 -5  SZX         1    4    3    1
 -1         1 1.13513E+07 4.41446E+06 4.41446E+06-4.79538E+05-9.28231E-01 2.07159E+06
 -1         2-1.15259E+07-4.48237E+06-4.48237E+06-5.11804E+05-9.48604E-01-2.07729E+06
 -1         3-9.83074E+03 6.53922E+04 7.68373E+03-4.91128E+04-4.61053E+02 5.37640E+03
 -1         4 9.80800E+03-6.52705E+04-7.77530E+03-4.90800E+04-4.58618E+02-5.37666E+03
 -1         5-9.82915E+03 6.53435E+04 7.52981E+03-4.91447E+04 3.81582E+02-5.29332E+03
 -1         6 9.75539E+03-6.51932E+04-7.64844E+03-4.90881E+04 3.72349E+02 5.38929E+03
 -1         7-1.13513E+07-4.41448E+06-4.41447E+06-4.78811E+05 9.28105E-01 2.07238E+06
 -1         8 1.15263E+07 4.48252E+06 4.48251E+06-5.11111E+05 9.48241E-01-2.07808E+06
 -1         9-7.82275E+04-3.04222E+04-3.04223E+04 1.11872E+06-1.13186E+00-9.37741E+03
 -1        10 5.62325E+06 2.18675E+06 2.18676E+06 4.74130E+05 2.70535E+00 1.03536E+06
 -1        11-5.78687E+06-2.25038E+06-2.25039E+06 4.58373E+05 2.74454E+00-1.04977E+06
 -1        12-9.58356E+06 3.07733E+05 1.78032E+05 1.47608E+05-9.92075E+04 3.03876E+05
 -1        13-9.40055E+06-1.31973E+05-8.25784E+04-5.17680E+03 1.32281E+04 9.84977E+03
 -1        14-9.10860E+06 3.04400E+04 1.65208E+04-4.32137E+04-3.87008E+03 1.01675E+04
 -1        15-8.81530E+06-8.10890E+03-4.00980E+03-3.76939E+04 1.04104E+03 7.06192E+03
 -1        16-8.51925E+06 1.95534E+03 8.87972E+02-3.93013E+04-3.05312E+02 7.67300E+03
 -1        17-8.22475E+06-4.45117E+02-1.96080E+02-3.89664E+04 5.42283E+01 7.51006E+03
 -1        18-7.93017E+06 1.25316E+02 3.67347E+01-3.90226E+04 3.13632E+01 7.56086E+03
 -1        19-7.63539E+06-7.13213E+00-1.79510E+01-3.89934E+04-5.71394E+00 7.50680E+03
 -1        20-7.34081E+06-1.84912E+01-2.92965E+01-3.89668E+04-5.57466E+00 7.54770E+03
 -1        21-7.04609E+06 1.49447E+00 2.39946E+01-3.89553E+04-1.00890E+01 7.49411E+03
 -1        22-6.75147E+06-4.62092E+00 9.31672E+00-3.90136E+04 5.28873E+00 7.57667E+03
 -1        23-6.45680E+06 2.00745E+01 3.63009E+01-3.90138E+04 1.07180E+01 7.49614E+03
 -1        24-6.16232E+06 4.03331E+00-7.04446E+00-3.89957E+04 1.67996E+00 7.53219E+03
 -1        25-5.86784E+06-3.19988E+01-5.81800E+01-3.89710E+04 2.19344E+01 7.53144E+03
 -1        26-5.57322E+06-5.27439E+00 1.99047E+01-3.89637E+04 1.19753E+01 7.52551E+03
 -1        27-5.27890E+06-7.28300E+00 3.86589E+00-3.89363E+04-3.45050E+01 7.56545E+03
 -1        28-4.98437E+06 1.73841E+01 1.45786E+01-3.89727E+04 1.46690E+01 7.55882E+03
 -1        29-4.69010E+06 1.32874E+01-4.34675E+01-3.89722E+04 5.00940E+01 7.55665E+03
 -1        30-4.39605E+06-3.96859E+01-2.70103E+01-3.89059E+04 1.32275E+01 7.60729E+03
 -1        31-4.10166E+06 2.51329E+01 6.82390E+01-3.89733E+04-2.07074E+01 7.54389E+03
 -1        32-3.80774E+06 3.19710E+01 4.90777E+01-3.89826E+04 1.16513E+01 7.46473E+03
 -1        33-3.51393E+06-9.42725E+00 2.98818E+01-3.89835E+04-2.01603E+01 7.53141E+03
 -1        34-3.22022E+06-4.94847E+01 1.35758E+00-3.89333E+04 4.61036E+01 7.57275E+03
 -1        35-2.92651E+06-2.67721E+01-3.49565E+01-3.89135E+04 9.27709E+01 7.63092E+03
 -1        36-2.63285E+06 3.44948E+01 1.34495E+01-3.90502E+04 4.82237E+00 7.59297E+03
 -1        37-2.33979E+06 3.50859E+00-2.63273E+01-3.89668E+04 8.91089E+00 7.60950E+03
 -1        38-2.04655E+06 1.76390E+01-5.19727E+01-3.89107E+04 8.68462E+00 7.60468E+03
 -1        39-1.75353E+06 7.37044E+01 3.33746E+01-3.89338E+04 1.84627E+01 7.65265E+03
 -1        40-1.46092E+06-1.70913E+02-1.19206E+02-3.88807E+04 6.59998E+00 7.70584E+03
 -1        41-1.16810E+06-3.67184E+01 1.67303E+02-3.89292E+04 2.57269E+01 7.69847E+03
 -1        42-8.75902E+05-1.06128E+02 3.99212E+01-3.89575E+04 1.78355E+01 7.71698E+03
 -1        43-5.83496E+05 3.03673E+02-3.25526E+02-3.87033E+04 7.60104E+01 7.74753E+03
 -1        44-2.89853E+05 1.99088E+03 3.58991E+03-3.08875E+04-3.77347E+02 5.44777E+03
 -1        45-9.74074E+06-6.15175E+05-5.83589E+05-1.20966E+05 1.85134E+05-6.50100E+05
 -1        46-9.39158E+06 2.05488E+05 1.60006E+05-1.45290E+03-3.42106E+04 4.66858E+04
 -1        47-9.25188E+06-3.93961E+04-2.84674E+04-2.63643E+04 6.30722E+03 1.43858E+02
 -1        48-8.96292E+06 9.61719E+03 5.47635E+03-2.35203E+04-1.45247E+03 8.62572E+03
 -1        49-8.66675E+06-2.32464E+03-1.01312E+03-2.42164E+04 3.72681E+02 7.69831E+03
 -1        50-8.37265E+06 5.49126E+02 2.02403E+02-2.39924E+04-1.26687E+02 7.69199E+03
 -1        51-8.07772E+06-8.73743E+01-2.49081E+01-2.40818E+04 5.13071E+01 7.71663E+03
 -1        52-7.78313E+06 4.19341E+01-9.24477E+00-2.40381E+04 7.47067E+00 7.70396E+03
 -1        53-7.48848E+06-3.68535E+01-4.65077E+01-2.40136E+04-1.13241E+01 7.69856E+03
 -1        54-7.19376E+06-4.42564E+00 1.68884E+00-2.39952E+04-6.67706E+00 7.67190E+03
 -1        55-6.89911E+06-6.79808E+00 2.15997E+01-2.40251E+04-2.96407E+00 7.70555E+03
 -1        56-6.60437E+06 3.60006E+01 5.26425E+01-2.40609E+04 8.97470E+00 7.70439E+03
 -1        57-6.30988E+06-2.13192E+01 1.00741E+00-2.40464E+04 3.64079E+00 7.68866E+03
 -1        58-6.01535E+06-3.01019E+01-1.99213E+00-2.40222E+04 2.20028E+01 7.67919E+03
 -1        59-5.72075E+06-1.43564E+00-1.18999E+01-2.39765E+04 1.86922E+01 7.69399E+03
 -1        60-5.42634E+06-3.60864E+01-2.00504E+01-2.40163E+04-2.46252E+01 7.70197E+03
 -1        61-5.13186E+06-4.85585E+00 3.33657E+01-2.39782E+04-6.09890E+00 7.70676E+03
 -1        62-4.83747E+06 2.50269E+01-1.83761E+01-2.40069E+04 3.56547E+01 7.69195E+03
 -1        63-4.54328E+06-1.04693E+01-6.19061E+01-2.39947E+04 1.52947E+01 7.72286E+03
 -1        64-4.24903E+06-2.50871E+01 2.69054E+01-2.39577E+04-1.82738E+01 7.74059E+03
 -1        65-3.95489E+06 5.20334E+01 7.87113E+01-2.40241E+04 1.33362E+01 7.63795E+03
 -1        66-3.66099E+06-5.60950E+00 8.35909E+01-2.40394E+04 9.59290E+00 7.62963E+03
 -1        67-3.36722E+06-8.38011E+01 3.92259E+01-2.40114E+04 5.19659E+00 7.66451E+03
 -1        68-3.07354E+06-1.06002E+02-3.36729E+01-2.39545E+04 4.05706E+01 7.72122E+03
 -1        69-2.77975E+06 2.12702E+01 2.45952E+01-2.39899E+04 3.21838E+01 7.74738E+03
 -1        70-2.48650E+06 1.09221E+01-1.81457E+01-2.40661E+04 3.12283E+01 7.68329E+03
 -1        71-2.19328E+06-1.99027E+01-5.27836E+01-2.39776E+04 2.13442E+01 7.67085E+03
 -1        72-1.90011E+06 5.07069E+00 3.05181E+01-2.39874E+04 1.00867E+01 7.71449E+03
 -1        73-1.60730E+06-6.92810E+01-3.75830E+00-2.39427E+04 3.35202E+00 7.71512E+03
 -1        74-1.31450E+06-9.83774E+01 5.68869E+01-2.39284E+04 1.27031E+01 7.73895E+03
 -1        75-1.02204E+06-1.06726E+02 1.04569E+02-2.39851E+04 2.77739E+01 7.75616E+03
 -1        76-7.29799E+05 4.47291E+01-1.45662E+02-2.39479E+04 6.74454E+01 7.78731E+03
 -1        77-4.38233E+05-4.61905E+02 4.40668E+02-2.38018E+04-5.37319E+01 7.52260E+03
 -1        78-1.63596E+05-1.01018E+04-6.89530E+03-2.25783E+04 2.43272E+03 4.85924E+03
 -1        79 7.71632E+01 6.28121E+00-1.61400E+01-1.64188E+05-1.56475E+04 3.25756E+01
 -1        80-2.03505E+04-6.79039E+04-1.25502E+04-1.09665E+05-8.12142E+03-3.05185E+03
 -1        81 2.04356E+04 6.79912E+04 1.25410E+04-1.09649E+05-8.12862E+03 3.05118E+03
 -1        82 9.43839E+06-3.04775E+05-1.73382E+05 1.43736E+05-9.76832E+04-3.01499E+05
 -1        83 9.26005E+06 1.30433E+05 8.03287E+04-5.62358E+03 1.30234E+04-1.00384E+04
 -1        84 8.97438E+06-3.00944E+04-1.59565E+04-4.34593E+04-3.80813E+03-1.10379E+04
 -1        85 8.68705E+06 7.99819E+03 3.87996E+03-3.79200E+04 9.75527E+02-7.90318E+03
 -1        86 8.39690E+06-1.94997E+03-8.75156E+02-3.95700E+04-2.58498E+02-8.44642E+03
 -1        87 8.10872E+06 4.97553E+02 2.20914E+02-3.91432E+04 7.44672E+01-8.37573E+03
 -1        88 7.82005E+06-1.23472E+02-1.98157E+01-3.92148E+04-1.37418E+01-8.37699E+03
 -1        89 7.53133E+06 1.40086E+01 4.19657E+00-3.92214E+04-1.88337E+01-8.34404E+03
 -1        90 7.24274E+06-1.39589E+01-2.36037E-01-3.91905E+04 1.42512E+01-8.34330E+03
 -1        91 6.95408E+06-2.45833E+00-1.23190E+00-3.92008E+04-1.30710E+01-8.36180E+03
 -1        92 6.66544E+06 1.90507E+01 4.19418E+01-3.91781E+04-3.09067E+00-8.38148E+03
 -1        93 6.37657E+06-2.17617E+01-2.71353E+01-3.92208E+04-4.36430E+00-8.31337E+03
 -1        94 6.08792E+06 8.26985E-01-1.33246E+01-3.91965E+04 6.68185E+00-8.30748E+03
 -1        95 5.79914E+06 4.74145E+00 7.71982E+00-3.91937E+04 4.58943E-01-8.30337E+03
 -1        96 5.51020E+06 1.63332E+01-7.88859E+00-3.92011E+04 4.86855E+00-8.26313E+03
 -1        97 5.22147E+06-2.11409E+01 3.92248E+01-3.91930E+04 1.55203E+01-8.28672E+03
 -1        98 4.93234E+06-2.79509E+01 2.84508E+01-3.92363E+04-1.55701E+01-8.24827E+03
 -1        99 4.64359E+06 5.56210E+01 8.01161E+01-3.91051E+04-5.20668E+01-8.33730E+03
 -1       100 4.35403E+06-6.80612E+01-1.16169E+01-3.91347E+04 8.26542E+00-8.24693E+03
 -1       101 4.06499E+06 1.94740E+00 8.88504E+00-3.91466E+04 4.63793E+01-8.14297E+03
 -1       102 3.77570E+06 1.53085E+01-2.29637E+00-3.91645E+04-3.49776E+01-8.14124E+03
 -1       103 3.48622E+06 3.45318E+01-6.41298E+01-3.91042E+04-5.01043E+00-8.12408E+03
 -1       104 3.19673E+06 3.16527E+01 3.40214E+00-3.91650E+04 2.10049E+01-8.09584E+03
 -1       105 2.90708E+06 2.30283E+01 8.73865E+01-3.90701E+04-7.63921E-01-8.18212E+03
 -1       106 2.61712E+06-8.76083E+00 1.50318E+01-3.90816E+04-5.57031E+00-8.09017E+03
 -1       107 2.32706E+06-7.01430E+00 6.94149E+01-3.91054E+04-4.46754E+01-8.04573E+03
 -1       108 2.03700E+06 6.52329E+01-3.35869E+00-3.90495E+04 1.08776E+01-8.02655E+03
 -1       109 1.74658E+06 4.48325E+00-8.48186E+00-3.90455E+04-1.55029E+01-7.98193E+03
 -1       110 1.45615E+06 8.01794E+01 1.69644E+02-3.89499E+04-2.71665E+00-8.00894E+03
 -1       111 1.16520E+06-4.63199E+01-4.83722E+01-3.90357E+04 1.82655E+01-7.87219E+03
 -1       112 8.74389E+05 9.98497E+01-6.20782E+01-3.89132E+04-1.94503E+01-7.93073E+03
 -1       113 5.83042E+05-1.41348E+02 3.89391E+02-3.88024E+04 8.54246E+01-7.85350E+03
 -1       114 2.89765E+05-2.10415E+03-3.45748E+03-3.08352E+04-4.18715E+02-5.49818E+03
 -1       115 9.59260E+06 6.04857E+05 5.74546E+05-1.09780E+05 1.81982E+05 6.49442E+05
 -1       116 9.25057E+06-2.02754E+05-1.56817E+05-2.20200E+03-3.37023E+04-4.67600E+04
 -1       117 9.11468E+06 3.89561E+04 2.78879E+04-2.65328E+04 6.20937E+03-6.09912E+02
 -1       118 8.83163E+06-9.51456E+03-5.31881E+03-2.37569E+04-1.45038E+03-9.10028E+03
 -1       119 8.54138E+06 2.23927E+03 9.49235E+02-2.44401E+04 3.66125E+02-8.16093E+03
 -1       120 8.25349E+06-5.14329E+02-1.42485E+02-2.42374E+04-8.68829E+01-8.18131E+03
 -1       121 7.96466E+06 1.38560E+02 4.44235E+01-2.42647E+04 2.39933E+01-8.22734E+03
 -1       122 7.67606E+06-4.14031E+01-1.56326E+01-2.42370E+04-1.82143E+01-8.18157E+03
 -1       123 7.38733E+06-1.84032E+01-2.15954E+01-2.42512E+04 1.30685E+01-8.17538E+03
 -1       124 7.09871E+06-8.93023E+00-6.73240E+00-2.42290E+04-2.34849E+00-8.17124E+03
 -1       125 6.81011E+06 2.24352E+01 3.89371E+01-2.42263E+04-1.96116E+01-8.22054E+03
 -1       126 6.52129E+06-1.74079E+01-2.76784E+00-2.42373E+04 1.89247E+00-8.17681E+03
 -1       127 6.23255E+06-9.20926E+00-2.98739E+00-2.42447E+04 4.08728E+00-8.14228E+03
 -1       128 5.94377E+06-6.26127E+00-1.80056E+01-2.42465E+04-3.50110E+00-8.15373E+03
 -1       129 5.65496E+06 2.48219E+01 2.36211E+01-2.42206E+04 6.31266E+00-8.12464E+03
 -1       130 5.36606E+06-4.06930E+00-2.02430E+01-2.42575E+04 1.14147E+01-8.11462E+03
 -1       131 5.07705E+06-5.49535E+01-6.96612E+00-2.42166E+04-1.00514E+01-8.12203E+03
 -1       132 4.78828E+06 2.86954E+01 9.29544E+01-2.42090E+04-2.12156E+01-8.12521E+03
 -1       133 4.49896E+06-5.80131E+01 2.83874E+00-2.41567E+04-1.10544E+01-8.17094E+03
 -1       134 4.20969E+06-5.58821E+01 2.49879E+00-2.41841E+04 3.28217E+01-8.03523E+03
 -1       135 3.92052E+06 3.17941E+00-1.48509E+01-2.42012E+04 3.26285E+00-8.02804E+03
 -1       136 3.63116E+06 5.04273E+01-3.77053E+01-2.41800E+04-2.95660E+01-8.02279E+03
 -1       137 3.34156E+06 3.30368E+01-1.04569E+02-2.41843E+04 7.21086E+00-7.99017E+03
 -1       138 3.05210E+06 6.84998E+01 6.71409E+01-2.41497E+04 8.11708E+00-8.03921E+03
 -1       139 2.76216E+06-5.90711E+01 4.86138E+00-2.40928E+04 5.30485E+00-8.02934E+03
 -1       140 2.47222E+06-9.36558E+00 6.95511E+01-2.41184E+04-2.20778E+01-7.98124E+03
 -1       141 2.18215E+06 1.61175E+01 5.76078E+01-2.41124E+04-2.18146E+01-7.92427E+03
 -1       142 1.89181E+06-4.53771E+01-3.69348E+01-2.40799E+04 5.60634E+00-7.93984E+03
 -1       143 1.60153E+06 6.45202E+01 1.22548E+02-2.40618E+04-9.81297E+00-7.93666E+03
 -1       144 1.31055E+06-7.98318E+01-5.03947E+01-2.40062E+04 2.02651E+01-7.88256E+03
 -1       145 1.01997E+06 8.46986E+01 3.68819E+01-2.40441E+04-2.24522E-01-7.86543E+03
 -1       146 7.28673E+05-2.70779E+01 9.99795E+01-2.39853E+04 4.31412E+01-7.86050E+03
 -1       147 4.38052E+05 4.93823E+02-2.78384E+02-2.38485E+04-8.63289E+01-7.61263E+03
 -1       148 1.63511E+05 1.00844E+04 6.88736E+03-2.25208E+04 2.40522E+03-4.86383E+03
 -1       149-1.57828E+04 6.90541E+04 2.42255E+04-4.62247E+04-9.06524E+01-6.16601E-01
 -1       150-1.33147E+04 7.18403E+04 1.70744E+04-4.21202E+04-5.77518E+01 4.46530E+03
 -1       151-1.32518E+04 7.19123E+04 1.71069E+04-4.21543E+04-8.30884E+01-4.41577E+03
 -1       152 3.31467E+01 2.52077E+01 8.77955E+00-1.64245E+05 1.56735E+04-2.87567E+01
 -1       153-2.04165E+04-6.78890E+04-1.24831E+04-1.09691E+05 8.09464E+03 3.07915E+03
 -1       154 2.04264E+04 6.80024E+04 1.24657E+04-1.09715E+05 8.08965E+03-3.04356E+03
 -1       155 1.57078E+04-6.90723E+04-2.43018E+04-4.61761E+04 1.89805E+01-3.28324E+01
 -1       156 1.32197E+04-7.18632E+04-1.71766E+04-4.21323E+04 1.10421E+01-4.45495E+03
 -1       157 1.31147E+04-7.18740E+04-1.72453E+04-4.21491E+04-5.06334E+01 4.40620E+03
 -1       158-2.89736E+05 2.10159E+03 3.59670E+03-3.08491E+04 4.69708E+02-5.50943E+03
 -1       159-5.82923E+05 2.89732E+02-2.27606E+02-3.87139E+04-6.21642E+01-7.77528E+03
 -1       160-8.74367E+05-2.36303E+02 8.33493E+01-3.89259E+04 1.65426E+01-7.87746E+03
 -1       161-1.16525E+06 8.87754E+01-4.50465E+00-3.89449E+04 2.51801E+01-7.82203E+03
 -1       162-1.45598E+06-5.78844E+01 1.57119E+01-3.89001E+04-6.64578E+00-7.92637E+03
 -1       163-1.74668E+06 5.74587E+01-2.30205E+01-3.89591E+04-3.95587E+01-7.82818E+03
 -1       164-2.03681E+06 5.29409E+01 5.51905E+01-3.89373E+04 6.54639E+01-7.89628E+03
 -1       165-2.32715E+06 4.22499E+01 1.69049E+01-3.89051E+04 3.51450E+01-7.94081E+03
 -1       166-2.61700E+06 1.04174E+02 6.61297E+01-3.89603E+04 3.79629E+01-7.96244E+03
 -1       167-2.90692E+06 5.55660E+01 1.11277E+01-3.88905E+04-2.29065E+01-7.93705E+03
 -1       168-3.19672E+06-2.81192E+01 5.80213E+00-3.89114E+04-2.49344E+01-7.93534E+03
 -1       169-3.48624E+06-4.90605E+01-4.96633E+01-3.89910E+04 5.65918E+01-7.92997E+03
 -1       170-3.77578E+06-1.61595E+01 5.16541E+00-3.89603E+04 1.80649E+01-7.90105E+03
 -1       171-4.06478E+06-5.07284E+00 1.43763E+02-3.89574E+04 1.81998E+01-8.02430E+03
 -1       172-4.35421E+06 5.93724E+01-8.29113E+01-3.88483E+04 1.92148E+01-7.94523E+03
 -1       173-4.64332E+06-1.07745E+01-1.60624E+01-3.88549E+04 1.05198E+01-8.05921E+03
 -1       174-4.93242E+06-3.93099E+00-2.91770E+01-3.88866E+04 8.63980E+00-7.99136E+03
 -1       175-5.22135E+06-1.06237E+01 6.82949E+00-3.89421E+04 5.26261E+00-8.02907E+03
 -1       176-5.51024E+06 2.67663E+01-1.41387E+01-3.89499E+04 9.87129E+00-7.99497E+03
 -1       177-5.79913E+06-3.32747E+01 1.04421E+01-3.89073E+04-1.25554E+01-8.01664E+03
 -1       178-6.08784E+06-1.42770E+01 5.83507E+01-3.89476E+04-1.88584E+01-8.00078E+03
 -1       179-6.37654E+06 5.58259E+01 5.57914E+00-3.87762E+04 4.97903E+01-8.02314E+03
 -1       180-6.66536E+06 8.68134E+00-2.19254E+01-3.88974E+04-1.54842E+01-8.00503E+03
 -1       181-6.95401E+06 3.76837E+00-1.06276E+01-3.88216E+04 1.13710E+01-8.06043E+03
 -1       182-7.24272E+06-2.20202E+01 9.51543E+00-3.89330E+04-2.68787E+01-8.05822E+03
 -1       183-7.53138E+06-5.65840E+01-1.65280E+01-3.88375E+04 1.73517E+01-8.03175E+03
 -1       184-7.81997E+06 8.98856E+01 6.75690E+01-3.89368E+04 1.49100E+01-7.99511E+03
 -1       185-8.10862E+06-4.45920E+02-1.96774E+02-3.86994E+04-7.53971E+01-8.01082E+03
 -1       186-8.39685E+06 1.97032E+03 8.56669E+02-3.92135E+04 2.94884E+02-8.06400E+03
 -1       187-8.68703E+06-8.03643E+03-3.96294E+03-3.75111E+04-1.01520E+03-7.61388E+03
 -1       188-8.97436E+06 3.00888E+04 1.60253E+04-4.31794E+04 3.81199E+03-1.07149E+04
 -1       189-9.26009E+06-1.30472E+05-8.03449E+04-5.22452E+03-1.30154E+04-9.74376E+03
 -1       190-9.43840E+06 3.04775E+05 1.73352E+05 1.44031E+05 9.76937E+04-3.01074E+05
 -1       191-1.63532E+05-1.00812E+04-7.03087E+03-2.25735E+04-2.40555E+03-4.85629E+03
 -1       192-4.38031E+05-5.03178E+02 3.52787E+02-2.38019E+04 1.39274E+02-7.56008E+03
 -1       193-7.28652E+05 5.62193E+01-8.11789E+01-2.39603E+04-4.07815E+01-7.80974E+03
 -1       194-1.01991E+06-9.96138E+01-2.46190E+01-2.39429E+04 1.85422E+01-7.79503E+03
 -1       195-1.31060E+06 2.77292E+01 4.18420E+01-2.39579E+04 3.15134E+00-7.83323E+03
 -1       196-1.60147E+06-3.86127E+01-1.01349E+02-2.39657E+04 1.63409E+00-7.84100E+03
 -1       197-1.89188E+06 2.47186E+01-1.13873E+02-2.40122E+04 3.65652E+01-7.76249E+03
 -1       198-2.18199E+06 1.17831E+02 5.62536E+01-2.39536E+04 3.63111E+01-7.81581E+03
 -1       199-2.47225E+06 1.79741E+01 9.83021E+00-2.39655E+04 1.34471E+01-7.83145E+03
 -1       200-2.76213E+06 4.94219E+01 5.87334E+01-2.39471E+04 1.36243E+01-7.86246E+03
 -1       201-3.05194E+06 3.21603E+01 1.35504E+00-2.39520E+04-1.43916E+01-7.87630E+03
 -1       202-3.34164E+06-2.25409E+01-5.41343E+01-2.40005E+04 2.31095E+01-7.79520E+03
 -1       203-3.63114E+06-8.68814E+00-2.06165E+01-2.40138E+04 3.01884E+01-7.81715E+03
 -1       204-3.92045E+06-8.46194E+00 1.93740E+01-2.40037E+04 1.19525E+01-7.81282E+03
 -1       205-4.20976E+06-3.97416E+01 9.04255E+00-2.39147E+04 3.92413E+01-7.83123E+03
 -1       206-4.49890E+06 7.59172E+01-4.36355E+00-2.39238E+04 1.40308E+01-7.87011E+03
 -1       207-4.78811E+06 1.16935E+01-1.83928E+01-2.39027E+04-8.96861E+00-7.87899E+03
 -1       208-5.07706E+06 4.53055E+01-4.82581E+01-2.39498E+04 5.23619E+00-7.87119E+03
 -1       209-5.36610E+06-2.41316E+01-3.68397E+01-2.39731E+04 3.10160E+01-7.82611E+03
 -1       210-5.65494E+06-9.54560E+00-1.20118E+01-2.39639E+04 7.31152E-01-7.86589E+03
 -1       211-5.94375E+06-1.83727E+01 2.62031E+00-2.39715E+04-2.14819E+01-7.84550E+03
 -1       212-6.23239E+06 3.02663E+01 9.52623E+01-2.38793E+04 1.34670E+01-7.82112E+03
 -1       213-6.52134E+06-5.89684E-01-3.94785E+01-2.38894E+04 8.17036E+00-7.85449E+03
 -1       214-6.80997E+06 2.92941E+01-1.27325E+01-2.39055E+04 5.79829E+00-7.88419E+03
 -1       215-7.09871E+06-4.76343E+00-3.61622E+01-2.39080E+04-1.13908E+01-7.88572E+03
 -1       216-7.38730E+06-7.20902E+00 3.27181E+01-2.39343E+04 1.11523E+00-7.88403E+03
 -1       217-7.67615E+06-3.24455E+01-4.55156E+01-2.39143E+04 1.75432E+01-7.82798E+03
 -1       218-7.96444E+06-8.37742E+01 5.69249E+01-2.38863E+04-4.11185E+01-7.84270E+03
 -1       219-8.25348E+06 5.35847E+02 1.35539E+02-2.38295E+04 1.07784E+02-7.79581E+03
 -1       220-8.54134E+06-2.25960E+03-9.80755E+02-2.40540E+04-3.59703E+02-7.83415E+03
 -1       221-8.83165E+06 9.48357E+03 5.27400E+03-2.34274E+04 1.42843E+03-8.81096E+03
 -1       222-9.11458E+06-3.89250E+04-2.78145E+04-2.61851E+04-6.20823E+03-2.89702E+02
 -1       223-9.25070E+06 2.02667E+05 1.56749E+05-1.87329E+03 3.37118E+04-4.64052E+04
 -1       224-9.59257E+06-6.04746E+05-5.74577E+05-1.09246E+05-1.81987E+05 6.50059E+05
 -1       225 7.84578E+04 3.05118E+04 3.05119E+04 1.11961E+06 1.13160E+00-9.38763E+03
 -1       226 5.78760E+06 2.25066E+06 2.25067E+06 4.59157E+05-2.74411E+00-1.05017E+06
 -1       227-5.62364E+06-2.18690E+06-2.18691E+06 4.74936E+05-2.70508E+00 1.03575E+06
 -1       228 2.89814E+05-2.19814E+03-3.57277E+03-3.08455E+04 4.42132E+02 5.44284E+03
 -1       229 5.83503E+05-2.72650E+02 2.21753E+02-3.87016E+04-4.50739E+01 7.78272E+03
 -1       230 8.75851E+05 6.22753E+01-1.50956E+02-3.88239E+04-3.35932E+01 7.72174E+03
 -1       231 1.16814E+06-4.46910E+01 3.50342E+01-3.88501E+04 3.74208E+01 7.66487E+03
 -1       232 1.46083E+06-2.03358E+01-2.08537E+01-3.88313E+04-8.88658E+00 7.60069E+03
 -1       233 1.75353E+06-3.93454E+01-4.65141E+01-3.88434E+04-1.38162E+01 7.56279E+03
 -1       234 2.04650E+06-2.96488E+01-5.80324E+01-3.88094E+04-1.00002E+01 7.53194E+03
 -1       235 2.33977E+06 2.13265E+01 1.00878E+01-3.88666E+04 1.33749E+01 7.46238E+03
 -1       236 2.63285E+06-9.75020E+01-6.13909E+01-3.88031E+04 5.67687E+01 7.46629E+03
 -1       237 2.92660E+06 8.04849E+00-9.37606E+00-3.87676E+04-1.33174E+01 7.44337E+03
 -1       238 3.22020E+06 5.65545E+01-5.56550E+00-3.87975E+04 1.70685E+01 7.36553E+03
 -1       239 3.51390E+06 1.13356E+01 5.81756E+01-3.87695E+04 5.15008E+00 7.32126E+03
 -1       240 3.80776E+06-4.37155E+01-5.39404E+01-3.87833E+04 3.38225E+00 7.36349E+03
 -1       241 4.10172E+06-4.75934E+01-9.37632E+01-3.87028E+04-8.14787E+00 7.37234E+03
 -1       242 4.39599E+06 2.49606E+01-2.98049E+01-3.87124E+04-3.71173E+01 7.29393E+03
 -1       243 4.69001E+06-2.55387E+01-3.12404E+01-3.86148E+04 2.74803E+01 7.35408E+03
 -1       244 4.98466E+06 3.30097E+01 7.46370E+01-3.87040E+04-3.18670E+01 7.29892E+03
 -1       245 5.27892E+06-5.38759E+01-2.38402E+00-3.87036E+04 2.64202E+01 7.23857E+03
 -1       246 5.57308E+06-3.66856E+01-3.02205E+01-3.86997E+04 3.73828E-01 7.26908E+03
 -1       247 5.86790E+06 6.42714E+01 2.25886E+01-3.86768E+04-4.09375E+00 7.27783E+03
 -1       248 6.16233E+06 1.49937E+01-4.80665E+01-3.86813E+04 1.53740E+01 7.20804E+03
 -1       249 6.45685E+06 1.32319E+01 2.50418E+01-3.86379E+04 2.18876E+00 7.17529E+03
 -1       250 6.75158E+06-1.01560E+00 8.96783E-01-3.86709E+04-2.27497E+01 7.23410E+03
 -1       251 7.04609E+06-2.74207E+01-1.73072E+01-3.86214E+04 2.18974E+01 7.24627E+03
 -1       252 7.34100E+06 4.20534E+01 2.99874E+01-3.87534E+04-2.22910E+01 7.13598E+03
 -1       253 7.63514E+06-3.48559E+01-8.21195E+01-3.86093E+04 3.50830E+01 7.26429E+03
 -1       254 7.93025E+06-6.19605E+01-5.47658E+00-3.86795E+04-1.38252E+01 7.15824E+03
 -1       255 8.22492E+06 4.72749E+02 1.88590E+02-3.84876E+04-8.53784E+01 7.20185E+03
 -1       256 8.51909E+06-2.02148E+03-8.64311E+02-3.89949E+04 2.83212E+02 7.25130E+03
 -1       257 8.81556E+06 8.09885E+03 4.03493E+03-3.73212E+04-9.99497E+02 6.79037E+03
 -1       258 9.10862E+06-3.03893E+04-1.64691E+04-4.28480E+04 3.86417E+03 9.79764E+03
 -1       259 9.40074E+06 1.32043E+05 8.26186E+04-4.93908E+03-1.32369E+04 9.45318E+03
 -1       260 9.58341E+06-3.07757E+05-1.78141E+05 1.47979E+05 9.91816E+04 3.03483E+05
 -1       261 1.63566E+05 1.00865E+04 6.98392E+03-2.25426E+04-2.43559E+03 4.86484E+03
 -1       262 4.38193E+05 3.77223E+02-4.39072E+02-2.37716E+04 9.25453E+01 7.54770E+03
 -1       263 7.29804E+05-3.28341E+00 5.84528E+01-2.39094E+04-5.66820E+01 7.77706E+03
 -1       264 1.02197E+06-2.86875E+01-1.39407E+02-2.38899E+04-4.09019E+01 7.69654E+03
 -1       265 1.31453E+06-1.78468E+00-2.03476E+01-2.38737E+04 2.81170E+00 7.71447E+03
 -1       266 1.60724E+06-6.18919E+00-4.25686E+01-2.38679E+04-2.52208E+01 7.62654E+03
 -1       267 1.90013E+06-1.60600E+01-4.97687E+01-2.38754E+04-1.34811E+01 7.61678E+03
 -1       268 2.19324E+06 1.34475E+01-2.21349E+01-2.38869E+04-1.80807E+01 7.58558E+03
 -1       269 2.48647E+06 1.87162E+01 1.17623E+01-2.38800E+04 3.77610E+01 7.55549E+03
 -1       270 2.77986E+06-3.32472E+01-2.28938E+01-2.37998E+04 2.22827E+01 7.57008E+03
 -1       271 3.07349E+06 1.10157E+01-6.33389E+01-2.38159E+04 3.34928E+00 7.50331E+03
 -1       272 3.36724E+06 6.92714E+01 3.44273E+01-2.38281E+04 1.00574E+01 7.45567E+03
 -1       273 3.66098E+06-8.54131E+00 1.38643E+01-2.38261E+04-5.94738E+00 7.49300E+03
 -1       274 3.95493E+06-5.17980E+00-6.52768E+01-2.37710E+04-5.51604E+00 7.49637E+03
 -1       275 4.24908E+06 3.52333E+01-5.78109E+01-2.37400E+04-2.00188E+01 7.47828E+03
 -1       276 4.54318E+06-1.05306E+01-3.65946E+01-2.37356E+04-5.92654E+00 7.46337E+03
 -1       277 4.83762E+06 9.12706E+00 4.76321E+01-2.36568E+04-8.08541E+00 7.48113E+03
 -1       278 5.13189E+06-5.39471E+01-3.91076E+01-2.37445E+04 9.49312E-01 7.42320E+03
 -1       279 5.42631E+06-5.80038E+00 3.09679E+01-2.37822E+04 9.98239E+00 7.39833E+03
 -1       280 5.72074E+06 7.76805E+00 4.14188E+00-2.36996E+04-1.99676E+01 7.45039E+03
 -1       281 6.01537E+06 5.13383E+01-1.50423E+01-2.37181E+04 5.24244E+00 7.40597E+03
 -1       282 6.30992E+06 5.35858E+01-3.67535E+00-2.36941E+04 1.87884E+01 7.34300E+03
 -1       283 6.60446E+06-3.18076E+01-5.30225E+00-2.36886E+04-1.57687E+01 7.37849E+03
 -1       284 6.89915E+06-9.15845E+00-1.40808E+01-2.36935E+04 6.53089E+00 7.39624E+03
 -1       285 7.19390E+06 8.53333E+00 1.22963E+01-2.37162E+04-4.47134E+00 7.37445E+03
 -1       286 7.48833E+06-2.30261E+01-3.58452E+01-2.37464E+04-2.92232E+00 7.35087E+03
 -1       287 7.78323E+06 3.35508E+01 4.39462E+01-2.36559E+04 1.22099E+01 7.38448E+03
 -1       288 8.07768E+06 8.88848E+01-1.36065E+01-2.36581E+04-4.60788E+01 7.37142E+03
 -1       289 8.37286E+06-4.99356E+02-1.15627E+02-2.36155E+04 9.78469E+01 7.30939E+03
 -1       290 8.66665E+06 2.21212E+03 9.64706E+02-2.38442E+04-3.68401E+02 7.36903E+03
 -1       291 8.96303E+06-9.58735E+03-5.46720E+03-2.31790E+04 1.46820E+03 8.29200E+03
 -1       292 9.25203E+06 3.94497E+04 2.85394E+04-2.60654E+04-6.31526E+03-2.22221E+02
 -1       293 9.39154E+06-2.05461E+05-1.60081E+05-1.17180E+03 3.41954E+04 4.62815E+04
 -1       294 9.74089E+06 6.15134E+05 5.83663E+05-1.20412E+05-1.85142E+05-6.50688E+05
 -1       295-1.00687E+07-3.91568E+06-3.91567E+06-1.20696E+06-1.17041E-02 9.34756E+03
 -1       296-1.06051E+07-4.12416E+06-4.12416E+06-9.54684E+05-2.05758E+00 1.02607E+06
 -1       297-1.06928E+07-4.15826E+06-4.15826E+06-9.71298E+05 2.10806E+00-1.01703E+06
 -1       298 1.00688E+07 3.91570E+06 3.91569E+06-1.20700E+06 1.13455E-02 8.46138E+03
 -1       299 1.06926E+07 4.15818E+06 4.15819E+06-9.70969E+05-2.10753E+00-1.01786E+06
 -1       300 1.06055E+07 4.12430E+06 4.12431E+06-9.55065E+05 2.05771E+00 1.02524E+06
 -1       301-7.78937E+04-4.43556E+03 1.22885E+03-1.98192E+05-1.94085E+04 1.67298E+03
 -1       302-7.04102E+04 1.19260E+02-9.56260E+02-2.00957E+05 2.51589E+04-1.31677E+02
 -1       303-6.69581E+04 3.01089E+01 3.13905E+02-1.84699E+05-5.14377E+03-3.67143E+02
 -1       304-6.42488E+04 7.23313E+00-7.04384E+01-1.85204E+05 1.28167E+03-3.01431E+02
 -1       305-6.10887E+04-2.27194E+01 1.11618E+01-1.84933E+05-3.09574E+02-3.01016E+02
 -1       306-5.80956E+04 8.50777E+00 1.50719E+00-1.85038E+05 8.36102E+01-2.88652E+02
 -1       307-5.50115E+04 2.93263E+01 1.95961E+01-1.84963E+05-1.67341E+01-3.27317E+02
 -1       308-5.20441E+04-6.05977E+00-2.17195E+01-1.84954E+05 8.36738E+00-3.02464E+02
 -1       309-4.89709E+04-1.89418E+01-9.78354E+00-1.84858E+05 1.17522E+01-3.13128E+02
 -1       310-4.61151E+04 8.26800E+00 3.58450E+00-1.84865E+05-1.03940E+01-3.00628E+02
 -1       311-4.29079E+04 1.05406E+01 2.18753E+01-1.84943E+05 4.30153E-01-3.20902E+02
 -1       312-4.01716E+04 1.40432E+01-1.23788E+01-1.84941E+05 1.29602E-01-2.91543E+02
 -1       313-3.71750E+04 4.22711E+01 2.07094E+01-1.84902E+05-9.60785E+00-3.00705E+02
 -1       314-3.43205E+04 1.46950E+01-1.85071E+01-1.84891E+05 1.49403E+01-2.75166E+02
 -1       315-3.15753E+04-3.14501E+01-2.69150E+01-1.84808E+05 5.98276E+00-2.68457E+02
 -1       316-2.86950E+04-7.89130E+00 2.58201E+01-1.84792E+05 1.35789E+01-2.57036E+02
 -1       317-2.59267E+04 4.74565E+01 1.47129E+01-1.84769E+05 1.47481E+01-2.59749E+02
 -1       318-2.33881E+04 8.05743E+01 1.22451E+01-1.84825E+05-1.75798E+01-2.74257E+02
 -1       319-2.08158E+04-5.91548E+01-4.75175E+00-1.84808E+05 3.44449E+01-2.65608E+02
 -1       320-1.84545E+04-1.81855E+01-4.66107E+01-1.84724E+05-1.68619E+00-2.18557E+02
 -1       321-1.60344E+04 6.74904E+01 5.26819E+01-1.84718E+05-9.92950E-01-2.24598E+02
 -1       322-1.37133E+04 4.44609E+00 3.00411E+01-1.84683E+05-3.22796E+01-2.17981E+02
 -1       323-1.18573E+04 3.23426E+01-6.77780E+01-1.84687E+05-2.56327E+01-1.90378E+02
 -1       324-9.64579E+03 9.31409E+01 3.81160E+01-1.84658E+05-6.44220E+00-1.76542E+02
 -1       325-7.82975E+03 1.04607E+02 6.37279E+01-1.84618E+05 2.22651E+01-1.86762E+02
 -1       326-6.27371E+03 1.19985E+02 5.07988E+01-1.84564E+05 8.72343E+01-1.99906E+02
 -1       327-4.81760E+03-6.73576E+00 4.77774E-01-1.84519E+05-1.22985E+01-8.76560E+01
 -1       328-3.45280E+03 6.56627E+01 2.20998E+01-1.84465E+05-7.70573E+00-1.78705E+02
 -1       329-2.34535E+03 5.55509E+01 2.44772E+01-1.84482E+05 4.74941E+00-1.20725E+02
 -1       330-1.33178E+03 8.22235E+01 2.42316E+01-1.84450E+05-2.30668E+01-1.04456E+02
 -1       331-7.64972E+02 5.69977E+01 3.87990E+01-1.84383E+05 8.12761E+01-5.37443E+01
 -1       332-3.00597E+02-2.44891E+01-8.71200E+01-1.84596E+05-1.17354E+02-3.98278E+01
 -1       333-4.31045E+01 6.45446E+01 1.00322E+01-1.92030E+05 6.92506E+01-3.54709E+00
 -1       334 4.75688E+06 1.24647E+05-2.65848E+03 2.87972E+04-4.63254E+04-1.84171E+05
 -1       335-7.47657E+04-7.53410E+03-4.94780E+03 3.13183E+05 1.94083E+05-4.22321E+03
 -1       336 4.55979E+06 9.89828E+03 1.49344E+04-1.21890E+05 1.67049E+04-1.83496E+03
 -1       337-7.07667E+04-2.10621E+02 2.00015E+03-8.12319E+04 2.56302E+03 2.75404E+02
 -1       338 4.46525E+06-1.30068E+02-1.42219E+03-1.13873E+05-3.87002E+03-3.32058E+03
 -1       339-6.88549E+04 2.40556E+01-3.95300E+02-1.79351E+05 7.01102E+03-1.99833E+02
 -1       340 4.30905E+06 6.02238E+02 5.66378E+02-1.16315E+05 1.00077E+03-1.60948E+03
 -1       341-6.56527E+04 8.48179E+00 1.08101E+02-1.67343E+05-1.81839E+03-1.51927E+02
 -1       342 4.16879E+06-1.83821E+02-1.60357E+02-1.15785E+05-2.64723E+02-1.68584E+03
 -1       343-6.26623E+04-1.84747E+01-5.06570E+01-1.70557E+05 4.61527E+02-1.26769E+02
 -1       344 4.02544E+06 6.53199E+01 5.98931E+01-1.15920E+05 7.17993E+01-1.71360E+03
 -1       345-5.96356E+04-3.05764E+01-6.77748E+00-1.69922E+05-1.06511E+02-1.24911E+02
 -1       346 3.88282E+06-1.12691E+01 2.73530E+00-1.15862E+05-4.94673E+00-1.71929E+03
 -1       347-5.65013E+04 5.15641E+01 3.50564E+01-1.70060E+05 2.78580E+01-1.39590E+02
 -1       348 3.73992E+06-2.02912E+00 1.40344E+01-1.15865E+05-9.50537E+00-1.70396E+03
 -1       349-5.35445E+04 6.35042E+00-4.16004E+00-1.69991E+05-2.86013E+00-1.34323E+02
 -1       350 3.59714E+06-5.14664E+00 6.00349E+00-1.15801E+05 2.59919E+00-1.71160E+03
 -1       351-5.05360E+04-2.23437E+01-1.12534E+01-1.69945E+05 1.46435E+01-1.35894E+02
 -1       352 3.45419E+06 3.05284E+00-1.24510E+01-1.15806E+05-1.36064E+01-1.70947E+03
 -1       353-4.75330E+04 2.38201E+00 3.53439E+00-1.69898E+05-1.49350E+00-1.61415E+02
 -1       354 3.31148E+06 9.43232E+00 5.11361E+00-1.15855E+05 1.67743E+01-1.72164E+03
 -1       355-4.45063E+04 3.94787E+00-8.27949E+00-1.69946E+05-7.24353E+00-1.35309E+02
 -1       356 3.16843E+06-1.54047E+01-1.56496E+01-1.15853E+05-2.70566E-01-1.68745E+03
 -1       357-4.15682E+04 4.00178E+00 1.00718E+01-1.69979E+05 4.12237E-01-1.48621E+02
 -1       358 3.02559E+06 3.43156E+01 2.45666E+01-1.15829E+05-4.44096E+00-1.68790E+03
 -1       359-3.86332E+04 2.70167E+01 1.05128E+01-1.69957E+05-4.62764E+00-1.34802E+02
 -1       360 2.88264E+06 1.76235E+01 1.33483E+01-1.15809E+05 1.79631E+01-1.67138E+03
 -1       361-3.58130E+04-1.62167E+01-5.37744E+01-1.69940E+05 6.54386E+00-1.24628E+02
 -1       362 2.73952E+06-5.08718E+00-1.15493E+01-1.15767E+05 1.51897E+01-1.66757E+03
 -1       363-3.28915E+04 1.77365E+01 8.80761E+00-1.69872E+05 1.60210E+01-1.12969E+02
 -1       364 2.59658E+06 5.84617E+00 3.05391E+01-1.15750E+05 3.02585E+00-1.68037E+03
 -1       365-3.01276E+04-1.89149E+01-9.42631E+00-1.69853E+05 1.06010E+01-1.00920E+02
 -1       366 2.45335E+06 1.08576E+01 1.08266E+01-1.15755E+05 5.06746E-01-1.67940E+03
 -1       367-2.73996E+04-2.86680E+01-3.90478E+01-1.69809E+05 1.32410E+01-9.81669E+01
 -1       368 2.31022E+06 4.79734E+01 2.01782E+01-1.15748E+05-2.90859E+01-1.68385E+03
 -1       369-2.45948E+04 9.29523E+01 7.01607E+01-1.69839E+05-9.80302E+00-1.15642E+02
 -1       370 2.16678E+06-6.78454E+01-4.12290E+01-1.15753E+05 2.54593E+01-1.65689E+03
 -1       371-2.20777E+04 1.67367E+01 2.82906E+01-1.69860E+05-1.70024E+00-1.23702E+02
 -1       372 2.02344E+06-2.07239E+01 5.55630E+00-1.15684E+05 1.94109E+01-1.60471E+03
 -1       373-1.97330E+04-1.04551E+02-8.13685E+01-1.69789E+05 2.33765E+01-1.09076E+02
 -1       374 1.87997E+06 5.48456E+01 5.41970E+01-1.15711E+05-4.15614E+00-1.61196E+03
 -1       375-1.71841E+04 5.45564E+01 9.73610E+00-1.69764E+05-1.48793E+00-9.86835E+01
 -1       376 1.73640E+06 2.71097E+01 1.73321E+01-1.15671E+05 6.40100E+00-1.59838E+03
 -1       377-1.49045E+04 1.14241E+01 9.30376E+00-1.69727E+05-9.27492E+00-9.09998E+01
 -1       378 1.59255E+06 2.71921E+01-1.08416E+01-1.15660E+05-4.57378E+00-1.57273E+03
 -1       379-1.28426E+04-1.71528E+01-4.83648E+01-1.69729E+05-7.11636E-01-9.31395E+01
 -1       380 1.44881E+06 5.91559E+01 4.72594E+01-1.15622E+05-1.12810E+00-1.59197E+03
 -1       381-1.06851E+04 7.44313E+01 1.75843E+01-1.69730E+05-5.69635E+00-6.42913E+01
 -1       382 1.30477E+06 7.21842E+01 6.00177E+01-1.15619E+05 1.48605E+01-1.58469E+03
 -1       383-8.74826E+03 7.36085E+01 4.91502E+01-1.69670E+05 8.53430E+00-8.47473E+01
 -1       384 1.16048E+06 7.67794E+01 3.56608E+01-1.15611E+05 4.07875E+01-1.58820E+03
 -1       385-7.07863E+03 8.98269E+01 8.93401E+00-1.69630E+05 4.60176E+01-1.13356E+02
 -1       386 1.01617E+06 5.86970E+00-4.04783E+00-1.15537E+05 1.02488E+01-1.52309E+03
 -1       387-5.62030E+03-1.13360E+01-5.33275E+01-1.69565E+05 2.38777E+01-5.74347E+01
 -1       388 8.71627E+05 3.18788E+01 1.45028E+01-1.15509E+05-4.67438E+00-1.55389E+03
 -1       389-4.09312E+03-2.24821E+01-2.67305E+01-1.69541E+05-1.19015E+01-5.39317E+01
 -1       390 7.26920E+05-3.43388E+00 3.03023E+01-1.15465E+05 3.38702E+01-1.52409E+03
 -1       391-2.94077E+03 1.62432E+01-1.20805E+01-1.69515E+05 9.49989E-01-7.45654E+01
 -1       392 5.82016E+05 6.52500E+01 2.57834E+01-1.15491E+05-1.07084E+00-1.48547E+03
 -1       393-1.89748E+03 1.72228E+01-3.21578E+01-1.69494E+05-1.19269E+00-5.17115E+01
 -1       394 4.36843E+05 8.27375E+01-3.94793E+00-1.15384E+05 4.61092E+01-1.48291E+03
 -1       395-1.11526E+03 1.03100E+01-3.81179E+01-1.69467E+05 2.72781E+01-5.17677E+01
 -1       396 2.91387E+05 3.14386E+00 2.40787E+02-1.15465E+05-3.83702E+01-1.46282E+03
 -1       397-4.95870E+02 3.03543E+01-7.36774E+00-1.69398E+05-2.28347E+01-3.05448E+01
 -1       398 1.35992E+05-5.54336E+03-5.49723E+03-1.14843E+05-6.22749E+01-1.65330E+03
 -1       399-1.90653E+02-1.08515E+01-6.63817E+01-1.69084E+05-8.50669E+00-1.71003E+01
 -1       400 6.72750E+01 6.78687E+01 7.25125E+01-1.69147E+05-3.64385E+03 3.31426E+01
 -1       401-4.90764E+06-1.27774E+05 5.88506E+03 2.94719E+04-4.68613E+04 1.85360E+05
 -1       402-4.70146E+06-1.08969E+04-1.72603E+04-1.21550E+05 1.68442E+04 1.89143E+03
 -1       403-4.59928E+06 3.39618E+02 1.99377E+03-1.13639E+05-3.91462E+03 2.66085E+03
 -1       404-4.43743E+06-6.58847E+02-7.28608E+02-1.16127E+05 1.02313E+03 1.04868E+03
 -1       405-4.29106E+06 1.68803E+02 1.88719E+02-1.15576E+05-2.68819E+02 1.15116E+03
 -1       406-4.14157E+06-2.95564E+01-2.55239E+01-1.15763E+05 6.19809E+01 1.15896E+03
 -1       407-3.99291E+06 2.45695E+01-1.89213E+01-1.15665E+05-2.01871E+00 1.14858E+03
 -1       408-3.84397E+06 2.01724E+01-2.02052E-01-1.15677E+05 7.83879E+00 1.13080E+03
 -1       409-3.69514E+06-2.03760E+01-9.35198E+00-1.15605E+05 1.28005E+01 1.17849E+03
 -1       410-3.54634E+06-9.87620E+00 2.92162E+00-1.15611E+05-1.38011E+01 1.13741E+03
 -1       411-3.39742E+06-9.27427E+00 7.03799E-02-1.15660E+05-1.17659E+01 1.18479E+03
 -1       412-3.24870E+06 3.56434E+01 1.38759E+01-1.15678E+05 6.60542E+00 1.12245E+03
 -1       413-3.09996E+06 1.52981E+01-1.13957E+01-1.15642E+05-2.58817E+00 1.15308E+03
 -1       414-2.95128E+06-6.48137E+00-4.34817E+01-1.15641E+05 8.13665E+00 1.15463E+03
 -1       415-2.80260E+06-1.97277E+01-1.23839E+01-1.15594E+05 5.04104E+00 1.18100E+03
 -1       416-2.65397E+06-1.90402E+01 2.44273E+01-1.15578E+05-1.16835E+01 1.20070E+03
 -1       417-2.50533E+06 1.82851E+01 1.27213E+01-1.15594E+05 1.66764E+01 1.19873E+03
 -1       418-2.35690E+06 4.69406E+01-2.29158E+01-1.15591E+05 1.28106E+01 1.17073E+03
 -1       419-2.20858E+06-4.92101E+01-2.62578E+01-1.15554E+05 1.21685E+01 1.19432E+03
 -1       420-2.06020E+06 3.33012E+01 2.55347E+01-1.15574E+05-1.62746E+00 1.20057E+03
 -1       421-1.91206E+06 1.70265E+01-6.24969E+00-1.15554E+05-8.48992E+00 1.18051E+03
 -1       422-1.76393E+06-3.84273E+00-1.70911E+01-1.15532E+05-4.38829E+01 1.21220E+03
 -1       423-1.61612E+06 9.54868E+00-3.80067E+01-1.15547E+05 1.74534E+01 1.20276E+03
 -1       424-1.46823E+06-4.24369E+00-5.03127E+01-1.15499E+05 3.34707E+01 1.25238E+03
 -1       425-1.32047E+06 4.66842E+01 2.43739E+01-1.15536E+05 3.24290E+00 1.24248E+03
 -1       426-1.17311E+06 3.26189E+01-5.49020E+00-1.15466E+05 2.20142E+01 1.25774E+03
 -1       427-1.02573E+06 4.65914E+01 7.81684E-01-1.15438E+05-4.58871E+00 1.29170E+03
 -1       428-8.78538E+05 8.15215E+01 3.73436E+01-1.15423E+05-1.51871E+00 1.27360E+03
 -1       429-7.31649E+05 7.06438E+00-6.35754E+00-1.15407E+05-5.52149E+00 1.33613E+03
 -1       430-5.84816E+05-5.20077E+01-2.06324E+01-1.15413E+05-2.32572E+00 1.32865E+03
 -1       431-4.38346E+05-1.97809E+01 4.52968E+01-1.15390E+05 4.00931E+01 1.35572E+03
 -1       432-2.91880E+05 7.49165E+01-2.54231E+02-1.15418E+05-5.31914E+01 1.39144E+03
 -1       433-1.36120E+05 5.51272E+03 5.47625E+03-1.14884E+05-8.59246E+01 1.62813E+03
 -1       434 1.66634E+01 5.88038E+01 5.12351E-01-1.48116E+05 3.28854E+01-6.13763E+01
 -1       435-1.81787E+04-7.12010E+04-2.14101E+04-1.00289E+05 3.67170E+01-3.71630E+01
 -1       436 9.36887E+00-1.79082E+01-4.92740E+01-1.49061E+05-1.11288E+04-3.01848E+01
 -1       437 6.46593E+01 6.32312E+01 3.85402E+01-1.49085E+05 1.11617E+04-2.81613E+01
 -1       438 1.81889E+04 7.12730E+04 2.14210E+04-1.00332E+05-4.41209E+01-3.71141E+01
 -1       439 3.92942E+01-3.08909E+01 1.60523E+00-1.91963E+05-3.20665E+01-2.45243E+01
 -1       440 2.25773E+02-1.01012E+02 1.19290E+01-1.84467E+05 1.36044E+02-5.94117E+01
 -1       441 6.78830E+02-2.11099E+01-6.40465E+01-1.84177E+05-5.18159E+00-3.79314E+01
 -1       442 1.53712E+03-6.93215E+01 2.13755E+01-1.84176E+05 8.33976E+00-5.82038E+01
 -1       443 2.38449E+03 6.08034E+01 1.31643E+01-1.84145E+05 5.39706E+01-8.38873E+01
 -1       444 3.43179E+03-9.26098E+01-1.45384E+01-1.84098E+05 2.30130E+01-1.40622E+02
 -1       445 4.77668E+03-7.21116E+01-6.59561E+01-1.84067E+05-3.71423E+01-1.38360E+02
 -1       446 6.23866E+03-4.79219E+01-8.35131E+01-1.84035E+05-2.12256E+01-1.28323E+02
 -1       447 7.88862E+03-3.41982E+01-5.82141E+00-1.84034E+05 1.14519E+01-1.55618E+02
 -1       448 9.85700E+03-7.86044E+00 4.26656E+01-1.83998E+05 5.91869E+01-1.97538E+02
 -1       449 1.17331E+04-3.70091E+01 5.34188E+01-1.83985E+05 3.21854E+01-2.31813E+02
 -1       450 1.38470E+04-6.89892E+01 3.05586E+00-1.83954E+05-3.77769E+01-2.22930E+02
 -1       451 1.59968E+04-7.03470E+01-1.13300E+01-1.83949E+05 1.84251E+01-2.51563E+02
 -1       452 1.83737E+04-2.42966E+01-2.17471E+01-1.83917E+05 2.37638E+01-2.15179E+02
 -1       453 2.08747E+04-7.39474E+01-4.99341E+01-1.83842E+05-8.79170E-02-2.32559E+02
 -1       454 2.33591E+04-7.14884E+00-1.78422E+01-1.83813E+05 2.16237E+01-2.39400E+02
 -1       455 2.60750E+04-8.21631E+00 9.15874E+00-1.83778E+05-2.12629E+01-2.59990E+02
 -1       456 2.87379E+04 5.13993E-01 3.09407E+01-1.83817E+05-1.23615E+01-2.63958E+02
 -1       457 3.15521E+04-7.86357E+01-2.58913E+01-1.83772E+05-6.34677E+00-2.82767E+02
 -1       458 3.43040E+04-7.16859E+00-3.11911E+01-1.83769E+05 6.54899E-01-2.71655E+02
 -1       459 3.71972E+04 3.58441E+01 1.89911E+01-1.83719E+05 4.01624E+01-2.79890E+02
 -1       460 4.02078E+04-2.45664E+01 2.40827E+01-1.83694E+05-4.29560E+00-3.15572E+02
 -1       461 4.30762E+04-5.38733E+00-2.88392E-01-1.83679E+05-9.52059E-01-2.84623E+02
 -1       462 4.60268E+04 2.36658E+01-5.83715E-01-1.83671E+05-3.76966E+00-3.13086E+02
 -1       463 4.91740E+04 2.10160E+01 3.57737E+01-1.83684E+05-6.14626E+00-3.32835E+02
 -1       464 5.18806E+04-8.76206E+01-5.78241E+01-1.83710E+05 1.38993E+00-2.90420E+02
 -1       465 5.51386E+04-5.61917E+00 1.20591E+00-1.83584E+05 2.52123E+01-2.92653E+02
 -1       466 5.80669E+04 2.01715E+01 2.03154E+01-1.83598E+05-6.57521E+01-2.91392E+02
 -1       467 6.12303E+04-7.21734E+00-1.56809E+01-1.83529E+05 2.80436E+02-3.16853E+02
 -1       468 6.41705E+04 1.84331E+01 4.50811E+01-1.83916E+05-1.29141E+03-2.72557E+02
 -1       469 6.71807E+04-4.82869E+01-2.69603E+02-1.83432E+05 5.15290E+03-3.42195E+02
 -1       470 7.03115E+04-1.05799E+02 9.19583E+02-1.99638E+05-2.51485E+04-1.68296E+02
 -1       471 7.78721E+04 4.39131E+03-1.25826E+03-1.96762E+05 1.94347E+04 1.73308E+03
 -1       472 1.36051E+05-5.63953E+03-5.55383E+03-1.14817E+05 1.36624E+02 1.63498E+03
 -1       473 2.69363E+01-3.22776E+01-3.60848E+01-1.69154E+05 3.69419E+03-6.05824E+00
 -1       474 2.91833E+05-1.31408E+02 1.58554E+02-1.15340E+05 6.34804E+01 1.39513E+03
 -1       475 1.40936E+02-6.49848E+01 2.43347E+01-1.68971E+05 3.04469E+01-3.05518E+01
 -1       476 4.38255E+05-3.71239E+01-1.06996E+02-1.15240E+05 8.23212E+00 1.38538E+03
 -1       477 4.84717E+02 1.32261E+01 3.92848E+01-1.69235E+05 7.27384E+01 7.48054E+00
 -1       478 5.84856E+05-5.90517E+01-4.19388E+00-1.15240E+05 3.60357E+01 1.35594E+03
 -1       479 1.16492E+03-2.81474E-01 6.07988E+01-1.69231E+05-8.03744E+00-2.64118E+01
 -1       480 7.31620E+05-2.05583E+01-1.31440E+00-1.15220E+05 3.10153E+01 1.30223E+03
 -1       481 1.88826E+03-1.79770E+01-1.64775E+00-1.69197E+05 7.53833E+00-2.16664E+01
 -1       482 8.78539E+05-3.74334E+01-2.39424E+01-1.15184E+05 1.70057E+01 1.29251E+03
 -1       483 2.96238E+03 3.34972E+01 5.60851E+01-1.69138E+05 3.46930E+01-5.47795E+01
 -1       484 1.02570E+06-3.79245E+01-4.14264E+01-1.15170E+05 1.29120E+01 1.27525E+03
 -1       485 4.10116E+03-5.87404E+01-3.51016E+00-1.69129E+05 1.10071E+01-5.46307E+01
 -1       486 1.17307E+06-8.62977E+00-3.76111E+01-1.15151E+05 9.70953E+00 1.28779E+03
 -1       487 5.56839E+03 7.05039E+00 6.16224E+00-1.69106E+05-2.41188E+01-7.48223E+01
 -1       488 1.32045E+06-9.20140E+01-7.98360E+01-1.15141E+05 3.19105E+01 1.25560E+03
 -1       489 7.08429E+03-2.88391E+01-2.58953E+01-1.69086E+05-1.27551E+01-6.74223E+01
 -1       490 1.46831E+06-2.74335E+01 3.17088E+01-1.15099E+05 2.89928E+01 1.20898E+03
 -1       491 8.85228E+03-4.08190E+01 1.27064E+00-1.69026E+05 2.15377E+01-5.54797E+01
 -1       492 1.61606E+06 6.42362E+00 2.62031E+01-1.15089E+05 1.65570E+01 1.17769E+03
 -1       493 1.08108E+04-5.35692E+00 5.18965E+01-1.69016E+05 4.20138E+01-1.11345E+02
 -1       494 1.76397E+06-4.48650E+01-1.31712E+01-1.15074E+05-1.33451E+01 1.16444E+03
 -1       495 1.27948E+04-2.52406E+01 3.26250E+01-1.69021E+05-8.43725E+00-8.48640E+01
 -1       496 1.91201E+06-4.89185E+01-4.52996E+01-1.15066E+05 2.25040E+01 1.17424E+03
 -1       497 1.49347E+04-4.88868E+01 1.84219E+01-1.69003E+05-1.18373E+01-1.13628E+02
 -1       498 2.06017E+06-4.05526E+01-6.02542E+01-1.15032E+05 1.46297E+01 1.18358E+03
 -1       499 1.71841E+04-1.01404E+01 2.48653E+01-1.68975E+05 1.53249E+01-1.12953E+02
 -1       500 2.20859E+06-2.88960E+00 1.53806E-01-1.14985E+05 1.08521E+00 1.16698E+03
 -1       501 1.96475E+04-3.75065E+01-9.79364E+00-1.68904E+05-2.76813E+00-9.06436E+01
 -1       502 2.35683E+06-3.47578E+01-4.06523E+01-1.14931E+05 2.24939E+01 1.18164E+03
 -1       503 2.21264E+04-2.65973E+01-2.68587E+01-1.68873E+05 1.36581E+01-1.00788E+02
 -1       504 2.50552E+06 1.32986E+01 4.48232E+01-1.14954E+05-1.83164E+01 1.17523E+03
 -1       505 2.47391E+04-1.33275E+00-1.05487E+01-1.68810E+05 6.65385E+00-9.39945E+01
 -1       506 2.65399E+06-2.93770E+01-4.09381E+00-1.14967E+05 1.98009E+01 1.13407E+03
 -1       507 2.74341E+04 4.44164E+01 5.49748E+01-1.68846E+05-5.10626E+00-1.05614E+02
 -1       508 2.80250E+06-7.06491E+01-4.42153E+01-1.14938E+05-1.40737E+00 1.13633E+03
 -1       509 3.01531E+04-2.76788E+01 3.34233E+01-1.68854E+05-4.43337E+00-9.81194E+01
 -1       510 2.95129E+06 1.44183E+01-9.12341E+00-1.14935E+05-5.41073E-01 1.13869E+03
 -1       511 3.28732E+04-6.67047E+01-3.72569E+01-1.68793E+05-1.39601E+01-1.25740E+02
 -1       512 3.09996E+06 3.88061E+01 4.08050E+00-1.14905E+05 2.73117E+01 1.12361E+03
 -1       513 3.58104E+04 5.90576E+01 4.07017E+01-1.68790E+05 2.09290E+01-1.38100E+02
 -1       514 3.24874E+06-7.13448E+00 1.76421E+01-1.14847E+05 1.61106E+00 1.09939E+03
 -1       515 3.87318E+04 9.70982E+00 1.73201E+01-1.68735E+05 1.20684E+01-1.25950E+02
 -1       516 3.39756E+06-1.62600E+01-8.65002E+00-1.14887E+05-1.87411E+01 1.13759E+03
 -1       517 4.15441E+04-7.16797E+01-6.47214E+01-1.68721E+05-5.08099E+00-1.31556E+02
 -1       518 3.54628E+06 1.12523E+00-2.74713E+00-1.14838E+05 1.78564E+01 1.12503E+03
 -1       519 4.46075E+04 4.72418E+01 4.27446E+01-1.68712E+05 3.32312E+00-1.31394E+02
 -1       520 3.69535E+06 3.59014E+01 3.95169E+01-1.14903E+05-1.00650E+01 1.07799E+03
 -1       521 4.76107E+04 3.76315E+01 4.06501E+01-1.68716E+05 7.44954E-01-1.42458E+02
 -1       522 3.84375E+06-8.25756E+01-9.89008E+01-1.14865E+05 1.39842E+01 1.13991E+03
 -1       523 5.05216E+04-3.56519E+01-4.99469E+00-1.68752E+05-3.97432E+00-1.60014E+02
 -1       524 3.99299E+06 2.40472E+01 2.33695E+01-1.14819E+05 2.34196E+00 1.11016E+03
 -1       525 5.35268E+04-3.50858E+01-2.54064E+01-1.68674E+05 1.50240E+01-1.22009E+02
 -1       526 4.14162E+06 5.08287E+01 3.19014E+01-1.14809E+05-7.33338E+01 1.14056E+03
 -1       527 5.65773E+04-1.36028E+01-1.37441E+01-1.68646E+05-2.29525E+01-1.27952E+02
 -1       528 4.29107E+06-2.28728E+02-1.68731E+02-1.14709E+05 2.58009E+02 1.08584E+03
 -1       529 5.97240E+04 4.21822E+01 2.93535E+01-1.68500E+05 1.04728E+02-1.24350E+02
 -1       530 4.43757E+06 6.81484E+02 7.47137E+02-1.15309E+05-1.00548E+03 1.04546E+03
 -1       531 6.26264E+04-2.77730E+01 2.30367E+00-1.69197E+05-4.81197E+02-1.26963E+02
 -1       532 4.59935E+06-3.51855E+02-1.97972E+03-1.12836E+05 3.90514E+03 2.61065E+03
 -1       533 6.57414E+04 2.44489E+01-8.01700E+01-1.66077E+05 1.81203E+03-1.21805E+02
 -1       534 4.70147E+06 1.09626E+04 1.72610E+04-1.20748E+05-1.68372E+04 1.81108E+03
 -1       535 6.89307E+04-3.43474E+01 3.91846E+02-1.78055E+05-6.99646E+03-2.10673E+02
 -1       536 4.90775E+06 1.27786E+05-5.89076E+03 3.03508E+04 4.68661E+04 1.85362E+05
 -1       537 7.06879E+04 1.96829E+02-2.02057E+03-7.98557E+04-2.55578E+03 2.94125E+02
 -1       538 7.48913E+04 7.55619E+03 4.99615E+03 3.14338E+05-1.94023E+05-4.20658E+03
 -1       539-1.35967E+05 5.55692E+03 5.55009E+03-1.14833E+05 1.14613E+02-1.67089E+03
 -1       540-2.91324E+05 2.76907E+01-1.83352E+02-1.15358E+05 7.37115E+01-1.45222E+03
 -1       541-4.36842E+05-6.63958E+01 3.31254E+01-1.15271E+05-4.61624E+01-1.49212E+03
 -1       542-5.81892E+05 7.76370E+00 4.34666E+01-1.15316E+05 1.54742E+01-1.45108E+03
 -1       543-7.26836E+05 3.22287E+01 7.89655E-01-1.15266E+05-9.95650E-01-1.52305E+03
 -1       544-8.71683E+05-4.85055E+01-3.07430E+01-1.15293E+05-1.02679E+01-1.50294E+03
 -1       545-1.01609E+06-8.85419E+00 3.57628E+01-1.15241E+05-2.16646E+01-1.53746E+03
 -1       546-1.16053E+06-3.60595E-02 7.17281E-01-1.15243E+05-3.06152E+00-1.52879E+03
 -1       547-1.30462E+06 6.16373E+01 6.00546E+01-1.15245E+05 3.16345E+01-1.55948E+03
 -1       548-1.44864E+06 4.45883E+01 1.55503E+01-1.15199E+05 1.39820E+01-1.56846E+03
 -1       549-1.59260E+06-3.60156E+01 1.41145E+01-1.15225E+05 8.59723E+00-1.56889E+03
 -1       550-1.73629E+06-4.65594E+01 6.93367E+00-1.15237E+05 3.39968E+00-1.59229E+03
 -1       551-1.88002E+06-4.89212E+01 1.28580E+01-1.15226E+05 1.00480E+01-1.57186E+03
 -1       552-2.02334E+06-1.97945E+01 4.38437E+01-1.15189E+05 9.65035E+00-1.62562E+03
 -1       553-2.16680E+06-6.71154E-01-2.60110E+01-1.15112E+05 2.51581E+00-1.58814E+03
 -1       554-2.31011E+06 1.98014E+01 2.35426E+01-1.15090E+05 9.69291E+00-1.63767E+03
 -1       555-2.45333E+06-7.60002E+00-4.45462E+00-1.15097E+05-1.67566E+01-1.64082E+03
 -1       556-2.59648E+06-6.97751E+00 2.61157E+01-1.15145E+05-6.25110E+00-1.65269E+03
 -1       557-2.73952E+06-1.23644E+01-8.90595E+00-1.15128E+05-2.68931E+00-1.65750E+03
 -1       558-2.88261E+06-1.20885E+01-1.66946E+01-1.15100E+05-1.14166E+01-1.63809E+03
 -1       559-3.02556E+06-1.78490E+01 1.26415E+01-1.15105E+05 1.07055E+01-1.64697E+03
 -1       560-3.16837E+06 2.55518E+01 3.97351E+01-1.15028E+05 2.25027E+01-1.64877E+03
 -1       561-3.31136E+06 1.32047E+01-1.67169E+01-1.15050E+05-6.33883E+00-1.67414E+03
 -1       562-3.45422E+06 1.51895E+01 2.24432E+01-1.15027E+05 4.27291E-02-1.67598E+03
 -1       563-3.59703E+06-7.24994E+00-1.95449E-01-1.15094E+05-2.16804E+01-1.71021E+03
 -1       564-3.73997E+06-4.87538E+01-1.75936E+01-1.15049E+05 9.19481E+00-1.65325E+03
 -1       565-3.88270E+06-1.24959E+01 1.58412E+01-1.15019E+05 2.07928E+01-1.65681E+03
 -1       566-4.02542E+06-3.20611E+01-4.14804E+01-1.14972E+05-5.67365E+01-1.68066E+03
 -1       567-4.16870E+06 2.04300E+02 1.70845E+02-1.14918E+05 2.51394E+02-1.64562E+03
 -1       568-4.30908E+06-6.12253E+02-6.38912E+02-1.15453E+05-1.02411E+03-1.57053E+03
 -1       569-4.46515E+06 1.11367E+02 1.45548E+03-1.13087E+05 3.88344E+03-3.27972E+03
 -1       570-4.55982E+06-9.92505E+03-1.49400E+04-1.21053E+05-1.66965E+04-1.83537E+03
 -1       571-4.75703E+06-1.24686E+05 2.61652E+03 2.96842E+04 4.63318E+04-1.84096E+05
 -1       572 4.20533E+01 1.63543E+01 1.63545E+01 3.49706E+05-1.15994E-04 1.91970E+03
 -1       573 4.92742E+06 1.91615E+06 1.91615E+06-2.63438E+05-1.75844E-02 4.06772E+03
 -1       574 3.82872E+04 1.48890E+04 1.48889E+04 6.19681E+05-1.86147E+00-2.57129E+03
 -1       575-3.81712E+04-1.48439E+04-1.48438E+04 6.19239E+05 1.86185E+00-2.56040E+03
 -1       576-4.92737E+06-1.91613E+06-1.91614E+06-2.63425E+05 1.78901E-02 4.50220E+03
 -1       577 1.02551E+07-1.46632E+05 4.59930E+05 2.08440E+05-2.51051E+01-1.96165E+03
 -1       578 9.33788E+06 1.15311E+05-1.91428E+04-8.52177E+03-2.08680E+02-2.52830E+03
 -1       579 9.03145E+06-3.48676E+04-2.25181E+03-3.38680E+04 2.64322E+01-2.42721E+03
 -1       580 8.75283E+06 8.70373E+03 1.00951E+03-2.82905E+04 6.34034E+00-2.43831E+03
 -1       581 8.45769E+06-2.10794E+03-2.92865E+02-2.96386E+04 9.19057E+00-2.48280E+03
 -1       582 8.16685E+06 5.04010E+02 8.07573E+01-2.93433E+04-8.36167E+00-2.55255E+03
 -1       583 7.87520E+06-8.54199E+01-3.19455E+01-2.93665E+04 1.76256E+00-2.48748E+03
 -1       584 7.58325E+06-4.22227E+01-3.06740E+01-2.93645E+04-2.38493E+01-2.42230E+03
 -1       585 7.29180E+06 6.34072E+01 1.08100E+02-2.94004E+04 7.67373E+00-2.33535E+03
 -1       586 7.00012E+06-1.74299E+01-4.65614E+01-2.93965E+04 8.12602E+00-2.39506E+03
 -1       587 6.70854E+06 5.65208E+00 2.81337E+01-2.93459E+04 1.12269E+00-2.39826E+03
 -1       588 6.41663E+06-3.02248E+01-3.44087E+01-2.94210E+04-1.24503E+01-2.36012E+03
 -1       589 6.12518E+06-1.69673E+00-6.26874E+01-2.93943E+04-1.00108E+01-2.31048E+03
 -1       590 5.83340E+06-2.71005E+01 7.92918E+00-2.93984E+04-1.62430E+01-2.25739E+03
 -1       591 5.54190E+06 3.25670E+01 2.74061E+01-2.93788E+04-6.93049E+00-2.16726E+03
 -1       592 5.25003E+06 5.24486E+01 8.93295E+01-2.93764E+04 2.02838E+00-2.07441E+03
 -1       593 4.95855E+06 3.05430E+01 1.87015E+01-2.93219E+04 6.49211E+00-2.07789E+03
 -1       594 4.66669E+06-1.13904E+02-4.53464E+01-2.94206E+04-2.54412E+01-2.04506E+03
 -1       595 4.37511E+06 4.66936E+01 4.29089E+01-2.94081E+04-1.38349E+00-1.95159E+03
 -1       596 4.08333E+06-1.98899E+00-2.95995E+01-2.94311E+04-3.12618E+01-1.86812E+03
 -1       597 3.79176E+06-2.53901E+01-1.17262E+01-2.93780E+04-2.06811E+01-1.75780E+03
 -1       598 3.50009E+06 5.23347E+01 4.02728E+01-2.93996E+04 9.46483E+00-1.60456E+03
 -1       599 3.20838E+06-2.19263E+01-2.98528E+00-2.94764E+04-1.08638E+01-1.53740E+03
 -1       600 2.91683E+06 6.94261E+01 5.38944E+01-2.94203E+04-1.40440E+01-1.47942E+03
 -1       601 2.62510E+06 2.06095E+01 4.98417E+00-2.93685E+04-2.61585E+01-1.31449E+03
 -1       602 2.33356E+06 4.42301E+01 4.91114E+00-2.93444E+04-6.13081E-01-1.21484E+03
 -1       603 2.04154E+06-9.68321E+01-8.08593E+00-2.93955E+04-1.57670E+01-1.03678E+03
 -1       604 1.75017E+06-2.89851E+01 2.86534E+01-2.93715E+04-2.74278E+01-9.03504E+02
 -1       605 1.45829E+06-5.87767E+01-5.81129E+01-2.94154E+04-2.86702E+01-7.41596E+02
 -1       606 1.16682E+06 5.10726E+01 3.35637E+01-2.93717E+04-3.14018E+01-6.10374E+02
 -1       607 8.75037E+05 7.29107E+01 1.21372E+02-2.94395E+04-2.76171E+01-4.68203E+02
 -1       608 5.83217E+05-3.46438E+02-5.94362E+02-2.90563E+04-9.04928E+00-2.74893E+02
 -1       609 2.93579E+05-1.26851E+03 2.52527E+02-2.17352E+04 1.73004E+01-9.73183E+01
 -1       610 9.93650E+06-2.10958E+05 1.52069E+05 9.59810E+04 3.28093E+04 7.71315E+04
 -1       611 9.71884E+06 6.38635E+05 7.93021E+05-5.58075E+05-1.76888E+03 2.16749E+03
 -1       612 9.42279E+06 1.38826E+05 5.05401E+04 9.02431E+03-5.39045E+03 1.59786E+04
 -1       613 9.35239E+06-2.43490E+05-1.85188E+04 3.85881E+04-1.54102E+02-1.36931E+03
 -1       614 9.06407E+06-3.26075E+04-1.10647E+04-3.43733E+04 1.89408E+03 6.29081E+03
 -1       615 9.20869E+06 5.09382E+04-1.49731E+03-2.22148E+04-7.41109E+01-2.32133E+03
 -1       616 8.78526E+06 7.86246E+03 2.54147E+03-2.67023E+04-4.96539E+02 4.87327E+03
 -1       617 8.89531E+06-1.10587E+04 8.74520E+02-1.34202E+04 1.37841E+01-2.24387E+03
 -1       618 8.48874E+06-1.85192E+03-5.10928E+02-2.85227E+04 1.50142E+02 5.21018E+03
 -1       619 8.60440E+06 2.49190E+03-2.91723E+02-1.45650E+04 1.87513E+01-2.29230E+03
 -1       620 8.19624E+06 4.29919E+02 1.15605E+02-2.80999E+04-4.37165E+01 5.07292E+03
 -1       621 8.31307E+06-5.46118E+02 1.10136E+02-1.44044E+04 5.31945E+00-2.34680E+03
 -1       622 7.90310E+06-4.99014E+01-2.33672E+01-2.81913E+04-1.34152E+01 5.11228E+03
 -1       623 8.02123E+06 1.36916E+02-4.73592E+01-1.44283E+04-1.03505E+01-2.33826E+03
 -1       624 7.60956E+06-4.37972E+01-4.98948E+01-2.81605E+04 3.96146E+00 5.19324E+03
 -1       625 7.72959E+06-5.99711E+01-2.69675E+01-1.43863E+04-1.76521E+01-2.28409E+03
 -1       626 7.31674E+06 6.24888E+01 7.95248E+01-2.82387E+04 1.30553E+00 5.17453E+03
 -1       627 7.43790E+06 4.06252E+01 6.36575E+01-1.44300E+04-1.14753E+01-2.22011E+03
 -1       628 7.02339E+06-3.72054E+01-4.30508E+01-2.81837E+04 1.13894E+01 5.20215E+03
 -1       629 7.14623E+06-5.43768E-01 9.66767E+00-1.44164E+04 7.49031E+00-2.19379E+03
 -1       630 6.73039E+06 1.91791E+01 2.08226E+01-2.81757E+04-1.21810E+01 5.17829E+03
 -1       631 6.85468E+06-1.89867E+00 5.82790E-02-1.44271E+04 1.13744E+01-2.23655E+03
 -1       632 6.43705E+06-9.10165E+00-1.05900E+01-2.82007E+04-2.85040E+00 5.19747E+03
 -1       633 6.56285E+06-1.59308E+01-1.02810E+01-1.44141E+04-1.56788E+01-2.21281E+03
 -1       634 6.14404E+06 3.64017E+00-4.69771E+01-2.82012E+04 3.43572E+00 5.22882E+03
 -1       635 6.27125E+06 1.72413E+01-2.35982E+01-1.44508E+04-1.63421E+00-2.17619E+03
 -1       636 5.85091E+06-3.63975E-01 6.42091E+00-2.81896E+04-9.36833E+00 5.30024E+03
 -1       637 5.97950E+06-3.59329E+01-5.10310E+01-1.44339E+04-9.84408E+00-2.11985E+03
 -1       638 5.55776E+06 1.45214E+01 7.73376E+00-2.81987E+04-6.62207E+00 5.32082E+03
 -1       639 5.68790E+06-2.62740E+00 2.58787E+01-1.44291E+04-1.77478E+01-2.04007E+03
 -1       640 5.26472E+06 1.27995E+01 6.56002E+01-2.81936E+04 1.94179E+01 5.35055E+03
 -1       641 5.39622E+06 5.37544E+01 5.86372E+01-1.43870E+04-5.73509E+00-1.97176E+03
 -1       642 4.97182E+06 2.53764E+01 4.59979E+01-2.81731E+04-1.65238E+01 5.37176E+03
 -1       643 5.10453E+06 3.25992E+01 3.52239E+01-1.44112E+04 1.07007E+01-1.93287E+03
 -1       644 4.67858E+06-5.87873E+01-4.58797E+01-2.81763E+04 1.98117E+00 5.43692E+03
 -1       645 4.81279E+06-4.59297E+01-2.27297E+01-1.44065E+04-1.35572E+01-1.90007E+03
 -1       646 4.38577E+06 3.98288E+01-5.87777E+00-2.82064E+04-1.34905E+01 5.46351E+03
 -1       647 4.52114E+06-1.09997E+01 1.80908E+01-1.44396E+04-1.20908E+01-1.86379E+03
 -1       648 4.09274E+06-1.47245E+01-4.07198E+01-2.82118E+04-1.34834E+01 5.55377E+03
 -1       649 4.22938E+06-5.87511E+00-1.34239E+01-1.44669E+04-1.62133E+00-1.76557E+03
 -1       650 3.79998E+06-8.39270E+00 1.73521E+00-2.82226E+04-6.79164E+00 5.58414E+03
 -1       651 3.93780E+06 7.68258E+00-3.20446E+00-1.44448E+04-2.18684E+01-1.67784E+03
 -1       652 3.50719E+06 3.63651E+01 5.71171E+01-2.82178E+04-7.42119E+00 5.64861E+03
 -1       653 3.64607E+06 1.38658E+01 4.77518E+00-1.44398E+04-1.62879E+01-1.54941E+03
 -1       654 3.21445E+06 2.62490E+01 1.57241E+01-2.82660E+04 1.30381E+01 5.74893E+03
 -1       655 3.35430E+06-4.89022E+01-5.79270E+01-1.44734E+04-9.15260E+00-1.46382E+03
 -1       656 2.92186E+06 3.93320E+01 2.59124E+01-2.82286E+04-1.52580E+01 5.77544E+03
 -1       657 3.06279E+06 1.79795E+01 1.75843E+01-1.44856E+04-1.01260E+01-1.40752E+03
 -1       658 2.62912E+06-3.32270E+01-1.33328E+01-2.82063E+04 1.20141E+01 5.87177E+03
 -1       659 2.77107E+06 2.28303E+01 1.59205E+01-1.44460E+04-2.11733E+01-1.29135E+03
 -1       660 2.33680E+06 3.99329E+01 3.14088E+01-2.82306E+04 1.52162E+00 5.89424E+03
 -1       661 2.47944E+06 6.64798E+01 2.85652E+01-1.44089E+04-5.02680E-01-1.17793E+03
 -1       662 2.04414E+06-6.64528E+01-3.59531E+01-2.82210E+04-5.85939E-01 6.03745E+03
 -1       663 2.18761E+06-7.67217E+00 9.99184E-01-1.43844E+04-8.88268E-01-1.02846E+03
 -1       664 1.75198E+06 1.13747E+01 2.13592E+01-2.82328E+04-2.08567E+00 6.13366E+03
 -1       665 1.89596E+06-5.29782E+01 1.83082E+01-1.44270E+04-2.58752E+00-9.07802E+02
 -1       666 1.45964E+06-4.75942E+01-4.77066E+01-2.82302E+04-8.81885E+00 6.23481E+03
 -1       667 1.60430E+06-4.22765E+01-1.65253E+01-1.44376E+04-2.45843E+01-7.50377E+02
 -1       668 1.16758E+06 5.33362E+01 9.37028E+01-2.82198E+04 1.54474E+01 6.33732E+03
 -1       669 1.31263E+06-2.87792E+00-4.03724E+01-1.44304E+04-2.43241E+01-6.45151E+02
 -1       670 8.75510E+05 4.48698E+01-3.22045E+01-2.82479E+04-1.61733E+01 6.40397E+03
 -1       671 1.02095E+06 7.47805E+01 6.67087E+01-1.44328E+04-1.88888E+01-4.94840E+02
 -1       672 5.83314E+05-2.99943E+02-1.98796E+02-2.79955E+04-4.13240E+01 6.60427E+03
 -1       673 7.29250E+05-3.95077E+01-2.20396E+02-1.44508E+04-1.76912E+01-3.32915E+02
 -1       674 2.92848E+05-1.42183E+03-1.22417E+03-2.10857E+04 5.89940E+02 4.89896E+03
 -1       675 4.38373E+05 3.69479E+02 5.00123E+02-1.46932E+04-6.03377E+00-1.82461E+02
 -1       676 1.68560E+05 5.39228E+03-3.29889E+02-1.65110E+04-8.83676E+00-6.09354E+01
 -1       677 9.86295E+06-2.10676E+05 1.50021E+05 9.33632E+04-3.22645E+04-7.73464E+04
 -1       678 9.35310E+06 1.38434E+05 5.02850E+04 8.81762E+03 5.10379E+03-1.90863E+04
 -1       679 8.99678E+06-3.25540E+04-1.10290E+04-3.45204E+04-1.84953E+03-9.35047E+03
 -1       680 8.72105E+06 7.84671E+03 2.52308E+03-2.68426E+04 4.94359E+02-7.95256E+03
 -1       681 8.42765E+06-1.81406E+03-5.46697E+02-2.86420E+04-1.30207E+02-8.35749E+03
 -1       682 8.13812E+06 4.25427E+02 1.17929E+02-2.82532E+04 3.16019E+01-8.28456E+03
 -1       683 7.84799E+06-7.63922E+01 3.72469E+00-2.82950E+04-6.72032E-01-8.28035E+03
 -1       684 7.55760E+06-4.16852E+01-3.19487E+01-2.83025E+04-1.88757E+01-8.22337E+03
 -1       685 7.26759E+06 2.12644E+01 4.59597E+01-2.83165E+04 5.43622E+00-8.18379E+03
 -1       686 6.97741E+06-1.14092E+01-2.54775E+01-2.83130E+04 9.87154E-01-8.22536E+03
 -1       687 6.68731E+06 3.51036E+01 5.02537E+01-2.82778E+04 2.28893E+00-8.22060E+03
 -1       688 6.39690E+06-1.87838E+01-1.63430E+01-2.83299E+04-1.45116E+01-8.19387E+03
 -1       689 6.10680E+06-9.69340E+00-5.23316E+01-2.83053E+04 9.56453E-01-8.15465E+03
 -1       690 5.81650E+06-3.57326E+01-2.93783E+00-2.83102E+04-8.40133E+00-8.13904E+03
 -1       691 5.52626E+06 1.35450E+01-1.02288E+00-2.83159E+04 9.77900E-01-8.04883E+03
 -1       692 5.23597E+06 1.52352E+01 4.69602E+01-2.83182E+04 8.82679E+00-8.01093E+03
 -1       693 4.94565E+06-1.66039E+01 1.03552E+01-2.83116E+04 2.15388E+00-7.98996E+03
 -1       694 4.65536E+06 1.32116E+00 4.38485E+01-2.82833E+04-4.34618E+01-8.03438E+03
 -1       695 4.36479E+06 3.09210E+01 5.53111E+01-2.82897E+04-1.91431E+00-7.94583E+03
 -1       696 4.07433E+06 5.44087E+00-2.40529E+01-2.83279E+04 7.29533E+00-7.86224E+03
 -1       697 3.78384E+06-5.79751E+01-5.22498E+01-2.83133E+04-2.57590E+01-7.78924E+03
 -1       698 3.49330E+06 7.71474E+00-2.23856E+01-2.82914E+04 1.24524E+01-7.70497E+03
 -1       699 3.20267E+06-1.27193E+01-2.75391E+01-2.83387E+04 2.92252E+00-7.69400E+03
 -1       700 2.91204E+06 3.82252E+01 5.36023E+01-2.83007E+04-1.73904E+00-7.66909E+03
 -1       701 2.62119E+06-1.03850E+01-1.06271E+01-2.82732E+04-1.04019E+01-7.53743E+03
 -1       702 2.33035E+06-4.96286E+01-1.37494E+01-2.82667E+04-1.06616E+01-7.43913E+03
 -1       703 2.03935E+06 8.32745E+00 9.38503E+00-2.82927E+04-1.70395E+01-7.35680E+03
 -1       704 1.74842E+06-1.35249E+01-4.05614E+00-2.82597E+04-3.43649E+01-7.27190E+03
 -1       705 1.45728E+06 4.16026E+01 7.32785E+01-2.82585E+04-2.22843E+01-7.20359E+03
 -1       706 1.16601E+06-8.18401E+00-5.66697E+01-2.82635E+04-1.17406E+01-7.07254E+03
 -1       707 8.74689E+05 1.91014E+01 1.17229E+01-2.82686E+04-4.16780E+01-6.98902E+03
 -1       708 5.82989E+05-2.62855E+02-1.59416E+02-2.80172E+04 6.48515E+01-6.91852E+03
 -1       709 2.92738E+05-1.45553E+03-1.27302E+03-2.10932E+04-5.51393E+02-5.03626E+03
 -1       710-1.02551E+07 1.46592E+05-4.59960E+05 2.08413E+05-2.13073E+01-5.10328E+02
 -1       711-9.33786E+06-1.15350E+05 1.91048E+04-8.50252E+03 1.91000E+02-1.26447E+03
 -1       712-9.03140E+06 3.49249E+04 2.27998E+03-3.38768E+04-1.67277E+01-1.22781E+03
 -1       713-8.75277E+06-8.70469E+03-9.24925E+02-2.82846E+04 2.13626E+01-1.20553E+03
 -1       714-8.45772E+06 2.08713E+03 2.17996E+02-2.96176E+04 5.92039E-01-1.18091E+03
 -1       715-8.16662E+06-4.50453E+02-5.25732E+01-2.93561E+04 1.17433E+01-1.13431E+03
 -1       716-7.87527E+06 8.05305E+01 2.51924E+01-2.93815E+04-2.40194E+01-1.19605E+03
 -1       717-7.58316E+06 1.11539E+01 1.58611E+01-2.94213E+04-1.88555E+01-1.20962E+03
 -1       718-7.29204E+06-7.72723E+01-5.95558E+01-2.93016E+04 1.07529E+01-1.26663E+03
 -1       719-6.99975E+06 5.35383E+01 4.20160E+01-2.94163E+04 8.31747E+00-1.23826E+03
 -1       720-6.70867E+06-4.21032E+01 9.09125E+00-2.93110E+04 2.42690E+01-1.19264E+03
 -1       721-6.41643E+06 1.13361E+02 4.47420E+01-2.94637E+04-7.82998E+00-1.15801E+03
 -1       722-6.12523E+06 1.87627E+00-1.57125E+01-2.93893E+04-2.17398E+01-1.17647E+03
 -1       723-5.83330E+06-1.12722E+01 5.41889E+00-2.94269E+04 1.38128E+00-1.17112E+03
 -1       724-5.54205E+06-1.03344E+02-2.01878E+01-2.93555E+04 9.18011E+00-1.21474E+03
 -1       725-5.24998E+06-2.26244E+01-2.89869E+01-2.93290E+04 8.47993E+00-1.19404E+03
 -1       726-4.95843E+06 6.24452E+01-3.82277E+00-2.93272E+04 3.15502E+01-1.12861E+03
 -1       727-4.66655E+06 1.06628E+02 5.55578E+01-2.94404E+04-3.23438E+00-1.05616E+03
 -1       728-4.37511E+06-1.05685E+02-2.55304E+01-2.94333E+04-7.05166E+00-1.05504E+03
 -1       729-4.08343E+06-9.30917E+00 1.14259E+00-2.93789E+04-8.89172E+00-1.03435E+03
 -1       730-3.79164E+06 2.63331E+01 4.63257E+01-2.94323E+04-5.14624E+00-1.02335E+03
 -1       731-3.50016E+06 2.11912E+01 3.85710E+01-2.93926E+04 1.26565E+01-9.60990E+02
 -1       732-3.20819E+06 7.63380E+01 3.93859E+01-2.94523E+04 1.96221E+01-8.89766E+02
 -1       733-2.91683E+06-5.02296E+01 2.72119E+01-2.93914E+04 1.78322E+01-8.36299E+02
 -1       734-2.62508E+06-4.31936E+01-5.49503E+01-2.93760E+04-1.66032E+01-7.31180E+02
 -1       735-2.33354E+06-5.53042E+01-1.10453E+02-2.93637E+04 9.13699E+00-7.14927E+02
 -1       736-2.04168E+06 6.05405E+01 7.67058E+01-2.93984E+04 1.95230E+01-6.02149E+02
 -1       737-1.75012E+06-1.87962E+01-1.98491E+01-2.94049E+04 2.83223E+01-5.73541E+02
 -1       738-1.45825E+06 5.27497E+01 6.76018E+01-2.93606E+04 3.95618E+01-4.26533E+02
 -1       739-1.16682E+06 2.82805E+01 4.14018E+01-2.93501E+04-1.18432E+01-3.55556E+02
 -1       740-8.74868E+05 3.91403E+00-5.74610E+01-2.93824E+04 6.34820E+01-2.58943E+02
 -1       741-5.83332E+05 2.20281E+02 6.05601E+02-2.90566E+04-9.40073E+00-1.39377E+02
 -1       742-2.93476E+05 1.42220E+03-1.54177E+02-2.17373E+04 3.41660E+01-4.63670E+01
 -1       743-9.71878E+06-6.38668E+05-7.93017E+05-5.58095E+05 1.71951E+03 3.32955E+03
 -1       744-9.86279E+06 2.10708E+05-1.50029E+05 9.33637E+04 3.22475E+04-7.64198E+04
 -1       745-9.35246E+06 2.43390E+05 1.84322E+04 3.86126E+04 1.28543E+02-3.13768E+00
 -1       746-9.35313E+06-1.38472E+05-5.03036E+04 8.91617E+03-5.11198E+03-1.82829E+04
 -1       747-9.20859E+06-5.09004E+04 1.52775E+03-2.22074E+04 6.46731E+01-1.09148E+03
 -1       748-8.99676E+06 3.25805E+04 1.10747E+04-3.44799E+04 1.86451E+03-8.58966E+03
 -1       749-8.89529E+06 1.10595E+04-8.58371E+02-1.34093E+04 1.68448E+00-1.02568E+03
 -1       750-8.72100E+06-7.87135E+03-2.51642E+03-2.67536E+04-5.03343E+02-7.18164E+03
 -1       751-8.60439E+06-2.49662E+03 3.02096E+02-1.45526E+04 6.61193E+00-1.02406E+03
 -1       752-8.42763E+06 1.83104E+03 4.85096E+02-2.85566E+04 1.43398E+02-7.50788E+03
 -1       753-8.31294E+06 5.86925E+02-1.11303E+02-1.43866E+04 3.40397E+00-9.88455E+02
 -1       754-8.13797E+06-3.96764E+02-1.05160E+02-2.81534E+04-2.79844E+01-7.41130E+03
 -1       755-8.02120E+06-1.38244E+02 5.04519E+01-1.44592E+04-4.46830E-01-9.91201E+02
 -1       756-7.84799E+06 6.59636E+01 3.72025E+01-2.82774E+04 3.11546E-01-7.43890E+03
 -1       757-7.72956E+06 4.10647E+01 3.60147E+00-1.44021E+04-2.34561E+01-1.02820E+03
 -1       758-7.55759E+06-2.89952E+00 9.27361E+00-2.82387E+04-3.51418E+00-7.47779E+03
 -1       759-7.43798E+06-4.18563E+01-3.82466E+01-1.44325E+04-1.97619E+00-1.07826E+03
 -1       760-7.26770E+06-3.62048E+01-1.38515E+01-2.82212E+04-6.92082E+00-7.47536E+03
 -1       761-7.14613E+06-2.31567E+00 3.51986E+00-1.43651E+04 6.00425E-01-1.09032E+03
 -1       762-6.97719E+06 1.31497E+01 1.19991E+01-2.82278E+04 4.74850E+00-7.50635E+03
 -1       763-6.85465E+06-3.36910E+01-2.00144E+01-1.44189E+04 9.35180E+00-1.05421E+03
 -1       764-6.68732E+06-3.10339E+01-1.35159E+01-2.82284E+04 4.23418E+00-7.41515E+03
 -1       765-6.56272E+06 9.49492E+01 8.59632E+01-1.44026E+04 1.24966E+01-9.99252E+02
 -1       766-6.39679E+06 8.47763E+01 1.45669E+01-2.82288E+04 2.19347E+01-7.46624E+03
 -1       767-6.27121E+06 2.46123E+01 5.12106E-02-1.44900E+04-9.84762E+00-9.99616E+02
 -1       768-6.10682E+06-2.21774E+01 1.09177E+01-2.82702E+04-1.49444E+01-7.43560E+03
 -1       769-5.97950E+06-1.41316E+01 5.12880E-01-1.44385E+04-2.73801E+01-1.02568E+03
 -1       770-5.81646E+06-2.43669E+00 2.47851E+01-2.82788E+04 6.32235E-01-7.45018E+03
 -1       771-5.68797E+06-6.16471E+01-2.76135E+01-1.44334E+04 6.27441E+00-1.02346E+03
 -1       772-5.52639E+06-3.12555E+01-8.93538E+00-2.82545E+04-1.73407E+00-7.42316E+03
 -1       773-5.39616E+06-1.00360E+01 7.26261E+00-1.43641E+04 8.25092E+00-1.05027E+03
 -1       774-5.23588E+06-3.49473E+00-1.51911E+00-2.82290E+04-8.17887E+00-7.44131E+03
 -1       775-5.10447E+06-2.25198E+01-5.99422E+01-1.43874E+04-1.15263E+00-1.01862E+03
 -1       776-4.94562E+06 2.73071E+01-1.65273E+01-2.82130E+04 3.13130E+01-7.39027E+03
 -1       777-4.81271E+06 5.60128E+01 1.94582E+01-1.43962E+04 1.63865E+01-9.31315E+02
 -1       778-4.65518E+06-1.66102E+01-3.03654E+01-2.82695E+04 2.32966E+01-7.40446E+03
 -1       779-4.52110E+06-1.48018E+01-1.33500E+01-1.44629E+04-4.20870E+00-9.14000E+02
 -1       780-4.36486E+06-1.94958E+01-4.37655E+01-2.82488E+04-1.39007E+01-7.35136E+03
 -1       781-4.22944E+06-4.94620E+00 2.27193E+01-1.44613E+04-7.13016E+00-9.13494E+02
 -1       782-4.07428E+06 1.52187E+01 8.64353E+01-2.82696E+04 3.84573E+00-7.37579E+03
 -1       783-3.93773E+06-2.60389E+01-1.04988E+01-1.44567E+04-2.33496E+01-8.96812E+02
 -1       784-3.78388E+06 2.70059E+00 2.60553E+01-2.82735E+04 7.37909E+00-7.31946E+03
 -1       785-3.64607E+06 9.05852E+00 5.25040E+01-1.44437E+04-9.07979E+00-8.68732E+02
 -1       786-3.49333E+06 1.24152E+01-6.09731E+00-2.82740E+04 3.24738E+01-7.29259E+03
 -1       787-3.35431E+06 8.61416E+01 5.43604E+01-1.44475E+04 3.71843E+00-8.03897E+02
 -1       788-3.20258E+06 3.13278E+00 1.91194E+01-2.82696E+04 2.31533E+00-7.27028E+03
 -1       789-3.06269E+06 2.71637E+01 2.14875E+01-1.44852E+04 6.23774E+00-7.55907E+02
 -1       790-2.91200E+06-2.09391E+01 7.34080E+00-2.82414E+04-1.15494E+00-7.22753E+03
 -1       791-2.77097E+06 4.60158E+01 7.17003E+01-1.44388E+04 2.37784E+00-6.66235E+02
 -1       792-2.62115E+06 2.52449E+01-1.97947E+01-2.82718E+04 8.58063E+00-7.19479E+03
 -1       793-2.47948E+06-1.23515E+02-1.17109E+02-1.44338E+04-1.25990E+01-6.31702E+02
 -1       794-2.33044E+06 9.81048E-01-4.55684E+01-2.82351E+04 1.64380E+01-7.14022E+03
 -1       795-2.18766E+06-3.55107E+01-2.69898E+01-1.44142E+04-5.36020E+00-5.99259E+02
 -1       796-2.03933E+06 7.02624E+01 7.50166E+01-2.82562E+04 5.08113E+01-7.07661E+03
 -1       797-1.89596E+06-1.79355E+00-2.01262E+00-1.44153E+04-5.50244E+00-5.15966E+02
 -1       798-1.74841E+06 2.89281E+01 4.99419E+01-2.82568E+04-1.37781E+01-7.03901E+03
 -1       799-1.60431E+06 1.97865E+01-2.50152E-01-1.43847E+04 1.42450E+01-4.40421E+02
 -1       800-1.45716E+06-1.85501E+00 5.74096E+01-2.82462E+04 2.41348E+01-6.98699E+03
 -1       801-1.31258E+06 6.49361E+01 7.85059E+01-1.44248E+04 3.66561E+00-3.16022E+02
 -1       802-1.16610E+06 2.28725E+01-3.64590E+01-2.82351E+04-7.71297E+00-6.91957E+03
 -1       803-1.02093E+06-4.03284E+01-5.14225E+01-1.44103E+04 3.21523E+00-2.94324E+02
 -1       804-8.74621E+05-9.37893E+01 3.89668E+01-2.82582E+04 6.40111E+01-6.86312E+03
 -1       805-7.29263E+05-3.86345E+01 1.98597E+02-1.44136E+04 1.25628E+01-1.57663E+02
 -1       806-5.83011E+05 2.81268E+02 2.26545E+02-2.79924E+04-6.92458E+01-6.80925E+03
 -1       807-4.38295E+05-3.10780E+02-4.02633E+02-1.47142E+04 1.01484E+01-8.67422E+01
 -1       808-2.92717E+05 1.50076E+03 1.34238E+03-2.10862E+04 5.98961E+02-5.02384E+03
 -1       809-1.68604E+05-5.39189E+03 2.97409E+02-1.65225E+04-1.38938E+01-4.73501E+00
 -1       810-9.93669E+06 2.10897E+05-1.52142E+05 9.59001E+04-3.28383E+04 7.80656E+04
 -1       811-9.42264E+06-1.38800E+05-5.05385E+04 9.01031E+03 5.37970E+03 1.67877E+04
 -1       812-9.06406E+06 3.26640E+04 1.11006E+04-3.44652E+04-1.89873E+03 7.07649E+03
 -1       813-8.78511E+06-7.88427E+03-2.49769E+03-2.67901E+04 5.31969E+02 5.61713E+03
 -1       814-8.48886E+06 1.81445E+03 5.02379E+02-2.85651E+04-1.47990E+02 6.06242E+03
 -1       815-8.19603E+06-3.80104E+02-1.00229E+02-2.82053E+04 2.98688E+01 5.95468E+03
 -1       816-7.90308E+06 6.79297E+01 1.51272E+01-2.82780E+04-1.06364E+00 5.95474E+03
 -1       817-7.60959E+06 1.59312E+01 1.02261E+01-2.82735E+04-8.29103E+00 5.93537E+03
 -1       818-7.31675E+06-4.02993E+01-4.65068E+01-2.82226E+04 1.59680E+00 5.88519E+03
 -1       819-7.02325E+06 2.45367E+01 2.88463E+01-2.82558E+04 2.29672E+00 5.91613E+03
 -1       820-6.73039E+06-2.35751E+01 6.22877E+00-2.82408E+04 1.30101E+01 5.93903E+03
 -1       821-6.43692E+06 6.28532E+01 4.15880E+01-2.82934E+04 8.91679E-02 5.97472E+03
 -1       822-6.14404E+06-9.90028E-02-6.12831E+00-2.82690E+04-1.27342E+01 5.95642E+03
 -1       823-5.85082E+06-8.46704E+00-2.56598E+01-2.82630E+04 6.98408E+00 5.97264E+03
 -1       824-5.55786E+06-3.51031E+01 7.76901E+00-2.82466E+04 1.89836E+01 5.90957E+03
 -1       825-5.26468E+06 4.69080E+00-9.37699E+00-2.82186E+04-4.31908E-01 5.95025E+03
 -1       826-4.97166E+06 3.23443E+01-5.74880E-01-2.82166E+04 1.20401E+01 5.98024E+03
 -1       827-4.67855E+06 1.27466E+01 1.00930E+01-2.82846E+04 9.33452E+00 6.04040E+03
 -1       828-4.38577E+06-5.79881E+01-3.16218E+01-2.82643E+04 1.68165E+01 6.07101E+03
 -1       829-4.09276E+06 2.12707E-02 1.67347E+01-2.82468E+04-1.35312E+01 6.04187E+03
 -1       830-3.79987E+06 4.07452E+01 4.57700E+01-2.82808E+04 1.90343E+00 6.02576E+03
 -1       831-3.50719E+06 5.63433E+01 6.80643E+01-2.82601E+04-3.97111E+00 6.08214E+03
 -1       832-3.21435E+06 1.88616E+01 2.51650E+01-2.82572E+04 2.32306E+01 6.15077E+03
 -1       833-2.92182E+06-4.85597E+01-3.18844E+00-2.82301E+04 5.57211E+01 6.19096E+03
 -1       834-2.62909E+06-2.00802E+00 4.51975E+00-2.82914E+04 2.21686E+00 6.23855E+03
 -1       835-2.33676E+06 1.66107E+01-4.94368E+01-2.82636E+04 1.59045E+01 6.22519E+03
 -1       836-2.04423E+06 9.44884E+00-8.89658E+00-2.82257E+04 7.90207E+00 6.30122E+03
 -1       837-1.75194E+06-1.16771E+01-6.49760E+01-2.82619E+04 1.75007E+01 6.35001E+03
 -1       838-1.45968E+06-6.77204E+01-4.41101E+01-2.82224E+04 1.72720E+01 6.42255E+03
 -1       839-1.16750E+06 5.52752E+01 1.64421E+02-2.82339E+04 1.54673E+01 6.48300E+03
 -1       840-8.75425E+05 6.35400E+00-2.49737E+00-2.82446E+04 2.14770E+01 6.50683E+03
 -1       841-5.83339E+05 2.63437E+02 1.78960E+02-2.79972E+04 6.59816E+01 6.64923E+03
 -1       842-2.92799E+05 1.48122E+03 1.33945E+03-2.10894E+04-5.21061E+02 4.95187E+03
 -1       843 5.51695E+01 4.73389E+01-4.64570E+01-3.41716E+05 1.57511E+01-3.09719E+03
 -1       844-4.53440E+01 1.25896E+01-3.18861E+01-1.76069E+05 1.21703E+01-1.69666E+03
 -1       845 6.22961E+01 1.87119E+00 4.27294E+01-1.52709E+05 1.71817E+00-1.43094E+03
 -1       846-3.50147E+01-2.03414E+01-9.63567E+00-1.57540E+05-3.19860E+00-1.47504E+03
 -1       847 8.06388E+01-2.41449E+01-1.67509E+01-1.56523E+05 1.36452E+00-1.44161E+03
 -1       848 7.47518E+00 2.22887E+01-5.60765E+00-1.56767E+05-4.19557E+00-1.48676E+03
 -1       849 1.75808E+01 1.82689E+01 4.53558E+01-1.56700E+05 3.25646E+00-1.47008E+03
 -1       850 8.65248E+00-4.55327E+00-3.51166E+01-1.56729E+05 5.15203E+00-1.44974E+03
 -1       851-7.32787E+01-6.57816E+01-3.73591E+01-1.56733E+05 1.08494E+00-1.44530E+03
 -1       852 1.38450E+02 5.35179E+01-4.01711E+00-1.56703E+05-7.53556E-01-1.45762E+03
 -1       853-3.12128E+01 1.96641E+01 4.33214E+01-1.56746E+05-7.05825E-01-1.43201E+03
 -1       854 6.39228E+01-9.30913E+00 5.35387E+00-1.56722E+05 6.06891E+00-1.41441E+03
 -1       855 2.05750E+01-2.33685E+01 7.17382E+00-1.56724E+05 2.37745E-01-1.38692E+03
 -1       856-6.27373E+00 3.82189E+01 2.39006E+01-1.56715E+05 4.37402E+00-1.38195E+03
 -1       857-4.87902E+01-1.10135E+01-2.37618E+01-1.56749E+05-1.84490E+00-1.34823E+03
 -1       858 5.84903E+01-1.40230E+01-5.53678E+01-1.56741E+05-9.94220E+00-1.30368E+03
 -1       859 2.77235E+01-1.74542E+01 9.21384E+00-1.56739E+05 5.20818E-01-1.27647E+03
 -1       860 2.33628E+00 1.71849E+01 3.65030E+00-1.56711E+05 1.54302E+01-1.24449E+03
 -1       861 7.88588E+01 6.10225E+00-2.68559E+01-1.56717E+05 1.31813E+00-1.19714E+03
 -1       862-1.20453E+02-6.02156E+01-3.65590E+01-1.56744E+05 8.23349E-01-1.18161E+03
 -1       863 8.66299E+01 6.59647E+01-1.98022E+01-1.56768E+05 2.55539E+01-1.09948E+03
 -1       864-8.11419E+01-1.18620E+01 4.76982E+00-1.56728E+05 2.57556E+01-1.02957E+03
 -1       865 6.94341E+01 1.03814E+01 9.80059E+00-1.56735E+05-2.08295E+01-9.76905E+02
 -1       866 3.00863E+01 5.14298E+00-1.42053E+00-1.56738E+05-1.02646E+01-9.29530E+02
 -1       867 5.80119E+01 1.31594E+01 4.32747E+01-1.56764E+05 1.46487E+01-8.50848E+02
 -1       868-6.31522E+00 8.44012E+00 5.33563E+01-1.56752E+05-1.17969E+01-7.37892E+02
 -1       869-5.75317E+01 3.77975E+00-5.22927E+01-1.56714E+05 1.93120E+01-6.86547E+02
 -1       870 1.01999E+02 3.04198E+01-1.98048E+01-1.56722E+05-1.76190E+00-5.54839E+02
 -1       871-1.27667E+02-4.61789E+01 1.40259E+01-1.56733E+05-1.46923E+01-4.89622E+02
 -1       872 7.09687E+01-3.16097E+01-1.32205E+01-1.56725E+05-8.59030E-01-3.89318E+02
 -1       873-3.32680E+01-6.05306E+00-7.79167E+01-1.56737E+05-1.68538E+01-2.75289E+02
 -1       874 1.91792E+01 2.80524E+01 5.23703E+01-1.56887E+05 4.71123E+00-1.43342E+02
 -1       875-8.09470E+00-2.75613E+01-1.61064E+01-1.62436E+05-1.45069E+01-4.96046E+01
 -1       876-3.95774E+04-2.85013E+03-1.67506E+03-3.51462E+05 3.83696E+04-3.26835E+02
 -1       877 5.20372E+01 1.73563E+01-1.19153E+01-2.09864E+05 1.98766E+01-2.17170E+03
 -1       878 5.21290E+06 2.10941E+05 3.17287E+05-1.22602E+04-3.69131E+02-3.27011E+03
 -1       879 3.96333E+04 2.88231E+03 1.61907E+03-3.50872E+05-3.83366E+04-3.26045E+02
 -1       880-3.53188E+04 1.50996E+02-6.10463E+01-1.71500E+05 9.54303E+03-1.10523E+03
 -1       881-3.89025E+01 3.63450E+00-5.01121E+01-1.78079E+05 1.10481E+01-1.80369E+03
 -1       882 4.67549E+06 3.67623E+01-2.33869E+04-1.15820E+05-9.17841E+01-1.88903E+03
 -1       883 3.52424E+04-1.22821E+02 1.84086E+01-1.70943E+05-9.52610E+03-1.10735E+03
 -1       884-3.35312E+04-3.59275E+01 3.55734E+01-1.65369E+05-5.30937E+02-8.97805E+02
 -1       885 4.10278E+01 1.80068E+01 1.30946E+01-1.50655E+05 7.99662E+00-1.38631E+03
 -1       886 4.52433E+06-7.36109E+02 4.97905E+03-9.20798E+04 6.45177E+00-1.80971E+03
 -1       887 3.36861E+04 2.84115E+01 2.39790E+01-1.64831E+05 5.38046E+02-8.88269E+02
 -1       888-3.21156E+04 9.91271E+00 5.72155E+00-1.64761E+05 6.11519E+01-9.26209E+02
 -1       889 2.88854E+01-6.39004E+00 2.44245E+01-1.39571E+05-3.85146E+00-1.27023E+03
 -1       890 4.37408E+06 1.73240E+02-1.03105E+03-9.78737E+04-2.46615E-01-1.81473E+03
 -1       891 3.20453E+04-2.71173E+01-2.96698E+01-1.64222E+05-7.03162E+01-9.24244E+02
 -1       892-3.04914E+04-9.94984E+00 2.88489E+00-1.64922E+05 2.47831E+00-9.07479E+02
 -1       893-5.73534E+00-3.06350E+01-2.46108E+01-1.42351E+05 1.62180E+00-1.28682E+03
 -1       894 4.22987E+06-5.20726E+01 2.02868E+02-9.65201E+04-8.08519E-01-1.80540E+03
 -1       895 3.06653E+04-5.82888E+00-9.09817E+00-1.64324E+05-1.64742E+01-9.09156E+02
 -1       896-2.90581E+04 7.50287E+00-1.39563E+01-1.64896E+05-2.65819E+00-9.29054E+02
 -1       897 2.87843E+01-3.96785E-01-1.45223E+01-1.41599E+05 1.34431E+00-1.30287E+03
 -1       898 4.08352E+06 1.29894E+01-4.95612E+01-9.68607E+04 1.78144E-01-1.86917E+03
 -1       899 2.90275E+04 1.54839E+01 8.79216E+00-1.64304E+05 8.60574E+00-9.19637E+02
 -1       900-2.75092E+04 1.48435E+01 3.17918E+01-1.64880E+05 1.12117E+01-9.19740E+02
 -1       901 6.53337E+01 3.35513E+01 3.29761E+01-1.41800E+05-3.97827E+00-1.30502E+03
 -1       902 3.93791E+06 1.15725E+01 2.00059E+01-9.67632E+04-1.22686E+00-1.82204E+03
 -1       903 2.75858E+04 1.18913E+01 2.17422E+01-1.64291E+05-4.68388E+00-9.31098E+02
 -1       904-2.60181E+04-1.18555E+01-3.49592E+01-1.64875E+05-1.70627E+00-9.11449E+02
 -1       905-1.99618E+01-8.35192E+00-9.44518E+00-1.41741E+05 2.48549E+00-1.29005E+03
 -1       906 3.79189E+06-2.06038E+01-3.00918E+01-9.67898E+04-4.90647E+00-1.79815E+03
 -1       907 2.59685E+04-3.58215E+01-3.23276E+01-1.64358E+05 1.27579E+01-9.05077E+02
 -1       908-2.45231E+04-3.82076E+01-2.30937E+01-1.64851E+05-1.59844E-01-9.24095E+02
 -1       909-1.79094E+01-1.42988E+01-1.46009E+01-1.41780E+05 2.39600E+00-1.28032E+03
 -1       910 3.64612E+06 7.26014E+00 4.25511E+01-9.67911E+04 6.94139E+00-1.74831E+03
 -1       911 2.45570E+04-1.34503E+01 3.95324E+00-1.64345E+05 5.66662E+00-9.13958E+02
 -1       912-2.29888E+04 3.36876E+01 8.44350E+00-1.64827E+05 6.47795E-01-9.14648E+02
 -1       913 3.91634E+01-1.35691E+01-1.21412E+01-1.41736E+05-3.17496E-01-1.27722E+03
 -1       914 3.50035E+06 7.94595E+00-2.94274E+01-9.67867E+04-3.95278E+00-1.78772E+03
 -1       915 2.30604E+04 1.71096E+01-2.25594E+01-1.64331E+05-9.52114E+00-9.19634E+02
 -1       916-2.14720E+04 2.55063E+01 3.52158E+01-1.64892E+05 6.74150E+00-9.09646E+02
 -1       917 2.82268E+01 2.62694E+01 7.61396E+00-1.41780E+05 2.06492E-01-1.28869E+03
 -1       918 3.35448E+06 1.54858E+01 2.20382E+01-9.67760E+04 6.28061E+00-1.76676E+03
 -1       919 2.15321E+04 8.99582E+00 2.43466E+01-1.64356E+05-7.71908E+00-8.93749E+02
 -1       920-2.00692E+04-4.01492E+00-1.40948E+01-1.64863E+05-3.48868E+00-8.85908E+02
 -1       921 4.56928E+01 2.12388E+01 2.82055E+01-1.41756E+05 6.20093E-01-1.26673E+03
 -1       922 3.20857E+06-2.50799E+01-1.66094E+01-9.68207E+04-3.72784E-01-1.74423E+03
 -1       923 2.01536E+04-6.87030E+00 2.70225E+01-1.64346E+05 5.36248E+00-8.99954E+02
 -1       924-1.85786E+04 4.80054E+00 1.13661E+01-1.64854E+05 6.05792E+00-8.71797E+02
 -1       925 2.92968E+01-2.04456E+01-7.57403E+00-1.41765E+05 5.44883E+00-1.21867E+03
 -1       926 3.06281E+06-2.17874E+01-1.34134E+01-9.68010E+04-8.74471E+00-1.71103E+03
 -1       927 1.85986E+04-7.67973E+00 7.20004E+00-1.64353E+05 1.24698E+01-8.72961E+02
 -1       928-1.71620E+04 2.40625E+01 2.31443E-01-1.64841E+05-7.41139E+00-8.56947E+02
 -1       929 3.58658E+00-5.56808E+00 7.63666E+00-1.41768E+05-1.69198E+00-1.23313E+03
 -1       930 2.91690E+06 1.69384E+01 2.68485E+01-9.67939E+04 1.46690E+00-1.69157E+03
 -1       931 1.71592E+04 1.65906E+01 1.72718E+00-1.64373E+05 2.05012E+01-8.64833E+02
 -1       932-1.58181E+04-1.55536E+01-1.87302E+01-1.64836E+05 4.83354E+00-8.48374E+02
 -1       933-2.40263E+01 2.07622E+01 1.39233E+01-1.41773E+05-1.43437E+00-1.20775E+03
 -1       934 2.77111E+06 1.58266E+01-3.97844E+00-9.67907E+04-5.77295E-01-1.63750E+03
 -1       935 1.57687E+04-3.41377E+01-2.37781E+01-1.64393E+05-8.95485E+00-8.41493E+02
 -1       936-1.43132E+04 8.34040E+00-2.30374E+00-1.64825E+05-1.12568E+00-8.19892E+02
 -1       937 1.00959E+01 4.55149E+00-2.62004E+01-1.41760E+05-6.92826E+00-1.15426E+03
 -1       938 2.62520E+06 4.40627E+00-7.06083E+00-9.67894E+04-2.76865E+00-1.57159E+03
 -1       939 1.44000E+04-3.73403E+00-1.65231E+01-1.64402E+05-6.81952E+00-8.08111E+02
 -1       940-1.29741E+04 1.31745E+00-2.66501E+00-1.64811E+05 5.36986E+00-8.02822E+02
 -1       941 1.66113E+01-4.05462E+01-4.10551E+01-1.41787E+05-5.62026E+00-1.14739E+03
 -1       942 2.47947E+06 2.29678E+01 2.41368E+01-9.67638E+04 9.31464E+00-1.56231E+03
 -1       943 1.30491E+04-1.93251E+01 1.06150E+01-1.64396E+05-6.60394E+00-7.94922E+02
 -1       944-1.17274E+04 2.25504E+01-1.12753E+01-1.64819E+05 2.07773E+01-7.72571E+02
 -1       945 6.60541E+01 1.46321E+01 3.32937E+01-1.41743E+05 8.23275E+00-1.11478E+03
 -1       946 2.33351E+06-5.91978E+01-3.05037E+01-9.68120E+04-6.49487E+00-1.52676E+03
 -1       947 1.16826E+04-1.12959E+01-8.93436E+00-1.64402E+05-2.41894E+00-7.88377E+02
 -1       948-1.03478E+04 3.70958E+00 2.18264E+00-1.64814E+05 1.73090E+01-7.51171E+02
 -1       949 1.88280E+01 1.40254E+01-8.78156E+00-1.41771E+05 7.74688E+00-1.06469E+03
 -1       950 2.18774E+06 1.73059E+01 8.96731E-01-9.68103E+04-5.05751E+00-1.45494E+03
 -1       951 1.04923E+04-2.81378E+01-3.61736E+01-1.64400E+05-1.73690E+00-7.53798E+02
 -1       952-9.28079E+03-2.49819E+01-3.41621E+01-1.64785E+05-3.31505E+00-7.36540E+02
 -1       953-4.41601E+01-2.35238E+01-3.40371E+01-1.41771E+05 1.50927E+00-1.05040E+03
 -1       954 2.04174E+06-2.73886E+01-2.09700E+01-9.68169E+04-6.83870E+00-1.42505E+03
 -1       955 9.15111E+03-2.57764E+01-1.92549E+01-1.64454E+05 1.83862E+01-7.18600E+02
 -1       956-7.99775E+03 5.48677E+01 1.11144E+01-1.64794E+05 7.26629E+00-6.95814E+02
 -1       957-4.07465E+00-4.14840E+00-2.01745E+01-1.41786E+05 2.58763E+00-1.01514E+03
 -1       958 1.89604E+06 1.66228E+01-1.52597E+01-9.68042E+04 1.08306E+01-1.33051E+03
 -1       959 8.06199E+03 4.59614E+00-1.26755E+01-1.64468E+05 2.87531E+01-6.95265E+02
 -1       960-6.91182E+03-3.23840E+00 1.77919E+01-1.64765E+05-1.82318E+01-6.57329E+02
 -1       961 1.68583E+01 2.82728E+01-4.92951E+00-1.41806E+05 1.97670E+01-9.45816E+02
 -1       962 1.75014E+06 3.61009E+01 2.81739E+01-9.67957E+04 3.05135E+01-1.22529E+03
 -1       963 6.89655E+03-3.09366E+01 6.03494E+00-1.64451E+05 5.52262E+00-6.44878E+02
 -1       964-5.90107E+03 1.99486E+01-3.18486E+01-1.64760E+05-2.16651E+01-6.00326E+02
 -1       965 4.21142E+01 2.32958E+01 2.33455E+01-1.41768E+05 3.91073E+00-8.88347E+02
 -1       966 1.60435E+06 1.08249E+00 2.44022E+01-9.68525E+04-1.43909E+01-1.17486E+03
 -1       967 5.90808E+03-2.43629E+01 3.08871E+01-1.64473E+05 5.67555E+00-6.34183E+02
 -1       968-4.83513E+03 3.79199E+01-2.95851E+00-1.64765E+05-3.42240E+00-5.84249E+02
 -1       969-3.55019E+00-5.02200E+00-1.17181E+01-1.41792E+05-1.23267E+01-8.42409E+02
 -1       970 1.45851E+06 2.36164E+01 2.30557E+01-9.68047E+04-1.12126E+01-1.11562E+03
 -1       971 4.94918E+03-1.00396E+01 3.02975E+01-1.64483E+05 2.24749E+01-5.74546E+02
 -1       972-3.93383E+03 3.73822E+01 3.28382E+01-1.64746E+05 2.06410E+01-5.32475E+02
 -1       973 5.94009E+01 2.86047E+01 3.18619E+01-1.41781E+05-3.66974E+00-7.72875E+02
 -1       974 1.31263E+06-3.62786E+00-7.58343E+00-9.68138E+04 3.29483E+00-1.00520E+03
 -1       975 3.98447E+03-8.96943E+00 2.34964E+01-1.64508E+05 1.49560E+01-5.30190E+02
 -1       976-3.13242E+03 7.21420E+01 7.49059E+01-1.64731E+05 3.08858E+01-4.69116E+02
 -1       977 6.99971E+00-1.06805E+01 2.45543E+01-1.41793E+05-6.61294E+00-6.94119E+02
 -1       978 1.16686E+06 2.40524E+01 1.33360E+01-9.67898E+04-8.25709E+00-9.03597E+02
 -1       979 3.13269E+03-2.12273E+01-2.93532E+01-1.64505E+05-5.52801E+00-4.69172E+02
 -1       980-2.44320E+03 4.13785E+00-1.53904E+01-1.64695E+05-2.19412E-03-4.11395E+02
 -1       981-2.47297E+01-1.09599E+00 3.56988E+00-1.41764E+05-1.66518E-01-6.40735E+02
 -1       982 1.02083E+06-4.61727E+01-1.62684E+01-9.67903E+04 1.13980E+01-8.01719E+02
 -1       983 2.39275E+03-2.57553E+01-5.80034E+01-1.64500E+05-5.49667E+00-4.22725E+02
 -1       984-1.70527E+03 4.41306E+01 7.98262E+00-1.64664E+05 5.25501E+00-3.87686E+02
 -1       985-5.44639E+00-3.74738E+00-5.17728E+01-1.41761E+05 5.03581E+00-5.46729E+02
 -1       986 8.75207E+05-4.30890E+00 9.89474E+00-9.67872E+04-7.65469E+00-6.78777E+02
 -1       987 1.77676E+03-3.56972E+01-3.19925E+01-1.64512E+05-3.57075E+00-3.54624E+02
 -1       988-1.25592E+03 1.27859E+01 1.14834E+01-1.64692E+05-1.66933E+01-3.22260E+02
 -1       989-2.66317E+01 3.65953E+00 4.71948E+00-1.41771E+05-1.72749E+01-4.62652E+02
 -1       990 7.29146E+05-1.51738E+01-1.47223E+01-9.67910E+04-2.40969E+00-5.70878E+02
 -1       991 1.13200E+03-1.24565E+00 1.68039E+01-1.64549E+05 3.39793E+01-2.93484E+02
 -1       992-6.24508E+02 6.20962E+01 3.09313E+01-1.64653E+05 9.56915E-01-2.40965E+02
 -1       993 5.08000E+01-2.08429E+00 2.27150E+01-1.41749E+05-1.57067E+01-3.76061E+02
 -1       994 5.83472E+05-1.54881E+01-6.98134E+00-9.67862E+04-1.89474E+01-4.68724E+02
 -1       995 8.27810E+02-4.23002E+01-4.56001E-01-1.64546E+05-8.47476E+00-2.47544E+02
 -1       996-4.24231E+02 2.09360E+01-3.07936E+01-1.64653E+05-9.93655E+00-1.81575E+02
 -1       997-2.31758E+01-3.71938E+01-5.28240E+01-1.41763E+05-1.08761E+01-3.02612E+02
 -1       998 4.37511E+05 3.23344E+01 3.26142E+01-9.68165E+04-5.83817E+00-3.46361E+02
 -1       999 3.54850E+02-1.12667E+01-5.84213E+01-1.64569E+05 3.16824E+01-1.54298E+02
 -1      1000-1.62387E+02-1.59320E+00-1.78368E+01-1.64821E+05 1.33055E+01-8.67518E+01
 -1      1001 3.72885E+01 2.01432E+01 2.11879E+01-1.41775E+05-1.05727E+01-1.92155E+02
 -1      1002 2.91484E+05-3.01295E+02-3.00224E+02-9.67086E+04 1.05340E+01-1.99307E+02
 -1      1003 1.47137E+02-2.40886E+01 3.59723E+01-1.64766E+05 6.55768E+00-1.16371E+02
 -1      1004-1.92424E+01 4.13667E+01 4.27530E+00-1.71201E+05-3.45885E+02-2.87536E+01
 -1      1005-3.21084E+01-9.23498E+00 5.44400E+00-1.41835E+05-1.57857E+01-9.90406E+01
 -1      1006 1.37856E+05-5.03154E+03-3.62925E+03-9.55178E+04 1.39229E+01-6.43567E+01
 -1      1007 4.53603E+01-4.89480E+00 8.76787E+00-1.71168E+05 3.53516E+02-3.41757E+01
 -1      1008 7.63277E+00-8.31614E-01-4.79016E-01-1.45215E+05 6.80250E+00-2.79358E+01
 -1      1009-5.21282E+06-2.10903E+05-3.17327E+05-1.22530E+04 3.58045E+02-2.71395E+03
 -1      1010-4.67552E+06-3.79019E+01 2.33470E+04-1.15817E+05 9.77867E+01-1.38664E+03
 -1      1011-4.52426E+06 7.56232E+02-4.94360E+03-9.20781E+04-1.96794E+00-1.33521E+03
 -1      1012-4.37408E+06-1.91932E+02 1.06042E+03-9.78686E+04 1.24594E+01-1.31849E+03
 -1      1013-4.22980E+06 2.18671E+01-2.43201E+02-9.65165E+04 5.99279E+00-1.30385E+03
 -1      1014-4.08341E+06 3.10546E+01 5.72342E+01-9.68702E+04-1.73706E+00-1.30220E+03
 -1      1015-3.93794E+06-5.42948E+00 5.20556E-01-9.67493E+04-7.47608E+00-1.32497E+03
 -1      1016-3.79180E+06 1.66367E+01 8.84268E+00-9.68139E+04-1.23882E+01-1.30720E+03
 -1      1017-3.64631E+06-7.79604E+01-5.47569E+01-9.67658E+04 2.50434E+00-1.33593E+03
 -1      1018-3.50003E+06 6.73132E+01 3.67677E+01-9.67941E+04 1.12215E+01-1.32467E+03
 -1      1019-3.35460E+06-3.20902E+01 2.95965E+00-9.67714E+04 4.94355E+00-1.29760E+03
 -1      1020-3.20842E+06 5.10183E+01 2.50657E+01-9.68192E+04-9.74322E-01-1.26644E+03
 -1      1021-3.06280E+06 5.57066E+00-8.76694E+00-9.67876E+04-7.89539E+00-1.26411E+03
 -1      1022-2.91683E+06 1.12619E+01 1.20868E+01-9.68064E+04-6.68633E+00-1.26039E+03
 -1      1023-2.77122E+06-6.08352E+01-1.96630E+01-9.68012E+04 1.33401E+00-1.26448E+03
 -1      1024-2.62513E+06-1.21396E+01-3.06736E+01-9.67759E+04-3.25658E+00-1.22810E+03
 -1      1025-2.47939E+06 3.23176E+00-5.59627E+00-9.67693E+04 1.05718E+01-1.18864E+03
 -1      1026-2.33345E+06 6.87143E+01 3.56504E+01-9.68091E+04 4.51424E+00-1.13345E+03
 -1      1027-2.18764E+06-3.01835E+01-2.13720E+00-9.68033E+04 4.69637E+00-1.10928E+03
 -1      1028-2.04190E+06-3.15283E+01-1.68841E+01-9.68022E+04-1.13527E+01-1.09256E+03
 -1      1029-1.89590E+06 4.66340E+01 5.55982E+00-9.68417E+04 3.51636E+00-1.03682E+03
 -1      1030-1.75027E+06-2.11499E+01-8.39279E+00-9.68024E+04 8.47449E+00-9.71214E+02
 -1      1031-1.60418E+06 3.87058E+01 4.20799E+00-9.68231E+04-1.12951E+00-9.15356E+02
 -1      1032-1.45850E+06-2.02143E+01-5.52113E+00-9.68138E+04 1.82725E-01-8.71742E+02
 -1      1033-1.31259E+06-7.29654E+00 7.18987E+00-9.67933E+04-9.55733E+00-7.73862E+02
 -1      1034-1.16684E+06-1.75985E+01-1.30412E+01-9.67883E+04-7.46141E-01-6.98894E+02
 -1      1035-1.02093E+06 5.00447E+01 4.36175E+01-9.67942E+04 1.42096E+01-6.34022E+02
 -1      1036-8.75049E+05 2.37138E+01-9.59041E+00-9.67945E+04 1.15626E+01-5.49083E+02
 -1      1037-7.29254E+05-3.74653E+01 1.98994E+01-9.68056E+04-4.10040E+00-4.55069E+02
 -1      1038-5.83430E+05 3.92426E+00-1.06085E+01-9.67780E+04 1.23775E+00-3.65136E+02
 -1      1039-4.37454E+05 6.89725E+00-5.97497E+01-9.68085E+04-2.32807E+00-2.60567E+02
 -1      1040-2.91537E+05 2.60512E+02 3.51357E+02-9.66953E+04-1.51265E+01-1.44335E+02
 -1      1041-1.37829E+05 5.06020E+03 3.60542E+03-9.55280E+04 1.28605E+00-4.75623E+01
 -3
    1PSTEP                         3           1           1          
  100CL  101 1.000000000        1041                     0    1           1
 -4  TOSTRAIN    6    1
 -5  EXX         1    4    1    1
 -5  EYY         1    4    2    2
 -5  EZZ         1    4    3    3
 -5  EXY         1    4    1    2
 -5  EYZ         1    4    2    3
 -5  EZX         1    4    3    1
 -1         1 4.22820E-05 2.36003E-10 1.90741E-10-2.92290E-06-5.65779E-12 1.26268E-05
 -1         2-4.29324E-05-2.38813E-10-1.94445E-10-3.11957E-06-5.78197E-12-1.26616E-05
 -1         3-1.44248E-07 3.14254E-07-3.74928E-08-2.99354E-07-2.81023E-09 3.27704E-08
 -1         4 1.44099E-07-3.13522E-07 3.69248E-08-2.99154E-07-2.79538E-09-3.27720E-08
 -1         5-1.43970E-07 3.14225E-07-3.81629E-08-2.99549E-07 2.32583E-09-3.22640E-08
 -1         6 1.43576E-07-3.13253E-07 3.74959E-08-2.99204E-07 2.26956E-09 3.28490E-08
 -1         7-4.22821E-05-2.36008E-10-1.90734E-10-2.91847E-06 5.65702E-12 1.26316E-05
 -1         8 4.29338E-05 2.38822E-10 1.94444E-10-3.11534E-06 5.77976E-12-1.26664E-05
 -1         9-2.91386E-07-1.42105E-12-1.85193E-12 6.81889E-06-6.89898E-12-5.71576E-08
 -1        10 2.09460E-05-2.47697E-10-2.03840E-10 2.88993E-06 1.64897E-11 6.31075E-06
 -1        11-2.15555E-05 2.50615E-10 2.07486E-10 2.79389E-06 1.67286E-11-6.39862E-06
 -1        12-4.62837E-05 1.40061E-05 1.32155E-05 8.99708E-07-6.04693E-07 1.85219E-06
 -1        13-4.44784E-05 1.20157E-05 1.23168E-05-3.15538E-08 8.06286E-08 6.00367E-08
 -1        14-4.34369E-05 1.22677E-05 1.21829E-05-2.63398E-07-2.35891E-08 6.19731E-08
 -1        15-4.19615E-05 1.17205E-05 1.17455E-05-2.29754E-07 6.34538E-09 4.30441E-08
 -1        16-4.05717E-05 1.13671E-05 1.13606E-05-2.39551E-07-1.86095E-09 4.67687E-08
 -1        17-3.91646E-05 1.09645E-05 1.09660E-05-2.37510E-07 3.30535E-10 4.57756E-08
 -1        18-3.77629E-05 1.05741E-05 1.05736E-05-2.37852E-07 1.91166E-10 4.60853E-08
 -1        19-3.63590E-05 1.01805E-05 1.01804E-05-2.37674E-07-3.48278E-11 4.57557E-08
 -1        20-3.49562E-05 9.78769E-06 9.78763E-06-2.37512E-07-3.39789E-11 4.60050E-08
 -1        21-3.35528E-05 9.39476E-06 9.39490E-06-2.37442E-07-6.14946E-11 4.56784E-08
 -1        22-3.21499E-05 9.00193E-06 9.00201E-06-2.37797E-07 3.22360E-11 4.61816E-08
 -1        23-3.07467E-05 8.60911E-06 8.60921E-06-2.37798E-07 6.53289E-11 4.56907E-08
 -1        24-2.93444E-05 8.21646E-06 8.21639E-06-2.37688E-07 1.02397E-11 4.59105E-08
 -1        25-2.79420E-05 7.82371E-06 7.82355E-06-2.37538E-07 1.33695E-10 4.59059E-08
 -1        26-2.65392E-05 7.43091E-06 7.43106E-06-2.37493E-07 7.29926E-11 4.58698E-08
 -1        27-2.51376E-05 7.03850E-06 7.03857E-06-2.37326E-07-2.10316E-10 4.61132E-08
 -1        28-2.37351E-05 6.64589E-06 6.64588E-06-2.37548E-07 8.94112E-11 4.60728E-08
 -1        29-2.23338E-05 6.25359E-06 6.25324E-06-2.37545E-07 3.05335E-10 4.60596E-08
 -1        30-2.09335E-05 5.86125E-06 5.86132E-06-2.37141E-07 8.06245E-11 4.63683E-08
 -1        31-1.95318E-05 5.46891E-06 5.46917E-06-2.37552E-07-1.26217E-10 4.59818E-08
 -1        32-1.81322E-05 5.07707E-06 5.07717E-06-2.37608E-07 7.10175E-11 4.54993E-08
 -1        33-1.67330E-05 4.68515E-06 4.68539E-06-2.37614E-07-1.22882E-10 4.59057E-08
 -1        34-1.53343E-05 4.29340E-06 4.29371E-06-2.37307E-07 2.81012E-10 4.61577E-08
 -1        35-1.39357E-05 3.90193E-06 3.90188E-06-2.37187E-07 5.65461E-10 4.65123E-08
 -1        36-1.25375E-05 3.51062E-06 3.51049E-06-2.38021E-07 2.93935E-11 4.62810E-08
 -1        37-1.11418E-05 3.11977E-06 3.11959E-06-2.37512E-07 5.43140E-11 4.63817E-08
 -1        38-9.74541E-06 2.72888E-06 2.72846E-06-2.37170E-07 5.29348E-11 4.63523E-08
 -1        39-8.35027E-06 2.33834E-06 2.33810E-06-2.37311E-07 1.12534E-10 4.66447E-08
 -1        40-6.95636E-06 1.94723E-06 1.94755E-06-2.36987E-07 4.02284E-11 4.69689E-08
 -1        41-5.56253E-06 1.55706E-06 1.55831E-06-2.37283E-07 1.56812E-10 4.69240E-08
 -1        42-4.17087E-06 1.16731E-06 1.16820E-06-2.37455E-07 1.08712E-10 4.70368E-08
 -1        43-2.77852E-06 7.79875E-07 7.76039E-07-2.35906E-07 4.63302E-10 4.72231E-08
 -1        44-1.38770E-06 3.91165E-07 4.00912E-07-1.88267E-07-2.30002E-09 3.32054E-08
 -1        45-4.47861E-05 1.08364E-05 1.10289E-05-7.37314E-07 1.12843E-06-3.96251E-06
 -1        46-4.52091E-05 1.32873E-05 1.30101E-05-8.85580E-09-2.08522E-07 2.84561E-07
 -1        47-4.39661E-05 1.21862E-05 1.22528E-05-1.60697E-07 3.84440E-08 8.76850E-10
 -1        48-4.27007E-05 1.19891E-05 1.19638E-05-1.43362E-07-8.85312E-09 5.25758E-08
 -1        49-4.12658E-05 1.15459E-05 1.15539E-05-1.47605E-07 2.27158E-09 4.69230E-08
 -1        50-3.98708E-05 1.11659E-05 1.11638E-05-1.46239E-07-7.72189E-10 4.68845E-08
 -1        51-3.84652E-05 1.07699E-05 1.07703E-05-1.46785E-07 3.12729E-10 4.70347E-08
 -1        52-3.70626E-05 1.03777E-05 1.03774E-05-1.46518E-07 4.55355E-11 4.69574E-08
 -1        53-3.56593E-05 9.98453E-06 9.98447E-06-1.46369E-07-6.90229E-11 4.69245E-08
 -1        54-3.42560E-05 9.59165E-06 9.59169E-06-1.46256E-07-4.06983E-11 4.67621E-08
 -1        55-3.28529E-05 9.19875E-06 9.19893E-06-1.46439E-07-1.80667E-11 4.69672E-08
 -1        56-3.14495E-05 8.80593E-06 8.80603E-06-1.46657E-07 5.47029E-11 4.69601E-08
 -1        57-3.00470E-05 8.41307E-06 8.41321E-06-1.46569E-07 2.21915E-11 4.68642E-08
 -1        58-2.86445E-05 8.02032E-06 8.02049E-06-1.46421E-07 1.34112E-10 4.68065E-08
 -1        59-2.72416E-05 7.62767E-06 7.62761E-06-1.46142E-07 1.13933E-10 4.68967E-08
 -1        60-2.58397E-05 7.23498E-06 7.23508E-06-1.46385E-07-1.50096E-10 4.69453E-08
 -1        61-2.44375E-05 6.84241E-06 6.84265E-06-1.46153E-07-3.71743E-11 4.69745E-08
 -1        62-2.30356E-05 6.45010E-06 6.44983E-06-1.46328E-07 2.17324E-10 4.68842E-08
 -1        63-2.16346E-05 6.05774E-06 6.05743E-06-1.46253E-07 9.32246E-11 4.70727E-08
 -1        64-2.02335E-05 5.66521E-06 5.66553E-06-1.46028E-07-1.11383E-10 4.71807E-08
 -1        65-1.88330E-05 5.27333E-06 5.27349E-06-1.46433E-07 8.12870E-11 4.65551E-08
 -1        66-1.74334E-05 4.88118E-06 4.88173E-06-1.46526E-07 5.84710E-11 4.65044E-08
 -1        67-1.60343E-05 4.48917E-06 4.48992E-06-1.46355E-07 3.16744E-11 4.67170E-08
 -1        68-1.46357E-05 4.09760E-06 4.09804E-06-1.46008E-07 2.47287E-10 4.70627E-08
 -1        69-1.32370E-05 3.70640E-06 3.70642E-06-1.46224E-07 1.96168E-10 4.72221E-08
 -1        70-1.18405E-05 3.31541E-06 3.31523E-06-1.46688E-07 1.90344E-10 4.68315E-08
 -1        71-1.04441E-05 2.92435E-06 2.92415E-06-1.46149E-07 1.30098E-10 4.67557E-08
 -1        72-9.04821E-06 2.53347E-06 2.53362E-06-1.46209E-07 6.14809E-11 4.70217E-08
 -1        73-7.65372E-06 2.14274E-06 2.14314E-06-1.45937E-07 2.04313E-11 4.70255E-08
 -1        74-6.25945E-06 1.75212E-06 1.75306E-06-1.45850E-07 7.74287E-11 4.71707E-08
 -1        75-4.86684E-06 1.36207E-06 1.36336E-06-1.46195E-07 1.69288E-10 4.72757E-08
 -1        76-3.47510E-06 9.73473E-07 9.72312E-07-1.45968E-07 4.11096E-10 4.74655E-08
 -1        77-2.08680E-06 5.81524E-07 5.87026E-07-1.45078E-07-3.27509E-10 4.58521E-08
 -1        78-7.56367E-07 1.79218E-07 1.98763E-07-1.37620E-07 1.48280E-08 2.96183E-08
 -1        79 3.80589E-10-5.14538E-11-1.88117E-10-1.00077E-06-9.53754E-08 1.98556E-10
 -1        80 1.03647E-08-2.79484E-07 5.79099E-08-6.68436E-07-4.95020E-08-1.86018E-08
 -1        81-1.00638E-08 2.79799E-07-5.81833E-08-6.68338E-07-4.95459E-08 1.85977E-08
 -1        82 4.55823E-05-1.38047E-05-1.30038E-05 8.76103E-07-5.95403E-07-1.83771E-06
 -1        83 4.38145E-05-1.18327E-05-1.21381E-05-3.42771E-08 7.93808E-08-6.11862E-08
 -1        84 4.27965E-05-1.20879E-05-1.20017E-05-2.64895E-07-2.32114E-08-6.72786E-08
 -1        85 4.13510E-05-1.15498E-05-1.15749E-05-2.31132E-07 5.94607E-09-4.81718E-08
 -1        86 3.99890E-05-1.12040E-05-1.11974E-05-2.41189E-07-1.57561E-09-5.14830E-08
 -1        87 3.86120E-05-1.08096E-05-1.08112E-05-2.38587E-07 4.53895E-10-5.10521E-08
 -1        88 3.72385E-05-1.04273E-05-1.04267E-05-2.39023E-07-8.37594E-11-5.10597E-08
 -1        89 3.58634E-05-1.00417E-05-1.00418E-05-2.39064E-07-1.14796E-10-5.08589E-08
 -1        90 3.44892E-05-9.65705E-06-9.65696E-06-2.38875E-07 8.68646E-11-5.08544E-08
 -1        91 3.31147E-05-9.27212E-06-9.27211E-06-2.38938E-07-7.96708E-11-5.09672E-08
 -1        92 3.17401E-05-8.88722E-06-8.88708E-06-2.38800E-07-1.88384E-11-5.10871E-08
 -1        93 3.03647E-05-8.50217E-06-8.50220E-06-2.39060E-07-2.66015E-11-5.06720E-08
 -1        94 2.89901E-05-8.11720E-06-8.11728E-06-2.38912E-07 4.07275E-11-5.06361E-08
 -1        95 2.76149E-05-7.73218E-06-7.73216E-06-2.38895E-07 2.79737E-12-5.06110E-08
 -1        96 2.62390E-05-7.34685E-06-7.34699E-06-2.38940E-07 2.96749E-11-5.03657E-08
 -1        97 2.48641E-05-6.96211E-06-6.96174E-06-2.38891E-07 9.45997E-11-5.05096E-08
 -1        98 2.34874E-05-6.57663E-06-6.57629E-06-2.39155E-07-9.49033E-11-5.02752E-08
 -1        99 2.21122E-05-6.19130E-06-6.19115E-06-2.38355E-07-3.17359E-10-5.08178E-08
 -1       100 2.07336E-05-5.80568E-06-5.80534E-06-2.38535E-07 5.03797E-11-5.02670E-08
 -1       101 1.93571E-05-5.41999E-06-5.41995E-06-2.38608E-07 2.82693E-10-4.96333E-08
 -1       102 1.79795E-05-5.03419E-06-5.03430E-06-2.38717E-07-2.13197E-10-4.96228E-08
 -1       103 1.66011E-05-4.64805E-06-4.64865E-06-2.38349E-07-3.05397E-11-4.95182E-08
 -1       104 1.52225E-05-4.26217E-06-4.26234E-06-2.38720E-07 1.28030E-10-4.93461E-08
 -1       105 1.38431E-05-3.87612E-06-3.87573E-06-2.38142E-07-4.65628E-12-4.98720E-08
 -1       106 1.24624E-05-3.48955E-06-3.48940E-06-2.38211E-07-3.39524E-11-4.93115E-08
 -1       107 1.10811E-05-3.10287E-06-3.10240E-06-2.38357E-07-2.72307E-10-4.90406E-08
 -1       108 9.69991E-06-2.71568E-06-2.71610E-06-2.38016E-07 6.63013E-11-4.89237E-08
 -1       109 8.31707E-06-2.32875E-06-2.32883E-06-2.37992E-07-9.44939E-11-4.86518E-08
 -1       110 6.93369E-06-1.94137E-06-1.94083E-06-2.37409E-07-1.65587E-11-4.88164E-08
 -1       111 5.54869E-06-1.55375E-06-1.55377E-06-2.37932E-07 1.11333E-10-4.79829E-08
 -1       112 4.16371E-06-1.16529E-06-1.16628E-06-2.37185E-07-1.18554E-10-4.83397E-08
 -1       113 2.77606E-06-7.78581E-07-7.75346E-07-2.36510E-07 5.20684E-10-4.78689E-08
 -1       114 1.38725E-06-3.91763E-07-4.00012E-07-1.87948E-07-2.55216E-09-3.35127E-08
 -1       115 4.41065E-05-1.06759E-05-1.08607E-05-6.69137E-07 1.10922E-06 3.95850E-06
 -1       116 4.45298E-05-1.30905E-05-1.28105E-05-1.34217E-08-2.05423E-07-2.85013E-07
 -1       117 4.33141E-05-1.20046E-05-1.20720E-05-1.61723E-07 3.78476E-08-3.71756E-09
 -1       118 4.20752E-05-1.18137E-05-1.17882E-05-1.44804E-07-8.84041E-09-5.54684E-08
 -1       119 4.06690E-05-1.13791E-05-1.13870E-05-1.48968E-07 2.23162E-09-4.97428E-08
 -1       120 3.93032E-05-1.10069E-05-1.10046E-05-1.47733E-07-5.29572E-10-4.98670E-08
 -1       121 3.79267E-05-1.06189E-05-1.06195E-05-1.47899E-07 1.46245E-10-5.01476E-08
 -1       122 3.65527E-05-1.02349E-05-1.02348E-05-1.47731E-07-1.11020E-10-4.98686E-08
 -1       123 3.51778E-05-9.84984E-06-9.84986E-06-1.47817E-07 7.96555E-11-4.98309E-08
 -1       124 3.38034E-05-9.46498E-06-9.46496E-06-1.47682E-07-1.43146E-11-4.98056E-08
 -1       125 3.24290E-05-9.08009E-06-9.07999E-06-1.47665E-07-1.19538E-10-5.01062E-08
 -1       126 3.10538E-05-8.69513E-06-8.69504E-06-1.47732E-07 1.15350E-11-4.98396E-08
 -1       127 2.96788E-05-8.31010E-06-8.31007E-06-1.47777E-07 2.49130E-11-4.96292E-08
 -1       128 2.83037E-05-7.92503E-06-7.92510E-06-1.47788E-07-2.13400E-11-4.96989E-08
 -1       129 2.69283E-05-7.53986E-06-7.53987E-06-1.47630E-07 3.84772E-11-4.95216E-08
 -1       130 2.55527E-05-7.15474E-06-7.15484E-06-1.47855E-07 6.95751E-11-4.94605E-08
 -1       131 2.41765E-05-6.76965E-06-6.76936E-06-1.47606E-07-6.12659E-11-4.95057E-08
 -1       132 2.28012E-05-6.38436E-06-6.38397E-06-1.47560E-07-1.29314E-10-4.95251E-08
 -1       133 2.14237E-05-5.99889E-06-5.99852E-06-1.47241E-07-6.73795E-11-4.98038E-08
 -1       134 2.00462E-05-5.61319E-06-5.61284E-06-1.47408E-07 2.00056E-10-4.89767E-08
 -1       135 1.86692E-05-5.22733E-06-5.22744E-06-1.47512E-07 1.98878E-11-4.89328E-08
 -1       136 1.72912E-05-4.84126E-06-4.84179E-06-1.47383E-07-1.80212E-10-4.89008E-08
 -1       137 1.59123E-05-4.45511E-06-4.45595E-06-1.47409E-07 4.39519E-11-4.87020E-08
 -1       138 1.45336E-05-4.06923E-06-4.06923E-06-1.47198E-07 4.94755E-11-4.90009E-08
 -1       139 1.31532E-05-3.68317E-06-3.68278E-06-1.46852E-07 3.23343E-11-4.89408E-08
 -1       140 1.17724E-05-3.29644E-06-3.29596E-06-1.47008E-07-1.34569E-10-4.86476E-08
 -1       141 1.03911E-05-2.90954E-06-2.90928E-06-1.46971E-07-1.32965E-10-4.83003E-08
 -1       142 9.00872E-06-2.52258E-06-2.52253E-06-1.46773E-07 3.41720E-11-4.83952E-08
 -1       143 7.62608E-06-2.13523E-06-2.13488E-06-1.46663E-07-5.98124E-11-4.83758E-08
 -1       144 6.24089E-06-1.74771E-06-1.74753E-06-1.46324E-07 1.23521E-10-4.80461E-08
 -1       145 4.85684E-06-1.35961E-06-1.35990E-06-1.46555E-07-1.36851E-12-4.79417E-08
 -1       146 3.46977E-06-9.71826E-07-9.71052E-07-1.46196E-07 2.62956E-10-4.79116E-08
 -1       147 2.08567E-06-5.81346E-07-5.86053E-07-1.45362E-07-5.26195E-10-4.64008E-08
 -1       148 7.55997E-07-1.79178E-07-1.98664E-07-1.37269E-07 1.46604E-08-2.96462E-08
 -1       149-1.99529E-07 3.17572E-07 4.43309E-08-2.81751E-07-5.52548E-10-3.75833E-12
 -1       150-1.81956E-07 3.37084E-07 3.27257E-09-2.56733E-07-3.52011E-10 2.72171E-08
 -1       151-1.81796E-07 3.37299E-07 3.24722E-09-2.56940E-07-5.06444E-10-2.69152E-08
 -1       152 1.12525E-10 6.41349E-11-3.59984E-11-1.00111E-06 9.55340E-08-1.75279E-10
 -1       153 9.94152E-09-2.79415E-07 5.82971E-08-6.68594E-07 4.93388E-08 1.87682E-08
 -1       154-1.00224E-08 2.79965E-07-5.85446E-08-6.68738E-07 4.93083E-08-1.85512E-08
 -1       155 1.99298E-07-3.17457E-07-4.45703E-08-2.81454E-07 1.15690E-10-2.00121E-10
 -1       156 1.81671E-07-3.36930E-07-3.60187E-09-2.56807E-07 6.73045E-11-2.71540E-08
 -1       157 1.81277E-07-3.36750E-07-3.77484E-09-2.56909E-07-3.08623E-10 2.68569E-08
 -1       158-1.38729E-06 3.91526E-07 4.00639E-07-1.88032E-07 2.86298E-09-3.35813E-08
 -1       159-2.77591E-06 7.78914E-07 7.75761E-07-2.35970E-07-3.78906E-10-4.73922E-08
 -1       160-4.16345E-06 1.16459E-06 1.16654E-06-2.37263E-07 1.00831E-10-4.80150E-08
 -1       161-5.54893E-06 1.55410E-06 1.55353E-06-2.37379E-07 1.53479E-10-4.76772E-08
 -1       162-6.93318E-06 1.94101E-06 1.94146E-06-2.37105E-07-4.05076E-11-4.83131E-08
 -1       163-8.31756E-06 2.32921E-06 2.32872E-06-2.37465E-07-2.41120E-10-4.77147E-08
 -1       164-9.69923E-06 2.71592E-06 2.71594E-06-2.37332E-07 3.99018E-10-4.81297E-08
 -1       165-1.10818E-05 3.10305E-06 3.10290E-06-2.37136E-07 2.14217E-10-4.84011E-08
 -1       166-1.24621E-05 3.48974E-06 3.48951E-06-2.37472E-07 2.31393E-10-4.85330E-08
 -1       167-1.38426E-05 3.87615E-06 3.87587E-06-2.37047E-07-1.39620E-10-4.83782E-08
 -1       168-1.52225E-05 4.26216E-06 4.26236E-06-2.37174E-07-1.51981E-10-4.83678E-08
 -1       169-1.66010E-05 4.64815E-06 4.64814E-06-2.37660E-07 3.44940E-10-4.83350E-08
 -1       170-1.79799E-05 5.03429E-06 5.03442E-06-2.37473E-07 1.10110E-10-4.81588E-08
 -1       171-1.93563E-05 5.41949E-06 5.42040E-06-2.37455E-07 1.10932E-10-4.89100E-08
 -1       172-2.07343E-05 5.80600E-06 5.80514E-06-2.36790E-07 1.17119E-10-4.84281E-08
 -1       173-2.21110E-05 6.19106E-06 6.19103E-06-2.36830E-07 6.41205E-11-4.91228E-08
 -1       174-2.34876E-05 6.57657E-06 6.57642E-06-2.37023E-07 5.26616E-11-4.87092E-08
 -1       175-2.48636E-05 6.96174E-06 6.96185E-06-2.37361E-07 3.20769E-11-4.89391E-08
 -1       176-2.62393E-05 7.34714E-06 7.34689E-06-2.37409E-07 6.01679E-11-4.87312E-08
 -1       177-2.76149E-05 7.73200E-06 7.73227E-06-2.37150E-07-7.65283E-11-4.88633E-08
 -1       178-2.89898E-05 8.11698E-06 8.11742E-06-2.37395E-07-1.14947E-10-4.87667E-08
 -1       179-3.03646E-05 8.50231E-06 8.50201E-06-2.36350E-07 3.03484E-10-4.89030E-08
 -1       180-3.17398E-05 8.88722E-06 8.88703E-06-2.37089E-07-9.43798E-11-4.87926E-08
 -1       181-3.31143E-05 9.27204E-06 9.27195E-06-2.36627E-07 6.93087E-11-4.91302E-08
 -1       182-3.44891E-05 9.65685E-06 9.65704E-06-2.37306E-07-1.63832E-10-4.91168E-08
 -1       183-3.58636E-05 1.00416E-05 1.00418E-05-2.36724E-07 1.05763E-10-4.89554E-08
 -1       184-3.72381E-05 1.04270E-05 1.04268E-05-2.37329E-07 9.08799E-11-4.87321E-08
 -1       185-3.86116E-05 1.08096E-05 1.08112E-05-2.35882E-07-4.59563E-10-4.88279E-08
 -1       186-3.99887E-05 1.12040E-05 1.11972E-05-2.39016E-07 1.79739E-09-4.91520E-08
 -1       187-4.13508E-05 1.15497E-05 1.15745E-05-2.28639E-07-6.18791E-09-4.64084E-08
 -1       188-4.27965E-05 1.20877E-05 1.20020E-05-2.63188E-07 2.32350E-08-6.53097E-08
 -1       189-4.38146E-05 1.18326E-05 1.21382E-05-3.18447E-08-7.93317E-08-5.93906E-08
 -1       190-4.55823E-05 1.38047E-05 1.30037E-05 8.77903E-07 5.95466E-07-1.83512E-06
 -1       191-7.55908E-07 1.79412E-07 1.98004E-07-1.37591E-07-1.46624E-08-2.96002E-08
 -1       192-2.08566E-06 5.81175E-07 5.86393E-07-1.45078E-07 8.48911E-10-4.60805E-08
 -1       193-3.46974E-06 9.71912E-07 9.71074E-07-1.46044E-07-2.48573E-10-4.76022E-08
 -1       194-4.85656E-06 1.35944E-06 1.35990E-06-1.45938E-07 1.13019E-10-4.75126E-08
 -1       195-6.24105E-06 1.74754E-06 1.74763E-06-1.46029E-07 1.92082E-11-4.77454E-08
 -1       196-7.62584E-06 2.13524E-06 2.13486E-06-1.46077E-07 9.96019E-12-4.77928E-08
 -1       197-9.00883E-06 2.52278E-06 2.52193E-06-1.46360E-07 2.22874E-10-4.73142E-08
 -1       198-1.03907E-05 2.90981E-06 2.90943E-06-1.46003E-07 2.21325E-10-4.76392E-08
 -1       199-1.17726E-05 3.29640E-06 3.29635E-06-1.46075E-07 8.19630E-11-4.77346E-08
 -1       200-1.31531E-05 3.68300E-06 3.68305E-06-1.45963E-07 8.30433E-11-4.79236E-08
 -1       201-1.45331E-05 4.06940E-06 4.06921E-06-1.45993E-07-8.77202E-11-4.80079E-08
 -1       202-1.59125E-05 4.45549E-06 4.45530E-06-1.46289E-07 1.40858E-10-4.75136E-08
 -1       203-1.72911E-05 4.84150E-06 4.84143E-06-1.46370E-07 1.84006E-10-4.76474E-08
 -1       204-1.86688E-05 5.22720E-06 5.22737E-06-1.46308E-07 7.28531E-11-4.76210E-08
 -1       205-2.00465E-05 5.61282E-06 5.61312E-06-1.45766E-07 2.39185E-10-4.77332E-08
 -1       206-2.14234E-05 5.99890E-06 5.99841E-06-1.45821E-07 8.55208E-11-4.79702E-08
 -1       207-2.28005E-05 6.38423E-06 6.38405E-06-1.45692E-07-5.46658E-11-4.80243E-08
 -1       208-2.41765E-05 6.76970E-06 6.76913E-06-1.45980E-07 3.19158E-11-4.79768E-08
 -1       209-2.55528E-05 7.15473E-06 7.15466E-06-1.46122E-07 1.89050E-10-4.77020E-08
 -1       210-2.69283E-05 7.53989E-06 7.53988E-06-1.46066E-07 4.45654E-12-4.79445E-08
 -1       211-2.83036E-05 7.92491E-06 7.92504E-06-1.46112E-07-1.30938E-10-4.78202E-08
 -1       212-2.96782E-05 8.30987E-06 8.31027E-06-1.45550E-07 8.20843E-11-4.76716E-08
 -1       213-3.10540E-05 8.69517E-06 8.69493E-06-1.45611E-07 4.98003E-11-4.78750E-08
 -1       214-3.24284E-05 9.08012E-06 9.07986E-06-1.45710E-07 3.53420E-11-4.80560E-08
 -1       215-3.38033E-05 9.46497E-06 9.46478E-06-1.45725E-07-6.94296E-11-4.80653E-08
 -1       216-3.51776E-05 9.84965E-06 9.84990E-06-1.45886E-07 6.79756E-12-4.80550E-08
 -1       217-3.65530E-05 1.02348E-05 1.02347E-05-1.45763E-07 1.06930E-10-4.77134E-08
 -1       218-3.79259E-05 1.06188E-05 1.06196E-05-1.45593E-07-2.50627E-10-4.78031E-08
 -1       219-3.93032E-05 1.10070E-05 1.10046E-05-1.45246E-07 6.56972E-10-4.75173E-08
 -1       220-4.06687E-05 1.13790E-05 1.13868E-05-1.46615E-07-2.19248E-09-4.77510E-08
 -1       221-4.20752E-05 1.18137E-05 1.17880E-05-1.42796E-07 8.70660E-09-5.37049E-08
 -1       222-4.33138E-05 1.20045E-05 1.20722E-05-1.59605E-07-3.78407E-08-1.76580E-09
 -1       223-4.45302E-05 1.30904E-05 1.28105E-05-1.14181E-08 2.05481E-07-2.82850E-07
 -1       224-4.41065E-05 1.06764E-05 1.08603E-05-6.65881E-07-1.10925E-06 3.96226E-06
 -1       225 2.92244E-07 1.42135E-12 1.85650E-12 6.82429E-06 6.89736E-12-5.72198E-08
 -1       226 2.15582E-05-2.50626E-10-2.07484E-10 2.79867E-06-1.67260E-11-6.40102E-06
 -1       227-2.09475E-05 2.47706E-10 2.03831E-10 2.89485E-06-1.64881E-11 6.31314E-06
 -1       228 1.38776E-06-3.92123E-07-4.00501E-07-1.88011E-07 2.69490E-09 3.31754E-08
 -1       229 2.77865E-06-7.79598E-07-7.76584E-07-2.35896E-07-2.74736E-10 4.74375E-08
 -1       230 4.17084E-06-1.16730E-06-1.16860E-06-2.36641E-07-2.04759E-10 4.70659E-08
 -1       231 5.56259E-06-1.55778E-06-1.55729E-06-2.36801E-07 2.28089E-10 4.67192E-08
 -1       232 6.95637E-06-1.94784E-06-1.94784E-06-2.36686E-07-5.41658E-11 4.63280E-08
 -1       233 8.35027E-06-2.33817E-06-2.33821E-06-2.36759E-07-8.42131E-11 4.60970E-08
 -1       234 9.74533E-06-2.72872E-06-2.72890E-06-2.36552E-07-6.09533E-11 4.59089E-08
 -1       235 1.11417E-05-3.11960E-06-3.11967E-06-2.36901E-07 8.15232E-11 4.54850E-08
 -1       236 1.25376E-05-3.51086E-06-3.51063E-06-2.36514E-07 3.46019E-10 4.55088E-08
 -1       237 1.39362E-05-3.90209E-06-3.90219E-06-2.36298E-07-8.11730E-11 4.53691E-08
 -1       238 1.53342E-05-4.29333E-06-4.29371E-06-2.36480E-07 1.04037E-10 4.48947E-08
 -1       239 1.67328E-05-4.68523E-06-4.68494E-06-2.36310E-07 3.13910E-11 4.46248E-08
 -1       240 1.81323E-05-5.07715E-06-5.07721E-06-2.36393E-07 2.06156E-11 4.48823E-08
 -1       241 1.95322E-05-5.46906E-06-5.46934E-06-2.35903E-07-4.96632E-11 4.49361E-08
 -1       242 2.09333E-05-5.86116E-06-5.86149E-06-2.35961E-07-2.26239E-10 4.44583E-08
 -1       243 2.23335E-05-6.25343E-06-6.25346E-06-2.35366E-07 1.67499E-10 4.48248E-08
 -1       244 2.37363E-05-6.64615E-06-6.64590E-06-2.35910E-07-1.94237E-10 4.44887E-08
 -1       245 2.51378E-05-7.03881E-06-7.03850E-06-2.35907E-07 1.61038E-10 4.41208E-08
 -1       246 2.65386E-05-7.43091E-06-7.43087E-06-2.35884E-07 2.27857E-12 4.43068E-08
 -1       247 2.79423E-05-7.82359E-06-7.82384E-06-2.35744E-07-2.49524E-11 4.43601E-08
 -1       248 2.93445E-05-8.21631E-06-8.21669E-06-2.35772E-07 9.37083E-11 4.39347E-08
 -1       249 3.07468E-05-8.60910E-06-8.60903E-06-2.35507E-07 1.33410E-11 4.37351E-08
 -1       250 3.21504E-05-9.00211E-06-9.00210E-06-2.35709E-07-1.38665E-10 4.40936E-08
 -1       251 3.35528E-05-9.39489E-06-9.39483E-06-2.35406E-07 1.33470E-10 4.41677E-08
 -1       252 3.49571E-05-9.78784E-06-9.78792E-06-2.36211E-07-1.35869E-10 4.34955E-08
 -1       253 3.63580E-05-1.01802E-05-1.01805E-05-2.35333E-07 2.13839E-10 4.42776E-08
 -1       254 3.77632E-05-1.05739E-05-1.05736E-05-2.35761E-07-8.42680E-11 4.36312E-08
 -1       255 3.91654E-05-1.09646E-05-1.09663E-05-2.34591E-07-5.20402E-10 4.38970E-08
 -1       256 4.05710E-05-1.13673E-05-1.13602E-05-2.37683E-07 1.72624E-09 4.41984E-08
 -1       257 4.19627E-05-1.17209E-05-1.17457E-05-2.27482E-07-6.09217E-09 4.13889E-08
 -1       258 4.34369E-05-1.22676E-05-1.21827E-05-2.61169E-07 2.35531E-08 5.97189E-08
 -1       259 4.44792E-05-1.20157E-05-1.23170E-05-3.01049E-08-8.06822E-08 5.76194E-08
 -1       260 4.62832E-05-1.40059E-05-1.32158E-05 9.01969E-07 6.04535E-07 1.84980E-06
 -1       261 7.56127E-07-1.79369E-07-1.98280E-07-1.37403E-07-1.48455E-08 2.96524E-08
 -1       262 2.08672E-06-5.81875E-07-5.86851E-07-1.44894E-07 5.64086E-10 4.60050E-08
 -1       263 3.47518E-06-9.73165E-07-9.72789E-07-1.45734E-07-3.45490E-10 4.74030E-08
 -1       264 4.86677E-06-1.36258E-06-1.36326E-06-1.45615E-07-2.49307E-10 4.69123E-08
 -1       265 6.25969E-06-1.75269E-06-1.75280E-06-1.45516E-07 1.71380E-11 4.70216E-08
 -1       266 7.65358E-06-2.14296E-06-2.14318E-06-1.45481E-07-1.53727E-10 4.64856E-08
 -1       267 9.04834E-06-2.53352E-06-2.53373E-06-1.45526E-07-8.21708E-11 4.64261E-08
 -1       268 1.04440E-05-2.92422E-06-2.92444E-06-1.45596E-07-1.10206E-10 4.62359E-08
 -1       269 1.18403E-05-3.31522E-06-3.31526E-06-1.45554E-07 2.30162E-10 4.60525E-08
 -1       270 1.32375E-05-3.70661E-06-3.70655E-06-1.45065E-07 1.35818E-10 4.61414E-08
 -1       271 1.46357E-05-4.09784E-06-4.09830E-06-1.45164E-07 2.04147E-11 4.57345E-08
 -1       272 1.60344E-05-4.48937E-06-4.48959E-06-1.45238E-07 6.13022E-11 4.54441E-08
 -1       273 1.74332E-05-4.88137E-06-4.88123E-06-1.45226E-07-3.62507E-11 4.56716E-08
 -1       274 1.88331E-05-5.27317E-06-5.27354E-06-1.44890E-07-3.36215E-11 4.56921E-08
 -1       275 2.02338E-05-5.66520E-06-5.66577E-06-1.44701E-07-1.22019E-10 4.55819E-08
 -1       276 2.16342E-05-6.05757E-06-6.05773E-06-1.44674E-07-3.61237E-11 4.54910E-08
 -1       277 2.30362E-05-6.45018E-06-6.44995E-06-1.44194E-07-4.92825E-11 4.55993E-08
 -1       278 2.44377E-05-6.84273E-06-6.84264E-06-1.44729E-07 5.78628E-12 4.52462E-08
 -1       279 2.58395E-05-7.23515E-06-7.23493E-06-1.44958E-07 6.08451E-11 4.50946E-08
 -1       280 2.72416E-05-7.62763E-06-7.62765E-06-1.44455E-07-1.21707E-10 4.54119E-08
 -1       281 2.86446E-05-8.02023E-06-8.02064E-06-1.44568E-07 3.19539E-11 4.51411E-08
 -1       282 3.00472E-05-8.41296E-06-8.41331E-06-1.44421E-07 1.14520E-10 4.47573E-08
 -1       283 3.14498E-05-8.80609E-06-8.80592E-06-1.44388E-07-9.61140E-11 4.49737E-08
 -1       284 3.28531E-05-9.19889E-06-9.19892E-06-1.44417E-07 3.98073E-11 4.50818E-08
 -1       285 3.42566E-05-9.59184E-06-9.59182E-06-1.44556E-07-2.72539E-11 4.49491E-08
 -1       286 3.56588E-05-9.98450E-06-9.98458E-06-1.44740E-07-1.78122E-11 4.48053E-08
 -1       287 3.70629E-05-1.03775E-05-1.03775E-05-1.44188E-07 7.44225E-11 4.50102E-08
 -1       288 3.84651E-05-1.07698E-05-1.07704E-05-1.44202E-07-2.80861E-10 4.49306E-08
 -1       289 3.98716E-05-1.11660E-05-1.11637E-05-1.43942E-07 5.96400E-10 4.45525E-08
 -1       290 4.12655E-05-1.15463E-05-1.15539E-05-1.45336E-07-2.24549E-09 4.49160E-08
 -1       291 4.27012E-05-1.19891E-05-1.19640E-05-1.41281E-07 8.94900E-09 5.05417E-08
 -1       292 4.39666E-05-1.21862E-05-1.22527E-05-1.58875E-07-3.84930E-08-1.35449E-09
 -1       293 4.52090E-05-1.32870E-05-1.30104E-05-7.14242E-09 2.08429E-07 2.82097E-07
 -1       294 4.47868E-05-1.08369E-05-1.10287E-05-7.33942E-07-1.12849E-06-3.96610E-06
 -1       295-3.75045E-05-2.37535E-10-1.94000E-10-7.35673E-06-7.13390E-14 5.69756E-08
 -1       296-3.95029E-05 2.31111E-10 1.99800E-10-5.81902E-06-1.25415E-11 6.25415E-06
 -1       297-3.98295E-05 2.34083E-10 2.03714E-10-5.92029E-06 1.28491E-11-6.19901E-06
 -1       298 3.75047E-05 2.37535E-10 1.94004E-10-7.35695E-06 6.91538E-14 5.15742E-08
 -1       299 3.98288E-05-2.34094E-10-2.03713E-10-5.91829E-06-1.28459E-11-6.20409E-06
 -1       300 3.95043E-05-2.31103E-10-1.99809E-10-5.82135E-06 1.25422E-11 6.24906E-06
 -1       301-3.66647E-07 8.10981E-08 1.15624E-07-1.20803E-06-1.18299E-07 1.01972E-08
 -1       302-3.34171E-07 9.57232E-08 8.91676E-08-1.22488E-06 1.53349E-07-8.02606E-10
 -1       303-3.19307E-07 8.90023E-08 9.07322E-08-1.12578E-06-3.13525E-08-2.23783E-09
 -1       304-3.05862E-07 8.57934E-08 8.53200E-08-1.12886E-06 7.81209E-09-1.83729E-09
 -1       305-2.90883E-07 8.13285E-08 8.15350E-08-1.12721E-06-1.88693E-09-1.83477E-09
 -1       306-2.76659E-07 7.74993E-08 7.74567E-08-1.12785E-06 5.09624E-10-1.75941E-09
 -1       307-2.62025E-07 7.34621E-08 7.34028E-08-1.12739E-06-1.01999E-10-1.99507E-09
 -1       308-2.47792E-07 6.93922E-08 6.92968E-08-1.12734E-06 5.10012E-11-1.84359E-09
 -1       309-2.33156E-07 6.52174E-08 6.52732E-08-1.12675E-06 7.16325E-11-1.90859E-09
 -1       310-2.19611E-07 6.15213E-08 6.14928E-08-1.12680E-06-6.33540E-11-1.83240E-09
 -1       311-2.04366E-07 5.72315E-08 5.73006E-08-1.12727E-06 2.62188E-12-1.95598E-09
 -1       312-1.91296E-07 5.36455E-08 5.34845E-08-1.12726E-06 7.89954E-13-1.77702E-09
 -1       313-1.77108E-07 4.97403E-08 4.96089E-08-1.12702E-06-5.85621E-11-1.83287E-09
 -1       314-1.63426E-07 4.58553E-08 4.56529E-08-1.12696E-06 9.10645E-11-1.67720E-09
 -1       315-1.50281E-07 4.19865E-08 4.20141E-08-1.12645E-06 3.64663E-11-1.63631E-09
 -1       316-1.36667E-07 3.81881E-08 3.83935E-08-1.12635E-06 8.27668E-11-1.56670E-09
 -1       317-1.23543E-07 3.47753E-08 3.45757E-08-1.12621E-06 8.98935E-11-1.58323E-09
 -1       318-1.11496E-07 3.15515E-08 3.11351E-08-1.12655E-06-1.07153E-10-1.67166E-09
 -1       319-9.90378E-08 2.74791E-08 2.78107E-08-1.12645E-06 2.09950E-10-1.61894E-09
 -1       320-8.77921E-08 2.45815E-08 2.44083E-08-1.12594E-06-1.02777E-11-1.33216E-09
 -1       321-7.65144E-08 2.16303E-08 2.15401E-08-1.12590E-06-6.05226E-12-1.36898E-09
 -1       322-6.53472E-08 1.82655E-08 1.84215E-08-1.12569E-06-1.96752E-10-1.32864E-09
 -1       323-5.64159E-08 1.60541E-08 1.54438E-08-1.12571E-06-1.56238E-10-1.16040E-09
 -1       324-4.61073E-08 1.32538E-08 1.29184E-08-1.12554E-06-3.92668E-11-1.07607E-09
 -1       325-3.75090E-08 1.08528E-08 1.06037E-08-1.12529E-06 1.35711E-10-1.13836E-09
 -1       326-3.01025E-08 8.86857E-09 8.44686E-09-1.12496E-06 5.31714E-10-1.21847E-09
 -1       327-2.29326E-08 6.39075E-09 6.43472E-09-1.12468E-06-7.49626E-11-5.34284E-10
 -1       328-1.65589E-08 4.88695E-09 4.62142E-09-1.12436E-06-4.69683E-11-1.08925E-09
 -1       329-1.12750E-08 3.35902E-09 3.16962E-09-1.12446E-06 2.89488E-11-7.35847E-10
 -1       330-6.48373E-09 2.13493E-09 1.78146E-09-1.12427E-06-1.40598E-10-6.36683E-10
 -1       331-3.77045E-09 1.23965E-09 1.12872E-09-1.12386E-06 4.95397E-10-3.27585E-10
 -1       332-1.28260E-09 4.00342E-10 1.85914E-11-1.12515E-06-7.15303E-10-2.42760E-10
 -1       333-3.04695E-10 3.51452E-10 1.91856E-11-1.17047E-06 4.22099E-10-2.16204E-11
 -1       334 2.24891E-05-5.74540E-06-6.52136E-06 1.75526E-07-2.82364E-07-1.12256E-06
 -1       335-3.39385E-07 7.04080E-08 8.61721E-08 1.90893E-06 1.18298E-06-2.57415E-08
 -1       336 2.16802E-05-6.05250E-06-6.02180E-06-7.42951E-07 1.01820E-07-1.11845E-08
 -1       337-3.39370E-07 9.06858E-08 1.04161E-07-4.95128E-07 1.56222E-08 1.67865E-09
 -1       338 2.12652E-05-5.95239E-06-5.96027E-06-6.94082E-07-2.35887E-08-2.02397E-08
 -1       339-3.27386E-07 9.24482E-08 8.98921E-08-1.09319E-06 4.27338E-08-1.21803E-09
 -1       340 2.05177E-05-5.74328E-06-5.74350E-06-7.08965E-07 6.09992E-09-9.81015E-09
 -1       341-3.12787E-07 8.74331E-08 8.80403E-08-1.02000E-06-1.10835E-08-9.26034E-10
 -1       342 1.98518E-05-5.55905E-06-5.55891E-06-7.05739E-07-1.61355E-09-1.02756E-08
 -1       343-2.98300E-07 8.35293E-08 8.33331E-08-1.03958E-06 2.81311E-09-7.72688E-10
 -1       344 1.91686E-05-5.36702E-06-5.36705E-06-7.06558E-07 4.37634E-10-1.04448E-08
 -1       345-2.83929E-07 7.93776E-08 7.95227E-08-1.03571E-06-6.49207E-10-7.61359E-10
 -1       346 1.84896E-05-5.17715E-06-5.17707E-06-7.06208E-07-3.01515E-11-1.04795E-08
 -1       347-2.69169E-07 7.55339E-08 7.54332E-08-1.03655E-06 1.69801E-10-8.50834E-10
 -1       348 1.78091E-05-4.98659E-06-4.98649E-06-7.06227E-07-5.79375E-11-1.03860E-08
 -1       349-2.54977E-07 7.14285E-08 7.13644E-08-1.03614E-06-1.74332E-11-8.18733E-10
 -1       350 1.71293E-05-4.79622E-06-4.79616E-06-7.05837E-07 1.58427E-11-1.04326E-08
 -1       351-2.40603E-07 6.72899E-08 6.73575E-08-1.03585E-06 8.92555E-11-8.28307E-10
 -1       352 1.64486E-05-4.60556E-06-4.60566E-06-7.05865E-07-8.29340E-11-1.04196E-08
 -1       353-2.26356E-07 6.33840E-08 6.33910E-08-1.03557E-06-9.10327E-12-9.83860E-10
 -1       354 1.57689E-05-4.41527E-06-4.41529E-06-7.06163E-07 1.02243E-10-1.04938E-08
 -1       355-2.11929E-07 5.93716E-08 5.92971E-08-1.03586E-06-4.41510E-11-8.24739E-10
 -1       356 1.50878E-05-4.22463E-06-4.22463E-06-7.06154E-07-1.64916E-12-1.02854E-08
 -1       357-1.97963E-07 5.54300E-08 5.54670E-08-1.03606E-06 2.51268E-12-9.05883E-10
 -1       358 1.44075E-05-4.03399E-06-4.03405E-06-7.06003E-07-2.70687E-11-1.02881E-08
 -1       359-1.84018E-07 5.16256E-08 5.15250E-08-1.03593E-06-2.82066E-11-8.21653E-10
 -1       360 1.37268E-05-3.84345E-06-3.84347E-06-7.05881E-07 1.09489E-10-1.01875E-08
 -1       361-1.70445E-07 4.77452E-08 4.75163E-08-1.03583E-06 3.98864E-11-7.59636E-10
 -1       362 1.30454E-05-3.65270E-06-3.65274E-06-7.05627E-07 9.25851E-11-1.01642E-08
 -1       363-1.56661E-07 4.39280E-08 4.38736E-08-1.03541E-06 9.76516E-11-6.88576E-10
 -1       364 1.23646E-05-3.46212E-06-3.46197E-06-7.05522E-07 1.84433E-11-1.02423E-08
 -1       365-1.43427E-07 4.00926E-08 4.01504E-08-1.03529E-06 6.46154E-11-6.15131E-10
 -1       366 1.16826E-05-3.27110E-06-3.27110E-06-7.05556E-07 3.08874E-12-1.02363E-08
 -1       367-1.30384E-07 3.64483E-08 3.63851E-08-1.03503E-06 8.07072E-11-5.98351E-10
 -1       368 1.10010E-05-3.08010E-06-3.08026E-06-7.05509E-07-1.77285E-10-1.02635E-08
 -1       369-1.17335E-07 3.31421E-08 3.30032E-08-1.03521E-06-5.97518E-11-7.04868E-10
 -1       370 1.03182E-05-2.88931E-06-2.88915E-06-7.05543E-07 1.55180E-10-1.00991E-08
 -1       371-1.05192E-07 2.94789E-08 2.95493E-08-1.03534E-06-1.03634E-11-7.53991E-10
 -1       372 9.63543E-06-2.69802E-06-2.69786E-06-7.05122E-07 1.18314E-10-9.78108E-09
 -1       373-9.37190E-08 2.59214E-08 2.60627E-08-1.03491E-06 1.42485E-10-6.64847E-10
 -1       374 8.95208E-06-2.50643E-06-2.50644E-06-7.05283E-07-2.53327E-11-9.82531E-09
 -1       375-8.19148E-08 2.31590E-08 2.28858E-08-1.03475E-06-9.06926E-12-6.01500E-10
 -1       376 8.26850E-06-2.31509E-06-2.31515E-06-7.05041E-07 3.90156E-11-9.74252E-09
 -1       377-7.10016E-08 1.99147E-08 1.99018E-08-1.03453E-06-5.65328E-11-5.54665E-10
 -1       378 7.58355E-06-2.12326E-06-2.12349E-06-7.04975E-07-2.78783E-11-9.58616E-09
 -1       379-6.10677E-08 1.71062E-08 1.69160E-08-1.03454E-06-4.33759E-12-5.67708E-10
 -1       380 6.89896E-06-1.93153E-06-1.93160E-06-7.04745E-07-6.87606E-12-9.70341E-09
 -1       381-5.10042E-08 1.45778E-08 1.42313E-08-1.03454E-06-3.47206E-11-3.91871E-10
 -1       382 6.21301E-06-1.73943E-06-1.73950E-06-7.04726E-07 9.05785E-11-9.65908E-09
 -1       383-4.18221E-08 1.19493E-08 1.18003E-08-1.03418E-06 5.20186E-11-5.16555E-10
 -1       384 5.52596E-06-1.54699E-06-1.54724E-06-7.04675E-07 2.48609E-10-9.68044E-09
 -1       385-3.38394E-08 9.85400E-09 9.36094E-09-1.03394E-06 2.80488E-10-6.90932E-10
 -1       386 4.83892E-06-1.35487E-06-1.35493E-06-7.04226E-07 6.24687E-11-9.28357E-09
 -1       387-2.66771E-08 7.51086E-09 7.25491E-09-1.03354E-06 1.45540E-10-3.50078E-10
 -1       388 4.15054E-06-1.16204E-06-1.16214E-06-7.04052E-07-2.84914E-11-9.47130E-09
 -1       389-1.94254E-08 5.38607E-09 5.36018E-09-1.03340E-06-7.25425E-11-3.28727E-10
 -1       390 3.46149E-06-9.69283E-07-9.69078E-07-7.03784E-07 2.06447E-10-9.28968E-09
 -1       391-1.40092E-08 4.01448E-09 3.84185E-09-1.03323E-06 5.79041E-12-4.54494E-10
 -1       392 2.77138E-06-7.75745E-07-7.75986E-07-7.03944E-07-6.52704E-12-9.05430E-09
 -1       393-9.01572E-09 2.65487E-09 2.35388E-09-1.03310E-06-7.26975E-12-3.15194E-10
 -1       394 2.08010E-06-5.82058E-07-5.82587E-07-7.03291E-07 2.81046E-10-9.03870E-09
 -1       395-5.27368E-09 1.58693E-09 1.29175E-09-1.03294E-06 1.66266E-10-3.15536E-10
 -1       396 1.38723E-06-3.88822E-07-3.87374E-07-7.03788E-07-2.33876E-10-8.91622E-09
 -1       397-2.39194E-09 8.15528E-10 5.85603E-10-1.03252E-06-1.39183E-10-1.86178E-10
 -1       398 6.62303E-07-2.00390E-07-2.00109E-07-6.99995E-07-3.79580E-10-1.00772E-08
 -1       399-8.04896E-10 2.91040E-10-4.74300E-11-1.03061E-06-5.18503E-11-1.04231E-10
 -1       400 1.33182E-10 1.36801E-10 1.65106E-10-1.03099E-06-2.22101E-08 2.02012E-10
 -1       401-2.32072E-05 5.92723E-06 6.74191E-06 1.79638E-07-2.85631E-07 1.12981E-06
 -1       402-2.23503E-05 6.23973E-06 6.20095E-06-7.40879E-07 1.02669E-07 1.15287E-08
 -1       403-2.19045E-05 6.13133E-06 6.14142E-06-6.92659E-07-2.38605E-08 1.62185E-08
 -1       404-2.11288E-05 5.91441E-06 5.91399E-06-7.07820E-07 6.23622E-09 6.39198E-09
 -1       405-2.04341E-05 5.72196E-06 5.72208E-06-7.04466E-07-1.63852E-09 7.01659E-09
 -1       406-1.97217E-05 5.52198E-06 5.52201E-06-7.05602E-07 3.77788E-10 7.06417E-09
 -1       407-1.90139E-05 5.32403E-06 5.32376E-06-7.05004E-07-1.23045E-11 7.00088E-09
 -1       408-1.83046E-05 5.12538E-06 5.12526E-06-7.05080E-07 4.77793E-11 6.89248E-09
 -1       409-1.75959E-05 4.92677E-06 4.92684E-06-7.04640E-07 7.80224E-11 7.18316E-09
 -1       410-1.68873E-05 4.72841E-06 4.72849E-06-7.04674E-07-8.41207E-11 6.93281E-09
 -1       411-1.61782E-05 4.52985E-06 4.52991E-06-7.04978E-07-7.17162E-11 7.22157E-09
 -1       412-1.54701E-05 4.33175E-06 4.33162E-06-7.05087E-07 4.02616E-11 6.84160E-09
 -1       413-1.47617E-05 4.13337E-06 4.13320E-06-7.04864E-07-1.57755E-11 7.02831E-09
 -1       414-1.40537E-05 3.93507E-06 3.93485E-06-7.04860E-07 4.95948E-11 7.03773E-09
 -1       415-1.33457E-05 3.73672E-06 3.73677E-06-7.04570E-07 3.07263E-11 7.19846E-09
 -1       416-1.26380E-05 3.53851E-06 3.53877E-06-7.04473E-07-7.12137E-11 7.31857E-09
 -1       417-1.19302E-05 3.34051E-06 3.34047E-06-7.04575E-07 1.01647E-10 7.30657E-09
 -1       418-1.12234E-05 3.14279E-06 3.14237E-06-7.04557E-07 7.80838E-11 7.13587E-09
 -1       419-1.05170E-05 2.94458E-06 2.94472E-06-7.04328E-07 7.41697E-11 7.27968E-09
 -1       420-9.81058E-06 2.74706E-06 2.74702E-06-7.04448E-07-9.91973E-12 7.31775E-09
 -1       421-9.10507E-06 2.54950E-06 2.54936E-06-7.04326E-07-5.17481E-11 7.19551E-09
 -1       422-8.39964E-06 2.35191E-06 2.35183E-06-7.04193E-07-2.67477E-10 7.38863E-09
 -1       423-7.69579E-06 2.15493E-06 2.15464E-06-7.04284E-07 1.06383E-10 7.33111E-09
 -1       424-6.99152E-06 1.95769E-06 1.95741E-06-7.03994E-07 2.04012E-10 7.63354E-09
 -1       425-6.28804E-06 1.76082E-06 1.76068E-06-7.04218E-07 1.97663E-11 7.57321E-09
 -1       426-5.58629E-06 1.56431E-06 1.56408E-06-7.03794E-07 1.34182E-10 7.66624E-09
 -1       427-4.88447E-06 1.36786E-06 1.36758E-06-7.03622E-07-2.79693E-11 7.87320E-09
 -1       428-4.18367E-06 1.17172E-06 1.17145E-06-7.03532E-07-9.25692E-12 7.76290E-09
 -1       429-3.48404E-06 9.75574E-07 9.75493E-07-7.03432E-07-3.36548E-11 8.14401E-09
 -1       430-2.78474E-06 7.79535E-07 7.79726E-07-7.03472E-07-1.41758E-11 8.09846E-09
 -1       431-2.08740E-06 5.84307E-07 5.84704E-07-7.03328E-07 2.44377E-10 8.26345E-09
 -1       432-1.38967E-06 3.89869E-07 3.87863E-07-7.03502E-07-3.24214E-10 8.48116E-09
 -1       433-6.62843E-07 2.00443E-07 2.00221E-07-7.00247E-07-5.23731E-10 9.92383E-09
 -1       434 2.61100E-13 2.57117E-10-9.81831E-11-9.02800E-07 2.00444E-10-3.74103E-10
 -1       435 3.69161E-08-2.86267E-07 1.72201E-08-6.11285E-07 2.23799E-10-2.26517E-10
 -1       436 1.34190E-10-3.20703E-11-2.23252E-10-9.08560E-07-6.78325E-08-1.83984E-10
 -1       437 1.72206E-10 1.63502E-10 1.30041E-11-9.08707E-07 6.80333E-08-1.71650E-10
 -1       438-3.69785E-08 2.86582E-07-1.72776E-08-6.11546E-07-2.68927E-10-2.26219E-10
 -1       439 2.26163E-10-2.01632E-10-3.56035E-12-1.17006E-06-1.95453E-10-1.49481E-10
 -1       440 1.19389E-09-7.97945E-10-1.09544E-10-1.12437E-06 8.29219E-10-3.62129E-10
 -1       441 3.34606E-09-9.20234E-10-1.18194E-09-1.12260E-06-3.15830E-11-2.31201E-10
 -1       442 7.38352E-09-2.40809E-09-1.85527E-09-1.12260E-06 5.08328E-11-3.54766E-10
 -1       443 1.12561E-08-2.90734E-09-3.19771E-09-1.12241E-06 3.28964E-10-5.11313E-10
 -1       444 1.64847E-08-4.99734E-09-4.52147E-09-1.12212E-06 1.40270E-10-8.57124E-10
 -1       445 2.29302E-08-6.62436E-09-6.58684E-09-1.12193E-06-2.26391E-10-8.43338E-10
 -1       446 2.98831E-08-8.43506E-09-8.65200E-09-1.12173E-06-1.29375E-10-7.82159E-10
 -1       447 3.76182E-08-1.06732E-08-1.05003E-08-1.12173E-06 6.98023E-11-9.48527E-10
 -1       448 4.68917E-08-1.32370E-08-1.29290E-08-1.12151E-06 3.60758E-10-1.20404E-09
 -1       449 5.58499E-08-1.58916E-08-1.53404E-08-1.12143E-06 1.96178E-10-1.41296E-09
 -1       450 6.60261E-08-1.87953E-08-1.83562E-08-1.12125E-06-2.30259E-10-1.35881E-09
 -1       451 7.62844E-08-2.16490E-08-2.12893E-08-1.12121E-06 1.12305E-10-1.53334E-09
 -1       452 8.75551E-08-2.45849E-08-2.45694E-08-1.12102E-06 1.44846E-10-1.31157E-09
 -1       453 9.95686E-08-2.81185E-08-2.79721E-08-1.12056E-06-5.35875E-13-1.41750E-09
 -1       454 1.11267E-07-3.11557E-08-3.12209E-08-1.12038E-06 1.31802E-10-1.45920E-09
 -1       455 1.24166E-07-3.48181E-08-3.47122E-08-1.12017E-06-1.29602E-10-1.58470E-09
 -1       456 1.36805E-07-3.83560E-08-3.81705E-08-1.12041E-06-7.53462E-11-1.60888E-09
 -1       457 1.50388E-07-4.24094E-08-4.20879E-08-1.12013E-06-3.86851E-11-1.72353E-09
 -1       458 1.63404E-07-4.57313E-08-4.58777E-08-1.12011E-06 3.99177E-12-1.65580E-09
 -1       459 1.77056E-07-4.94509E-08-4.95536E-08-1.11981E-06 2.44799E-10-1.70600E-09
 -1       460 1.91466E-07-5.37594E-08-5.34629E-08-1.11966E-06-2.61827E-11-1.92349E-09
 -1       461 2.05133E-07-5.74603E-08-5.74292E-08-1.11957E-06-5.80303E-12-1.73484E-09
 -1       462 2.19145E-07-6.12556E-08-6.14034E-08-1.11952E-06-2.29770E-11-1.90833E-09
 -1       463 2.34086E-07-6.55130E-08-6.54231E-08-1.11960E-06-3.74629E-11-2.02871E-09
 -1       464 2.47244E-07-6.95142E-08-6.93326E-08-1.11976E-06 8.47197E-12-1.77018E-09
 -1       465 2.62571E-07-7.35465E-08-7.35049E-08-1.11899E-06 1.53675E-10-1.78379E-09
 -1       466 2.76455E-07-7.73535E-08-7.73527E-08-1.11908E-06-4.00775E-10-1.77610E-09
 -1       467 2.91603E-07-8.16538E-08-8.17054E-08-1.11865E-06 1.70933E-09-1.93129E-09
 -1       468 3.05489E-07-8.55330E-08-8.53706E-08-1.12101E-06-7.87147E-09-1.66130E-09
 -1       469 3.20332E-07-8.94447E-08-9.07937E-08-1.11806E-06 3.14082E-08-2.08576E-09
 -1       470 3.33732E-07-9.54786E-08-8.92286E-08-1.21684E-06-1.53286E-07-1.02580E-09
 -1       471 3.66642E-07-8.12408E-08-1.15676E-07-1.19931E-06 1.18459E-07 1.05635E-08
 -1       472 6.62784E-07-2.00851E-07-2.00328E-07-6.99836E-07 8.32758E-10 9.96562E-09
 -1       473 2.19418E-10-1.41505E-10-1.64711E-10-1.03104E-06 2.25170E-08-3.69264E-11
 -1       474 1.38964E-06-3.89947E-07-3.88180E-07-7.03028E-07 3.86928E-10 8.50366E-09
 -1       475 7.25324E-10-5.29812E-10 1.46112E-11-1.02992E-06 1.85581E-10-1.86221E-10
 -1       476 2.08712E-06-5.84374E-07-5.84800E-07-7.02414E-07 5.01768E-11 8.44422E-09
 -1       477 2.23816E-09-6.35688E-10-4.76854E-10-1.03153E-06 4.43358E-10 4.55957E-11
 -1       478 2.78511E-06-7.80084E-07-7.79750E-07-7.02414E-07 2.19646E-10 8.26480E-09
 -1       479 5.46654E-09-1.63563E-09-1.26333E-09-1.03151E-06-4.89901E-11-1.60986E-10
 -1       480 3.48393E-06-9.75589E-07-9.75472E-07-7.02293E-07 1.89046E-10 7.93742E-09
 -1       481 9.01789E-09-2.60109E-09-2.50156E-09-1.03130E-06 4.59479E-11-1.32062E-10
 -1       482 4.18360E-06-1.17153E-06-1.17145E-06-7.02074E-07 1.03654E-10 7.87819E-09
 -1       483 1.39871E-08-3.86510E-09-3.72743E-09-1.03094E-06 2.11462E-10-3.33894E-10
 -1       484 4.88437E-06-1.36772E-06-1.36774E-06-7.01987E-07 7.87016E-11 7.77295E-09
 -1       485 1.96123E-08-5.74325E-09-5.40660E-09-1.03088E-06 6.70909E-11-3.32987E-10
 -1       486 5.58609E-06-1.56408E-06-1.56426E-06-7.01871E-07 5.91819E-11 7.84939E-09
 -1       487 2.64985E-08-7.39916E-09-7.40457E-09-1.03074E-06-1.47010E-10-4.56060E-10
 -1       488 6.28809E-06-1.76093E-06-1.76086E-06-7.01812E-07 1.94502E-10 7.65317E-09
 -1       489 3.38077E-08-9.54852E-09-9.53058E-09-1.03062E-06-7.77452E-11-4.10955E-10
 -1       490 6.99196E-06-1.95792E-06-1.95756E-06-7.01557E-07 1.76718E-10 7.36905E-09
 -1       491 4.22064E-08-1.19991E-08-1.17426E-08-1.03025E-06 1.31277E-10-3.38162E-10
 -1       492 7.69548E-06-2.15475E-06-2.15463E-06-7.01492E-07 1.00919E-10 7.17830E-09
 -1       493 5.14181E-08-1.45091E-08-1.41602E-08-1.03019E-06 2.56084E-10-6.78674E-10
 -1       494 8.39995E-06-2.35216E-06-2.35197E-06-7.01405E-07-8.13417E-11 7.09755E-09
 -1       495 6.09175E-08-1.72234E-08-1.68707E-08-1.03022E-06-5.14271E-11-5.17266E-10
 -1       496 9.10495E-06-2.54952E-06-2.54950E-06-7.01353E-07 1.37167E-10 7.15727E-09
 -1       497 7.11581E-08-2.01703E-08-1.97600E-08-1.03011E-06-7.21510E-11-6.92587E-10
 -1       498 9.81046E-06-2.74700E-06-2.74712E-06-7.01148E-07 8.91717E-11 7.21421E-09
 -1       499 8.18094E-08-2.29936E-08-2.27802E-08-1.02994E-06 9.34090E-11-6.88474E-10
 -1       500 1.05171E-05-2.94480E-06-2.94478E-06-7.00859E-07 6.61462E-12 7.11304E-09
 -1       501 9.36225E-08-2.63622E-08-2.61933E-08-1.02951E-06-1.68724E-11-5.52494E-10
 -1       502 1.12231E-05-3.14255E-06-3.14259E-06-7.00533E-07 1.37106E-10 7.20237E-09
 -1       503 1.05435E-07-2.95928E-08-2.95943E-08-1.02932E-06 8.32491E-11-6.14328E-10
 -1       504 1.19310E-05-3.34069E-06-3.34050E-06-7.00669E-07-1.11643E-10 7.16331E-09
 -1       505 1.17821E-07-3.29778E-08-3.30340E-08-1.02894E-06 4.05568E-11-5.72919E-10
 -1       506 1.26381E-05-3.53879E-06-3.53864E-06-7.00748E-07 1.20691E-10 6.91242E-09
 -1       507 1.30506E-07-3.64406E-08-3.63762E-08-1.02916E-06-3.11238E-11-6.43743E-10
 -1       508 1.33454E-05-3.73694E-06-3.73678E-06-7.00575E-07-8.57824E-12 6.92619E-09
 -1       509 1.43579E-07-4.03805E-08-4.00081E-08-1.02921E-06-2.70225E-11-5.98061E-10
 -1       510 1.40538E-05-3.93497E-06-3.93512E-06-7.00555E-07-3.29797E-12 6.94060E-09
 -1       511 1.56678E-07-4.40989E-08-4.39194E-08-1.02883E-06-8.50899E-11-7.66415E-10
 -1       512 1.47616E-05-4.13310E-06-4.13331E-06-7.00372E-07 1.66471E-10 6.84868E-09
 -1       513 1.70393E-07-4.75203E-08-4.76321E-08-1.02881E-06 1.27567E-10-8.41751E-10
 -1       514 1.54702E-05-4.33171E-06-4.33156E-06-7.00020E-07 9.81982E-12 6.70103E-09
 -1       515 1.84401E-07-5.16193E-08-5.15729E-08-1.02848E-06 7.35598E-11-7.67693E-10
 -1       516 1.61789E-05-4.53014E-06-4.53010E-06-7.00263E-07-1.14231E-10 6.93391E-09
 -1       517 1.98011E-07-5.56471E-08-5.56047E-08-1.02839E-06-3.09698E-11-8.01863E-10
 -1       518 1.68870E-05-4.72836E-06-4.72838E-06-6.99967E-07 1.08839E-10 6.85731E-09
 -1       519 2.12297E-07-5.93087E-08-5.93361E-08-1.02834E-06 2.02552E-11-8.00880E-10
 -1       520 1.75968E-05-4.92702E-06-4.92700E-06-7.00361E-07-6.13483E-11 6.57058E-09
 -1       521 2.26613E-07-6.33560E-08-6.33376E-08-1.02836E-06 4.54067E-12-8.68316E-10
 -1       522 1.83038E-05-5.12527E-06-5.12537E-06-7.00127E-07 8.52367E-11 6.94802E-09
 -1       523 2.40633E-07-6.75253E-08-6.73384E-08-1.02858E-06-2.42244E-11-9.75324E-10
 -1       524 1.90142E-05-5.32390E-06-5.32391E-06-6.99851E-07 1.42748E-11 6.76671E-09
 -1       525 2.54970E-07-7.15023E-08-7.14433E-08-1.02811E-06 9.15749E-11-7.43671E-10
 -1       526 1.97219E-05-5.52196E-06-5.52208E-06-6.99791E-07-4.46987E-10 6.95198E-09
 -1       527 2.69452E-07-7.54828E-08-7.54837E-08-1.02794E-06-1.39901E-10-7.79900E-10
 -1       528 2.04342E-05-5.72229E-06-5.72192E-06-6.99178E-07 1.57263E-09 6.61842E-09
 -1       529 2.84304E-07-7.94702E-08-7.95484E-08-1.02705E-06 6.38343E-10-7.57945E-10
 -1       530 2.11294E-05-5.91451E-06-5.91411E-06-7.02833E-07-6.12862E-09 6.37231E-09
 -1       531 2.98255E-07-8.36371E-08-8.34538E-08-1.03129E-06-2.93301E-09-7.73867E-10
 -1       532 2.19048E-05-6.13150E-06-6.14143E-06-6.87764E-07 2.38028E-08 1.59125E-08
 -1       533 3.13129E-07-8.74319E-08-8.80696E-08-1.01228E-06 1.10448E-08-7.42433E-10
 -1       534 2.23503E-05-6.23944E-06-6.20105E-06-7.35989E-07-1.02627E-07 1.10389E-08
 -1       535 3.27765E-07-9.25936E-08-8.99958E-08-1.08529E-06-4.26451E-08-1.28410E-09
 -1       536 2.32077E-05-5.92730E-06-6.74210E-06 1.84996E-07 2.85660E-07 1.12983E-06
 -1       537 3.39041E-07-9.06192E-08-1.04135E-07-4.86739E-07-1.55781E-08 1.79276E-09
 -1       538 3.39889E-07-7.05348E-08-8.61388E-08 1.91597E-06-1.18262E-06-2.56401E-08
 -1       539-6.62271E-07 2.00351E-07 2.00309E-07-6.99937E-07 6.98597E-10-1.01845E-08
 -1       540-1.38705E-06 3.88808E-07 3.87521E-07-7.03133E-07 4.49289E-10-8.85161E-09
 -1       541-2.08016E-06 5.82096E-07 5.82702E-07-7.02603E-07-2.81371E-10-9.09480E-09
 -1       542-2.77098E-06 7.75834E-07 7.76052E-07-7.02879E-07 9.43188E-11-8.84467E-09
 -1       543-3.46117E-06 9.69267E-07 9.69075E-07-7.02571E-07-6.06872E-12-9.28338E-09
 -1       544-4.15077E-06 1.16205E-06 1.16216E-06-7.02741E-07-6.25853E-11-9.16078E-09
 -1       545-4.83855E-06 1.35469E-06 1.35497E-06-7.02423E-07-1.32051E-10-9.37120E-09
 -1       546-5.52632E-06 1.54737E-06 1.54737E-06-7.02435E-07-1.86607E-11-9.31834E-09
 -1       547-6.21262E-06 1.73970E-06 1.73969E-06-7.02447E-07 1.92820E-10-9.50542E-09
 -1       548-6.89838E-06 1.93172E-06 1.93154E-06-7.02166E-07 8.52239E-11-9.56012E-09
 -1       549-7.58377E-06 2.12327E-06 2.12358E-06-7.02325E-07 5.24021E-11-9.56277E-09
 -1       550-8.26800E-06 2.31482E-06 2.31515E-06-7.02395E-07 2.07218E-11-9.70538E-09
 -1       551-8.95243E-06 2.50644E-06 2.50682E-06-7.02332E-07 6.12447E-11-9.58085E-09
 -1       552-9.63498E-06 2.69763E-06 2.69802E-06-7.02105E-07 5.88212E-11-9.90853E-09
 -1       553-1.03181E-05 2.88910E-06 2.88894E-06-7.01638E-07 1.53345E-11-9.68012E-09
 -1       554-1.10006E-05 3.08021E-06 3.08023E-06-7.01499E-07 5.90806E-11-9.98201E-09
 -1       555-1.16825E-05 3.27108E-06 3.27110E-06-7.01546E-07-1.02135E-10-1.00012E-08
 -1       556-1.23642E-05 3.46190E-06 3.46210E-06-7.01833E-07-3.81020E-11-1.00735E-08
 -1       557-1.30453E-05 3.65264E-06 3.65266E-06-7.01734E-07-1.63920E-11-1.01029E-08
 -1       558-1.37267E-05 3.84344E-06 3.84342E-06-7.01560E-07-6.95869E-11-9.98457E-09
 -1       559-1.44074E-05 4.03398E-06 4.03416E-06-7.01591E-07 6.52529E-11-1.00387E-08
 -1       560-1.50875E-05 4.22456E-06 4.22464E-06-7.01122E-07 1.37159E-10-1.00497E-08
 -1       561-1.57684E-05 4.41523E-06 4.41505E-06-7.01257E-07-3.86367E-11-1.02043E-08
 -1       562-1.64487E-05 4.60568E-06 4.60572E-06-7.01119E-07 2.60444E-13-1.02155E-08
 -1       563-1.71287E-05 4.79600E-06 4.79605E-06-7.01523E-07-1.32147E-10-1.04241E-08
 -1       564-1.78093E-05 4.98642E-06 4.98661E-06-7.01254E-07 5.60445E-11-1.00770E-08
 -1       565-1.84891E-05 5.17685E-06 5.17703E-06-7.01071E-07 1.26737E-10-1.00986E-08
 -1       566-1.91686E-05 5.36713E-06 5.36708E-06-7.00783E-07-3.45822E-10-1.02440E-08
 -1       567-1.98514E-05 5.55901E-06 5.55881E-06-7.00451E-07 1.53231E-09-1.00305E-08
 -1       568-2.05178E-05 5.74338E-06 5.74322E-06-7.03711E-07-6.24220E-09-9.57276E-09
 -1       569-2.12647E-05 5.95212E-06 5.96031E-06-6.89291E-07 2.36705E-08-1.99907E-08
 -1       570-2.16803E-05 6.05241E-06 6.02185E-06-7.37848E-07-1.01769E-07-1.11870E-08
 -1       571-2.24898E-05 5.74547E-06 6.52141E-06 1.80932E-07 2.82404E-07-1.12211E-06
 -1       572 1.56642E-10 6.11424E-16 1.89423E-15 2.13154E-06-7.07010E-16 1.17011E-08
 -1       573 1.83542E-05-2.47180E-10-2.07347E-10-1.60572E-06-1.07181E-13 2.47937E-08
 -1       574 1.42616E-07-1.50967E-12-1.93864E-12 3.77710E-06-1.13461E-11-1.56726E-08
 -1       575-1.42184E-07 1.50808E-12 1.93504E-12 3.77441E-06 1.13484E-11-1.56063E-08
 -1       576-1.83540E-05 2.47178E-10 2.07344E-10-1.60564E-06 1.09044E-13 2.74420E-08
 -1       577 4.84160E-05-1.49849E-05-1.12878E-05 1.27049E-06-1.53021E-10-1.19567E-08
 -1       578 4.43379E-05-1.18759E-05-1.26954E-05-5.19422E-08-1.27196E-09-1.54106E-08
 -1       579 4.30564E-05-1.22050E-05-1.20062E-05-2.06433E-07 1.61111E-10-1.47944E-08
 -1       580 4.16672E-05-1.16303E-05-1.16772E-05-1.72438E-07 3.86459E-11-1.48621E-08
 -1       581 4.02779E-05-1.12866E-05-1.12755E-05-1.80654E-07 5.60187E-11-1.51332E-08
 -1       582 3.88890E-05-1.08868E-05-1.08894E-05-1.78854E-07-5.09663E-11-1.55584E-08
 -1       583 3.75011E-05-1.05006E-05-1.05003E-05-1.78996E-07 1.07432E-11-1.51618E-08
 -1       584 3.61108E-05-1.01112E-05-1.01111E-05-1.78984E-07-1.45367E-10-1.47645E-08
 -1       585 3.47226E-05-9.72224E-06-9.72197E-06-1.79202E-07 4.67732E-11-1.42345E-08
 -1       586 3.33340E-05-9.33351E-06-9.33369E-06-1.79179E-07 4.95301E-11-1.45985E-08
 -1       587 3.19454E-05-8.94474E-06-8.94460E-06-1.78870E-07 6.84306E-12-1.46180E-08
 -1       588 3.05555E-05-8.55561E-06-8.55563E-06-1.79328E-07-7.58875E-11-1.43855E-08
 -1       589 2.91676E-05-8.16683E-06-8.16720E-06-1.79165E-07-6.10181E-11-1.40829E-08
 -1       590 2.77781E-05-7.77800E-06-7.77779E-06-1.79190E-07-9.90051E-11-1.37593E-08
 -1       591 2.63899E-05-7.38908E-06-7.38911E-06-1.79071E-07-4.22430E-11-1.32100E-08
 -1       592 2.49999E-05-6.99990E-06-6.99968E-06-1.79056E-07 1.23634E-11-1.26440E-08
 -1       593 2.36121E-05-6.61128E-06-6.61135E-06-1.78724E-07 3.95710E-11-1.26652E-08
 -1       594 2.22225E-05-6.22273E-06-6.22231E-06-1.79326E-07-1.55070E-10-1.24651E-08
 -1       595 2.08337E-05-5.83331E-06-5.83333E-06-1.79249E-07-8.43269E-12-1.18954E-08
 -1       596 1.94445E-05-5.44442E-06-5.44458E-06-1.79389E-07-1.90548E-10-1.13866E-08
 -1       597 1.80560E-05-5.05578E-06-5.05570E-06-1.79066E-07-1.26056E-10-1.07142E-08
 -1       598 1.66670E-05-4.66659E-06-4.66666E-06-1.79198E-07 5.76904E-11-9.78016E-09
 -1       599 1.52781E-05-4.27795E-06-4.27783E-06-1.79666E-07-6.62175E-11-9.37084E-09
 -1       600 1.38895E-05-3.88885E-06-3.88894E-06-1.79324E-07-8.56016E-11-9.01740E-09
 -1       601 1.25004E-05-3.50004E-06-3.50014E-06-1.79008E-07-1.59442E-10-8.01216E-09
 -1       602 1.11121E-05-3.11121E-06-3.11145E-06-1.78861E-07-3.73688E-12-7.40471E-09
 -1       603 9.72176E-06-2.72250E-06-2.72196E-06-1.79173E-07-9.61035E-11-6.31939E-09
 -1       604 8.33415E-06-2.33374E-06-2.33339E-06-1.79026E-07-1.67179E-10-5.50707E-09
 -1       605 6.94439E-06-1.94459E-06-1.94458E-06-1.79294E-07-1.74752E-10-4.52020E-09
 -1       606 5.55617E-06-1.55556E-06-1.55567E-06-1.79028E-07-1.91401E-10-3.72038E-09
 -1       607 4.16658E-06-1.16653E-06-1.16624E-06-1.79441E-07-1.68333E-10-2.85381E-09
 -1       608 2.77848E-06-7.78480E-07-7.79991E-07-1.77105E-07-5.51575E-11-1.67554E-09
 -1       609 1.39935E-06-3.97816E-07-3.88545E-07-1.32481E-07 1.05450E-10-5.93178E-10
 -1       610 4.73952E-05-1.44560E-05-1.22433E-05 5.85027E-07 1.99981E-07 4.70135E-07
 -1       611 4.43713E-05-1.09747E-05-1.00337E-05-3.40160E-06-1.07818E-08 1.32113E-08
 -1       612 4.46179E-05-1.19700E-05-1.25082E-05 5.50053E-08-3.28561E-08 9.73931E-08
 -1       613 4.48845E-05-1.36046E-05-1.22334E-05 2.35203E-07-9.39289E-10-8.34627E-09
 -1       614 4.32205E-05-1.22259E-05-1.20946E-05-2.09513E-07 1.15449E-08 3.83440E-08
 -1       615 4.37850E-05-1.20337E-05-1.23533E-05-1.35404E-07-4.51723E-10-1.41491E-08
 -1       616 4.18207E-05-1.16796E-05-1.17121E-05-1.62757E-07-3.02652E-09 2.97038E-08
 -1       617 4.23722E-05-1.19142E-05-1.18415E-05-8.17990E-08 8.40175E-11-1.36769E-08
 -1       618 4.04257E-05-1.13265E-05-1.13183E-05-1.73853E-07 9.15149E-10 3.17573E-08
 -1       619 4.09704E-05-1.14603E-05-1.14772E-05-8.87774E-08 1.14293E-10-1.39721E-08
 -1       620 3.90290E-05-1.09264E-05-1.09283E-05-1.71276E-07-2.66462E-10 3.09207E-08
 -1       621 3.95866E-05-1.10868E-05-1.10828E-05-8.77980E-08 3.24233E-11-1.43043E-08
 -1       622 3.76339E-05-1.05377E-05-1.05375E-05-1.71833E-07-8.17686E-11 3.11605E-08
 -1       623 3.81962E-05-1.06943E-05-1.06954E-05-8.79440E-08-6.30888E-11-1.42523E-08
 -1       624 3.62361E-05-1.01462E-05-1.01463E-05-1.71645E-07 2.41460E-11 3.16540E-08
 -1       625 3.68077E-05-1.03064E-05-1.03062E-05-8.76876E-08-1.07594E-10-1.39221E-08
 -1       626 3.48414E-05-9.75546E-06-9.75536E-06-1.72122E-07 7.95753E-12 3.15400E-08
 -1       627 3.54184E-05-9.91709E-06-9.91695E-06-8.79541E-08-6.99447E-11-1.35321E-08
 -1       628 3.34448E-05-9.36464E-06-9.36467E-06-1.71786E-07 6.94213E-11 3.17083E-08
 -1       629 3.40297E-05-9.52833E-06-9.52826E-06-8.78714E-08 4.56552E-11-1.33717E-08
 -1       630 3.20494E-05-8.97379E-06-8.97378E-06-1.71738E-07-7.42462E-11 3.15629E-08
 -1       631 3.26413E-05-9.13958E-06-9.13957E-06-8.79366E-08 6.93298E-11-1.36323E-08
 -1       632 3.06526E-05-8.58276E-06-8.58277E-06-1.71890E-07-1.73738E-11 3.16798E-08
 -1       633 3.12517E-05-8.75053E-06-8.75049E-06-8.78571E-08-9.55660E-11-1.34876E-08
 -1       634 2.92574E-05-8.19197E-06-8.19228E-06-1.71893E-07 2.09416E-11 3.18709E-08
 -1       635 2.98631E-05-8.36156E-06-8.36180E-06-8.80811E-08-9.96091E-12-1.32644E-08
 -1       636 2.78615E-05-7.80123E-06-7.80119E-06-1.71822E-07-5.71022E-11 3.23062E-08
 -1       637 2.84739E-05-7.97278E-06-7.97287E-06-8.79780E-08-6.00020E-11-1.29210E-08
 -1       638 2.64655E-05-7.41029E-06-7.41033E-06-1.71878E-07-4.03631E-11 3.24316E-08
 -1       639 2.70852E-05-7.58392E-06-7.58374E-06-8.79490E-08-1.08177E-10-1.24347E-08
 -1       640 2.50700E-05-7.01966E-06-7.01934E-06-1.71847E-07 1.18357E-10 3.26129E-08
 -1       641 2.56961E-05-7.19479E-06-7.19476E-06-8.76925E-08-3.49568E-11-1.20184E-08
 -1       642 2.36752E-05-6.62903E-06-6.62891E-06-1.71722E-07-1.00717E-10 3.27422E-08
 -1       643 2.43072E-05-6.80593E-06-6.80591E-06-8.78397E-08 6.52230E-11-1.17813E-08
 -1       644 2.22791E-05-6.23832E-06-6.23825E-06-1.71741E-07 1.20757E-11 3.31393E-08
 -1       645 2.29181E-05-6.41724E-06-6.41710E-06-8.78113E-08-8.26341E-11-1.15814E-08
 -1       646 2.08846E-05-5.84750E-06-5.84778E-06-1.71925E-07-8.22281E-11 3.33014E-08
 -1       647 2.15292E-05-6.02827E-06-6.02809E-06-8.80126E-08-7.36964E-11-1.13602E-08
 -1       648 1.94893E-05-5.45700E-06-5.45716E-06-1.71958E-07-8.21844E-11 3.38516E-08
 -1       649 2.01399E-05-5.63919E-06-5.63923E-06-8.81790E-08-9.88241E-12-1.07616E-08
 -1       650 1.80951E-05-5.06668E-06-5.06662E-06-1.72023E-07-4.13967E-11 3.40366E-08
 -1       651 1.87514E-05-5.25036E-06-5.25043E-06-8.80447E-08-1.33293E-10-1.02268E-08
 -1       652 1.67008E-05-4.67616E-06-4.67603E-06-1.71994E-07-4.52339E-11 3.44296E-08
 -1       653 1.73622E-05-4.86136E-06-4.86142E-06-8.80141E-08-9.92785E-11-9.44402E-09
 -1       654 1.53069E-05-4.28583E-06-4.28590E-06-1.72288E-07 7.94701E-11 3.50411E-08
 -1       655 1.59730E-05-4.47255E-06-4.47261E-06-8.82186E-08-5.57873E-11-8.92231E-09
 -1       656 1.39135E-05-3.89566E-06-3.89574E-06-1.72060E-07-9.30014E-11 3.52027E-08
 -1       657 1.45847E-05-4.08366E-06-4.08366E-06-8.82935E-08-6.17206E-11-8.57920E-09
 -1       658 1.25197E-05-3.50563E-06-3.50551E-06-1.71924E-07 7.32288E-11 3.57899E-08
 -1       659 1.31955E-05-3.69467E-06-3.69472E-06-8.80517E-08-1.29056E-10-7.87111E-09
 -1       660 1.11275E-05-3.11559E-06-3.11564E-06-1.72072E-07 9.27463E-12 3.59268E-08
 -1       661 1.18067E-05-3.30564E-06-3.30588E-06-8.78259E-08-3.06396E-12-7.17974E-09
 -1       662 9.73416E-06-2.72579E-06-2.72561E-06-1.72014E-07-3.57144E-12 3.67997E-08
 -1       663 1.04172E-05-2.91685E-06-2.91680E-06-8.76763E-08-5.41421E-12-6.26871E-09
 -1       664 8.34273E-06-2.33595E-06-2.33589E-06-1.72085E-07-1.27127E-11 3.73861E-08
 -1       665 9.02844E-06-2.52823E-06-2.52779E-06-8.79357E-08-1.57715E-11-5.53327E-09
 -1       666 6.95079E-06-1.94635E-06-1.94635E-06-1.72070E-07-5.37530E-11 3.80026E-08
 -1       667 7.63959E-06-2.13924E-06-2.13909E-06-8.80007E-08-1.49847E-10-4.57373E-09
 -1       668 5.55969E-06-1.55664E-06-1.55639E-06-1.72006E-07 9.41557E-11 3.86275E-08
 -1       669 6.25067E-06-1.75013E-06-1.75036E-06-8.79566E-08-1.48261E-10-3.93235E-09
 -1       670 4.16908E-06-1.16709E-06-1.16756E-06-1.72178E-07-9.85803E-11 3.90337E-08
 -1       671 4.86146E-06-1.36099E-06-1.36104E-06-8.79716E-08-1.15132E-10-3.01617E-09
 -1       672 2.77835E-06-7.78915E-07-7.78299E-07-1.70639E-07-2.51880E-10 4.02546E-08
 -1       673 3.47296E-06-9.72227E-07-9.73330E-07-8.80810E-08-1.07832E-10-2.02920E-09
 -1       674 1.39804E-06-3.95602E-07-3.94397E-07-1.28522E-07 3.59582E-09 2.98603E-08
 -1       675 2.08633E-06-5.83405E-07-5.82609E-07-8.95585E-08-3.67773E-11-1.11214E-09
 -1       676 7.95915E-07-1.98629E-07-2.33507E-07-1.00639E-07-5.38622E-11-3.71416E-10
 -1       677 4.70473E-05-1.43538E-05-1.21553E-05 5.69071E-07-1.96660E-07-4.71444E-07
 -1       678 4.42869E-05-1.18786E-05-1.24159E-05 5.37455E-08 3.11088E-08-1.16335E-07
 -1       679 4.28999E-05-1.21360E-05-1.20048E-05-2.10410E-07-1.12733E-08-5.69934E-08
 -1       680 4.15150E-05-1.15941E-05-1.16265E-05-1.63612E-07 3.01324E-09-4.84727E-08
 -1       681 4.01348E-05-1.12448E-05-1.12371E-05-1.74580E-07-7.93642E-10-5.09409E-08
 -1       682 3.87522E-05-1.08490E-05-1.08508E-05-1.72210E-07 1.92621E-10-5.04964E-08
 -1       683 3.73715E-05-1.04644E-05-1.04639E-05-1.72465E-07-4.09619E-12-5.04707E-08
 -1       684 3.59887E-05-1.00770E-05-1.00769E-05-1.72510E-07-1.15052E-10-5.01234E-08
 -1       685 3.46075E-05-9.69007E-06-9.68992E-06-1.72596E-07 3.31350E-11-4.98822E-08
 -1       686 3.32258E-05-9.30324E-06-9.30332E-06-1.72575E-07 6.01694E-12-5.01355E-08
 -1       687 3.18442E-05-8.91631E-06-8.91622E-06-1.72360E-07 1.39516E-11-5.01065E-08
 -1       688 3.04615E-05-8.52926E-06-8.52925E-06-1.72678E-07-8.84516E-11-4.99436E-08
 -1       689 2.90801E-05-8.14238E-06-8.14264E-06-1.72528E-07 5.82981E-12-4.97045E-08
 -1       690 2.76977E-05-7.75551E-06-7.75530E-06-1.72557E-07-5.12081E-11-4.96094E-08
 -1       691 2.63155E-05-7.36829E-06-7.36837E-06-1.72592E-07 5.96053E-12-4.90595E-08
 -1       692 2.49331E-05-6.98128E-06-6.98109E-06-1.72606E-07 5.38014E-11-4.88285E-08
 -1       693 2.35507E-05-6.59430E-06-6.59413E-06-1.72566E-07 1.31284E-11-4.87007E-08
 -1       694 2.21683E-05-6.20719E-06-6.20693E-06-1.72393E-07-2.64910E-10-4.89714E-08
 -1       695 2.07846E-05-5.81965E-06-5.81950E-06-1.72432E-07-1.16682E-11-4.84317E-08
 -1       696 1.94016E-05-5.43238E-06-5.43256E-06-1.72665E-07 4.44668E-11-4.79222E-08
 -1       697 1.80184E-05-5.04532E-06-5.04529E-06-1.72577E-07-1.57008E-10-4.74773E-08
 -1       698 1.66348E-05-4.65766E-06-4.65785E-06-1.72443E-07 7.59006E-11-4.69636E-08
 -1       699 1.52509E-05-4.27025E-06-4.27034E-06-1.72731E-07 1.78135E-11-4.68968E-08
 -1       700 1.38667E-05-3.88261E-06-3.88251E-06-1.72500E-07-1.05999E-11-4.67450E-08
 -1       701 1.24819E-05-3.49496E-06-3.49496E-06-1.72332E-07-6.34022E-11-4.59424E-08
 -1       702 1.10970E-05-3.10735E-06-3.10713E-06-1.72292E-07-6.49853E-11-4.53433E-08
 -1       703 9.71117E-06-2.71911E-06-2.71910E-06-1.72451E-07-1.03860E-10-4.48415E-08
 -1       704 8.32581E-06-2.33128E-06-2.33122E-06-1.72249E-07-2.09462E-10-4.43239E-08
 -1       705 6.93926E-06-1.94294E-06-1.94274E-06-1.72242E-07-1.35828E-10-4.39076E-08
 -1       706 5.55253E-06-1.55465E-06-1.55494E-06-1.72273E-07-7.15619E-11-4.31088E-08
 -1       707 4.16515E-06-1.16618E-06-1.16622E-06-1.72304E-07-2.54037E-10-4.25997E-08
 -1       708 2.77670E-06-7.78358E-07-7.77727E-07-1.70772E-07 3.95285E-10-4.21700E-08
 -1       709 1.39763E-06-3.95551E-07-3.94439E-07-1.28568E-07-3.36087E-09-3.06972E-08
 -1       710-4.84159E-05 1.49848E-05 1.12877E-05 1.27032E-06-1.29873E-10-3.11057E-09
 -1       711-4.43377E-05 1.18757E-05 1.26953E-05-5.18249E-08 1.16419E-09-7.70726E-09
 -1       712-4.30563E-05 1.22051E-05 1.20062E-05-2.06487E-07-1.01960E-10-7.48378E-09
 -1       713-4.16670E-05 1.16301E-05 1.16776E-05-1.72402E-07 1.30210E-10-7.34798E-09
 -1       714-4.02779E-05 1.12866E-05 1.12752E-05-1.80526E-07 3.60862E-12-7.19793E-09
 -1       715-3.88880E-05 1.08867E-05 1.08892E-05-1.78932E-07 7.15782E-11-6.91391E-09
 -1       716-3.75014E-05 1.05007E-05 1.05004E-05-1.79087E-07-1.46404E-10-7.29023E-09
 -1       717-3.61103E-05 1.01109E-05 1.01109E-05-1.79330E-07-1.14929E-10-7.37290E-09
 -1       718-3.47238E-05 9.72243E-06 9.72254E-06-1.78600E-07 6.55412E-11-7.72043E-09
 -1       719-3.33323E-05 9.33320E-06 9.33313E-06-1.79299E-07 5.06969E-11-7.54747E-09
 -1       720-3.19460E-05 8.94469E-06 8.94500E-06-1.78658E-07 1.47925E-10-7.26943E-09
 -1       721-3.05546E-05 8.55572E-06 8.55530E-06-1.79588E-07-4.77256E-11-7.05833E-09
 -1       722-2.91677E-05 8.16700E-06 8.16690E-06-1.79135E-07-1.32509E-10-7.17085E-09
 -1       723-2.77776E-05 7.77767E-06 7.77777E-06-1.79364E-07 8.41925E-12-7.13827E-09
 -1       724-2.63906E-05 7.38894E-06 7.38944E-06-1.78929E-07 5.59550E-11-7.40413E-09
 -1       725-2.49998E-05 6.99990E-06 6.99986E-06-1.78768E-07 5.16872E-11-7.27794E-09
 -1       726-2.36116E-05 6.61154E-06 6.61113E-06-1.78756E-07 1.92306E-10-6.87918E-09
 -1       727-2.22219E-05 6.22250E-06 6.22219E-06-1.79446E-07-1.97143E-11-6.43757E-09
 -1       728-2.08337E-05 5.83301E-06 5.83350E-06-1.79403E-07-4.29815E-11-6.43070E-09
 -1       729-1.94449E-05 5.44453E-06 5.44459E-06-1.79071E-07-5.41972E-11-6.30463E-09
 -1       730-1.80555E-05 5.05558E-06 5.05570E-06-1.79397E-07-3.13676E-11-6.23757E-09
 -1       731-1.66675E-05 4.66692E-06 4.66703E-06-1.79155E-07 7.71442E-11-5.85746E-09
 -1       732-1.52772E-05 4.27789E-06 4.27767E-06-1.79519E-07 1.19601E-10-5.42334E-09
 -1       733-1.38896E-05 3.88883E-06 3.88930E-06-1.79148E-07 1.08691E-10-5.09744E-09
 -1       734-1.25003E-05 3.49998E-06 3.49990E-06-1.79054E-07-1.01201E-10-4.45671E-09
 -1       735-1.11119E-05 3.11127E-06 3.11093E-06-1.78979E-07 5.56921E-11-4.35765E-09
 -1       736-9.72245E-06 2.72242E-06 2.72252E-06-1.79190E-07 1.18997E-10-3.67024E-09
 -1       737-8.33384E-06 2.33343E-06 2.33342E-06-1.79230E-07 1.72631E-10-3.49587E-09
 -1       738-6.94423E-06 1.94450E-06 1.94459E-06-1.78960E-07 2.41139E-10-2.59982E-09
 -1       739-5.55638E-06 1.55584E-06 1.55592E-06-1.78896E-07-7.21871E-11-2.16720E-09
 -1       740-4.16597E-06 1.16659E-06 1.16621E-06-1.79092E-07 3.86938E-10-1.57832E-09
 -1       741-2.77888E-06 7.78018E-07 7.80367E-07-1.77107E-07-5.72997E-11-8.49538E-10
 -1       742-1.39920E-06 3.98280E-07 3.88671E-07-1.32494E-07 2.08250E-10-2.82618E-10
 -1       743-4.43710E-05 1.09745E-05 1.00337E-05-3.40172E-06 1.04808E-08 2.02944E-08
 -1       744-4.70466E-05 1.43538E-05 1.21550E-05 5.69074E-07 1.96556E-07-4.65797E-07
 -1       745-4.48846E-05 1.36044E-05 1.22332E-05 2.35353E-07 7.83498E-10-1.91249E-11
 -1       746-4.42870E-05 1.18785E-05 1.24159E-05 5.43462E-08-3.11587E-08-1.11439E-07
 -1       747-4.37846E-05 1.20337E-05 1.23533E-05-1.35360E-07 3.94198E-10-6.65284E-09
 -1       748-4.28999E-05 1.21361E-05 1.20050E-05-2.10163E-07 1.13646E-08-5.23560E-08
 -1       749-4.23721E-05 1.19142E-05 1.18415E-05-8.17327E-08 1.02673E-11-6.25177E-09
 -1       750-4.15147E-05 1.15939E-05 1.16265E-05-1.63069E-07-3.06799E-09-4.37738E-08
 -1       751-4.09704E-05 1.14602E-05 1.14773E-05-8.87013E-08 4.03013E-11-6.24190E-09
 -1       752-4.01347E-05 1.12449E-05 1.12367E-05-1.74060E-07 8.74045E-10-4.57623E-08
 -1       753-3.95861E-05 1.10869E-05 1.10826E-05-8.76900E-08 2.07480E-11-6.02487E-09
 -1       754-3.87516E-05 1.08489E-05 1.08507E-05-1.71602E-07-1.70572E-10-4.51736E-08
 -1       755-3.81961E-05 1.06942E-05 1.06954E-05-8.81326E-08-2.72354E-12-6.04161E-09
 -1       756-3.73715E-05 1.04643E-05 1.04641E-05-1.72357E-07 1.89895E-12-4.53418E-08
 -1       757-3.68075E-05 1.03063E-05 1.03060E-05-8.77841E-08-1.42971E-10-6.26714E-09
 -1       758-3.59885E-05 1.00768E-05 1.00768E-05-1.72122E-07-2.14197E-11-4.55789E-08
 -1       759-3.54189E-05 9.91716E-06 9.91718E-06-8.79694E-08-1.20454E-11-6.57224E-09
 -1       760-3.46080E-05 9.69012E-06 9.69025E-06-1.72015E-07-4.21840E-11-4.55641E-08
 -1       761-3.40292E-05 9.52816E-06 9.52819E-06-8.75590E-08 3.65973E-12-6.64577E-09
 -1       762-3.32248E-05 9.30297E-06 9.30296E-06-1.72055E-07 2.89433E-11-4.57530E-08
 -1       763-3.26411E-05 9.13940E-06 9.13949E-06-8.78866E-08 5.70014E-11-6.42569E-09
 -1       764-3.18443E-05 8.91630E-06 8.91641E-06-1.72059E-07 2.58083E-11-4.51971E-08
 -1       765-3.12513E-05 8.75062E-06 8.75057E-06-8.77872E-08 7.61695E-11-6.09068E-09
 -1       766-3.04610E-05 8.52944E-06 8.52901E-06-1.72061E-07 1.33697E-10-4.55085E-08
 -1       767-2.98629E-05 8.36173E-06 8.36158E-06-8.83200E-08-6.00236E-11-6.09290E-09
 -1       768-2.90801E-05 8.14230E-06 8.14251E-06-1.72314E-07-9.10894E-11-4.53218E-08
 -1       769-2.84738E-05 7.97260E-06 7.97269E-06-8.80063E-08-1.66888E-10-6.25177E-09
 -1       770-2.76975E-05 7.75523E-06 7.75540E-06-1.72366E-07 3.85362E-12-4.54106E-08
 -1       771-2.70854E-05 7.58370E-06 7.58391E-06-8.79750E-08 3.82440E-11-6.23826E-09
 -1       772-2.63161E-05 7.36839E-06 7.36852E-06-1.72218E-07-1.05695E-11-4.52459E-08
 -1       773-2.56960E-05 7.19483E-06 7.19493E-06-8.75523E-08 5.02913E-11-6.40167E-09
 -1       774-2.49328E-05 6.98116E-06 6.98117E-06-1.72062E-07-4.98522E-11-4.53565E-08
 -1       775-2.43069E-05 6.80594E-06 6.80571E-06-8.76947E-08-7.02557E-12-6.20871E-09
 -1       776-2.35506E-05 6.59431E-06 6.59405E-06-1.71965E-07 1.90860E-10-4.50454E-08
 -1       777-2.29178E-05 6.41718E-06 6.41696E-06-8.77480E-08 9.98799E-11-5.67659E-09
 -1       778-2.21675E-05 6.20687E-06 6.20679E-06-1.72309E-07 1.41999E-10-4.51319E-08
 -1       779-2.15290E-05 6.02808E-06 6.02808E-06-8.81549E-08-2.56530E-11-5.57105E-09
 -1       780-2.07850E-05 5.81978E-06 5.81963E-06-1.72183E-07-8.47278E-11-4.48083E-08
 -1       781-2.01402E-05 5.63919E-06 5.63936E-06-8.81451E-08-4.34600E-11-5.56796E-09
 -1       782-1.94015E-05 5.43234E-06 5.43277E-06-1.72310E-07 2.34407E-11-4.49572E-08
 -1       783-1.87511E-05 5.25020E-06 5.25029E-06-8.81168E-08-1.42321E-10-5.46628E-09
 -1       784-1.80185E-05 5.04516E-06 5.04530E-06-1.72333E-07 4.49773E-11-4.46138E-08
 -1       785-1.73623E-05 4.86140E-06 4.86166E-06-8.80380E-08-5.53435E-11-5.29513E-09
 -1       786-1.66349E-05 4.65783E-06 4.65772E-06-1.72336E-07 1.97936E-10-4.44501E-08
 -1       787-1.59731E-05 4.47275E-06 4.47256E-06-8.80612E-08 2.26647E-11-4.89994E-09
 -1       788-1.52504E-05 4.27010E-06 4.27020E-06-1.72310E-07 1.41125E-11-4.43141E-08
 -1       789-1.45843E-05 4.08368E-06 4.08365E-06-8.82907E-08 3.80205E-11-4.60743E-09
 -1       790-1.38666E-05 3.88255E-06 3.88272E-06-1.72138E-07-7.03961E-12-4.40535E-08
 -1       791-1.31952E-05 3.69475E-06 3.69490E-06-8.80078E-08 1.44935E-11-4.06086E-09
 -1       792-1.24817E-05 3.49502E-06 3.49474E-06-1.72323E-07 5.23010E-11-4.38539E-08
 -1       793-1.18067E-05 3.30555E-06 3.30559E-06-8.79775E-08-7.67939E-11-3.85037E-09
 -1       794-1.10973E-05 3.10732E-06 3.10703E-06-1.72099E-07 1.00193E-10-4.35213E-08
 -1       795-1.04173E-05 2.91674E-06 2.91679E-06-8.78582E-08-3.26717E-11-3.65263E-09
 -1       796-9.71129E-06 2.71934E-06 2.71937E-06-1.72228E-07 3.09707E-10-4.31336E-08
 -1       797-9.02840E-06 2.52795E-06 2.52795E-06-8.78648E-08-3.35387E-11-3.14494E-09
 -1       798-8.32588E-06 2.33129E-06 2.33142E-06-1.72232E-07-8.39808E-11-4.29044E-08
 -1       799-7.63959E-06 2.13917E-06 2.13905E-06-8.76780E-08 8.68268E-11-2.68447E-09
 -1       800-6.93892E-06 1.94279E-06 1.94315E-06-1.72167E-07 1.47107E-10-4.25874E-08
 -1       801-6.25056E-06 1.75031E-06 1.75039E-06-8.79223E-08 2.23428E-11-1.92623E-09
 -1       802-5.55286E-06 1.55496E-06 1.55460E-06-1.72099E-07-4.70124E-11-4.21764E-08
 -1       803-4.86146E-06 1.36112E-06 1.36105E-06-8.78343E-08 1.95976E-11-1.79397E-09
 -1       804-4.16479E-06 1.16566E-06 1.16647E-06-1.72240E-07 3.90163E-10-4.18323E-08
 -1       805-3.47290E-06 9.71902E-07 9.73348E-07-8.78546E-08 7.65733E-11-9.60994E-10
 -1       806-2.77692E-06 7.78385E-07 7.78051E-07-1.70620E-07-4.22070E-10-4.15040E-08
 -1       807-2.08617E-06 5.83450E-07 5.82890E-07-8.96866E-08 6.18570E-11-5.28714E-10
 -1       808-1.39768E-06 3.95645E-07 3.94680E-07-1.28525E-07 3.65081E-09-3.06215E-08
 -1       809-7.96084E-07 1.98733E-07 2.33411E-07-1.00709E-07-8.46862E-11-2.88610E-11
 -1       810-4.73959E-05 1.44560E-05 1.22432E-05 5.84534E-07-2.00158E-07 4.75828E-07
 -1       811-4.46172E-05 1.19699E-05 1.25079E-05 5.49200E-08 3.27906E-08 1.02325E-07
 -1       812-4.32205E-05 1.22262E-05 1.20947E-05-2.10074E-07-1.15732E-08 4.31329E-08
 -1       813-4.18200E-05 1.16793E-05 1.17121E-05-1.63292E-07 3.24248E-09 3.42377E-08
 -1       814-4.04262E-05 1.13265E-05 1.13185E-05-1.74111E-07-9.02037E-10 3.69519E-08
 -1       815-3.90281E-05 1.09264E-05 1.09281E-05-1.71918E-07 1.82057E-10 3.62952E-08
 -1       816-3.76338E-05 1.05377E-05 1.05374E-05-1.72361E-07-6.48311E-12 3.62956E-08
 -1       817-3.62362E-05 1.01462E-05 1.01461E-05-1.72334E-07-5.05358E-11 3.61775E-08
 -1       818-3.48415E-05 9.75553E-06 9.75550E-06-1.72024E-07 9.73288E-12 3.58716E-08
 -1       819-3.34441E-05 9.36441E-06 9.36443E-06-1.72226E-07 1.39991E-11 3.60602E-08
 -1       820-3.20495E-05 8.97374E-06 8.97392E-06-1.72134E-07 7.92996E-11 3.61998E-08
 -1       821-3.06521E-05 8.58280E-06 8.58267E-06-1.72455E-07 5.43500E-13 3.64174E-08
 -1       822-2.92573E-05 8.19207E-06 8.19203E-06-1.72306E-07-7.76182E-11 3.63058E-08
 -1       823-2.78610E-05 7.80108E-06 7.80098E-06-1.72269E-07 4.25696E-11 3.64046E-08
 -1       824-2.64659E-05 7.41030E-06 7.41056E-06-1.72169E-07 1.15709E-10 3.60202E-08
 -1       825-2.50699E-05 7.01961E-06 7.01953E-06-1.71999E-07-2.63258E-12 3.62682E-08
 -1       826-2.36746E-05 6.62903E-06 6.62883E-06-1.71987E-07 7.33873E-11 3.64510E-08
 -1       827-2.22788E-05 6.23812E-06 6.23810E-06-1.72402E-07 5.68961E-11 3.68177E-08
 -1       828-2.08845E-05 5.84747E-06 5.84763E-06-1.72278E-07 1.02500E-10 3.70042E-08
 -1       829-1.94894E-05 5.45699E-06 5.45710E-06-1.72171E-07-8.24762E-11 3.68266E-08
 -1       830-1.80947E-05 5.06663E-06 5.06666E-06-1.72378E-07 1.16019E-11 3.67285E-08
 -1       831-1.67010E-05 4.67642E-06 4.67650E-06-1.72252E-07-2.42049E-11 3.70721E-08
 -1       832-1.53065E-05 4.28585E-06 4.28589E-06-1.72234E-07 1.41596E-10 3.74904E-08
 -1       833-1.39133E-05 3.89553E-06 3.89580E-06-1.72069E-07 3.39633E-10 3.77354E-08
 -1       834-1.25195E-05 3.50544E-06 3.50548E-06-1.72443E-07 1.35123E-11 3.80254E-08
 -1       835-1.11274E-05 3.11582E-06 3.11542E-06-1.72273E-07 9.69416E-11 3.79440E-08
 -1       836-9.73445E-06 2.72570E-06 2.72559E-06-1.72042E-07 4.81650E-11 3.84074E-08
 -1       837-8.34246E-06 2.33595E-06 2.33562E-06-1.72263E-07 1.06671E-10 3.87048E-08
 -1       838-6.95070E-06 1.94597E-06 1.94612E-06-1.72023E-07 1.05277E-10 3.91470E-08
 -1       839-5.55981E-06 1.55671E-06 1.55738E-06-1.72092E-07 9.42768E-11 3.95154E-08
 -1       840-4.16870E-06 1.16727E-06 1.16721E-06-1.72158E-07 1.30908E-10 3.96606E-08
 -1       841-2.77839E-06 7.78801E-07 7.78286E-07-1.70650E-07 4.02174E-10 4.05287E-08
 -1       842-1.39804E-06 3.95666E-07 3.94801E-07-1.28545E-07-3.17599E-09 3.01828E-08
 -1       843 2.61536E-10 2.13807E-10-3.57902E-10-2.08284E-06 9.60070E-11-1.88781E-08
 -1       844-1.90195E-10 1.62924E-10-1.08166E-10-1.07318E-06 7.41811E-11-1.03416E-08
 -1       845 2.37181E-10-1.31124E-10 1.17917E-10-9.30795E-07 1.04726E-11-8.72192E-09
 -1       846-1.26767E-10-3.73302E-11 2.79240E-11-9.60245E-07-1.94962E-11-8.99071E-09
 -1       847 4.38522E-10-2.00160E-10-1.55091E-10-9.54044E-07 8.31709E-12-8.78695E-09
 -1       848 1.33547E-11 1.03647E-10-6.63883E-11-9.55531E-07-2.55730E-11-9.06214E-09
 -1       849-1.11485E-12 3.07933E-12 1.68180E-10-9.55124E-07 1.98489E-11-8.96050E-09
 -1       850 9.40954E-11 1.36032E-11-1.72687E-10-9.55302E-07 3.14029E-11-8.83652E-09
 -1       851-2.11425E-10-1.65729E-10 7.51313E-12-9.55323E-07 6.61300E-12-8.80944E-09
 -1       852 5.93283E-10 7.56037E-11-2.75086E-10-9.55140E-07-4.59311E-12-8.88453E-09
 -1       853-2.32613E-10 7.74936E-11 2.21691E-10-9.55405E-07-4.30217E-12-8.72843E-09
 -1       854 3.09668E-10-1.36698E-10-4.73236E-11-9.55256E-07 3.69914E-11-8.62117E-09
 -1       855 1.19569E-10-1.48277E-10 3.78858E-11-9.55268E-07 1.44911E-12-8.45364E-09
 -1       856-1.12701E-10 1.58492E-10 7.12189E-11-9.55214E-07 2.66607E-11-8.42333E-09
 -1       857-1.85967E-10 4.42907E-11-3.34129E-11-9.55422E-07-1.12451E-11-8.21780E-09
 -1       858 3.71046E-10-7.09396E-11-3.22946E-10-9.55372E-07-6.06001E-11-7.94625E-09
 -1       859 1.43004E-10-1.32365E-10 3.01830E-11-9.55361E-07 3.17451E-12-7.78036E-09
 -1       860-1.66551E-11 7.38507E-11-8.64584E-12-9.55191E-07 9.40506E-11-7.58548E-09
 -1       861 4.03190E-10-4.02788E-11-2.41167E-10-9.55226E-07 8.03433E-12-7.29684E-09
 -1       862-4.44554E-10-7.73914E-11 6.68014E-11-9.55391E-07 5.01851E-12-7.20222E-09
 -1       863 3.50973E-10 2.25014E-10-2.97756E-10-9.55541E-07 1.55757E-10-6.70158E-09
 -1       864-3.76934E-10 4.53435E-11 1.46719E-10-9.55297E-07 1.56986E-10-6.27548E-09
 -1       865 3.03729E-10-5.62107E-11-5.97512E-11-9.55336E-07-1.26961E-10-5.95447E-09
 -1       866 1.38305E-10-1.37306E-11-5.37367E-11-9.55354E-07-6.25652E-11-5.66570E-09
 -1       867 2.01002E-10-7.23850E-11 1.11175E-10-9.55512E-07 8.92870E-11-5.18612E-09
 -1       868-1.12468E-10-2.25304E-11 2.51244E-10-9.55441E-07-7.19048E-11-4.49763E-09
 -1       869-2.09277E-10 1.64431E-10-1.77344E-10-9.55209E-07 1.17711E-10-4.18467E-09
 -1       870 4.71555E-10 3.52643E-11-2.70867E-10-9.55258E-07-1.07392E-11-3.38187E-09
 -1       871-5.65067E-10-6.83781E-11 2.98584E-10-9.55327E-07-8.95529E-11-2.98436E-09
 -1       872 3.97720E-10-2.27520E-10-1.15433E-10-9.55276E-07-5.23599E-12-2.37299E-09
 -1       873-4.64592E-11 1.19422E-10-3.18604E-10-9.55348E-07-1.02728E-10-1.67795E-09
 -1       874-1.59008E-11 3.81833E-11 1.86407E-10-9.56262E-07 2.87161E-11-8.73705E-10
 -1       875 1.96774E-11-9.89763E-11-2.91557E-11-9.90087E-07-8.84232E-11-3.02352E-10
 -1       876-1.82430E-07 4.14313E-08 4.85936E-08-2.14225E-06 2.33872E-07-1.99214E-09
 -1       877 2.40542E-10 2.91533E-11-1.49264E-10-1.27917E-06 1.21152E-10-1.32370E-08
 -1       878 2.41190E-05-6.36909E-06-5.72089E-06-7.47290E-08-2.24994E-09-1.99321E-08
 -1       879 1.82728E-07-4.12779E-08-4.89776E-08-2.13865E-06-2.33671E-07-1.98732E-09
 -1       880-1.68305E-07 4.78922E-08 4.65997E-08-1.04533E-06 5.81670E-08-6.73667E-09
 -1       881-1.23280E-10 1.35993E-10-1.91605E-10-1.08544E-06 6.73411E-11-1.09939E-08
 -1       882 2.22954E-05-6.20263E-06-6.34541E-06-7.05949E-07-5.59446E-10-1.15141E-08
 -1       883 1.67960E-07-4.75992E-08-4.67384E-08-1.04194E-06-5.80638E-08-6.74955E-09
 -1       884-1.59672E-07 4.44898E-08 4.49256E-08-1.00796E-06-3.23619E-09-5.47234E-09
 -1       885 1.53902E-10 1.35835E-11-1.63575E-11-9.18280E-07 4.87413E-11-8.44987E-09
 -1       886 2.15388E-05-6.04258E-06-6.00775E-06-5.61249E-07 3.93251E-11-1.10306E-08
 -1       887 1.60340E-07-4.48114E-08-4.48384E-08-1.00469E-06 3.27952E-09-5.41421E-09
 -1       888-1.52952E-07 4.28604E-08 4.28348E-08-1.00426E-06 3.72735E-10-5.64547E-09
 -1       889 1.13503E-10-1.01509E-10 8.63136E-11-8.50720E-07-2.34755E-11-7.74237E-09
 -1       890 2.08301E-05-5.82991E-06-5.83725E-06-5.96563E-07-1.50317E-12-1.10612E-08
 -1       891 1.52672E-07-4.28166E-08-4.28322E-08-1.00098E-06-4.28594E-10-5.63349E-09
 -1       892-1.45188E-07 4.06040E-08 4.06823E-08-1.00524E-06 1.51059E-11-5.53130E-09
 -1       893 4.63500E-11-1.05419E-10-6.87007E-11-8.67662E-07 9.88528E-12-7.84346E-09
 -1       894 2.01420E-05-5.64035E-06-5.63879E-06-5.88313E-07-4.92812E-12-1.10043E-08
 -1       895 1.46045E-07-4.09026E-08-4.09226E-08-1.00159E-06-1.00414E-10-5.54152E-09
 -1       896-1.38363E-07 3.87985E-08 3.86677E-08-1.00508E-06-1.62023E-11-5.66280E-09
 -1       897 1.56960E-10-2.09054E-11-1.07004E-10-8.63077E-07 8.19390E-12-7.94132E-09
 -1       898 1.94454E-05-5.44457E-06-5.44495E-06-5.90389E-07 1.08583E-12-1.13931E-08
 -1       899 1.38194E-07-3.86413E-08-3.86821E-08-1.00147E-06 5.24540E-11-5.60541E-09
 -1       900-1.31058E-07 3.67072E-08 3.68106E-08-1.00499E-06 6.83377E-11-5.60604E-09
 -1       901 2.22410E-10 2.86882E-11 2.51825E-11-8.64302E-07-2.42485E-11-7.95443E-09
 -1       902 1.87519E-05-5.25051E-06-5.25046E-06-5.89795E-07-7.47798E-12-1.11057E-08
 -1       903 1.31316E-07-3.67534E-08-3.66934E-08-1.00139E-06-2.85494E-11-5.67526E-09
 -1       904-1.23834E-07 3.46810E-08 3.45402E-08-1.00495E-06-1.04001E-11-5.55550E-09
 -1       905-7.13267E-11-5.61710E-13-7.22545E-12-8.63945E-07 1.51496E-11-7.86318E-09
 -1       906 1.80567E-05-5.05592E-06-5.05597E-06-5.89957E-07-2.99061E-11-1.09601E-08
 -1       907 1.23750E-07-3.47521E-08-3.47308E-08-1.00180E-06 7.77621E-11-5.51666E-09
 -1       908-1.16695E-07 3.25464E-08 3.26385E-08-1.00481E-06-9.74284E-13-5.63258E-09
 -1       909-4.67499E-11-2.47425E-11-2.65839E-11-8.64182E-07 1.46042E-11-7.80388E-09
 -1       910 1.73624E-05-4.86152E-06-4.86130E-06-5.89965E-07 4.23094E-11-1.06564E-08
 -1       911 1.16951E-07-3.28120E-08-3.27059E-08-1.00172E-06 3.45394E-11-5.57079E-09
 -1       912-1.09527E-07 3.08009E-08 3.06470E-08-1.00466E-06 3.94847E-12-5.57500E-09
 -1       913 2.20773E-10-1.00644E-10-9.19411E-11-8.63915E-07-1.93521E-12-7.78495E-09
 -1       914 1.66684E-05-4.66706E-06-4.66729E-06-5.89938E-07-2.40931E-11-1.08966E-08
 -1       915 1.09819E-07-3.06356E-08-3.08774E-08-1.00164E-06-5.80336E-11-5.60539E-09
 -1       916-1.02328E-07 2.87038E-08 2.87630E-08-1.00506E-06 4.10910E-11-5.54451E-09
 -1       917 8.92356E-11 7.73047E-11-3.64047E-11-8.64181E-07 1.25862E-12-7.85488E-09
 -1       918 1.59737E-05-4.47260E-06-4.47256E-06-5.89873E-07 3.82818E-11-1.07688E-08
 -1       919 1.02490E-07-2.86992E-08-2.86056E-08-1.00179E-06-4.70496E-11-5.44761E-09
 -1       920-9.55433E-08 2.67586E-08 2.66971E-08-1.00488E-06-2.12644E-11-5.39982E-09
 -1       921 1.51659E-10 2.60584E-12 4.50700E-11-8.64034E-07 3.77961E-12-7.72100E-09
 -1       922 1.52789E-05-4.27819E-06-4.27814E-06-5.90145E-07-2.27221E-12-1.06315E-08
 -1       923 9.59427E-08-2.69402E-08-2.67336E-08-1.00173E-06 3.26856E-11-5.48543E-09
 -1       924-8.84909E-08 2.47791E-08 2.48191E-08-1.00482E-06 3.69245E-11-5.31381E-09
 -1       925 1.76868E-10-1.26324E-10-4.78683E-11-8.64090E-07 3.32119E-11-7.42811E-09
 -1       926 1.45848E-05-4.08383E-06-4.08378E-06-5.90025E-07-5.33011E-11-1.04291E-08
 -1       927 8.85655E-08-2.48443E-08-2.47536E-08-1.00177E-06 7.60067E-11-5.32090E-09
 -1       928-8.17562E-08 2.29970E-08 2.28517E-08-1.00474E-06-4.51742E-11-5.22329E-09
 -1       929 1.43209E-11-4.14790E-11 3.90070E-11-8.64111E-07-1.03130E-11-7.51623E-09
 -1       930 1.38900E-05-3.88916E-06-3.88910E-06-5.89982E-07 8.94111E-12-1.03105E-08
 -1       931 8.16863E-08-2.28023E-08-2.28929E-08-1.00190E-06 1.24959E-10-5.27137E-09
 -1       932-7.52786E-08 2.10417E-08 2.10223E-08-1.00471E-06 2.94616E-11-5.17104E-09
 -1       933-1.60659E-10 1.12338E-10 7.06538E-11-8.64141E-07-8.74282E-12-7.36151E-09
 -1       934 1.31957E-05-3.69473E-06-3.69485E-06-5.89962E-07-3.51875E-12-9.98093E-09
 -1       935 7.51663E-08-2.11558E-08-2.10927E-08-1.00202E-06-5.45820E-11-5.12910E-09
 -1       936-6.81664E-08 1.91271E-08 1.90622E-08-1.00465E-06-6.86128E-12-4.99743E-09
 -1       937 7.69411E-11 4.31464E-11-1.44294E-10-8.64061E-07-4.22294E-11-7.03547E-09
 -1       938 1.25009E-05-3.50023E-06-3.50030E-06-5.89954E-07-1.68756E-11-9.57923E-09
 -1       939 6.85984E-08-1.91957E-08-1.92737E-08-1.00207E-06-4.15666E-11-4.92563E-09
 -1       940-6.17797E-08 1.73086E-08 1.72844E-08-1.00456E-06 3.27306E-11-4.89339E-09
 -1       941 1.87903E-10-1.60485E-10-1.63587E-10-8.64228E-07-3.42568E-11-6.99363E-09
 -1       942 1.18069E-05-3.30589E-06-3.30588E-06-5.89798E-07 5.67749E-11-9.52266E-09
 -1       943 6.21500E-08-1.75049E-08-1.73224E-08-1.00203E-06-4.02526E-11-4.84524E-09
 -1       944-5.58597E-08 1.57589E-08 1.55527E-08-1.00461E-06 1.26643E-10-4.70900E-09
 -1       945 2.50642E-10-6.27869E-11 5.09600E-11-8.63960E-07 5.01806E-11-6.79485E-09
 -1       946 1.11121E-05-3.11159E-06-3.11141E-06-5.90092E-07-3.95878E-11-9.30597E-09
 -1       947 5.56585E-08-1.56187E-08-1.56043E-08-1.00207E-06-1.47440E-11-4.80535E-09
 -1       948-4.92833E-08 1.38119E-08 1.38026E-08-1.00458E-06 1.05502E-10-4.57857E-09
 -1       949 8.26651E-11 5.33926E-11-8.56215E-11-8.64129E-07 4.72191E-11-6.48952E-09
 -1       950 1.04178E-05-2.91690E-06-2.91700E-06-5.90082E-07-3.08267E-11-8.86820E-09
 -1       951 5.00491E-08-1.40755E-08-1.41245E-08-1.00206E-06-1.05868E-11-4.59458E-09
 -1       952-4.41154E-08 1.23010E-08 1.22450E-08-1.00440E-06-2.02060E-11-4.48939E-09
 -1       953-1.33538E-10-7.75514E-12-7.18362E-11-8.64129E-07 9.19938E-12-6.40241E-09
 -1       954 9.72266E-06-2.72243E-06-2.72239E-06-5.90122E-07-4.16835E-11-8.68601E-09
 -1       955 4.36367E-08-1.22985E-08-1.22588E-08-1.00239E-06 1.12069E-10-4.38004E-09
 -1       956-3.81725E-08 1.09101E-08 1.06434E-08-1.00446E-06 4.42898E-11-4.24115E-09
 -1       957 1.30275E-11 1.25780E-11-8.51051E-11-8.64219E-07 1.57722E-11-6.18751E-09
 -1       958 9.02877E-06-2.52796E-06-2.52815E-06-5.90045E-07 6.60148E-11-8.10977E-09
 -1       959 3.84012E-08-1.07105E-08-1.08158E-08-1.00247E-06 1.75257E-10-4.23781E-09
 -1       960-3.29328E-08 9.17661E-09 9.30480E-09-1.00428E-06-1.11127E-10-4.00658E-09
 -1       961 4.91533E-11 1.18727E-10-8.36486E-11-8.64342E-07 1.20485E-10-5.76497E-09
 -1       962 8.33392E-06-2.33339E-06-2.33344E-06-5.89993E-07 1.85987E-10-7.46844E-09
 -1       963 3.28739E-08-9.35077E-09-9.12542E-09-1.00237E-06 3.36617E-11-3.93069E-09
 -1       964-2.80844E-08 8.00555E-09 7.68983E-09-1.00425E-06-1.32054E-10-3.65913E-09
 -1       965 1.38355E-10 2.36526E-11 2.39558E-11-8.64112E-07 2.38369E-11-5.41469E-09
 -1       966 7.63973E-06-2.13916E-06-2.13902E-06-5.90339E-07-8.77159E-11-7.16104E-09
 -1       967 2.81250E-08-8.03464E-09-7.69788E-09-1.00250E-06 3.45938E-11-3.86549E-09
 -1       968-2.30710E-08 6.63135E-09 6.38219E-09-1.00428E-06-2.08603E-11-3.56114E-09
 -1       969 5.41446E-12-3.55660E-12-4.43708E-11-8.64256E-07-7.51339E-11-5.13468E-09
 -1       970 6.94521E-06-1.94460E-06-1.94460E-06-5.90048E-07-6.83437E-11-6.79997E-09
 -1       971 2.35405E-08-6.68711E-09-6.44125E-09-1.00256E-06 1.36990E-10-3.50200E-09
 -1       972-1.88262E-08 5.37934E-09 5.35164E-09-1.00417E-06 1.25812E-10-3.24556E-09
 -1       973 2.02239E-10 1.45293E-11 3.43826E-11-8.64189E-07-2.23680E-11-4.71085E-09
 -1       974 6.25065E-06-1.75019E-06-1.75021E-06-5.90103E-07 2.00828E-11-6.12692E-09
 -1       975 1.89543E-08-5.38666E-09-5.18878E-09-1.00271E-06 9.11603E-11-3.23163E-09
 -1       976-1.51124E-08 4.42022E-09 4.43707E-09-1.00408E-06 1.88257E-10-2.85937E-09
 -1       977 1.48336E-11-9.29317E-11 1.21833E-10-8.64263E-07-4.03074E-11-4.23082E-09
 -1       978 5.55642E-06-1.55572E-06-1.55578E-06-5.89957E-07-5.03289E-11-5.50764E-09
 -1       979 1.49850E-08-4.23886E-09-4.28839E-09-1.00270E-06-3.36945E-11-2.85971E-09
 -1       980-1.16193E-08 3.29783E-09 3.17880E-09-1.00386E-06-1.33737E-14-2.50755E-09
 -1       981-1.21059E-10 2.29941E-11 5.14337E-11-8.64085E-07-1.01497E-12-3.90543E-09
 -1       982 4.86116E-06-1.36130E-06-1.36112E-06-5.89960E-07 6.94738E-11-4.88667E-09
 -1       983 1.15057E-08-3.23564E-09-3.43220E-09-1.00267E-06-3.35035E-11-2.57661E-09
 -1       984-8.18982E-09 2.47320E-09 2.25286E-09-1.00367E-06 3.20306E-11-2.36304E-09
 -1       985 4.80917E-11 5.84476E-11-2.34279E-10-8.64064E-07 3.06944E-11-3.33244E-09
 -1       986 4.16765E-06-1.16698E-06-1.16689E-06-5.89941E-07-4.66571E-11-4.13731E-09
 -1       987 8.55100E-09-2.49634E-09-2.47376E-09-1.00274E-06-2.17645E-11-2.16152E-09
 -1       988-6.01291E-09 1.72013E-09 1.71219E-09-1.00384E-06-1.01750E-10-1.96425E-09
 -1       989-1.37990E-10 4.66427E-11 5.31033E-11-8.64130E-07-1.05295E-10-2.81997E-09
 -1       990 3.47216E-06-9.72247E-07-9.72244E-07-5.89964E-07-1.46876E-11-3.47964E-09
 -1       991 5.36971E-09-1.53766E-09-1.42765E-09-1.00297E-06 2.07112E-10-1.78886E-09
 -1       992-3.09789E-09 1.08713E-09 8.97175E-10-1.00360E-06 5.83262E-12-1.46874E-09
 -1       993 2.14397E-10-1.07945E-10 4.32123E-11-8.63997E-07-9.57359E-11-2.29218E-09
 -1       994 2.77847E-06-7.78027E-07-7.77975E-07-5.89935E-07-1.15489E-10-2.85699E-09
 -1       995 3.99896E-09-1.30457E-09-1.04952E-09-1.00295E-06-5.16557E-11-1.50884E-09
 -1       996-2.00700E-09 7.06395E-10 3.91091E-10-1.00360E-06-6.05657E-11-1.10674E-09
 -1       997 9.66293E-12-7.57803E-11-1.71050E-10-8.64078E-07-6.62925E-11-1.84449E-09
 -1       998 2.08330E-06-5.83238E-07-5.83236E-07-5.90120E-07-3.55850E-11-2.11115E-09
 -1       999 1.78268E-09-4.48890E-10-7.36308E-10-1.00309E-06 1.93112E-10-9.40486E-10
 -1      1000-7.47366E-10 2.32712E-10 1.33703E-10-1.00462E-06 8.11005E-11-5.28773E-10
 -1      1001 1.22456E-10 1.79517E-11 2.43192E-11-8.64154E-07-6.44431E-11-1.17123E-09
 -1      1002 1.38882E-06-3.89680E-07-3.89674E-07-5.89462E-07 6.42071E-11-1.21483E-09
 -1      1003 6.84808E-10-3.58853E-10 7.23173E-12-1.00429E-06 3.99706E-11-7.09307E-10
 -1      1004-1.52487E-10 2.16940E-10-9.14040E-12-1.04351E-06-2.10825E-09-1.75260E-10
 -1      1005-1.47842E-10-8.42360E-12 8.10483E-11-8.64516E-07-9.62178E-11-6.03676E-10
 -1      1006 6.68005E-07-2.02929E-07-1.94381E-07-5.82204E-07 8.48632E-11-3.92270E-10
 -1      1007 2.10837E-10-9.54795E-11-1.22023E-11-1.04331E-06 2.15476E-09-2.08309E-10
 -1      1008 3.80941E-11-1.34984E-11-1.13492E-11-8.85120E-07 4.14628E-11-1.70275E-10
 -1      1009-2.41186E-05 6.36923E-06 5.72055E-06-7.46848E-08 2.18237E-09-1.65421E-08
 -1      1010-2.22954E-05 6.20271E-06 6.34525E-06-7.05934E-07 5.96033E-10-8.45192E-09
 -1      1011-2.15385E-05 6.04254E-06 6.00780E-06-5.61238E-07-1.19951E-11-8.13840E-09
 -1      1012-2.08301E-05 5.82978E-06 5.83741E-06-5.96533E-07 7.59431E-11-8.03649E-09
 -1      1013-2.01416E-05 5.64016E-06 5.63855E-06-5.88291E-07 3.65275E-11-7.94725E-09
 -1      1014-1.94449E-05 5.44462E-06 5.44478E-06-5.90447E-07-1.05878E-11-7.93722E-09
 -1      1015-1.87521E-05 5.25055E-06 5.25059E-06-5.89710E-07-4.55685E-11-8.07601E-09
 -1      1016-1.80562E-05 5.05580E-06 5.05576E-06-5.90104E-07-7.55089E-11-7.96767E-09
 -1      1017-1.73632E-05 4.86145E-06 4.86159E-06-5.89810E-07 1.52646E-11-8.14279E-09
 -1      1018-1.66670E-05 4.66698E-06 4.66680E-06-5.89983E-07 6.83980E-11-8.07418E-09
 -1      1019-1.59743E-05 4.47265E-06 4.47286E-06-5.89845E-07 3.01321E-11-7.90920E-09
 -1      1020-1.52783E-05 4.27811E-06 4.27795E-06-5.90136E-07-5.93873E-12-7.71928E-09
 -1      1021-1.45848E-05 4.08377E-06 4.08368E-06-5.89943E-07-4.81243E-11-7.70505E-09
 -1      1022-1.38897E-05 3.88915E-06 3.88915E-06-5.90058E-07-4.07547E-11-7.68238E-09
 -1      1023-1.31962E-05 3.69470E-06 3.69495E-06-5.90026E-07 8.13108E-12-7.70733E-09
 -1      1024-1.25006E-05 3.50016E-06 3.50005E-06-5.89872E-07-1.98496E-11-7.48557E-09
 -1      1025-1.18066E-05 3.30588E-06 3.30583E-06-5.89832E-07 6.44379E-11-7.24502E-09
 -1      1026-1.11118E-05 3.11155E-06 3.11135E-06-5.90075E-07 2.75153E-11-6.90865E-09
 -1      1027-1.04173E-05 2.91671E-06 2.91689E-06-5.90039E-07 2.86255E-11-6.76130E-09
 -1      1028-9.72328E-06 2.72241E-06 2.72250E-06-5.90033E-07-6.91975E-11-6.65941E-09
 -1      1029-9.02817E-06 2.52808E-06 2.52783E-06-5.90273E-07 2.14330E-11-6.31968E-09
 -1      1030-8.33456E-06 2.33360E-06 2.33368E-06-5.90034E-07 5.16540E-11-5.91978E-09
 -1      1031-7.63899E-06 2.13908E-06 2.13887E-06-5.90160E-07-6.88465E-12-5.57931E-09
 -1      1032-6.94518E-06 1.94457E-06 1.94466E-06-5.90103E-07 1.11375E-12-5.31347E-09
 -1      1033-6.25045E-06 1.75008E-06 1.75017E-06-5.89978E-07-5.82542E-11-4.71688E-09
 -1      1034-5.55634E-06 1.55572E-06 1.55575E-06-5.89948E-07-4.54791E-12-4.25993E-09
 -1      1035-4.86170E-06 1.36142E-06 1.36138E-06-5.89984E-07 8.66110E-11-3.86451E-09
 -1      1036-4.16692E-06 1.16686E-06 1.16665E-06-5.89985E-07 7.04766E-11-3.34679E-09
 -1      1037-3.47262E-06 9.72134E-07 9.72484E-07-5.90053E-07-2.49929E-11-2.77376E-09
 -1      1038-2.77823E-06 7.77939E-07 7.77851E-07-5.89885E-07 7.54440E-12-2.22559E-09
 -1      1039-2.08305E-06 5.83385E-07 5.82979E-07-5.90071E-07-1.41901E-11-1.58822E-09
 -1      1040-1.38909E-06 3.89488E-07 3.90041E-07-5.89381E-07-9.21996E-11-8.79754E-10
 -1      1041-6.67885E-07 2.03061E-07 1.94194E-07-5.82266E-07 7.83877E-12-2.89903E-10
 -3
    1PSTEP                         4           1           1          
  100CL  101 1.000000000        1041                     0    1           1
 -4  FORC        4    1
 -5  F1          1    2    1    0
 -5  F2          1    2    2    0
 -5  F3          1    2    3    0
 -5  ALL         1    2    0    0    1ALL
 -1         1 2.22803E+02 6.48335E+02-4.69575E+02
 -1         2-2.26655E+02 6.54979E+02 4.80487E+02
 -1         3-1.13041E-09 2.08469E+01-9.49896E-10
 -1         4 1.72771E-09 2.08469E+01-2.31559E-10
 -1         5 8.52948E-10 2.08469E+01 1.14216E-09
 -1         6-1.20903E-09 2.08469E+01 1.15555E-09
 -1         7-2.22785E+02 6.48389E+02-4.69525E+02
 -1         8 2.26633E+02 6.55049E+02 4.80453E+02
 -1         9-5.46832E+00 5.56231E+02 1.13180E+01
 -1        10-4.28254E+03-1.16314E+03-1.04883E+03
 -1        11 4.36994E+03-1.16057E+03 1.06323E+03
 -1        12-1.97811E-12-1.94314E-11 3.87573E-12
 -1        13 2.60849E-02 4.50482E-03-3.70430E-03
 -1        14 4.24589E-02-4.95101E-03-2.19667E-02
 -1        15 2.37645E-02-2.45103E-03-1.18109E-02
 -1        16-3.32825E-02 3.33454E-04 1.44014E-02
 -1        17 1.56285E-02-1.33803E-02 3.79821E-03
 -1        18-4.49234E-03 1.12078E-02-6.45717E-03
 -1        19 3.10143E-02-9.63752E-03-2.47051E-03
 -1        20-3.45754E-02 1.32026E-02-6.24511E-03
 -1        21 6.75015E-03-5.04385E-03 7.17684E-03
 -1        22-1.77956E-02 6.09036E-03 4.73121E-03
 -1        23 4.20092E-02-1.12980E-02 4.10526E-03
 -1        24-1.25619E-02-7.73391E-03 7.31818E-03
 -1        25-1.54914E-02-2.40368E-03 2.95765E-04
 -1        26-2.71152E-03 2.28364E-02-1.63461E-02
 -1        27 8.19123E-03-2.38384E-03 5.38249E-04
 -1        28 2.07831E-02-2.66653E-02-5.76124E-03
 -1        29 1.98922E-02 2.15488E-03 2.07944E-02
 -1        30-1.76978E-02 2.80989E-02 2.11620E-03
 -1        31 8.71511E-03-1.91229E-03-2.69248E-02
 -1        32 3.76191E-03 5.08471E-03-1.44983E-02
 -1        33-9.01152E-03 3.99157E-03 1.10593E-02
 -1        34-2.23793E-02-3.51357E-03 2.57327E-02
 -1        35-2.80919E-02 6.52156E-03 2.97697E-02
 -1        36 3.18535E-02 5.99422E-04 1.44267E-02
 -1        37-1.62259E-02 1.28739E-02-4.99601E-03
 -1        38-1.39891E-03-1.23786E-02 2.82062E-03
 -1        39 5.02139E-03-1.26943E-02-1.45981E-02
 -1        40-1.95094E-02 3.96864E-02 3.37537E-02
 -1        41 2.69443E-02 1.66039E-02-4.20140E-02
 -1        42 9.18393E-03-2.36265E-02 3.03180E-03
 -1        43 1.93796E-03-2.46663E-02 6.47881E-02
 -1        44 1.32289E-02 1.67957E-02-5.05488E-03
 -1        45 7.63881E-03-2.56188E-02 2.28527E-02
 -1        46-9.27082E-02-8.75190E-03 2.05422E-02
 -1        47-7.59935E-02 4.08063E-03-8.38669E-03
 -1        48-5.42458E-02-1.10752E-02 1.24029E-02
 -1        49 9.62511E-02 2.08468E-03-1.53817E-02
 -1        50-1.04330E-01 4.23669E-02 2.65169E-03
 -1        51 1.17699E-01-5.01247E-02-1.52052E-02
 -1        52-1.14072E-01 5.39181E-03 1.98879E-02
 -1        53 7.48146E-02-7.79381E-03 8.17647E-03
 -1        54-6.42030E-02 1.41551E-02 1.32155E-02
 -1        55 5.18050E-02 9.30250E-03-1.44647E-02
 -1        56-5.08699E-02-1.43389E-02-1.82878E-02
 -1        57 5.52550E-02-4.80037E-03-1.26401E-02
 -1        58 7.22687E-03 2.83862E-02 4.13119E-03
 -1        59 1.15484E-02-2.42932E-02 1.27116E-02
 -1        60-5.22238E-02 1.11669E-03 1.98768E-03
 -1        61-5.59239E-02 2.65340E-02 2.39628E-04
 -1        62-2.91260E-02-2.10593E-02-7.75500E-03
 -1        63 1.82487E-02-2.28760E-02 1.24528E-02
 -1        64-6.10458E-02 2.47646E-02 1.47370E-02
 -1        65 4.46862E-02-2.17173E-02-3.06653E-05
 -1        66 6.89786E-02-6.68557E-03-3.43020E-02
 -1        67 3.99989E-02 2.11211E-02-2.61719E-02
 -1        68 3.22477E-02 6.44553E-03-1.98536E-02
 -1        69-7.35216E-02 8.86741E-03-3.17469E-02
 -1        70 1.05307E-01-3.45855E-02 3.47046E-03
 -1        71 2.07945E-02-1.42796E-02 1.83437E-02
 -1        72-4.96977E-03 2.49852E-02 1.01489E-02
 -1        73 2.16263E-02-1.67400E-03-1.65241E-02
 -1        74-6.00792E-02 1.12626E-02-2.05723E-02
 -1        75-8.99297E-03 2.49036E-02-1.44598E-02
 -1        76-2.21181E-02-1.04187E-02-3.24687E-02
 -1        77-1.82739E-03-9.79051E-03-5.74775E-02
 -1        78-1.80058E-02 2.23838E-03-1.79881E-02
 -1        79 4.61616E-03 4.16896E+01-1.28465E-03
 -1        80 1.73280E-02-8.33575E+01 3.44148E-02
 -1        81-6.36771E-03-8.33529E+01-3.16660E-02
 -1        82 2.04528E-11-1.32845E-11 1.93694E-12
 -1        83-4.48249E-02 6.57850E-04 1.87444E-03
 -1        84 3.00030E-02 5.85838E-03 1.68502E-03
 -1        85-1.80775E-02-1.69997E-04 6.75863E-03
 -1        86 1.83359E-02 8.11089E-03-2.70355E-03
 -1        87-6.59003E-03-7.26753E-03-1.24996E-02
 -1        88 1.40639E-02-1.50075E-04 1.29337E-03
 -1        89-1.82936E-02 1.34118E-03 6.60754E-03
 -1        90-7.23591E-04 1.18183E-02 1.18327E-02
 -1        91-1.92400E-02-8.61665E-03-5.32555E-03
 -1        92-1.79232E-03-1.32687E-02-3.85215E-03
 -1        93-2.31557E-02-4.58194E-03 1.66003E-02
 -1        94 2.42165E-02 1.19140E-02-3.82615E-03
 -1        95-1.76146E-02-3.82245E-04 3.66601E-03
 -1        96 1.86410E-03 9.04777E-03 1.94315E-02
 -1        97 1.65089E-02-8.81210E-03-1.88014E-02
 -1        98-1.72738E-02-1.22070E-02-6.16672E-03
 -1        99 3.87503E-02 9.57210E-03-8.05120E-03
 -1       100-1.52662E-02 1.24708E-02 2.63197E-02
 -1       101-2.57836E-02 2.35469E-02 8.86209E-03
 -1       102 1.57493E-02 4.41356E-03-2.51789E-03
 -1       103 2.22081E-02 1.70366E-02 1.98028E-02
 -1       104-1.45130E-02-1.87053E-02 1.99526E-03
 -1       105 3.83550E-02-2.26332E-02-1.90962E-02
 -1       106 6.45614E-03-2.08138E-02-1.19801E-02
 -1       107 7.72428E-03-4.05652E-03-7.81158E-03
 -1       108 1.54976E-02 5.44035E-02 2.40564E-02
 -1       109 5.91163E-03 4.03000E-02 2.17999E-02
 -1       110 4.06908E-02 5.39959E-03-2.58099E-02
 -1       111-5.40436E-02-2.20662E-02 2.61537E-02
 -1       112-1.73902E-02-1.46594E-02 8.81699E-03
 -1       113-5.21926E-02 9.67631E-03 5.77157E-03
 -1       114-3.32087E-03-8.97668E-03-2.78649E-02
 -1       115-1.14213E-02-3.29640E-02-2.30576E-02
 -1       116 1.13586E-01-1.11499E-02-5.20492E-03
 -1       117-8.21624E-02-5.41207E-04 2.10790E-03
 -1       118 5.74044E-02 1.11325E-02-9.20777E-04
 -1       119-9.15119E-02-2.36105E-02 1.09630E-02
 -1       120 6.08565E-02 1.94035E-02-2.19069E-03
 -1       121-3.99345E-02-3.67777E-03-3.26113E-03
 -1       122 7.46875E-02 6.83191E-03-7.78690E-03
 -1       123-3.44519E-02-2.31715E-02-4.21030E-03
 -1       124 6.08039E-02 4.10853E-03-2.52503E-03
 -1       125 1.01746E-02 7.51585E-03-4.21954E-04
 -1       126 8.37865E-02 1.65791E-02-1.78661E-02
 -1       127-6.09718E-02-1.13181E-02-6.04497E-03
 -1       128 3.18185E-04-6.71432E-03 2.00985E-02
 -1       129 1.51663E-02-6.15511E-03-2.14461E-02
 -1       130-7.40280E-02-2.97070E-03 1.61313E-02
 -1       131 3.04742E-02-6.00510E-03 6.37464E-03
 -1       132-1.93124E-02 4.44086E-03-3.31880E-02
 -1       133 6.68745E-02-7.47372E-03-4.01308E-02
 -1       134-1.36415E-02-5.84215E-02-5.00115E-03
 -1       135-4.10918E-02-7.90009E-04 6.20666E-03
 -1       136-7.26673E-02 4.95337E-03-1.49051E-03
 -1       137-2.57968E-02 2.16262E-02 4.62520E-02
 -1       138-4.55926E-02 3.27864E-02-1.26438E-03
 -1       139 1.43731E-02 1.14167E-02-1.57968E-02
 -1       140 6.53964E-03 2.71253E-03-8.97677E-03
 -1       141-1.94299E-02-2.78624E-02-2.47584E-02
 -1       142-1.36720E-02-5.98152E-02-1.12807E-02
 -1       143-3.74114E-03-8.70458E-03-3.68827E-02
 -1       144 2.76877E-02-6.05993E-03 1.50452E-02
 -1       145 4.04722E-02 1.85886E-02-2.05406E-02
 -1       146 4.97490E-02 2.63501E-02-1.58291E-02
 -1       147 5.65219E-02-2.05280E-02-4.25205E-03
 -1       148 1.26022E-02 1.90033E-02 3.79347E-02
 -1       149 1.13697E-02 4.16821E+01-1.64282E-02
 -1       150-4.91996E-02-8.32997E+01 7.16241E-02
 -1       151-5.15867E-03-8.33731E+01 1.17644E-02
 -1       152 1.69981E-03 4.16927E+01 3.72514E-03
 -1       153-3.04498E-03-8.33825E+01 4.72836E-03
 -1       154 1.22673E-02-8.33966E+01-2.49680E-02
 -1       155-1.38373E-02 4.16760E+01 1.31012E-02
 -1       156 1.40937E-02-8.33247E+01-5.72074E-02
 -1       157-4.17066E-02-8.33273E+01-1.36305E-02
 -1       158 9.73734E-04-1.46322E-03 5.86946E-03
 -1       159 3.67838E-02 2.81814E-03 3.17732E-02
 -1       160 6.56874E-03 6.58398E-02 1.89233E-02
 -1       161 3.46488E-02 1.17251E-02 1.62238E-02
 -1       162-1.24167E-02 6.09433E-03 7.67002E-03
 -1       163 4.11460E-02-3.32864E-02 1.78640E-04
 -1       164 2.18182E-02-1.65553E-02-2.64799E-03
 -1       165-4.43356E-02 6.95628E-03 1.72087E-02
 -1       166-6.01557E-02-1.36487E-02 3.01370E-02
 -1       167-2.37658E-02-6.77609E-03 1.22339E-02
 -1       168-5.80227E-03 1.44661E-03 1.43577E-02
 -1       169 1.42365E-02 8.33173E-03-1.78017E-02
 -1       170-2.05752E-02 9.96239E-03 2.74946E-03
 -1       171-3.76195E-02-1.01993E-02 1.89877E-02
 -1       172 1.68711E-02-2.71622E-02-4.83084E-02
 -1       173-5.43147E-03-1.21925E-02-4.61106E-03
 -1       174 1.45390E-03-6.18683E-03 2.08765E-02
 -1       175-3.39068E-03 2.29255E-02 2.98960E-02
 -1       176 1.75288E-02 1.13641E-02-1.09831E-02
 -1       177 7.55443E-03 1.71552E-02 7.20595E-04
 -1       178-1.93910E-02-2.32303E-03 2.25829E-02
 -1       179-4.39738E-02-3.84909E-02-2.00423E-02
 -1       180 2.46597E-02-1.44231E-03-1.21526E-02
 -1       181 9.60994E-03 1.44576E-02-1.01330E-03
 -1       182 2.73117E-02 1.50380E-02 1.95474E-02
 -1       183-9.39619E-03-3.95772E-03-7.62997E-03
 -1       184 3.12558E-02-2.48440E-04-4.62553E-04
 -1       185-3.00361E-02-1.62277E-02-1.26674E-02
 -1       186 1.29104E-02 1.67063E-02 4.37676E-03
 -1       187 9.26989E-03-2.88324E-04-1.03002E-02
 -1       188 1.19122E-02 7.58005E-03 6.87969E-03
 -1       189-9.47699E-03-1.04386E-03 2.09514E-03
 -1       190 1.88017E-02 4.45796E-03 1.44259E-03
 -1       191 7.75012E-03 2.88057E-03-4.03690E-02
 -1       192-3.57488E-02 3.91586E-02-3.35173E-03
 -1       193-3.88621E-02-1.86581E-02-1.03361E-02
 -1       194-3.57685E-02 2.59151E-03 3.58673E-03
 -1       195-4.05180E-03-9.58809E-03-1.45102E-03
 -1       196-6.92604E-02 2.62554E-03-2.02870E-02
 -1       197 4.34042E-02 2.49731E-02-5.28469E-02
 -1       198-3.57267E-02-3.95160E-02 2.53605E-02
 -1       199 1.19135E-01-1.31455E-02-2.30474E-02
 -1       200 9.44332E-04 1.45189E-02 2.81506E-02
 -1       201 7.31582E-03-5.24210E-03-8.07955E-03
 -1       202 3.74182E-02 2.02590E-03-2.04306E-02
 -1       203 4.46781E-02 6.67697E-03 1.84106E-02
 -1       204 1.18253E-01 6.01009E-03-1.88004E-02
 -1       205-1.43310E-02 5.40878E-02 4.17571E-02
 -1       206 5.15185E-03-1.03824E-02-1.23569E-02
 -1       207-4.66937E-02 3.22175E-03 4.37492E-03
 -1       208 8.48448E-03-3.93975E-02-4.93928E-02
 -1       209-2.27157E-03-7.28430E-04-9.52193E-03
 -1       210 2.32984E-02 5.36413E-03 1.33770E-03
 -1       211-6.04663E-03-1.89511E-02 3.45488E-03
 -1       212 1.11504E-01 3.95969E-02 2.07880E-02
 -1       213-8.39050E-02-3.02473E-03 9.95103E-03
 -1       214 1.92487E-02-1.00290E-03-1.44445E-02
 -1       215-1.25440E-01-3.17584E-02-5.59807E-03
 -1       216 3.14841E-02 1.03138E-02 1.25919E-02
 -1       217-4.53404E-02 9.49999E-03-1.55308E-02
 -1       218 4.76286E-02 1.70583E-02 3.42556E-02
 -1       219-4.64219E-02-1.85466E-02-4.12095E-03
 -1       220 3.07269E-02 3.16669E-03-2.12356E-02
 -1       221-6.93620E-02-1.77808E-02 2.65969E-03
 -1       222 4.97825E-02 2.75344E-02 1.09909E-02
 -1       223-4.38952E-02-4.67168E-03-4.28816E-03
 -1       224 6.61810E-02-6.02474E-03 5.49885E-03
 -1       225 5.45787E+00 5.56273E+02 1.13487E+01
 -1       226-4.37039E+03-1.16102E+03 1.06362E+03
 -1       227 4.28286E+03-1.16360E+03-1.04918E+03
 -1       228-2.25613E-03-1.14086E-02 2.30701E-03
 -1       229 1.21822E-02-1.05400E-02-5.79256E-03
 -1       230-6.35115E-03-1.61822E-02-8.97381E-03
 -1       231 1.72920E-02 3.07980E-03 4.16938E-02
 -1       232 7.96113E-03-2.52438E-02 1.29232E-02
 -1       233 1.25892E-02-3.32891E-02 7.41443E-03
 -1       234 1.26841E-02-3.77335E-02 2.89334E-03
 -1       235 7.33644E-03 6.75727E-03-2.09233E-03
 -1       236 1.09654E-02 1.30219E-02-3.28713E-03
 -1       237-3.10689E-02 3.93383E-02 1.07847E-04
 -1       238 2.41496E-03 2.06076E-02 2.11114E-02
 -1       239-7.57156E-03-8.24533E-03 4.19923E-02
 -1       240 3.25599E-02-2.38132E-02-1.10477E-02
 -1       241 2.94719E-02-2.78204E-02-1.09981E-02
 -1       242-3.73826E-03-6.79644E-03 1.58757E-02
 -1       243 9.69289E-03 3.42461E-03 1.04803E-02
 -1       244-4.94970E-02-3.08763E-03 1.16178E-02
 -1       245 1.36996E-02-9.77398E-03 5.36928E-03
 -1       246-1.40862E-02 1.67596E-02-1.24920E-02
 -1       247-6.22056E-03 1.66906E-02-6.63341E-04
 -1       248 6.26809E-04-3.95388E-03 8.33428E-03
 -1       249-2.93553E-02-3.17792E-03 2.82332E-02
 -1       250 1.79594E-02-1.11051E-02 1.60157E-04
 -1       251 6.35742E-03-1.35725E-02 9.13220E-04
 -1       252-1.25581E-02 1.58109E-02-1.68586E-02
 -1       253 4.86633E-02-2.56959E-03-2.14437E-02
 -1       254-6.02477E-02 1.40407E-02 3.22584E-02
 -1       255 5.25045E-02-1.84969E-02-7.59772E-03
 -1       256-3.82322E-02-1.90533E-03-5.22381E-04
 -1       257-6.35179E-03 1.22603E-02-2.41737E-03
 -1       258 8.97140E-03 4.20867E-03-6.28090E-03
 -1       259-1.67323E-02 4.98832E-03 2.12619E-02
 -1       260 2.75098E-02-2.90953E-02-6.21075E-03
 -1       261 2.54568E-02 3.89303E-03-9.02747E-03
 -1       262 5.73020E-03-1.90592E-02-5.71295E-03
 -1       263 3.67543E-02 2.37667E-02-3.75226E-02
 -1       264 4.45895E-02-1.54859E-02-5.86297E-02
 -1       265-3.59354E-03 3.54058E-03-4.10596E-02
 -1       266 5.83729E-03 1.46719E-02-2.05733E-02
 -1       267-5.74552E-02 2.10801E-02-1.52157E-02
 -1       268 3.75422E-02-1.52644E-03-1.84899E-02
 -1       269-8.95660E-02 1.94496E-02 1.84857E-02
 -1       270 9.80107E-02-2.28107E-02-8.11576E-03
 -1       271-4.93011E-02-1.48948E-04-6.78530E-03
 -1       272-5.23315E-02 3.58158E-02-2.52303E-02
 -1       273-4.00680E-02-8.89665E-03-6.23892E-03
 -1       274-5.50112E-02 2.72957E-02-9.48139E-03
 -1       275 6.18145E-02 2.56195E-02-5.27701E-02
 -1       276-5.80288E-02 1.04117E-02-7.85332E-03
 -1       277 1.83282E-01-2.76767E-02-9.16341E-03
 -1       278-1.86220E-02 3.98351E-03-9.50309E-03
 -1       279-4.84442E-02 5.55308E-03 3.50853E-02
 -1       280 7.98823E-02-3.89734E-02-1.03805E-02
 -1       281-1.99613E-02 2.01429E-02-1.02873E-02
 -1       282-1.67655E-02 4.90923E-02-1.09227E-02
 -1       283 4.84357E-02-3.02993E-02-1.97131E-02
 -1       284-5.12687E-02 2.31486E-02 2.49524E-03
 -1       285 8.33588E-02-2.06101E-02-5.93555E-03
 -1       286-2.06767E-01 1.87073E-02 4.40626E-02
 -1       287 1.93288E-01-1.32479E-02-3.55611E-02
 -1       288-7.16901E-02-3.49443E-03-1.95410E-02
 -1       289 4.60153E-02 1.45605E-02 1.77719E-02
 -1       290 2.04482E-02-2.02580E-02 1.50152E-02
 -1       291-2.41751E-02 5.46339E-03-5.50452E-03
 -1       292 3.01593E-02-5.69991E-03-4.71570E-03
 -1       293-4.66226E-02 1.95539E-02-1.46369E-02
 -1       294 2.34420E-02-7.50316E-03 1.37570E-02
 -1       295-7.59071E+02 1.33481E+03 4.91127E+00
 -1       296 5.61697E+03 8.74706E+02-1.40124E+02
 -1       297 5.68323E+03 8.90926E+02 1.19952E+02
 -1       298 7.59101E+02 1.33482E+03 4.87065E+00
 -1       299-5.68304E+03 8.90598E+02 1.20379E+02
 -1       300-5.61729E+03 8.75048E+02-1.39660E+02
 -1       301 7.54080E-04-1.23996E-03-4.97595E-04
 -1       302-2.99577E-02 6.85910E-04 5.33005E-04
 -1       303 7.12191E-02 1.14141E-02-1.56478E-02
 -1       304-6.41413E-04 4.67256E-03 8.58635E-05
 -1       305-5.71902E-03-8.86570E-03 6.12220E-03
 -1       306-3.65295E-02-1.38332E-02-2.60623E-03
 -1       307 3.73569E-02 1.23425E-02-1.26963E-02
 -1       308 1.56070E-02-7.56593E-03 9.02199E-03
 -1       309-4.08264E-02 2.99678E-02 5.55530E-03
 -1       310-1.88317E-02-1.18144E-02 1.93991E-03
 -1       311-1.30419E-02-2.31538E-02 2.52665E-03
 -1       312-6.02943E-03-2.64085E-03 2.50669E-02
 -1       313 3.04245E-02-1.33903E-03-1.12155E-02
 -1       314-4.41064E-02-1.00684E-03 8.89117E-03
 -1       315 1.74745E-02 2.98898E-02 1.28280E-02
 -1       316 3.95908E-02-1.01572E-02-2.50878E-02
 -1       317-2.94751E-02-2.00006E-02-1.27600E-02
 -1       318 6.57604E-02 1.54337E-02 1.04547E-02
 -1       319 2.86594E-02 2.68628E-02 2.97167E-02
 -1       320-6.84938E-02 1.57174E-02 1.17516E-02
 -1       321 1.99731E-02-1.75264E-02-2.20658E-02
 -1       322-5.43945E-03 3.20931E-02 1.48981E-02
 -1       323-5.67635E-02 9.58735E-03 5.12271E-02
 -1       324 3.06942E-02-1.18556E-02 1.12494E-02
 -1       325 5.44768E-02-3.84716E-02-7.55713E-03
 -1       326 2.48936E-02-1.42530E-02-2.55505E-02
 -1       327-1.57216E-02 6.23172E-02 1.99471E-02
 -1       328 4.65247E-02 3.93130E-02 7.25063E-03
 -1       329 4.00874E-02 5.49127E-02 1.36130E-02
 -1       330 7.78800E-03 1.20961E-02 4.10077E-03
 -1       331-9.20659E-02-3.35146E-02-3.24456E-04
 -1       332-3.46523E-02-5.76474E-02 9.66760E-02
 -1       333-4.08663E-02-2.23426E-02-2.28956E-02
 -1       334 3.61570E-03-4.36087E-02-2.49772E-02
 -1       335-1.75768E-02-7.99507E-02 6.23532E-03
 -1       336 2.84722E-02 2.31291E-02 3.45180E-02
 -1       337 8.11861E-02 9.90531E-03 2.04946E-02
 -1       338-3.62986E-02-4.37615E-03-2.13074E-02
 -1       339-1.48899E-01 5.19423E-04 5.52978E-03
 -1       340 4.23496E-02 1.80866E-02 2.66029E-02
 -1       341 8.49126E-02-7.95877E-03-1.90484E-02
 -1       342-2.10635E-02 5.95697E-04-4.77335E-03
 -1       343-7.16247E-02 1.80832E-02 2.23666E-02
 -1       344-2.17453E-03-9.64452E-03-3.69131E-03
 -1       345 4.82583E-02 7.83515E-03 1.26196E-03
 -1       346-2.60659E-02-1.06536E-02-1.54347E-02
 -1       347 1.86776E-02-2.06306E-02-2.07108E-02
 -1       348 1.59608E-02 7.09528E-03 9.33768E-03
 -1       349-3.65906E-02 1.30377E-02 8.16923E-03
 -1       350-3.98773E-03-3.00032E-02-2.28401E-02
 -1       351 2.70173E-02-2.93959E-02 7.34718E-03
 -1       352 2.77165E-02 4.62154E-02 3.22425E-02
 -1       353 7.53377E-02-2.67176E-02 1.10448E-02
 -1       354-2.79586E-02 6.61127E-03-1.11025E-02
 -1       355-2.02749E-03 2.90744E-02 9.25226E-04
 -1       356 1.95178E-02-7.44563E-03-1.16565E-02
 -1       357 1.06591E-01 1.42343E-02-4.29200E-02
 -1       358-1.08718E-02 4.15455E-03 1.46463E-02
 -1       359-3.23520E-02-6.90976E-05-5.78782E-03
 -1       360-1.64787E-02-1.70498E-02-1.01355E-02
 -1       361 1.04147E-02-8.23799E-03 4.00198E-02
 -1       362 2.64697E-02-3.80625E-02-1.99319E-03
 -1       363 3.25853E-02-3.78308E-02-2.50472E-02
 -1       364 1.55282E-02 7.22186E-03 1.82436E-02
 -1       365-1.85891E-01-3.95699E-02 8.96899E-03
 -1       366-9.79950E-03 5.19126E-02-5.96748E-03
 -1       367-2.72061E-02-2.23735E-02 5.27608E-02
 -1       368-8.55622E-03 4.52238E-02-3.78290E-03
 -1       369 1.89940E-02-1.10428E-02-4.21104E-02
 -1       370 1.82264E-02-5.19671E-02-1.06392E-03
 -1       371-6.48717E-02-1.21273E-02-1.89140E-02
 -1       372 5.26787E-03-7.05286E-02 1.15465E-02
 -1       373 5.49256E-02-1.55643E-02 1.52620E-02
 -1       374 2.48651E-03 2.81662E-02 2.14783E-02
 -1       375-2.18169E-02 4.31404E-02 6.25828E-03
 -1       376-1.47002E-02-4.85121E-02-1.63007E-02
 -1       377-1.28636E-02-2.40962E-02-1.72398E-02
 -1       378 6.40104E-03 5.92917E-03-6.90955E-03
 -1       379 8.07926E-02-1.90516E-02 4.91294E-03
 -1       380-5.39150E-03 2.40889E-02-2.36167E-02
 -1       381-8.50229E-02-4.50301E-02-2.46841E-03
 -1       382 1.44844E-02 3.40950E-02-8.24748E-03
 -1       383-4.96726E-02 1.32526E-02-4.48564E-02
 -1       384-1.19001E-02 2.59030E-02 1.79728E-02
 -1       385 6.32109E-02-5.51906E-02-2.86846E-02
 -1       386-3.19505E-02-5.44558E-02 6.95679E-03
 -1       387 4.91655E-02-5.94681E-02-1.73891E-03
 -1       388 2.90325E-02-1.06175E-02-1.13098E-02
 -1       389-5.15140E-02-1.48483E-02 6.38908E-02
 -1       390-3.69497E-03-5.60546E-02 2.10300E-02
 -1       391 3.64743E-02 9.68963E-03-5.34456E-02
 -1       392-7.27978E-03 4.86045E-02-1.74673E-03
 -1       393-1.10396E-01-3.97694E-02-8.63436E-03
 -1       394 3.37276E-02-1.57624E-02-8.67937E-03
 -1       395 1.33263E-01-9.58822E-02 2.89842E-02
 -1       396-4.98409E-03-2.47409E-02-5.12036E-02
 -1       397 6.39983E-02-2.92023E-02-3.23425E-02
 -1       398-5.37255E-04-4.07940E-02 5.89250E-04
 -1       399 2.74943E-02 5.06618E-03 1.16509E-03
 -1       400-5.00192E-03-2.03242E-02-3.69032E-02
 -1       401 3.16702E-04-5.46389E-02 3.98903E-02
 -1       402 1.82184E-03-1.19580E-02-3.92661E-03
 -1       403-4.04735E-03 3.30053E-02-1.52415E-02
 -1       404 6.60672E-03-3.09743E-03 9.85209E-04
 -1       405 1.64952E-02 1.14687E-02 4.40732E-03
 -1       406-4.92234E-02 2.94562E-02-2.95765E-02
 -1       407 1.82450E-02-4.60045E-02 2.96649E-02
 -1       408 1.15062E-03-3.64622E-03 3.10912E-03
 -1       409 2.01681E-02-3.27837E-02 3.09134E-02
 -1       410-7.65985E-03 2.61646E-02-2.53275E-02
 -1       411-1.78097E-02 1.46717E-02-9.90074E-03
 -1       412-2.04589E-02 4.58749E-03-1.42751E-02
 -1       413 6.26370E-03-2.23305E-02 1.83075E-02
 -1       414-5.35912E-03-4.27865E-02 3.34567E-02
 -1       415 3.96459E-02-1.61680E-02 1.79246E-02
 -1       416 2.76027E-02 1.50261E-02-8.08471E-03
 -1       417-2.02024E-02 1.23733E-02 1.36758E-02
 -1       418-2.42044E-02-3.63368E-02 1.35154E-02
 -1       419 1.47315E-02-6.33519E-02 2.24659E-02
 -1       420-5.38585E-03 5.92011E-03 3.63876E-03
 -1       421-6.31405E-03-1.05773E-02 1.99099E-03
 -1       422-3.44966E-03 2.89258E-02 5.40367E-03
 -1       423 3.13651E-02-4.35441E-02 1.37984E-02
 -1       424 1.63632E-02-1.04414E-01 4.06370E-02
 -1       425-4.64958E-02-3.81868E-02 3.56815E-04
 -1       426-1.93112E-02-9.37503E-02 3.38653E-02
 -1       427-2.80991E-02-1.40413E-02 2.79958E-03
 -1       428 1.43374E-02-3.93854E-02 1.26003E-02
 -1       429 3.39795E-02-8.34895E-02-1.39461E-02
 -1       430 1.65780E-03-4.89822E-02 3.78986E-02
 -1       431 1.65701E-02-3.46092E-02 4.44298E-02
 -1       432 4.78836E-03 4.29742E-02-2.35913E-02
 -1       433-2.72879E-02-9.23495E-02 5.05180E-02
 -1       434-1.71244E-02 8.33441E+01-4.55285E-02
 -1       435-4.95241E-02-1.66661E+02-4.99748E-03
 -1       436 6.05107E-02-1.66688E+02-2.42638E-02
 -1       437 1.54294E-02-1.66668E+02-1.84899E-02
 -1       438 5.03490E-02-1.66716E+02-4.10582E-02
 -1       439 8.89463E-04-3.04211E-02-6.73269E-03
 -1       440-1.01352E-02-6.90784E-03 3.72222E-02
 -1       441-1.21414E-02 7.75068E-02-9.54840E-03
 -1       442-2.81208E-03 5.71504E-02 7.28552E-02
 -1       443 3.55408E-02 5.17792E-02 3.76728E-02
 -1       444-1.58046E-03-4.83815E-02 1.99587E-02
 -1       445 3.33251E-02-6.77044E-02-2.62298E-02
 -1       446-9.48222E-04 1.95156E-02-8.34959E-03
 -1       447-3.88759E-02 3.73260E-02 4.09105E-02
 -1       448-2.63433E-02 4.05164E-02 2.90018E-02
 -1       449-5.79337E-03-1.26992E-02 4.71546E-02
 -1       450-6.83944E-03-3.27041E-02 8.22776E-03
 -1       451-5.98976E-03-4.55470E-03-4.63538E-03
 -1       452 8.01127E-03-1.58700E-02 1.58170E-02
 -1       453 2.39103E-02-3.54722E-02-2.99089E-02
 -1       454 3.10781E-02-7.34582E-03-1.05414E-02
 -1       455-5.11827E-02-2.77639E-02 3.25432E-02
 -1       456-3.36503E-02 8.89608E-03 5.49358E-02
 -1       457-9.53352E-03 4.01136E-02-2.97871E-02
 -1       458 4.54566E-02 3.21470E-02-2.59975E-02
 -1       459-3.20085E-02-1.47357E-03 3.78052E-02
 -1       460-6.84552E-02-4.01590E-02 9.38814E-03
 -1       461 5.81605E-02-1.88021E-02-9.57762E-03
 -1       462-3.80220E-03-1.26467E-02 1.24816E-02
 -1       463 1.20715E-03 3.31018E-02 1.30148E-02
 -1       464 4.87518E-02 1.48768E-03-4.18195E-02
 -1       465-7.57907E-03 3.61645E-03 1.22476E-02
 -1       466 2.24657E-02-1.19749E-02-1.48314E-02
 -1       467-5.98561E-02-2.98977E-03 1.55598E-02
 -1       468 3.18417E-02 5.62190E-03-8.35731E-03
 -1       469-2.76348E-03 3.00246E-02-3.66870E-03
 -1       470-1.88303E-03-1.31538E-02 8.80193E-03
 -1       471 1.16741E-02-2.72010E-02 9.35165E-03
 -1       472 9.89235E-03 4.57555E-02 8.86935E-03
 -1       473 8.59806E-03 9.02118E-02-3.16690E-02
 -1       474 2.48871E-02 1.71171E-02-4.82971E-03
 -1       475-4.50994E-02 3.89895E-02 1.89223E-02
 -1       476-8.43536E-03-1.17407E-02 5.83487E-03
 -1       477 3.45982E-02 3.11339E-02 1.82425E-02
 -1       478 1.23390E-03 1.89232E-02-2.52514E-02
 -1       479 1.16379E-01-3.38911E-02-1.30921E-02
 -1       480 1.84481E-02 6.06173E-02 1.62028E-02
 -1       481-7.28745E-02-4.15696E-02-4.65698E-02
 -1       482 5.84594E-02 4.39801E-02 1.04311E-02
 -1       483-2.81451E-02 4.16883E-03-8.66537E-03
 -1       484-1.25962E-02 5.70507E-02-1.46141E-02
 -1       485-1.43511E-02 1.73913E-02-5.68053E-02
 -1       486 3.88364E-02 4.01221E-03-6.98341E-03
 -1       487-2.50275E-02 1.81401E-03 2.37142E-02
 -1       488-1.27287E-02 4.18064E-02-5.84650E-02
 -1       489 3.71122E-02-6.76325E-02-4.83520E-02
 -1       490 9.21301E-03-4.20257E-02 1.60589E-02
 -1       491 1.16348E-01 8.77817E-02-3.48095E-03
 -1       492 4.23155E-02-4.73051E-02 1.73901E-02
 -1       493-7.29529E-02 6.60265E-02 4.32057E-04
 -1       494-6.17599E-03-3.52652E-02-1.12499E-02
 -1       495-2.11296E-02 3.71285E-02 2.18974E-02
 -1       496-1.15621E-02 4.99895E-02 2.69615E-03
 -1       497 1.38874E-03-1.29206E-04 1.97131E-02
 -1       498-3.61042E-02 2.55434E-02-1.89623E-02
 -1       499-1.48080E-02 2.45925E-03-9.97953E-03
 -1       500 2.29552E-02-1.96683E-02-3.10571E-03
 -1       501 8.31229E-02 4.01014E-02-1.69792E-02
 -1       502-2.28446E-02 3.26842E-02-2.13415E-02
 -1       503-6.63937E-02 3.09433E-02-1.97044E-02
 -1       504 1.56286E-03-2.32154E-02 2.88314E-02
 -1       505 1.08018E-01 2.57059E-02 4.10309E-03
 -1       506 9.25869E-03 2.70297E-02-4.23914E-03
 -1       507 6.66214E-02 1.58163E-02-2.99764E-02
 -1       508-4.88897E-03-2.77335E-02 3.57747E-04
 -1       509 5.04404E-02-1.47179E-02 6.74708E-03
 -1       510 5.47213E-03-2.49463E-02 7.67078E-03
 -1       511-9.87511E-03-1.56006E-02 6.59161E-03
 -1       512 1.04759E-02 4.53982E-02-8.16251E-03
 -1       513-4.93158E-02 4.42992E-03 1.63367E-02
 -1       514-1.36550E-02-8.47292E-03-9.36762E-03
 -1       515 1.29187E-01 1.43729E-02-8.68695E-03
 -1       516-9.72646E-04-1.52749E-02 8.04415E-03
 -1       517-5.50349E-02 2.87071E-02-1.04688E-02
 -1       518 5.20728E-03 4.58589E-02-1.92374E-02
 -1       519-2.94600E-02 3.47952E-02 1.66005E-02
 -1       520 3.98142E-02-3.78186E-02 4.96199E-02
 -1       521 9.18016E-03-1.51603E-02-9.37319E-03
 -1       522-4.83196E-02 1.35851E-02-3.33307E-02
 -1       523-1.83174E-01-5.31462E-03 4.00660E-02
 -1       524 6.75938E-03-2.02772E-02-2.40013E-03
 -1       525 1.22704E-01 2.30435E-02-3.69614E-02
 -1       526 3.11712E-03 7.02176E-03 1.47925E-03
 -1       527-6.92619E-02-2.46099E-02 2.20107E-02
 -1       528 9.03579E-03-6.56397E-03 2.44401E-02
 -1       529 1.10914E-01 1.46986E-02 1.34499E-02
 -1       530 6.52693E-03-1.56318E-02-3.46725E-03
 -1       531-1.22176E-02 8.59308E-03-2.13409E-02
 -1       532-2.77686E-02-2.86058E-03-2.66302E-03
 -1       533-4.14039E-03-3.07438E-02-5.66924E-03
 -1       534 1.22803E-02 1.42933E-02-2.15965E-02
 -1       535-4.58853E-04 8.29447E-03 3.05445E-03
 -1       536 7.22935E-03 8.92894E-03 1.15193E-02
 -1       537-1.74300E-02 2.55406E-02 3.96387E-03
 -1       538 1.16734E-01-3.62422E-02 3.98118E-03
 -1       539-3.33382E-02 4.43733E-02-1.50644E-02
 -1       540 2.99580E-02 5.31310E-02-3.34974E-03
 -1       541-2.42588E-02-1.17638E-01-4.05895E-03
 -1       542 2.84862E-03 6.66719E-03 1.59523E-02
 -1       543 3.08032E-03-6.95934E-03-1.64029E-02
 -1       544-2.00010E-02 7.11875E-02-2.54163E-02
 -1       545 2.14039E-02 8.52546E-02 8.28744E-02
 -1       546 1.99797E-02 3.44791E-02 3.54015E-02
 -1       547-7.21567E-03 6.08188E-02 1.89002E-02
 -1       548 1.03600E-02 5.78977E-03-1.02143E-02
 -1       549 1.93741E-03 2.10497E-02 9.43923E-03
 -1       550-3.32023E-02 4.51414E-02 3.65203E-02
 -1       551 1.11332E-02 3.75631E-02 2.93126E-02
 -1       552 1.84796E-04 4.39939E-02 3.16944E-02
 -1       553 5.31276E-03 5.30831E-02 4.74935E-02
 -1       554-1.29588E-02 3.99026E-02 8.95632E-03
 -1       555 2.44516E-02 8.34551E-03-1.94238E-02
 -1       556-3.92547E-03-1.56034E-02 2.02546E-03
 -1       557-3.66909E-02 5.95313E-03 3.24403E-03
 -1       558 1.04219E-02-3.76068E-02-3.13692E-03
 -1       559 6.06236E-03 2.37231E-02 2.07088E-03
 -1       560 2.83672E-02 8.36639E-02 4.59637E-02
 -1       561-9.28005E-03-5.72213E-03-1.12430E-02
 -1       562 9.28912E-03-2.26005E-02 2.72072E-02
 -1       563-2.29682E-02-4.99268E-02-3.32072E-02
 -1       564-6.33391E-04 4.99216E-02 1.84821E-02
 -1       565 6.73692E-03 2.12120E-02 5.47641E-03
 -1       566 6.07187E-03 2.37158E-02 1.70287E-02
 -1       567-1.46028E-02-3.19413E-02-1.57275E-02
 -1       568 1.54534E-02-3.69168E-02-1.16828E-02
 -1       569-2.08908E-02 2.03977E-02-2.54957E-03
 -1       570 5.94197E-03 3.69143E-02 3.08115E-02
 -1       571-4.06052E-03-4.50152E-02-2.34689E-02
 -1       572 3.08947E-02 1.35431E+03 1.19755E+01
 -1       573-7.52524E+03-1.80187E+03-7.63475E+00
 -1       574-5.77743E+01-1.01145E+03-1.52038E+01
 -1       575 5.76500E+01-1.01072E+03-1.51472E+01
 -1       576 7.52512E+03-1.80188E+03-8.36101E+00
 -1       577 1.92937E-02-5.23097E-03 2.32914E-03
 -1       578-7.62370E-02 1.54976E-04 1.01257E-02
 -1       579 3.03544E-02 6.43679E-03-2.66693E-03
 -1       580-4.81980E-02 1.36218E-03 1.87888E-02
 -1       581 4.31578E-02 2.90258E-02-7.86314E-03
 -1       582 5.55227E-03-2.98187E-02-2.40220E-02
 -1       583-2.72622E-02 1.35654E-02 3.31214E-02
 -1       584-2.39210E-02-2.50626E-02-6.14949E-03
 -1       585 3.10839E-02 4.75421E-02 2.94953E-03
 -1       586-2.62512E-02-8.11905E-03 1.31218E-02
 -1       587 1.68170E-02-3.14989E-02 5.71410E-03
 -1       588-6.20720E-02-2.05593E-02 2.12071E-02
 -1       589 3.38432E-02 1.25487E-02 1.05514E-02
 -1       590-4.07901E-02-2.28935E-02 8.32111E-03
 -1       591-1.74906E-02 1.14599E-02 2.99672E-02
 -1       592 4.19374E-02 4.65499E-02 2.45489E-02
 -1       593 3.24968E-02 1.55686E-02-2.49330E-03
 -1       594-2.72053E-02-5.17923E-02 1.12009E-02
 -1       595-4.77479E-02 3.13374E-02 5.47989E-02
 -1       596-4.15190E-02 4.31250E-03 9.29632E-03
 -1       597 9.77827E-02-2.30268E-02 2.26491E-03
 -1       598 6.47759E-02 4.32412E-03 7.78999E-02
 -1       599-4.32315E-02-2.12219E-02 2.27068E-02
 -1       600 2.22725E-02 6.50000E-02-1.58506E-02
 -1       601 7.45791E-02 7.87190E-03-8.79811E-03
 -1       602 5.05278E-02-8.30920E-03 4.45466E-03
 -1       603-6.47692E-03-1.24348E-02 7.98879E-02
 -1       604-2.77575E-02-8.92571E-03 5.32886E-02
 -1       605-5.12609E-02-5.06930E-02 5.53236E-02
 -1       606-6.12149E-03-1.41716E-02 2.77905E-02
 -1       607-6.08668E-02 3.78836E-03 3.29343E-02
 -1       608-7.39655E-02-1.64768E-02 5.03693E-02
 -1       609 4.21499E-03 6.67745E-03-2.16851E-02
 -1       610-6.54300E-03 3.28832E-02-1.20492E-02
 -1       611-4.01710E-02 1.33070E-02 6.10955E-03
 -1       612 1.86457E-02 5.71086E-03-1.51339E-02
 -1       613 1.27092E-01-1.63410E-02-3.27763E-02
 -1       614 2.92516E-02 1.72643E-02-3.31346E-02
 -1       615-9.56005E-02-2.67491E-02-3.32742E-03
 -1       616 8.16971E-03-3.48522E-02 2.08280E-02
 -1       617 1.70002E-01 3.38348E-02 4.35573E-03
 -1       618-2.05569E-02-7.97667E-03 4.22054E-02
 -1       619-1.88302E-01-6.02048E-02-7.79283E-03
 -1       620-9.05620E-03 2.01423E-02-8.73663E-03
 -1       621 1.38357E-01 4.89692E-02 4.16587E-02
 -1       622 8.18348E-03 2.84284E-02-7.56100E-02
 -1       623-1.30683E-01-4.19340E-03-2.39347E-02
 -1       624-3.55500E-02-2.95994E-02 2.73860E-02
 -1       625 2.84041E-01-8.49170E-03-3.82805E-02
 -1       626 4.69416E-02 2.13655E-02 2.94032E-02
 -1       627-1.47370E-01 3.33675E-02-4.57243E-02
 -1       628-2.74559E-02-1.25226E-02 5.67887E-03
 -1       629 4.98113E-02-2.89840E-02 1.25269E-02
 -1       630-7.69150E-03 1.28043E-02-7.86618E-03
 -1       631-2.00768E-02-7.39611E-03-6.84517E-03
 -1       632 1.42817E-02-6.08096E-03-4.13153E-02
 -1       633 1.40033E-01 5.93908E-02 2.55892E-03
 -1       634 2.13198E-02 1.69661E-03-2.49770E-02
 -1       635-1.16269E-01-2.33958E-02-1.50216E-02
 -1       636 3.52540E-04-4.57527E-03-2.50658E-02
 -1       637 1.37720E-02-2.41650E-02-3.45082E-02
 -1       638-9.50814E-03 7.36359E-04 5.72736E-03
 -1       639 8.38998E-03 2.50756E-02-2.91809E-02
 -1       640 3.17939E-02-4.28323E-03 3.42294E-02
 -1       641 5.98992E-02 1.90473E-02-9.58899E-02
 -1       642-5.15323E-03-1.29834E-02-2.32835E-02
 -1       643-6.79554E-02-4.80457E-02-1.46353E-02
 -1       644-1.44292E-02-2.94769E-02-4.34094E-02
 -1       645 1.51578E-01 1.53669E-02 8.73100E-03
 -1       646 2.12232E-02 2.15014E-02-2.93099E-02
 -1       647-5.60163E-02-8.45632E-03-3.48309E-02
 -1       648-5.31006E-02-7.38662E-03 2.02207E-02
 -1       649 8.16069E-02 5.89854E-04-2.10292E-02
 -1       650-1.20853E-02 2.37152E-02 1.50680E-02
 -1       651-1.37542E-01-4.38152E-03-7.31956E-02
 -1       652 3.98044E-02 2.07841E-02-5.16956E-02
 -1       653-1.10263E-01 1.75764E-02-9.31105E-02
 -1       654 3.87708E-02-2.47181E-02-1.13131E-02
 -1       655-1.17272E-01 5.26325E-02-8.35872E-02
 -1       656 1.61119E-02-7.43774E-02 2.23793E-03
 -1       657-1.56282E-01-2.08600E-02-1.16829E-02
 -1       658-3.11523E-02-5.23704E-02 2.95191E-02
 -1       659-2.91281E-02-1.98231E-02-6.64861E-02
 -1       660-9.85207E-03 2.70471E-02 5.25005E-03
 -1       661-1.06197E-01 2.25153E-02-3.59064E-02
 -1       662-1.03590E-02 1.96949E-03-2.34770E-02
 -1       663 1.99565E-01 5.76405E-03-7.98121E-02
 -1       664 4.58746E-02 1.11548E-02-2.42744E-02
 -1       665-1.31728E-01-7.33340E-02-6.25390E-02
 -1       666 4.09688E-02-4.23563E-03-3.73151E-02
 -1       667 1.44000E-01 3.43963E-03-6.67203E-02
 -1       668-3.00441E-03 1.42064E-02-1.09039E-04
 -1       669-6.74050E-02-4.18941E-03-1.23300E-01
 -1       670-7.18148E-02 3.50232E-02-1.71173E-02
 -1       671 9.94879E-02 4.90798E-02-4.34528E-02
 -1       672 1.89249E-02-3.06634E-02 1.59229E-02
 -1       673 4.35352E-02-3.68355E-02-9.11196E-02
 -1       674 7.94838E-03 2.51044E-02 3.27309E-02
 -1       675 4.80038E-02-2.77602E-02-8.22512E-02
 -1       676 3.00184E-02 3.36915E-02-2.54418E-02
 -1       677-2.31285E-02 1.94261E-02 2.48738E-02
 -1       678 1.97637E-02-3.62996E-02-3.86020E-02
 -1       679-1.27093E-02 2.00578E-02 1.34800E-02
 -1       680 2.98311E-02-2.70830E-02-1.53864E-02
 -1       681-3.52714E-02 1.51866E-02 2.28197E-03
 -1       682 8.32388E-03 1.25237E-02 2.75613E-02
 -1       683 3.32841E-03 2.09168E-03-7.75359E-03
 -1       684 3.44356E-02-2.77922E-02-2.30692E-02
 -1       685-4.31199E-02-1.54803E-02-3.28766E-02
 -1       686-1.27167E-02 1.15223E-03 2.12979E-02
 -1       687-1.01952E-02 3.69396E-02-4.81861E-03
 -1       688 1.69793E-02 4.13323E-03-3.06008E-02
 -1       689 3.93355E-03-1.59554E-02 1.17333E-02
 -1       690 1.15270E-02-5.80564E-04-2.27350E-02
 -1       691 1.33946E-02 1.74248E-02-3.27214E-02
 -1       692-2.73550E-02 7.36994E-03-1.59669E-03
 -1       693-4.73763E-02-1.21141E-02 2.22111E-03
 -1       694-1.59646E-02 1.06013E-03 1.77580E-04
 -1       695 3.34265E-02 7.25218E-03-6.95483E-02
 -1       696 2.70607E-02-8.26728E-03 4.58437E-03
 -1       697 1.47457E-04-1.50399E-02-1.75500E-02
 -1       698-1.53570E-02-1.82056E-02-5.87755E-02
 -1       699 4.57991E-04 3.85717E-02-1.53152E-02
 -1       700-8.33717E-03 3.02782E-02 2.65167E-03
 -1       701-1.04304E-02 1.76194E-02 5.70650E-03
 -1       702-2.25516E-02 1.35896E-02-4.81974E-03
 -1       703-2.92117E-02-2.10710E-02-5.22277E-02
 -1       704-1.39385E-02-2.66543E-03-7.48793E-02
 -1       705 3.44215E-03 3.84845E-02 1.96183E-02
 -1       706 1.03857E-02 8.64448E-02-6.65683E-02
 -1       707-2.04265E-03 6.23142E-02-4.63314E-02
 -1       708-1.97521E-02 2.84460E-02-8.93337E-03
 -1       709-5.03140E-03 1.60225E-02 2.87010E-02
 -1       710 2.19100E-02 2.22406E-02 2.28945E-03
 -1       711 5.28191E-03 3.08812E-02 2.99771E-03
 -1       712 3.96298E-02-2.27553E-02-2.19564E-02
 -1       713 6.04493E-02-2.21398E-02-2.10103E-02
 -1       714-3.29567E-02 2.48060E-02 1.97793E-02
 -1       715 2.10430E-02-3.07567E-02-1.38022E-02
 -1       716-1.34639E-03 2.32783E-02 5.10612E-03
 -1       717 3.98513E-02-3.02468E-02 1.04383E-02
 -1       718-3.91517E-02 3.04161E-02 4.73347E-03
 -1       719 7.32358E-02-4.53081E-03 1.01887E-02
 -1       720-7.27711E-02 2.63233E-02-1.66943E-02
 -1       721 1.20726E-01-6.08967E-02 6.88954E-03
 -1       722-4.24929E-02-1.48510E-02 6.10135E-02
 -1       723-2.18280E-02 1.30074E-03 6.76222E-04
 -1       724-5.65827E-02 6.38163E-02-1.03193E-02
 -1       725 3.16447E-02 3.58337E-02 2.72170E-02
 -1       726 1.58664E-02-7.57293E-02 9.01942E-03
 -1       727 9.15410E-02-5.03108E-02 5.54209E-02
 -1       728-1.07302E-02 5.91287E-02 9.04728E-03
 -1       729-2.70275E-02-9.37242E-03 1.83595E-02
 -1       730-4.25114E-02 2.60967E-03 2.28155E-02
 -1       731-9.98275E-03 2.63698E-03 3.41518E-02
 -1       732-1.63802E-02-1.45060E-02 4.88444E-02
 -1       733-1.26789E-01 4.66340E-02 6.78897E-02
 -1       734-5.82720E-02 2.00423E-02 1.05943E-01
 -1       735-7.38691E-02 3.16235E-02 7.78434E-02
 -1       736 5.79565E-02-5.32422E-02 2.44494E-02
 -1       737 7.40921E-02-1.46357E-02-7.67009E-02
 -1       738-1.48965E-02 1.60056E-03 2.61029E-03
 -1       739 5.38865E-02-1.91587E-02 8.90512E-02
 -1       740 2.51294E-02-1.31254E-02 3.53522E-02
 -1       741 3.64520E-02 2.13621E-02 1.11730E-01
 -1       742 4.48342E-02-2.38014E-02-2.34204E-02
 -1       743 6.05974E-02 5.56204E-02 4.89232E-03
 -1       744-4.56161E-03 3.11433E-03 2.86562E-02
 -1       745-1.22025E-01-3.92675E-03 1.79566E-02
 -1       746 1.55468E-02-2.96614E-02-3.62858E-02
 -1       747 4.98205E-02-3.54164E-02 1.06479E-02
 -1       748 2.60749E-03 2.74196E-02 1.75810E-02
 -1       749-2.23697E-01 3.40546E-02 1.46152E-02
 -1       750 1.91198E-02 9.33284E-03 4.47588E-02
 -1       751 1.64195E-01-7.88858E-03-2.50184E-02
 -1       752-3.20911E-02-1.47629E-02-5.49906E-02
 -1       753-2.27048E-01 1.74459E-02 1.14476E-02
 -1       754-2.08250E-02-5.36560E-03 4.77043E-03
 -1       755 2.79018E-01-3.94474E-02 3.98490E-03
 -1       756 1.56767E-02 1.44913E-02 1.66191E-02
 -1       757-2.99772E-01 2.56710E-02-4.33573E-03
 -1       758-5.33553E-03 7.66505E-03 3.06537E-02
 -1       759 2.70427E-01-1.83133E-02 8.61765E-03
 -1       760 1.74379E-02 1.57294E-02-3.38766E-02
 -1       761-4.23332E-01 5.40781E-02-1.31298E-03
 -1       762 1.23642E-02-9.73618E-03 9.12417E-03
 -1       763 2.79564E-01-3.77024E-02-1.40800E-02
 -1       764-1.56990E-02-3.11295E-04-2.35469E-03
 -1       765-3.02302E-01-8.16169E-03 2.42194E-02
 -1       766-1.88897E-02-3.32973E-02-1.22920E-02
 -1       767 2.32071E-01-3.32668E-02-3.85059E-02
 -1       768 1.47354E-02 1.63669E-02-2.99842E-02
 -1       769-5.81883E-02 4.45690E-02 3.95697E-03
 -1       770 5.92621E-02-2.02180E-03 1.34417E-02
 -1       771 2.07902E-01 7.88408E-03 2.02848E-02
 -1       772-1.69866E-02 1.00040E-02 1.06625E-03
 -1       773-2.44829E-01-3.67321E-02-3.05950E-02
 -1       774-3.96847E-02-1.97942E-02-3.13621E-02
 -1       775-3.49867E-02 2.15324E-02 1.95509E-02
 -1       776-3.86001E-03 1.72127E-02-5.56526E-02
 -1       777-1.62089E-01 4.55734E-02-1.71778E-02
 -1       778 1.43282E-02 2.94885E-02-2.61184E-02
 -1       779 9.12075E-02-2.99325E-02-5.40446E-02
 -1       780-4.06409E-02-7.86306E-03 3.94011E-02
 -1       781 7.45597E-02-8.46902E-03-3.21912E-02
 -1       782 2.29661E-02 2.04215E-04-5.23281E-02
 -1       783 4.32928E-02 4.14047E-02 1.23820E-02
 -1       784-8.24797E-03-9.67095E-03-2.31960E-02
 -1       785 1.99889E-01-5.47994E-02 2.51170E-03
 -1       786-2.10586E-02-1.38231E-02-4.40823E-02
 -1       787-7.45539E-02-4.99167E-02 6.85992E-03
 -1       788 7.17153E-03-1.69734E-03-1.89020E-02
 -1       789 2.79148E-01-4.32651E-02-1.97944E-02
 -1       790 2.01257E-02-2.94080E-02-6.44036E-02
 -1       791 5.43493E-02-3.59035E-02-6.23117E-02
 -1       792 4.77824E-02-3.38711E-02-1.24541E-01
 -1       793 1.94807E-01 7.79030E-02-2.74672E-02
 -1       794-3.99886E-02-2.43989E-02-9.53788E-02
 -1       795-7.96070E-02 1.80405E-02-9.31626E-02
 -1       796 3.64662E-03-2.61246E-02-3.88782E-02
 -1       797-4.94653E-02 7.21721E-03 2.42454E-02
 -1       798-4.47667E-02 3.17768E-02 4.61708E-02
 -1       799-9.07323E-02-2.30773E-02-6.15400E-03
 -1       800 6.44949E-02 2.55242E-02-1.48231E-02
 -1       801 2.25168E-02-1.55599E-02-1.80837E-02
 -1       802-2.94549E-02 2.39663E-03-7.16064E-02
 -1       803-1.31482E-01 7.62434E-02-8.68498E-03
 -1       804-4.73471E-03 4.73413E-02-6.76245E-02
 -1       805 4.89352E-02-5.65191E-03-5.36153E-02
 -1       806-1.05261E-02-6.96880E-03-8.02577E-02
 -1       807-9.49244E-02-1.69732E-02-1.19280E-02
 -1       808 1.17131E-02-1.93976E-02-2.41580E-02
 -1       809 2.53193E-02 2.63109E-02 3.58437E-02
 -1       810 2.48785E-02-1.45145E-02 2.85865E-02
 -1       811-3.54004E-02-3.85619E-02 5.91404E-02
 -1       812-1.40664E-02 5.94542E-04-2.42440E-02
 -1       813-6.73944E-03 8.19341E-03-3.13870E-02
 -1       814 2.82943E-02 9.64027E-03 2.73153E-02
 -1       815-4.58355E-02-2.03424E-02 3.69313E-03
 -1       816 4.15006E-02 8.59952E-03-6.39225E-03
 -1       817-1.33778E-02-1.59635E-04 6.04527E-03
 -1       818 1.22665E-02 1.72634E-02 2.48938E-02
 -1       819-3.24373E-02-4.95450E-03-3.45086E-02
 -1       820 7.14775E-04-1.45731E-02-2.05818E-02
 -1       821-2.85859E-02-2.51080E-02-1.39626E-02
 -1       822 1.12114E-02 6.89087E-03 1.36532E-03
 -1       823-2.45450E-02 1.32684E-02-2.86557E-02
 -1       824 4.91622E-02 9.90094E-03 8.25889E-03
 -1       825 3.86140E-02-1.20883E-02 9.36152E-03
 -1       826-3.29388E-02 2.30953E-02-3.26616E-02
 -1       827-2.73477E-02 2.71067E-02-9.73840E-02
 -1       828 2.45504E-02 6.14979E-03-1.23634E-02
 -1       829-1.01791E-02 8.46019E-03 5.37622E-02
 -1       830-2.20709E-02-4.19380E-02-2.71409E-03
 -1       831-2.74536E-02-5.18764E-02-3.11705E-02
 -1       832-1.34213E-02 2.63785E-03-1.00751E-01
 -1       833 1.11036E-02 3.27793E-02-1.24071E-01
 -1       834 7.08533E-03 2.18561E-02-3.22973E-02
 -1       835-2.08578E-02-3.46500E-02-1.46532E-02
 -1       836-6.91923E-02 1.60190E-02-8.13312E-02
 -1       837-2.75185E-02-1.65254E-02 2.78077E-02
 -1       838-2.68711E-02 2.55003E-02-9.08838E-02
 -1       839-3.72318E-02 4.16685E-03-2.41608E-02
 -1       840-1.39050E-02 2.90922E-02-7.54196E-02
 -1       841-4.53600E-02 3.27524E-02-1.42491E-01
 -1       842 2.07190E-03-2.80925E-02-4.63329E-02
 -1       843 1.08714E-02-4.60755E-02 2.21555E-02
 -1       844-8.79082E-02 2.24191E-02-1.33702E-02
 -1       845 3.78874E-02 4.68844E-02-4.88399E-02
 -1       846 3.66775E-02-1.38103E-02 3.69161E-02
 -1       847-2.03853E-02-2.01928E-02 3.79425E-02
 -1       848-6.41152E-02-6.54145E-03-4.97795E-02
 -1       849 6.54572E-02 2.55634E-02 1.17414E-02
 -1       850-2.35154E-03-4.25682E-02-1.86335E-02
 -1       851-1.04284E-02 3.79327E-02 1.88721E-02
 -1       852 1.12613E-02 2.60170E-02 5.80757E-02
 -1       853-4.14956E-02-6.14821E-02-1.55179E-02
 -1       854 3.26283E-02-4.48324E-02-9.24784E-03
 -1       855 9.02691E-03 4.81777E-02 7.62756E-02
 -1       856-2.41625E-02-3.64030E-02 1.79091E-03
 -1       857-2.93887E-02 2.92406E-02 2.86101E-02
 -1       858 1.30696E-02 6.91505E-02 9.02359E-02
 -1       859-4.00576E-02-6.89966E-02-7.07974E-03
 -1       860 1.47666E-01 4.87317E-03 5.03726E-03
 -1       861-2.52345E-02 3.23839E-02 7.61458E-02
 -1       862-9.11518E-02-2.35940E-02 7.06562E-02
 -1       863-1.13882E-02-1.03685E-02 4.46834E-02
 -1       864 1.14497E-03-5.04125E-02 8.25829E-02
 -1       865 6.23797E-02 4.24275E-04 7.59995E-02
 -1       866-7.59371E-02 5.57018E-02 4.00299E-02
 -1       867 3.94981E-02 1.84597E-02 8.94292E-02
 -1       868 9.07034E-04 1.03273E-02 1.43705E-01
 -1       869 4.32334E-02-2.68720E-03 1.07273E-01
 -1       870-2.89263E-02 2.64266E-02 6.94941E-02
 -1       871-7.80129E-02-4.42188E-02 7.56083E-02
 -1       872 8.55395E-02 7.58359E-02 1.55928E-01
 -1       873-1.02256E-01 2.91005E-02 6.45135E-02
 -1       874 2.96669E-02 9.22967E-02 1.31963E-01
 -1       875-9.94991E-03-8.47299E-03-1.86007E-02
 -1       876 4.11405E-03-3.30567E-02 8.22892E-02
 -1       877 2.37812E-02-1.22745E-01 9.14812E-03
 -1       878-1.20971E-02-9.39427E-03 2.34114E-02
 -1       879 2.54144E-03 4.61771E-03-4.28581E-02
 -1       880 3.19641E-02 6.26478E-02 3.30859E-02
 -1       881 1.45856E-01 3.26558E-02-1.73641E-02
 -1       882 1.89293E-02 5.16589E-02 2.44658E-04
 -1       883 4.60321E-03 3.17249E-02-2.20742E-02
 -1       884-3.15736E-02-4.66598E-02-3.41498E-02
 -1       885-8.85295E-02-5.00123E-03 2.67336E-02
 -1       886-2.22316E-02 1.75706E-02 3.74368E-02
 -1       887-5.67783E-03-5.04585E-02 2.10140E-02
 -1       888 4.93071E-03 4.42509E-02-2.66090E-02
 -1       889 6.33077E-02-2.53013E-02 2.62576E-02
 -1       890 5.06588E-02-3.38900E-02-6.05480E-02
 -1       891 3.49933E-02 1.58485E-02 2.19793E-03
 -1       892 9.11104E-03-6.69836E-02 3.53726E-02
 -1       893-1.29651E-01 1.44819E-02-7.53907E-02
 -1       894-5.14125E-02-5.01034E-02-1.56553E-02
 -1       895-2.77718E-02 4.09645E-03-4.00338E-02
 -1       896-8.78494E-03 5.73376E-02 1.93448E-02
 -1       897 1.32906E-01 3.76988E-02 3.88354E-02
 -1       898 3.19593E-02 2.47804E-02 2.80341E-02
 -1       899-4.71059E-03 3.11091E-02 2.02616E-02
 -1       900 1.26535E-02-2.46368E-02-3.31367E-02
 -1       901 3.53999E-02-5.27094E-02 1.59165E-02
 -1       902-1.83560E-02 5.86637E-03-5.42471E-03
 -1       903-1.12906E-02-3.53104E-02 1.89576E-02
 -1       904-6.38501E-03 4.94302E-02 7.40337E-03
 -1       905-2.45857E-03 5.46363E-02-1.32408E-02
 -1       906-1.40220E-02 4.24047E-02 3.70273E-02
 -1       907-5.20379E-02 6.57460E-02 4.56758E-02
 -1       908-3.95001E-03-6.72846E-02 3.91943E-02
 -1       909 5.65197E-02-3.77512E-02-1.60584E-02
 -1       910 1.22505E-02-1.17936E-01-4.70781E-02
 -1       911 7.99638E-02-6.03294E-02-8.57560E-02
 -1       912-1.13132E-02 1.17391E-02-1.53664E-02
 -1       913-2.53469E-01-4.81448E-02-1.60981E-02
 -1       914-3.73637E-02 6.03542E-02-1.17974E-02
 -1       915 9.76706E-03 2.96506E-02-2.60832E-02
 -1       916-5.88327E-03-2.33346E-02-6.33399E-02
 -1       917 2.15647E-01 3.58393E-02-7.42739E-02
 -1       918-2.05540E-02 6.93003E-02 7.24878E-04
 -1       919-3.22349E-02 1.89708E-04 2.22682E-02
 -1       920 2.50352E-04 5.73224E-02-4.63802E-02
 -1       921-9.50924E-02 6.97033E-02 6.48266E-02
 -1       922 2.40459E-02-8.20178E-03 1.01058E-03
 -1       923 1.31746E-02 6.09923E-02-2.09069E-02
 -1       924-5.62049E-03-4.41389E-03-1.86950E-03
 -1       925 7.82891E-02-4.45585E-03-6.14056E-02
 -1       926 3.94468E-02-5.01010E-02-4.02504E-02
 -1       927 4.11525E-02-4.68217E-02-3.88702E-02
 -1       928-3.37472E-03 3.06591E-02-8.41679E-02
 -1       929 1.42363E-03-5.41779E-03-1.03648E-01
 -1       930 6.89572E-03 3.85942E-02-1.33833E-02
 -1       931-5.12569E-03 3.16843E-02 1.03881E-02
 -1       932 3.00949E-02-2.14364E-02-5.00764E-02
 -1       933 9.02406E-02 3.40053E-02 6.43256E-03
 -1       934 1.63564E-02-1.19568E-02-5.15543E-02
 -1       935-3.94156E-02-4.54534E-03-3.84631E-02
 -1       936 1.31696E-02-2.61132E-02 4.10169E-02
 -1       937-1.95859E-01-7.83543E-02-1.23839E-01
 -1       938-1.66714E-04-5.82697E-02-9.18675E-02
 -1       939 3.97480E-02-1.65867E-02-1.37529E-01
 -1       940-3.42952E-02-6.36543E-03-9.66792E-03
 -1       941 2.06404E-02-6.60894E-02-9.25218E-02
 -1       942-1.10760E-01 5.43368E-03-3.53312E-02
 -1       943 5.46495E-03-8.06840E-04-6.34951E-02
 -1       944-6.81508E-02-3.05680E-02-2.48366E-02
 -1       945 5.97325E-02 2.79368E-02 4.44742E-02
 -1       946 1.27327E-02 1.17854E-01 6.01195E-02
 -1       947-4.42282E-02 4.92275E-02-1.42681E-02
 -1       948 3.85495E-02-1.44684E-02-3.79585E-02
 -1       949-1.13504E-01 9.46716E-03-4.98623E-02
 -1       950 9.29504E-02-4.42755E-02-6.03079E-02
 -1       951 1.15728E-02-6.30293E-04-1.70879E-02
 -1       952 3.65345E-02 7.15417E-02-2.62352E-02
 -1       953 2.79495E-01 8.43858E-02-1.12601E-01
 -1       954-2.70614E-02-7.35485E-02-2.04276E-02
 -1       955-2.91686E-02 7.39071E-03-7.54856E-02
 -1       956-1.26272E-02 3.96431E-02-2.67478E-02
 -1       957-1.57347E-01 1.65312E-02-1.57995E-01
 -1       958-1.69690E-02 5.78931E-02-2.27993E-02
 -1       959-2.41237E-02 1.31616E-02-9.10832E-02
 -1       960 1.91129E-02-3.16972E-02-1.42156E-01
 -1       961 1.42144E-01-6.79291E-02-1.11701E-01
 -1       962 2.91121E-02-1.02024E-02-5.11476E-02
 -1       963 2.13273E-03 6.93938E-02-8.99163E-02
 -1       964-1.64167E-02 3.50394E-02-1.42160E-01
 -1       965-1.92524E-01 9.82591E-02-8.71487E-02
 -1       966 4.75818E-02-1.99124E-02-1.00751E-01
 -1       967 4.44171E-02-3.27072E-02-6.31461E-02
 -1       968 3.49854E-02-4.92858E-02-2.76845E-02
 -1       969-9.38433E-04 1.76598E-02-6.51069E-02
 -1       970 3.24034E-02-1.08602E-01-9.86742E-02
 -1       971 3.59839E-02-4.32417E-02-1.00247E-01
 -1       972-1.59899E-02 1.69067E-02-6.71989E-02
 -1       973 1.25981E-02 7.76978E-02-1.10077E-01
 -1       974-1.04199E-01-5.14048E-03-2.03641E-02
 -1       975-3.08543E-02 3.29026E-02-6.65294E-02
 -1       976-8.37470E-02 5.20613E-02-1.16935E-01
 -1       977 9.21724E-02-1.08456E-01-1.76153E-01
 -1       978 4.41133E-04 1.86954E-02-1.04736E-01
 -1       979-4.51087E-02-3.96551E-02-4.74504E-02
 -1       980 3.07096E-02-7.56280E-03-9.52596E-02
 -1       981 9.98262E-02-6.55624E-02-1.74936E-01
 -1       982-8.63860E-03 4.49665E-02-8.13864E-02
 -1       983 1.33308E-02 1.03911E-01-1.39137E-01
 -1       984-5.88215E-02 2.13358E-03-7.16021E-02
 -1       985-1.65471E-01-2.47404E-02-1.47514E-01
 -1       986-1.28689E-02 2.39428E-02-8.98029E-02
 -1       987 7.84571E-02-7.30677E-02-1.20336E-01
 -1       988-8.77103E-02 1.11369E-02-1.44286E-01
 -1       989 2.22507E-01-9.15415E-03-1.25494E-01
 -1       990 3.40077E-02 1.29416E-02-8.41461E-02
 -1       991-1.64264E-02-4.35674E-02-9.36249E-02
 -1       992-4.30968E-02-2.72139E-02-7.87215E-02
 -1       993-2.30965E-01-5.98707E-02-2.00845E-01
 -1       994 1.80013E-02-3.26390E-02-1.26724E-01
 -1       995-7.60049E-02-4.50995E-02-1.76078E-01
 -1       996 1.25907E-02 8.50582E-02-4.24917E-02
 -1       997 1.11729E-01-7.64329E-02-2.13331E-01
 -1       998 6.04153E-02-8.09549E-02-3.47663E-02
 -1       999 2.43203E-02 1.23221E-03-1.71316E-01
 -1      1000-4.99413E-02 4.10725E-02-2.55435E-01
 -1      1001 2.66536E-02-6.25194E-02-1.92615E-01
 -1      1002 3.46793E-02-1.76012E-03-1.10449E-01
 -1      1003 6.17971E-02-4.61567E-03-9.82387E-02
 -1      1004-4.38809E-02 6.54502E-02-7.60393E-02
 -1      1005-2.34120E-02 2.00363E-02-1.40937E-01
 -1      1006-1.29720E-02-5.61437E-02-1.35738E-01
 -1      1007-3.53157E-02 4.38980E-02-9.34227E-02
 -1      1008 1.13039E-03 3.42255E-02 4.04815E-02
 -1      1009 1.97347E-02-1.53776E-01-2.00984E-02
 -1      1010 8.33669E-03-5.61509E-03-2.16109E-02
 -1      1011 2.98684E-03 4.42738E-02 4.17575E-02
 -1      1012-1.44645E-02 2.98712E-02 1.23203E-02
 -1      1013 8.16324E-04-1.39209E-02 9.85585E-05
 -1      1014-5.68678E-02 4.10892E-02 2.54236E-02
 -1      1015 4.48884E-02-6.28929E-02-4.07313E-02
 -1      1016-2.34996E-02 6.30134E-02-3.08044E-03
 -1      1017 3.41705E-02-5.30284E-02-1.58970E-03
 -1      1018 1.25132E-02 1.34890E-02-3.70147E-02
 -1      1019 4.72462E-02-2.60257E-02 1.30158E-02
 -1      1020-9.17431E-02 1.12344E-01-3.21638E-02
 -1      1021-2.52312E-02-1.29936E-02-5.97538E-02
 -1      1022 3.06432E-02-7.09823E-02-3.92437E-02
 -1      1023 7.29994E-03-5.85652E-02-4.44612E-03
 -1      1024 3.80125E-02 7.42541E-03-5.32455E-03
 -1      1025 5.41367E-02 9.53612E-02-3.81803E-03
 -1      1026-5.30427E-02 8.26538E-02-7.62211E-02
 -1      1027-1.16033E-02-6.93321E-02-8.27190E-02
 -1      1028-1.07016E-02 2.55698E-02-7.42487E-02
 -1      1029-2.63923E-02-4.19655E-02-1.01675E-01
 -1      1030-2.46026E-02-7.04756E-03-6.67638E-02
 -1      1031-4.97473E-02 2.80731E-02-3.56228E-02
 -1      1032 8.62621E-02-1.14163E-01-1.10158E-01
 -1      1033 5.55785E-02-3.50548E-02-9.16820E-02
 -1      1034-3.31747E-02-3.22605E-02-6.90526E-02
 -1      1035-3.95612E-02 2.72295E-02-1.25192E-01
 -1      1036-3.33876E-02 2.91723E-03-2.73112E-02
 -1      1037 8.92847E-02 5.13615E-02-4.31281E-02
 -1      1038 1.27539E-02 3.47398E-02-8.25838E-02
 -1      1039-3.38730E-02-7.25112E-02-7.45515E-02
 -1      1040 1.26175E-02-1.57168E-02-1.06344E-01
 -1      1041 2.68129E-02-8.00910E-04-1.89920E-02
 -3
 9999
