    1C
    1UHash: 2NdYUsIo, Date: 04/20/2026, Unit system: M_KG_S_C           
    1UUSER                                                              
    1UDATE              20.april.2026                                   
    1UTIME              11:53:49                                        
    1UHOST                                                              
    1UPGM               CalculiX                                        
    1UVERSION           Version 2.23                             
    1UCOMPILETIME       Thu Apr  9 09:51:55 CEST 2026                    
    1UDIR                                                               
    1UDBN                                                               
    1UMAT    1S235                                                      
    2C                          1041                                     1
 -1         1-1.00000E+00 6.00000E-02-5.00000E-02
 -1         2-1.00000E+00-6.00000E-02-5.00000E-02
 -1         3 1.00000E+00-6.00000E-02-5.00000E-02
 -1         4 1.00000E+00 6.00000E-02-5.00000E-02
 -1         5 1.00000E+00-6.00000E-02 5.00000E-02
 -1         6 1.00000E+00 6.00000E-02 5.00000E-02
 -1         7-1.00000E+00-6.00000E-02 5.00000E-02
 -1         8-1.00000E+00 6.00000E-02 5.00000E-02
 -1         9-1.00000E+00-2.01228E-16-5.00000E-02
 -1        10-1.00000E+00 3.00000E-02-5.00000E-02
 -1        11-1.00000E+00-3.00000E-02-5.00000E-02
 -1        12-9.41176E-01-6.00000E-02-5.00000E-02
 -1        13-8.82353E-01-6.00000E-02-5.00000E-02
 -1        14-8.23529E-01-6.00000E-02-5.00000E-02
 -1        15-7.64706E-01-6.00000E-02-5.00000E-02
 -1        16-7.05882E-01-6.00000E-02-5.00000E-02
 -1        17-6.47059E-01-6.00000E-02-5.00000E-02
 -1        18-5.88235E-01-6.00000E-02-5.00000E-02
 -1        19-5.29412E-01-6.00000E-02-5.00000E-02
 -1        20-4.70588E-01-6.00000E-02-5.00000E-02
 -1        21-4.11765E-01-6.00000E-02-5.00000E-02
 -1        22-3.52941E-01-6.00000E-02-5.00000E-02
 -1        23-2.94118E-01-6.00000E-02-5.00000E-02
 -1        24-2.35294E-01-6.00000E-02-5.00000E-02
 -1        25-1.76471E-01-6.00000E-02-5.00000E-02
 -1        26-1.17647E-01-6.00000E-02-5.00000E-02
 -1        27-5.88235E-02-6.00000E-02-5.00000E-02
 -1        28 0.00000E+00-6.00000E-02-5.00000E-02
 -1        29 5.88235E-02-6.00000E-02-5.00000E-02
 -1        30 1.17647E-01-6.00000E-02-5.00000E-02
 -1        31 1.76471E-01-6.00000E-02-5.00000E-02
 -1        32 2.35294E-01-6.00000E-02-5.00000E-02
 -1        33 2.94118E-01-6.00000E-02-5.00000E-02
 -1        34 3.52941E-01-6.00000E-02-5.00000E-02
 -1        35 4.11765E-01-6.00000E-02-5.00000E-02
 -1        36 4.70588E-01-6.00000E-02-5.00000E-02
 -1        37 5.29412E-01-6.00000E-02-5.00000E-02
 -1        38 5.88235E-01-6.00000E-02-5.00000E-02
 -1        39 6.47059E-01-6.00000E-02-5.00000E-02
 -1        40 7.05882E-01-6.00000E-02-5.00000E-02
 -1        41 7.64706E-01-6.00000E-02-5.00000E-02
 -1        42 8.23529E-01-6.00000E-02-5.00000E-02
 -1        43 8.82353E-01-6.00000E-02-5.00000E-02
 -1        44 9.41176E-01-6.00000E-02-5.00000E-02
 -1        45-9.70588E-01-6.00000E-02-5.00000E-02
 -1        46-9.11765E-01-6.00000E-02-5.00000E-02
 -1        47-8.52941E-01-6.00000E-02-5.00000E-02
 -1        48-7.94118E-01-6.00000E-02-5.00000E-02
 -1        49-7.35294E-01-6.00000E-02-5.00000E-02
 -1        50-6.76471E-01-6.00000E-02-5.00000E-02
 -1        51-6.17647E-01-6.00000E-02-5.00000E-02
 -1        52-5.58824E-01-6.00000E-02-5.00000E-02
 -1        53-5.00000E-01-6.00000E-02-5.00000E-02
 -1        54-4.41176E-01-6.00000E-02-5.00000E-02
 -1        55-3.82353E-01-6.00000E-02-5.00000E-02
 -1        56-3.23529E-01-6.00000E-02-5.00000E-02
 -1        57-2.64706E-01-6.00000E-02-5.00000E-02
 -1        58-2.05882E-01-6.00000E-02-5.00000E-02
 -1        59-1.47059E-01-6.00000E-02-5.00000E-02
 -1        60-8.82353E-02-6.00000E-02-5.00000E-02
 -1        61-2.94118E-02-6.00000E-02-5.00000E-02
 -1        62 2.94118E-02-6.00000E-02-5.00000E-02
 -1        63 8.82353E-02-6.00000E-02-5.00000E-02
 -1        64 1.47059E-01-6.00000E-02-5.00000E-02
 -1        65 2.05882E-01-6.00000E-02-5.00000E-02
 -1        66 2.64706E-01-6.00000E-02-5.00000E-02
 -1        67 3.23529E-01-6.00000E-02-5.00000E-02
 -1        68 3.82353E-01-6.00000E-02-5.00000E-02
 -1        69 4.41176E-01-6.00000E-02-5.00000E-02
 -1        70 5.00000E-01-6.00000E-02-5.00000E-02
 -1        71 5.58824E-01-6.00000E-02-5.00000E-02
 -1        72 6.17647E-01-6.00000E-02-5.00000E-02
 -1        73 6.76471E-01-6.00000E-02-5.00000E-02
 -1        74 7.35294E-01-6.00000E-02-5.00000E-02
 -1        75 7.94118E-01-6.00000E-02-5.00000E-02
 -1        76 8.52941E-01-6.00000E-02-5.00000E-02
 -1        77 9.11765E-01-6.00000E-02-5.00000E-02
 -1        78 9.70588E-01-6.00000E-02-5.00000E-02
 -1        79 1.00000E+00-2.01228E-16-5.00000E-02
 -1        80 1.00000E+00 3.00000E-02-5.00000E-02
 -1        81 1.00000E+00-3.00000E-02-5.00000E-02
 -1        82-9.41176E-01 6.00000E-02-5.00000E-02
 -1        83-8.82353E-01 6.00000E-02-5.00000E-02
 -1        84-8.23529E-01 6.00000E-02-5.00000E-02
 -1        85-7.64706E-01 6.00000E-02-5.00000E-02
 -1        86-7.05882E-01 6.00000E-02-5.00000E-02
 -1        87-6.47059E-01 6.00000E-02-5.00000E-02
 -1        88-5.88235E-01 6.00000E-02-5.00000E-02
 -1        89-5.29412E-01 6.00000E-02-5.00000E-02
 -1        90-4.70588E-01 6.00000E-02-5.00000E-02
 -1        91-4.11765E-01 6.00000E-02-5.00000E-02
 -1        92-3.52941E-01 6.00000E-02-5.00000E-02
 -1        93-2.94118E-01 6.00000E-02-5.00000E-02
 -1        94-2.35294E-01 6.00000E-02-5.00000E-02
 -1        95-1.76471E-01 6.00000E-02-5.00000E-02
 -1        96-1.17647E-01 6.00000E-02-5.00000E-02
 -1        97-5.88235E-02 6.00000E-02-5.00000E-02
 -1        98 0.00000E+00 6.00000E-02-5.00000E-02
 -1        99 5.88235E-02 6.00000E-02-5.00000E-02
 -1       100 1.17647E-01 6.00000E-02-5.00000E-02
 -1       101 1.76471E-01 6.00000E-02-5.00000E-02
 -1       102 2.35294E-01 6.00000E-02-5.00000E-02
 -1       103 2.94118E-01 6.00000E-02-5.00000E-02
 -1       104 3.52941E-01 6.00000E-02-5.00000E-02
 -1       105 4.11765E-01 6.00000E-02-5.00000E-02
 -1       106 4.70588E-01 6.00000E-02-5.00000E-02
 -1       107 5.29412E-01 6.00000E-02-5.00000E-02
 -1       108 5.88235E-01 6.00000E-02-5.00000E-02
 -1       109 6.47059E-01 6.00000E-02-5.00000E-02
 -1       110 7.05882E-01 6.00000E-02-5.00000E-02
 -1       111 7.64706E-01 6.00000E-02-5.00000E-02
 -1       112 8.23529E-01 6.00000E-02-5.00000E-02
 -1       113 8.82353E-01 6.00000E-02-5.00000E-02
 -1       114 9.41176E-01 6.00000E-02-5.00000E-02
 -1       115-9.70588E-01 6.00000E-02-5.00000E-02
 -1       116-9.11765E-01 6.00000E-02-5.00000E-02
 -1       117-8.52941E-01 6.00000E-02-5.00000E-02
 -1       118-7.94118E-01 6.00000E-02-5.00000E-02
 -1       119-7.35294E-01 6.00000E-02-5.00000E-02
 -1       120-6.76471E-01 6.00000E-02-5.00000E-02
 -1       121-6.17647E-01 6.00000E-02-5.00000E-02
 -1       122-5.58824E-01 6.00000E-02-5.00000E-02
 -1       123-5.00000E-01 6.00000E-02-5.00000E-02
 -1       124-4.41176E-01 6.00000E-02-5.00000E-02
 -1       125-3.82353E-01 6.00000E-02-5.00000E-02
 -1       126-3.23529E-01 6.00000E-02-5.00000E-02
 -1       127-2.64706E-01 6.00000E-02-5.00000E-02
 -1       128-2.05882E-01 6.00000E-02-5.00000E-02
 -1       129-1.47059E-01 6.00000E-02-5.00000E-02
 -1       130-8.82353E-02 6.00000E-02-5.00000E-02
 -1       131-2.94118E-02 6.00000E-02-5.00000E-02
 -1       132 2.94118E-02 6.00000E-02-5.00000E-02
 -1       133 8.82353E-02 6.00000E-02-5.00000E-02
 -1       134 1.47059E-01 6.00000E-02-5.00000E-02
 -1       135 2.05882E-01 6.00000E-02-5.00000E-02
 -1       136 2.64706E-01 6.00000E-02-5.00000E-02
 -1       137 3.23529E-01 6.00000E-02-5.00000E-02
 -1       138 3.82353E-01 6.00000E-02-5.00000E-02
 -1       139 4.41176E-01 6.00000E-02-5.00000E-02
 -1       140 5.00000E-01 6.00000E-02-5.00000E-02
 -1       141 5.58824E-01 6.00000E-02-5.00000E-02
 -1       142 6.17647E-01 6.00000E-02-5.00000E-02
 -1       143 6.76471E-01 6.00000E-02-5.00000E-02
 -1       144 7.35294E-01 6.00000E-02-5.00000E-02
 -1       145 7.94118E-01 6.00000E-02-5.00000E-02
 -1       146 8.52941E-01 6.00000E-02-5.00000E-02
 -1       147 9.11765E-01 6.00000E-02-5.00000E-02
 -1       148 9.70588E-01 6.00000E-02-5.00000E-02
 -1       149 1.00000E+00-6.00000E-02 3.46945E-17
 -1       150 1.00000E+00-6.00000E-02-2.50000E-02
 -1       151 1.00000E+00-6.00000E-02 2.50000E-02
 -1       152 1.00000E+00-2.01228E-16 5.00000E-02
 -1       153 1.00000E+00 3.00000E-02 5.00000E-02
 -1       154 1.00000E+00-3.00000E-02 5.00000E-02
 -1       155 1.00000E+00 6.00000E-02 3.46945E-17
 -1       156 1.00000E+00 6.00000E-02-2.50000E-02
 -1       157 1.00000E+00 6.00000E-02 2.50000E-02
 -1       158 9.41176E-01-6.00000E-02 5.00000E-02
 -1       159 8.82353E-01-6.00000E-02 5.00000E-02
 -1       160 8.23529E-01-6.00000E-02 5.00000E-02
 -1       161 7.64706E-01-6.00000E-02 5.00000E-02
 -1       162 7.05882E-01-6.00000E-02 5.00000E-02
 -1       163 6.47059E-01-6.00000E-02 5.00000E-02
 -1       164 5.88235E-01-6.00000E-02 5.00000E-02
 -1       165 5.29412E-01-6.00000E-02 5.00000E-02
 -1       166 4.70588E-01-6.00000E-02 5.00000E-02
 -1       167 4.11765E-01-6.00000E-02 5.00000E-02
 -1       168 3.52941E-01-6.00000E-02 5.00000E-02
 -1       169 2.94118E-01-6.00000E-02 5.00000E-02
 -1       170 2.35294E-01-6.00000E-02 5.00000E-02
 -1       171 1.76471E-01-6.00000E-02 5.00000E-02
 -1       172 1.17647E-01-6.00000E-02 5.00000E-02
 -1       173 5.88235E-02-6.00000E-02 5.00000E-02
 -1       174 0.00000E+00-6.00000E-02 5.00000E-02
 -1       175-5.88235E-02-6.00000E-02 5.00000E-02
 -1       176-1.17647E-01-6.00000E-02 5.00000E-02
 -1       177-1.76471E-01-6.00000E-02 5.00000E-02
 -1       178-2.35294E-01-6.00000E-02 5.00000E-02
 -1       179-2.94118E-01-6.00000E-02 5.00000E-02
 -1       180-3.52941E-01-6.00000E-02 5.00000E-02
 -1       181-4.11765E-01-6.00000E-02 5.00000E-02
 -1       182-4.70588E-01-6.00000E-02 5.00000E-02
 -1       183-5.29412E-01-6.00000E-02 5.00000E-02
 -1       184-5.88235E-01-6.00000E-02 5.00000E-02
 -1       185-6.47059E-01-6.00000E-02 5.00000E-02
 -1       186-7.05882E-01-6.00000E-02 5.00000E-02
 -1       187-7.64706E-01-6.00000E-02 5.00000E-02
 -1       188-8.23529E-01-6.00000E-02 5.00000E-02
 -1       189-8.82353E-01-6.00000E-02 5.00000E-02
 -1       190-9.41176E-01-6.00000E-02 5.00000E-02
 -1       191 9.70588E-01-6.00000E-02 5.00000E-02
 -1       192 9.11765E-01-6.00000E-02 5.00000E-02
 -1       193 8.52941E-01-6.00000E-02 5.00000E-02
 -1       194 7.94118E-01-6.00000E-02 5.00000E-02
 -1       195 7.35294E-01-6.00000E-02 5.00000E-02
 -1       196 6.76471E-01-6.00000E-02 5.00000E-02
 -1       197 6.17647E-01-6.00000E-02 5.00000E-02
 -1       198 5.58824E-01-6.00000E-02 5.00000E-02
 -1       199 5.00000E-01-6.00000E-02 5.00000E-02
 -1       200 4.41176E-01-6.00000E-02 5.00000E-02
 -1       201 3.82353E-01-6.00000E-02 5.00000E-02
 -1       202 3.23529E-01-6.00000E-02 5.00000E-02
 -1       203 2.64706E-01-6.00000E-02 5.00000E-02
 -1       204 2.05882E-01-6.00000E-02 5.00000E-02
 -1       205 1.47059E-01-6.00000E-02 5.00000E-02
 -1       206 8.82353E-02-6.00000E-02 5.00000E-02
 -1       207 2.94118E-02-6.00000E-02 5.00000E-02
 -1       208-2.94118E-02-6.00000E-02 5.00000E-02
 -1       209-8.82353E-02-6.00000E-02 5.00000E-02
 -1       210-1.47059E-01-6.00000E-02 5.00000E-02
 -1       211-2.05882E-01-6.00000E-02 5.00000E-02
 -1       212-2.64706E-01-6.00000E-02 5.00000E-02
 -1       213-3.23529E-01-6.00000E-02 5.00000E-02
 -1       214-3.82353E-01-6.00000E-02 5.00000E-02
 -1       215-4.41176E-01-6.00000E-02 5.00000E-02
 -1       216-5.00000E-01-6.00000E-02 5.00000E-02
 -1       217-5.58824E-01-6.00000E-02 5.00000E-02
 -1       218-6.17647E-01-6.00000E-02 5.00000E-02
 -1       219-6.76471E-01-6.00000E-02 5.00000E-02
 -1       220-7.35294E-01-6.00000E-02 5.00000E-02
 -1       221-7.94118E-01-6.00000E-02 5.00000E-02
 -1       222-8.52941E-01-6.00000E-02 5.00000E-02
 -1       223-9.11765E-01-6.00000E-02 5.00000E-02
 -1       224-9.70588E-01-6.00000E-02 5.00000E-02
 -1       225-1.00000E+00-2.01228E-16 5.00000E-02
 -1       226-1.00000E+00 3.00000E-02 5.00000E-02
 -1       227-1.00000E+00-3.00000E-02 5.00000E-02
 -1       228 9.41176E-01 6.00000E-02 5.00000E-02
 -1       229 8.82353E-01 6.00000E-02 5.00000E-02
 -1       230 8.23529E-01 6.00000E-02 5.00000E-02
 -1       231 7.64706E-01 6.00000E-02 5.00000E-02
 -1       232 7.05882E-01 6.00000E-02 5.00000E-02
 -1       233 6.47059E-01 6.00000E-02 5.00000E-02
 -1       234 5.88235E-01 6.00000E-02 5.00000E-02
 -1       235 5.29412E-01 6.00000E-02 5.00000E-02
 -1       236 4.70588E-01 6.00000E-02 5.00000E-02
 -1       237 4.11765E-01 6.00000E-02 5.00000E-02
 -1       238 3.52941E-01 6.00000E-02 5.00000E-02
 -1       239 2.94118E-01 6.00000E-02 5.00000E-02
 -1       240 2.35294E-01 6.00000E-02 5.00000E-02
 -1       241 1.76471E-01 6.00000E-02 5.00000E-02
 -1       242 1.17647E-01 6.00000E-02 5.00000E-02
 -1       243 5.88235E-02 6.00000E-02 5.00000E-02
 -1       244 0.00000E+00 6.00000E-02 5.00000E-02
 -1       245-5.88235E-02 6.00000E-02 5.00000E-02
 -1       246-1.17647E-01 6.00000E-02 5.00000E-02
 -1       247-1.76471E-01 6.00000E-02 5.00000E-02
 -1       248-2.35294E-01 6.00000E-02 5.00000E-02
 -1       249-2.94118E-01 6.00000E-02 5.00000E-02
 -1       250-3.52941E-01 6.00000E-02 5.00000E-02
 -1       251-4.11765E-01 6.00000E-02 5.00000E-02
 -1       252-4.70588E-01 6.00000E-02 5.00000E-02
 -1       253-5.29412E-01 6.00000E-02 5.00000E-02
 -1       254-5.88235E-01 6.00000E-02 5.00000E-02
 -1       255-6.47059E-01 6.00000E-02 5.00000E-02
 -1       256-7.05882E-01 6.00000E-02 5.00000E-02
 -1       257-7.64706E-01 6.00000E-02 5.00000E-02
 -1       258-8.23529E-01 6.00000E-02 5.00000E-02
 -1       259-8.82353E-01 6.00000E-02 5.00000E-02
 -1       260-9.41176E-01 6.00000E-02 5.00000E-02
 -1       261 9.70588E-01 6.00000E-02 5.00000E-02
 -1       262 9.11765E-01 6.00000E-02 5.00000E-02
 -1       263 8.52941E-01 6.00000E-02 5.00000E-02
 -1       264 7.94118E-01 6.00000E-02 5.00000E-02
 -1       265 7.35294E-01 6.00000E-02 5.00000E-02
 -1       266 6.76471E-01 6.00000E-02 5.00000E-02
 -1       267 6.17647E-01 6.00000E-02 5.00000E-02
 -1       268 5.58824E-01 6.00000E-02 5.00000E-02
 -1       269 5.00000E-01 6.00000E-02 5.00000E-02
 -1       270 4.41176E-01 6.00000E-02 5.00000E-02
 -1       271 3.82353E-01 6.00000E-02 5.00000E-02
 -1       272 3.23529E-01 6.00000E-02 5.00000E-02
 -1       273 2.64706E-01 6.00000E-02 5.00000E-02
 -1       274 2.05882E-01 6.00000E-02 5.00000E-02
 -1       275 1.47059E-01 6.00000E-02 5.00000E-02
 -1       276 8.82353E-02 6.00000E-02 5.00000E-02
 -1       277 2.94118E-02 6.00000E-02 5.00000E-02
 -1       278-2.94118E-02 6.00000E-02 5.00000E-02
 -1       279-8.82353E-02 6.00000E-02 5.00000E-02
 -1       280-1.47059E-01 6.00000E-02 5.00000E-02
 -1       281-2.05882E-01 6.00000E-02 5.00000E-02
 -1       282-2.64706E-01 6.00000E-02 5.00000E-02
 -1       283-3.23529E-01 6.00000E-02 5.00000E-02
 -1       284-3.82353E-01 6.00000E-02 5.00000E-02
 -1       285-4.41176E-01 6.00000E-02 5.00000E-02
 -1       286-5.00000E-01 6.00000E-02 5.00000E-02
 -1       287-5.58824E-01 6.00000E-02 5.00000E-02
 -1       288-6.17647E-01 6.00000E-02 5.00000E-02
 -1       289-6.76471E-01 6.00000E-02 5.00000E-02
 -1       290-7.35294E-01 6.00000E-02 5.00000E-02
 -1       291-7.94118E-01 6.00000E-02 5.00000E-02
 -1       292-8.52941E-01 6.00000E-02 5.00000E-02
 -1       293-9.11765E-01 6.00000E-02 5.00000E-02
 -1       294-9.70588E-01 6.00000E-02 5.00000E-02
 -1       295-1.00000E+00-6.00000E-02-3.46945E-17
 -1       296-1.00000E+00-6.00000E-02 2.50000E-02
 -1       297-1.00000E+00-6.00000E-02-2.50000E-02
 -1       298-1.00000E+00 6.00000E-02-3.46945E-17
 -1       299-1.00000E+00 6.00000E-02 2.50000E-02
 -1       300-1.00000E+00 6.00000E-02-2.50000E-02
 -1       301-9.41176E-01-2.08167E-16-5.00000E-02
 -1       302-8.82353E-01-2.08167E-16-5.00000E-02
 -1       303-8.23529E-01-1.87350E-16-5.00000E-02
 -1       304-7.64706E-01-1.87350E-16-5.00000E-02
 -1       305-7.05882E-01-1.87350E-16-5.00000E-02
 -1       306-6.47059E-01-1.87350E-16-5.00000E-02
 -1       307-5.88235E-01-2.08167E-16-5.00000E-02
 -1       308-5.29412E-01-2.08167E-16-5.00000E-02
 -1       309-4.70588E-01-1.94289E-16-5.00000E-02
 -1       310-4.11765E-01-2.08167E-16-5.00000E-02
 -1       311-3.52941E-01-2.08167E-16-5.00000E-02
 -1       312-2.94118E-01-2.08167E-16-5.00000E-02
 -1       313-2.35294E-01-1.94289E-16-5.00000E-02
 -1       314-1.76471E-01-2.01228E-16-5.00000E-02
 -1       315-1.17647E-01-2.01228E-16-5.00000E-02
 -1       316-5.88235E-02-2.01228E-16-5.00000E-02
 -1       317 0.00000E+00-2.01228E-16-5.00000E-02
 -1       318 5.88235E-02-2.15106E-16-5.00000E-02
 -1       319 1.17647E-01-2.15106E-16-5.00000E-02
 -1       320 1.76471E-01-2.15106E-16-5.00000E-02
 -1       321 2.35294E-01-1.80411E-16-5.00000E-02
 -1       322 2.94118E-01-2.08167E-16-5.00000E-02
 -1       323 3.52941E-01-2.08167E-16-5.00000E-02
 -1       324 4.11765E-01-2.15106E-16-5.00000E-02
 -1       325 4.70588E-01-2.15106E-16-5.00000E-02
 -1       326 5.29412E-01-1.94289E-16-5.00000E-02
 -1       327 5.88235E-01-1.94289E-16-5.00000E-02
 -1       328 6.47059E-01-2.01228E-16-5.00000E-02
 -1       329 7.05882E-01-2.01228E-16-5.00000E-02
 -1       330 7.64706E-01-2.01228E-16-5.00000E-02
 -1       331 8.23529E-01-2.01228E-16-5.00000E-02
 -1       332 8.82353E-01-2.22045E-16-5.00000E-02
 -1       333 9.41176E-01-2.08167E-16-5.00000E-02
 -1       334-9.41176E-01 3.00000E-02-5.00000E-02
 -1       335-9.70588E-01-2.04697E-16-5.00000E-02
 -1       336-8.82353E-01 3.00000E-02-5.00000E-02
 -1       337-9.11765E-01-2.08167E-16-5.00000E-02
 -1       338-8.23529E-01 3.00000E-02-5.00000E-02
 -1       339-8.52941E-01-1.97758E-16-5.00000E-02
 -1       340-7.64706E-01 3.00000E-02-5.00000E-02
 -1       341-7.94118E-01-1.87350E-16-5.00000E-02
 -1       342-7.05882E-01 3.00000E-02-5.00000E-02
 -1       343-7.35294E-01-1.87350E-16-5.00000E-02
 -1       344-6.47059E-01 3.00000E-02-5.00000E-02
 -1       345-6.76471E-01-1.87350E-16-5.00000E-02
 -1       346-5.88235E-01 3.00000E-02-5.00000E-02
 -1       347-6.17647E-01-1.97758E-16-5.00000E-02
 -1       348-5.29412E-01 3.00000E-02-5.00000E-02
 -1       349-5.58824E-01-2.08167E-16-5.00000E-02
 -1       350-4.70588E-01 3.00000E-02-5.00000E-02
 -1       351-5.00000E-01-2.01228E-16-5.00000E-02
 -1       352-4.11765E-01 3.00000E-02-5.00000E-02
 -1       353-4.41176E-01-2.01228E-16-5.00000E-02
 -1       354-3.52941E-01 3.00000E-02-5.00000E-02
 -1       355-3.82353E-01-2.08167E-16-5.00000E-02
 -1       356-2.94118E-01 3.00000E-02-5.00000E-02
 -1       357-3.23529E-01-2.08167E-16-5.00000E-02
 -1       358-2.35294E-01 3.00000E-02-5.00000E-02
 -1       359-2.64706E-01-2.01228E-16-5.00000E-02
 -1       360-1.76471E-01 3.00000E-02-5.00000E-02
 -1       361-2.05882E-01-1.97758E-16-5.00000E-02
 -1       362-1.17647E-01 3.00000E-02-5.00000E-02
 -1       363-1.47059E-01-2.01228E-16-5.00000E-02
 -1       364-5.88235E-02 3.00000E-02-5.00000E-02
 -1       365-8.82353E-02-2.01228E-16-5.00000E-02
 -1       366 0.00000E+00 3.00000E-02-5.00000E-02
 -1       367-2.94118E-02-2.01228E-16-5.00000E-02
 -1       368 5.88235E-02 3.00000E-02-5.00000E-02
 -1       369 2.94118E-02-2.08167E-16-5.00000E-02
 -1       370 1.17647E-01 3.00000E-02-5.00000E-02
 -1       371 8.82353E-02-2.15106E-16-5.00000E-02
 -1       372 1.76471E-01 3.00000E-02-5.00000E-02
 -1       373 1.47059E-01-2.15106E-16-5.00000E-02
 -1       374 2.35294E-01 3.00000E-02-5.00000E-02
 -1       375 2.05882E-01-1.97758E-16-5.00000E-02
 -1       376 2.94118E-01 3.00000E-02-5.00000E-02
 -1       377 2.64706E-01-1.94289E-16-5.00000E-02
 -1       378 3.52941E-01 3.00000E-02-5.00000E-02
 -1       379 3.23529E-01-2.08167E-16-5.00000E-02
 -1       380 4.11765E-01 3.00000E-02-5.00000E-02
 -1       381 3.82353E-01-2.11636E-16-5.00000E-02
 -1       382 4.70588E-01 3.00000E-02-5.00000E-02
 -1       383 4.41176E-01-2.15106E-16-5.00000E-02
 -1       384 5.29412E-01 3.00000E-02-5.00000E-02
 -1       385 5.00000E-01-2.04697E-16-5.00000E-02
 -1       386 5.88235E-01 3.00000E-02-5.00000E-02
 -1       387 5.58824E-01-1.94289E-16-5.00000E-02
 -1       388 6.47059E-01 3.00000E-02-5.00000E-02
 -1       389 6.17647E-01-1.97758E-16-5.00000E-02
 -1       390 7.05882E-01 3.00000E-02-5.00000E-02
 -1       391 6.76471E-01-2.01228E-16-5.00000E-02
 -1       392 7.64706E-01 3.00000E-02-5.00000E-02
 -1       393 7.35294E-01-2.01228E-16-5.00000E-02
 -1       394 8.23529E-01 3.00000E-02-5.00000E-02
 -1       395 7.94118E-01-2.01228E-16-5.00000E-02
 -1       396 8.82353E-01 3.00000E-02-5.00000E-02
 -1       397 8.52941E-01-2.11636E-16-5.00000E-02
 -1       398 9.41176E-01 3.00000E-02-5.00000E-02
 -1       399 9.11765E-01-2.15106E-16-5.00000E-02
 -1       400 9.70588E-01-2.04697E-16-5.00000E-02
 -1       401-9.41176E-01-3.00000E-02-5.00000E-02
 -1       402-8.82353E-01-3.00000E-02-5.00000E-02
 -1       403-8.23529E-01-3.00000E-02-5.00000E-02
 -1       404-7.64706E-01-3.00000E-02-5.00000E-02
 -1       405-7.05882E-01-3.00000E-02-5.00000E-02
 -1       406-6.47059E-01-3.00000E-02-5.00000E-02
 -1       407-5.88235E-01-3.00000E-02-5.00000E-02
 -1       408-5.29412E-01-3.00000E-02-5.00000E-02
 -1       409-4.70588E-01-3.00000E-02-5.00000E-02
 -1       410-4.11765E-01-3.00000E-02-5.00000E-02
 -1       411-3.52941E-01-3.00000E-02-5.00000E-02
 -1       412-2.94118E-01-3.00000E-02-5.00000E-02
 -1       413-2.35294E-01-3.00000E-02-5.00000E-02
 -1       414-1.76471E-01-3.00000E-02-5.00000E-02
 -1       415-1.17647E-01-3.00000E-02-5.00000E-02
 -1       416-5.88235E-02-3.00000E-02-5.00000E-02
 -1       417 0.00000E+00-3.00000E-02-5.00000E-02
 -1       418 5.88235E-02-3.00000E-02-5.00000E-02
 -1       419 1.17647E-01-3.00000E-02-5.00000E-02
 -1       420 1.76471E-01-3.00000E-02-5.00000E-02
 -1       421 2.35294E-01-3.00000E-02-5.00000E-02
 -1       422 2.94118E-01-3.00000E-02-5.00000E-02
 -1       423 3.52941E-01-3.00000E-02-5.00000E-02
 -1       424 4.11765E-01-3.00000E-02-5.00000E-02
 -1       425 4.70588E-01-3.00000E-02-5.00000E-02
 -1       426 5.29412E-01-3.00000E-02-5.00000E-02
 -1       427 5.88235E-01-3.00000E-02-5.00000E-02
 -1       428 6.47059E-01-3.00000E-02-5.00000E-02
 -1       429 7.05882E-01-3.00000E-02-5.00000E-02
 -1       430 7.64706E-01-3.00000E-02-5.00000E-02
 -1       431 8.23529E-01-3.00000E-02-5.00000E-02
 -1       432 8.82353E-01-3.00000E-02-5.00000E-02
 -1       433 9.41176E-01-3.00000E-02-5.00000E-02
 -1       434 1.00000E+00-1.94289E-16 4.16334E-17
 -1       435 1.00000E+00 3.00000E-02 3.81639E-17
 -1       436 1.00000E+00-1.97758E-16-2.50000E-02
 -1       437 1.00000E+00-1.97758E-16 2.50000E-02
 -1       438 1.00000E+00-3.00000E-02 3.81639E-17
 -1       439 9.41176E-01-2.08167E-16 5.00000E-02
 -1       440 8.82353E-01-2.08167E-16 5.00000E-02
 -1       441 8.23529E-01-1.87350E-16 5.00000E-02
 -1       442 7.64706E-01-1.87350E-16 5.00000E-02
 -1       443 7.05882E-01-1.87350E-16 5.00000E-02
 -1       444 6.47059E-01-1.87350E-16 5.00000E-02
 -1       445 5.88235E-01-2.08167E-16 5.00000E-02
 -1       446 5.29412E-01-2.08167E-16 5.00000E-02
 -1       447 4.70588E-01-1.94289E-16 5.00000E-02
 -1       448 4.11765E-01-2.08167E-16 5.00000E-02
 -1       449 3.52941E-01-2.08167E-16 5.00000E-02
 -1       450 2.94118E-01-2.08167E-16 5.00000E-02
 -1       451 2.35294E-01-1.94289E-16 5.00000E-02
 -1       452 1.76471E-01-2.01228E-16 5.00000E-02
 -1       453 1.17647E-01-2.01228E-16 5.00000E-02
 -1       454 5.88235E-02-2.01228E-16 5.00000E-02
 -1       455 0.00000E+00-2.01228E-16 5.00000E-02
 -1       456-5.88235E-02-2.15106E-16 5.00000E-02
 -1       457-1.17647E-01-2.15106E-16 5.00000E-02
 -1       458-1.76471E-01-2.15106E-16 5.00000E-02
 -1       459-2.35294E-01-1.80411E-16 5.00000E-02
 -1       460-2.94118E-01-2.08167E-16 5.00000E-02
 -1       461-3.52941E-01-2.08167E-16 5.00000E-02
 -1       462-4.11765E-01-2.15106E-16 5.00000E-02
 -1       463-4.70588E-01-2.15106E-16 5.00000E-02
 -1       464-5.29412E-01-1.94289E-16 5.00000E-02
 -1       465-5.88235E-01-1.94289E-16 5.00000E-02
 -1       466-6.47059E-01-2.01228E-16 5.00000E-02
 -1       467-7.05882E-01-2.01228E-16 5.00000E-02
 -1       468-7.64706E-01-2.01228E-16 5.00000E-02
 -1       469-8.23529E-01-2.01228E-16 5.00000E-02
 -1       470-8.82353E-01-2.22045E-16 5.00000E-02
 -1       471-9.41176E-01-2.08167E-16 5.00000E-02
 -1       472 9.41176E-01 3.00000E-02 5.00000E-02
 -1       473 9.70588E-01-2.04697E-16 5.00000E-02
 -1       474 8.82353E-01 3.00000E-02 5.00000E-02
 -1       475 9.11765E-01-2.08167E-16 5.00000E-02
 -1       476 8.23529E-01 3.00000E-02 5.00000E-02
 -1       477 8.52941E-01-1.97758E-16 5.00000E-02
 -1       478 7.64706E-01 3.00000E-02 5.00000E-02
 -1       479 7.94118E-01-1.87350E-16 5.00000E-02
 -1       480 7.05882E-01 3.00000E-02 5.00000E-02
 -1       481 7.35294E-01-1.87350E-16 5.00000E-02
 -1       482 6.47059E-01 3.00000E-02 5.00000E-02
 -1       483 6.76471E-01-1.87350E-16 5.00000E-02
 -1       484 5.88235E-01 3.00000E-02 5.00000E-02
 -1       485 6.17647E-01-1.97758E-16 5.00000E-02
 -1       486 5.29412E-01 3.00000E-02 5.00000E-02
 -1       487 5.58824E-01-2.08167E-16 5.00000E-02
 -1       488 4.70588E-01 3.00000E-02 5.00000E-02
 -1       489 5.00000E-01-2.01228E-16 5.00000E-02
 -1       490 4.11765E-01 3.00000E-02 5.00000E-02
 -1       491 4.41176E-01-2.01228E-16 5.00000E-02
 -1       492 3.52941E-01 3.00000E-02 5.00000E-02
 -1       493 3.82353E-01-2.08167E-16 5.00000E-02
 -1       494 2.94118E-01 3.00000E-02 5.00000E-02
 -1       495 3.23529E-01-2.08167E-16 5.00000E-02
 -1       496 2.35294E-01 3.00000E-02 5.00000E-02
 -1       497 2.64706E-01-2.01228E-16 5.00000E-02
 -1       498 1.76471E-01 3.00000E-02 5.00000E-02
 -1       499 2.05882E-01-1.97758E-16 5.00000E-02
 -1       500 1.17647E-01 3.00000E-02 5.00000E-02
 -1       501 1.47059E-01-2.01228E-16 5.00000E-02
 -1       502 5.88235E-02 3.00000E-02 5.00000E-02
 -1       503 8.82353E-02-2.01228E-16 5.00000E-02
 -1       504 0.00000E+00 3.00000E-02 5.00000E-02
 -1       505 2.94118E-02-2.01228E-16 5.00000E-02
 -1       506-5.88235E-02 3.00000E-02 5.00000E-02
 -1       507-2.94118E-02-2.08167E-16 5.00000E-02
 -1       508-1.17647E-01 3.00000E-02 5.00000E-02
 -1       509-8.82353E-02-2.15106E-16 5.00000E-02
 -1       510-1.76471E-01 3.00000E-02 5.00000E-02
 -1       511-1.47059E-01-2.15106E-16 5.00000E-02
 -1       512-2.35294E-01 3.00000E-02 5.00000E-02
 -1       513-2.05882E-01-1.97758E-16 5.00000E-02
 -1       514-2.94118E-01 3.00000E-02 5.00000E-02
 -1       515-2.64706E-01-1.94289E-16 5.00000E-02
 -1       516-3.52941E-01 3.00000E-02 5.00000E-02
 -1       517-3.23529E-01-2.08167E-16 5.00000E-02
 -1       518-4.11765E-01 3.00000E-02 5.00000E-02
 -1       519-3.82353E-01-2.11636E-16 5.00000E-02
 -1       520-4.70588E-01 3.00000E-02 5.00000E-02
 -1       521-4.41176E-01-2.15106E-16 5.00000E-02
 -1       522-5.29412E-01 3.00000E-02 5.00000E-02
 -1       523-5.00000E-01-2.04697E-16 5.00000E-02
 -1       524-5.88235E-01 3.00000E-02 5.00000E-02
 -1       525-5.58824E-01-1.94289E-16 5.00000E-02
 -1       526-6.47059E-01 3.00000E-02 5.00000E-02
 -1       527-6.17647E-01-1.97758E-16 5.00000E-02
 -1       528-7.05882E-01 3.00000E-02 5.00000E-02
 -1       529-6.76471E-01-2.01228E-16 5.00000E-02
 -1       530-7.64706E-01 3.00000E-02 5.00000E-02
 -1       531-7.35294E-01-2.01228E-16 5.00000E-02
 -1       532-8.23529E-01 3.00000E-02 5.00000E-02
 -1       533-7.94118E-01-2.01228E-16 5.00000E-02
 -1       534-8.82353E-01 3.00000E-02 5.00000E-02
 -1       535-8.52941E-01-2.11636E-16 5.00000E-02
 -1       536-9.41176E-01 3.00000E-02 5.00000E-02
 -1       537-9.11765E-01-2.15106E-16 5.00000E-02
 -1       538-9.70588E-01-2.04697E-16 5.00000E-02
 -1       539 9.41176E-01-3.00000E-02 5.00000E-02
 -1       540 8.82353E-01-3.00000E-02 5.00000E-02
 -1       541 8.23529E-01-3.00000E-02 5.00000E-02
 -1       542 7.64706E-01-3.00000E-02 5.00000E-02
 -1       543 7.05882E-01-3.00000E-02 5.00000E-02
 -1       544 6.47059E-01-3.00000E-02 5.00000E-02
 -1       545 5.88235E-01-3.00000E-02 5.00000E-02
 -1       546 5.29412E-01-3.00000E-02 5.00000E-02
 -1       547 4.70588E-01-3.00000E-02 5.00000E-02
 -1       548 4.11765E-01-3.00000E-02 5.00000E-02
 -1       549 3.52941E-01-3.00000E-02 5.00000E-02
 -1       550 2.94118E-01-3.00000E-02 5.00000E-02
 -1       551 2.35294E-01-3.00000E-02 5.00000E-02
 -1       552 1.76471E-01-3.00000E-02 5.00000E-02
 -1       553 1.17647E-01-3.00000E-02 5.00000E-02
 -1       554 5.88235E-02-3.00000E-02 5.00000E-02
 -1       555 0.00000E+00-3.00000E-02 5.00000E-02
 -1       556-5.88235E-02-3.00000E-02 5.00000E-02
 -1       557-1.17647E-01-3.00000E-02 5.00000E-02
 -1       558-1.76471E-01-3.00000E-02 5.00000E-02
 -1       559-2.35294E-01-3.00000E-02 5.00000E-02
 -1       560-2.94118E-01-3.00000E-02 5.00000E-02
 -1       561-3.52941E-01-3.00000E-02 5.00000E-02
 -1       562-4.11765E-01-3.00000E-02 5.00000E-02
 -1       563-4.70588E-01-3.00000E-02 5.00000E-02
 -1       564-5.29412E-01-3.00000E-02 5.00000E-02
 -1       565-5.88235E-01-3.00000E-02 5.00000E-02
 -1       566-6.47059E-01-3.00000E-02 5.00000E-02
 -1       567-7.05882E-01-3.00000E-02 5.00000E-02
 -1       568-7.64706E-01-3.00000E-02 5.00000E-02
 -1       569-8.23529E-01-3.00000E-02 5.00000E-02
 -1       570-8.82353E-01-3.00000E-02 5.00000E-02
 -1       571-9.41176E-01-3.00000E-02 5.00000E-02
 -1       572-1.00000E+00-2.15106E-16-3.46945E-17
 -1       573-1.00000E+00 3.00000E-02-3.46945E-17
 -1       574-1.00000E+00-2.08167E-16 2.50000E-02
 -1       575-1.00000E+00-2.08167E-16-2.50000E-02
 -1       576-1.00000E+00-3.00000E-02-3.46945E-17
 -1       577-9.41176E-01 6.00000E-02-3.30873E-17
 -1       578-8.82353E-01 6.00000E-02-3.14801E-17
 -1       579-8.23529E-01 6.00000E-02-2.64035E-17
 -1       580-7.64706E-01 6.00000E-02-2.82658E-17
 -1       581-7.05882E-01 6.00000E-02-2.66586E-17
 -1       582-6.47059E-01 6.00000E-02-2.50514E-17
 -1       583-5.88235E-01 6.00000E-02-2.04085E-17
 -1       584-5.29412E-01 6.00000E-02-1.83677E-17
 -1       585-4.70588E-01 6.00000E-02-1.63268E-17
 -1       586-4.11765E-01 6.00000E-02-1.51533E-17
 -1       587-3.52941E-01 6.00000E-02-8.77566E-18
 -1       588-2.94118E-01 6.00000E-02-8.46953E-18
 -1       589-2.35294E-01 6.00000E-02-8.16340E-18
 -1       590-1.76471E-01 6.00000E-02-6.12255E-18
 -1       591-1.17647E-01 6.00000E-02-4.08170E-18
 -1       592-5.88235E-02 6.00000E-02-2.04085E-18
 -1       593 2.64339E-17 6.00000E-02 4.45737E-30
 -1       594 5.88235E-02 6.00000E-02 2.04085E-18
 -1       595 1.17647E-01 6.00000E-02 4.08170E-18
 -1       596 1.76471E-01 6.00000E-02 6.12255E-18
 -1       597 2.35294E-01 6.00000E-02 8.16340E-18
 -1       598 2.94118E-01 6.00000E-02 1.02043E-17
 -1       599 3.52941E-01 6.00000E-02 1.57146E-17
 -1       600 4.11765E-01 6.00000E-02 1.42860E-17
 -1       601 4.70588E-01 6.00000E-02 1.63268E-17
 -1       602 5.29412E-01 6.00000E-02 1.83677E-17
 -1       603 5.88235E-01 6.00000E-02 2.04085E-17
 -1       604 6.47059E-01 6.00000E-02 1.89799E-17
 -1       605 7.05882E-01 6.00000E-02 2.10208E-17
 -1       606 7.64706E-01 6.00000E-02 2.30616E-17
 -1       607 8.23529E-01 6.00000E-02 3.20414E-17
 -1       608 8.82353E-01 6.00000E-02 3.06128E-17
 -1       609 9.41176E-01 6.00000E-02 3.26536E-17
 -1       610-9.41176E-01 6.00000E-02 2.50000E-02
 -1       611-9.70588E-01 6.00000E-02-3.38909E-17
 -1       612-8.82353E-01 6.00000E-02 2.50000E-02
 -1       613-9.11765E-01 6.00000E-02-3.22837E-17
 -1       614-8.23529E-01 6.00000E-02 2.50000E-02
 -1       615-8.52941E-01 6.00000E-02-2.89418E-17
 -1       616-7.64706E-01 6.00000E-02 2.50000E-02
 -1       617-7.94118E-01 6.00000E-02-2.73346E-17
 -1       618-7.05882E-01 6.00000E-02 2.50000E-02
 -1       619-7.35294E-01 6.00000E-02-2.74622E-17
 -1       620-6.47059E-01 6.00000E-02 2.50000E-02
 -1       621-6.76471E-01 6.00000E-02-2.58550E-17
 -1       622-5.88235E-01 6.00000E-02 2.50000E-02
 -1       623-6.17647E-01 6.00000E-02-2.27300E-17
 -1       624-5.29412E-01 6.00000E-02 2.50000E-02
 -1       625-5.58824E-01 6.00000E-02-1.93881E-17
 -1       626-4.70588E-01 6.00000E-02 2.50000E-02
 -1       627-5.00000E-01 6.00000E-02-1.73472E-17
 -1       628-4.11765E-01 6.00000E-02 2.50000E-02
 -1       629-4.41176E-01 6.00000E-02-1.57401E-17
 -1       630-3.52941E-01 6.00000E-02 2.50000E-02
 -1       631-3.82353E-01 6.00000E-02-1.19645E-17
 -1       632-2.94118E-01 6.00000E-02 2.50000E-02
 -1       633-3.23529E-01 6.00000E-02-8.62260E-18
 -1       634-2.35294E-01 6.00000E-02 2.50000E-02
 -1       635-2.64706E-01 6.00000E-02-8.31647E-18
 -1       636-1.76471E-01 6.00000E-02 2.50000E-02
 -1       637-2.05882E-01 6.00000E-02-7.14298E-18
 -1       638-1.17647E-01 6.00000E-02 2.50000E-02
 -1       639-1.47059E-01 6.00000E-02-5.10213E-18
 -1       640-5.88235E-02 6.00000E-02 2.50000E-02
 -1       641-8.82353E-02 6.00000E-02-3.06128E-18
 -1       642 1.32169E-17 6.00000E-02 2.50000E-02
 -1       643-2.94118E-02 6.00000E-02-1.02043E-18
 -1       644 5.88235E-02 6.00000E-02 2.50000E-02
 -1       645 2.94118E-02 6.00000E-02 1.02043E-18
 -1       646 1.17647E-01 6.00000E-02 2.50000E-02
 -1       647 8.82353E-02 6.00000E-02 3.06128E-18
 -1       648 1.76471E-01 6.00000E-02 2.50000E-02
 -1       649 1.47059E-01 6.00000E-02 5.10213E-18
 -1       650 2.35294E-01 6.00000E-02 2.50000E-02
 -1       651 2.05882E-01 6.00000E-02 7.14298E-18
 -1       652 2.94118E-01 6.00000E-02 2.50000E-02
 -1       653 2.64706E-01 6.00000E-02 9.18383E-18
 -1       654 3.52941E-01 6.00000E-02 2.50000E-02
 -1       655 3.23529E-01 6.00000E-02 1.29594E-17
 -1       656 4.11765E-01 6.00000E-02 2.50000E-02
 -1       657 3.82353E-01 6.00000E-02 1.50003E-17
 -1       658 4.70588E-01 6.00000E-02 2.50000E-02
 -1       659 4.41176E-01 6.00000E-02 1.53064E-17
 -1       660 5.29412E-01 6.00000E-02 2.50000E-02
 -1       661 5.00000E-01 6.00000E-02 1.73472E-17
 -1       662 5.88235E-01 6.00000E-02 2.50000E-02
 -1       663 5.58824E-01 6.00000E-02 1.93881E-17
 -1       664 6.47059E-01 6.00000E-02 2.50000E-02
 -1       665 6.17647E-01 6.00000E-02 1.96942E-17
 -1       666 7.05882E-01 6.00000E-02 2.50000E-02
 -1       667 6.76471E-01 6.00000E-02 2.00003E-17
 -1       668 7.64706E-01 6.00000E-02 2.50000E-02
 -1       669 7.35294E-01 6.00000E-02 2.20412E-17
 -1       670 8.23529E-01 6.00000E-02 2.50000E-02
 -1       671 7.94118E-01 6.00000E-02 2.75515E-17
 -1       672 8.82353E-01 6.00000E-02 2.50000E-02
 -1       673 8.52941E-01 6.00000E-02 3.13271E-17
 -1       674 9.41176E-01 6.00000E-02 2.50000E-02
 -1       675 9.11765E-01 6.00000E-02 3.16332E-17
 -1       676 9.70588E-01 6.00000E-02 3.36740E-17
 -1       677-9.41176E-01 6.00000E-02-2.50000E-02
 -1       678-8.82353E-01 6.00000E-02-2.50000E-02
 -1       679-8.23529E-01 6.00000E-02-2.50000E-02
 -1       680-7.64706E-01 6.00000E-02-2.50000E-02
 -1       681-7.05882E-01 6.00000E-02-2.50000E-02
 -1       682-6.47059E-01 6.00000E-02-2.50000E-02
 -1       683-5.88235E-01 6.00000E-02-2.50000E-02
 -1       684-5.29412E-01 6.00000E-02-2.50000E-02
 -1       685-4.70588E-01 6.00000E-02-2.50000E-02
 -1       686-4.11765E-01 6.00000E-02-2.50000E-02
 -1       687-3.52941E-01 6.00000E-02-2.50000E-02
 -1       688-2.94118E-01 6.00000E-02-2.50000E-02
 -1       689-2.35294E-01 6.00000E-02-2.50000E-02
 -1       690-1.76471E-01 6.00000E-02-2.50000E-02
 -1       691-1.17647E-01 6.00000E-02-2.50000E-02
 -1       692-5.88235E-02 6.00000E-02-2.50000E-02
 -1       693 1.32169E-17 6.00000E-02-2.50000E-02
 -1       694 5.88235E-02 6.00000E-02-2.50000E-02
 -1       695 1.17647E-01 6.00000E-02-2.50000E-02
 -1       696 1.76471E-01 6.00000E-02-2.50000E-02
 -1       697 2.35294E-01 6.00000E-02-2.50000E-02
 -1       698 2.94118E-01 6.00000E-02-2.50000E-02
 -1       699 3.52941E-01 6.00000E-02-2.50000E-02
 -1       700 4.11765E-01 6.00000E-02-2.50000E-02
 -1       701 4.70588E-01 6.00000E-02-2.50000E-02
 -1       702 5.29412E-01 6.00000E-02-2.50000E-02
 -1       703 5.88235E-01 6.00000E-02-2.50000E-02
 -1       704 6.47059E-01 6.00000E-02-2.50000E-02
 -1       705 7.05882E-01 6.00000E-02-2.50000E-02
 -1       706 7.64706E-01 6.00000E-02-2.50000E-02
 -1       707 8.23529E-01 6.00000E-02-2.50000E-02
 -1       708 8.82353E-01 6.00000E-02-2.50000E-02
 -1       709 9.41176E-01 6.00000E-02-2.50000E-02
 -1       710-9.41176E-01-6.00000E-02-3.22199E-17
 -1       711-8.82353E-01-6.00000E-02-2.97454E-17
 -1       712-8.23529E-01-6.00000E-02-3.07403E-17
 -1       713-7.64706E-01-6.00000E-02-2.47963E-17
 -1       714-7.05882E-01-6.00000E-02-2.23218E-17
 -1       715-6.47059E-01-6.00000E-02-1.98473E-17
 -1       716-5.88235E-01-6.00000E-02-2.04085E-17
 -1       717-5.29412E-01-6.00000E-02-1.83677E-17
 -1       718-4.70588E-01-6.00000E-02-1.63268E-17
 -1       719-4.11765E-01-6.00000E-02-1.34186E-17
 -1       720-3.52941E-01-6.00000E-02-1.57146E-17
 -1       721-2.94118E-01-6.00000E-02-1.19390E-17
 -1       722-2.35294E-01-6.00000E-02-8.16340E-18
 -1       723-1.76471E-01-6.00000E-02-6.12255E-18
 -1       724-1.17647E-01-6.00000E-02-4.08170E-18
 -1       725-5.88235E-02-6.00000E-02-2.04085E-18
 -1       726 2.64339E-17-6.00000E-02-4.45737E-30
 -1       727 5.88235E-02-6.00000E-02 2.04085E-18
 -1       728 1.17647E-01-6.00000E-02 4.08170E-18
 -1       729 1.76471E-01-6.00000E-02 6.12255E-18
 -1       730 2.35294E-01-6.00000E-02 8.16340E-18
 -1       731 2.94118E-01-6.00000E-02 1.02043E-17
 -1       732 3.52941E-01-6.00000E-02 8.77566E-18
 -1       733 4.11765E-01-6.00000E-02 1.42860E-17
 -1       734 4.70588E-01-6.00000E-02 1.63268E-17
 -1       735 5.29412E-01-6.00000E-02 1.83677E-17
 -1       736 5.88235E-01-6.00000E-02 2.04085E-17
 -1       737 6.47059E-01-6.00000E-02 2.59188E-17
 -1       738 7.05882E-01-6.00000E-02 2.79597E-17
 -1       739 7.64706E-01-6.00000E-02 3.00005E-17
 -1       740 8.23529E-01-6.00000E-02 2.51025E-17
 -1       741 8.82353E-01-6.00000E-02 3.06128E-17
 -1       742 9.41176E-01-6.00000E-02 3.26536E-17
 -1       743-9.70588E-01-6.00000E-02-3.34572E-17
 -1       744-9.41176E-01-6.00000E-02 2.50000E-02
 -1       745-9.11765E-01-6.00000E-02-3.09827E-17
 -1       746-8.82353E-01-6.00000E-02 2.50000E-02
 -1       747-8.52941E-01-6.00000E-02-3.02429E-17
 -1       748-8.23529E-01-6.00000E-02 2.50000E-02
 -1       749-7.94118E-01-6.00000E-02-2.77683E-17
 -1       750-7.64706E-01-6.00000E-02 2.50000E-02
 -1       751-7.35294E-01-6.00000E-02-2.35591E-17
 -1       752-7.05882E-01-6.00000E-02 2.50000E-02
 -1       753-6.76471E-01-6.00000E-02-2.10845E-17
 -1       754-6.47059E-01-6.00000E-02 2.50000E-02
 -1       755-6.17647E-01-6.00000E-02-2.01279E-17
 -1       756-5.88235E-01-6.00000E-02 2.50000E-02
 -1       757-5.58824E-01-6.00000E-02-1.93881E-17
 -1       758-5.29412E-01-6.00000E-02 2.50000E-02
 -1       759-5.00000E-01-6.00000E-02-1.73472E-17
 -1       760-4.70588E-01-6.00000E-02 2.50000E-02
 -1       761-4.41176E-01-6.00000E-02-1.48727E-17
 -1       762-4.11765E-01-6.00000E-02 2.50000E-02
 -1       763-3.82353E-01-6.00000E-02-1.45666E-17
 -1       764-3.52941E-01-6.00000E-02 2.50000E-02
 -1       765-3.23529E-01-6.00000E-02-1.38268E-17
 -1       766-2.94118E-01-6.00000E-02 2.50000E-02
 -1       767-2.64706E-01-6.00000E-02-1.00512E-17
 -1       768-2.35294E-01-6.00000E-02 2.50000E-02
 -1       769-2.05882E-01-6.00000E-02-7.14298E-18
 -1       770-1.76471E-01-6.00000E-02 2.50000E-02
 -1       771-1.47059E-01-6.00000E-02-5.10213E-18
 -1       772-1.17647E-01-6.00000E-02 2.50000E-02
 -1       773-8.82353E-02-6.00000E-02-3.06128E-18
 -1       774-5.88235E-02-6.00000E-02 2.50000E-02
 -1       775-2.94118E-02-6.00000E-02-1.02043E-18
 -1       776 1.32169E-17-6.00000E-02 2.50000E-02
 -1       777 2.94118E-02-6.00000E-02 1.02043E-18
 -1       778 5.88235E-02-6.00000E-02 2.50000E-02
 -1       779 8.82353E-02-6.00000E-02 3.06128E-18
 -1       780 1.17647E-01-6.00000E-02 2.50000E-02
 -1       781 1.47059E-01-6.00000E-02 5.10213E-18
 -1       782 1.76471E-01-6.00000E-02 2.50000E-02
 -1       783 2.05882E-01-6.00000E-02 7.14298E-18
 -1       784 2.35294E-01-6.00000E-02 2.50000E-02
 -1       785 2.64706E-01-6.00000E-02 9.18383E-18
 -1       786 2.94118E-01-6.00000E-02 2.50000E-02
 -1       787 3.23529E-01-6.00000E-02 9.48996E-18
 -1       788 3.52941E-01-6.00000E-02 2.50000E-02
 -1       789 3.82353E-01-6.00000E-02 1.15308E-17
 -1       790 4.11765E-01-6.00000E-02 2.50000E-02
 -1       791 4.41176E-01-6.00000E-02 1.53064E-17
 -1       792 4.70588E-01-6.00000E-02 2.50000E-02
 -1       793 5.00000E-01-6.00000E-02 1.73472E-17
 -1       794 5.29412E-01-6.00000E-02 2.50000E-02
 -1       795 5.58824E-01-6.00000E-02 1.93881E-17
 -1       796 5.88235E-01-6.00000E-02 2.50000E-02
 -1       797 6.17647E-01-6.00000E-02 2.31637E-17
 -1       798 6.47059E-01-6.00000E-02 2.50000E-02
 -1       799 6.76471E-01-6.00000E-02 2.69392E-17
 -1       800 7.05882E-01-6.00000E-02 2.50000E-02
 -1       801 7.35294E-01-6.00000E-02 2.89801E-17
 -1       802 7.64706E-01-6.00000E-02 2.50000E-02
 -1       803 7.94118E-01-6.00000E-02 2.75515E-17
 -1       804 8.23529E-01-6.00000E-02 2.50000E-02
 -1       805 8.52941E-01-6.00000E-02 2.78576E-17
 -1       806 8.82353E-01-6.00000E-02 2.50000E-02
 -1       807 9.11765E-01-6.00000E-02 3.16332E-17
 -1       808 9.41176E-01-6.00000E-02 2.50000E-02
 -1       809 9.70588E-01-6.00000E-02 3.36740E-17
 -1       810-9.41176E-01-6.00000E-02-2.50000E-02
 -1       811-8.82353E-01-6.00000E-02-2.50000E-02
 -1       812-8.23529E-01-6.00000E-02-2.50000E-02
 -1       813-7.64706E-01-6.00000E-02-2.50000E-02
 -1       814-7.05882E-01-6.00000E-02-2.50000E-02
 -1       815-6.47059E-01-6.00000E-02-2.50000E-02
 -1       816-5.88235E-01-6.00000E-02-2.50000E-02
 -1       817-5.29412E-01-6.00000E-02-2.50000E-02
 -1       818-4.70588E-01-6.00000E-02-2.50000E-02
 -1       819-4.11765E-01-6.00000E-02-2.50000E-02
 -1       820-3.52941E-01-6.00000E-02-2.50000E-02
 -1       821-2.94118E-01-6.00000E-02-2.50000E-02
 -1       822-2.35294E-01-6.00000E-02-2.50000E-02
 -1       823-1.76471E-01-6.00000E-02-2.50000E-02
 -1       824-1.17647E-01-6.00000E-02-2.50000E-02
 -1       825-5.88235E-02-6.00000E-02-2.50000E-02
 -1       826 1.32169E-17-6.00000E-02-2.50000E-02
 -1       827 5.88235E-02-6.00000E-02-2.50000E-02
 -1       828 1.17647E-01-6.00000E-02-2.50000E-02
 -1       829 1.76471E-01-6.00000E-02-2.50000E-02
 -1       830 2.35294E-01-6.00000E-02-2.50000E-02
 -1       831 2.94118E-01-6.00000E-02-2.50000E-02
 -1       832 3.52941E-01-6.00000E-02-2.50000E-02
 -1       833 4.11765E-01-6.00000E-02-2.50000E-02
 -1       834 4.70588E-01-6.00000E-02-2.50000E-02
 -1       835 5.29412E-01-6.00000E-02-2.50000E-02
 -1       836 5.88235E-01-6.00000E-02-2.50000E-02
 -1       837 6.47059E-01-6.00000E-02-2.50000E-02
 -1       838 7.05882E-01-6.00000E-02-2.50000E-02
 -1       839 7.64706E-01-6.00000E-02-2.50000E-02
 -1       840 8.23529E-01-6.00000E-02-2.50000E-02
 -1       841 8.82353E-01-6.00000E-02-2.50000E-02
 -1       842 9.41176E-01-6.00000E-02-2.50000E-02
 -1       843-9.41176E-01-2.11040E-16-3.40982E-17
 -1       844-8.82353E-01-2.15648E-16-3.17671E-17
 -1       845-8.23529E-01-1.94506E-16-2.25514E-17
 -1       846-7.64706E-01-1.97108E-16-2.88398E-17
 -1       847-7.05882E-01-1.96891E-16-2.68882E-17
 -1       848-6.47059E-01-1.92988E-16-2.55872E-17
 -1       849-5.88235E-01-2.02963E-16-1.99493E-17
 -1       850-5.29412E-01-2.03396E-16-1.60462E-17
 -1       851-4.70588E-01-2.03830E-16-1.17094E-17
 -1       852-4.11765E-01-2.13371E-16-1.17094E-17
 -1       853-3.52941E-01-2.09902E-16-5.20417E-18
 -1       854-2.94118E-01-2.12504E-16-7.80626E-18
 -1       855-2.35294E-01-1.87350E-16-7.80626E-18
 -1       856-1.76471E-01-2.09902E-16-5.20417E-18
 -1       857-1.17647E-01-2.08167E-16-1.73472E-18
 -1       858-5.88235E-02-2.10769E-16-8.67362E-19
 -1       859 0.00000E+00-2.04697E-16 1.73472E-18
 -1       860 5.88235E-02-2.13371E-16 2.60209E-18
 -1       861 1.17647E-01-2.08167E-16 7.80626E-18
 -1       862 1.76471E-01-2.09902E-16 7.80626E-18
 -1       863 2.35294E-01-1.90820E-16 1.21431E-17
 -1       864 2.94118E-01-2.09902E-16 2.08167E-17
 -1       865 3.52941E-01-2.09902E-16 2.08167E-17
 -1       866 4.11765E-01-2.18575E-16 2.25514E-17
 -1       867 4.70588E-01-2.13371E-16 1.90820E-17
 -1       868 5.29412E-01-2.02963E-16 2.60209E-17
 -1       869 5.88235E-01-2.04697E-16 2.60209E-17
 -1       870 6.47059E-01-2.04697E-16 2.77556E-17
 -1       871 7.05882E-01-1.99493E-16 2.77556E-17
 -1       872 7.64706E-01-1.99493E-16 3.46945E-17
 -1       873 8.23529E-01-1.99493E-16 3.29597E-17
 -1       874 8.82353E-01-2.18575E-16 3.64292E-17
 -1       875 9.41176E-01-2.13371E-16 3.98986E-17
 -1       876-9.41176E-01-2.09603E-16-2.50000E-02
 -1       877-9.70588E-01-2.13073E-16-3.43963E-17
 -1       878-9.41176E-01 3.00000E-02-3.35927E-17
 -1       879-9.41176E-01-2.09603E-16 2.50000E-02
 -1       880-8.82353E-01-2.11907E-16-2.50000E-02
 -1       881-9.11765E-01-2.13344E-16-3.29326E-17
 -1       882-8.82353E-01 3.00000E-02-3.16236E-17
 -1       883-8.82353E-01-2.18846E-16 2.50000E-02
 -1       884-8.23529E-01-1.90928E-16-2.50000E-02
 -1       885-8.52941E-01-2.05077E-16-2.71593E-17
 -1       886-8.23529E-01 3.00000E-02-2.44775E-17
 -1       887-8.23529E-01-1.97867E-16 2.50000E-02
 -1       888-7.64706E-01-1.92229E-16-2.50000E-02
 -1       889-7.94118E-01-1.95807E-16-2.56956E-17
 -1       890-7.64706E-01 3.00000E-02-2.85528E-17
 -1       891-7.64706E-01-1.99168E-16 2.50000E-02
 -1       892-7.05882E-01-1.92121E-16-2.50000E-02
 -1       893-7.35294E-01-1.97000E-16-2.78640E-17
 -1       894-7.05882E-01 3.00000E-02-2.67734E-17
 -1       895-7.05882E-01-1.99060E-16 2.50000E-02
 -1       896-6.47059E-01-1.90169E-16-2.50000E-02
 -1       897-6.76471E-01-1.94940E-16-2.62377E-17
 -1       898-6.47059E-01 3.00000E-02-2.53193E-17
 -1       899-6.47059E-01-1.97108E-16 2.50000E-02
 -1       900-5.88235E-01-2.05565E-16-2.50000E-02
 -1       901-6.17647E-01-1.97975E-16-2.27682E-17
 -1       902-5.88235E-01 3.00000E-02-2.01789E-17
 -1       903-5.88235E-01-1.98626E-16 2.50000E-02
 -1       904-5.29412E-01-2.05782E-16-2.50000E-02
 -1       905-5.58824E-01-2.03179E-16-1.79978E-17
 -1       906-5.29412E-01 3.00000E-02-1.72069E-17
 -1       907-5.29412E-01-1.98843E-16 2.50000E-02
 -1       908-4.70588E-01-1.99060E-16-2.50000E-02
 -1       909-5.00000E-01-2.03613E-16-1.38778E-17
 -1       910-4.70588E-01 3.00000E-02-1.40181E-17
 -1       911-4.70588E-01-2.09468E-16 2.50000E-02
 -1       912-4.11765E-01-2.10769E-16-2.50000E-02
 -1       913-4.41176E-01-2.08600E-16-1.17094E-17
 -1       914-4.11765E-01 3.00000E-02-1.34314E-17
 -1       915-4.11765E-01-2.14238E-16 2.50000E-02
 -1       916-3.52941E-01-2.09034E-16-2.50000E-02
 -1       917-3.82353E-01-2.11636E-16-8.45678E-18
 -1       918-3.52941E-01 3.00000E-02-6.98992E-18
 -1       919-3.52941E-01-2.09034E-16 2.50000E-02
 -1       920-2.94118E-01-2.10335E-16-2.50000E-02
 -1       921-3.23529E-01-2.11203E-16-6.50521E-18
 -1       922-2.94118E-01 3.00000E-02-8.13789E-18
 -1       923-2.94118E-01-2.10335E-16 2.50000E-02
 -1       924-2.35294E-01-1.90820E-16-2.50000E-02
 -1       925-2.64706E-01-1.99927E-16-7.80626E-18
 -1       926-2.35294E-01 3.00000E-02-7.98483E-18
 -1       927-2.35294E-01-1.83881E-16 2.50000E-02
 -1       928-1.76471E-01-2.05565E-16-2.50000E-02
 -1       929-2.05882E-01-1.98626E-16-6.50521E-18
 -1       930-1.76471E-01 3.00000E-02-5.66336E-18
 -1       931-1.76471E-01-2.12504E-16 2.50000E-02
 -1       932-1.17647E-01-2.04697E-16-2.50000E-02
 -1       933-1.47059E-01-2.09034E-16-3.46945E-18
 -1       934-1.17647E-01 3.00000E-02-2.90821E-18
 -1       935-1.17647E-01-2.11636E-16 2.50000E-02
 -1       936-5.88235E-02-2.05998E-16-2.50000E-02
 -1       937-8.82353E-02-2.09468E-16-1.30104E-18
 -1       938-5.88235E-02 3.00000E-02-1.45411E-18
 -1       939-5.88235E-02-2.12937E-16 2.50000E-02
 -1       940 0.00000E+00-2.02963E-16-2.50000E-02
 -1       941-2.94118E-02-2.07733E-16 4.33681E-19
 -1       942 1.32169E-17 3.00000E-02 8.67362E-19
 -1       943 0.00000E+00-2.02963E-16 2.50000E-02
 -1       944 5.88235E-02-2.14238E-16-2.50000E-02
 -1       945 2.94118E-02-2.09034E-16 2.16840E-18
 -1       946 5.88235E-02 3.00000E-02 2.32147E-18
 -1       947 5.88235E-02-2.07299E-16 2.50000E-02
 -1       948 1.17647E-01-2.11636E-16-2.50000E-02
 -1       949 8.82353E-02-2.10769E-16 5.20417E-18
 -1       950 1.17647E-01 3.00000E-02 5.94398E-18
 -1       951 1.17647E-01-2.04697E-16 2.50000E-02
 -1       952 1.76471E-01-2.12504E-16-2.50000E-02
 -1       953 1.47059E-01-2.09034E-16 7.80626E-18
 -1       954 1.76471E-01 3.00000E-02 6.96440E-18
 -1       955 1.76471E-01-2.05565E-16 2.50000E-02
 -1       956 2.35294E-01-1.85615E-16-2.50000E-02
 -1       957 2.05882E-01-2.00361E-16 9.97466E-18
 -1       958 2.35294E-01 3.00000E-02 1.01532E-17
 -1       959 2.35294E-01-1.92554E-16 2.50000E-02
 -1       960 2.94118E-01-2.09034E-16-2.50000E-02
 -1       961 2.64706E-01-2.00361E-16 1.64799E-17
 -1       962 2.94118E-01 3.00000E-02 1.55105E-17
 -1       963 2.94118E-01-2.09034E-16 2.50000E-02
 -1       964 3.52941E-01-2.09034E-16-2.50000E-02
 -1       965 3.23529E-01-2.09902E-16 2.08167E-17
 -1       966 3.52941E-01 3.00000E-02 1.82656E-17
 -1       967 3.52941E-01-2.09034E-16 2.50000E-02
 -1       968 4.11765E-01-2.16840E-16-2.50000E-02
 -1       969 3.82353E-01-2.14238E-16 2.16840E-17
 -1       970 4.11765E-01 3.00000E-02 1.84187E-17
 -1       971 4.11765E-01-2.13371E-16 2.50000E-02
 -1       972 4.70588E-01-2.14238E-16-2.50000E-02
 -1       973 4.41176E-01-2.15973E-16 2.08167E-17
 -1       974 4.70588E-01 3.00000E-02 1.77044E-17
 -1       975 4.70588E-01-2.03830E-16 2.50000E-02
 -1       976 5.29412E-01-1.98626E-16-2.50000E-02
 -1       977 5.00000E-01-2.08167E-16 2.25514E-17
 -1       978 5.29412E-01 3.00000E-02 2.21943E-17
 -1       979 5.29412E-01-2.05565E-16 2.50000E-02
 -1       980 5.88235E-01-1.99493E-16-2.50000E-02
 -1       981 5.58824E-01-2.03830E-16 2.60209E-17
 -1       982 5.88235E-01 3.00000E-02 2.32147E-17
 -1       983 5.88235E-01-2.06432E-16 2.50000E-02
 -1       984 6.47059E-01-2.02963E-16-2.50000E-02
 -1       985 6.17647E-01-2.04697E-16 2.68882E-17
 -1       986 6.47059E-01 3.00000E-02 2.33677E-17
 -1       987 6.47059E-01-1.96024E-16 2.50000E-02
 -1       988 7.05882E-01-2.00361E-16-2.50000E-02
 -1       989 6.76471E-01-2.02095E-16 2.77556E-17
 -1       990 7.05882E-01 3.00000E-02 2.43882E-17
 -1       991 7.05882E-01-1.93422E-16 2.50000E-02
 -1       992 7.64706E-01-2.00361E-16-2.50000E-02
 -1       993 7.35294E-01-1.99493E-16 3.12250E-17
 -1       994 7.64706E-01 3.00000E-02 2.88780E-17
 -1       995 7.64706E-01-1.93422E-16 2.50000E-02
 -1       996 8.23529E-01-2.00361E-16-2.50000E-02
 -1       997 7.94118E-01-1.99493E-16 3.38271E-17
 -1       998 8.23529E-01 3.00000E-02 3.25006E-17
 -1       999 8.23529E-01-1.93422E-16 2.50000E-02
 -1      1000 8.82353E-01-2.20310E-16-2.50000E-02
 -1      1001 8.52941E-01-2.09034E-16 3.46945E-17
 -1      1002 8.82353E-01 3.00000E-02 3.35210E-17
 -1      1003 8.82353E-01-2.13371E-16 2.50000E-02
 -1      1004 9.41176E-01-2.10769E-16-2.50000E-02
 -1      1005 9.11765E-01-2.15973E-16 3.81639E-17
 -1      1006 9.41176E-01 3.00000E-02 3.62761E-17
 -1      1007 9.41176E-01-2.10769E-16 2.50000E-02
 -1      1008 9.70588E-01-2.03830E-16 4.07660E-17
 -1      1009-9.41176E-01-3.00000E-02-3.31590E-17
 -1      1010-8.82353E-01-3.00000E-02-3.07563E-17
 -1      1011-8.23529E-01-3.00000E-02-2.66459E-17
 -1      1012-7.64706E-01-3.00000E-02-2.68181E-17
 -1      1013-7.05882E-01-3.00000E-02-2.46050E-17
 -1      1014-6.47059E-01-3.00000E-02-2.27172E-17
 -1      1015-5.88235E-01-3.00000E-02-2.01789E-17
 -1      1016-5.29412E-01-3.00000E-02-1.72069E-17
 -1      1017-4.70588E-01-3.00000E-02-1.40181E-17
 -1      1018-4.11765E-01-3.00000E-02-1.25640E-17
 -1      1019-3.52941E-01-3.00000E-02-1.04594E-17
 -1      1020-2.94118E-01-3.00000E-02-9.87262E-18
 -1      1021-2.35294E-01-3.00000E-02-7.98483E-18
 -1      1022-1.76471E-01-3.00000E-02-5.66336E-18
 -1      1023-1.17647E-01-3.00000E-02-2.90821E-18
 -1      1024-5.88235E-02-3.00000E-02-1.45411E-18
 -1      1025 1.32169E-17-3.00000E-02 8.67362E-19
 -1      1026 5.88235E-02-3.00000E-02 2.32147E-18
 -1      1027 1.17647E-01-3.00000E-02 5.94398E-18
 -1      1028 1.76471E-01-3.00000E-02 6.96440E-18
 -1      1029 2.35294E-01-3.00000E-02 1.01532E-17
 -1      1030 2.94118E-01-3.00000E-02 1.55105E-17
 -1      1031 3.52941E-01-3.00000E-02 1.47962E-17
 -1      1032 4.11765E-01-3.00000E-02 1.84187E-17
 -1      1033 4.70588E-01-3.00000E-02 1.77044E-17
 -1      1034 5.29412E-01-3.00000E-02 2.21943E-17
 -1      1035 5.88235E-01-3.00000E-02 2.32147E-17
 -1      1036 6.47059E-01-3.00000E-02 2.68372E-17
 -1      1037 7.05882E-01-3.00000E-02 2.78576E-17
 -1      1038 7.64706E-01-3.00000E-02 3.23475E-17
 -1      1039 8.23529E-01-3.00000E-02 2.90311E-17
 -1      1040 8.82353E-01-3.00000E-02 3.35210E-17
 -1      1041 9.41176E-01-3.00000E-02 3.62761E-17
 -3
    3C                           136                                     1
 -1         1    4    0    1
 -2         1         9       301        82       298       572       843       577        10       335
 -2       334       115       300       575       876       677       573       877       878       611
 -1         2    4    0    1
 -2       298       572       843       577         8       225       471       260       573       877
 -2       878       611       299       574       879       610       226       538       536       294
 -1         3    4    0    1
 -2        82       301       302        83       577       843       844       578       334       337
 -2       336       116       677       876       880       678       878       881       882       613
 -1         4    4    0    1
 -2       577       843       844       578       260       471       470       259       878       881
 -2       882       613       610       879       883       612       536       537       534       293
 -1         5    4    0    1
 -2        83       302       303        84       578       844       845       579       336       339
 -2       338       117       678       880       884       679       882       885       886       615
 -1         6    4    0    1
 -2       578       844       845       579       259       470       469       258       882       885
 -2       886       615       612       883       887       614       534       535       532       292
 -1         7    4    0    1
 -2        84       303       304        85       579       845       846       580       338       341
 -2       340       118       679       884       888       680       886       889       890       617
 -1         8    4    0    1
 -2       579       845       846       580       258       469       468       257       886       889
 -2       890       617       614       887       891       616       532       533       530       291
 -1         9    4    0    1
 -2        85       304       305        86       580       846       847       581       340       343
 -2       342       119       680       888       892       681       890       893       894       619
 -1        10    4    0    1
 -2       580       846       847       581       257       468       467       256       890       893
 -2       894       619       616       891       895       618       530       531       528       290
 -1        11    4    0    1
 -2        86       305       306        87       581       847       848       582       342       345
 -2       344       120       681       892       896       682       894       897       898       621
 -1        12    4    0    1
 -2       581       847       848       582       256       467       466       255       894       897
 -2       898       621       618       895       899       620       528       529       526       289
 -1        13    4    0    1
 -2        87       306       307        88       582       848       849       583       344       347
 -2       346       121       682       896       900       683       898       901       902       623
 -1        14    4    0    1
 -2       582       848       849       583       255       466       465       254       898       901
 -2       902       623       620       899       903       622       526       527       524       288
 -1        15    4    0    1
 -2        88       307       308        89       583       849       850       584       346       349
 -2       348       122       683       900       904       684       902       905       906       625
 -1        16    4    0    1
 -2       583       849       850       584       254       465       464       253       902       905
 -2       906       625       622       903       907       624       524       525       522       287
 -1        17    4    0    1
 -2        89       308       309        90       584       850       851       585       348       351
 -2       350       123       684       904       908       685       906       909       910       627
 -1        18    4    0    1
 -2       584       850       851       585       253       464       463       252       906       909
 -2       910       627       624       907       911       626       522       523       520       286
 -1        19    4    0    1
 -2        90       309       310        91       585       851       852       586       350       353
 -2       352       124       685       908       912       686       910       913       914       629
 -1        20    4    0    1
 -2       585       851       852       586       252       463       462       251       910       913
 -2       914       629       626       911       915       628       520       521       518       285
 -1        21    4    0    1
 -2        91       310       311        92       586       852       853       587       352       355
 -2       354       125       686       912       916       687       914       917       918       631
 -1        22    4    0    1
 -2       586       852       853       587       251       462       461       250       914       917
 -2       918       631       628       915       919       630       518       519       516       284
 -1        23    4    0    1
 -2        92       311       312        93       587       853       854       588       354       357
 -2       356       126       687       916       920       688       918       921       922       633
 -1        24    4    0    1
 -2       587       853       854       588       250       461       460       249       918       921
 -2       922       633       630       919       923       632       516       517       514       283
 -1        25    4    0    1
 -2        93       312       313        94       588       854       855       589       356       359
 -2       358       127       688       920       924       689       922       925       926       635
 -1        26    4    0    1
 -2       588       854       855       589       249       460       459       248       922       925
 -2       926       635       632       923       927       634       514       515       512       282
 -1        27    4    0    1
 -2        94       313       314        95       589       855       856       590       358       361
 -2       360       128       689       924       928       690       926       929       930       637
 -1        28    4    0    1
 -2       589       855       856       590       248       459       458       247       926       929
 -2       930       637       634       927       931       636       512       513       510       281
 -1        29    4    0    1
 -2        95       314       315        96       590       856       857       591       360       363
 -2       362       129       690       928       932       691       930       933       934       639
 -1        30    4    0    1
 -2       590       856       857       591       247       458       457       246       930       933
 -2       934       639       636       931       935       638       510       511       508       280
 -1        31    4    0    1
 -2        96       315       316        97       591       857       858       592       362       365
 -2       364       130       691       932       936       692       934       937       938       641
 -1        32    4    0    1
 -2       591       857       858       592       246       457       456       245       934       937
 -2       938       641       638       935       939       640       508       509       506       279
 -1        33    4    0    1
 -2        97       316       317        98       592       858       859       593       364       367
 -2       366       131       692       936       940       693       938       941       942       643
 -1        34    4    0    1
 -2       592       858       859       593       245       456       455       244       938       941
 -2       942       643       640       939       943       642       506       507       504       278
 -1        35    4    0    1
 -2        98       317       318        99       593       859       860       594       366       369
 -2       368       132       693       940       944       694       942       945       946       645
 -1        36    4    0    1
 -2       593       859       860       594       244       455       454       243       942       945
 -2       946       645       642       943       947       644       504       505       502       277
 -1        37    4    0    1
 -2        99       318       319       100       594       860       861       595       368       371
 -2       370       133       694       944       948       695       946       949       950       647
 -1        38    4    0    1
 -2       594       860       861       595       243       454       453       242       946       949
 -2       950       647       644       947       951       646       502       503       500       276
 -1        39    4    0    1
 -2       100       319       320       101       595       861       862       596       370       373
 -2       372       134       695       948       952       696       950       953       954       649
 -1        40    4    0    1
 -2       595       861       862       596       242       453       452       241       950       953
 -2       954       649       646       951       955       648       500       501       498       275
 -1        41    4    0    1
 -2       101       320       321       102       596       862       863       597       372       375
 -2       374       135       696       952       956       697       954       957       958       651
 -1        42    4    0    1
 -2       596       862       863       597       241       452       451       240       954       957
 -2       958       651       648       955       959       650       498       499       496       274
 -1        43    4    0    1
 -2       102       321       322       103       597       863       864       598       374       377
 -2       376       136       697       956       960       698       958       961       962       653
 -1        44    4    0    1
 -2       597       863       864       598       240       451       450       239       958       961
 -2       962       653       650       959       963       652       496       497       494       273
 -1        45    4    0    1
 -2       103       322       323       104       598       864       865       599       376       379
 -2       378       137       698       960       964       699       962       965       966       655
 -1        46    4    0    1
 -2       598       864       865       599       239       450       449       238       962       965
 -2       966       655       652       963       967       654       494       495       492       272
 -1        47    4    0    1
 -2       104       323       324       105       599       865       866       600       378       381
 -2       380       138       699       964       968       700       966       969       970       657
 -1        48    4    0    1
 -2       599       865       866       600       238       449       448       237       966       969
 -2       970       657       654       967       971       656       492       493       490       271
 -1        49    4    0    1
 -2       105       324       325       106       600       866       867       601       380       383
 -2       382       139       700       968       972       701       970       973       974       659
 -1        50    4    0    1
 -2       600       866       867       601       237       448       447       236       970       973
 -2       974       659       656       971       975       658       490       491       488       270
 -1        51    4    0    1
 -2       106       325       326       107       601       867       868       602       382       385
 -2       384       140       701       972       976       702       974       977       978       661
 -1        52    4    0    1
 -2       601       867       868       602       236       447       446       235       974       977
 -2       978       661       658       975       979       660       488       489       486       269
 -1        53    4    0    1
 -2       107       326       327       108       602       868       869       603       384       387
 -2       386       141       702       976       980       703       978       981       982       663
 -1        54    4    0    1
 -2       602       868       869       603       235       446       445       234       978       981
 -2       982       663       660       979       983       662       486       487       484       268
 -1        55    4    0    1
 -2       108       327       328       109       603       869       870       604       386       389
 -2       388       142       703       980       984       704       982       985       986       665
 -1        56    4    0    1
 -2       603       869       870       604       234       445       444       233       982       985
 -2       986       665       662       983       987       664       484       485       482       267
 -1        57    4    0    1
 -2       109       328       329       110       604       870       871       605       388       391
 -2       390       143       704       984       988       705       986       989       990       667
 -1        58    4    0    1
 -2       604       870       871       605       233       444       443       232       986       989
 -2       990       667       664       987       991       666       482       483       480       266
 -1        59    4    0    1
 -2       110       329       330       111       605       871       872       606       390       393
 -2       392       144       705       988       992       706       990       993       994       669
 -1        60    4    0    1
 -2       605       871       872       606       232       443       442       231       990       993
 -2       994       669       666       991       995       668       480       481       478       265
 -1        61    4    0    1
 -2       111       330       331       112       606       872       873       607       392       395
 -2       394       145       706       992       996       707       994       997       998       671
 -1        62    4    0    1
 -2       606       872       873       607       231       442       441       230       994       997
 -2       998       671       668       995       999       670       478       479       476       264
 -1        63    4    0    1
 -2       112       331       332       113       607       873       874       608       394       397
 -2       396       146       707       996      1000       708       998      1001      1002       673
 -1        64    4    0    1
 -2       607       873       874       608       230       441       440       229       998      1001
 -2      1002       673       670       999      1003       672       476       477       474       263
 -1        65    4    0    1
 -2       113       332       333       114       608       874       875       609       396       399
 -2       398       147       708      1000      1004       709      1002      1005      1006       675
 -1        66    4    0    1
 -2       608       874       875       609       229       440       439       228      1002      1005
 -2      1006       675       672      1003      1007       674       474       475       472       262
 -1        67    4    0    1
 -2       114       333        79         4       609       875       434       155       398       400
 -2        80       148       709      1004       436       156      1006      1008       435       676
 -1        68    4    0    1
 -2       609       875       434       155       228       439       152         6      1006      1008
 -2       435       676       674      1007       437       157       472       473       153       261
 -1        69    4    0    1
 -2         9         2        12       301       572       295       710       843        11        45
 -2       401       335       575       297       810       876       576       743      1009       877
 -1        70    4    0    1
 -2       572       295       710       843       225         7       190       471       576       743
 -2      1009       877       574       296       744       879       227       224       571       538
 -1        71    4    0    1
 -2       301        12        13       302       843       710       711       844       401        46
 -2       402       337       876       810       811       880      1009       745      1010       881
 -1        72    4    0    1
 -2       843       710       711       844       471       190       189       470      1009       745
 -2      1010       881       879       744       746       883       571       223       570       537
 -1        73    4    0    1
 -2       302        13        14       303       844       711       712       845       402        47
 -2       403       339       880       811       812       884      1010       747      1011       885
 -1        74    4    0    1
 -2       844       711       712       845       470       189       188       469      1010       747
 -2      1011       885       883       746       748       887       570       222       569       535
 -1        75    4    0    1
 -2       303        14        15       304       845       712       713       846       403        48
 -2       404       341       884       812       813       888      1011       749      1012       889
 -1        76    4    0    1
 -2       845       712       713       846       469       188       187       468      1011       749
 -2      1012       889       887       748       750       891       569       221       568       533
 -1        77    4    0    1
 -2       304        15        16       305       846       713       714       847       404        49
 -2       405       343       888       813       814       892      1012       751      1013       893
 -1        78    4    0    1
 -2       846       713       714       847       468       187       186       467      1012       751
 -2      1013       893       891       750       752       895       568       220       567       531
 -1        79    4    0    1
 -2       305        16        17       306       847       714       715       848       405        50
 -2       406       345       892       814       815       896      1013       753      1014       897
 -1        80    4    0    1
 -2       847       714       715       848       467       186       185       466      1013       753
 -2      1014       897       895       752       754       899       567       219       566       529
 -1        81    4    0    1
 -2       306        17        18       307       848       715       716       849       406        51
 -2       407       347       896       815       816       900      1014       755      1015       901
 -1        82    4    0    1
 -2       848       715       716       849       466       185       184       465      1014       755
 -2      1015       901       899       754       756       903       566       218       565       527
 -1        83    4    0    1
 -2       307        18        19       308       849       716       717       850       407        52
 -2       408       349       900       816       817       904      1015       757      1016       905
 -1        84    4    0    1
 -2       849       716       717       850       465       184       183       464      1015       757
 -2      1016       905       903       756       758       907       565       217       564       525
 -1        85    4    0    1
 -2       308        19        20       309       850       717       718       851       408        53
 -2       409       351       904       817       818       908      1016       759      1017       909
 -1        86    4    0    1
 -2       850       717       718       851       464       183       182       463      1016       759
 -2      1017       909       907       758       760       911       564       216       563       523
 -1        87    4    0    1
 -2       309        20        21       310       851       718       719       852       409        54
 -2       410       353       908       818       819       912      1017       761      1018       913
 -1        88    4    0    1
 -2       851       718       719       852       463       182       181       462      1017       761
 -2      1018       913       911       760       762       915       563       215       562       521
 -1        89    4    0    1
 -2       310        21        22       311       852       719       720       853       410        55
 -2       411       355       912       819       820       916      1018       763      1019       917
 -1        90    4    0    1
 -2       852       719       720       853       462       181       180       461      1018       763
 -2      1019       917       915       762       764       919       562       214       561       519
 -1        91    4    0    1
 -2       311        22        23       312       853       720       721       854       411        56
 -2       412       357       916       820       821       920      1019       765      1020       921
 -1        92    4    0    1
 -2       853       720       721       854       461       180       179       460      1019       765
 -2      1020       921       919       764       766       923       561       213       560       517
 -1        93    4    0    1
 -2       312        23        24       313       854       721       722       855       412        57
 -2       413       359       920       821       822       924      1020       767      1021       925
 -1        94    4    0    1
 -2       854       721       722       855       460       179       178       459      1020       767
 -2      1021       925       923       766       768       927       560       212       559       515
 -1        95    4    0    1
 -2       313        24        25       314       855       722       723       856       413        58
 -2       414       361       924       822       823       928      1021       769      1022       929
 -1        96    4    0    1
 -2       855       722       723       856       459       178       177       458      1021       769
 -2      1022       929       927       768       770       931       559       211       558       513
 -1        97    4    0    1
 -2       314        25        26       315       856       723       724       857       414        59
 -2       415       363       928       823       824       932      1022       771      1023       933
 -1        98    4    0    1
 -2       856       723       724       857       458       177       176       457      1022       771
 -2      1023       933       931       770       772       935       558       210       557       511
 -1        99    4    0    1
 -2       315        26        27       316       857       724       725       858       415        60
 -2       416       365       932       824       825       936      1023       773      1024       937
 -1       100    4    0    1
 -2       857       724       725       858       457       176       175       456      1023       773
 -2      1024       937       935       772       774       939       557       209       556       509
 -1       101    4    0    1
 -2       316        27        28       317       858       725       726       859       416        61
 -2       417       367       936       825       826       940      1024       775      1025       941
 -1       102    4    0    1
 -2       858       725       726       859       456       175       174       455      1024       775
 -2      1025       941       939       774       776       943       556       208       555       507
 -1       103    4    0    1
 -2       317        28        29       318       859       726       727       860       417        62
 -2       418       369       940       826       827       944      1025       777      1026       945
 -1       104    4    0    1
 -2       859       726       727       860       455       174       173       454      1025       777
 -2      1026       945       943       776       778       947       555       207       554       505
 -1       105    4    0    1
 -2       318        29        30       319       860       727       728       861       418        63
 -2       419       371       944       827       828       948      1026       779      1027       949
 -1       106    4    0    1
 -2       860       727       728       861       454       173       172       453      1026       779
 -2      1027       949       947       778       780       951       554       206       553       503
 -1       107    4    0    1
 -2       319        30        31       320       861       728       729       862       419        64
 -2       420       373       948       828       829       952      1027       781      1028       953
 -1       108    4    0    1
 -2       861       728       729       862       453       172       171       452      1027       781
 -2      1028       953       951       780       782       955       553       205       552       501
 -1       109    4    0    1
 -2       320        31        32       321       862       729       730       863       420        65
 -2       421       375       952       829       830       956      1028       783      1029       957
 -1       110    4    0    1
 -2       862       729       730       863       452       171       170       451      1028       783
 -2      1029       957       955       782       784       959       552       204       551       499
 -1       111    4    0    1
 -2       321        32        33       322       863       730       731       864       421        66
 -2       422       377       956       830       831       960      1029       785      1030       961
 -1       112    4    0    1
 -2       863       730       731       864       451       170       169       450      1029       785
 -2      1030       961       959       784       786       963       551       203       550       497
 -1       113    4    0    1
 -2       322        33        34       323       864       731       732       865       422        67
 -2       423       379       960       831       832       964      1030       787      1031       965
 -1       114    4    0    1
 -2       864       731       732       865       450       169       168       449      1030       787
 -2      1031       965       963       786       788       967       550       202       549       495
 -1       115    4    0    1
 -2       323        34        35       324       865       732       733       866       423        68
 -2       424       381       964       832       833       968      1031       789      1032       969
 -1       116    4    0    1
 -2       865       732       733       866       449       168       167       448      1031       789
 -2      1032       969       967       788       790       971       549       201       548       493
 -1       117    4    0    1
 -2       324        35        36       325       866       733       734       867       424        69
 -2       425       383       968       833       834       972      1032       791      1033       973
 -1       118    4    0    1
 -2       866       733       734       867       448       167       166       447      1032       791
 -2      1033       973       971       790       792       975       548       200       547       491
 -1       119    4    0    1
 -2       325        36        37       326       867       734       735       868       425        70
 -2       426       385       972       834       835       976      1033       793      1034       977
 -1       120    4    0    1
 -2       867       734       735       868       447       166       165       446      1033       793
 -2      1034       977       975       792       794       979       547       199       546       489
 -1       121    4    0    1
 -2       326        37        38       327       868       735       736       869       426        71
 -2       427       387       976       835       836       980      1034       795      1035       981
 -1       122    4    0    1
 -2       868       735       736       869       446       165       164       445      1034       795
 -2      1035       981       979       794       796       983       546       198       545       487
 -1       123    4    0    1
 -2       327        38        39       328       869       736       737       870       427        72
 -2       428       389       980       836       837       984      1035       797      1036       985
 -1       124    4    0    1
 -2       869       736       737       870       445       164       163       444      1035       797
 -2      1036       985       983       796       798       987       545       197       544       485
 -1       125    4    0    1
 -2       328        39        40       329       870       737       738       871       428        73
 -2       429       391       984       837       838       988      1036       799      1037       989
 -1       126    4    0    1
 -2       870       737       738       871       444       163       162       443      1036       799
 -2      1037       989       987       798       800       991       544       196       543       483
 -1       127    4    0    1
 -2       329        40        41       330       871       738       739       872       429        74
 -2       430       393       988       838       839       992      1037       801      1038       993
 -1       128    4    0    1
 -2       871       738       739       872       443       162       161       442      1037       801
 -2      1038       993       991       800       802       995       543       195       542       481
 -1       129    4    0    1
 -2       330        41        42       331       872       739       740       873       430        75
 -2       431       395       992       839       840       996      1038       803      1039       997
 -1       130    4    0    1
 -2       872       739       740       873       442       161       160       441      1038       803
 -2      1039       997       995       802       804       999       542       194       541       479
 -1       131    4    0    1
 -2       331        42        43       332       873       740       741       874       431        76
 -2       432       397       996       840       841      1000      1039       805      1040      1001
 -1       132    4    0    1
 -2       873       740       741       874       441       160       159       440      1039       805
 -2      1040      1001       999       804       806      1003       541       193       540       477
 -1       133    4    0    1
 -2       332        43        44       333       874       741       742       875       432        77
 -2       433       399      1000       841       842      1004      1040       807      1041      1005
 -1       134    4    0    1
 -2       874       741       742       875       440       159       158       439      1040       807
 -2      1041      1005      1003       806       808      1007       540       192       539       475
 -1       135    4    0    1
 -2       333        44         3        79       875       742       149       434       433        78
 -2        81       400      1004       842       150       436      1041       809       438      1008
 -1       136    4    0    1
 -2       875       742       149       434       439       158         5       152      1041       809
 -2       438      1008      1007       808       151       437       539       191       154       473
 -3
    1PSTEP                         1           1           1          
  100CL  101 1.000000000        1041                     0    1           1
 -4  DISP        4    1
 -5  D1          1    2    1    0
 -5  D2          1    2    2    0
 -5  D3          1    2    3    0
 -5  ALL         1    2    0    0    1ALL
 -1         1 0.00000E+00 0.00000E+00 0.00000E+00
 -1         2 0.00000E+00 0.00000E+00 0.00000E+00
 -1         3-3.98164E-05-8.79926E-04-7.34904E-06
 -1         4 3.93119E-05-8.79926E-04-7.34845E-06
 -1         5-3.93120E-05-8.79927E-04-7.34979E-06
 -1         6 3.98163E-05-8.79927E-04-7.34768E-06
 -1         7 0.00000E+00 0.00000E+00 0.00000E+00
 -1         8 0.00000E+00 0.00000E+00 0.00000E+00
 -1         9 0.00000E+00 0.00000E+00 0.00000E+00
 -1        10 0.00000E+00 0.00000E+00 0.00000E+00
 -1        11 0.00000E+00 0.00000E+00 0.00000E+00
 -1        12-2.21672E-06-1.17245E-06-5.24904E-07
 -1        13-4.45022E-06-4.46038E-06-5.65448E-07
 -1        14-6.62422E-06-9.91570E-06-6.00355E-07
 -1        15-8.73573E-06-1.74505E-05-6.56388E-07
 -1        16-1.07762E-05-2.70063E-05-7.30751E-07
 -1        17-1.27477E-05-3.85135E-05-8.23144E-07
 -1        18-1.46496E-05-5.19054E-05-9.32507E-07
 -1        19-1.64823E-05-6.71145E-05-1.05805E-06
 -1        20-1.82455E-05-8.40735E-05-1.19889E-06
 -1        21-1.99393E-05-1.02715E-04-1.35414E-06
 -1        22-2.15637E-05-1.22972E-04-1.52291E-06
 -1        23-2.31188E-05-1.44777E-04-1.70429E-06
 -1        24-2.46045E-05-1.68063E-04-1.89745E-06
 -1        25-2.60208E-05-1.92762E-04-2.10156E-06
 -1        26-2.73677E-05-2.18807E-04-2.31576E-06
 -1        27-2.86453E-05-2.46131E-04-2.53924E-06
 -1        28-2.98536E-05-2.74667E-04-2.77114E-06
 -1        29-3.09925E-05-3.04346E-04-3.01068E-06
 -1        30-3.20621E-05-3.35103E-04-3.25704E-06
 -1        31-3.30625E-05-3.66870E-04-3.50945E-06
 -1        32-3.39936E-05-3.99578E-04-3.76729E-06
 -1        33-3.48555E-05-4.33162E-04-4.02986E-06
 -1        34-3.56482E-05-4.67553E-04-4.29643E-06
 -1        35-3.63717E-05-5.02685E-04-4.56634E-06
 -1        36-3.70261E-05-5.38490E-04-4.83907E-06
 -1        37-3.76115E-05-5.74900E-04-5.11410E-06
 -1        38-3.81277E-05-6.11849E-04-5.39095E-06
 -1        39-3.85750E-05-6.49270E-04-5.66910E-06
 -1        40-3.89533E-05-6.87094E-04-5.94827E-06
 -1        41-3.92627E-05-7.25255E-04-6.22811E-06
 -1        42-3.95033E-05-7.63684E-04-6.50831E-06
 -1        43-3.96751E-05-8.02316E-04-6.78866E-06
 -1        44-3.97783E-05-8.41083E-04-7.06935E-06
 -1        45-1.08689E-06-3.85252E-07-4.47682E-07
 -1        46-3.34239E-06-2.54591E-06-5.52140E-07
 -1        47-5.54357E-06-6.92430E-06-5.80432E-07
 -1        48-7.68892E-06-1.34263E-05-6.25911E-07
 -1        49-9.76442E-06-2.19803E-05-6.91304E-07
 -1        50-1.17705E-05-3.25201E-05-7.74756E-07
 -1        51-1.37072E-05-4.49781E-05-8.75751E-07
 -1        52-1.55745E-05-5.92870E-05-9.93313E-07
 -1        53-1.73724E-05-7.53794E-05-1.12662E-06
 -1        54-1.91009E-05-9.31881E-05-1.27476E-06
 -1        55-2.07601E-05-1.12646E-04-1.43689E-06
 -1        56-2.23498E-05-1.33685E-04-1.61207E-06
 -1        57-2.38702E-05-1.56239E-04-1.79946E-06
 -1        58-2.53212E-05-1.80240E-04-1.99820E-06
 -1        59-2.67028E-05-2.05620E-04-2.20745E-06
 -1        60-2.80150E-05-2.32313E-04-2.42640E-06
 -1        61-2.92580E-05-2.60252E-04-2.65419E-06
 -1        62-3.04316E-05-2.89368E-04-2.89000E-06
 -1        63-3.15359E-05-3.19594E-04-3.13304E-06
 -1        64-3.25709E-05-3.50864E-04-3.38253E-06
 -1        65-3.35366E-05-3.83110E-04-3.63774E-06
 -1        66-3.44331E-05-4.16265E-04-3.89804E-06
 -1        67-3.52603E-05-4.50261E-04-4.16269E-06
 -1        68-3.60184E-05-4.85031E-04-4.43100E-06
 -1        69-3.67074E-05-5.20507E-04-4.70238E-06
 -1        70-3.73273E-05-5.56624E-04-4.97632E-06
 -1        71-3.78781E-05-5.93312E-04-5.25233E-06
 -1        72-3.83598E-05-6.30505E-04-5.52988E-06
 -1        73-3.87726E-05-6.68135E-04-5.80859E-06
 -1        74-3.91165E-05-7.06136E-04-6.08813E-06
 -1        75-3.93915E-05-7.44440E-04-6.36817E-06
 -1        76-3.95977E-05-7.82979E-04-6.64847E-06
 -1        77-3.97351E-05-8.21687E-04-6.92895E-06
 -1        78-3.98048E-05-8.60495E-04-7.21017E-06
 -1        79-2.52275E-07-8.79910E-04-7.34877E-06
 -1        80 1.95149E-05-8.79917E-04-7.35069E-06
 -1        81-2.00195E-05-8.79917E-04-7.34682E-06
 -1        82 2.18133E-06-1.16296E-06 5.04563E-07
 -1        83 4.37947E-06-4.45046E-06 4.82066E-07
 -1        84 6.51938E-06-9.90617E-06 4.12332E-07
 -1        85 8.59815E-06-1.74414E-05 3.24455E-07
 -1        86 1.06074E-05-2.69976E-05 2.17273E-07
 -1        87 1.25492E-05-3.85053E-05 9.23136E-08
 -1        88 1.44230E-05-5.18976E-05-4.97076E-08
 -1        89 1.62289E-05-6.71070E-05-2.07881E-07
 -1        90 1.79669E-05-8.40665E-05-3.81324E-07
 -1        91 1.96369E-05-1.02708E-04-5.69152E-07
 -1        92 2.12391E-05-1.22966E-04-7.70474E-07
 -1        93 2.27734E-05-1.44771E-04-9.84484E-07
 -1        94 2.42397E-05-1.68057E-04-1.21030E-06
 -1        95 2.56382E-05-1.92757E-04-1.44709E-06
 -1        96 2.69687E-05-2.18803E-04-1.69392E-06
 -1        97 2.82312E-05-2.46127E-04-1.94996E-06
 -1        98 2.94258E-05-2.74663E-04-2.21446E-06
 -1        99 3.05523E-05-3.04343E-04-2.48662E-06
 -1       100 3.16110E-05-3.35100E-04-2.76565E-06
 -1       101 3.26015E-05-3.66867E-04-3.05077E-06
 -1       102 3.35241E-05-3.99576E-04-3.34125E-06
 -1       103 3.43785E-05-4.33160E-04-3.63642E-06
 -1       104 3.51649E-05-4.67551E-04-3.93559E-06
 -1       105 3.58831E-05-5.02683E-04-4.23816E-06
 -1       106 3.65331E-05-5.38489E-04-4.54361E-06
 -1       107 3.71149E-05-5.74899E-04-4.85132E-06
 -1       108 3.76285E-05-6.11849E-04-5.16079E-06
 -1       109 3.80737E-05-6.49269E-04-5.47164E-06
 -1       110 3.84506E-05-6.87093E-04-5.78345E-06
 -1       111 3.87591E-05-7.25254E-04-6.09594E-06
 -1       112 3.89991E-05-7.63684E-04-6.40879E-06
 -1       113 3.91706E-05-8.02316E-04-6.72185E-06
 -1       114 3.92738E-05-8.41083E-04-7.03467E-06
 -1       115 1.06959E-06-3.77638E-07 4.41786E-07
 -1       116 3.28915E-06-2.53593E-06 5.05547E-07
 -1       117 5.45565E-06-6.91457E-06 4.49734E-07
 -1       118 7.56751E-06-1.34169E-05 3.70749E-07
 -1       119 9.61107E-06-2.19714E-05 2.73177E-07
 -1       120 1.15867E-05-3.25117E-05 1.56972E-07
 -1       121 1.34944E-05-4.49700E-05 2.33807E-08
 -1       122 1.53343E-05-5.92793E-05-1.26828E-07
 -1       123 1.71062E-05-7.53722E-05-2.92753E-07
 -1       124 1.88103E-05-9.31813E-05-4.73491E-07
 -1       125 2.04464E-05-1.12639E-04-6.68182E-07
 -1       126 2.20146E-05-1.33679E-04-8.75943E-07
 -1       127 2.35149E-05-1.56233E-04-1.09597E-06
 -1       128 2.49473E-05-1.80235E-04-1.32738E-06
 -1       129 2.63118E-05-2.05616E-04-1.56931E-06
 -1       130 2.76083E-05-2.32309E-04-1.82084E-06
 -1       131 2.88368E-05-2.60248E-04-2.08121E-06
 -1       132 2.99974E-05-2.89364E-04-2.34964E-06
 -1       133 3.10900E-05-3.19591E-04-2.62532E-06
 -1       134 3.21146E-05-3.50862E-04-2.90749E-06
 -1       135 3.30712E-05-3.83108E-04-3.19538E-06
 -1       136 3.39597E-05-4.16263E-04-3.48829E-06
 -1       137 3.47801E-05-4.50259E-04-3.78554E-06
 -1       138 3.55324E-05-4.85029E-04-4.08649E-06
 -1       139 3.62165E-05-5.20506E-04-4.39057E-06
 -1       140 3.68324E-05-5.56623E-04-4.69722E-06
 -1       141 3.73801E-05-5.93311E-04-5.00586E-06
 -1       142 3.78595E-05-6.30504E-04-5.31607E-06
 -1       143 3.82706E-05-6.68135E-04-5.62746E-06
 -1       144 3.86133E-05-7.06136E-04-5.93964E-06
 -1       145 3.88876E-05-7.44440E-04-6.25234E-06
 -1       146 3.90933E-05-7.82979E-04-6.56531E-06
 -1       147 3.92306E-05-8.21687E-04-6.87832E-06
 -1       148 3.93003E-05-8.60495E-04-7.19059E-06
 -1       149-3.95703E-05-8.79930E-04-7.34942E-06
 -1       150-3.96956E-05-8.79928E-04-7.34961E-06
 -1       151-3.94434E-05-8.79929E-04-7.34921E-06
 -1       152 2.52166E-07-8.79911E-04-7.34876E-06
 -1       153 2.00194E-05-8.79918E-04-7.34613E-06
 -1       154-1.95150E-05-8.79918E-04-7.35138E-06
 -1       155 3.95702E-05-8.79930E-04-7.34805E-06
 -1       156 3.94433E-05-8.79928E-04-7.34787E-06
 -1       157 3.96955E-05-8.79929E-04-7.34826E-06
 -1       158-3.92739E-05-8.41084E-04-7.03607E-06
 -1       159-3.91707E-05-8.02318E-04-6.72326E-06
 -1       160-3.89992E-05-7.63686E-04-6.41025E-06
 -1       161-3.87592E-05-7.25256E-04-6.09738E-06
 -1       162-3.84507E-05-6.87095E-04-5.78488E-06
 -1       163-3.80738E-05-6.49270E-04-5.47302E-06
 -1       164-3.76285E-05-6.11850E-04-5.16217E-06
 -1       165-3.71150E-05-5.74901E-04-4.85266E-06
 -1       166-3.65332E-05-5.38490E-04-4.54495E-06
 -1       167-3.58831E-05-5.02685E-04-4.23953E-06
 -1       168-3.51650E-05-4.67553E-04-3.93695E-06
 -1       169-3.43786E-05-4.33161E-04-3.63770E-06
 -1       170-3.35241E-05-3.99577E-04-3.34247E-06
 -1       171-3.26016E-05-3.66868E-04-3.05196E-06
 -1       172-3.16111E-05-3.35101E-04-2.76685E-06
 -1       173-3.05524E-05-3.04344E-04-2.48782E-06
 -1       174-2.94258E-05-2.74664E-04-2.21561E-06
 -1       175-2.82312E-05-2.46128E-04-1.95102E-06
 -1       176-2.69687E-05-2.18803E-04-1.69486E-06
 -1       177-2.56382E-05-1.92758E-04-1.44799E-06
 -1       178-2.42398E-05-1.68058E-04-1.21122E-06
 -1       179-2.27735E-05-1.44772E-04-9.85375E-07
 -1       180-2.12392E-05-1.22967E-04-7.71316E-07
 -1       181-1.96370E-05-1.02709E-04-5.69853E-07
 -1       182-1.79669E-05-8.40669E-05-3.81914E-07
 -1       183-1.62289E-05-6.71075E-05-2.08427E-07
 -1       184-1.44230E-05-5.18980E-05-5.02268E-08
 -1       185-1.25492E-05-3.85056E-05 9.18449E-08
 -1       186-1.06074E-05-2.69980E-05 2.16869E-07
 -1       187-8.59814E-06-1.74417E-05 3.24132E-07
 -1       188-6.51935E-06-9.90634E-06 4.12124E-07
 -1       189-4.37945E-06-4.45055E-06 4.81968E-07
 -1       190-2.18133E-06-1.16299E-06 5.04536E-07
 -1       191-3.93004E-05-8.60496E-04-7.19197E-06
 -1       192-3.92307E-05-8.21688E-04-6.87972E-06
 -1       193-3.90934E-05-7.82981E-04-6.56675E-06
 -1       194-3.88876E-05-7.44441E-04-6.25378E-06
 -1       195-3.86134E-05-7.06137E-04-5.94107E-06
 -1       196-3.82706E-05-6.68136E-04-5.62885E-06
 -1       197-3.78596E-05-6.30505E-04-5.31746E-06
 -1       198-3.73802E-05-5.93312E-04-5.00724E-06
 -1       199-3.68325E-05-5.56624E-04-4.69855E-06
 -1       200-3.62166E-05-5.20507E-04-4.39191E-06
 -1       201-3.55324E-05-4.85030E-04-4.08786E-06
 -1       202-3.47802E-05-4.50260E-04-3.78688E-06
 -1       203-3.39597E-05-4.16264E-04-3.48954E-06
 -1       204-3.30713E-05-3.83109E-04-3.19659E-06
 -1       205-3.21147E-05-3.50863E-04-2.90867E-06
 -1       206-3.10901E-05-3.19592E-04-2.62652E-06
 -1       207-2.99975E-05-2.89365E-04-2.35081E-06
 -1       208-2.88369E-05-2.60249E-04-2.08232E-06
 -1       209-2.76083E-05-2.32310E-04-1.82183E-06
 -1       210-2.63118E-05-2.05616E-04-1.57022E-06
 -1       211-2.49474E-05-1.80235E-04-1.32830E-06
 -1       212-2.35150E-05-1.56234E-04-1.09688E-06
 -1       213-2.20147E-05-1.33680E-04-8.76815E-07
 -1       214-2.04464E-05-1.12640E-04-6.68949E-07
 -1       215-1.88103E-05-9.31819E-05-4.74148E-07
 -1       216-1.71063E-05-7.53727E-05-2.93309E-07
 -1       217-1.53343E-05-5.92798E-05-1.27360E-07
 -1       218-1.34945E-05-4.49705E-05 2.28804E-08
 -1       219-1.15867E-05-3.25120E-05 1.56534E-07
 -1       220-9.61105E-06-2.19717E-05 2.72815E-07
 -1       221-7.56749E-06-1.34171E-05 3.70484E-07
 -1       222-5.45562E-06-6.91470E-06 4.49586E-07
 -1       223-3.28913E-06-2.53600E-06 5.05486E-07
 -1       224-1.06960E-06-3.77647E-07 4.41776E-07
 -1       225 0.00000E+00 0.00000E+00 0.00000E+00
 -1       226 0.00000E+00 0.00000E+00 0.00000E+00
 -1       227 0.00000E+00 0.00000E+00 0.00000E+00
 -1       228 3.97782E-05-8.41084E-04-7.06796E-06
 -1       229 3.96750E-05-8.02318E-04-6.78723E-06
 -1       230 3.95032E-05-7.63686E-04-6.50686E-06
 -1       231 3.92627E-05-7.25256E-04-6.22666E-06
 -1       232 3.89533E-05-6.87095E-04-5.94686E-06
 -1       233 3.85749E-05-6.49271E-04-5.66769E-06
 -1       234 3.81276E-05-6.11851E-04-5.38955E-06
 -1       235 3.76113E-05-5.74901E-04-5.11274E-06
 -1       236 3.70260E-05-5.38491E-04-4.83769E-06
 -1       237 3.63716E-05-5.02686E-04-4.56496E-06
 -1       238 3.56481E-05-4.67554E-04-4.29505E-06
 -1       239 3.48554E-05-4.33163E-04-4.02857E-06
 -1       240 3.39935E-05-3.99579E-04-3.76608E-06
 -1       241 3.30624E-05-3.66871E-04-3.50828E-06
 -1       242 3.20621E-05-3.35104E-04-3.25582E-06
 -1       243 3.09924E-05-3.04347E-04-3.00947E-06
 -1       244 2.98535E-05-2.74668E-04-2.76999E-06
 -1       245 2.86452E-05-2.46132E-04-2.53816E-06
 -1       246 2.73677E-05-2.18808E-04-2.31482E-06
 -1       247 2.60207E-05-1.92763E-04-2.10066E-06
 -1       248 2.46044E-05-1.68063E-04-1.89655E-06
 -1       249 2.31187E-05-1.44778E-04-1.70340E-06
 -1       250 2.15637E-05-1.22973E-04-1.52206E-06
 -1       251 1.99393E-05-1.02716E-04-1.35342E-06
 -1       252 1.82455E-05-8.40739E-05-1.19828E-06
 -1       253 1.64822E-05-6.71149E-05-1.05749E-06
 -1       254 1.46496E-05-5.19058E-05-9.32019E-07
 -1       255 1.27476E-05-3.85139E-05-8.22680E-07
 -1       256 1.07761E-05-2.70067E-05-7.30341E-07
 -1       257 8.73567E-06-1.74508E-05-6.56067E-07
 -1       258 6.62419E-06-9.91590E-06-6.00135E-07
 -1       259 4.45024E-06-4.46046E-06-5.65346E-07
 -1       260 2.21674E-06-1.17247E-06-5.24870E-07
 -1       261 3.98047E-05-8.60496E-04-7.20880E-06
 -1       262 3.97350E-05-8.21688E-04-6.92754E-06
 -1       263 3.95976E-05-7.82981E-04-6.64702E-06
 -1       264 3.93914E-05-7.44441E-04-6.36674E-06
 -1       265 3.91164E-05-7.06138E-04-6.08670E-06
 -1       266 3.87726E-05-6.68137E-04-5.80718E-06
 -1       267 3.83598E-05-6.30506E-04-5.52849E-06
 -1       268 3.78780E-05-5.93313E-04-5.25096E-06
 -1       269 3.73272E-05-5.56625E-04-4.97497E-06
 -1       270 3.67073E-05-5.20509E-04-4.70100E-06
 -1       271 3.60184E-05-4.85032E-04-4.42963E-06
 -1       272 3.52603E-05-4.50262E-04-4.16135E-06
 -1       273 3.44330E-05-4.16266E-04-3.89678E-06
 -1       274 3.35365E-05-3.83111E-04-3.63655E-06
 -1       275 3.25708E-05-3.50865E-04-3.38134E-06
 -1       276 3.15358E-05-3.19595E-04-3.13185E-06
 -1       277 3.04315E-05-2.89369E-04-2.88883E-06
 -1       278 2.92579E-05-2.60253E-04-2.65307E-06
 -1       279 2.80150E-05-2.32314E-04-2.42539E-06
 -1       280 2.67027E-05-2.05621E-04-2.20653E-06
 -1       281 2.53211E-05-1.80241E-04-1.99729E-06
 -1       282 2.38701E-05-1.56240E-04-1.79856E-06
 -1       283 2.23497E-05-1.33686E-04-1.61120E-06
 -1       284 2.07600E-05-1.12646E-04-1.43611E-06
 -1       285 1.91009E-05-9.31887E-05-1.27411E-06
 -1       286 1.73724E-05-7.53799E-05-1.12603E-06
 -1       287 1.55745E-05-5.92874E-05-9.92791E-07
 -1       288 1.37072E-05-4.49785E-05-8.75283E-07
 -1       289 1.17704E-05-3.25205E-05-7.74316E-07
 -1       290 9.76436E-06-2.19806E-05-6.90929E-07
 -1       291 7.68887E-06-1.34265E-05-6.25650E-07
 -1       292 5.54357E-06-6.92446E-06-5.80261E-07
 -1       293 3.34242E-06-2.54595E-06-5.52075E-07
 -1       294 1.08690E-06-3.85255E-07-4.47673E-07
 -1       295 0.00000E+00 0.00000E+00 0.00000E+00
 -1       296 0.00000E+00 0.00000E+00 0.00000E+00
 -1       297 0.00000E+00 0.00000E+00 0.00000E+00
 -1       298 0.00000E+00 0.00000E+00 0.00000E+00
 -1       299 0.00000E+00 0.00000E+00 0.00000E+00
 -1       300 0.00000E+00 0.00000E+00 0.00000E+00
 -1       301-1.76879E-08-8.71404E-07-1.28961E-08
 -1       302-3.53227E-08-4.14478E-06-4.46475E-08
 -1       303-5.24573E-08-9.60633E-06-9.68679E-08
 -1       304-6.88373E-08-1.71521E-05-1.68710E-07
 -1       305-8.44271E-08-2.67176E-05-2.59352E-07
 -1       306-9.92802E-08-3.82349E-05-3.67890E-07
 -1       307-1.13378E-07-5.16368E-05-4.93471E-07
 -1       308-1.26718E-07-6.68559E-05-6.35189E-07
 -1       309-1.39345E-07-8.38249E-05-7.92196E-07
 -1       310-1.51221E-07-1.02476E-04-9.63613E-07
 -1       311-1.62349E-07-1.22743E-04-1.14853E-06
 -1       312-1.72745E-07-1.44558E-04-1.34611E-06
 -1       313-1.82415E-07-1.67854E-04-1.55548E-06
 -1       314-1.91339E-07-1.92563E-04-1.77580E-06
 -1       315-1.99550E-07-2.18619E-04-2.00619E-06
 -1       316-2.07075E-07-2.45953E-04-2.24583E-06
 -1       317-2.13939E-07-2.74498E-04-2.49392E-06
 -1       318-2.20109E-07-3.04188E-04-2.74965E-06
 -1       319-2.25616E-07-3.34955E-04-3.01223E-06
 -1       320-2.30514E-07-3.66731E-04-3.28089E-06
 -1       321-2.34793E-07-3.99450E-04-3.55496E-06
 -1       322-2.38509E-07-4.33043E-04-3.83373E-06
 -1       323-2.41667E-07-4.67444E-04-4.11651E-06
 -1       324-2.44327E-07-5.02586E-04-4.40266E-06
 -1       325-2.46533E-07-5.38401E-04-4.69168E-06
 -1       326-2.48308E-07-5.74821E-04-4.98298E-06
 -1       327-2.49645E-07-6.11780E-04-5.27607E-06
 -1       328-2.50644E-07-6.49211E-04-5.57054E-06
 -1       329-2.51359E-07-6.87045E-04-5.86597E-06
 -1       330-2.51826E-07-7.25215E-04-6.16208E-06
 -1       331-2.52099E-07-7.63655E-04-6.45859E-06
 -1       332-2.52229E-07-8.02297E-04-6.75527E-06
 -1       333-2.52279E-07-8.41073E-04-7.05202E-06
 -1       334 1.07609E-06-9.15898E-07 2.47869E-07
 -1       335-8.23612E-09-5.08265E-08-4.75647E-09
 -1       336 2.15847E-06-4.22469E-06 2.18073E-07
 -1       337-2.65841E-08-2.22497E-06-2.62479E-08
 -1       338 3.22332E-06-9.67895E-06 1.57179E-07
 -1       339-4.39839E-08-6.60994E-06-6.82518E-08
 -1       340 4.25370E-06-1.72235E-05 7.71135E-08
 -1       341-6.07365E-08-1.31227E-05-1.30381E-07
 -1       342 5.25071E-06-2.67865E-05-2.16687E-08
 -1       343-7.67370E-08-2.16867E-05-2.11737E-07
 -1       344 6.21413E-06-3.83015E-05-1.38418E-07
 -1       345-9.19415E-08-3.22365E-05-3.11438E-07
 -1       346 7.14399E-06-5.17010E-05-2.72174E-07
 -1       347-1.06421E-07-4.47045E-05-4.28607E-07
 -1       348 8.04026E-06-6.69177E-05-4.22093E-07
 -1       349-1.20149E-07-5.90234E-05-5.62362E-07
 -1       350 8.90295E-06-8.38844E-05-5.87283E-07
 -1       351-1.33108E-07-7.51258E-05-7.11840E-07
 -1       352 9.73206E-06-1.02534E-04-7.66872E-07
 -1       353-1.45378E-07-9.29446E-05-8.76164E-07
 -1       354 1.05276E-05-1.22798E-04-9.59967E-07
 -1       355-1.56877E-07-1.12412E-04-1.05443E-06
 -1       356 1.12895E-05-1.44611E-04-1.16573E-06
 -1       357-1.67635E-07-1.33462E-04-1.24579E-06
 -1       358 1.20178E-05-1.67904E-04-1.38329E-06
 -1       359-1.77667E-07-1.56025E-04-1.44937E-06
 -1       360 1.27126E-05-1.92611E-04-1.61181E-06
 -1       361-1.86975E-07-1.80036E-04-1.66432E-06
 -1       362 1.33738E-05-2.18664E-04-1.85039E-06
 -1       363-1.95524E-07-2.05427E-04-1.88979E-06
 -1       364 1.40013E-05-2.45996E-04-2.09820E-06
 -1       365-2.03397E-07-2.32130E-04-2.12490E-06
 -1       366 1.45951E-05-2.74539E-04-2.35447E-06
 -1       367-2.10584E-07-2.60078E-04-2.36886E-06
 -1       368 1.51553E-05-3.04226E-04-2.61838E-06
 -1       369-2.17103E-07-2.89204E-04-2.62088E-06
 -1       370 1.56819E-05-3.34991E-04-2.88916E-06
 -1       371-2.22957E-07-3.19441E-04-2.88013E-06
 -1       372 1.61747E-05-3.66765E-04-3.16603E-06
 -1       373-2.28126E-07-3.50721E-04-3.14584E-06
 -1       374 1.66338E-05-3.99481E-04-3.44828E-06
 -1       375-2.32731E-07-3.82977E-04-3.41730E-06
 -1       376 1.70592E-05-4.33072E-04-3.73522E-06
 -1       377-2.36721E-07-4.16141E-04-3.69380E-06
 -1       378 1.74508E-05-4.67471E-04-4.02617E-06
 -1       379-2.40154E-07-4.50147E-04-3.97465E-06
 -1       380 1.78086E-05-5.02610E-04-4.32051E-06
 -1       381-2.43048E-07-4.84927E-04-4.25920E-06
 -1       382 1.81325E-05-5.38423E-04-4.61772E-06
 -1       383-2.45491E-07-5.20414E-04-4.54685E-06
 -1       384 1.84225E-05-5.74841E-04-4.91721E-06
 -1       385-2.47473E-07-5.56540E-04-4.83707E-06
 -1       386 1.86786E-05-6.11797E-04-5.21848E-06
 -1       387-2.49027E-07-5.93238E-04-5.12932E-06
 -1       388 1.89007E-05-6.49225E-04-5.52112E-06
 -1       389-2.50189E-07-6.30441E-04-5.42315E-06
 -1       390 1.90888E-05-6.87057E-04-5.82473E-06
 -1       391-2.51038E-07-6.68081E-04-5.71815E-06
 -1       392 1.92428E-05-7.25225E-04-6.12903E-06
 -1       393-2.51622E-07-7.06092E-04-6.01396E-06
 -1       394 1.93627E-05-7.63662E-04-6.43369E-06
 -1       395-2.51971E-07-7.44406E-04-6.31030E-06
 -1       396 1.94484E-05-8.02302E-04-6.73858E-06
 -1       397-2.52179E-07-7.82955E-04-6.60691E-06
 -1       398 1.94998E-05-8.41076E-04-7.04340E-06
 -1       399-2.52255E-07-8.21672E-04-6.90364E-06
 -1       400-2.52285E-07-8.60492E-04-7.20039E-06
 -1       401-1.11104E-06-9.20331E-07-2.72523E-07
 -1       402-2.22927E-06-4.22970E-06-3.05875E-07
 -1       403-3.32824E-06-9.68370E-06-3.49492E-07
 -1       404-4.39136E-06-1.72281E-05-4.13156E-07
 -1       405-5.41957E-06-2.67908E-05-4.95727E-07
 -1       406-6.41270E-06-3.83056E-05-5.96132E-07
 -1       407-7.37075E-06-5.17049E-05-7.13583E-07
 -1       408-8.29373E-06-6.69214E-05-8.47175E-07
 -1       409-9.18165E-06-8.38879E-05-9.96063E-07
 -1       410-1.00345E-05-1.02537E-04-1.15937E-06
 -1       411-1.08523E-05-1.22801E-04-1.33618E-06
 -1       412-1.16350E-05-1.44614E-04-1.52563E-06
 -1       413-1.23827E-05-1.67907E-04-1.72686E-06
 -1       414-1.30953E-05-1.92614E-04-1.93905E-06
 -1       415-1.37729E-05-2.18666E-04-2.16131E-06
 -1       416-1.44154E-05-2.45998E-04-2.39284E-06
 -1       417-1.50230E-05-2.74541E-04-2.63281E-06
 -1       418-1.55955E-05-3.04228E-04-2.88041E-06
 -1       419-1.61331E-05-3.34992E-04-3.13485E-06
 -1       420-1.66357E-05-3.66766E-04-3.39537E-06
 -1       421-1.71034E-05-3.99482E-04-3.66130E-06
 -1       422-1.75362E-05-4.33073E-04-3.93194E-06
 -1       423-1.79341E-05-4.67472E-04-4.20658E-06
 -1       424-1.82972E-05-5.02611E-04-4.48460E-06
 -1       425-1.86255E-05-5.38423E-04-4.76546E-06
 -1       426-1.89191E-05-5.74841E-04-5.04861E-06
 -1       427-1.91779E-05-6.11798E-04-5.33355E-06
 -1       428-1.94020E-05-6.49225E-04-5.61985E-06
 -1       429-1.95916E-05-6.87057E-04-5.90714E-06
 -1       430-1.97465E-05-7.25225E-04-6.19510E-06
 -1       431-1.98669E-05-7.63662E-04-6.48344E-06
 -1       432-1.99529E-05-8.02302E-04-6.77196E-06
 -1       433-2.00043E-05-8.41076E-04-7.06061E-06
 -1       434-5.52034E-11-8.79913E-04-7.34877E-06
 -1       435 1.97715E-05-8.79921E-04-7.34841E-06
 -1       436-1.26156E-07-8.79911E-04-7.34877E-06
 -1       437 1.26060E-07-8.79911E-04-7.34876E-06
 -1       438-1.97716E-05-8.79921E-04-7.34910E-06
 -1       439 2.52170E-07-8.41074E-04-7.05203E-06
 -1       440 2.52135E-07-8.02298E-04-6.75527E-06
 -1       441 2.52026E-07-7.63656E-04-6.45859E-06
 -1       442 2.51771E-07-7.25216E-04-6.16209E-06
 -1       443 2.51318E-07-6.87046E-04-5.86598E-06
 -1       444 2.50580E-07-6.49212E-04-5.57052E-06
 -1       445 2.49543E-07-6.11782E-04-5.27608E-06
 -1       446 2.48184E-07-5.74823E-04-4.98298E-06
 -1       447 2.46455E-07-5.38402E-04-4.69167E-06
 -1       448 2.44262E-07-5.02587E-04-4.40267E-06
 -1       449 2.41603E-07-4.67446E-04-4.11650E-06
 -1       450 2.38444E-07-4.33044E-04-3.83373E-06
 -1       451 2.34724E-07-3.99451E-04-3.55497E-06
 -1       452 2.30429E-07-3.66732E-04-3.28091E-06
 -1       453 2.25543E-07-3.34956E-04-3.01223E-06
 -1       454 2.20027E-07-3.04189E-04-2.74966E-06
 -1       455 2.13864E-07-2.74499E-04-2.49391E-06
 -1       456 2.07043E-07-2.45953E-04-2.24583E-06
 -1       457 1.99514E-07-2.18619E-04-2.00619E-06
 -1       458 1.91281E-07-1.92564E-04-1.77579E-06
 -1       459 1.82343E-07-1.67855E-04-1.55548E-06
 -1       460 1.72682E-07-1.44559E-04-1.34610E-06
 -1       461 1.62280E-07-1.22744E-04-1.14853E-06
 -1       462 1.51179E-07-1.02477E-04-9.63615E-07
 -1       463 1.39338E-07-8.38254E-05-7.92209E-07
 -1       464 1.26712E-07-6.68563E-05-6.35183E-07
 -1       465 1.13338E-07-5.16372E-05-4.93465E-07
 -1       466 9.92368E-08-3.82353E-05-3.67901E-07
 -1       467 8.43837E-08-2.67180E-05-2.59341E-07
 -1       468 6.87915E-08-1.71524E-05-1.68705E-07
 -1       469 5.24604E-08-9.60651E-06-9.68753E-08
 -1       470 3.53416E-08-4.14486E-06-4.46449E-08
 -1       471 1.76849E-08-8.71441E-07-1.28902E-08
 -1       472 2.00042E-05-8.41077E-04-7.05994E-06
 -1       473 2.52161E-07-8.60493E-04-7.20039E-06
 -1       474 1.99528E-05-8.02303E-04-6.77124E-06
 -1       475 2.52162E-07-8.21673E-04-6.90365E-06
 -1       476 1.98668E-05-7.63664E-04-6.48272E-06
 -1       477 2.52092E-07-7.82956E-04-6.60691E-06
 -1       478 1.97464E-05-7.25226E-04-6.19439E-06
 -1       479 2.51925E-07-7.44407E-04-6.31030E-06
 -1       480 1.95915E-05-6.87058E-04-5.90644E-06
 -1       481 2.51573E-07-7.06093E-04-6.01396E-06
 -1       482 1.94020E-05-6.49227E-04-5.61915E-06
 -1       483 2.50983E-07-6.68083E-04-5.71814E-06
 -1       484 1.91778E-05-6.11799E-04-5.33286E-06
 -1       485 2.50095E-07-6.30442E-04-5.42315E-06
 -1       486 1.89190E-05-5.74842E-04-5.04793E-06
 -1       487 2.48907E-07-5.93239E-04-5.12933E-06
 -1       488 1.86255E-05-5.38424E-04-4.76477E-06
 -1       489 2.47368E-07-5.56541E-04-4.83707E-06
 -1       490 1.82972E-05-5.02612E-04-4.48392E-06
 -1       491 2.45408E-07-5.20415E-04-4.54685E-06
 -1       492 1.79341E-05-4.67473E-04-4.20590E-06
 -1       493 2.42999E-07-4.84928E-04-4.25920E-06
 -1       494 1.75362E-05-4.33074E-04-3.93130E-06
 -1       495 2.40091E-07-4.50148E-04-3.97465E-06
 -1       496 1.71034E-05-3.99483E-04-3.66070E-06
 -1       497 2.36656E-07-4.16142E-04-3.69380E-06
 -1       498 1.66357E-05-3.66767E-04-3.39479E-06
 -1       499 2.32649E-07-3.82978E-04-3.41730E-06
 -1       500 1.61330E-05-3.34993E-04-3.13425E-06
 -1       501 2.28058E-07-3.50722E-04-3.14585E-06
 -1       502 1.55955E-05-3.04229E-04-2.87981E-06
 -1       503 2.22858E-07-3.19442E-04-2.88013E-06
 -1       504 1.50229E-05-2.74542E-04-2.63223E-06
 -1       505 2.17025E-07-2.89205E-04-2.62087E-06
 -1       506 1.44154E-05-2.45999E-04-2.39231E-06
 -1       507 2.10538E-07-2.60079E-04-2.36887E-06
 -1       508 1.37728E-05-2.18667E-04-2.16084E-06
 -1       509 2.03367E-07-2.32131E-04-2.12490E-06
 -1       510 1.30952E-05-1.92614E-04-1.93860E-06
 -1       511 1.95477E-07-2.05428E-04-1.88978E-06
 -1       512 1.23826E-05-1.67908E-04-1.72641E-06
 -1       513 1.86903E-07-1.80037E-04-1.66432E-06
 -1       514 1.16349E-05-1.44615E-04-1.52517E-06
 -1       515 1.77604E-07-1.56026E-04-1.44937E-06
 -1       516 1.08522E-05-1.22802E-04-1.33576E-06
 -1       517 1.67567E-07-1.33462E-04-1.24579E-06
 -1       518 1.00344E-05-1.02538E-04-1.15901E-06
 -1       519 1.56814E-07-1.12413E-04-1.05444E-06
 -1       520 9.18162E-06-8.38884E-05-9.95765E-07
 -1       521 1.45353E-07-9.29451E-05-8.76166E-07
 -1       522 8.29370E-06-6.69219E-05-8.46899E-07
 -1       523 1.33122E-07-7.51263E-05-7.11839E-07
 -1       524 7.37070E-06-5.17053E-05-7.13331E-07
 -1       525 1.20114E-07-5.90238E-05-5.62359E-07
 -1       526 6.41265E-06-3.83060E-05-5.95901E-07
 -1       527 1.06381E-07-4.47049E-05-4.28612E-07
 -1       528 5.41952E-06-2.67912E-05-4.95517E-07
 -1       529 9.19011E-08-3.22369E-05-3.11436E-07
 -1       530 4.39131E-06-1.72284E-05-4.12998E-07
 -1       531 7.66768E-08-2.16870E-05-2.11729E-07
 -1       532 3.32821E-06-9.68388E-06-3.49387E-07
 -1       533 6.07226E-08-1.31229E-05-1.30385E-07
 -1       534 2.22926E-06-4.22979E-06-3.05820E-07
 -1       535 4.39998E-08-6.61007E-06-6.82538E-08
 -1       536 1.11102E-06-9.20353E-07-2.72505E-07
 -1       537 2.65898E-08-2.22503E-06-2.62417E-08
 -1       538 8.24060E-09-5.08380E-08-4.75611E-09
 -1       539-1.94999E-05-8.41077E-04-7.04409E-06
 -1       540-1.94485E-05-8.02303E-04-6.73928E-06
 -1       541-1.93628E-05-7.63664E-04-6.43442E-06
 -1       542-1.92429E-05-7.25226E-04-6.12974E-06
 -1       543-1.90889E-05-6.87058E-04-5.82545E-06
 -1       544-1.89008E-05-6.49226E-04-5.52181E-06
 -1       545-1.86787E-05-6.11799E-04-5.21917E-06
 -1       546-1.84226E-05-5.74842E-04-4.91788E-06
 -1       547-1.81326E-05-5.38424E-04-4.61838E-06
 -1       548-1.78086E-05-5.02611E-04-4.32121E-06
 -1       549-1.74509E-05-4.67472E-04-4.02684E-06
 -1       550-1.70593E-05-4.33073E-04-3.73586E-06
 -1       551-1.66339E-05-3.99482E-04-3.44888E-06
 -1       552-1.61748E-05-3.66766E-04-3.16663E-06
 -1       553-1.56819E-05-3.34992E-04-2.88976E-06
 -1       554-1.51554E-05-3.04227E-04-2.61898E-06
 -1       555-1.45951E-05-2.74540E-04-2.35504E-06
 -1       556-1.40013E-05-2.45997E-04-2.09873E-06
 -1       557-1.33738E-05-2.18665E-04-1.85086E-06
 -1       558-1.27127E-05-1.92612E-04-1.61226E-06
 -1       559-1.20179E-05-1.67905E-04-1.38375E-06
 -1       560-1.12896E-05-1.44612E-04-1.16617E-06
 -1       561-1.05276E-05-1.22799E-04-9.60376E-07
 -1       562-9.73207E-06-1.02534E-04-7.67228E-07
 -1       563-8.90295E-06-8.38849E-05-5.87589E-07
 -1       564-8.04027E-06-6.69182E-05-4.22364E-07
 -1       565-7.14402E-06-5.17014E-05-2.72430E-07
 -1       566-6.21416E-06-3.83019E-05-1.38651E-07
 -1       567-5.25073E-06-2.67868E-05-2.18670E-08
 -1       568-4.25370E-06-1.72238E-05 7.69553E-08
 -1       569-3.22330E-06-9.67912E-06 1.57073E-07
 -1       570-2.15845E-06-4.22478E-06 2.18022E-07
 -1       571-1.07608E-06-9.15931E-07 2.47855E-07
 -1       572 0.00000E+00 0.00000E+00 0.00000E+00
 -1       573 0.00000E+00 0.00000E+00 0.00000E+00
 -1       574 0.00000E+00 0.00000E+00 0.00000E+00
 -1       575 0.00000E+00 0.00000E+00 0.00000E+00
 -1       576 0.00000E+00 0.00000E+00 0.00000E+00
 -1       577 2.19319E-06-1.38625E-06-8.19712E-09
 -1       578 4.41228E-06-4.67337E-06-3.95927E-08
 -1       579 6.57628E-06-1.01222E-05-9.19043E-08
 -1       580 8.67064E-06-1.76503E-05-1.63913E-07
 -1       581 1.06956E-05-2.71996E-05-2.54724E-07
 -1       582 1.26522E-05-3.87002E-05-3.63464E-07
 -1       583 1.45401E-05-5.20855E-05-4.89226E-07
 -1       584 1.63594E-05-6.72880E-05-6.31141E-07
 -1       585 1.81100E-05-8.42404E-05-7.88347E-07
 -1       586 1.97920E-05-1.02875E-04-9.59918E-07
 -1       587 2.14052E-05-1.23126E-04-1.14499E-06
 -1       588 2.29499E-05-1.44924E-04-1.34275E-06
 -1       589 2.44259E-05-1.68203E-04-1.55233E-06
 -1       590 2.58333E-05-1.92896E-04-1.77286E-06
 -1       591 2.71720E-05-2.18935E-04-2.00343E-06
 -1       592 2.84421E-05-2.46252E-04-2.24321E-06
 -1       593 2.96435E-05-2.74781E-04-2.49146E-06
 -1       594 3.07762E-05-3.04454E-04-2.74735E-06
 -1       595 3.18403E-05-3.35204E-04-3.01011E-06
 -1       596 3.28358E-05-3.66964E-04-3.27898E-06
 -1       597 3.37627E-05-3.99666E-04-3.55320E-06
 -1       598 3.46208E-05-4.33243E-04-3.83209E-06
 -1       599 3.54103E-05-4.67628E-04-4.11498E-06
 -1       600 3.61312E-05-5.02753E-04-4.40127E-06
 -1       601 3.67834E-05-5.38551E-04-4.69042E-06
 -1       602 3.73670E-05-5.74955E-04-4.98185E-06
 -1       603 3.78819E-05-6.11897E-04-5.27503E-06
 -1       604 3.83281E-05-6.49311E-04-5.56958E-06
 -1       605 3.87058E-05-6.87128E-04-5.86509E-06
 -1       606 3.90147E-05-7.25282E-04-6.16126E-06
 -1       607 3.92550E-05-7.63705E-04-6.45780E-06
 -1       608 3.94267E-05-8.02331E-04-6.75453E-06
 -1       609 3.95299E-05-8.41091E-04-7.05133E-06
 -1       610 2.18557E-06-1.34160E-06-2.56830E-07
 -1       611 1.00966E-06-5.35280E-07-5.69417E-10
 -1       612 4.43572E-06-4.62000E-06-3.04478E-07
 -1       613 3.31191E-06-2.76305E-06-2.11705E-08
 -1       614 6.60139E-06-1.00720E-05-3.45067E-07
 -1       615 5.50336E-06-7.13326E-06-6.32275E-08
 -1       616 8.70472E-06-1.76016E-05-4.09605E-07
 -1       617 7.63192E-06-1.36294E-05-1.25501E-07
 -1       618 1.07374E-05-2.71525E-05-4.92062E-07
 -1       619 9.69159E-06-2.21769E-05-2.07023E-07
 -1       620 1.27015E-05-3.86547E-05-5.92643E-07
 -1       621 1.16824E-05-3.27101E-05-3.06904E-07
 -1       622 1.45964E-05-5.20416E-05-7.10214E-07
 -1       623 1.36046E-05-4.51615E-05-4.24275E-07
 -1       624 1.64223E-05-6.72457E-05-8.43932E-07
 -1       625 1.54582E-05-5.94638E-05-5.58220E-07
 -1       626 1.81793E-05-8.41997E-05-9.92950E-07
 -1       627 1.72431E-05-7.55497E-05-7.07889E-07
 -1       628 1.98671E-05-1.02836E-04-1.15633E-06
 -1       629 1.89594E-05-9.33518E-05-8.72391E-07
 -1       630 2.14860E-05-1.23088E-04-1.33321E-06
 -1       631 2.06071E-05-1.12803E-04-1.05082E-06
 -1       632 2.30359E-05-1.44888E-04-1.52277E-06
 -1       633 2.21860E-05-1.33836E-04-1.24233E-06
 -1       634 2.45167E-05-1.68169E-04-1.72416E-06
 -1       635 2.36964E-05-1.56383E-04-1.44611E-06
 -1       636 2.59285E-05-1.92863E-04-1.93651E-06
 -1       637 2.51380E-05-1.80377E-04-1.66128E-06
 -1       638 2.72714E-05-2.18904E-04-2.15889E-06
 -1       639 2.65111E-05-2.05751E-04-1.88694E-06
 -1       640 2.85452E-05-2.46223E-04-2.39047E-06
 -1       641 2.78155E-05-2.32438E-04-2.12222E-06
 -1       642 2.97500E-05-2.74753E-04-2.63053E-06
 -1       643 2.90512E-05-2.60369E-04-2.36632E-06
 -1       644 3.08859E-05-3.04428E-04-2.87824E-06
 -1       645 3.02183E-05-2.89479E-04-2.61849E-06
 -1       646 3.19527E-05-3.35180E-04-3.13281E-06
 -1       647 3.13167E-05-3.19699E-04-2.87792E-06
 -1       648 3.29507E-05-3.66941E-04-3.39349E-06
 -1       649 3.23465E-05-3.50962E-04-3.14384E-06
 -1       650 3.38797E-05-3.99645E-04-3.65952E-06
 -1       651 3.33077E-05-3.83201E-04-3.41547E-06
 -1       652 3.47397E-05-4.33223E-04-3.93022E-06
 -1       653 3.42002E-05-4.16349E-04-3.69211E-06
 -1       654 3.55308E-05-4.67610E-04-4.20493E-06
 -1       655 3.50240E-05-4.50339E-04-3.97307E-06
 -1       656 3.62530E-05-5.02736E-04-4.48305E-06
 -1       657 3.57792E-05-4.85102E-04-4.25772E-06
 -1       658 3.69063E-05-5.38536E-04-4.76399E-06
 -1       659 3.64658E-05-5.20572E-04-4.54552E-06
 -1       660 3.74907E-05-5.74942E-04-5.04725E-06
 -1       661 3.70836E-05-5.56681E-04-4.83588E-06
 -1       662 3.80063E-05-6.11886E-04-5.33226E-06
 -1       663 3.76329E-05-5.93363E-04-5.12825E-06
 -1       664 3.84531E-05-6.49301E-04-5.61861E-06
 -1       665 3.81135E-05-6.30549E-04-5.42216E-06
 -1       666 3.88311E-05-6.87120E-04-5.90596E-06
 -1       667 3.85254E-05-6.68173E-04-5.71724E-06
 -1       668 3.91403E-05-7.25276E-04-6.19395E-06
 -1       669 3.88687E-05-7.06167E-04-6.01312E-06
 -1       670 3.93807E-05-7.63701E-04-6.48232E-06
 -1       671 3.91433E-05-7.44464E-04-6.30950E-06
 -1       672 3.95524E-05-8.02327E-04-6.77090E-06
 -1       673 3.93493E-05-7.82997E-04-6.60615E-06
 -1       674 3.96556E-05-8.41089E-04-7.05958E-06
 -1       675 3.94867E-05-8.21698E-04-6.90293E-06
 -1       676 3.95574E-05-8.60500E-04-7.19970E-06
 -1       677 2.16782E-06-1.33675E-06 2.39853E-07
 -1       678 4.40053E-06-4.61499E-06 2.24208E-07
 -1       679 6.54914E-06-1.00671E-05 1.60275E-07
 -1       680 8.63612E-06-1.75969E-05 8.08298E-08
 -1       681 1.06532E-05-2.71480E-05-1.82885E-08
 -1       682 1.26024E-05-3.86504E-05-1.35144E-07
 -1       683 1.44833E-05-5.20375E-05-2.69057E-07
 -1       684 1.62958E-05-6.72418E-05-4.19124E-07
 -1       685 1.80401E-05-8.41960E-05-5.84472E-07
 -1       686 1.97161E-05-1.02833E-04-7.64193E-07
 -1       687 2.13239E-05-1.23085E-04-9.57414E-07
 -1       688 2.28634E-05-1.44885E-04-1.16332E-06
 -1       689 2.43345E-05-1.68166E-04-1.38104E-06
 -1       690 2.57374E-05-1.92860E-04-1.60971E-06
 -1       691 2.70720E-05-2.18901E-04-1.84844E-06
 -1       692 2.83383E-05-2.46220E-04-2.09637E-06
 -1       693 2.95363E-05-2.74751E-04-2.35276E-06
 -1       694 3.06660E-05-3.04426E-04-2.61681E-06
 -1       695 3.17273E-05-3.35178E-04-2.88773E-06
 -1       696 3.27204E-05-3.66939E-04-3.16473E-06
 -1       697 3.36451E-05-3.99643E-04-3.44711E-06
 -1       698 3.45014E-05-4.33222E-04-3.73415E-06
 -1       699 3.52893E-05-4.67608E-04-4.02520E-06
 -1       700 3.60088E-05-5.02735E-04-4.31964E-06
 -1       701 3.66599E-05-5.38535E-04-4.61696E-06
 -1       702 3.72426E-05-5.74941E-04-4.91653E-06
 -1       703 3.77568E-05-6.11885E-04-5.21788E-06
 -1       704 3.82026E-05-6.49300E-04-5.52059E-06
 -1       705 3.85798E-05-6.87119E-04-5.82425E-06
 -1       706 3.88886E-05-7.25275E-04-6.12859E-06
 -1       707 3.91287E-05-7.63700E-04-6.43329E-06
 -1       708 3.93003E-05-8.02327E-04-6.73816E-06
 -1       709 3.94034E-05-8.41089E-04-7.04306E-06
 -1       710-2.19319E-06-1.38626E-06-8.22525E-09
 -1       711-4.41227E-06-4.67337E-06-3.97006E-08
 -1       712-6.57629E-06-1.01222E-05-9.21223E-08
 -1       713-8.67065E-06-1.76503E-05-1.64231E-07
 -1       714-1.06957E-05-2.71996E-05-2.55128E-07
 -1       715-1.26523E-05-3.87002E-05-3.63921E-07
 -1       716-1.45402E-05-5.20855E-05-4.89735E-07
 -1       717-1.63594E-05-6.72880E-05-6.31693E-07
 -1       718-1.81100E-05-8.42404E-05-7.88945E-07
 -1       719-1.97920E-05-1.02875E-04-9.60634E-07
 -1       720-2.14053E-05-1.23126E-04-1.14583E-06
 -1       721-2.29500E-05-1.44924E-04-1.34363E-06
 -1       722-2.44260E-05-1.68203E-04-1.55323E-06
 -1       723-2.58334E-05-1.92896E-04-1.77376E-06
 -1       724-2.71721E-05-2.18935E-04-2.00438E-06
 -1       725-2.84421E-05-2.46252E-04-2.24427E-06
 -1       726-2.96435E-05-2.74781E-04-2.49260E-06
 -1       727-3.07763E-05-3.04454E-04-2.74855E-06
 -1       728-3.18404E-05-3.35204E-04-3.01133E-06
 -1       729-3.28359E-05-3.66964E-04-3.28016E-06
 -1       730-3.37627E-05-3.99666E-04-3.55439E-06
 -1       731-3.46209E-05-4.33243E-04-3.83337E-06
 -1       732-3.54104E-05-4.67628E-04-4.11634E-06
 -1       733-3.61313E-05-5.02753E-04-4.40265E-06
 -1       734-3.67835E-05-5.38551E-04-4.69177E-06
 -1       735-3.73671E-05-5.74955E-04-4.98320E-06
 -1       736-3.78820E-05-6.11897E-04-5.27643E-06
 -1       737-3.83282E-05-6.49311E-04-5.57096E-06
 -1       738-3.87059E-05-6.87128E-04-5.86651E-06
 -1       739-3.90148E-05-7.25282E-04-6.16268E-06
 -1       740-3.92551E-05-7.63705E-04-6.45927E-06
 -1       741-3.94268E-05-8.02331E-04-6.75595E-06
 -1       742-3.95300E-05-8.41091E-04-7.05270E-06
 -1       743-1.00967E-06-5.35278E-07-5.74872E-10
 -1       744-2.16782E-06-1.33677E-06 2.39828E-07
 -1       745-3.31191E-06-2.76305E-06-2.12379E-08
 -1       746-4.40052E-06-4.61504E-06 2.24103E-07
 -1       747-5.50337E-06-7.13327E-06-6.33839E-08
 -1       748-6.54914E-06-1.00672E-05 1.60062E-07
 -1       749-7.63194E-06-1.36294E-05-1.25767E-07
 -1       750-8.63614E-06-1.75970E-05 8.05102E-08
 -1       751-9.69159E-06-2.21769E-05-2.07387E-07
 -1       752-1.06533E-05-2.71482E-05-1.86928E-08
 -1       753-1.16824E-05-3.27101E-05-3.07346E-07
 -1       754-1.26025E-05-3.86506E-05-1.35605E-07
 -1       755-1.36047E-05-4.51615E-05-4.24757E-07
 -1       756-1.44833E-05-5.20377E-05-2.69575E-07
 -1       757-1.54583E-05-5.94638E-05-5.58747E-07
 -1       758-1.62959E-05-6.72420E-05-4.19672E-07
 -1       759-1.72432E-05-7.55497E-05-7.08461E-07
 -1       760-1.80402E-05-8.41962E-05-5.85065E-07
 -1       761-1.89594E-05-9.33518E-05-8.73043E-07
 -1       762-1.97162E-05-1.02833E-04-7.64904E-07
 -1       763-2.06071E-05-1.12803E-04-1.05160E-06
 -1       764-2.13239E-05-1.23085E-04-9.58250E-07
 -1       765-2.21861E-05-1.33836E-04-1.24320E-06
 -1       766-2.28634E-05-1.44886E-04-1.16420E-06
 -1       767-2.36964E-05-1.56383E-04-1.44701E-06
 -1       768-2.43346E-05-1.68166E-04-1.38195E-06
 -1       769-2.51381E-05-1.80377E-04-1.66218E-06
 -1       770-2.57375E-05-1.92861E-04-1.61062E-06
 -1       771-2.65112E-05-2.05751E-04-1.88786E-06
 -1       772-2.70721E-05-2.18901E-04-1.84938E-06
 -1       773-2.78155E-05-2.32438E-04-2.12322E-06
 -1       774-2.83384E-05-2.46221E-04-2.09743E-06
 -1       775-2.90513E-05-2.60369E-04-2.36743E-06
 -1       776-2.95364E-05-2.74751E-04-2.35391E-06
 -1       777-3.02184E-05-2.89479E-04-2.61967E-06
 -1       778-3.06661E-05-3.04426E-04-2.61801E-06
 -1       779-3.13168E-05-3.19699E-04-2.87913E-06
 -1       780-3.17274E-05-3.35178E-04-2.88893E-06
 -1       781-3.23466E-05-3.50962E-04-3.14502E-06
 -1       782-3.27205E-05-3.66940E-04-3.16592E-06
 -1       783-3.33078E-05-3.83201E-04-3.41664E-06
 -1       784-3.36451E-05-3.99644E-04-3.44831E-06
 -1       785-3.42003E-05-4.16349E-04-3.69333E-06
 -1       786-3.45014E-05-4.33222E-04-3.73544E-06
 -1       787-3.50241E-05-4.50339E-04-3.97439E-06
 -1       788-3.52894E-05-4.67609E-04-4.02656E-06
 -1       789-3.57793E-05-4.85102E-04-4.25911E-06
 -1       790-3.60089E-05-5.02736E-04-4.32102E-06
 -1       791-3.64658E-05-5.20572E-04-4.54689E-06
 -1       792-3.66600E-05-5.38536E-04-4.61830E-06
 -1       793-3.70837E-05-5.56681E-04-4.83723E-06
 -1       794-3.72427E-05-5.74941E-04-4.91789E-06
 -1       795-3.76330E-05-5.93363E-04-5.12961E-06
 -1       796-3.77569E-05-6.11886E-04-5.21926E-06
 -1       797-3.81136E-05-6.30549E-04-5.42354E-06
 -1       798-3.82027E-05-6.49301E-04-5.52196E-06
 -1       799-3.85255E-05-6.68173E-04-5.71862E-06
 -1       800-3.85799E-05-6.87120E-04-5.82568E-06
 -1       801-3.88688E-05-7.06167E-04-6.01453E-06
 -1       802-3.88886E-05-7.25276E-04-6.13002E-06
 -1       803-3.91434E-05-7.44464E-04-6.31094E-06
 -1       804-3.91288E-05-7.63701E-04-6.43476E-06
 -1       805-3.93494E-05-7.82997E-04-6.60759E-06
 -1       806-3.93004E-05-8.02327E-04-6.73959E-06
 -1       807-3.94868E-05-8.21698E-04-6.90432E-06
 -1       808-3.94035E-05-8.41089E-04-7.04445E-06
 -1       809-3.95575E-05-8.60500E-04-7.20105E-06
 -1       810-2.18557E-06-1.34159E-06-2.56862E-07
 -1       811-4.43570E-06-4.61995E-06-3.04586E-07
 -1       812-6.60140E-06-1.00719E-05-3.45283E-07
 -1       813-8.70474E-06-1.76015E-05-4.09923E-07
 -1       814-1.07375E-05-2.71523E-05-4.92472E-07
 -1       815-1.27015E-05-3.86545E-05-5.93105E-07
 -1       816-1.45964E-05-5.20414E-05-7.10710E-07
 -1       817-1.64224E-05-6.72455E-05-8.44485E-07
 -1       818-1.81793E-05-8.41995E-05-9.93556E-07
 -1       819-1.98672E-05-1.02836E-04-1.15704E-06
 -1       820-2.14861E-05-1.23088E-04-1.33404E-06
 -1       821-2.30359E-05-1.44888E-04-1.52367E-06
 -1       822-2.45168E-05-1.68169E-04-1.72506E-06
 -1       823-2.59286E-05-1.92863E-04-1.93741E-06
 -1       824-2.72714E-05-2.18903E-04-2.15984E-06
 -1       825-2.85452E-05-2.46222E-04-2.39154E-06
 -1       826-2.97501E-05-2.74753E-04-2.63168E-06
 -1       827-3.08860E-05-3.04428E-04-2.87944E-06
 -1       828-3.19528E-05-3.35179E-04-3.13403E-06
 -1       829-3.29508E-05-3.66941E-04-3.39467E-06
 -1       830-3.38797E-05-3.99644E-04-3.66072E-06
 -1       831-3.47398E-05-4.33223E-04-3.93151E-06
 -1       832-3.55308E-05-4.67609E-04-4.20629E-06
 -1       833-3.62531E-05-5.02736E-04-4.48443E-06
 -1       834-3.69064E-05-5.38536E-04-4.76536E-06
 -1       835-3.74908E-05-5.74941E-04-5.04861E-06
 -1       836-3.80064E-05-6.11885E-04-5.33365E-06
 -1       837-3.84532E-05-6.49301E-04-5.62001E-06
 -1       838-3.88312E-05-6.87120E-04-5.90738E-06
 -1       839-3.91404E-05-7.25275E-04-6.19539E-06
 -1       840-3.93808E-05-7.63700E-04-6.48378E-06
 -1       841-3.95525E-05-8.02327E-04-6.77233E-06
 -1       842-3.96558E-05-8.41089E-04-7.06096E-06
 -1       843-2.77476E-12-1.06434E-06-1.07111E-08
 -1       844 6.64249E-12-4.36033E-06-4.25698E-08
 -1       845-6.44512E-12-9.81757E-06-9.48701E-08
 -1       846-1.72397E-11-1.73564E-05-1.66806E-07
 -1       847-1.76510E-11-2.69152E-05-2.57536E-07
 -1       848-2.13115E-11-3.84257E-05-3.66174E-07
 -1       849-2.18845E-11-5.18208E-05-4.91832E-07
 -1       850-8.62344E-12-6.70331E-05-6.33643E-07
 -1       851-2.00763E-12-8.39953E-05-7.90745E-07
 -1       852-1.57843E-11-1.02640E-04-9.62245E-07
 -1       853-3.41581E-11-1.22900E-04-1.14725E-06
 -1       854-3.80887E-11-1.44709E-04-1.34491E-06
 -1       855-2.94680E-11-1.67997E-04-1.55437E-06
 -1       856-2.78490E-11-1.92700E-04-1.77478E-06
 -1       857-2.00979E-11-2.18748E-04-2.00525E-06
 -1       858-2.09010E-11-2.46076E-04-2.24497E-06
 -1       859-2.91815E-11-2.74614E-04-2.49314E-06
 -1       860-3.42033E-11-3.04297E-04-2.74896E-06
 -1       861-5.00602E-11-3.35057E-04-3.01161E-06
 -1       862-4.83442E-11-3.66827E-04-3.28035E-06
 -1       863-3.60818E-11-3.99539E-04-3.55448E-06
 -1       864-2.49175E-11-4.33125E-04-3.83333E-06
 -1       865-2.99160E-11-4.67520E-04-4.11616E-06
 -1       866-3.01139E-11-5.02655E-04-4.40238E-06
 -1       867-4.23189E-11-5.38463E-04-4.69143E-06
 -1       868-5.56257E-11-5.74876E-04-4.98279E-06
 -1       869-5.47843E-11-6.11829E-04-5.27593E-06
 -1       870-3.56781E-11-6.49252E-04-5.57043E-06
 -1       871-2.99807E-11-6.87079E-04-5.86590E-06
 -1       872-3.44748E-11-7.25243E-04-6.16205E-06
 -1       873-3.71996E-11-7.63676E-04-6.45857E-06
 -1       874-5.01772E-11-8.02311E-04-6.75527E-06
 -1       875-6.16427E-11-8.41081E-04-7.05202E-06
 -1       876-8.64038E-09-1.03168E-06-1.10539E-08
 -1       877 2.52313E-13-2.07139E-07-2.40258E-09
 -1       878 1.07460E-06-1.11712E-06-1.02722E-08
 -1       879 8.63973E-09-1.03170E-06-1.10515E-08
 -1       880-1.75900E-08-4.30467E-06-4.31368E-08
 -1       881 1.81391E-12-2.43803E-06-2.40266E-08
 -1       882 2.19520E-06-4.44522E-06-4.17995E-08
 -1       883 1.75962E-08-4.30472E-06-4.31343E-08
 -1       884-2.61668E-08-9.76542E-06-9.53586E-08
 -1       885-4.16584E-12-6.82485E-06-6.62244E-08
 -1       886 3.27917E-06-9.89226E-06-9.41158E-08
 -1       887 2.61601E-08-9.76550E-06-9.53638E-08
 -1       888-3.43508E-08-1.73051E-05-1.67285E-07
 -1       889-9.05944E-12-1.33303E-05-1.28435E-07
 -1       890 4.32558E-06-1.74302E-05-1.66042E-07
 -1       891 3.43243E-08-1.73053E-05-1.67283E-07
 -1       892-4.21563E-08-2.68658E-05-2.57993E-07
 -1       893-1.63479E-11-2.18877E-05-2.09879E-07
 -1       894 5.33829E-06-2.69863E-05-2.56782E-07
 -1       895 4.21179E-08-2.68660E-05-2.57983E-07
 -1       896-4.95829E-08-3.83780E-05-3.66599E-07
 -1       897-2.81026E-11-3.24307E-05-3.09669E-07
 -1       898 6.31654E-06-3.84944E-05-3.65438E-07
 -1       899 4.95416E-08-3.83782E-05-3.66609E-07
 -1       900-5.66320E-08-5.17747E-05-4.92243E-07
 -1       901-1.95558E-11-4.48919E-05-4.26931E-07
 -1       902 7.26050E-06-5.18870E-05-4.91120E-07
 -1       903 5.65955E-08-5.17750E-05-4.92239E-07
 -1       904-6.33022E-08-6.69887E-05-6.34032E-07
 -1       905-1.42826E-11-5.92040E-05-5.60772E-07
 -1       906 8.17013E-06-6.70968E-05-6.32947E-07
 -1       907 6.32826E-08-6.69890E-05-6.34025E-07
 -1       908-6.96091E-08-8.39526E-05-7.91104E-07
 -1       909-6.26981E-12-7.52997E-05-7.10336E-07
 -1       910 9.04543E-06-8.40566E-05-7.90067E-07
 -1       911 6.95949E-08-8.39529E-05-7.91115E-07
 -1       912-7.55517E-08-1.02599E-04-9.62587E-07
 -1       913-7.19790E-12-9.31116E-05-8.74753E-07
 -1       914 9.88640E-06-1.02699E-04-9.61575E-07
 -1       915 7.55162E-08-1.02599E-04-9.62589E-07
 -1       916-8.11214E-08-1.22861E-04-1.14757E-06
 -1       917-2.30925E-11-1.12573E-04-1.05312E-06
 -1       918 1.06930E-05-1.22957E-04-1.14658E-06
 -1       919 8.10628E-08-1.22861E-04-1.14757E-06
 -1       920-8.63260E-08-1.44671E-04-1.34521E-06
 -1       921-3.30423E-11-1.33615E-04-1.24455E-06
 -1       922 1.14654E-05-1.44762E-04-1.34426E-06
 -1       923 8.62576E-08-1.44671E-04-1.34521E-06
 -1       924-9.11589E-08-1.67962E-04-1.55465E-06
 -1       925-4.31579E-11-1.56172E-04-1.44822E-06
 -1       926 1.22034E-05-1.68049E-04-1.55375E-06
 -1       927 9.10918E-08-1.67962E-04-1.55465E-06
 -1       928-9.56185E-08-1.92666E-04-1.77504E-06
 -1       929-2.59033E-11-1.80176E-04-1.66326E-06
 -1       930 1.29071E-05-1.92749E-04-1.77418E-06
 -1       931 9.55622E-08-1.92666E-04-1.77503E-06
 -1       932-9.97282E-08-2.18716E-04-2.00549E-06
 -1       933-2.30596E-11-2.05560E-04-1.88880E-06
 -1       934 1.35764E-05-2.18795E-04-2.00467E-06
 -1       935 9.96829E-08-2.18716E-04-2.00549E-06
 -1       936-1.03491E-07-2.46045E-04-2.24518E-06
 -1       937-2.32201E-11-2.32256E-04-2.12401E-06
 -1       938 1.42115E-05-2.46120E-04-2.24440E-06
 -1       939 1.03450E-07-2.46045E-04-2.24519E-06
 -1       940-1.06916E-07-2.74585E-04-2.49334E-06
 -1       941-1.70682E-11-2.60198E-04-2.36805E-06
 -1       942 1.48122E-05-2.74656E-04-2.49258E-06
 -1       943 1.06864E-07-2.74586E-04-2.49334E-06
 -1       944-1.10015E-07-3.04270E-04-2.74912E-06
 -1       945-3.47807E-11-2.89317E-04-2.62014E-06
 -1       946 1.53785E-05-3.04337E-04-2.74840E-06
 -1       947 1.09936E-07-3.04270E-04-2.74913E-06
 -1       948-1.12778E-07-3.35032E-04-3.01177E-06
 -1       949-4.54371E-11-3.19547E-04-2.87947E-06
 -1       950 1.59106E-05-3.35094E-04-3.01109E-06
 -1       951 1.12690E-07-3.35032E-04-3.01176E-06
 -1       952-1.15223E-07-3.66803E-04-3.28049E-06
 -1       953-5.35486E-11-3.50820E-04-3.14527E-06
 -1       954 1.64083E-05-3.66861E-04-3.27986E-06
 -1       955 1.15139E-07-3.66803E-04-3.28050E-06
 -1       956-1.17368E-07-3.99516E-04-3.55460E-06
 -1       957-3.69409E-11-3.83069E-04-3.41679E-06
 -1       958 1.68717E-05-3.99570E-04-3.55401E-06
 -1       959 1.17291E-07-3.99517E-04-3.55461E-06
 -1       960-1.19219E-07-4.33105E-04-3.83343E-06
 -1       961-3.16075E-11-4.16227E-04-3.69336E-06
 -1       962 1.73008E-05-4.33155E-04-3.83285E-06
 -1       963 1.19159E-07-4.33105E-04-3.83343E-06
 -1       964-1.20802E-07-4.67501E-04-4.11625E-06
 -1       965-1.82682E-11-4.50226E-04-3.97428E-06
 -1       966 1.76956E-05-4.67547E-04-4.11569E-06
 -1       967 1.20743E-07-4.67501E-04-4.11624E-06
 -1       968-1.22137E-07-5.02637E-04-4.40244E-06
 -1       969-4.00003E-11-4.84999E-04-4.25888E-06
 -1       970 1.80560E-05-5.02679E-04-4.40193E-06
 -1       971 1.22073E-07-5.02638E-04-4.40246E-06
 -1       972-1.23248E-07-5.38447E-04-4.69150E-06
 -1       973-2.49396E-11-5.20479E-04-4.54659E-06
 -1       974 1.83821E-05-5.38485E-04-4.69101E-06
 -1       975 1.23163E-07-5.38448E-04-4.69149E-06
 -1       976-1.24142E-07-5.74863E-04-4.98284E-06
 -1       977-5.78124E-11-5.56598E-04-4.83686E-06
 -1       978 1.86739E-05-5.74896E-04-4.98238E-06
 -1       979 1.24033E-07-5.74863E-04-4.98284E-06
 -1       980-1.24815E-07-6.11816E-04-5.27596E-06
 -1       981-5.91301E-11-5.93290E-04-5.12917E-06
 -1       982 1.89314E-05-6.11846E-04-5.27553E-06
 -1       983 1.24721E-07-6.11817E-04-5.27598E-06
 -1       984-1.25321E-07-6.49242E-04-5.57046E-06
 -1       985-3.49940E-11-6.30486E-04-5.42303E-06
 -1       986 1.91545E-05-6.49267E-04-5.57003E-06
 -1       987 1.25246E-07-6.49242E-04-5.57044E-06
 -1       988-1.25679E-07-6.87070E-04-5.86592E-06
 -1       989-4.41721E-11-6.68119E-04-5.71806E-06
 -1       990 1.93433E-05-6.87092E-04-5.86552E-06
 -1       991 1.25618E-07-6.87071E-04-5.86593E-06
 -1       992-1.25912E-07-7.25236E-04-6.16206E-06
 -1       993-1.53885E-11-7.06123E-04-6.01391E-06
 -1       994 1.94978E-05-7.25253E-04-6.16166E-06
 -1       995 1.25850E-07-7.25237E-04-6.16206E-06
 -1       996-1.26058E-07-7.63671E-04-6.45857E-06
 -1       997-4.39001E-11-7.44430E-04-6.31027E-06
 -1       998 1.96179E-05-7.63683E-04-6.45819E-06
 -1       999 1.25982E-07-7.63671E-04-6.45858E-06
 -1      1000-1.26132E-07-8.02307E-04-6.75527E-06
 -1      1001-4.15433E-11-7.82972E-04-6.60691E-06
 -1      1002 1.97037E-05-8.02316E-04-6.75490E-06
 -1      1003 1.26036E-07-8.02308E-04-6.75527E-06
 -1      1004-1.26165E-07-8.41078E-04-7.05202E-06
 -1      1005-5.58696E-11-8.21683E-04-6.90364E-06
 -1      1006 1.97552E-05-8.41083E-04-7.05167E-06
 -1      1007 1.26052E-07-8.41079E-04-7.05203E-06
 -1      1008-5.21805E-11-8.60496E-04-7.20039E-06
 -1      1009-1.07460E-06-1.11713E-06-1.02912E-08
 -1      1010-2.19519E-06-4.44522E-06-4.18564E-08
 -1      1011-3.27918E-06-9.89225E-06-9.42192E-08
 -1      1012-4.32560E-06-1.74302E-05-1.66200E-07
 -1      1013-5.33832E-06-2.69863E-05-2.56986E-07
 -1      1014-6.31658E-06-3.84944E-05-3.65665E-07
 -1      1015-7.26053E-06-5.18870E-05-4.91370E-07
 -1      1016-8.17015E-06-6.70968E-05-6.33228E-07
 -1      1017-9.04545E-06-8.40566E-05-7.90373E-07
 -1      1018-9.88644E-06-1.02699E-04-9.61929E-07
 -1      1019-1.06931E-05-1.22957E-04-1.14700E-06
 -1      1020-1.14654E-05-1.44762E-04-1.34470E-06
 -1      1021-1.22034E-05-1.68049E-04-1.55420E-06
 -1      1022-1.29071E-05-1.92749E-04-1.77464E-06
 -1      1023-1.35765E-05-2.18795E-04-2.00515E-06
 -1      1024-1.42115E-05-2.46120E-04-2.24493E-06
 -1      1025-1.48122E-05-2.74656E-04-2.49315E-06
 -1      1026-1.53786E-05-3.04337E-04-2.74900E-06
 -1      1027-1.59107E-05-3.35094E-04-3.01168E-06
 -1      1028-1.64084E-05-3.66861E-04-3.28045E-06
 -1      1029-1.68718E-05-3.99570E-04-3.55462E-06
 -1      1030-1.73009E-05-4.33155E-04-3.83349E-06
 -1      1031-1.76957E-05-4.67547E-04-4.11637E-06
 -1      1032-1.80561E-05-5.02679E-04-4.40262E-06
 -1      1033-1.83822E-05-5.38485E-04-4.69169E-06
 -1      1034-1.86740E-05-5.74896E-04-4.98306E-06
 -1      1035-1.89314E-05-6.11846E-04-5.27622E-06
 -1      1036-1.91546E-05-6.49267E-04-5.57073E-06
 -1      1037-1.93434E-05-6.87091E-04-5.86623E-06
 -1      1038-1.94979E-05-7.25253E-04-6.16238E-06
 -1      1039-1.96180E-05-7.63683E-04-6.45892E-06
 -1      1040-1.97038E-05-8.02316E-04-6.75562E-06
 -1      1041-1.97553E-05-8.41083E-04-7.05236E-06
 -3
    1PSTEP                         2           1           1          
  100CL  101 1.000000000        1041                     0    1           1
 -4  STRESS      6    1
 -5  SXX         1    4    1    1
 -5  SYY         1    4    2    2
 -5  SZZ         1    4    3    3
 -5  SXY         1    4    1    2
 -5  SYZ         1    4    2    3
 -5  SZX         1    4    3    1
 -1         1 9.57050E+06 3.72192E+06 3.72191E+06-4.84729E+05-7.13094E-01 1.76071E+06
 -1         2-9.72483E+06-3.78193E+06-3.78193E+06-5.13963E+05-7.34970E-01-1.76524E+06
 -1         3-1.02473E+04 6.21460E+04 6.44950E+03-4.54929E+04 6.16766E+01 4.44114E+03
 -1         4 1.02829E+04-6.20436E+04-6.42558E+03-4.54383E+04-1.11333E+00-4.45351E+03
 -1         5-1.03075E+04 6.22357E+04 6.35101E+03-4.53827E+04-1.25440E+02-4.32459E+03
 -1         6 1.01728E+04-6.21462E+04-6.40926E+03-4.54245E+04-6.81293E+01 4.50635E+03
 -1         7-9.57077E+06-3.72202E+06-3.72202E+06-4.84738E+05 7.13261E-01 1.76069E+06
 -1         8 9.72495E+06 3.78198E+06 3.78197E+06-5.13960E+05 7.35122E-01-1.76523E+06
 -1         9-6.96288E+04-2.70782E+04-2.70783E+04 9.31694E+05-8.91500E-01-8.54822E+03
 -1        10 4.72458E+06 1.83728E+06 1.83729E+06 3.64719E+05 2.11240E+00 8.78930E+05
 -1        11-4.86935E+06-1.89358E+06-1.89358E+06 3.50538E+05 2.15083E+00-8.91953E+05
 -1        12-8.04163E+06 2.68122E+05 1.56441E+05 1.24091E+05-7.90169E+04 2.68786E+05
 -1        13-7.89677E+06-1.04774E+05-6.61186E+04-5.39576E+03 9.74353E+03 6.69067E+03
 -1        14-7.65715E+06 2.50230E+04 1.35960E+04-3.67009E+04-2.93853E+03 7.70344E+03
 -1        15-7.41050E+06-6.55286E+03-3.25507E+03-3.20198E+04 7.96084E+02 5.13470E+03
 -1        16-7.16115E+06 1.63549E+03 7.77974E+02-3.34797E+04-2.19656E+02 5.54940E+03
 -1        17-6.91411E+06-4.10149E+02-1.82417E+02-3.31215E+04 6.15814E+01 5.46381E+03
 -1        18-6.66608E+06 1.73283E+02 5.00902E+01-3.32200E+04-2.57010E+01 5.48155E+03
 -1        19-6.41839E+06 7.42046E+00 5.85527E+01-3.32007E+04 5.02644E+00 5.42982E+03
 -1        20-6.17071E+06-4.57750E+01-4.37790E+01-3.31773E+04 2.29087E+01 5.48627E+03
 -1        21-5.92298E+06-1.66162E+01 8.45233E+00-3.32064E+04-2.56158E+01 5.40901E+03
 -1        22-5.67541E+06 2.05410E+01 1.39847E+01-3.32084E+04 1.30192E+01 5.42794E+03
 -1        23-5.42751E+06 1.73331E+00 6.24226E+00-3.32318E+04-3.70395E+01 5.46479E+03
 -1        24-5.18008E+06-3.27034E+01-3.29955E+01-3.31533E+04 3.39678E+01 5.51109E+03
 -1        25-4.93219E+06 9.54196E+00-9.77941E+00-3.32133E+04 2.55092E+01 5.53655E+03
 -1        26-4.68448E+06-1.84144E+00 6.56609E+01-3.32341E+04 9.67602E+00 5.44984E+03
 -1        27-4.43728E+06 4.77459E+01 6.73595E+01-3.32617E+04-7.05055E+00 5.39973E+03
 -1        28-4.18965E+06 9.53866E+00-4.25449E+01-3.32551E+04 1.02084E+00 5.42925E+03
 -1        29-3.94237E+06-1.37842E+02-1.22140E+02-3.31432E+04 4.16478E+01 5.54927E+03
 -1        30-3.69484E+06-8.16156E+01 4.86773E+01-3.31941E+04-3.02468E+01 5.55333E+03
 -1        31-3.44759E+06 5.65769E+01-1.30450E+01-3.32865E+04 2.93516E+01 5.60220E+03
 -1        32-3.20039E+06 6.08477E+01 3.93560E+01-3.31974E+04-8.37778E+00 5.53244E+03
 -1        33-2.95320E+06 2.21252E+01 8.48651E+01-3.32422E+04-4.40255E+00 5.52655E+03
 -1        34-2.70632E+06-1.90298E+01 3.64476E+01-3.32861E+04 4.33993E+01 5.50894E+03
 -1        35-2.45961E+06-7.84033E+01-9.26363E+01-3.32661E+04 1.75360E+00 5.62150E+03
 -1        36-2.21289E+06-1.97015E+01 8.69984E+00-3.33553E+04-5.00373E+01 5.58947E+03
 -1        37-1.96642E+06-8.10068E+01-6.74565E+01-3.31823E+04 1.73072E+01 5.63046E+03
 -1        38-1.71975E+06 4.79571E+01 6.36100E+01-3.32636E+04 6.56606E+01 5.62655E+03
 -1        39-1.47358E+06 1.45645E+00 2.02089E+01-3.32744E+04 6.55155E+01 5.70395E+03
 -1        40-1.22781E+06-1.33401E+02-1.81036E+02-3.32189E+04 4.17861E+00 5.80844E+03
 -1        41-9.81499E+05 5.94238E+01 1.94442E+02-3.32936E+04 4.55412E+01 5.72560E+03
 -1        42-7.36013E+05-8.57727E+01-2.66753E+01-3.32948E+04 3.68382E+01 5.85272E+03
 -1        43-4.90772E+05 3.17236E+01-4.53454E+02-3.31764E+04 5.37724E+01 5.78077E+03
 -1        44-2.44188E+05 8.39350E+02 2.85987E+03-2.46343E+04-3.54867E+02 3.41738E+03
 -1        45-8.20758E+06-5.54742E+05-4.94051E+05-1.43431E+05 1.45306E+05-5.41686E+05
 -1        46-7.88739E+06 1.73928E+05 1.34686E+05 2.00322E+03-2.78008E+04 4.24619E+04
 -1        47-7.77725E+06-3.26326E+04-2.39706E+04-2.41103E+04 4.71960E+03-1.08896E+03
 -1        48-7.53492E+06 7.73773E+03 4.32940E+03-2.09248E+04-1.10577E+03 6.50184E+03
 -1        49-7.28529E+06-1.83089E+03-7.05653E+02-2.17641E+04 2.73523E+02 5.66102E+03
 -1        50-7.03828E+06 4.01913E+02 8.99046E+01-2.15769E+04-7.67911E+01 5.55893E+03
 -1        51-6.79028E+06-3.95877E+01-2.05669E+01-2.16599E+04 2.72529E+01 5.67306E+03
 -1        52-6.54255E+06 9.82817E+01 5.27154E+01-2.16599E+04-7.65584E+00 5.60143E+03
 -1        53-6.29492E+06-9.27215E+01-2.15290E+01-2.16273E+04-1.63239E+00 5.60303E+03
 -1        54-6.04709E+06-8.53209E+00-1.33081E+01-2.16213E+04-7.80778E+00 5.58977E+03
 -1        55-5.79939E+06 3.88461E+01 4.88759E+01-2.16615E+04 1.20222E+01 5.56881E+03
 -1        56-5.55177E+06 1.92011E+00-1.91485E+01-2.16569E+04-1.44291E+01 5.61649E+03
 -1        57-5.30402E+06-1.59777E+01-9.70706E+00-2.16772E+04 5.27812E+00 5.62105E+03
 -1        58-5.05634E+06-3.63776E+01 2.59954E+00-2.16211E+04 1.72899E+01 5.66743E+03
 -1        59-4.80864E+06-3.90139E+01-3.62523E+01-2.16379E+04 1.18581E+01 5.63089E+03
 -1        60-4.56097E+06 8.17287E+01 1.38029E+02-2.17105E+04 8.22122E+00 5.55973E+03
 -1        61-4.31370E+06 2.45041E+01 4.24620E+01-2.16968E+04 5.06825E+00 5.55994E+03
 -1        62-4.06625E+06-6.24419E+01-1.24955E+02-2.16418E+04 2.71189E+01 5.59579E+03
 -1        63-3.81869E+06-6.30803E+01-2.78195E+01-2.16192E+04-2.74194E+00 5.70214E+03
 -1        64-3.57137E+06-4.72592E+01 4.35328E+01-2.17112E+04-1.04256E+01 5.74484E+03
 -1        65-3.32418E+06 3.43475E+01 9.36593E+00-2.16945E+04 8.90566E-02 5.68330E+03
 -1        66-3.07698E+06-3.39607E+01 7.99521E+01-2.16374E+04-1.37564E+01 5.61869E+03
 -1        67-2.82983E+06 4.87621E+00 8.26905E+01-2.17054E+04 2.61923E+01 5.59954E+03
 -1        68-2.58316E+06-7.54354E+01-4.56364E+01-2.16965E+04 2.95592E+01 5.68098E+03
 -1        69-2.33625E+06 5.59778E+01 1.26688E+01-2.17573E+04-3.94733E+00 5.70181E+03
 -1        70-2.08983E+06-7.06360E+01-8.94452E+01-2.17605E+04 1.01250E+01 5.69421E+03
 -1        71-1.84306E+06-2.14403E+01 5.34315E+01-2.16768E+04 4.61752E+01 5.71816E+03
 -1        72-1.59680E+06-5.97796E+00 6.16415E+01-2.17345E+04 4.39753E+01 5.75923E+03
 -1        73-1.35080E+06-1.03337E+02-2.02330E+01-2.16864E+04 1.29266E+01 5.78130E+03
 -1        74-1.10458E+06-5.58545E+01 4.09461E+01-2.16995E+04 1.41411E+01 5.77602E+03
 -1        75-8.58936E+05-1.37981E+02-1.18462E+01-2.17146E+04 2.13131E+01 5.83150E+03
 -1        76-6.13089E+05 1.25884E+02-5.80101E+01-2.17712E+04 4.96811E+01 5.88505E+03
 -1        77-3.68844E+05-8.12340E+02 2.86473E+02-2.11039E+04-7.11374E+01 5.55554E+03
 -1        78-1.40059E+05-8.72156E+03-6.04059E+03-2.10443E+04 2.37259E+03 3.25920E+03
 -1        79 1.59693E+02 7.53187E+01 4.69508E+01-1.45953E+05-1.36056E+04 1.48652E+01
 -1        80-2.02904E+04-6.47890E+04-1.10448E+04-9.83704E+04-6.80002E+03-2.84093E+03
 -1        81 2.03650E+04 6.48706E+04 1.10463E+04-9.83634E+04-6.81538E+03 2.86222E+03
 -1        82 7.91333E+06-2.65209E+05-1.52030E+05 1.21307E+05-7.78486E+04-2.66419E+05
 -1        83 7.77210E+06 1.03261E+05 6.40958E+04-5.68175E+03 9.56832E+03-6.97104E+03
 -1        84 7.53762E+06-2.48233E+04-1.31356E+04-3.69241E+04-2.82344E+03-8.49062E+03
 -1        85 7.29643E+06 6.46738E+03 3.09566E+03-3.23246E+04 7.57897E+02-5.85634E+03
 -1        86 7.05237E+06-1.64152E+03-8.08759E+02-3.37439E+04-2.30148E+02-6.26774E+03
 -1        87 6.81078E+06 4.10579E+02 1.50408E+02-3.33533E+04 6.68864E+01-6.20418E+03
 -1        88 6.56807E+06-1.10318E+02-3.60577E+01-3.34724E+04-1.22454E+01-6.19966E+03
 -1        89 6.32572E+06 4.25907E+01 5.64719E+01-3.34584E+04 1.76124E+01-6.21368E+03
 -1        90 6.08334E+06-1.46448E+01-2.20496E+01-3.34081E+04-2.87709E+01-6.20831E+03
 -1        91 5.84088E+06-6.38882E+01-1.40250E+01-3.34605E+04-2.19547E+00-6.19032E+03
 -1        92 5.59842E+06 4.36997E+01-3.70136E+01-3.34172E+04 4.52548E+00-6.12878E+03
 -1        93 5.35601E+06 4.97062E+01 5.31620E+01-3.34635E+04 1.27688E+01-6.25499E+03
 -1        94 5.11362E+06 2.66327E+01-2.06331E+01-3.34418E+04 3.02536E+01-6.19564E+03
 -1        95 4.87104E+06-4.59787E+01 3.53037E+01-3.34491E+04-2.22828E+01-6.24109E+03
 -1        96 4.62857E+06 4.58438E+01-1.56112E+00-3.33460E+04-3.50520E+01-6.21835E+03
 -1        97 4.38571E+06-8.40085E+01 2.34779E+00-3.34855E+04 2.38902E+01-6.13800E+03
 -1        98 4.14331E+06 2.48461E+01 4.48953E+01-3.34427E+04 2.81826E+01-6.15731E+03
 -1        99 3.90047E+06 4.97060E+01-6.74900E+01-3.34389E+04-1.74732E+01-6.08836E+03
 -1       100 3.65782E+06 2.43228E+01 2.93072E+01-3.33764E+04-6.16097E+00-6.21157E+03
 -1       101 3.41472E+06 6.23269E+00 3.72490E+00-3.34880E+04-3.98574E+01-6.06291E+03
 -1       102 3.17221E+06 1.23025E+02 5.57426E+01-3.33738E+04-4.67051E+00-6.21498E+03
 -1       103 2.92858E+06-6.31052E+01-5.94569E+01-3.34587E+04-1.76258E+01-6.09383E+03
 -1       104 2.68582E+06 1.93401E+01 5.56796E+01-3.33966E+04 7.63133E+01-6.09599E+03
 -1       105 2.44209E+06-1.37868E+01-4.04448E+01-3.33976E+04 2.16204E+01-6.12548E+03
 -1       106 2.19873E+06-4.34697E+01-8.99342E-01-3.34907E+04-2.06024E+01-6.00662E+03
 -1       107 1.95534E+06-2.08789E+01 1.01401E+02-3.34165E+04-1.97976E+00-6.02173E+03
 -1       108 1.71136E+06 2.45449E+01-2.98472E+01-3.34507E+04-2.15200E+01-5.97724E+03
 -1       109 1.46797E+06 9.75317E+01 1.20708E+02-3.32654E+04 2.53202E+01-6.06004E+03
 -1       110 1.22300E+06 5.28946E+00-5.07159E+01-3.34435E+04-4.30880E+01-5.95134E+03
 -1       111 9.79462E+05-1.13087E+02 4.16193E+01-3.32947E+04 8.96002E+01-6.00422E+03
 -1       112 7.34323E+05 6.28239E+01-1.61780E+02-3.33587E+04-8.50775E+01-5.96786E+03
 -1       113 4.90405E+05 7.62396E+01 5.39154E+02-3.32435E+04 5.29134E+01-5.81115E+03
 -1       114 2.44122E+05-8.66976E+02-2.86126E+03-2.46446E+04-3.37477E+02-3.41743E+03
 -1       115 8.07601E+06 5.44435E+05 4.85813E+05-1.32544E+05 1.42393E+05 5.41529E+05
 -1       116 7.76278E+06-1.71233E+05-1.31647E+05 1.55613E+03-2.74470E+04-4.25293E+04
 -1       117 7.65526E+06 3.21208E+04 2.34507E+04-2.41955E+04 4.66889E+03 5.97757E+02
 -1       118 7.41805E+06-7.70696E+03-4.19524E+03-2.11729E+04-1.06998E+03-6.92079E+03
 -1       119 7.17391E+06 1.79683E+03 6.68642E+02-2.20192E+04 2.55938E+02-6.08953E+03
 -1       120 6.93220E+06-4.28341E+02-1.41394E+02-2.18655E+04-6.56562E+01-6.00529E+03
 -1       121 6.68962E+06 1.00787E+02-1.92886E+01-2.18969E+04 1.84946E+01-6.09099E+03
 -1       122 6.44726E+06 2.77087E+00 3.11281E+01-2.18817E+04-1.45113E+01-6.03768E+03
 -1       123 6.20479E+06 1.83922E+00 3.30031E+01-2.18916E+04 1.11078E+01-6.05983E+03
 -1       124 5.96233E+06-5.83690E+01-5.92382E+01-2.18843E+04-8.70461E+00-6.05632E+03
 -1       125 5.71992E+06-1.58327E+01-1.95250E+01-2.18699E+04-4.84729E+00-6.01006E+03
 -1       126 5.47755E+06 9.87901E+01 4.45600E+01-2.18990E+04 1.44275E+00-6.05304E+03
 -1       127 5.23491E+06-3.01606E+01-2.41917E+01-2.19005E+04 3.42254E+01-6.06343E+03
 -1       128 4.99257E+06 8.45566E+00-8.66224E+00-2.18790E+04-4.10047E+00-6.10717E+03
 -1       129 4.75012E+06 3.51070E+01 7.86555E+01-2.18436E+04-3.08507E+01-6.06008E+03
 -1       130 4.50725E+06-4.29115E+01-6.32281E+01-2.18605E+04-1.26628E+01-6.04863E+03
 -1       131 4.26474E+06-3.90015E+01 6.75027E+01-2.19002E+04 2.00531E+01-5.99393E+03
 -1       132 4.02201E+06-3.09880E+01 3.24186E+00-2.18741E+04 2.85129E+01-6.02414E+03
 -1       133 3.77941E+06 6.20519E+01 8.07329E+00-2.18644E+04-2.24742E-02-6.04117E+03
 -1       134 3.53636E+06-3.02826E+01-4.33505E+01-2.18881E+04-1.65736E+01-6.01717E+03
 -1       135 3.29368E+06 9.02166E+01 2.10403E+01-2.19073E+04-1.43909E+01-5.99297E+03
 -1       136 3.05043E+06 2.81809E+01-7.31395E+01-2.18475E+04-2.85091E+01-6.05928E+03
 -1       137 2.80734E+06 1.52171E+00-3.94932E+00-2.18783E+04 2.48825E+01-5.96771E+03
 -1       138 2.56411E+06 3.27277E+01 6.79701E+01-2.18005E+04 4.61438E+01-6.01192E+03
 -1       139 2.32047E+06-1.02840E+02-2.26593E+01-2.18932E+04 1.17238E+01-5.99347E+03
 -1       140 2.07721E+06-2.41255E+00 1.17891E+02-2.19035E+04-1.51086E+01-5.92811E+03
 -1       141 1.83341E+06-1.69447E+01 5.68869E+01-2.18420E+04-2.24022E+01-5.94886E+03
 -1       142 1.58966E+06-6.17873E+01-3.33972E+01-2.18357E+04 2.07132E+01-5.93590E+03
 -1       143 1.34550E+06 3.41095E+01 2.12699E+01-2.17558E+04-1.05883E+01-5.97118E+03
 -1       144 1.10138E+06 1.53831E+00 4.34301E+01-2.18628E+04 2.30829E+01-5.90122E+03
 -1       145 8.56918E+05 1.61450E+00-6.24095E+00-2.17160E+04-1.16025E+01-5.94476E+03
 -1       146 6.12191E+05-6.81636E+01 1.12299E+02-2.18751E+04-1.72231E+00-5.89822E+03
 -1       147 3.68523E+05 7.69168E+02-2.45709E+02-2.11770E+04-1.51150E+01-5.57822E+03
 -1       148 1.40114E+05 8.80787E+03 6.13146E+03-2.10088E+04 2.31977E+03-3.27137E+03
 -1       149-1.56227E+04 6.66951E+04 1.92531E+04-4.30502E+04-1.37195E+02-1.20225E+01
 -1       150-1.39808E+04 6.85409E+04 1.36738E+04-3.98091E+04 2.65833E+02 3.94138E+03
 -1       151-1.38633E+04 6.87444E+04 1.37898E+04-3.98146E+04-4.45880E+02-3.88312E+03
 -1       152 7.80386E+01-3.51320E+01 2.22711E+00-1.45984E+05 1.36464E+04-5.71763E+01
 -1       153-2.03647E+04-6.48830E+04-1.10335E+04-9.83445E+04 6.81414E+03 2.87042E+03
 -1       154 2.04553E+04 6.49155E+04 1.10083E+04-9.83553E+04 6.78771E+03-2.84151E+03
 -1       155 1.57381E+04-6.65764E+04-1.91206E+04-4.30317E+04 1.77014E+00-8.51631E-01
 -1       156 1.39570E+04-6.85180E+04-1.36115E+04-3.98510E+04 3.22181E+02-3.91673E+03
 -1       157 1.38210E+04-6.86477E+04-1.38004E+04-3.98689E+04-3.70363E+02 3.91614E+03
 -1       158-2.44229E+05 9.35787E+02 2.87468E+03-2.46540E+04 3.93366E+02-3.42811E+03
 -1       159-4.90075E+05 5.90317E+01-3.01481E+02-3.30958E+04-4.28535E+01-5.85074E+03
 -1       160-7.34876E+05-1.94014E+02 7.90585E+01-3.34242E+04 5.46996E+01-5.92968E+03
 -1       161-9.78935E+05 1.15283E+02 5.42503E+01-3.33287E+04 5.91990E-01-5.98996E+03
 -1       162-1.22368E+06-3.27441E+01-1.27358E+02-3.34787E+04-1.17512E+01-5.92025E+03
 -1       163-1.46714E+06 2.25969E+02 1.32033E+02-3.33349E+04-4.57022E+01-6.05079E+03
 -1       164-1.71161E+06 3.56722E+00-4.28430E+00-3.33678E+04-3.75953E+01-5.95721E+03
 -1       165-1.95531E+06-4.78615E+01-4.42468E+00-3.34138E+04 2.25609E+01-6.02909E+03
 -1       166-2.19859E+06 6.90527E+01 2.70078E+01-3.34129E+04 1.08420E+02-6.14632E+03
 -1       167-2.44261E+06-1.69055E+01-4.07910E+01-3.34544E+04-1.33801E+01-5.99083E+03
 -1       168-2.68527E+06 1.65377E+02 1.09345E+02-3.33516E+04 2.78266E+01-6.15665E+03
 -1       169-2.92912E+06-1.10982E+02-4.83573E+01-3.35481E+04 1.41754E+01-6.11563E+03
 -1       170-3.17173E+06 1.35972E+01-5.61845E+01-3.34562E+04-8.04821E+00-6.08680E+03
 -1       171-3.41473E+06-3.69488E+01 2.62863E+01-3.34870E+04 3.53671E+01-6.21745E+03
 -1       172-3.65778E+06 5.67988E+01 2.42072E+01-3.33862E+04 2.16797E+01-6.13702E+03
 -1       173-3.90068E+06-3.93645E+01-3.79209E+01-3.34324E+04-1.14287E+00-6.19250E+03
 -1       174-4.14341E+06-1.19145E+01-7.15851E+01-3.34835E+04-6.91769E+00-6.15664E+03
 -1       175-4.38583E+06-1.83912E+01-8.60908E+00-3.35711E+04 2.09448E+01-6.12775E+03
 -1       176-4.62833E+06 1.05501E+02 8.18302E+01-3.34177E+04-1.74987E+01-6.25177E+03
 -1       177-4.87087E+06 7.03039E+01 1.03648E+02-3.33842E+04-1.38218E+01-6.31132E+03
 -1       178-5.11374E+06-7.87707E+01-4.59761E+01-3.34381E+04-8.97219E+00-6.22112E+03
 -1       179-5.35594E+06 3.52873E+01-3.00711E+01-3.34581E+04-1.98817E+00-6.23301E+03
 -1       180-5.59860E+06-1.71441E+00-9.93765E+01-3.35139E+04 5.21570E+01-6.16994E+03
 -1       181-5.84108E+06-3.97294E+01 2.96278E+01-3.35473E+04-2.24134E+01-6.20856E+03
 -1       182-6.08312E+06-1.86637E+01 9.31785E+01-3.35023E+04 1.27659E+01-6.28886E+03
 -1       183-6.32567E+06 1.09004E+01-1.65848E+01-3.33943E+04-1.54900E+01-6.23791E+03
 -1       184-6.56816E+06 1.24530E+02 2.78277E+01-3.34825E+04-1.13529E-01-6.24670E+03
 -1       185-6.81073E+06-3.98333E+02-2.14571E+02-3.34385E+04-2.11402E+01-6.19796E+03
 -1       186-7.05266E+06 1.54659E+03 7.06681E+02-3.37522E+04 2.07891E+02-6.31269E+03
 -1       187-7.29638E+06-6.43337E+03-3.10805E+03-3.24591E+04-7.91806E+02-5.80939E+03
 -1       188-7.53763E+06 2.48488E+04 1.31980E+04-3.70951E+04 2.86840E+03-8.46350E+03
 -1       189-7.77208E+06-1.03256E+05-6.40102E+04-5.74222E+03-9.54998E+03-7.02377E+03
 -1       190-7.91306E+06 2.65312E+05 1.52102E+05 1.21304E+05 7.78216E+04-2.66485E+05
 -1       191-1.40209E+05-8.75279E+03-6.31474E+03-2.09948E+04-2.32380E+03-3.22347E+03
 -1       192-3.68437E+05-7.18485E+02 3.16341E+02-2.11340E+04 9.01194E+01-5.55446E+03
 -1       193-6.12387E+05 5.32562E+01-8.39231E+01-2.17840E+04-3.85018E+00-5.88156E+03
 -1       194-8.56853E+05-1.32000E+01 8.93998E+01-2.18039E+04 3.63836E+01-5.91632E+03
 -1       195-1.10150E+06-4.39969E+01-1.21394E+02-2.18228E+04 1.30502E+01-5.90776E+03
 -1       196-1.34537E+06 1.11373E+02-2.64960E+01-2.18769E+04-1.13776E+01-5.93955E+03
 -1       197-1.58962E+06 4.24513E+01-1.00161E+02-2.17977E+04 2.81553E+00-5.95819E+03
 -1       198-1.83340E+06 9.12048E+01-1.25306E+01-2.18728E+04-1.21806E+01-5.91798E+03
 -1       199-2.07710E+06 2.80338E+01-1.28091E+01-2.18623E+04 3.31351E+01-5.95078E+03
 -1       200-2.32074E+06 6.95021E+00 6.78292E+00-2.18389E+04 2.20840E+01-6.03732E+03
 -1       201-2.56392E+06 1.08812E+02 6.82866E+01-2.18627E+04-3.33556E+00-5.95829E+03
 -1       202-2.80749E+06 5.23044E+00-5.61147E+01-2.18930E+04 2.30366E+01-6.06436E+03
 -1       203-3.05048E+06-2.04869E+01-2.67820E+01-2.19617E+04 1.73731E+01-5.96308E+03
 -1       204-3.29340E+06 1.58084E+01-8.31493E+01-2.19218E+04 1.51941E+01-6.00837E+03
 -1       205-3.53649E+06-6.31968E+01 1.90952E+01-2.18362E+04 3.93699E+01-6.03588E+03
 -1       206-3.77937E+06 2.37236E+01 2.55312E+01-2.18677E+04 1.07825E+01-6.08146E+03
 -1       207-4.02214E+06 2.88292E+01-2.62587E+00-2.19050E+04-1.89266E+01-6.07034E+03
 -1       208-4.26491E+06-5.58984E+01-1.29719E+02-2.19740E+04 1.54695E+01-6.00043E+03
 -1       209-4.50717E+06 7.09609E+01 8.11251E+01-2.19478E+04 1.44523E+01-6.05809E+03
 -1       210-4.74986E+06 7.13699E+01 5.26774E+01-2.18803E+04-1.91025E+01-6.12417E+03
 -1       211-4.99259E+06-1.52557E+00-1.24374E+01-2.18244E+04-1.02904E+01-6.12813E+03
 -1       212-5.23501E+06-9.23778E-01 2.35512E+00-2.18827E+04-1.01012E+01-6.04923E+03
 -1       213-5.47763E+06-4.64139E+01-9.40725E+01-2.19322E+04 2.61174E+01-6.05648E+03
 -1       214-5.71997E+06 3.97455E+01 2.46609E+01-2.19932E+04 4.36432E+00-6.10092E+03
 -1       215-5.96238E+06-2.48239E+01 1.65747E+01-2.19891E+04 4.43659E+00-6.08331E+03
 -1       216-6.20476E+06-5.90745E+01 1.63267E+01-2.18613E+04 1.12032E+01-6.08569E+03
 -1       217-6.44715E+06 1.02293E+02 2.94194E+01-2.18781E+04-1.34313E+01-6.09717E+03
 -1       218-6.68971E+06-1.10141E+02-7.61308E+01-2.19517E+04-1.51810E+01-6.10082E+03
 -1       219-6.93222E+06 4.22394E+02 1.33871E+02-2.18882E+04 8.78420E+01-6.02766E+03
 -1       220-7.17402E+06-1.80484E+03-6.98547E+02-2.21214E+04-2.84025E+02-6.06661E+03
 -1       221-7.41817E+06 7.66199E+03 4.15554E+03-2.13296E+04 1.07676E+03-6.88399E+03
 -1       222-7.65516E+06-3.20772E+04-2.33490E+04-2.43195E+04-4.63305E+03 5.79134E+02
 -1       223-7.76266E+06 1.71285E+05 1.31724E+05 1.50789E+03 2.74412E+04-4.25786E+04
 -1       224-8.07606E+06-5.44460E+05-4.85874E+05-1.32522E+05-1.42414E+05 5.41481E+05
 -1       225 6.97240E+04 2.71153E+04 2.71153E+04 9.31682E+05 8.91610E-01-8.55437E+03
 -1       226 4.86939E+06 1.89359E+06 1.89360E+06 3.50541E+05-2.15094E+00-8.91958E+05
 -1       227-4.72460E+06-1.83729E+06-1.83729E+06 3.64711E+05-2.11261E+00 8.78912E+05
 -1       228 2.44187E+05-9.38766E+02-2.87343E+03-2.46237E+04 2.84881E+02 3.40860E+03
 -1       229 4.90844E+05-2.03085E+01 4.25741E+02-3.31598E+04-3.13022E+01 5.75574E+03
 -1       230 7.35670E+05-3.52115E+01-2.11762E+02-3.32601E+04-6.88515E+01 5.88570E+03
 -1       231 9.81784E+05-4.34322E+01 9.98324E+00-3.32718E+04 3.73579E+01 5.79892E+03
 -1       232 1.22738E+06-3.72456E+01-3.68535E+01-3.32729E+04-1.95009E+01 5.76582E+03
 -1       233 1.47393E+06 4.18846E-01 1.48855E+02-3.32652E+04-6.57713E+00 5.72823E+03
 -1       234 1.71995E+06 2.15357E+01 5.13978E+01-3.33603E+04-6.59946E+01 5.64698E+03
 -1       235 1.96612E+06 2.61075E+01 3.61304E+01-3.33232E+04 1.09601E+01 5.59372E+03
 -1       236 2.21289E+06-5.76241E+01-2.93096E+01-3.32347E+04-1.05199E+01 5.57464E+03
 -1       237 2.45938E+06-3.40982E+01-2.36278E+01-3.32436E+04 4.60024E+01 5.68830E+03
 -1       238 2.70656E+06 5.31459E+01 3.64123E+01-3.32764E+04 2.16685E+01 5.53150E+03
 -1       239 2.95304E+06-2.94861E+01-7.71523E+01-3.31762E+04-4.09223E+01 5.65575E+03
 -1       240 3.20070E+06 8.89950E+00 1.14950E+02-3.33034E+04 2.82657E+01 5.52162E+03
 -1       241 3.44744E+06-1.00633E+02-1.14831E+02-3.33002E+04 3.37286E+00 5.61446E+03
 -1       242 3.69484E+06 4.33433E+01-8.64454E+00-3.32683E+04 4.21976E+01 5.52381E+03
 -1       243 3.94218E+06 5.20004E+01 3.54784E+00-3.31885E+04 8.86607E+00 5.49917E+03
 -1       244 4.18974E+06-4.92984E+01 5.35869E+01-3.31938E+04-5.66037E+01 5.51286E+03
 -1       245 4.43721E+06-2.00822E+01 4.55247E+00-3.33470E+04 4.30567E+01 5.46139E+03
 -1       246 4.68449E+06-1.61675E+01-1.01164E+02-3.32409E+04-3.02568E+00 5.52613E+03
 -1       247 4.93223E+06-8.28018E+00 2.23777E+00-3.32139E+04 1.62754E+00 5.53033E+03
 -1       248 5.18002E+06 1.56547E+01 4.64568E+01-3.32101E+04-8.03130E+00 5.51342E+03
 -1       249 5.42775E+06 3.37506E+01 3.48107E+01-3.32575E+04-3.48760E+01 5.44177E+03
 -1       250 5.67514E+06-9.89276E+00 4.94424E+00-3.32918E+04 3.81041E+01 5.47170E+03
 -1       251 5.92295E+06-7.01228E+01-5.78707E+01-3.32366E+04-2.55264E+01 5.51392E+03
 -1       252 6.17051E+06-3.81659E+01-8.72842E+01-3.31820E+04 6.07173E+00 5.55021E+03
 -1       253 6.41861E+06 7.57444E+01 1.09173E+02-3.32117E+04 2.09729E+01 5.45639E+03
 -1       254 6.66617E+06-8.07881E+01-5.01276E+01-3.32598E+04 3.63931E-01 5.52695E+03
 -1       255 6.91406E+06 4.33129E+02 1.74578E+02-3.31604E+04-7.15276E+01 5.43862E+03
 -1       256 7.16128E+06-1.57766E+03-7.42310E+02-3.35003E+04 2.20665E+02 5.59098E+03
 -1       257 7.41037E+06 6.44923E+03 3.23887E+03-3.22305E+04-7.59503E+02 5.14362E+03
 -1       258 7.65698E+06-2.51592E+04-1.36303E+04-3.67233E+04 2.89443E+03 7.66961E+03
 -1       259 7.89662E+06 1.04818E+05 6.60214E+04-5.41749E+03-9.73935E+03 6.86017E+03
 -1       260 8.04171E+06-2.68087E+05-1.56392E+05 1.24160E+05 7.90561E+04 2.68892E+05
 -1       261 1.40145E+05 8.75674E+03 6.20265E+03-2.09855E+04-2.39312E+03 3.31942E+03
 -1       262 3.68701E+05 7.04607E+02-3.41074E+02-2.10852E+04 6.52948E+00 5.54951E+03
 -1       263 6.13173E+05-7.46378E+01 9.31522E+01-2.17741E+04-4.56847E+01 5.83772E+03
 -1       264 8.58702E+05-6.18114E+01-1.96211E+02-2.17053E+04-5.49057E+01 5.84456E+03
 -1       265 1.10466E+06 7.54643E-01-9.96122E+00-2.17308E+04-9.04581E+00 5.84330E+03
 -1       266 1.35071E+06-1.59075E+01 9.63519E+01-2.16755E+04-2.41655E+01 5.79673E+03
 -1       267 1.59699E+06 2.25614E+01 7.36079E+01-2.17348E+04-3.65244E+01 5.74252E+03
 -1       268 1.84315E+06 5.20816E+01 3.38648E+00-2.18190E+04-1.91538E+01 5.70817E+03
 -1       269 2.08954E+06-2.55943E+01-4.54848E+01-2.17194E+04-1.41357E+01 5.70326E+03
 -1       270 2.33626E+06-3.00996E+01-5.40732E+00-2.17009E+04 2.82905E+01 5.71190E+03
 -1       271 2.58313E+06 3.61251E+01-5.28727E+01-2.16768E+04 3.93163E+01 5.71265E+03
 -1       272 2.82979E+06-5.06861E+01-9.80987E+01-2.17064E+04-9.30524E+00 5.69564E+03
 -1       273 3.07716E+06 3.24742E+01 1.01769E+02-2.16878E+04-1.39128E+01 5.70387E+03
 -1       274 3.32413E+06-6.96403E+01-1.98295E+01-2.17444E+04-4.17565E+00 5.68547E+03
 -1       275 3.57144E+06 7.35473E+01 1.17123E+01-2.17077E+04 2.45434E+01 5.66293E+03
 -1       276 3.81863E+06 4.05503E+01-6.60673E+01-2.16717E+04 1.30689E+01 5.65542E+03
 -1       277 4.06603E+06-5.59804E+01-8.49157E+01-2.16238E+04-4.20109E+01 5.67716E+03
 -1       278 4.31372E+06-2.91339E+01 3.61050E+01-2.17291E+04 9.16500E-01 5.61819E+03
 -1       279 4.56099E+06-3.08025E+01-4.49578E+01-2.17747E+04 2.61847E+01 5.64509E+03
 -1       280 4.80872E+06 6.28311E+01 5.09076E+01-2.16657E+04 4.37957E+00 5.65984E+03
 -1       281 5.05634E+06-1.98451E+01 3.73948E+01-2.16248E+04-3.04091E+00 5.65876E+03
 -1       282 5.30403E+06-8.78818E+00-3.43609E+01-2.16777E+04-2.12668E+01 5.63473E+03
 -1       283 5.55178E+06 7.08300E+01 4.82343E+01-2.17372E+04 1.18546E+01 5.57537E+03
 -1       284 5.79925E+06-6.33526E+01-4.83501E+01-2.17033E+04 1.94772E+00 5.67577E+03
 -1       285 6.04699E+06-6.82240E+01-6.81331E+01-2.16798E+04-1.42206E+01 5.66820E+03
 -1       286 6.29497E+06 7.26780E+01 5.27566E+01-2.16189E+04 8.08276E+00 5.64870E+03
 -1       287 6.54259E+06-5.24306E+01-1.33738E+00-2.16759E+04 1.21272E+01 5.64856E+03
 -1       288 6.79034E+06 1.47443E+02 2.45965E+01-2.16946E+04-2.66277E+01 5.65360E+03
 -1       289 7.03823E+06-4.10043E+02-1.48323E+02-2.16411E+04 6.61294E+01 5.58678E+03
 -1       290 7.28539E+06 1.82336E+03 7.77477E+02-2.18652E+04-2.70478E+02 5.64671E+03
 -1       291 7.53476E+06-7.83621E+03-4.38045E+03-2.10303E+04 1.11472E+03 6.49711E+03
 -1       292 7.77702E+06 3.25213E+04 2.39387E+04-2.41798E+04-4.75822E+03-9.96091E+02
 -1       293 7.88746E+06-1.73805E+05-1.34667E+05 2.06940E+03 2.78331E+04 4.25719E+04
 -1       294 8.20763E+06 5.54757E+05 4.94081E+05-1.43404E+05-1.45275E+05-5.41614E+05
 -1       295-8.42244E+06-3.27545E+06-3.27544E+06-1.05267E+06-1.19891E-02 8.26375E+03
 -1       296-8.90826E+06-3.46427E+06-3.46427E+06-8.55373E+05-1.60952E+00 8.72874E+05
 -1       297-8.98551E+06-3.49431E+06-3.49431E+06-8.70115E+05 1.65762E+00-8.64964E+05
 -1       298 8.42234E+06 3.27541E+06 3.27540E+06-1.05269E+06 1.21442E-02 8.25494E+03
 -1       299 8.98552E+06 3.49432E+06 3.49432E+06-8.70131E+05-1.65769E+00-8.64966E+05
 -1       300 8.90806E+06 3.46419E+06 3.46420E+06-8.55384E+05 1.60928E+00 8.72877E+05
 -1       301-6.88770E+04-4.52284E+03 1.22002E+03-1.99844E+05-1.60451E+04 1.54999E+03
 -1       302-6.23816E+04 4.62392E+01-8.00527E+02-1.77605E+05 2.09141E+04-1.92325E+02
 -1       303-5.97538E+04-8.40693E+01 2.10530E+02-1.65279E+05-4.27266E+03-2.98473E+02
 -1       304-5.71967E+04 5.55204E+00-7.96529E+01-1.64941E+05 1.04603E+03-2.01821E+02
 -1       305-5.41805E+04 7.63690E+01 6.06254E+01-1.64952E+05-2.20248E+02-2.73333E+02
 -1       306-5.17162E+04-2.28329E+01-9.50358E+00-1.64980E+05 1.79307E+01-2.58280E+02
 -1       307-4.90378E+04-6.34305E+00 1.34367E+01-1.64997E+05 8.34801E+00-2.50554E+02
 -1       308-4.61613E+04 2.53909E+01 2.20863E+01-1.64996E+05 1.17868E+01-3.29747E+02
 -1       309-4.38834E+04-6.67504E+00-3.42444E+01-1.64934E+05-1.84415E+01-2.78136E+02
 -1       310-4.10341E+04 1.57203E+01 2.96385E+00-1.64933E+05 4.04224E+00-2.39842E+02
 -1       311-3.84075E+04-5.38224E+01-1.54328E+01-1.64944E+05-1.56701E+01-2.49979E+02
 -1       312-3.58032E+04 6.75520E+00 1.75213E+01-1.65014E+05 2.71986E+01-2.70793E+02
 -1       313-3.32594E+04 2.23150E+01 6.57548E+00-1.65023E+05-1.92122E+01-2.57688E+02
 -1       314-3.04145E+04 9.49454E+01 3.70743E+01-1.65032E+05 9.69011E+00-2.73711E+02
 -1       315-2.81186E+04 2.27205E+01 9.42894E+00-1.64947E+05 1.20877E+01-2.81649E+02
 -1       316-2.56514E+04-6.75282E+01 1.87082E+00-1.64895E+05-1.69563E+01-2.75948E+02
 -1       317-2.32848E+04-2.13274E+00-2.32473E+01-1.65010E+05 1.51577E+00-2.18442E+02
 -1       318-2.09318E+04 4.07428E+01 2.74144E+01-1.65072E+05 4.33747E+00-2.27345E+02
 -1       319-1.83169E+04 4.08636E+01 1.98159E+01-1.65075E+05-1.39852E+01-2.33185E+02
 -1       320-1.65325E+04-4.34932E+01-7.94110E+01-1.65013E+05 3.35338E+01-1.94519E+02
 -1       321-1.41554E+04 1.29370E+02 8.10667E+01-1.64988E+05 1.32842E+01-2.34356E+02
 -1       322-1.22516E+04-3.10523E+01-2.78256E+00-1.64936E+05-2.26231E+01-2.03619E+02
 -1       323-1.02711E+04 3.69878E+01 9.24310E+00-1.64994E+05-2.99644E+01-1.85103E+02
 -1       324-8.75909E+03-2.08600E+01-3.55857E-01-1.65057E+05 1.43160E+01-1.63658E+02
 -1       325-7.03591E+03 9.41037E+00 2.85936E+01-1.65088E+05 4.59389E+01-1.39251E+02
 -1       326-5.50577E+03 1.00379E+02 1.13907E+01-1.65102E+05 5.53561E+01-8.47825E+01
 -1       327-4.09051E+03 6.11034E+01 7.31139E+01-1.64996E+05-2.81209E+01-1.16712E+02
 -1       328-2.94329E+03 1.48227E+02 5.73808E+01-1.65058E+05-2.61922E+01-1.87225E+02
 -1       329-2.09181E+03-5.45533E+01-4.41373E+01-1.65026E+05 3.57071E+01-1.02529E+02
 -1       330-1.09339E+03 2.10327E+02 6.12044E+01-1.65000E+05-1.11017E+01-8.04417E+01
 -1       331-7.57490E+02 3.59175E+01-1.57894E+01-1.64963E+05 2.76562E+01-7.60360E+01
 -1       332-2.20948E+02 4.32309E+01-4.10607E+01-1.65164E+05-8.80184E+01-3.33663E+01
 -1       333-1.29648E+02 4.24675E+01-2.97987E+01-1.73742E+05-8.31464E+01 1.32370E+01
 -1       334 3.98072E+06 9.19968E+04-7.55083E+03 1.21761E+04-3.59466E+04-1.59553E+05
 -1       335-6.66019E+04-7.71352E+03-4.62379E+03 2.42688E+05 1.49968E+05-3.79879E+03
 -1       336 3.82831E+06 4.99432E+03 1.07344E+04-1.08544E+05 1.31198E+04-1.01544E+03
 -1       337-6.25154E+04-3.95709E+02 1.97602E+03-8.48764E+04 1.08487E+03 2.34738E+02
 -1       338 3.74891E+06-6.45078E+01-1.00856E+03-1.00953E+05-3.04427E+03-2.54621E+03
 -1       339-6.13257E+04-1.11708E+02-4.36023E+02-1.62057E+05 5.88141E+03-2.31871E+02
 -1       340 3.61767E+06 4.65947E+02 4.39718E+02-1.02943E+05 7.95635E+02-1.07200E+03
 -1       341-5.84808E+04-5.00924E+01 4.05385E+01-1.51207E+05-1.54192E+03-8.98101E+01
 -1       342 3.49982E+06-1.48774E+02-1.54009E+02-1.02596E+05-1.97939E+02-1.13602E+03
 -1       343-5.56444E+04 4.64788E+01-1.59371E+00-1.53797E+05 4.06565E+02-6.60845E+01
 -1       344 3.37964E+06 4.39632E+01 3.85236E+01-1.02672E+05 3.08426E+01-1.14766E+03
 -1       345-5.30263E+04-4.81948E+00 8.47697E+00-1.53324E+05-9.92345E+01-1.25402E+02
 -1       346 3.25975E+06-2.20836E+01-2.26076E+01-1.02685E+05-1.05781E-01-1.13142E+03
 -1       347-5.03157E+04 2.60028E+01 2.81201E+01-1.53459E+05 4.91500E+00-1.14724E+02
 -1       348 3.14000E+06 2.35631E+01 5.02515E+01-1.02720E+05 1.50525E+01-1.17325E+03
 -1       349-4.76201E+04 1.19761E+01 2.66604E+00-1.53427E+05 6.92456E+00-1.10452E+02
 -1       350 3.01996E+06-1.42830E+01-1.48294E+01-1.02623E+05-2.26618E+01-1.16361E+03
 -1       351-4.50953E+04-4.01841E+01-1.81842E+01-1.53410E+05 4.95173E+00-1.71111E+02
 -1       352 2.90012E+06-1.74471E+01-2.24057E+01-1.02657E+05-3.54942E+00-1.14105E+03
 -1       353-4.23773E+04 4.87954E+01 2.42386E+01-1.53386E+05-8.50079E+00-1.17558E+02
 -1       354 2.78017E+06-1.37989E+01-3.14508E+01-1.02638E+05 1.64380E+00-1.11082E+03
 -1       355-3.97566E+04-4.22526E+01-4.91142E+01-1.53375E+05-5.30651E+00-8.92241E+01
 -1       356 2.66028E+06 4.05555E+01 4.45323E+01-1.02706E+05 1.78594E+01-1.16200E+03
 -1       357-3.71061E+04 1.14951E+00 2.90708E+01-1.53433E+05 1.36301E+01-1.06917E+02
 -1       358 2.54035E+06 3.28414E+01 1.03860E+01-1.02686E+05-2.11424E+00-1.13154E+03
 -1       359-3.45222E+04 2.64138E+00-5.11840E-01-1.53468E+05-6.69126E+00-1.32855E+02
 -1       360 2.42047E+06 2.34520E+01 3.87278E+01-1.02718E+05 4.60713E+00-1.15629E+03
 -1       361-3.18515E+04 3.58151E+01-1.01656E+01-1.53461E+05 2.89728E+00-1.11377E+02
 -1       362 2.30041E+06 1.54210E+01 6.75240E+00-1.02626E+05 8.49680E+00-1.15047E+03
 -1       363-2.92910E+04 4.88108E+01 3.31454E+01-1.53433E+05 9.91732E+00-1.49310E+02
 -1       364 2.18017E+06-9.01859E+01-5.37842E+01-1.02654E+05 8.37069E+00-1.14223E+03
 -1       365-2.68658E+04-5.98235E+00-1.72042E+00-1.53370E+05-8.34670E-02-1.42136E+02
 -1       366 2.06014E+06 2.48788E+01 1.12508E+01-1.02677E+05 6.87179E+00-1.11970E+03
 -1       367-2.45548E+04-9.64268E+01-8.24768E+01-1.53415E+05-1.53464E+01-9.84071E+01
 -1       368 1.93987E+06 3.92356E+01-3.00700E+01-1.02706E+05 8.76160E+00-1.06494E+03
 -1       369-2.19924E+04 5.81396E+01 7.15112E+01-1.53483E+05-1.15656E+01-8.85334E+01
 -1       370 1.81990E+06 4.42762E+01 2.01058E+01-1.02702E+05-3.27219E+00-1.10300E+03
 -1       371-1.96415E+04 4.31474E+01 2.92411E+01-1.53499E+05-4.26248E+00-9.88348E+01
 -1       372 1.69926E+06 2.08427E+01 1.72284E+01-1.02688E+05-1.04699E+01-1.07776E+03
 -1       373-1.75374E+04-7.88551E+01-1.02102E+02-1.53496E+05 2.27857E+01-1.10807E+02
 -1       374 1.57916E+06 1.44626E+02 1.26928E+02-1.02650E+05 3.04284E+00-1.15234E+03
 -1       375-1.52466E+04 7.68731E+01 2.93927E+01-1.53448E+05 1.83208E+01-8.68916E+01
 -1       376 1.45826E+06-7.76641E+01-4.03467E+01-1.02646E+05-1.77553E+00-1.10103E+03
 -1       377-1.32738E+04 1.13205E+00-2.73731E+01-1.53382E+05 1.55595E+01-1.25972E+02
 -1       378 1.33783E+06 1.25325E+01 1.04849E+01-1.02646E+05 3.69844E+01-1.07006E+03
 -1       379-1.12785E+04-7.40423E+00-1.40437E+01-1.53432E+05-5.42787E+00-5.97975E+01
 -1       380 1.21677E+06 4.21661E+00-2.26536E+01-1.02680E+05 1.79785E+01-1.05589E+03
 -1       381-9.47834E+03 2.80021E+01 3.45611E+01-1.53479E+05-1.94718E+00-7.59071E+01
 -1       382 1.09593E+06-9.98764E+00-1.71821E+01-1.02731E+05 2.84436E+01-1.01110E+03
 -1       383-7.87571E+03-6.11601E-01 9.91353E+00-1.53521E+05 4.26410E+00-7.12690E+01
 -1       384 9.74986E+05 3.69609E+01 5.52412E+01-1.02680E+05 3.02628E+01-1.00318E+03
 -1       385-6.35412E+03 9.50685E+00-7.42315E+01-1.53531E+05 2.96637E+01-4.51763E+01
 -1       386 8.53668E+05 1.98876E+01 1.37445E+01-1.02658E+05-9.18681E+00-1.00318E+03
 -1       387-4.76970E+03 3.51977E+01-2.26824E+01-1.53496E+05 1.36761E+01-1.50546E+01
 -1       388 7.32570E+05 1.14537E+02 9.62068E+01-1.02624E+05 2.08670E+01-1.05211E+03
 -1       389-3.54902E+03 3.53669E+01 2.60822E+01-1.53487E+05-3.43579E+01-6.12234E+01
 -1       390 6.10494E+05-6.69945E+01-7.43142E+01-1.02663E+05 1.78294E+01-1.02456E+03
 -1       391-2.54366E+03 1.96681E+01 1.34346E+01-1.53443E+05 2.25892E+01-8.66866E+01
 -1       392 4.89240E+05 1.10753E+02 8.62738E+01-1.02593E+05 2.02380E+01-1.00602E+03
 -1       393-1.68569E+03 6.32872E+00-6.70527E+01-1.53468E+05 3.71766E+01-4.01503E+01
 -1       394 3.66844E+05 3.41345E+01-9.73231E+01-1.02590E+05 1.04159E+01-1.00524E+03
 -1       395-9.52777E+02 8.45057E+01-1.03764E+01-1.53424E+05 1.56308E+01-7.77767E+01
 -1       396 2.44759E+05 1.06597E+02 2.18105E+02-1.02651E+05-6.77678E+01-9.66659E+02
 -1       397-4.67593E+02 2.01316E+01-2.87387E+01-1.53436E+05-2.80366E+01-1.13468E+00
 -1       398 1.12556E+05-4.52637E+03-4.97838E+03-1.02259E+05-8.38517E+01-1.08744E+03
 -1       399-1.75432E+02 2.24896E+01-1.24318E+01-1.53719E+05-8.61987E+01-2.30232E+01
 -1       400 4.93605E+01 8.01643E+01 3.78068E+01-1.53951E+05-3.11059E+03 4.18174E+01
 -1       401-4.11410E+06-9.52661E+04 1.05983E+04 1.23314E+04-3.64351E+04 1.60547E+05
 -1       402-3.95410E+06-6.08802E+03-1.28508E+04-1.08260E+05 1.32575E+04 9.50601E+02
 -1       403-3.86831E+06 1.06436E+02 1.41528E+03-1.00737E+05-3.10426E+03 2.00286E+03
 -1       404-3.73190E+06-4.95849E+02-5.84071E+02-1.02780E+05 8.05803E+02 6.44306E+02
 -1       405-3.60842E+06 2.10956E+02 1.87212E+02-1.02395E+05-1.92865E+02 6.50784E+02
 -1       406-3.48302E+06-5.38846E+01-2.76822E+01-1.02493E+05 4.41475E+01 6.79299E+02
 -1       407-3.35783E+06 3.58540E+01 3.91710E+01-1.02486E+05-1.86768E+01 7.08143E+02
 -1       408-3.23249E+06 2.66987E+01 2.03593E+01-1.02468E+05 1.14017E+01 6.44411E+02
 -1       409-3.10751E+06-1.70267E+01-5.97903E+01-1.02450E+05 8.48166E+00 6.55335E+02
 -1       410-2.98222E+06-1.05327E+01 1.80178E+01-1.02459E+05-1.42175E+01 6.55516E+02
 -1       411-2.85709E+06-8.06326E+00 1.54976E+01-1.02471E+05-4.04874E+00 6.72139E+02
 -1       412-2.73182E+06-1.30315E+00 1.38035E+01-1.02505E+05-2.92602E+00 6.82504E+02
 -1       413-2.60684E+06-1.41468E+01-3.66620E+01-1.02484E+05 7.97334E+00 6.85057E+02
 -1       414-2.48150E+06 3.90819E+01 2.07143E+00-1.02502E+05 1.10050E+01 7.07702E+02
 -1       415-2.35650E+06 1.90453E+01 7.73157E+00-1.02460E+05 4.90163E-01 6.69476E+02
 -1       416-2.23160E+06-5.39659E+00 3.81634E+01-1.02457E+05-2.56677E+01 6.40333E+02
 -1       417-2.10654E+06 1.64309E+01 6.05064E+00-1.02539E+05 5.54693E+00 6.61109E+02
 -1       418-1.98179E+06-6.63096E+01-7.88495E+01-1.02512E+05 1.51057E+01 7.01854E+02
 -1       419-1.85672E+06-3.13740E+01 3.36489E+01-1.02505E+05-2.68802E+01 7.10645E+02
 -1       420-1.73219E+06-6.56607E+00-4.45371E+01-1.02561E+05 3.60911E+01 7.59815E+02
 -1       421-1.60741E+06 7.84257E+01 1.49852E+01-1.02480E+05 4.29332E+00 7.34711E+02
 -1       422-1.48282E+06 1.71167E+01 1.50101E+01-1.02491E+05-2.32962E+01 7.25698E+02
 -1       423-1.35837E+06 1.12446E+01 1.33958E+01-1.02537E+05-7.36865E+00 6.91984E+02
 -1       424-1.23427E+06-6.93176E+01-5.32339E+01-1.02558E+05 7.04394E+00 7.37789E+02
 -1       425-1.11002E+06-1.82567E+01 2.56175E+00-1.02630E+05-2.78318E+01 7.68476E+02
 -1       426-9.86004E+05 2.64886E+01-8.58689E+00-1.02577E+05 3.37359E+01 7.83029E+02
 -1       427-8.61996E+05 6.77490E+01 8.11800E+01-1.02547E+05 1.05186E+01 7.84815E+02
 -1       428-7.38313E+05 7.59308E+01-9.39879E-01-1.02559E+05-7.70004E+00 7.71731E+02
 -1       429-6.14961E+05-3.77512E+01-6.50418E+01-1.02535E+05 2.81905E+01 8.75516E+02
 -1       430-4.91379E+05 5.03858E+01 3.99209E+01-1.02554E+05 1.64824E-01 8.56356E+02
 -1       431-3.68410E+05 9.91216E-01-1.11318E+01-1.02534E+05 1.74651E+01 8.82734E+02
 -1       432-2.45113E+05 1.85791E+01-1.66707E+02-1.02624E+05-4.06536E+01 9.28167E+02
 -1       433-1.12759E+05 4.52808E+03 4.89197E+03-1.02291E+05-1.32417E+02 1.11023E+03
 -1       434-5.33314E+01 9.13420E+00 3.66666E+01-1.32452E+05 2.51452E+01-7.06095E+01
 -1       435-1.79611E+04-6.87337E+04-1.79318E+04-9.04945E+04 3.35975E+01-3.41090E+01
 -1       436 5.40781E+01 1.20972E+01 3.23187E+01-1.33218E+05-9.82266E+03-5.40768E+01
 -1       437 4.39374E+01 7.84072E+00 3.54292E+01-1.33235E+05 9.85506E+03-3.52264E+01
 -1       438 1.79467E+04 6.87883E+04 1.80040E+04-9.05294E+04-7.00913E+01-2.73114E+01
 -1       439-1.00302E+02-8.12312E+01-4.32851E+01-1.73668E+05 8.22282E+01 5.51691E+00
 -1       440 2.24347E+02-6.16990E+01-1.66482E+01-1.65128E+05 8.06285E+01-3.58860E+01
 -1       441 5.02680E+02-7.66646E+01-7.35279E+01-1.64972E+05 1.48757E+01-5.00410E+01
 -1       442 1.28981E+03 6.22663E+01 9.68744E+01-1.65053E+05 3.56922E+01-5.01734E+01
 -1       443 2.06116E+03-8.12319E+01-1.17639E+01-1.65029E+05 4.18015E+01-4.01092E+01
 -1       444 3.18449E+03 9.72792E+00 3.21310E+01-1.65061E+05-9.55089E+00-1.11197E+02
 -1       445 4.17666E+03-6.74179E+01-3.38380E+01-1.65053E+05-4.06001E+01-1.55548E+02
 -1       446 5.41930E+03-1.21736E+02-7.59622E+01-1.65079E+05-4.02284E+01-1.71206E+02
 -1       447 6.94634E+03-1.04547E+02-8.01533E+01-1.65097E+05-3.60697E+01-1.05105E+02
 -1       448 8.50159E+03-1.05559E+02-3.20478E+01-1.65062E+05 7.71889E+01-1.64380E+02
 -1       449 1.04063E+04 5.16602E+01 7.14190E+01-1.65087E+05 1.81548E+01-2.01875E+02
 -1       450 1.22137E+04-1.18172E+02 5.56066E+00-1.65137E+05-2.62095E+01-2.01541E+02
 -1       451 1.43438E+04 7.46426E+01 5.25450E+01-1.65060E+05-2.71665E+01-2.22127E+02
 -1       452 1.63878E+04 1.04788E-02-4.91941E+00-1.65025E+05 2.90234E+01-1.93837E+02
 -1       453 1.85091E+04-1.04293E+02-8.76334E+01-1.65019E+05 2.01349E+01-1.96016E+02
 -1       454 2.07721E+04-3.59419E+01-5.50654E+01-1.65109E+05 1.12039E+00-2.43921E+02
 -1       455 2.31484E+04-8.40897E+00 1.80832E+01-1.65172E+05 1.22718E+01-2.94157E+02
 -1       456 2.55860E+04 1.15957E+01 1.13561E+00-1.65148E+05-2.16757E+01-2.28245E+02
 -1       457 2.82046E+04 3.93200E+00 1.77530E+01-1.65100E+05 2.16102E+01-2.51888E+02
 -1       458 3.05563E+04-1.99916E+01-1.06900E+01-1.65057E+05 1.53263E+01-2.69984E+02
 -1       459 3.31849E+04-3.03504E+01-7.82458E+00-1.65030E+05-2.72910E+01-2.71189E+02
 -1       460 3.58772E+04 4.01430E+01 3.76368E+01-1.65075E+05 2.54536E-01-2.67117E+02
 -1       461 3.83787E+04-3.78923E+01-9.04829E+00-1.65148E+05-1.61448E+01-2.99172E+02
 -1       462 4.08443E+04-5.24291E+01-5.89648E+01-1.65166E+05 1.71982E+01-2.78080E+02
 -1       463 4.36563E+04-7.01434E+00-6.40423E+00-1.65125E+05 1.16231E+01-2.30157E+02
 -1       464 4.64823E+04 4.07756E+01 3.39460E+01-1.65091E+05-1.59813E+00-2.50104E+02
 -1       465 4.90091E+04 6.94024E+00-1.32290E+01-1.65090E+05 5.33843E+00-2.71922E+02
 -1       466 5.17046E+04-1.89122E+01 2.57968E+01-1.65067E+05-5.08058E+01-2.83852E+02
 -1       467 5.43594E+04 1.64949E+01-3.18946E+00-1.65106E+05 2.47914E+02-2.99787E+02
 -1       468 5.69427E+04 6.75500E+00 4.24589E+01-1.65139E+05-1.06798E+03-2.90106E+02
 -1       469 5.95942E+04-5.01735E+01-2.99011E+02-1.65486E+05 4.26813E+03-2.67207E+02
 -1       470 6.24501E+04-3.46424E+01 8.13911E+02-1.77791E+05-2.08721E+04-1.31378E+02
 -1       471 6.88872E+04 4.59201E+03-1.16345E+03-1.99993E+05 1.60457E+04 1.54505E+03
 -1       472 1.12568E+05-4.66473E+03-5.05956E+03-1.02234E+05 1.03892E+02 1.10815E+03
 -1       473-4.92497E+01-8.68886E+01-4.44560E+01-1.53938E+05 3.14727E+03-2.32347E+01
 -1       474 2.45181E+05-5.53860E+01 1.60694E+02-1.02575E+05 6.79263E+01 9.11564E+02
 -1       475 1.09843E+02-4.13154E+01-6.81644E+00-1.53660E+05 7.68088E+01-1.32158E+01
 -1       476 3.68138E+05-1.11383E+02-1.16303E+02-1.02552E+05-1.11733E+01 9.14616E+02
 -1       477 3.81729E+02-1.85904E+01-5.86920E+00-1.53401E+05 5.76568E+01-1.51947E+01
 -1       478 4.91542E+05-6.13417E+00 1.37187E+01-1.02589E+05 5.72854E+01 8.85248E+02
 -1       479 9.29557E+02 2.05883E+01 4.81876E+01-1.53476E+05-3.38884E+00 1.03006E+00
 -1       480 6.14747E+05-1.14899E+02-2.94507E+01-1.02591E+05 2.07544E+01 8.98559E+02
 -1       481 1.63354E+03-1.10285E+01 6.26082E+01-1.53482E+05 1.39538E+01-2.46193E+01
 -1       482 7.38552E+05-9.25738E+00-1.41457E-02-1.02590E+05-8.37162E+00 8.02138E+02
 -1       483 2.62922E+03-3.83246E+01 2.23987E+01-1.53462E+05-3.24435E-01-1.45208E+01
 -1       484 8.62089E+05-2.95295E+01 1.63643E+01-1.02590E+05-2.79043E+01 7.73019E+02
 -1       485 3.72330E+03 2.20784E+01 5.38254E+01-1.53488E+05-1.16942E+01-6.57880E+01
 -1       486 9.85865E+05-3.03301E+01-2.40021E+01-1.02581E+05 9.32738E+00 7.61809E+02
 -1       487 4.86976E+03 1.03062E+01 5.70728E+01-1.53530E+05-2.32716E+01-1.00383E+02
 -1       488 1.11001E+06-7.16208E+01-7.63754E+01-1.02580E+05-1.23443E+01 7.51670E+02
 -1       489 6.13617E+03-8.76863E+01-4.67285E+01-1.53554E+05-3.26481E+01-7.37485E+01
 -1       490 1.23401E+06-8.54883E+01-1.74164E+01-1.02565E+05 5.66705E+01 7.75535E+02
 -1       491 7.80344E+03-7.67004E+01-2.10261E+01-1.53528E+05 2.20406E+01-6.52160E+01
 -1       492 1.35859E+06 5.93338E+01 6.84562E+01-1.02577E+05 2.96092E+01 6.99897E+02
 -1       493 9.49758E+03-2.81929E+00 2.95824E+01-1.53498E+05 3.14705E+01-6.20680E+01
 -1       494 1.48271E+06-8.28707E+01-6.47805E+01-1.02565E+05-2.97272E+01 7.71940E+02
 -1       495 1.12800E+04-2.35548E+01 1.91255E+01-1.53551E+05-2.30897E+00-9.22592E+01
 -1       496 1.60756E+06 1.79764E+01 4.89429E+00-1.02581E+05 6.89844E+00 7.11944E+02
 -1       497 1.32833E+04-2.84514E+01 4.07121E+01-1.53562E+05-2.41870E+01-8.57369E+01
 -1       498 1.73201E+06-7.42105E+01-8.22834E+01-1.02543E+05 2.71956E+01 7.66583E+02
 -1       499 1.53884E+04 9.56159E+01 1.00951E+02-1.53505E+05 1.09150E+01-9.16364E+01
 -1       500 1.85683E+06-2.73506E+01-1.44017E+01-1.02542E+05 3.49906E+01 7.04386E+02
 -1       501 1.74115E+04-6.48790E+01-4.13354E+01-1.53454E+05 2.97048E+00-7.95694E+01
 -1       502 1.98166E+06 2.41042E+01 3.46867E+01-1.02548E+05 1.77683E+01 6.64172E+02
 -1       503 1.96720E+04-4.07674E+01-3.75460E+01-1.53488E+05-6.99927E+00-8.27605E+01
 -1       504 2.10658E+06-9.43643E+00 4.06628E+01-1.02564E+05-3.24787E+00 6.72055E+02
 -1       505 2.20164E+04 1.92508E+01 3.33546E+01-1.53577E+05 1.36682E+00-1.51407E+02
 -1       506 2.23153E+06-1.33772E+01-8.37703E+00-1.02636E+05 1.30038E+01 6.77336E+02
 -1       507 2.43557E+04 4.39661E-01 1.51511E+01-1.53616E+05 1.05177E+01-1.46389E+02
 -1       508 2.35649E+06-1.43650E+01-5.07650E+01-1.02561E+05 5.97449E+00 6.83462E+02
 -1       509 2.68761E+04-9.08536E+00-9.90217E+00-1.53594E+05 5.32837E+00-8.59644E+01
 -1       510 2.48153E+06-4.55215E+01-4.88395E+01-1.02516E+05-2.63587E+00 7.07408E+02
 -1       511 2.93880E+04-3.04600E+00-1.10662E+01-1.53528E+05 1.42639E+01-1.30045E+02
 -1       512 2.60680E+06 1.53747E+01 3.96574E+01-1.02504E+05-9.46538E+00 6.77055E+02
 -1       513 3.19171E+04 1.75850E+00 2.93731E+01-1.53456E+05 2.71803E+00-1.23303E+02
 -1       514 2.73200E+06 5.26556E+01 5.88779E+01-1.02550E+05-7.08347E+00 6.51435E+02
 -1       515 3.44955E+04-2.35628E+00 1.49083E+01-1.53515E+05-4.53823E+00-1.11202E+02
 -1       516 2.85696E+06-4.38932E+01-2.60332E+01-1.02587E+05 9.11978E-01 6.59191E+02
 -1       517 3.71357E+04-8.44483E-01-2.76447E+00-1.53563E+05-2.65137E+01-1.45205E+02
 -1       518 2.98215E+06-5.08754E+01-3.33468E+01-1.02593E+05 3.26812E+00 6.62958E+02
 -1       519 3.96160E+04-3.76185E+01-2.22704E+01-1.53596E+05-3.60802E+00-1.47068E+02
 -1       520 3.10729E+06-8.53322E+00-3.64490E+01-1.02562E+05 1.68127E+01 7.11780E+02
 -1       521 4.22640E+04-1.61690E+01-1.09559E+01-1.53603E+05 2.34152E+01-9.52581E+01
 -1       522 3.23272E+06 3.15133E+01 2.60541E+01-1.02548E+05 1.10365E+00 6.68972E+02
 -1       523 4.50835E+04 1.15341E+01 1.45802E+01-1.53541E+05 4.25134E-01-9.76702E+01
 -1       524 3.35784E+06 7.15545E+00-1.37985E+00-1.02547E+05 2.48800E+00 6.79902E+02
 -1       525 4.77587E+04 2.62487E+01 1.41181E+01-1.53528E+05 1.85247E+00-1.12571E+02
 -1       526 3.48300E+06 6.37328E+01 6.74240E+01-1.02545E+05-4.86820E+01 6.55889E+02
 -1       527 5.03387E+04-7.37903E+00-4.46114E+00-1.53552E+05-1.69593E+01-1.18158E+02
 -1       528 3.60855E+06-1.72291E+02-1.71356E+02-1.02470E+05 1.99524E+02 6.60637E+02
 -1       529 5.30229E+04-1.11178E+01-2.65474E+00-1.53448E+05 9.70344E+01-1.38962E+02
 -1       530 3.73172E+06 4.82425E+02 5.53570E+02-1.02938E+05-8.01686E+02 6.19355E+02
 -1       531 5.56836E+04 2.49488E+01 3.85012E+01-1.53975E+05-4.02690E+02-1.49886E+02
 -1       532 3.86823E+06-2.33431E+02-1.43503E+03-1.00865E+05 3.09192E+03 1.96591E+03
 -1       533 5.82677E+04-1.14813E+01-1.15795E+02-1.51421E+05 1.52366E+03-1.05084E+02
 -1       534 3.95405E+06 6.07092E+03 1.27920E+04-1.08406E+05-1.32448E+04 1.02092E+03
 -1       535 6.12159E+04-8.04868E+00 3.65725E+02-1.62269E+05-5.85780E+03-1.67835E+02
 -1       536 4.11408E+06 9.53335E+04-1.05920E+04 1.22880E+04 3.64480E+04 1.60564E+05
 -1       537 6.26469E+04 4.99411E+02-1.88941E+03-8.50299E+04-1.06711E+03 2.54448E+02
 -1       538 6.66026E+04 7.73984E+03 4.63778E+03 2.42612E+05-1.49963E+05-3.79589E+03
 -1       539-1.12675E+05 4.59436E+03 5.04683E+03-1.02230E+05 1.12834E+02-1.13470E+03
 -1       540-2.44540E+05 3.82627E+01-5.71716E+01-1.02573E+05 3.58875E+01-9.64088E+02
 -1       541-3.67218E+05-6.73672E+01 1.26853E+00-1.02596E+05-1.61694E+01-9.81584E+02
 -1       542-4.88846E+05 9.46533E+01 9.91485E+01-1.02625E+05 2.04618E+01-9.91670E+02
 -1       543-6.10829E+05 8.68340E+00-3.56264E+01-1.02669E+05-1.60862E+01-9.71235E+02
 -1       544-7.32097E+05 5.99483E+01 3.71156E+01-1.02627E+05-2.57014E+00-1.01990E+03
 -1       545-8.53805E+05-4.78118E+01-4.23056E+01-1.02669E+05-6.07631E+01-1.01369E+03
 -1       546-9.75009E+05-8.55515E+01-6.79951E+00-1.02718E+05-3.86539E+01-1.02964E+03
 -1       547-1.09585E+06 5.54197E+00 4.25350E+01-1.02692E+05 3.77930E+01-1.04647E+03
 -1       548-1.21715E+06-5.51397E+01-4.88295E+01-1.02696E+05 3.96191E+01-1.00316E+03
 -1       549-1.33754E+06 1.02211E+02 8.23024E+01-1.02673E+05 1.53979E+01-1.08349E+03
 -1       550-1.45853E+06-1.04799E+02-5.68865E-01-1.02787E+05-1.25622E+01-1.08401E+03
 -1       551-1.57879E+06 4.70934E+01 5.92723E+01-1.02708E+05-1.59454E+01-1.10148E+03
 -1       552-1.69928E+06 6.58078E-02 2.97981E+01-1.02721E+05 1.46541E+01-1.12991E+03
 -1       553-1.81978E+06-2.29645E+01-6.57404E+01-1.02655E+05 1.59541E+01-1.08849E+03
 -1       554-1.94011E+06-3.09470E+01-4.50326E+01-1.02730E+05-1.90677E+01-1.11841E+03
 -1       555-2.06026E+06-2.58885E+01-1.68935E+01-1.02800E+05-5.00112E+00-1.10752E+03
 -1       556-2.18026E+06 6.19711E+00 1.18560E+01-1.02816E+05-2.52421E-01-1.07673E+03
 -1       557-2.30024E+06 4.84064E+01 4.14323E+01-1.02718E+05 5.92781E+00-1.15219E+03
 -1       558-2.42032E+06 3.21112E+01 3.22275E+01-1.02693E+05 1.62793E+00-1.19251E+03
 -1       559-2.54044E+06-6.18799E+01-1.77750E+01-1.02704E+05-1.67498E+01-1.14194E+03
 -1       560-2.66021E+06 2.96718E+01 1.04647E+01-1.02731E+05-5.27785E+00-1.16315E+03
 -1       561-2.78029E+06 5.77694E+00-2.87528E+01-1.02813E+05 2.32352E+01-1.13418E+03
 -1       562-2.90032E+06-4.24037E+01-3.40402E+01-1.02813E+05-6.08495E+00-1.12487E+03
 -1       563-3.01995E+06-2.97692E+01 3.65911E+01-1.02755E+05-3.93612E+00-1.14052E+03
 -1       564-3.13980E+06 3.01134E+01 1.63207E+01-1.02706E+05 2.97414E+00-1.14758E+03
 -1       565-3.25981E+06 3.22550E+01 3.81421E+00-1.02739E+05 7.61208E+00-1.17707E+03
 -1       566-3.37963E+06-5.87813E+01-4.16847E+01-1.02769E+05-4.16050E+01-1.15250E+03
 -1       567-3.49990E+06 1.61543E+02 1.29729E+02-1.02693E+05 2.03878E+02-1.13626E+03
 -1       568-3.61775E+06-4.63924E+02-4.63697E+02-1.03156E+05-8.08684E+02-1.06499E+03
 -1       569-3.74896E+06 4.81250E+01 1.00022E+03-1.01117E+05 3.05145E+03-2.52425E+03
 -1       570-3.82829E+06-4.95255E+03-1.06787E+04-1.08631E+05-1.30959E+04-9.93628E+02
 -1       571-3.98059E+06-9.19637E+04 7.60525E+03 1.20963E+04 3.59520E+04-1.59577E+05
 -1       572 1.72702E+01 6.71605E+00 6.71610E+00 3.28820E+05 9.67925E-05 1.53517E+03
 -1       573 4.11111E+06 1.59871E+06 1.59871E+06-2.11089E+05-1.75422E-02 3.75417E+03
 -1       574 3.39539E+04 1.32039E+04 1.32038E+04 5.41263E+05-1.44954E+00-2.46495E+03
 -1       575-3.38726E+04-1.31723E+04-1.31722E+04 5.41273E+05 1.44937E+00-2.46107E+03
 -1       576-4.11112E+06-1.59871E+06-1.59871E+06-2.11082E+05 1.74252E-02 3.75163E+03
 -1       577 8.63331E+06-1.19133E+05 3.73669E+05 1.63945E+05-1.99481E+02-6.34135E+02
 -1       578 7.84346E+06 9.24063E+04-1.93187E+04-5.29898E+03-2.18231E+02-1.51258E+03
 -1       579 7.58803E+06-2.86572E+04-2.03222E+03-2.96237E+04 2.52705E+01-1.50627E+03
 -1       580 7.35504E+06 7.07075E+03 8.67045E+02-2.43217E+04-1.52491E+01-1.56649E+03
 -1       581 7.10658E+06-1.72991E+03-3.13557E+02-2.54741E+04 1.06494E+01-1.58218E+03
 -1       582 6.86229E+06 3.34455E+02 5.99811E+01-2.53092E+04-5.06256E+00-1.61076E+03
 -1       583 6.61723E+06-4.35989E+01-2.25107E+01-2.52968E+04 1.81191E+01-1.58539E+03
 -1       584 6.37204E+06 2.52499E+01 1.02373E+01-2.52937E+04-4.62594E+00-1.59731E+03
 -1       585 6.12704E+06-2.64482E+01-9.12822E+00-2.52869E+04-2.89720E+01-1.55949E+03
 -1       586 5.88185E+06-1.58754E+01-1.50155E+01-2.52962E+04 9.14125E+00-1.51639E+03
 -1       587 5.63690E+06 1.27197E+01 4.23076E+01-2.53046E+04 1.92271E+01-1.50188E+03
 -1       588 5.39177E+06 2.02460E+01 4.09530E+00-2.53243E+04-6.13276E+00-1.56302E+03
 -1       589 5.14671E+06 1.69926E+01 3.16200E+00-2.53363E+04-3.64245E+00-1.61229E+03
 -1       590 4.90183E+06 4.02382E+00-2.15730E+01-2.52647E+04-2.49142E+01-1.58953E+03
 -1       591 4.65648E+06-4.58542E+01-3.81615E+01-2.53140E+04-2.23801E+01-1.46157E+03
 -1       592 4.41156E+06 3.43326E+01 3.96128E+01-2.52955E+04 3.21145E+01-1.36161E+03
 -1       593 4.16628E+06-3.27386E+01-4.89513E+01-2.52780E+04-9.16595E+00-1.41183E+03
 -1       594 3.92132E+06-7.70798E+01 1.92628E+00-2.53777E+04-8.34618E+00-1.42481E+03
 -1       595 3.67646E+06 8.83494E+01 1.08833E+02-2.53697E+04-5.20916E+00-1.40929E+03
 -1       596 3.43124E+06 1.01125E+01-3.70877E+01-2.52697E+04-3.83650E+01-1.33734E+03
 -1       597 3.18631E+06 2.19294E+01 6.19185E+01-2.52376E+04-1.82644E+01-1.20073E+03
 -1       598 2.94091E+06 2.63127E+01-2.99141E+01-2.52516E+04 6.71904E+00-1.10091E+03
 -1       599 2.69592E+06-2.98200E+01 3.68885E+01-2.53729E+04-2.51674E+01-1.01513E+03
 -1       600 2.45096E+06-2.17928E+01-6.66354E+01-2.53146E+04 1.29702E+01-1.02670E+03
 -1       601 2.20574E+06 4.77420E+01 1.35043E+02-2.53335E+04-9.15941E+00-9.84987E+02
 -1       602 1.96077E+06 3.51393E+01-1.12592E+01-2.53756E+04-6.46213E+01-8.59102E+02
 -1       603 1.71577E+06 1.51361E+01 2.30870E+01-2.52855E+04 5.54259E+00-7.23100E+02
 -1       604 1.47074E+06 9.81748E+01 1.79804E+02-2.53307E+04-5.09441E+01-6.24486E+02
 -1       605 1.22558E+06 5.83714E+01-2.58285E+01-2.51975E+04 2.17366E+01-5.22296E+02
 -1       606 9.80438E+05 6.83137E+01 7.59893E+01-2.52352E+04-5.90349E+01-4.04231E+02
 -1       607 7.35170E+05 5.35397E+00-3.43256E+01-2.53285E+04 1.07922E+01-3.11599E+02
 -1       608 4.90187E+05-1.61018E+02-4.64639E+02-2.50257E+04 1.26256E+01-2.25336E+02
 -1       609 2.48175E+05-6.08505E+02 4.76689E+02-1.73345E+04-1.68703E+01-1.13203E+02
 -1       610 8.35161E+06-1.81805E+05 1.17466E+05 8.08001E+04 2.68631E+04 7.38145E+04
 -1       611 8.17133E+06 5.65353E+05 6.54100E+05-4.92663E+05-1.66061E+03 2.85531E+03
 -1       612 7.91549E+06 1.12442E+05 3.95958E+04 7.29997E+03-3.78545E+03 1.36532E+04
 -1       613 7.85976E+06-2.01631E+05-2.19674E+04 3.40499E+04-2.71291E+02-3.16649E+02
 -1       614 7.61711E+06-2.72844E+04-9.47658E+03-3.00734E+04 1.43776E+03 5.09995E+03
 -1       615 7.73664E+06 4.13860E+04-2.37536E+03-1.99708E+04-8.28725E+01-1.38434E+03
 -1       616 7.38362E+06 6.39303E+03 2.10136E+03-2.35356E+04-3.99217E+02 3.79574E+03
 -1       617 7.47492E+06-8.66409E+03 1.06763E+03-1.28401E+04 2.11919E+01-1.37298E+03
 -1       618 7.13425E+06-1.50111E+03-4.72585E+02-2.49556E+04 1.10867E+02 4.17699E+03
 -1       619 7.22988E+06 1.89001E+03-3.74087E+02-1.38453E+04-3.12394E+00-1.43779E+03
 -1       620 6.88847E+06 3.50210E+02 1.05033E+02-2.46752E+04-2.29698E+01 4.03894E+03
 -1       621 6.98512E+06-4.65344E+02 7.58888E+01-1.37027E+04 7.79238E+00-1.44414E+03
 -1       622 6.64200E+06-5.89620E+01-3.95102E+01-2.47331E+04-2.13048E+00 4.09548E+03
 -1       623 6.74005E+06 1.24854E+02-1.12806E+01-1.37675E+04 2.15719E+00-1.44344E+03
 -1       624 6.39561E+06 4.75158E+01 5.60610E+01-2.46876E+04 8.16761E-01 4.07961E+03
 -1       625 6.49486E+06-5.36309E+01-3.86543E+01-1.37438E+04-2.27632E+00-1.44214E+03
 -1       626 6.14905E+06-3.59669E+01-4.71113E+01-2.46730E+04-3.03523E+00 4.11339E+03
 -1       627 6.24988E+06 3.28493E+01 3.30798E+01-1.37471E+04-9.50262E+00-1.42838E+03
 -1       628 5.90270E+06-1.44491E+01-1.89879E+01-2.47066E+04 1.34465E+00 4.12552E+03
 -1       629 6.00472E+06-2.04033E+01-1.74283E+01-1.37251E+04-1.28260E+01-1.38916E+03
 -1       630 5.65627E+06-7.07654E+00 6.75376E+00-2.47413E+04 2.01279E+01 4.12301E+03
 -1       631 5.75962E+06-8.63457E+00 1.08068E+01-1.37484E+04 1.53031E+01-1.35581E+03
 -1       632 5.40999E+06 1.88744E+01 2.25845E+01-2.47309E+04-2.01391E+01 4.07340E+03
 -1       633 5.51458E+06-1.33468E+01 8.40168E+00-1.37690E+04 3.33566E+00-1.40539E+03
 -1       634 5.16358E+06 2.99574E+00 3.02050E+01-2.47174E+04 1.29654E+00 4.09854E+03
 -1       635 5.26946E+06 4.43747E+01-3.72213E+00-1.37685E+04 1.44547E+01-1.42856E+03
 -1       636 4.91727E+06 9.99885E+00 1.09508E+00-2.46966E+04-1.97216E+01 4.09039E+03
 -1       637 5.02451E+06 3.11383E+00-9.75187E+00-1.37560E+04-1.95966E+01-1.45820E+03
 -1       638 4.67073E+06-2.33536E+01-7.63958E+01-2.47159E+04-2.09207E+01 4.16619E+03
 -1       639 4.77932E+06-4.20308E+01-1.73850E+01-1.37247E+04-3.08655E+01-1.37295E+03
 -1       640 4.42459E+06 1.75812E+01 3.17528E+01-2.47409E+04 4.36352E+01 4.18577E+03
 -1       641 4.53426E+06 2.47288E+01 1.76816E+01-1.37452E+04-3.35470E+00-1.28104E+03
 -1       642 4.17822E+06 1.56017E+00 2.99090E+01-2.46922E+04-2.01656E+01 4.17074E+03
 -1       643 4.28920E+06 3.96684E+01 4.57731E+01-1.37419E+04 2.61114E+01-1.28007E+03
 -1       644 3.93192E+06-5.39089E+01-3.48877E+01-2.47211E+04 9.05255E+00 4.21635E+03
 -1       645 4.04394E+06-6.57956E+01-4.54111E+01-1.37969E+04 1.23267E+01-1.27666E+03
 -1       646 3.68577E+06 1.01746E+01 7.66199E+00-2.47529E+04 3.02635E+00 4.22223E+03
 -1       647 3.79897E+06-4.18223E+01-8.62881E+00-1.38107E+04 8.91950E-01-1.26506E+03
 -1       648 3.43953E+06-2.04280E+01-2.83298E+01-2.47340E+04-1.75203E+01 4.25835E+03
 -1       649 3.55404E+06 5.00919E+01 3.34690E+01-1.37624E+04-1.66491E+01-1.25382E+03
 -1       650 3.19369E+06 4.81896E+01 1.27834E+02-2.46979E+04 5.77175E+00 4.27008E+03
 -1       651 3.30892E+06 3.66826E+01 5.09009E+00-1.37059E+04-3.19372E+01-1.13806E+03
 -1       652 2.94716E+06 3.02832E+01-2.84781E+01-2.46612E+04-2.38714E+01 4.40020E+03
 -1       653 3.06375E+06 1.92480E+01 8.67958E+00-1.36666E+04-2.23883E+01-1.04526E+03
 -1       654 2.70139E+06 1.56573E+01 4.16114E+01-2.47510E+04 1.89529E+01 4.43992E+03
 -1       655 2.81849E+06-4.87902E+01-4.13972E+01-1.37806E+04-1.10022E+01-9.77245E+02
 -1       656 2.45528E+06-2.39303E+01-5.70641E+01-2.47099E+04 2.64834E+01 4.48006E+03
 -1       657 2.57362E+06-3.06251E+01-1.53787E+01-1.37707E+04 1.09415E+01-9.23697E+02
 -1       658 2.20945E+06 2.25834E+01 7.85771E+01-2.47039E+04-1.00561E+01 4.46737E+03
 -1       659 2.32845E+06 3.55562E+01 6.09005E+01-1.37886E+04 1.87371E+01-9.17133E+02
 -1       660 1.96357E+06 3.93890E+01 5.17192E+01-2.47814E+04-2.80371E+01 4.52586E+03
 -1       661 2.08341E+06 1.14743E+02 1.03158E+02-1.38042E+04-1.97533E+01-8.38060E+02
 -1       662 1.71797E+06 2.69012E+01 5.87020E+01-2.47507E+04-3.16909E+01 4.60451E+03
 -1       663 1.83834E+06 3.77629E+00-1.68581E+01-1.37709E+04 3.80770E+00-7.04250E+02
 -1       664 1.47241E+06 8.97414E+01 2.00738E+02-2.47189E+04-1.46285E+01 4.73641E+03
 -1       665 1.59317E+06-2.16215E+01 1.10021E+01-1.37722E+04-6.85043E+00-5.94661E+02
 -1       666 1.22652E+06 1.14308E+01-3.55415E+01-2.46823E+04-1.49118E+00 4.72251E+03
 -1       667 1.34832E+06 8.91988E+01 1.29716E+02-1.37001E+04-2.86558E+01-5.19642E+02
 -1       668 9.81222E+05 6.61254E+01 1.00538E+02-2.46943E+04 1.60854E+01 4.81245E+03
 -1       669 1.10296E+06 7.81046E+00-2.18037E+01-1.36753E+04-1.42948E+01-4.34096E+02
 -1       670 7.35490E+05-1.56018E+00-1.05942E+02-2.47274E+04-1.94161E+01 4.92102E+03
 -1       671 8.57755E+05-4.24730E+00-2.57383E+01-1.36936E+04-2.54128E+01-3.24585E+02
 -1       672 4.90466E+05-1.11768E+02-5.52244E+01-2.45637E+04-3.31628E+01 4.93531E+03
 -1       673 6.12716E+05-8.12859E+01-2.23058E+02-1.37462E+04 2.24849E+01-2.38374E+02
 -1       674 2.47546E+05-4.49432E+02-6.68547E+02-1.70202E+04 4.05193E+02 3.33113E+03
 -1       675 3.68979E+05 5.06438E+02 4.27168E+02-1.36413E+04-3.11054E-01-1.88768E+02
 -1       676 1.45085E+05 3.90584E+03 7.61523E+02-1.61578E+04-2.40145E+01-2.90243E+01
 -1       677 8.28637E+06-1.81434E+05 1.15736E+05 7.87504E+04-2.66307E+04-7.25404E+04
 -1       678 7.85393E+06 1.12091E+05 3.94597E+04 7.17355E+03 3.50647E+03-1.54714E+04
 -1       679 7.55730E+06-2.71620E+04-9.40945E+03-3.01581E+04-1.38335E+03-7.03038E+03
 -1       680 7.32672E+06 6.42916E+03 2.08173E+03-2.35597E+04 3.81877E+02-5.79348E+03
 -1       681 7.07978E+06-1.56352E+03-5.39933E+02-2.50202E+04-1.04052E+02-6.15578E+03
 -1       682 6.83683E+06 3.56548E+02 9.64920E+01-2.47251E+04 1.46617E+01-6.09536E+03
 -1       683 6.59296E+06-6.79267E+01-1.54619E+01-2.47816E+04 1.34473E+01-6.07851E+03
 -1       684 6.34914E+06 1.46776E+01 2.27812E+01-2.47565E+04 1.46119E+01-6.11770E+03
 -1       685 6.10545E+06-2.07801E+01-2.28067E+01-2.47483E+04-3.72303E+01-6.06302E+03
 -1       686 5.86165E+06-1.98654E+01-2.45406E+00-2.47791E+04-2.94360E+00-6.04473E+03
 -1       687 5.61791E+06 2.87867E+01 1.60433E+01-2.47624E+04 1.38809E+01-6.01338E+03
 -1       688 5.37413E+06 2.21953E+01 1.54422E+01-2.47929E+04 6.11027E+00-6.10104E+03
 -1       689 5.13040E+06 2.77594E+01-2.00214E+01-2.47769E+04 7.44496E+00-6.11327E+03
 -1       690 4.88662E+06-4.38076E+01-1.42586E+01-2.47533E+04-1.20236E+01-6.09613E+03
 -1       691 4.64272E+06-2.16795E+01-9.27757E+00-2.47243E+04-2.50092E+01-6.03071E+03
 -1       692 4.39885E+06 1.83895E+01 3.31146E+01-2.47780E+04 2.74353E+01-5.94066E+03
 -1       693 4.15501E+06 3.45288E+01 6.65355E+00-2.47749E+04-1.10000E+00-5.96610E+03
 -1       694 3.91108E+06-3.19644E+00-1.16113E+00-2.47904E+04-3.21589E+01-5.99105E+03
 -1       695 3.66729E+06 5.84822E+01 7.77613E+01-2.47697E+04 8.77152E+00-6.01970E+03
 -1       696 3.42305E+06-7.22511E+01-9.46683E+01-2.47807E+04-2.79629E+01-5.86962E+03
 -1       697 3.17934E+06 6.86611E+00 3.59606E+00-2.47167E+04-1.12870E+01-5.86935E+03
 -1       698 2.93489E+06-1.93145E+01-4.28854E+01-2.47482E+04 3.38174E+00-5.76469E+03
 -1       699 2.69100E+06 5.65217E+01 7.11455E+01-2.47808E+04 6.35505E+00-5.78126E+03
 -1       700 2.44665E+06 1.29265E+00-3.31270E+01-2.47672E+04 1.58375E+01-5.76289E+03
 -1       701 2.20232E+06-6.55479E+00 5.40334E+01-2.47992E+04-1.21206E+01-5.70090E+03
 -1       702 1.95806E+06-4.62133E+01-1.88352E+01-2.48077E+04-2.14284E+01-5.63339E+03
 -1       703 1.71361E+06 1.45762E+01-2.30369E+01-2.47821E+04-7.26289E+00-5.52399E+03
 -1       704 1.46939E+06 1.18028E+02 1.24404E+02-2.46953E+04-2.64921E+01-5.55098E+03
 -1       705 1.22427E+06-3.78508E+01-7.78279E+01-2.47285E+04-4.51979E+00-5.35647E+03
 -1       706 9.79987E+05 2.76602E+01 4.72203E+01-2.46955E+04-5.87933E-02-5.33571E+03
 -1       707 7.34752E+05-2.03264E+01-1.24106E+02-2.47704E+04-4.72415E+01-5.28673E+03
 -1       708 4.90222E+05-4.95096E+01 1.81920E+01-2.45882E+04 5.74844E+01-5.19175E+03
 -1       709 2.47393E+05-5.64598E+02-8.58260E+02-1.70261E+04-4.35632E+02-3.46018E+03
 -1       710-8.63321E+06 1.19154E+05-3.73596E+05 1.63956E+05 1.63940E+02-7.54560E+02
 -1       711-7.84348E+06-9.23886E+04 1.93288E+04-5.31698E+03 1.80852E+02-1.66597E+03
 -1       712-7.58810E+06 2.86772E+04 2.01311E+03-2.95813E+04-7.09476E-01-1.72690E+03
 -1       713-7.35495E+06-7.07248E+03-8.58222E+02-2.43928E+04 2.89287E+01-1.77094E+03
 -1       714-7.10671E+06 1.71614E+03 3.07874E+02-2.55011E+04-5.86702E+00-1.71714E+03
 -1       715-6.86239E+06-3.88034E+02-8.30704E+01-2.52666E+04 4.96644E+00-1.68289E+03
 -1       716-6.61720E+06 1.76486E+01-9.40433E+01-2.52388E+04 2.09303E+01-1.66157E+03
 -1       717-6.37199E+06 3.56743E+01 3.42279E+01-2.52950E+04-1.98603E+01-1.66716E+03
 -1       718-6.12692E+06 6.48961E+01 1.31875E+02-2.53468E+04-3.32525E+01-1.72311E+03
 -1       719-5.88193E+06-1.11682E+01-1.62435E-01-2.53415E+04 2.42008E+01-1.75962E+03
 -1       720-5.63706E+06-6.23798E+01-8.70129E+01-2.53203E+04 1.00838E+01-1.68425E+03
 -1       721-5.39190E+06-7.34473E+00-1.01725E+01-2.52551E+04 4.37053E+00-1.63012E+03
 -1       722-5.14665E+06-1.15887E+00-4.70442E+01-2.53110E+04-5.09627E+00-1.61463E+03
 -1       723-4.90173E+06-2.30384E+00 1.51868E+01-2.52457E+04 1.49224E+01-1.58399E+03
 -1       724-4.65638E+06 4.01618E+01 1.18391E+02-2.52910E+04-6.21929E+00-1.60612E+03
 -1       725-4.41149E+06 1.72071E+01 1.02792E+01-2.53406E+04 3.27113E+00-1.62122E+03
 -1       726-4.16644E+06 9.33666E+01 3.88938E+01-2.53600E+04 1.76292E+01-1.53249E+03
 -1       727-3.92140E+06-5.76289E+01-1.79680E+00-2.53645E+04 1.06439E+01-1.43888E+03
 -1       728-3.67647E+06-8.19069E+01-5.73131E+01-2.53067E+04 5.74540E+01-1.38084E+03
 -1       729-3.43134E+06-5.04337E+01-8.04577E+01-2.52436E+04 4.31183E+00-1.31199E+03
 -1       730-3.18609E+06-3.91945E+01-5.49321E+00-2.52305E+04-1.68915E+01-1.30729E+03
 -1       731-2.94096E+06 7.90513E+01 4.75002E+01-2.52975E+04 2.00803E+01-1.30817E+03
 -1       732-2.69575E+06 1.40481E+02 1.05517E+02-2.53557E+04 1.90714E+01-1.11008E+03
 -1       733-2.45096E+06-1.55649E+01 3.14299E+01-2.53667E+04 7.51012E+00-1.00290E+03
 -1       734-2.20602E+06-1.19209E+02-8.16851E+01-2.53220E+04-2.46859E+01-9.36337E+02
 -1       735-1.96071E+06 6.80437E+01 2.16307E+01-2.53410E+04 4.39026E+01-8.88142E+02
 -1       736-1.71568E+06-8.65897E+00 1.93263E+01-2.53337E+04 5.66436E+01-7.64257E+02
 -1       737-1.47058E+06-7.11829E+01 5.08728E-01-2.53059E+04-3.10886E+01-6.32743E+02
 -1       738-1.22565E+06-3.04855E+01-2.73069E+01-2.52350E+04 5.90511E+01-5.99735E+02
 -1       739-9.80305E+05-8.42537E+00 3.79607E+01-2.52394E+04-7.05766E+00-4.54796E+02
 -1       740-7.35343E+05 1.88714E+01-6.98974E+01-2.52875E+04 1.00309E+02-3.03660E+02
 -1       741-4.90345E+05 8.31691E+00 4.20842E+02-2.50599E+04-2.33338E+01-1.47883E+02
 -1       742-2.48072E+05 6.68562E+02-4.95213E+02-1.72858E+04 3.01958E+01-4.14224E+01
 -1       743-8.17137E+06-5.65403E+05-6.54115E+05-4.92648E+05 1.64040E+03 2.79123E+03
 -1       744-8.28621E+06 1.81468E+05-1.15675E+05 7.87569E+04 2.66065E+04-7.26282E+04
 -1       745-7.85970E+06 2.01662E+05 2.20162E+04 3.40604E+04 2.41903E+02-4.51721E+02
 -1       746-7.85397E+06-1.12092E+05-3.94317E+04 7.12397E+03-3.51592E+03-1.55697E+04
 -1       747-7.73668E+06-4.13398E+04 2.41212E+03-1.99755E+04 5.67724E+01-1.58253E+03
 -1       748-7.55736E+06 2.72098E+04 9.44957E+03-3.01914E+04 1.40936E+03-7.11855E+03
 -1       749-7.47493E+06 8.64636E+03-1.10395E+03-1.28439E+04 8.50818E+00-1.57553E+03
 -1       750-7.32663E+06-6.42459E+03-2.07471E+03-2.36060E+04-3.86792E+02-5.90168E+03
 -1       751-7.22990E+06-1.86844E+03 4.05245E+02-1.38919E+04 1.94019E+00-1.57201E+03
 -1       752-7.07998E+06 1.49209E+03 4.63645E+02-2.50301E+04 9.79768E+01-6.26525E+03
 -1       753-6.98521E+06 4.47882E+02-7.81607E+01-1.37349E+04 8.81401E+00-1.55016E+03
 -1       754-6.83682E+06-3.40805E+02-1.36221E+02-2.47287E+04-1.04013E+01-6.12587E+03
 -1       755-6.74011E+06-2.08136E+02-1.04244E+02-1.37227E+04 1.75131E+01-1.52788E+03
 -1       756-6.59298E+06 4.84364E+01-3.44351E+01-2.47529E+04 1.65394E+01-6.11457E+03
 -1       757-6.49480E+06 6.76837E+01 7.81743E+00-1.36944E+04-2.99274E+00-1.51390E+03
 -1       758-6.34913E+06 1.49616E+01 1.40512E+01-2.47483E+04-1.30537E+01-6.14551E+03
 -1       759-6.24975E+06 6.18699E+01 9.82376E+01-1.37609E+04-2.40775E+01-1.54105E+03
 -1       760-6.10532E+06 3.01366E+01 9.60151E+01-2.48188E+04-2.09655E+01-6.21288E+03
 -1       761-6.00477E+06-5.47164E+00 8.91228E+00-1.37964E+04-1.03866E+01-1.59410E+03
 -1       762-5.86178E+06-3.46630E+01 1.40434E+01-2.48148E+04 2.22379E+00-6.18921E+03
 -1       763-5.75972E+06-3.31880E+01-2.75651E+01-1.37873E+04 1.49018E+01-1.58397E+03
 -1       764-5.61804E+06-1.24348E+01-6.77930E+01-2.47818E+04 3.30598E+01-6.14246E+03
 -1       765-5.51472E+06-2.60365E+00-3.27995E+01-1.37368E+04 1.76001E+01-1.49868E+03
 -1       766-5.37414E+06 1.28777E+01-2.82689E+01-2.47504E+04 9.36770E-01-6.10785E+03
 -1       767-5.26946E+06-2.25330E+01-8.57641E+00-1.37250E+04-9.20930E-01-1.47871E+03
 -1       768-5.13040E+06-2.65077E+01-5.59004E+01-2.47659E+04-6.32285E+00-6.11310E+03
 -1       769-5.02446E+06-7.72082E+00-3.03274E+01-1.37220E+04-1.54079E+01-1.46653E+03
 -1       770-4.88651E+06 2.91220E+01 6.62411E+01-2.47249E+04 3.66678E+00-6.11387E+03
 -1       771-4.77929E+06 1.42307E+01 3.39468E+01-1.36987E+04 6.82646E+00-1.43965E+03
 -1       772-4.64264E+06 4.00745E+01 8.50359E+01-2.47567E+04-1.31539E+01-6.09387E+03
 -1       773-4.53408E+06 7.06061E+01 1.08656E+02-1.37647E+04 4.24493E+00-1.49242E+03
 -1       774-4.39888E+06 3.26124E-01 9.94571E+00-2.48128E+04 1.17643E+00-6.10741E+03
 -1       775-4.28922E+06 1.87703E+01-8.71977E+00-1.38203E+04-2.63534E+00-1.42632E+03
 -1       776-4.15507E+06 1.36031E+01-3.06798E+01-2.47920E+04 2.29269E+01-6.08163E+03
 -1       777-4.04418E+06-4.85890E+01-2.86571E+01-1.38099E+04 1.63581E+01-1.35635E+03
 -1       778-3.91119E+06-2.82299E+01-2.60503E+01-2.48040E+04 5.90874E+00-6.01073E+03
 -1       779-3.79907E+06-3.81207E+01-1.50647E+01-1.37781E+04 3.68908E+01-1.30223E+03
 -1       780-3.66726E+06 1.97398E+01 2.51951E+01-2.47437E+04 3.27338E+01-5.94310E+03
 -1       781-3.55398E+06 4.65461E+00 1.27565E+01-1.37349E+04 2.55236E+01-1.21514E+03
 -1       782-3.42317E+06-4.69150E+01-2.65918E+01-2.47584E+04 2.38968E+01-5.92669E+03
 -1       783-3.30888E+06-7.05866E+01-8.06869E+01-1.36530E+04-3.46436E+01-1.18235E+03
 -1       784-3.17908E+06-4.09777E+01-5.41741E+01-2.47465E+04-3.44344E+01-5.84169E+03
 -1       785-3.06363E+06 6.63545E+01 6.92100E+01-1.37077E+04-1.15911E+01-1.19316E+03
 -1       786-2.93518E+06-2.83587E+01-3.50790E+01-2.48069E+04 1.71304E+01-5.91349E+03
 -1       787-2.81853E+06 1.13506E+02 4.77547E+01-1.37813E+04 1.82391E+01-1.12033E+03
 -1       788-2.69062E+06 1.30367E+02 8.76009E+01-2.47542E+04 4.36213E+01-5.84538E+03
 -1       789-2.57356E+06 1.68523E+01 3.01184E+01-1.38375E+04 1.11333E+01-9.43385E+02
 -1       790-2.44688E+06-4.57660E+01-1.52630E+01-2.48102E+04 3.16334E+00-5.71135E+03
 -1       791-2.32857E+06-9.49276E+01-1.19594E+01-1.37876E+04-8.55378E+00-8.80567E+02
 -1       792-2.20238E+06 1.18824E+01-2.32289E+01-2.47787E+04 2.71969E+01-5.72961E+03
 -1       793-2.08353E+06-1.26869E+02-1.01461E+02-1.38028E+04-6.29065E+00-8.36272E+02
 -1       794-1.95811E+06-9.93149E+00 6.37911E+00-2.47607E+04 4.69443E+01-5.63719E+03
 -1       795-1.83822E+06 1.11409E+01 4.68509E+00-1.37728E+04 1.32607E+01-7.71319E+02
 -1       796-1.71365E+06 3.66834E+01 7.43382E+01-2.47366E+04 2.10437E+01-5.56492E+03
 -1       797-1.59316E+06-4.47028E-01 8.74288E+00-1.37202E+04-4.95875E+00-6.30571E+02
 -1       798-1.46887E+06 1.13704E+02 1.24863E+02-2.47367E+04-5.15125E+01-5.52037E+03
 -1       799-1.34817E+06 1.25622E+01 1.60568E+01-1.37410E+04-1.02082E+01-5.70256E+02
 -1       800-1.22470E+06-4.58426E+01-7.29997E+01-2.47655E+04 1.46534E+01-5.41156E+03
 -1       801-1.10298E+06 3.41858E+01 2.45216E+01-1.36511E+04 1.54432E+01-4.46806E+02
 -1       802-9.79652E+05 1.42804E+01-6.94354E+00-2.47085E+04-1.52399E+01-5.38101E+03
 -1       803-8.57845E+05 3.54444E+01-1.83489E+01-1.37199E+04 3.73576E+01-3.80843E+02
 -1       804-7.35100E+05-6.22548E+01 2.59168E+01-2.47779E+04 9.12232E+01-5.24141E+03
 -1       805-6.12735E+05 9.49525E+01 2.40411E+02-1.37081E+04 1.84663E+01-1.83230E+02
 -1       806-4.90138E+05 3.71449E+01 6.18833E+01-2.45457E+04-4.48510E+01-5.16157E+03
 -1       807-3.68996E+05-4.92679E+02-4.38060E+02-1.36383E+04-8.77730E+00-9.10941E+01
 -1       808-2.47464E+05 5.55038E+02 7.49741E+02-1.70061E+04 4.36036E+02-3.41897E+03
 -1       809-1.45030E+05-3.85419E+03-7.46877E+02-1.61384E+04-4.73267E+01 7.95154E+00
 -1       810-8.35152E+06 1.81830E+05-1.17406E+05 8.07769E+04-2.68706E+04 7.36923E+04
 -1       811-7.91554E+06-1.12390E+05-3.96184E+04 7.27621E+03 3.77551E+03 1.34871E+04
 -1       812-7.61720E+06 2.72492E+04 9.44661E+03-3.00662E+04-1.44116E+03 5.00373E+03
 -1       813-7.38368E+06-6.47017E+03-2.13063E+03-2.34630E+04 4.14563E+02 3.71503E+03
 -1       814-7.13425E+06 1.54143E+03 5.14289E+02-2.49608E+04-1.06238E+02 4.10631E+03
 -1       815-6.88853E+06-3.65478E+02-9.93424E+01-2.46380E+04 3.57229E+01 4.01480E+03
 -1       816-6.64196E+06 7.26705E+01-3.76237E+01-2.46865E+04-6.73633E+00 4.01143E+03
 -1       817-6.39548E+06 2.68499E+01 3.24644E+01-2.47053E+04-1.80929E+01 4.00996E+03
 -1       818-6.14908E+06 1.27665E+01 5.94944E+01-2.47201E+04 1.07436E+01 4.02272E+03
 -1       819-5.90274E+06-1.80047E+01-8.67153E+00-2.47237E+04-1.32573E+00 3.97361E+03
 -1       820-5.65650E+06-3.85288E+01-5.32516E+01-2.47010E+04 4.87184E+00 4.02698E+03
 -1       821-5.40992E+06 3.60878E+01 3.08360E+01-2.46960E+04-1.48998E+01 4.02817E+03
 -1       822-5.16359E+06-1.83962E+01-2.04590E+01-2.46834E+04 1.57752E+01 4.08217E+03
 -1       823-4.91718E+06 5.11565E-01-1.64814E+00-2.46829E+04 1.78364E+01 4.08614E+03
 -1       824-4.67067E+06 2.12804E+01 7.07745E+01-2.47303E+04 2.07306E+00 4.03334E+03
 -1       825-4.42465E+06-3.88118E+00-3.00503E+00-2.47429E+04 1.13392E+00 4.06207E+03
 -1       826-4.17823E+06 3.43091E+01 1.20028E+01-2.47225E+04-5.77544E+00 4.12346E+03
 -1       827-3.93202E+06-6.72002E+01-2.14286E+01-2.47098E+04 3.43577E+01 4.20099E+03
 -1       828-3.68583E+06-6.38742E+01-2.30592E+01-2.46989E+04 1.41652E+01 4.22020E+03
 -1       829-3.43962E+06 1.37659E+01-3.91631E+01-2.47076E+04 1.21611E+01 4.25604E+03
 -1       830-3.19339E+06 4.37936E+01 3.06241E+01-2.46831E+04 3.68063E+00 4.20718E+03
 -1       831-2.94726E+06 6.61845E+01 8.89248E+01-2.47062E+04 1.27309E+01 4.26348E+03
 -1       832-2.70120E+06 3.41174E+01 7.00470E+01-2.47366E+04 1.02921E+01 4.36969E+03
 -1       833-2.45540E+06-5.19620E+01-2.97542E+01-2.47497E+04 5.62483E+00 4.48516E+03
 -1       834-2.20953E+06-2.37320E+01-1.69221E+00-2.47621E+04-2.23744E+01 4.48112E+03
 -1       835-1.96367E+06 8.12080E+00-3.04813E+01-2.46857E+04 1.11579E+01 4.51922E+03
 -1       836-1.71786E+06-5.54204E+01-3.49221E+01-2.47152E+04 4.55706E+01 4.61025E+03
 -1       837-1.47216E+06-7.34089E+01-3.47807E+01-2.47358E+04 2.27250E+01 4.68637E+03
 -1       838-1.22679E+06-4.53596E+01-9.88074E+01-2.46868E+04 3.94158E+01 4.73120E+03
 -1       839-9.80947E+05 4.97120E+01 1.68350E+02-2.46947E+04 2.39096E+01 4.77426E+03
 -1       840-7.35715E+05-3.97131E-01-4.22588E+01-2.47304E+04 6.43493E+01 4.88385E+03
 -1       841-4.90537E+05 8.52387E+00 1.80557E+01-2.45942E+04 3.50426E+01 4.97422E+03
 -1       842-2.47456E+05 5.83685E+02 7.72628E+02-1.69855E+04-3.88203E+02 3.37874E+03
 -1       843 2.33863E+01 5.63305E+01 2.97186E+01-3.03547E+05-7.52087E+00-2.94461E+03
 -1       844-3.77336E+01-8.23568E+00 2.55719E+00-1.59195E+05-1.62273E+00-1.52337E+03
 -1       845-1.47265E+01-3.73571E+01-4.27044E+01-1.40536E+05-3.75691E+00-1.25211E+03
 -1       846-2.14118E+01 3.07194E+01 7.22547E+00-1.44063E+05-4.50549E+00-1.28791E+03
 -1       847-7.69715E+01-2.79058E+01 2.67946E+01-1.43456E+05 5.85225E+00-1.26134E+03
 -1       848 5.26612E+01-8.08927E+00-4.87698E+01-1.43581E+05 6.45807E+00-1.27819E+03
 -1       849 3.35679E+01 2.97325E+01 3.65749E+01-1.43592E+05-1.31502E+01-1.24528E+03
 -1       850 4.85369E+01 2.49179E+01 7.08194E+01-1.43584E+05 6.60062E+00-1.25724E+03
 -1       851-2.17834E+01-2.26329E+01-7.71510E+01-1.43561E+05 7.05968E+00-1.28828E+03
 -1       852-7.33552E+01-2.43457E+01-3.72889E+01-1.43575E+05-9.78282E+00-1.25669E+03
 -1       853-2.05649E+01 2.15948E+01 1.64847E+01-1.43579E+05-2.69125E-01-1.22703E+03
 -1       854-9.43442E+01-3.43928E+01-1.47044E+01-1.43615E+05 1.69429E+00-1.26050E+03
 -1       855 1.04247E+02 1.54099E+00-3.94546E+00-1.43541E+05 1.68451E+01-1.23822E+03
 -1       856 2.75308E+01 2.60719E+01 5.94762E+01-1.43585E+05 9.38396E-01-1.21577E+03
 -1       857 1.20595E+01 4.94003E+01 4.20581E+01-1.43584E+05-1.06758E+01-1.18461E+03
 -1       858 6.46299E+01 1.52906E+01 7.47273E-01-1.43571E+05-8.89346E+00-1.15369E+03
 -1       859-1.40156E+02-6.69071E+01-6.67864E+01-1.43601E+05 2.93595E+00-1.15524E+03
 -1       860-4.71639E+01 2.12289E+01-5.10410E+01-1.43579E+05 2.06938E+01-1.11180E+03
 -1       861-2.24641E+01-5.53206E+00 4.19976E+01-1.43564E+05-5.19519E+00-1.06128E+03
 -1       862 8.75130E+01-7.39087E+00-1.44461E+01-1.43603E+05-1.45150E+01-1.01408E+03
 -1       863-7.52848E+00 1.50236E+01-2.85615E+01-1.43581E+05 1.46450E+01-9.80211E+02
 -1       864 8.09002E+01-1.84804E+01 6.56223E+00-1.43589E+05 5.45329E+00-9.28556E+02
 -1       865-1.62149E+02-3.90611E+01-1.89981E+01-1.43566E+05-3.40154E+00-8.59199E+02
 -1       866 1.45409E+02 7.80170E+01-2.18185E+01-1.43588E+05-9.80928E+00-7.93524E+02
 -1       867-1.90101E+02-2.37100E+01 2.03913E+01-1.43612E+05 6.58136E+00-7.59498E+02
 -1       868 9.03721E+00-1.43668E+01 7.74475E-01-1.43605E+05-2.49074E+01-6.69600E+02
 -1       869 1.59070E+02 8.45984E+01-4.79294E+00-1.43572E+05 3.53358E+01-5.49286E+02
 -1       870-9.03850E+01 5.96985E+00 6.34002E+01-1.43543E+05 3.44286E+01-4.82189E+02
 -1       871 2.01062E+02-1.23301E+01 4.09279E+00-1.43612E+05-2.74393E+01-4.11970E+02
 -1       872-2.46607E+02-7.92644E+01-1.20448E+02-1.43576E+05 5.59631E+00-3.29184E+02
 -1       873 4.57456E+01-3.11739E+00 6.28766E+00-1.43551E+05-1.23666E+01-2.33524E+02
 -1       874-6.71667E+01 5.07074E-01-3.08942E+01-1.43688E+05 3.64024E+00-1.24534E+02
 -1       875 2.60575E+01 1.68246E+00-3.47358E+01-1.49936E+05-1.59181E+01-4.34986E+01
 -1       876-3.50468E+04-2.82257E+03-1.42621E+03-3.14590E+05 3.07521E+04-3.75331E+02
 -1       877-8.62298E+00 6.78362E+00-2.20175E+00-1.63997E+05-3.65890E+00-2.08759E+03
 -1       878 4.38244E+06 1.72693E+05 2.58341E+05-1.98585E+04-3.77383E+02-2.66753E+03
 -1       879 3.50471E+04 2.89048E+03 1.46988E+03-3.14666E+05-3.07605E+04-3.63055E+02
 -1       880-3.13353E+04 9.15295E+01-2.11993E+01-1.54967E+05 8.10820E+03-1.01083E+03
 -1       881 6.18549E+01 5.31724E+01 4.76662E+01-1.58396E+05-5.10902E+00-1.71480E+03
 -1       882 3.92840E+06-1.81584E+03-2.16957E+04-1.03569E+05-1.29900E+02-1.39832E+03
 -1       883 3.13216E+04-9.37495E+01 2.76368E+01-1.55051E+05-8.08542E+03-1.00891E+03
 -1       884-2.98920E+04-5.67536E+01 5.49338E+00-1.50371E+05-5.23004E+02-7.78542E+02
 -1       885-6.38313E+01-2.94339E+01-3.16638E+01-1.40602E+05-6.49955E+00-1.21640E+03
 -1       886 3.80179E+06-4.84538E+02 4.25966E+03-8.40278E+04-1.14912E+01-1.32877E+03
 -1       887 2.98618E+04 8.05636E-02-6.10563E+01-1.50448E+05 5.15792E+02-7.56776E+02
 -1       888-2.85995E+04 2.35208E+01-6.33154E+00-1.49434E+05 5.88047E+01-8.03803E+02
 -1       889-5.77686E+01-2.77410E+01-4.09393E+01-1.30006E+05-4.83760E+00-1.12773E+03
 -1       890 3.67544E+06 1.23090E+02-8.65571E+02-8.86921E+04-5.10414E+00-1.34373E+03
 -1       891 2.84509E+04-7.21390E-02-8.84204E+00-1.49509E+05-7.65818E+01-8.08682E+02
 -1       892-2.71555E+04 8.60118E+00 2.51459E+01-1.49751E+05 5.81666E+00-7.93288E+02
 -1       893 2.40119E+01 4.20934E+01 4.89103E+01-1.32521E+05-8.51838E-02-1.12255E+03
 -1       894 3.55410E+06-4.78175E+01 1.61440E+02-8.76356E+04 7.10363E+00-1.34894E+03
 -1       895 2.71400E+04-3.13187E+00 1.88586E+01-1.49818E+05 1.60665E+01-8.13019E+02
 -1       896-2.58288E+04-1.19368E+01-2.81314E+01-1.49677E+05-8.69726E+00-8.00766E+02
 -1       897-2.06501E+01-1.65824E+01-1.04949E+01-1.31861E+05 1.24271E+01-1.12595E+03
 -1       898 3.43127E+06-2.19583E+01-4.25723E+01-8.79292E+04 5.26708E+00-1.36723E+03
 -1       899 2.58900E+04-3.52492E+00-4.68609E+00-1.49708E+05-1.67746E+00-8.10469E+02
 -1       900-2.45231E+04-3.35242E+00 1.44973E+01-1.49722E+05 5.90362E+00-7.92724E+02
 -1       901-2.10113E+01-2.87635E+01-3.89726E+01-1.32063E+05-5.69597E+00-1.10326E+03
 -1       902 3.30887E+06 2.65292E+01 1.41488E+01-8.78406E+04 6.80043E-01-1.33952E+03
 -1       903 2.45113E+04 2.70885E+00 4.92743E+00-1.49771E+05-1.17513E+01-7.75942E+02
 -1       904-2.30671E+04 2.19897E+01 4.09897E+01-1.49709E+05 2.68757E+00-8.14386E+02
 -1       905 7.25364E+01 3.15640E+01 5.84127E+01-1.32032E+05-6.45942E+00-1.09562E+03
 -1       906 3.18625E+06 1.08851E+01 2.54329E+01-8.78683E+04 4.00453E-01-1.34230E+03
 -1       907 2.32423E+04 2.12510E+01 4.42522E+01-1.49752E+05 6.36113E+00-7.95395E+02
 -1       908-2.19404E+04-7.56354E+00-4.82466E+01-1.49679E+05 8.61996E-01-7.96803E+02
 -1       909 3.61301E+01 2.46407E+01 2.00428E+01-1.32014E+05 1.15106E+01-1.13134E+03
 -1       910 3.06372E+06-1.70290E+01-3.26308E+01-8.78700E+04-1.21896E+01-1.36373E+03
 -1       911 2.18307E+04-2.55622E+00-3.66314E+01-1.49761E+05 5.41320E+00-8.07919E+02
 -1       912-2.05344E+04 1.40165E+01-4.20575E-01-1.49679E+05-2.93357E+00-7.78665E+02
 -1       913-7.19207E+01-2.58859E+01-5.53161E+01-1.32010E+05-3.16852E+00-1.11333E+03
 -1       914 2.94110E+06-2.63881E+01-3.06450E+01-8.78671E+04 1.06760E+00-1.32500E+03
 -1       915 2.04160E+04-2.39859E+01-4.17502E+01-1.49777E+05 5.68726E+00-7.98251E+02
 -1       916-1.92244E+04-2.93799E+01-1.39451E+01-1.49677E+05-1.32713E+01-7.85342E+02
 -1       917-8.22407E+01-2.38725E+01-3.55723E+01-1.32040E+05-6.76536E+00-1.10453E+03
 -1       918 2.81864E+06 3.07511E+01 2.89256E+01-8.78530E+04 1.36893E+01-1.28727E+03
 -1       919 1.91860E+04-3.97336E+00 1.46478E+01-1.49765E+05-8.54188E+00-7.76248E+02
 -1       920-1.79627E+04-1.22396E+01-2.19609E+00-1.49741E+05 1.26356E+01-8.02923E+02
 -1       921-3.54965E+00 1.43294E+01 2.31127E+01-1.32034E+05-1.47061E+00-1.09759E+03
 -1       922 2.69602E+06-4.69168E+00 9.39493E+00-8.78871E+04 1.52446E-02-1.33078E+03
 -1       923 1.78788E+04-7.41697E+00 5.20980E+00-1.49760E+05 4.95420E+00-7.88520E+02
 -1       924-1.65740E+04 1.75474E+01 1.76147E+01-1.49704E+05-1.43324E+00-7.71682E+02
 -1       925 2.67044E+01-1.25083E+01-2.03300E+00-1.32010E+05 1.40361E+01-1.08746E+03
 -1       926 2.57356E+06-1.25449E+01-1.49121E-02-8.78691E+04-1.23246E+00-1.34604E+03
 -1       927 1.66392E+04-2.04814E+01-2.28071E+01-1.49705E+05-3.31152E+00-7.92489E+02
 -1       928-1.52138E+04 4.75519E+01 3.50299E+01-1.49728E+05 9.88958E+00-7.75035E+02
 -1       929 3.05712E+00-1.11766E+01 1.45045E+00-1.32033E+05 9.06827E+00-1.09575E+03
 -1       930 2.45110E+06 3.15669E+01 1.34254E+01-8.78473E+04-2.24802E+00-1.31362E+03
 -1       931 1.52964E+04 2.32247E+00 2.93636E+01-1.49757E+05 5.67388E+00-7.70471E+02
 -1       932-1.40750E+04 2.49422E+01 1.41758E+01-1.49701E+05-6.65092E+00-7.49888E+02
 -1       933 6.15527E+01 5.34204E+01 6.75787E+01-1.32015E+05-8.25814E+00-1.07022E+03
 -1       934 2.32841E+06 2.88036E+00 2.10405E+00-8.78751E+04-1.08307E+01-1.25680E+03
 -1       935 1.41149E+04 2.34643E+01 3.32424E+01-1.49761E+05 1.00935E+01-7.59337E+02
 -1       936-1.27560E+04 7.59896E+00 3.30410E+01-1.49656E+05-2.71345E+00-7.39985E+02
 -1       937 4.56421E+00 2.88574E+01-2.31839E+00-1.32013E+05-1.18613E+01-1.00844E+03
 -1       938 2.20593E+06-5.54636E+00-2.49673E+01-8.78623E+04 5.47169E+00-1.19529E+03
 -1       939 1.28455E+04 2.23573E+01-2.73514E+00-1.49754E+05-2.67087E+01-7.24162E+02
 -1       940-1.17128E+04-3.15173E+01-4.48096E+01-1.49715E+05 1.96258E+01-7.29726E+02
 -1       941-5.60752E+01-4.15466E+01-5.31398E+01-1.32040E+05-2.96760E+00-1.03145E+03
 -1       942 2.08323E+06-4.95459E+01-5.28327E+01-8.78680E+04 4.02846E+00-1.21770E+03
 -1       943 1.15068E+04-3.90401E+01-2.34484E+01-1.49795E+05-7.50530E+00-7.34992E+02
 -1       944-1.05224E+04 1.93277E+01-3.11707E+01-1.49738E+05 7.83713E-01-6.87837E+02
 -1       945-1.97864E+01-9.30381E-02-6.53834E+00-1.32057E+05 1.45802E+01-1.00663E+03
 -1       946 1.96081E+06-6.66830E+00 1.57348E+01-8.79068E+04 8.15359E+00-1.20664E+03
 -1       947 1.03562E+04-1.67681E+01-5.05554E+01-1.49756E+05 2.20957E+01-7.13304E+02
 -1       948-9.16021E+03 3.72384E+01 3.89597E+01-1.49739E+05-1.64050E+01-6.83553E+02
 -1       949-5.18893E+01 1.17805E+01 5.08004E+00-1.32026E+05 6.62143E+00-9.50811E+02
 -1       950 1.83833E+06 3.61704E+01 7.43816E+01-8.78831E+04 9.52191E-01-1.14853E+03
 -1       951 9.26013E+03-5.91167E+01-1.91969E+01-1.49713E+05 1.06433E+01-6.47640E+02
 -1       952-8.24185E+03-4.41998E+01-4.53120E+01-1.49726E+05 4.50248E+00-6.42706E+02
 -1       953 5.02799E+00-9.14981E+00 5.22646E+00-1.32022E+05-1.65301E+01-9.16248E+02
 -1       954 1.71575E+06-2.57064E+00-2.58218E+01-8.78520E+04-2.14534E+01-1.11056E+03
 -1       955 8.23893E+03-9.90981E+00-2.33537E+01-1.49742E+05 1.75165E+01-6.16268E+02
 -1       956-7.09922E+03 6.89182E+01 3.36313E+01-1.49726E+05 8.10286E+00-6.21343E+02
 -1       957 5.31406E+01 2.28025E+01 1.06355E+01-1.32026E+05-8.22767E+00-8.71798E+02
 -1       958 1.59324E+06 2.15842E+01 1.07010E+01-8.78336E+04-4.91315E-01-1.02477E+03
 -1       959 7.16257E+03 3.72640E+01-4.94924E+00-1.49736E+05-2.74796E+00-6.34342E+02
 -1       960-6.08560E+03-1.76463E+01-6.90332E-01-1.49690E+05-7.58633E+00-5.78704E+02
 -1       961 3.56807E+01 5.02668E+00-1.99432E+01-1.32039E+05 1.10141E+01-8.60348E+02
 -1       962 1.47062E+06 1.64685E+01-1.20763E+01-8.78613E+04 1.82453E+01-9.78136E+02
 -1       963 6.17471E+03-5.15476E+01 2.29366E+01-1.49778E+05-7.89670E+00-5.97242E+02
 -1       964-5.23015E+03 8.69336E+00-1.94664E+01-1.49690E+05-1.25640E+01-5.44157E+02
 -1       965-2.82721E+01-2.41459E+01-1.30940E+01-1.32026E+05 9.61318E+00-7.85828E+02
 -1       966 1.34799E+06-3.92523E+01 1.49121E+01-8.79019E+04 1.41115E+00-8.88935E+02
 -1       967 5.14133E+03 4.01639E+00 4.44823E+01-1.49742E+05 3.61455E+00-5.49172E+02
 -1       968-4.32627E+03 2.17561E+01-2.86430E+01-1.49735E+05 1.73466E+01-4.94435E+02
 -1       969-6.17815E+00 2.43765E+00-2.19796E+01-1.32014E+05-4.09672E+00-7.10280E+02
 -1       970 1.22563E+06 1.64452E+01-4.57618E+01-8.78831E+04-4.52882E+00-8.58229E+02
 -1       971 4.32332E+03-2.16276E+01-1.89773E+01-1.49737E+05 1.99119E+01-5.01180E+02
 -1       972-3.60470E+03 1.39755E+01 4.18608E+01-1.49751E+05 2.19000E+01-4.68139E+02
 -1       973-4.73283E+01 4.16260E+00-1.75735E+01-1.32033E+05-9.50298E+00-6.79061E+02
 -1       974 1.10282E+06-1.85172E+01 2.81580E+01-8.78957E+04-4.47045E-02-8.28835E+02
 -1       975 3.40893E+03-3.53631E+01-2.23266E+01-1.49766E+05-8.95352E+00-4.53806E+02
 -1       976-2.74048E+03 6.07017E+01 4.79538E+01-1.49779E+05 4.05011E+00-3.99477E+02
 -1       977-4.77233E+01-1.42228E+01 1.34519E+01-1.32074E+05-1.02758E+01-6.31467E+02
 -1       978 9.80453E+05 1.86850E+01-1.27552E+01-8.79148E+04-4.14179E+01-7.14670E+02
 -1       979 2.73761E+03-8.43848E+01-7.03108E+01-1.49751E+05-1.89281E+01-4.30862E+02
 -1       980-2.01984E+03 3.80928E+01 1.04385E+01-1.49709E+05 4.09833E+00-3.69957E+02
 -1       981-1.73689E+01-2.63311E+01-4.64315E+01-1.32052E+05 1.25473E+01-5.48188E+02
 -1       982 8.58039E+05 5.72998E+01 2.74595E+01-8.78393E+04 3.63730E+01-5.95377E+02
 -1       983 2.17612E+03 8.30900E+00-1.82484E+01-1.49721E+05-5.52361E+00-3.41502E+02
 -1       984-1.55587E+03 6.95606E+01 4.95153E+01-1.49710E+05 1.22690E+01-3.38788E+02
 -1       985 1.13524E+02 8.92121E+01 7.26195E+01-1.32009E+05 2.66729E+01-4.57639E+02
 -1       986 7.35322E+05 9.92225E+00 6.23055E+01-8.78671E+04 4.59672E+00-5.22023E+02
 -1       987 1.54709E+03 2.40955E+01 5.01621E+01-1.49724E+05 7.11287E-01-3.18987E+02
 -1       988-9.45351E+02-3.34571E+01-1.74812E+01-1.49751E+05-2.24836E+01-2.57555E+02
 -1       989 3.50366E+01 5.54315E+00 4.69423E+01-1.32053E+05-1.05847E+01-3.83942E+02
 -1       990 6.12940E+05 9.24522E+01 1.16972E+01-8.78397E+04 1.12908E+01-4.51408E+02
 -1       991 1.14556E+03-4.97495E+01-3.16147E+00-1.49750E+05 3.49743E+01-2.50319E+02
 -1       992-6.57531E+02 1.11687E+02 6.54924E+00-1.49718E+05 1.59204E+01-2.18787E+02
 -1       993-4.60614E+01-4.42979E+01-6.29067E+01-1.31992E+05-1.14216E+01-3.27552E+02
 -1       994 4.90139E+05-5.13105E+01-4.03726E+01-8.78278E+04-2.42911E+01-3.44728E+02
 -1       995 5.40120E+02-1.22398E+01-2.74069E+01-1.49743E+05 4.09273E+00-1.90027E+02
 -1       996-3.86440E+02-2.78433E+00-3.00354E+01-1.49691E+05-1.80813E+01-1.55923E+02
 -1       997-1.28843E+01 5.75759E+00-1.70270E+01-1.32016E+05-3.28407E+00-2.59590E+02
 -1       998 3.67661E+05 3.28986E+01 1.30409E+01-8.78688E+04 2.00481E+01-2.69846E+02
 -1       999 3.09031E+02-1.98100E+01-6.89439E+00-1.49687E+05 3.14851E+01-1.48207E+02
 -1      1000-1.64609E+02 3.57648E+00-6.60786E+01-1.49841E+05 1.20429E+01-8.92346E+01
 -1      1001-5.36316E+01-9.08671E+00-1.69861E+01-1.31957E+05-6.30003E+00-1.56599E+02
 -1      1002 2.44677E+05-2.59125E+02-3.50940E+02-8.77659E+04 1.07252E+01-1.63357E+02
 -1      1003 1.09326E+02-2.08242E+01 6.79638E+00-1.49834E+05-7.61947E+00-8.00620E+01
 -1      1004-3.15405E+01 5.91647E+01-3.64465E+00-1.57026E+05-3.21164E+02-3.02713E+01
 -1      1005-3.77494E+01 2.67802E+01-1.54103E+01-1.32383E+05-1.42504E+01-8.61939E+01
 -1      1006 1.14927E+05-4.32867E+03-3.23576E+03-8.66982E+04-8.36256E+00-7.09780E+01
 -1      1007-1.04803E+01-1.29468E+01-3.66057E+01-1.56992E+05 3.10345E+02-7.00347E+00
 -1      1008 3.49019E+01 1.97518E+01 2.27945E+01-1.34252E+05-4.41256E+00-3.61596E+01
 -1      1009-4.38239E+06-1.72636E+05-2.58294E+05-1.98683E+04 3.57832E+02-2.70529E+03
 -1      1010-3.92846E+06 1.81528E+03 2.17027E+04-1.03556E+05 1.01241E+02-1.43781E+03
 -1      1011-3.80183E+06 4.59734E+02-4.30926E+03-8.40210E+04 1.94874E+01-1.42626E+03
 -1      1012-3.67544E+06-1.05672E+02 8.57723E+02-8.87412E+04 1.32836E+01-1.44309E+03
 -1      1013-3.55424E+06 1.37127E+01-1.41690E+02-8.76432E+04-1.08232E+00-1.39796E+03
 -1      1014-3.43122E+06 1.43815E+01 2.81228E+01-8.79146E+04 9.82061E-01-1.39605E+03
 -1      1015-3.30882E+06-3.70520E+00-1.79377E+01-8.78421E+04 3.93404E+00-1.36915E+03
 -1      1016-3.18624E+06 1.28036E+01 2.38043E+01-8.78647E+04-2.90171E+00-1.37078E+03
 -1      1017-3.06370E+06 4.21020E+00 4.16153E+00-8.78579E+04-1.23494E+01-1.41497E+03
 -1      1018-2.94117E+06 2.67393E+00-4.82667E+00-8.78766E+04 3.84629E+00-1.41177E+03
 -1      1019-2.81870E+06-1.73896E+01-1.46703E+01-8.78879E+04 5.24161E-01-1.36793E+03
 -1      1020-2.69619E+06-1.99150E+01-1.07997E+01-8.78716E+04 3.64112E+00-1.36127E+03
 -1      1021-2.57344E+06 1.86783E+01-2.48906E+01-8.78423E+04 1.49773E+01-1.34278E+03
 -1      1022-2.45102E+06-8.97029E+00 2.38831E+01-8.78424E+04-4.77358E+00-1.31193E+03
 -1      1023-2.32837E+06 2.97595E+01 5.63543E+01-8.78655E+04-9.07409E+00-1.30533E+03
 -1      1024-2.20588E+06 1.99867E+01 4.78453E+00-8.78757E+04 1.60640E-01-1.29550E+03
 -1      1025-2.08342E+06 2.78615E+01 7.98530E+00-8.79016E+04 6.90964E+00-1.25858E+03
 -1      1026-1.96085E+06-1.34966E+01-3.00734E+01-8.78960E+04 1.42696E+01-1.20232E+03
 -1      1027-1.83835E+06-3.89097E+01-1.20204E+01-8.78695E+04 2.04290E+01-1.15453E+03
 -1      1028-1.71572E+06-2.13379E+01-2.75199E+01-8.78573E+04-1.46898E+01-1.10765E+03
 -1      1029-1.59317E+06-2.29292E+01-1.14800E+01-8.78331E+04 1.85182E+00-1.07772E+03
 -1      1030-1.47060E+06-4.58372E-01-8.33234E+00-8.78533E+04 3.53719E+00-1.04273E+03
 -1      1031-1.34807E+06 5.44835E+01 3.01426E+01-8.78795E+04-6.94637E+00-9.17282E+02
 -1      1032-1.22547E+06 4.90059E+01 1.08203E+01-8.78991E+04 5.86417E+00-8.60698E+02
 -1      1033-1.10315E+06-4.30439E+01 3.62737E+00-8.78924E+04-9.01594E+00-7.89576E+02
 -1      1034-9.80405E+05 2.52473E+01 3.38500E+01-8.78967E+04 3.71133E+00-7.31135E+02
 -1      1035-8.57828E+05 3.65317E+01 5.67963E+00-8.78978E+04 3.56108E+01-6.20835E+02
 -1      1036-7.35382E+05-2.75152E+01 9.91189E+00-8.78400E+04-1.83939E+00-5.21087E+02
 -1      1037-6.12762E+05-8.02494E+01-1.07943E+01-8.78431E+04 5.79379E+00-4.93389E+02
 -1      1038-4.90318E+05-4.75009E+00-4.84080E+01-8.78406E+04-9.65190E+00-3.60291E+02
 -1      1039-3.67709E+05-2.58113E+01-5.91742E+01-8.78396E+04 1.77371E+01-2.61836E+02
 -1      1040-2.44790E+05 2.06530E+02 3.48631E+02-8.77853E+04-1.91804E+01-1.29994E+02
 -1      1041-1.14841E+05 4.36170E+03 3.18737E+03-8.67016E+04 3.31981E+00-5.40959E+01
 -3
    1PSTEP                         3           1           1          
  100CL  101 1.000000000        1041                     0    1           1
 -4  TOSTRAIN    6    1
 -5  EXX         1    4    1    1
 -5  EYY         1    4    2    2
 -5  EZZ         1    4    3    3
 -5  EXY         1    4    1    2
 -5  EYZ         1    4    2    3
 -5  EZX         1    4    3    1
 -1         1 3.56487E-05 1.95377E-10 1.61249E-10-2.95454E-06-4.34648E-12 1.07320E-05
 -1         2-3.62236E-05-1.97778E-10-1.64559E-10-3.13273E-06-4.47981E-12-1.07595E-05
 -1         3-1.40258E-07 3.00997E-07-3.84864E-08-2.77290E-07 3.75934E-10 2.70698E-08
 -1         4 1.40258E-07-3.00589E-07 3.84164E-08-2.76957E-07-6.78600E-12-2.71452E-08
 -1         5-1.40532E-07 3.01636E-07-3.89947E-08-2.76618E-07-7.64588E-10-2.63594E-08
 -1         6 1.39849E-07-3.00953E-07 3.87776E-08-2.76873E-07-4.15264E-10 2.74673E-08
 -1         7-3.56497E-05-1.95374E-10-1.61249E-10-2.95459E-06 4.34750E-12 1.07318E-05
 -1         8 3.62240E-05 1.97775E-10 1.64559E-10-3.13271E-06 4.48074E-12-1.07595E-05
 -1         9-2.59357E-07-1.21757E-12-1.65454E-12 5.67889E-06-5.43390E-12-5.21035E-08
 -1        10 1.75986E-05-2.04323E-10-1.72481E-10 2.22305E-06 1.28756E-11 5.35729E-06
 -1        11-1.81378E-05 2.06795E-10 1.75739E-10 2.13661E-06 1.31098E-11-5.43667E-06
 -1        12-3.88596E-05 1.17904E-05 1.11096E-05 7.56365E-07-4.81627E-07 1.63832E-06
 -1        13-3.73758E-05 1.01183E-05 1.03539E-05-3.28884E-08 5.93891E-08 4.07812E-08
 -1        14-3.65141E-05 1.03106E-05 1.02409E-05-2.23701E-07-1.79111E-08 4.69543E-08
 -1        15-3.52750E-05 9.85380E-06 9.87390E-06-1.95168E-07 4.85232E-09 3.12972E-08
 -1        16-3.41039E-05 9.55495E-06 9.54972E-06-2.04067E-07-1.33885E-09 3.38249E-08
 -1        17-3.29236E-05 9.21711E-06 9.21849E-06-2.01883E-07 3.75354E-10 3.33032E-08
 -1        18-3.17435E-05 8.88887E-06 8.88812E-06-2.02484E-07-1.56654E-10 3.34113E-08
 -1        19-3.05638E-05 8.55781E-06 8.55812E-06-2.02366E-07 3.06374E-11 3.30960E-08
 -1        20-2.93842E-05 8.22746E-06 8.22747E-06-2.02223E-07 1.39634E-10 3.34401E-08
 -1        21-2.82046E-05 7.89721E-06 7.89737E-06-2.02401E-07-1.56135E-10 3.29692E-08
 -1        22-2.70258E-05 7.56729E-06 7.56725E-06-2.02413E-07 7.93549E-11 3.30846E-08
 -1        23-2.58453E-05 7.23668E-06 7.23670E-06-2.02556E-07-2.25764E-10 3.33092E-08
 -1        24-2.46669E-05 6.90666E-06 6.90666E-06-2.02077E-07 2.07042E-10 3.35914E-08
 -1        25-2.34866E-05 6.57631E-06 6.57619E-06-2.02443E-07 1.55484E-10 3.37466E-08
 -1        26-2.23072E-05 6.24588E-06 6.24629E-06-2.02570E-07 5.89776E-11 3.32181E-08
 -1        27-2.11301E-05 5.91652E-06 5.91664E-06-2.02738E-07-4.29748E-11 3.29126E-08
 -1        28-1.99507E-05 5.58631E-06 5.58599E-06-2.02698E-07 6.22227E-12 3.30925E-08
 -1        29-1.87728E-05 5.25600E-06 5.25609E-06-2.02015E-07 2.53853E-10 3.38241E-08
 -1        30-1.75944E-05 4.92600E-06 4.92680E-06-2.02326E-07-1.84361E-10 3.38489E-08
 -1        31-1.64172E-05 4.59708E-06 4.59665E-06-2.02889E-07 1.78905E-10 3.41468E-08
 -1        32-1.52401E-05 4.26742E-06 4.26729E-06-2.02346E-07-5.10646E-11 3.37216E-08
 -1        33-1.40630E-05 3.93760E-06 3.93798E-06-2.02619E-07-2.68346E-11 3.36856E-08
 -1        34-1.28873E-05 3.60829E-06 3.60863E-06-2.02887E-07 2.64529E-10 3.35783E-08
 -1        35-1.17122E-05 3.27923E-06 3.27914E-06-2.02765E-07 1.06886E-11 3.42644E-08
 -1        36-1.05376E-05 2.95041E-06 2.95059E-06-2.03309E-07-3.04989E-10 3.40691E-08
 -1        37-9.36372E-06 2.62160E-06 2.62168E-06-2.02254E-07 1.05492E-10 3.43190E-08
 -1        38-8.18943E-06 2.29314E-06 2.29324E-06-2.02750E-07 4.00217E-10 3.42951E-08
 -1        39-7.01707E-06 1.96475E-06 1.96487E-06-2.02815E-07 3.99333E-10 3.47670E-08
 -1        40-5.84629E-06 1.63668E-06 1.63639E-06-2.02477E-07 2.54696E-11 3.54038E-08
 -1        41-4.67414E-06 1.30869E-06 1.30951E-06-2.02932E-07 2.77585E-10 3.48989E-08
 -1        42-3.50467E-06 9.80978E-07 9.81338E-07-2.02940E-07 2.24537E-10 3.56737E-08
 -1        43-2.33644E-06 6.55118E-07 6.52160E-07-2.02218E-07 3.27756E-10 3.52351E-08
 -1        44-1.16773E-06 3.25768E-07 3.38084E-07-1.50152E-07-2.16300E-09 2.08298E-08
 -1        45-3.76853E-05 8.96054E-06 9.33047E-06-8.74243E-07 8.85672E-07-3.30170E-06
 -1        46-3.79705E-05 1.11652E-05 1.09260E-05 1.22101E-08-1.69452E-07 2.58816E-07
 -1        47-3.69590E-05 1.02462E-05 1.02990E-05-1.46958E-07 2.87671E-08-6.63746E-09
 -1        48-3.58967E-05 1.00776E-05 1.00569E-05-1.27542E-07-6.73996E-09 3.96303E-08
 -1        49-3.46885E-05 9.70594E-06 9.71280E-06-1.32657E-07 1.66719E-09 3.45053E-08
 -1        50-3.35163E-05 9.38617E-06 9.38427E-06-1.31516E-07-4.68060E-10 3.38830E-08
 -1        51-3.23346E-05 9.05354E-06 9.05366E-06-1.32022E-07 1.66113E-10 3.45787E-08
 -1        52-3.11552E-05 8.72379E-06 8.72352E-06-1.32022E-07-4.66642E-11 3.41420E-08
 -1        53-2.99757E-05 8.39281E-06 8.39325E-06-1.31824E-07-9.94980E-12 3.41518E-08
 -1        54-2.87956E-05 8.06276E-06 8.06274E-06-1.31787E-07-4.75903E-11 3.40710E-08
 -1        55-2.76163E-05 7.73264E-06 7.73270E-06-1.32032E-07 7.32779E-11 3.39432E-08
 -1        56-2.64370E-05 7.40239E-06 7.40226E-06-1.32004E-07-8.79486E-11 3.42339E-08
 -1        57-2.52572E-05 7.07197E-06 7.07201E-06-1.32128E-07 3.21714E-11 3.42617E-08
 -1        58-2.40778E-05 6.74161E-06 6.74185E-06-1.31786E-07 1.05386E-10 3.45443E-08
 -1        59-2.28982E-05 6.41138E-06 6.41140E-06-1.31888E-07 7.22780E-11 3.43216E-08
 -1        60-2.17192E-05 6.08150E-06 6.08184E-06-1.32331E-07 5.01103E-11 3.38879E-08
 -1        61-2.05415E-05 5.75165E-06 5.75176E-06-1.32247E-07 3.08922E-11 3.38892E-08
 -1        62-1.93629E-05 5.42154E-06 5.42116E-06-1.31912E-07 1.65296E-10 3.41077E-08
 -1        63-1.81841E-05 5.09132E-06 5.09153E-06-1.31774E-07-1.67128E-11 3.47559E-08
 -1        64-1.70065E-05 4.76155E-06 4.76210E-06-1.32335E-07-6.35463E-11 3.50162E-08
 -1        65-1.58295E-05 4.43239E-06 4.43224E-06-1.32233E-07 5.42821E-13 3.46411E-08
 -1        66-1.46524E-05 4.10237E-06 4.10307E-06-1.31885E-07-8.38484E-11 3.42473E-08
 -1        67-1.34755E-05 3.77302E-06 3.77349E-06-1.32300E-07 1.59648E-10 3.41306E-08
 -1        68-1.23006E-05 3.44391E-06 3.44409E-06-1.32246E-07 1.80170E-10 3.46269E-08
 -1        69-1.11251E-05 3.11525E-06 3.11499E-06-1.32616E-07-2.40599E-11 3.47539E-08
 -1        70-9.95138E-06 2.78623E-06 2.78611E-06-1.32636E-07 6.17140E-11 3.47076E-08
 -1        71-8.77651E-06 2.45724E-06 2.45769E-06-1.32125E-07 2.81449E-10 3.48536E-08
 -1        72-7.60388E-06 2.12896E-06 2.12937E-06-1.32477E-07 2.68040E-10 3.51039E-08
 -1        73-6.43220E-06 1.80060E-06 1.80110E-06-1.32184E-07 7.87907E-11 3.52384E-08
 -1        74-5.25988E-06 1.47245E-06 1.47304E-06-1.32264E-07 8.61931E-11 3.52062E-08
 -1        75-4.08997E-06 1.14461E-06 1.14537E-06-1.32355E-07 1.29908E-10 3.55444E-08
 -1        76-2.91956E-06 8.18129E-07 8.17008E-07-1.32701E-07 3.02818E-10 3.58708E-08
 -1        77-1.75570E-06 4.87542E-07 4.94239E-07-1.28633E-07-4.33599E-10 3.38623E-08
 -1        78-6.47266E-07 1.53269E-07 1.69610E-07-1.28270E-07 1.44615E-08 1.98656E-08
 -1        79 5.97416E-10 8.31355E-11-8.97731E-11-8.89616E-07-8.29292E-08 9.06069E-11
 -1        80 4.49055E-09-2.66739E-07 6.08448E-08-5.99591E-07-4.14478E-08-1.73162E-08
 -1        81-4.24633E-09 2.67026E-07-6.10460E-08-5.99548E-07-4.15414E-08 1.74459E-08
 -1        82 3.82388E-05-1.16113E-05-1.09214E-05 7.39394E-07-4.74506E-07-1.62388E-06
 -1        83 3.67868E-05-9.95654E-06-1.01953E-05-3.46316E-08 5.83212E-08-4.24902E-08
 -1        84 3.59440E-05-1.01508E-05-1.00796E-05-2.25061E-07-1.72095E-08-5.17524E-08
 -1        85 3.47321E-05-9.70190E-06-9.72245E-06-1.97026E-07 4.61956E-09-3.56958E-08
 -1        86 3.35860E-05-9.40990E-06-9.40482E-06-2.05677E-07-1.40281E-09-3.82034E-08
 -1        87 3.24315E-05-9.07928E-06-9.08087E-06-2.03297E-07 4.07689E-10-3.78160E-08
 -1        88 3.12767E-05-8.75790E-06-8.75745E-06-2.04022E-07-7.46385E-11-3.77884E-08
 -1        89 3.01223E-05-8.43417E-06-8.43408E-06-2.03937E-07 1.07352E-10-3.78738E-08
 -1        90 2.89683E-05-8.11116E-06-8.11121E-06-2.03631E-07-1.75366E-10-3.78411E-08
 -1        91 2.78138E-05-7.78812E-06-7.78782E-06-2.03950E-07-1.33819E-11-3.77315E-08
 -1        92 2.66591E-05-7.46430E-06-7.46480E-06-2.03686E-07 2.75839E-11-3.73563E-08
 -1        93 2.55047E-05-7.14118E-06-7.14116E-06-2.03968E-07 7.78288E-11-3.81257E-08
 -1        94 2.43506E-05-6.81800E-06-6.81829E-06-2.03836E-07 1.84403E-10-3.77639E-08
 -1        95 2.31954E-05-6.49499E-06-6.49449E-06-2.03881E-07-1.35819E-10-3.80409E-08
 -1        96 2.20407E-05-6.17120E-06-6.17149E-06-2.03252E-07-2.13650E-10-3.79024E-08
 -1        97 2.08844E-05-5.84802E-06-5.84749E-06-2.04102E-07 1.45616E-10-3.74126E-08
 -1        98 1.97300E-05-5.52436E-06-5.52423E-06-2.03841E-07 1.71780E-10-3.75303E-08
 -1        99 1.85737E-05-5.20029E-06-5.20101E-06-2.03818E-07-1.06503E-10-3.71100E-08
 -1       100 1.74181E-05-4.87702E-06-4.87699E-06-2.03437E-07-3.75526E-11-3.78610E-08
 -1       101 1.62605E-05-4.55293E-06-4.55295E-06-2.04118E-07-2.42940E-10-3.69549E-08
 -1       102 1.51055E-05-4.22911E-06-4.22952E-06-2.03421E-07-2.84679E-11-3.78818E-08
 -1       103 1.39458E-05-3.90499E-06-3.90497E-06-2.03939E-07-1.07434E-10-3.71433E-08
 -1       104 1.27895E-05-3.58107E-06-3.58085E-06-2.03560E-07 4.65148E-10-3.71565E-08
 -1       105 1.16291E-05-3.25614E-06-3.25630E-06-2.03566E-07 1.31781E-10-3.73363E-08
 -1       106 1.04702E-05-2.93185E-06-2.93159E-06-2.04134E-07-1.25576E-10-3.66118E-08
 -1       107 9.31102E-06-2.60735E-06-2.60660E-06-2.03681E-07-1.20671E-11-3.67039E-08
 -1       108 8.14932E-06-2.28165E-06-2.28198E-06-2.03890E-07-1.31170E-10-3.64327E-08
 -1       109 6.99002E-06-1.95698E-06-1.95684E-06-2.02761E-07 1.54332E-10-3.69374E-08
 -1       110 5.82388E-06-1.63058E-06-1.63092E-06-2.03846E-07-2.62632E-10-3.62749E-08
 -1       111 4.66420E-06-1.30654E-06-1.30560E-06-2.02939E-07 5.46135E-10-3.65972E-08
 -1       112 3.49691E-06-9.78583E-07-9.79952E-07-2.03329E-07-5.18568E-10-3.63756E-08
 -1       113 2.33444E-06-6.54230E-07-6.51408E-07-2.02627E-07 3.22520E-10-3.54203E-08
 -1       114 1.16746E-06-3.25810E-07-3.37965E-07-1.50215E-07-2.05700E-09-2.08301E-08
 -1       115 3.70835E-05-8.82321E-06-9.18053E-06-8.07887E-07 8.67921E-07 3.30075E-06
 -1       116 3.73695E-05-1.09902E-05-1.07490E-05 9.48500E-09-1.67296E-07-2.59226E-07
 -1       117 3.63795E-05-1.00853E-05-1.01382E-05-1.47478E-07 2.84580E-08 3.64347E-09
 -1       118 3.53399E-05-9.92185E-06-9.90044E-06-1.29054E-07-6.52177E-09-4.21839E-08
 -1       119 3.41582E-05-9.55755E-06-9.56443E-06-1.34212E-07 1.56001E-09-3.71171E-08
 -1       120 3.30112E-05-9.24478E-06-9.24303E-06-1.33275E-07-4.00190E-10-3.66037E-08
 -1       121 3.18552E-05-8.91899E-06-8.91973E-06-1.33467E-07 1.12729E-10-3.71260E-08
 -1       122 3.07012E-05-8.59637E-06-8.59620E-06-1.33374E-07-8.84497E-11-3.68011E-08
 -1       123 2.95466E-05-8.27309E-06-8.27290E-06-1.33434E-07 6.77048E-11-3.69361E-08
 -1       124 2.83922E-05-7.94997E-06-7.94998E-06-1.33390E-07-5.30566E-11-3.69147E-08
 -1       125 2.72378E-05-7.62661E-06-7.62663E-06-1.33302E-07-2.95454E-11-3.66327E-08
 -1       126 2.60834E-05-7.30299E-06-7.30332E-06-1.33480E-07 8.79390E-12-3.68947E-08
 -1       127 2.49282E-05-6.98000E-06-6.97996E-06-1.33489E-07 2.08612E-10-3.69581E-08
 -1       128 2.37742E-05-6.65671E-06-6.65682E-06-1.33358E-07-2.49934E-11-3.72246E-08
 -1       129 2.26195E-05-6.33343E-06-6.33317E-06-1.33142E-07-1.88042E-10-3.69376E-08
 -1       130 2.14632E-05-6.00979E-06-6.00991E-06-1.33245E-07-7.71827E-11-3.68679E-08
 -1       131 2.03082E-05-5.68659E-06-5.68594E-06-1.33487E-07 1.22228E-10-3.65344E-08
 -1       132 1.91525E-05-5.36284E-06-5.36263E-06-1.33328E-07 1.73793E-10-3.67186E-08
 -1       133 1.79971E-05-5.03892E-06-5.03925E-06-1.33269E-07-1.36986E-13-3.68224E-08
 -1       134 1.68399E-05-4.71523E-06-4.71531E-06-1.33413E-07-1.01020E-10-3.66761E-08
 -1       135 1.56841E-05-4.39118E-06-4.39160E-06-1.33530E-07-8.77160E-11-3.65286E-08
 -1       136 1.45259E-05-4.06701E-06-4.06762E-06-1.33166E-07-1.73770E-10-3.69328E-08
 -1       137 1.33683E-05-3.74311E-06-3.74315E-06-1.33354E-07 1.51665E-10-3.63746E-08
 -1       138 1.22099E-05-3.41875E-06-3.41853E-06-1.32879E-07 2.81257E-10-3.66441E-08
 -1       139 1.10500E-05-3.09442E-06-3.09393E-06-1.33444E-07 7.14593E-11-3.65316E-08
 -1       140 9.89131E-06-2.76978E-06-2.76904E-06-1.33507E-07-9.20903E-11-3.61332E-08
 -1       141 8.73047E-06-2.44470E-06-2.44425E-06-1.33132E-07-1.36547E-10-3.62597E-08
 -1       142 7.56994E-06-2.11980E-06-2.11962E-06-1.33094E-07 1.26252E-10-3.61807E-08
 -1       143 6.40707E-06-1.79387E-06-1.79395E-06-1.32607E-07-6.45380E-11-3.63958E-08
 -1       144 5.24460E-06-1.46856E-06-1.46830E-06-1.33259E-07 1.40696E-10-3.59694E-08
 -1       145 4.08057E-06-1.14254E-06-1.14259E-06-1.32364E-07-7.07201E-11-3.62347E-08
 -1       146 2.91514E-06-8.16729E-07-8.15629E-07-1.33334E-07-1.04979E-11-3.59510E-08
 -1       147 1.75417E-06-4.87373E-07-4.93559E-07-1.29079E-07-9.21296E-11-3.40006E-08
 -1       148 6.47292E-07-1.53052E-07-1.69366E-07-1.28054E-07 1.41395E-08-1.99398E-08
 -1       149-1.88991E-07 3.12755E-07 2.35848E-08-2.62401E-07-8.36237E-10-7.32803E-11
 -1       150-1.76195E-07 3.26794E-07-7.63330E-09-2.42646E-07 1.62031E-09 2.40237E-08
 -1       151-1.76062E-07 3.27452E-07-7.50906E-09-2.42679E-07-2.71775E-09-2.36686E-08
 -1       152 4.15485E-10-2.74316E-10-4.66034E-11-8.89805E-07 8.31780E-08-3.48503E-10
 -1       153 4.24721E-09-2.67103E-07 6.11234E-08-5.99433E-07 4.15338E-08 1.74959E-08
 -1       154-3.82550E-09 2.67170E-07-6.14075E-08-5.99499E-07 4.13727E-08-1.73197E-08
 -1       155 1.89206E-07-3.12520E-07-2.32662E-08-2.62288E-07 1.07894E-11-5.19089E-12
 -1       156 1.75968E-07-3.26737E-07 7.93124E-09-2.42901E-07 1.96377E-09-2.38734E-08
 -1       157 1.75745E-07-3.26922E-07 7.38613E-09-2.43010E-07-2.25745E-09 2.38698E-08
 -1       158-1.16808E-06 3.26262E-07 3.38080E-07-1.50272E-07 2.39766E-09-2.08951E-08
 -1       159-2.33337E-06 6.54117E-07 6.51919E-07-2.01727E-07-2.61202E-10-3.56617E-08
 -1       160-3.49926E-06 9.78805E-07 9.80470E-07-2.03728E-07 3.33407E-10-3.61428E-08
 -1       161-4.66182E-06 1.30572E-06 1.30535E-06-2.03147E-07 3.60832E-12-3.65103E-08
 -1       162-5.82685E-06 1.63159E-06 1.63101E-06-2.04061E-07-7.16263E-11-3.60853E-08
 -1       163-6.98686E-06 1.95709E-06 1.95651E-06-2.03184E-07-2.78566E-10-3.68810E-08
 -1       164-8.15052E-06 2.28217E-06 2.28212E-06-2.03385E-07-2.29152E-10-3.63106E-08
 -1       165-9.31093E-06 2.60686E-06 2.60712E-06-2.03665E-07 1.37514E-10-3.67487E-08
 -1       166-1.04696E-05 2.93175E-06 2.93150E-06-2.03659E-07 6.60843E-10-3.74633E-08
 -1       167-1.16314E-05 3.25678E-06 3.25664E-06-2.03913E-07-8.15547E-11-3.65155E-08
 -1       168-1.27874E-05 3.58101E-06 3.58066E-06-2.03286E-07 1.69610E-10-3.75262E-08
 -1       169-1.39480E-05 3.90504E-06 3.90542E-06-2.04483E-07 8.64026E-11-3.72762E-08
 -1       170-1.51034E-05 4.22911E-06 4.22868E-06-2.03923E-07-4.90558E-11-3.71005E-08
 -1       171-1.62606E-05 4.55276E-06 4.55315E-06-2.04111E-07 2.15571E-10-3.78968E-08
 -1       172-1.74181E-05 4.87727E-06 4.87708E-06-2.03497E-07 1.32143E-10-3.74066E-08
 -1       173-1.85745E-05 5.20076E-06 5.20077E-06-2.03779E-07-6.96605E-12-3.77448E-08
 -1       174-1.97304E-05 5.52458E-06 5.52422E-06-2.04090E-07-4.21649E-11-3.75262E-08
 -1       175-2.08849E-05 5.84770E-06 5.84776E-06-2.04624E-07 1.27664E-10-3.73501E-08
 -1       176-2.20399E-05 6.17150E-06 6.17136E-06-2.03689E-07-1.06659E-10-3.81060E-08
 -1       177-2.31949E-05 6.49470E-06 6.49490E-06-2.03485E-07-8.42471E-11-3.84690E-08
 -1       178-2.43510E-05 6.81800E-06 6.81820E-06-2.03813E-07-5.46876E-11-3.79192E-08
 -1       179-2.55045E-05 7.14146E-06 7.14106E-06-2.03935E-07-1.21184E-11-3.79917E-08
 -1       180-2.66599E-05 7.46493E-06 7.46434E-06-2.04275E-07 3.17909E-10-3.76073E-08
 -1       181-2.78146E-05 7.78788E-06 7.78830E-06-2.04478E-07-1.36615E-10-3.78427E-08
 -1       182-2.89673E-05 8.11061E-06 8.11129E-06-2.04204E-07 7.78113E-11-3.83321E-08
 -1       183-3.01222E-05 8.43430E-06 8.43413E-06-2.03547E-07-9.44154E-11-3.80215E-08
 -1       184-3.12772E-05 8.75810E-06 8.75752E-06-2.04084E-07-6.91987E-13-3.80751E-08
 -1       185-3.24312E-05 9.07936E-06 9.08048E-06-2.03815E-07-1.28854E-10-3.77781E-08
 -1       186-3.35871E-05 9.40997E-06 9.40485E-06-2.05728E-07 1.26715E-09-3.84774E-08
 -1       187-3.47320E-05 9.70202E-06 9.72229E-06-1.97846E-07-4.82625E-09-3.54096E-08
 -1       188-3.59442E-05 1.01509E-05 1.00799E-05-2.26103E-07 1.74836E-08-5.15870E-08
 -1       189-3.67869E-05 9.95642E-06 1.01956E-05-3.50002E-08-5.82094E-08-4.28116E-08
 -1       190-3.82378E-05 1.16113E-05 1.09213E-05 7.39375E-07 4.74341E-07-1.62429E-06
 -1       191-6.47574E-07 1.53686E-07 1.68546E-07-1.27968E-07-1.41641E-08-1.96478E-08
 -1       192-1.75392E-06 4.87406E-07 4.93713E-07-1.28817E-07 5.49299E-10-3.38558E-08
 -1       193-2.91609E-06 8.16882E-07 8.16045E-07-1.32779E-07-2.34678E-11-3.58495E-08
 -1       194-4.08035E-06 1.14229E-06 1.14291E-06-1.32900E-07 2.21767E-10-3.60614E-08
 -1       195-5.24500E-06 1.46861E-06 1.46814E-06-1.33015E-07 7.95443E-11-3.60092E-08
 -1       196-6.40662E-06 1.79439E-06 1.79355E-06-1.33345E-07-6.93493E-11-3.62030E-08
 -1       197-7.56957E-06 2.11984E-06 2.11897E-06-1.32862E-07 1.71613E-11-3.63166E-08
 -1       198-8.73059E-06 2.44499E-06 2.44436E-06-1.33320E-07-7.42436E-11-3.60715E-08
 -1       199-9.89095E-06 2.76961E-06 2.76936E-06-1.33256E-07 2.01966E-10-3.62714E-08
 -1       200-1.10512E-05 3.09435E-06 3.09435E-06-1.33113E-07 1.34607E-10-3.67989E-08
 -1       201-1.22094E-05 3.41898E-06 3.41874E-06-1.33258E-07-2.03311E-11-3.63172E-08
 -1       202-1.33689E-05 3.74341E-06 3.74304E-06-1.33443E-07 1.40414E-10-3.69637E-08
 -1       203-1.45261E-05 4.06725E-06 4.06721E-06-1.33862E-07 1.05893E-10-3.63464E-08
 -1       204-1.56828E-05 4.39139E-06 4.39078E-06-1.33619E-07 9.26115E-11-3.66225E-08
 -1       205-1.68404E-05 4.71500E-06 4.71550E-06-1.33097E-07 2.39969E-10-3.67901E-08
 -1       206-1.79971E-05 5.03924E-06 5.03925E-06-1.33289E-07 6.57219E-11-3.70679E-08
 -1       207-1.91531E-05 5.36300E-06 5.36280E-06-1.33516E-07-1.15362E-10-3.70002E-08
 -1       208-2.03088E-05 5.68645E-06 5.68600E-06-1.33937E-07 9.42903E-11-3.65740E-08
 -1       209-2.14629E-05 6.00980E-06 6.00986E-06-1.33777E-07 8.80903E-11-3.69255E-08
 -1       210-2.26186E-05 6.33342E-06 6.33331E-06-1.33366E-07-1.16435E-10-3.73283E-08
 -1       211-2.37742E-05 6.65680E-06 6.65673E-06-1.33025E-07-6.27223E-11-3.73524E-08
 -1       212-2.49286E-05 6.98000E-06 6.98002E-06-1.33380E-07-6.15692E-11-3.68715E-08
 -1       213-2.60837E-05 7.30341E-06 7.30312E-06-1.33682E-07 1.59192E-10-3.69157E-08
 -1       214-2.72380E-05 7.62678E-06 7.62669E-06-1.34054E-07 2.66016E-11-3.71866E-08
 -1       215-2.83923E-05 7.94969E-06 7.94995E-06-1.34029E-07 2.70420E-11-3.70792E-08
 -1       216-2.95464E-05 8.27271E-06 8.27317E-06-1.33250E-07 6.82860E-11-3.70937E-08
 -1       217-3.07009E-05 8.59665E-06 8.59621E-06-1.33352E-07-8.18672E-11-3.71637E-08
 -1       218-3.18555E-05 8.91919E-06 8.91940E-06-1.33801E-07-9.25316E-11-3.71859E-08
 -1       219-3.30113E-05 9.24480E-06 9.24304E-06-1.33414E-07 5.35418E-10-3.67401E-08
 -1       220-3.41586E-05 9.55769E-06 9.56443E-06-1.34835E-07-1.73120E-09-3.69775E-08
 -1       221-3.53404E-05 9.92183E-06 9.90046E-06-1.30009E-07 6.56308E-09-4.19596E-08
 -1       222-3.63793E-05 1.00853E-05 1.01385E-05-1.48233E-07-2.82395E-08 3.52996E-09
 -1       223-3.73691E-05 1.09902E-05 1.07491E-05 9.19098E-09 1.67261E-07-2.59526E-07
 -1       224-3.70836E-05 8.82324E-06 9.18034E-06-8.07753E-07-8.68045E-07 3.30045E-06
 -1       225 2.59711E-07 1.21634E-12 1.65472E-12 5.67882E-06 5.43457E-12-5.21409E-08
 -1       226 1.81380E-05-2.06793E-10-1.75740E-10 2.13663E-06-1.31105E-11-5.43670E-06
 -1       227-1.75987E-05 2.04321E-10 1.72481E-10 2.22300E-06-1.28768E-11 5.35718E-06
 -1       228 1.16788E-06-3.26222E-07-3.38014E-07-1.50087E-07 1.73642E-09 2.07762E-08
 -1       229 2.33681E-06-6.55123E-07-6.52405E-07-2.02117E-07-1.90794E-10 3.50826E-08
 -1       230 3.50352E-06-9.80779E-07-9.81855E-07-2.02728E-07-4.19666E-10 3.58747E-08
 -1       231 4.67520E-06-1.30926E-06-1.30894E-06-2.02800E-07 2.27705E-10 3.53458E-08
 -1       232 5.84477E-06-1.63664E-06-1.63663E-06-2.02806E-07-1.18863E-10 3.51440E-08
 -1       233 7.01850E-06-1.96543E-06-1.96453E-06-2.02760E-07-4.00892E-11 3.49150E-08
 -1       234 8.19016E-06-2.29324E-06-2.29305E-06-2.03339E-07-4.02253E-10 3.44197E-08
 -1       235 9.36240E-06-2.62142E-06-2.62136E-06-2.03113E-07 6.68043E-11 3.40950E-08
 -1       236 1.05377E-05-2.95076E-06-2.95059E-06-2.02574E-07-6.41212E-11 3.39788E-08
 -1       237 1.17114E-05-3.27931E-06-3.27924E-06-2.02628E-07 2.80395E-10 3.46715E-08
 -1       238 1.28883E-05-3.60855E-06-3.60865E-06-2.02828E-07 1.32074E-10 3.37158E-08
 -1       239 1.40623E-05-3.93743E-06-3.93772E-06-2.02217E-07-2.49431E-10 3.44732E-08
 -1       240 1.52413E-05-4.26771E-06-4.26707E-06-2.02992E-07 1.72286E-10 3.36556E-08
 -1       241 1.64167E-05-4.59692E-06-4.59700E-06-2.02973E-07 2.05584E-11 3.42215E-08
 -1       242 1.75944E-05-4.92623E-06-4.92655E-06-2.02778E-07 2.57204E-10 3.36689E-08
 -1       243 1.87722E-05-5.25600E-06-5.25630E-06-2.02292E-07 5.40408E-11 3.35187E-08
 -1       244 1.99511E-05-5.58663E-06-5.58600E-06-2.02324E-07-3.45013E-10 3.36022E-08
 -1       245 2.11296E-05-5.91639E-06-5.91624E-06-2.03258E-07 2.62441E-10 3.32885E-08
 -1       246 2.23072E-05-6.24592E-06-6.24644E-06-2.02611E-07-1.84422E-11 3.36831E-08
 -1       247 2.34868E-05-6.57635E-06-6.57628E-06-2.02446E-07 9.92023E-12 3.37087E-08
 -1       248 2.46667E-05-6.90669E-06-6.90650E-06-2.02423E-07-4.89527E-11 3.36056E-08
 -1       249 2.58464E-05-7.23689E-06-7.23688E-06-2.02713E-07-2.12578E-10 3.31689E-08
 -1       250 2.70245E-05-7.56690E-06-7.56681E-06-2.02922E-07 2.32253E-10 3.33513E-08
 -1       251 2.82047E-05-7.89753E-06-7.89745E-06-2.02585E-07-1.55590E-10 3.36087E-08
 -1       252 2.93836E-05-8.22742E-06-8.22772E-06-2.02252E-07 3.70086E-11 3.38298E-08
 -1       253 3.05646E-05-8.55793E-06-8.55772E-06-2.02433E-07 1.27835E-10 3.32580E-08
 -1       254 3.17438E-05-8.88854E-06-8.88836E-06-2.02727E-07 2.21825E-12 3.36881E-08
 -1       255 3.29233E-05-9.21691E-06-9.21849E-06-2.02120E-07-4.35978E-10 3.31497E-08
 -1       256 3.41044E-05-9.55489E-06-9.54980E-06-2.04192E-07 1.34501E-09 3.40783E-08
 -1       257 3.52746E-05-9.85410E-06-9.87367E-06-1.96452E-07-4.62935E-09 3.13516E-08
 -1       258 3.65135E-05-1.03109E-05-1.02407E-05-2.23838E-07 1.76423E-08 4.67481E-08
 -1       259 3.73751E-05-1.01177E-05-1.03542E-05-3.30209E-08-5.93636E-08 4.18143E-08
 -1       260 3.88598E-05-1.17904E-05-1.11096E-05 7.56784E-07 4.81866E-07 1.63896E-06
 -1       261 6.47413E-07-1.53432E-07-1.69000E-07-1.27912E-07-1.45867E-08 2.02327E-08
 -1       262 1.75523E-06-4.87791E-07-4.94165E-07-1.28519E-07 3.97987E-11 3.38256E-08
 -1       263 2.91985E-06-8.18043E-07-8.17021E-07-1.32718E-07-2.78459E-10 3.55823E-08
 -1       264 4.08940E-06-1.14497E-06-1.14579E-06-1.32299E-07-3.34663E-10 3.56240E-08
 -1       265 5.26030E-06-1.47286E-06-1.47293E-06-1.32454E-07-5.51363E-11 3.56163E-08
 -1       266 6.43186E-06-1.80116E-06-1.80047E-06-1.32117E-07-1.47294E-10 3.53325E-08
 -1       267 7.60461E-06-2.12932E-06-2.12901E-06-1.32479E-07-2.22625E-10 3.50020E-08
 -1       268 8.77685E-06-2.45729E-06-2.45759E-06-1.32992E-07-1.16747E-10 3.47926E-08
 -1       269 9.95028E-06-2.78611E-06-2.78623E-06-1.32385E-07-8.61602E-11 3.47627E-08
 -1       270 1.11251E-05-3.11515E-06-3.11500E-06-1.32272E-07 1.72437E-10 3.48154E-08
 -1       271 1.23006E-05-3.44393E-06-3.44447E-06-1.32125E-07 2.39642E-10 3.48199E-08
 -1       272 1.34754E-05-3.77316E-06-3.77345E-06-1.32306E-07-5.67177E-11 3.47163E-08
 -1       273 1.46530E-05-4.10286E-06-4.10244E-06-1.32192E-07-8.48018E-11 3.47665E-08
 -1       274 1.58293E-05-4.43248E-06-4.43217E-06-1.32537E-07-2.54516E-11 3.46543E-08
 -1       275 1.70068E-05-4.76159E-06-4.76197E-06-1.32313E-07 1.49598E-10 3.45169E-08
 -1       276 1.81840E-05-5.09123E-06-5.09188E-06-1.32094E-07 7.96580E-11 3.44711E-08
 -1       277 1.93622E-05-5.42153E-06-5.42170E-06-1.31802E-07-2.56067E-10 3.46037E-08
 -1       278 2.05415E-05-5.75181E-06-5.75142E-06-1.32444E-07 5.58628E-12 3.42442E-08
 -1       279 2.17191E-05-6.08141E-06-6.08149E-06-1.32722E-07 1.59602E-10 3.44082E-08
 -1       280 2.28985E-05-6.41139E-06-6.41146E-06-1.32058E-07 2.66945E-11 3.44981E-08
 -1       281 2.40778E-05-6.74194E-06-6.74159E-06-1.31808E-07-1.85351E-11 3.44915E-08
 -1       282 2.52573E-05-7.07204E-06-7.07219E-06-1.32131E-07-1.29626E-10 3.43450E-08
 -1       283 2.64369E-05-7.40210E-06-7.40224E-06-1.32494E-07 7.22566E-11 3.39832E-08
 -1       284 2.76156E-05-7.73257E-06-7.73248E-06-1.32287E-07 1.18718E-11 3.45952E-08
 -1       285 2.87954E-05-8.06289E-06-8.06289E-06-1.32144E-07-8.66778E-11 3.45490E-08
 -1       286 2.99759E-05-8.39302E-06-8.39314E-06-1.31772E-07 4.92664E-11 3.44302E-08
 -1       287 3.11553E-05-8.72371E-06-8.72340E-06-1.32120E-07 7.39180E-11 3.44293E-08
 -1       288 3.23347E-05-9.05312E-06-9.05387E-06-1.32234E-07-1.62302E-10 3.44601E-08
 -1       289 3.35161E-05-9.38607E-06-9.38447E-06-1.31908E-07 4.03074E-10 3.40528E-08
 -1       290 3.46888E-05-9.70620E-06-9.71258E-06-1.33274E-07-1.64863E-09 3.44181E-08
 -1       291 3.58961E-05-1.00778E-05-1.00568E-05-1.28185E-07 6.79448E-09 3.96014E-08
 -1       292 3.69581E-05-1.02464E-05-1.02987E-05-1.47382E-07-2.90025E-08-6.07141E-09
 -1       293 3.79706E-05-1.11647E-05-1.09261E-05 1.26135E-08 1.69649E-07 2.59486E-07
 -1       294 3.76855E-05-8.96058E-06-9.33042E-06-8.74084E-07-8.85488E-07-3.30126E-06
 -1       295-3.13723E-05-1.96630E-10-1.64021E-10-6.41626E-06-7.30765E-14 5.03695E-08
 -1       296-3.31822E-05 1.90485E-10 1.69123E-10-5.21370E-06-9.81041E-12 5.32037E-06
 -1       297-3.34700E-05 1.93018E-10 1.72614E-10-5.30356E-06 1.01036E-11-5.27216E-06
 -1       298 3.13719E-05 1.96630E-10 1.64021E-10-6.41640E-06 7.40215E-14 5.03158E-08
 -1       299 3.34700E-05-1.93014E-10-1.72614E-10-5.30366E-06-1.01040E-11-5.27218E-06
 -1       300 3.31815E-05-1.90487E-10-1.69123E-10-5.21377E-06 9.80892E-12 5.32039E-06
 -1       301-3.23582E-07 6.86719E-08 1.03676E-07-1.21810E-06-9.77985E-08 9.44753E-09
 -1       302-2.96050E-07 8.44630E-08 7.93018E-08-1.08254E-06 1.27477E-07-1.17227E-09
 -1       303-2.84710E-07 7.89907E-08 8.07863E-08-1.00741E-06-2.60429E-08-1.81926E-09
 -1       304-2.72267E-07 7.63949E-08 7.58756E-08-1.00536E-06 6.37578E-09-1.23015E-09
 -1       305-2.58185E-07 7.25234E-08 7.24275E-08-1.00542E-06-1.34246E-09-1.66603E-09
 -1       306-2.46225E-07 6.88589E-08 6.89402E-08-1.00559E-06 1.09292E-10-1.57428E-09
 -1       307-2.33523E-07 6.53357E-08 6.54562E-08-1.00569E-06 5.08831E-11-1.52718E-09
 -1       308-2.19879E-07 6.16398E-08 6.16197E-08-1.00569E-06 7.18433E-11-2.00989E-09
 -1       309-2.08914E-07 5.85251E-08 5.83571E-08-1.00531E-06-1.12405E-10-1.69531E-09
 -1       310-1.95425E-07 5.47830E-08 5.47053E-08-1.00530E-06 2.46384E-11-1.46190E-09
 -1       311-1.82800E-07 5.09742E-08 5.12082E-08-1.00537E-06-9.55132E-11-1.52368E-09
 -1       312-1.70524E-07 4.77465E-08 4.78121E-08-1.00580E-06 1.65782E-10-1.65055E-09
 -1       313-1.58417E-07 4.44434E-08 4.43475E-08-1.00585E-06-1.17103E-10-1.57067E-09
 -1       314-1.45007E-07 4.09553E-08 4.06026E-08-1.00591E-06 5.90635E-11-1.66833E-09
 -1       315-1.33941E-07 3.75871E-08 3.75061E-08-1.00539E-06 7.36777E-11-1.71672E-09
 -1       316-1.22062E-07 3.38778E-08 3.43008E-08-1.00507E-06-1.03353E-10-1.68197E-09
 -1       317-1.10846E-07 3.10672E-08 3.09385E-08-1.00578E-06 9.23899E-12-1.33146E-09
 -1       318-9.97661E-08 2.80665E-08 2.79853E-08-1.00615E-06 2.64379E-11-1.38572E-09
 -1       319-8.73044E-08 2.45907E-08 2.44624E-08-1.00617E-06-8.52433E-11-1.42132E-09
 -1       320-7.85624E-08 2.19421E-08 2.17232E-08-1.00579E-06 2.04397E-10-1.18564E-09
 -1       321-6.76874E-08 1.93819E-08 1.90874E-08-1.00564E-06 8.09702E-11-1.42845E-09
 -1       322-5.82958E-08 1.61913E-08 1.63636E-08-1.00532E-06-1.37893E-10-1.24110E-09
 -1       323-4.89716E-08 1.38586E-08 1.36895E-08-1.00568E-06-1.82640E-10-1.12825E-09
 -1       324-4.16817E-08 1.15799E-08 1.17049E-08-1.00606E-06 8.72596E-11-9.97536E-10
 -1       325-3.35550E-08 9.38790E-09 9.50483E-09-1.00625E-06 2.80009E-10-8.48768E-10
 -1       326-2.63670E-08 7.80383E-09 7.26143E-09-1.00634E-06 3.37409E-10-5.16769E-10
 -1       327-1.96576E-08 5.64749E-09 5.72070E-09-1.00569E-06-1.71404E-10-7.11388E-10
 -1       328-1.42898E-08 4.55372E-09 3.99999E-09-1.00607E-06-1.59648E-10-1.14118E-09
 -1       329-9.82940E-09 2.58815E-09 2.65164E-09-1.00587E-06 2.17643E-10-6.24936E-10
 -1       330-5.56868E-09 2.37781E-09 1.46887E-09-1.00571E-06-6.76677E-11-4.90311E-10
 -1       331-3.63393E-09 1.20207E-09 8.86909E-10-1.00549E-06 1.68571E-10-4.63457E-10
 -1       332-1.05502E-09 5.55206E-10 4.14286E-11-1.00672E-06-5.36493E-10-2.03375E-10
 -1       333-6.34264E-10 4.14822E-10-2.56575E-11-1.05900E-06-5.06797E-10 8.06829E-11
 -1       334 1.88432E-05-4.85948E-06-5.46625E-06 7.42162E-08-2.19103E-07-9.72515E-07
 -1       335-3.00702E-07 5.82365E-08 7.70691E-08 1.47924E-06 9.14090E-07-2.31545E-08
 -1       336 1.82091E-05-5.09495E-06-5.05996E-06-6.61603E-07 7.99684E-08-6.18935E-09
 -1       337-2.99799E-07 7.88348E-08 9.32911E-08-5.17342E-07 6.61252E-09 1.43079E-09
 -1       338 1.78534E-05-4.99751E-06-5.00326E-06-6.15330E-07-1.85555E-08-1.55197E-08
 -1       339-2.91297E-07 8.18170E-08 7.98402E-08-9.87779E-07 3.58486E-08-1.41331E-09
 -1       340 1.72258E-05-4.82192E-06-4.82208E-06-6.27460E-07 4.84959E-09-6.53412E-09
 -1       341-2.78467E-07 7.76819E-08 7.82343E-08-9.21640E-07-9.39838E-09-5.47414E-10
 -1       342 1.66662E-05-4.66693E-06-4.66696E-06-6.25346E-07-1.20648E-09-6.92429E-09
 -1       343-2.65033E-07 7.44160E-08 7.41230E-08-9.37428E-07 2.47811E-09-4.02801E-10
 -1       344 1.60934E-05-4.50603E-06-4.50607E-06-6.25812E-07 1.87993E-10-6.99528E-09
 -1       345-2.52511E-07 7.06675E-08 7.07485E-08-9.34546E-07-6.04858E-10-7.64358E-10
 -1       346 1.55227E-05-4.34640E-06-4.34641E-06-6.25888E-07-6.44763E-13-6.89629E-09
 -1       347-2.39671E-07 6.71739E-08 6.71869E-08-9.35372E-07 2.99581E-11-6.99268E-10
 -1       348 1.49523E-05-4.18662E-06-4.18646E-06-6.26100E-07 9.17489E-11-7.15125E-09
 -1       349-2.26782E-07 6.35469E-08 6.34902E-08-9.35175E-07 4.22069E-11-6.73233E-10
 -1       350 1.43808E-05-4.02666E-06-4.02667E-06-6.25512E-07-1.38129E-10-7.09250E-09
 -1       351-2.14662E-07 5.99600E-08 6.00941E-08-9.35069E-07 3.01820E-11-1.04296E-09
 -1       352 1.38102E-05-3.86688E-06-3.86691E-06-6.25716E-07-2.16345E-11-6.95499E-09
 -1       353-2.01894E-07 5.67032E-08 5.65535E-08-9.34926E-07-5.18143E-11-7.16542E-10
 -1       354 1.32390E-05-3.70692E-06-3.70703E-06-6.25605E-07 1.00194E-11-6.77070E-09
 -1       355-1.89195E-07 5.28730E-08 5.28312E-08-9.34858E-07-3.23445E-11-5.43842E-10
 -1       356 1.26679E-05-3.54691E-06-3.54688E-06-6.26019E-07 1.08857E-10-7.08265E-09
 -1       357-1.76736E-07 4.94415E-08 4.96116E-08-9.35211E-07 8.30789E-11-6.51687E-10
 -1       358 1.20969E-05-3.38700E-06-3.38713E-06-6.25893E-07-1.28868E-11-6.89699E-09
 -1       359-1.64394E-07 4.60429E-08 4.60237E-08-9.35422E-07-4.07848E-11-8.09784E-10
 -1       360 1.15260E-05-3.22723E-06-3.22714E-06-6.26088E-07 2.80816E-11-7.04787E-09
 -1       361-1.51708E-07 4.26527E-08 4.23725E-08-9.35383E-07 1.76596E-11-6.78869E-10
 -1       362 1.09543E-05-3.06715E-06-3.06720E-06-6.25528E-07 5.17900E-11-7.01241E-09
 -1       363-1.39590E-07 3.92430E-08 3.91475E-08-9.35209E-07 6.04485E-11-9.10082E-10
 -1       364 1.03820E-05-2.90725E-06-2.90703E-06-6.25701E-07 5.10214E-11-6.96216E-09
 -1       365-1.27922E-07 3.57949E-08 3.58209E-08-9.34827E-07-5.08751E-13-8.66354E-10
 -1       366 9.81014E-06-2.74675E-06-2.74683E-06-6.25839E-07 4.18852E-11-6.82482E-09
 -1       367-1.16689E-07 3.23905E-08 3.24755E-08-9.35100E-07-9.35400E-11-5.99815E-10
 -1       368 9.23744E-06-2.58626E-06-2.58668E-06-6.26016E-07 5.34041E-11-6.49105E-09
 -1       369-1.04899E-07 2.95048E-08 2.95863E-08-9.35518E-07-7.04948E-11-5.39632E-10
 -1       370 8.66611E-06-2.42635E-06-2.42650E-06-6.25991E-07-1.99448E-11-6.72305E-09
 -1       371-9.36275E-08 2.63551E-08 2.62704E-08-9.35613E-07-2.59808E-11-6.02422E-10
 -1       372 8.09166E-06-2.26560E-06-2.26562E-06-6.25908E-07-6.38163E-11-6.56917E-09
 -1       373-8.32701E-08 2.31438E-08 2.30021E-08-9.35597E-07 1.38884E-10-6.75392E-10
 -1       374 7.51943E-06-2.10502E-06-2.10513E-06-6.25677E-07 1.85468E-11-7.02380E-09
 -1       375-7.27444E-08 2.06556E-08 2.03662E-08-9.35304E-07 1.11670E-10-5.29625E-10
 -1       376 6.94426E-06-1.94466E-06-1.94444E-06-6.25650E-07-1.08223E-11-6.71104E-09
 -1       377-6.31738E-08 1.77404E-08 1.75666E-08-9.34901E-07 9.48388E-11-7.67827E-10
 -1       378 6.37057E-06-1.78372E-06-1.78374E-06-6.25650E-07 2.25429E-10-6.52230E-09
 -1       379-5.36785E-08 1.50215E-08 1.49810E-08-9.35204E-07-3.30842E-11-3.64480E-10
 -1       380 5.79416E-06-1.62231E-06-1.62247E-06-6.25862E-07 1.09583E-10-6.43590E-09
 -1       381-4.52184E-08 1.27250E-08 1.27650E-08-9.35492E-07-1.18686E-11-4.62672E-10
 -1       382 5.21877E-06-1.46127E-06-1.46131E-06-6.26169E-07 1.73370E-10-6.16288E-09
 -1       383-3.75158E-08 1.04848E-08 1.05490E-08-9.35746E-07 2.59907E-11-4.34402E-10
 -1       384 4.64267E-06-1.29988E-06-1.29977E-06-6.25860E-07 1.84459E-10-6.11463E-09
 -1       385-3.01714E-08 8.61641E-09 8.10600E-09-9.35805E-07 1.80807E-10-2.75360E-10
 -1       386 4.06504E-06-1.13815E-06-1.13819E-06-6.25726E-07-5.59958E-11-6.11463E-09
 -1       387-2.27295E-08 6.55745E-09 6.20465E-09-9.35593E-07 8.33588E-11-9.17616E-11
 -1       388 3.48815E-06-9.76343E-07-9.76455E-07-6.25517E-07 1.27189E-10-6.41288E-09
 -1       389-1.69820E-08 4.86567E-09 4.80908E-09-9.35540E-07-2.09419E-10-3.73171E-10
 -1       390 2.90730E-06-8.14212E-07-8.14257E-07-6.25757E-07 1.08674E-10-6.24494E-09
 -1       391-1.21568E-08 3.46730E-09 3.42930E-09-9.35269E-07 1.37686E-10-5.28376E-10
 -1       392 2.32945E-06-6.51908E-07-6.52057E-07-6.25330E-07 1.23356E-10-6.13191E-09
 -1       393-7.94611E-09 2.36712E-09 1.91984E-09-9.35423E-07 2.26600E-10-2.44726E-10
 -1       394 1.74696E-06-4.88832E-07-4.89634E-07-6.25308E-07 6.34877E-11-6.12715E-09
 -1       395-4.63587E-09 1.68661E-09 1.10828E-09-9.35154E-07 9.52737E-11-4.74067E-10
 -1       396 1.16509E-06-3.26128E-07-3.25449E-07-6.25683E-07-4.13061E-10-5.89202E-09
 -1       397-2.21516E-09 7.57640E-10 4.59764E-10-9.35229E-07-1.70890E-10-6.91612E-12
 -1       398 5.48653E-07-1.64991E-07-1.67746E-07-6.23292E-07-5.11096E-10-6.62818E-09
 -1       399-8.48803E-10 3.57579E-10 1.44724E-10-9.36952E-07-5.25402E-10-1.40332E-10
 -1       400 7.77553E-11 2.65512E-10 7.33257E-12-9.38366E-07-1.89598E-08 2.54887E-10
 -1       401-1.94781E-05 5.01769E-06 5.66296E-06 7.51631E-08-2.22081E-07 9.78573E-07
 -1       402-1.88038E-05 5.26028E-06 5.21906E-06-6.59868E-07 8.08077E-08 5.79414E-09
 -1       403-1.84226E-05 5.15637E-06 5.16435E-06-6.14015E-07-1.89212E-08 1.22079E-08
 -1       404-1.77695E-05 4.97428E-06 4.97374E-06-6.26468E-07 4.91156E-09 3.92720E-09
 -1       405-1.71835E-05 4.81199E-06 4.81184E-06-6.24122E-07-1.17556E-09 3.96668E-09
 -1       406-1.65857E-05 4.64381E-06 4.64397E-06-6.24719E-07 2.69090E-10 4.14049E-09
 -1       407-1.59898E-05 4.47723E-06 4.47725E-06-6.24674E-07-1.13839E-10 4.31630E-09
 -1       408-1.53929E-05 4.31008E-06 4.31005E-06-6.24564E-07 6.94963E-11 3.92784E-09
 -1       409-1.47975E-05 4.14334E-06 4.14308E-06-6.24454E-07 5.16977E-11 3.99442E-09
 -1       410-1.42010E-05 3.97621E-06 3.97639E-06-6.24511E-07-8.66592E-11 3.99553E-09
 -1       411-1.36052E-05 3.80939E-06 3.80954E-06-6.24586E-07-2.46780E-11 4.09685E-09
 -1       412-1.30087E-05 3.64241E-06 3.64250E-06-6.24790E-07-1.78348E-11 4.16002E-09
 -1       413-1.24135E-05 3.47577E-06 3.47563E-06-6.24662E-07 4.85994E-11 4.17558E-09
 -1       414-1.18167E-05 3.30885E-06 3.30863E-06-6.24774E-07 6.70781E-11 4.31361E-09
 -1       415-1.12215E-05 3.14208E-06 3.14201E-06-6.24519E-07 2.98766E-12 4.08062E-09
 -1       416-1.06267E-05 2.97538E-06 2.97565E-06-6.24501E-07-1.56451E-10 3.90298E-09
 -1       417-1.00312E-05 2.80879E-06 2.80873E-06-6.24999E-07 3.38099E-11 4.02962E-09
 -1       418-9.43692E-06 2.64218E-06 2.64210E-06-6.24832E-07 9.20726E-11 4.27797E-09
 -1       419-8.84154E-06 2.47544E-06 2.47583E-06-6.24790E-07-1.63841E-10 4.33155E-09
 -1       420-8.24847E-06 2.30962E-06 2.30939E-06-6.25133E-07 2.19984E-10 4.63125E-09
 -1       421-7.65444E-06 2.14356E-06 2.14318E-06-6.24638E-07 2.61688E-11 4.47824E-09
 -1       422-7.06111E-06 1.97716E-06 1.97715E-06-6.24708E-07-1.41996E-10 4.42330E-09
 -1       423-6.46844E-06 1.81119E-06 1.81120E-06-6.24986E-07-4.49137E-11 4.21781E-09
 -1       424-5.87731E-06 1.64543E-06 1.64553E-06-6.25115E-07 4.29345E-11 4.49700E-09
 -1       425-5.28581E-06 1.47994E-06 1.48007E-06-6.25554E-07-1.69641E-10 4.68404E-09
 -1       426-4.69528E-06 1.31481E-06 1.31460E-06-6.25231E-07 2.05628E-10 4.77275E-09
 -1       427-4.10494E-06 1.14954E-06 1.14962E-06-6.25050E-07 6.41135E-11 4.78364E-09
 -1       428-3.51588E-06 9.84781E-07 9.84312E-07-6.25123E-07-4.69336E-11 4.70389E-09
 -1       429-2.92825E-06 8.19855E-07 8.19689E-07-6.24978E-07 1.71828E-10 5.33648E-09
 -1       430-2.34002E-06 6.55359E-07 6.55295E-07-6.25088E-07 1.00464E-12 5.21970E-09
 -1       431-1.75432E-06 4.91232E-07 4.91158E-07-6.24967E-07 1.06454E-10 5.38048E-09
 -1       432-1.16701E-06 3.27128E-07 3.25998E-07-6.25518E-07-2.47794E-10 5.65740E-09
 -1       433-5.49507E-07 1.65385E-07 1.67603E-07-6.23486E-07-8.07110E-10 6.76710E-09
 -1       434-3.15027E-10 6.57160E-11 2.33532E-10-8.07328E-07 1.53266E-10-4.30382E-10
 -1       435 3.00249E-08-2.79446E-07 3.02033E-08-5.51585E-07 2.04785E-10-2.07903E-10
 -1       436 1.98294E-10-5.75902E-11 6.56649E-11-8.11993E-07-5.98715E-08-3.29611E-10
 -1       437 1.51532E-10-6.84854E-11 9.96732E-11-8.12098E-07 6.00690E-08-2.14713E-10
 -1       438-3.02628E-08 2.79629E-07-2.99132E-08-5.51798E-07-4.27223E-10-1.66469E-10
 -1       439-3.11607E-10-1.95366E-10 3.59248E-11-1.05855E-06 5.01200E-10 3.36269E-11
 -1       440 1.17278E-09-5.70737E-10-2.96141E-10-1.00650E-06 4.91450E-10-2.18734E-10
 -1       441 2.59397E-09-9.37272E-10-9.18153E-10-1.00554E-06 9.06707E-11-3.05012E-10
 -1       442 5.92977E-09-1.55241E-09-1.34146E-09-1.00604E-06 2.17552E-10-3.05819E-10
 -1       443 9.93906E-09-3.11935E-09-2.69593E-09-1.00589E-06 2.54790E-10-2.44475E-10
 -1       444 1.51084E-08-4.24250E-09-4.10595E-09-1.00608E-06-5.82150E-11-6.77772E-10
 -1       445 2.00239E-08-5.84480E-09-5.64013E-09-1.00604E-06-2.47467E-10-9.48103E-10
 -1       446 2.60698E-08-7.70415E-09-7.42514E-09-1.00619E-06-2.45202E-10-1.04354E-09
 -1       447 3.33241E-08-9.65276E-09-9.50408E-09-1.00630E-06-2.19854E-10-6.40642E-10
 -1       448 4.06673E-08-1.17954E-08-1.13473E-08-1.00609E-06 4.70485E-10-1.00194E-09
 -1       449 4.93899E-08-1.37243E-08-1.36039E-08-1.00624E-06 1.10658E-10-1.23048E-09
 -1       450 5.83106E-08-1.68551E-08-1.61009E-08-1.00655E-06-1.59753E-10-1.22844E-09
 -1       451 6.81341E-08-1.88397E-08-1.89744E-08-1.00608E-06-1.65587E-10-1.35392E-09
 -1       452 7.80436E-08-2.18438E-08-2.18738E-08-1.00587E-06 1.76905E-10-1.18148E-09
 -1       453 8.83943E-08-2.50585E-08-2.49570E-08-1.00583E-06 1.22727E-10-1.19476E-09
 -1       454 9.90360E-08-2.77938E-08-2.79104E-08-1.00638E-06 6.82907E-12-1.48676E-09
 -1       455 1.10218E-07-3.09287E-08-3.07672E-08-1.00676E-06 7.47998E-11-1.79295E-09
 -1       456 1.21821E-07-3.40610E-08-3.41247E-08-1.00662E-06-1.32119E-10-1.39121E-09
 -1       457 1.34279E-07-3.76111E-08-3.75269E-08-1.00633E-06 1.31719E-10-1.53532E-09
 -1       458 1.45547E-07-4.08227E-08-4.07660E-08-1.00606E-06 9.34173E-11-1.64562E-09
 -1       459 1.58074E-07-4.43806E-08-4.42433E-08-1.00590E-06-1.66345E-10-1.65296E-09
 -1       460 1.70740E-07-4.76953E-08-4.77106E-08-1.00617E-06 1.55145E-12-1.62814E-09
 -1       461 1.82818E-07-5.13400E-08-5.11642E-08-1.00662E-06-9.84063E-11-1.82352E-09
 -1       462 1.94645E-07-5.46301E-08-5.46700E-08-1.00672E-06 1.04827E-10-1.69497E-09
 -1       463 2.07905E-07-5.82332E-08-5.82295E-08-1.00648E-06 7.08456E-11-1.40286E-09
 -1       464 2.21245E-07-6.18275E-08-6.18691E-08-1.00627E-06-9.74101E-12-1.52444E-09
 -1       465 2.33385E-07-6.52947E-08-6.54177E-08-1.00626E-06 3.25390E-11-1.65743E-09
 -1       466 2.46203E-07-6.90639E-08-6.87914E-08-1.00612E-06-3.09673E-10-1.73014E-09
 -1       467 2.58837E-07-7.23964E-08-7.25164E-08-1.00636E-06 1.51109E-09-1.82727E-09
 -1       468 2.71090E-07-7.59480E-08-7.57304E-08-1.00656E-06-6.50962E-09-1.76826E-09
 -1       469 2.84247E-07-7.92992E-08-8.08159E-08-1.00868E-06 2.60153E-08-1.62869E-09
 -1       470 2.96342E-07-8.45170E-08-7.93449E-08-1.08368E-06-1.27220E-07-8.00781E-10
 -1       471 3.23463E-07-6.84316E-08-1.03512E-07-1.21900E-06 9.78023E-08 9.41742E-09
 -1       472 5.49003E-07-1.65557E-07-1.67964E-07-6.23143E-07 6.33246E-10 6.75444E-09
 -1       473-5.93964E-11-2.88814E-10-3.01774E-11-9.38286E-07 1.91834E-08-1.41621E-10
 -1       474 1.16739E-06-3.27385E-07-3.26068E-07-6.25221E-07 4.14027E-10 5.55620E-09
 -1       475 5.87239E-10-3.34109E-10-1.23830E-10-9.36592E-07 4.68168E-10-8.05534E-11
 -1       476 1.75334E-06-4.91226E-07-4.91256E-07-6.25078E-07-6.81041E-11 5.57480E-09
 -1       477 1.85037E-09-5.89673E-10-5.12134E-10-9.35017E-07 3.51432E-10-9.26156E-11
 -1       478 2.34067E-06-6.55437E-07-6.55316E-07-6.25303E-07 3.49168E-10 5.39580E-09
 -1       479 4.33476E-09-1.20562E-09-1.03740E-09-9.35471E-07-2.06558E-11 6.27848E-12
 -1       480 2.92756E-06-8.20171E-07-8.19650E-07-6.25317E-07 1.26503E-10 5.47693E-09
 -1       481 7.71000E-09-2.31405E-09-1.86522E-09-9.35510E-07 8.50518E-11-1.50060E-10
 -1       482 3.51693E-06-9.84780E-07-9.84724E-07-6.25311E-07-5.10270E-11 4.88922E-09
 -1       483 1.25414E-08-3.71800E-09-3.34787E-09-9.35387E-07-1.97751E-12-8.85075E-11
 -1       484 4.10520E-06-1.14961E-06-1.14933E-06-6.25308E-07-1.70084E-10 4.71173E-09
 -1       485 1.76288E-08-4.93103E-09-4.73753E-09-9.35548E-07-7.12791E-11-4.00993E-10
 -1       486 4.69467E-06-1.31460E-06-1.31456E-06-6.25253E-07 5.68526E-11 4.64341E-09
 -1       487 2.30995E-08-6.52003E-09-6.23498E-09-9.35803E-07-1.41846E-10-6.11860E-10
 -1       488 5.28598E-06-1.48026E-06-1.48029E-06-6.25251E-07-7.52413E-11 4.58161E-09
 -1       489 2.93991E-08-8.53680E-09-8.28716E-09-9.35951E-07-1.98998E-10-4.49515E-10
 -1       490 5.87635E-06-1.64572E-06-1.64531E-06-6.25156E-07 3.45420E-10 4.72707E-09
 -1       491 3.72895E-08-1.07418E-08-1.04024E-08-9.35790E-07 1.34343E-10-3.97507E-10
 -1       492 6.46931E-06-1.81126E-06-1.81121E-06-6.25230E-07 1.80475E-10 4.26604E-09
 -1       493 4.51909E-08-1.27163E-08-1.25188E-08-9.35606E-07 1.91820E-10-3.78319E-10
 -1       494 7.06073E-06-1.97726E-06-1.97715E-06-6.25158E-07-1.81194E-10 4.70516E-09
 -1       495 5.37204E-08-1.51777E-08-1.49176E-08-9.35931E-07-1.40737E-11-5.62342E-10
 -1       496 7.65503E-06-2.14334E-06-2.14342E-06-6.25256E-07 4.20476E-11 4.33947E-09
 -1       497 6.32373E-08-1.79008E-08-1.74792E-08-9.35999E-07-1.47426E-10-5.22587E-10
 -1       498 8.24789E-06-2.30959E-06-2.30964E-06-6.25025E-07 1.65764E-10 4.67250E-09
 -1       499 7.30158E-08-2.01971E-08-2.01646E-08-9.35648E-07 6.65297E-11-5.58546E-10
 -1       500 8.84212E-06-2.47589E-06-2.47581E-06-6.25019E-07 2.13276E-10 4.29340E-09
 -1       501 8.30535E-08-2.34692E-08-2.33257E-08-9.35340E-07 1.81058E-11-4.84994E-10
 -1       502 9.43638E-06-2.64214E-06-2.64208E-06-6.25052E-07 1.08302E-10 4.04828E-09
 -1       503 9.37804E-08-2.63734E-08-2.63537E-08-9.35548E-07-4.26622E-11-5.04445E-10
 -1       504 1.00313E-05-2.80887E-06-2.80856E-06-6.25151E-07-1.97965E-11 4.09633E-09
 -1       505 1.04770E-07-2.93080E-08-2.92220E-08-9.36086E-07 8.33107E-12-9.22864E-10
 -1       506 1.06264E-05-2.97543E-06-2.97540E-06-6.25588E-07 7.92615E-11 4.12852E-09
 -1       507 1.15959E-07-3.24924E-08-3.24027E-08-9.36326E-07 6.41080E-11-8.92274E-10
 -1       508 1.12215E-05-3.14199E-06-3.14221E-06-6.25131E-07 3.64159E-11 4.16586E-09
 -1       509 1.28007E-07-3.58648E-08-3.58698E-08-9.36191E-07 3.24777E-11-5.23974E-10
 -1       510 1.18169E-05-3.30886E-06-3.30888E-06-6.24860E-07-1.60663E-11 4.31182E-09
 -1       511 1.39962E-07-3.91838E-08-3.92327E-08-9.35787E-07 8.69417E-11-7.92654E-10
 -1       512 1.24132E-05-3.47571E-06-3.47556E-06-6.24789E-07-5.76937E-11 4.12681E-09
 -1       513 1.51944E-07-4.25869E-08-4.24185E-08-9.35348E-07 1.65670E-11-7.51560E-10
 -1       514 1.30094E-05-3.64250E-06-3.64246E-06-6.25064E-07-4.31754E-11 3.97065E-09
 -1       515 1.64248E-07-4.60251E-08-4.59199E-08-9.35710E-07-2.76616E-11-6.77803E-10
 -1       516 1.36046E-05-3.80945E-06-3.80934E-06-6.25292E-07 5.55872E-12 4.01793E-09
 -1       517 1.76841E-07-4.95146E-08-4.95263E-08-9.36004E-07-1.61607E-10-8.85060E-10
 -1       518 1.42008E-05-3.97639E-06-3.97628E-06-6.25330E-07 1.99199E-11 4.04089E-09
 -1       519 1.88727E-07-5.29707E-08-5.28772E-08-9.36204E-07-2.19918E-11-8.96416E-10
 -1       520 1.47967E-05-4.14304E-06-4.14321E-06-6.25141E-07 1.02477E-10 4.33847E-09
 -1       521 2.01293E-07-5.64144E-08-5.63826E-08-9.36245E-07 1.42721E-10-5.80621E-10
 -1       522 1.53938E-05-4.31018E-06-4.31021E-06-6.25056E-07 6.72699E-12 4.07754E-09
 -1       523 2.14649E-07-6.00759E-08-6.00573E-08-9.35866E-07 2.59129E-12-5.95323E-10
 -1       524 1.59897E-05-4.47708E-06-4.47714E-06-6.25048E-07 1.51650E-11 4.14417E-09
 -1       525 2.27368E-07-6.35721E-08-6.36460E-08-9.35788E-07 1.12912E-11-6.86147E-10
 -1       526 1.65856E-05-4.64379E-06-4.64377E-06-6.25038E-07-2.96728E-10 3.99780E-09
 -1       527 2.39724E-07-6.71475E-08-6.71297E-08-9.35933E-07-1.03371E-10-7.20200E-10
 -1       528 1.71840E-05-4.81199E-06-4.81198E-06-6.24581E-07 1.21615E-09 4.02674E-09
 -1       529 2.52508E-07-7.07466E-08-7.06951E-08-9.35302E-07 5.91448E-10-8.47008E-10
 -1       530 1.77687E-05-4.97407E-06-4.97364E-06-6.27431E-07-4.88647E-09 3.77511E-09
 -1       531 2.65075E-07-7.41773E-08-7.40947E-08-9.38514E-07-2.45449E-09-9.13593E-10
 -1       532 1.84224E-05-5.15684E-06-5.16416E-06-6.14794E-07 1.88460E-08 1.19827E-08
 -1       533 2.77635E-07-7.75906E-08-7.82264E-08-9.22946E-07 9.28708E-09-6.40511E-10
 -1       534 1.88036E-05-5.26021E-06-5.21924E-06-6.60761E-07-8.07304E-08 6.22278E-09
 -1       535 2.91027E-07-8.21472E-08-7.98689E-08-9.89065E-07-3.57047E-08-1.02300E-09
 -1       536 1.94779E-05-5.01735E-06-5.66299E-06 7.48981E-08 2.22159E-07 9.78678E-07
 -1       537 3.00172E-07-7.86319E-08-9.31923E-08-5.18278E-07-6.50429E-09 1.55092E-09
 -1       538 3.00652E-07-5.81308E-08-7.70386E-08 1.47878E-06-9.14060E-07-2.31369E-08
 -1       539-5.49402E-07 1.65382E-07 1.68140E-07-6.23115E-07 6.87753E-10-6.91625E-09
 -1       540-1.16445E-06 3.26311E-07 3.25730E-07-6.25209E-07 2.18743E-10-5.87635E-09
 -1       541-1.74857E-06 4.89301E-07 4.89720E-07-6.25346E-07-9.85564E-11-5.98299E-09
 -1       542-2.32810E-06 6.52114E-07 6.52141E-07-6.25524E-07 1.24719E-10-6.04446E-09
 -1       543-2.90868E-06 8.14528E-07 8.14258E-07-6.25790E-07-9.80494E-11-5.91991E-09
 -1       544-3.48630E-06 9.76365E-07 9.76226E-07-6.25536E-07-1.56656E-11-6.21653E-09
 -1       545-4.06562E-06 1.13823E-06 1.13827E-06-6.25794E-07-3.70366E-10-6.17869E-09
 -1       546-4.64278E-06 1.29961E-06 1.30009E-06-6.26092E-07-2.35605E-10-6.27592E-09
 -1       547-5.21839E-06 1.46110E-06 1.46133E-06-6.25934E-07 2.30357E-10-6.37850E-09
 -1       548-5.79580E-06 1.62267E-06 1.62270E-06-6.25954E-07 2.41488E-10-6.11450E-09
 -1       549-6.36949E-06 1.78377E-06 1.78364E-06-6.25814E-07 9.38542E-11-6.60414E-09
 -1       550-6.94522E-06 1.94420E-06 1.94484E-06-6.26513E-07-7.65698E-11-6.60728E-09
 -1       551-7.51817E-06 2.10519E-06 2.10527E-06-6.26030E-07-9.71909E-11-6.71380E-09
 -1       552-8.09187E-06 2.26567E-06 2.26585E-06-6.26108E-07 8.93205E-11-6.88708E-09
 -1       553-8.66549E-06 2.42635E-06 2.42609E-06-6.25705E-07 9.72438E-11-6.63463E-09
 -1       554-9.23852E-06 2.58673E-06 2.58664E-06-6.26163E-07-1.16222E-10-6.81699E-09
 -1       555-9.81072E-06 2.74692E-06 2.74697E-06-6.26592E-07-3.04830E-11-6.75061E-09
 -1       556-1.03822E-05 2.90702E-06 2.90706E-06-6.26686E-07-1.53857E-12-6.56294E-09
 -1       557-1.09536E-05 3.06716E-06 3.06712E-06-6.26091E-07 3.61314E-11-7.02285E-09
 -1       558-1.15254E-05 3.22721E-06 3.22721E-06-6.25937E-07 9.92264E-12-7.26866E-09
 -1       559-1.20972E-05 3.38698E-06 3.38725E-06-6.26005E-07-1.02094E-10-6.96041E-09
 -1       560-1.26677E-05 3.54708E-06 3.54696E-06-6.26173E-07-3.21698E-11-7.08970E-09
 -1       561-1.32394E-05 3.70712E-06 3.70691E-06-6.26670E-07 1.41624E-10-6.91309E-09
 -1       562-1.38109E-05 3.86693E-06 3.86698E-06-6.26671E-07-3.70892E-11-6.85636E-09
 -1       563-1.43807E-05 4.02640E-06 4.02681E-06-6.26319E-07-2.39916E-11-6.95174E-09
 -1       564-1.49515E-05 4.18653E-06 4.18644E-06-6.26016E-07 1.81281E-11-6.99479E-09
 -1       565-1.55230E-05 4.34657E-06 4.34639E-06-6.26217E-07 4.63974E-11-7.17451E-09
 -1       566-1.60933E-05 4.50595E-06 4.50605E-06-6.26400E-07-2.53592E-10-7.02475E-09
 -1       567-1.66666E-05 4.66713E-06 4.66693E-06-6.25941E-07 1.24268E-09-6.92577E-09
 -1       568-1.72261E-05 4.82208E-06 4.82208E-06-6.28759E-07-4.92912E-09-6.49135E-09
 -1       569-1.78536E-05 4.99751E-06 5.00331E-06-6.16330E-07 1.85993E-08-1.53859E-08
 -1       570-1.82091E-05 5.09504E-06 5.06013E-06-6.62130E-07-7.98224E-08-6.05640E-09
 -1       571-1.88427E-05 4.85940E-06 5.46629E-06 7.37298E-08 2.19136E-07-9.72659E-07
 -1       572 6.43295E-11-5.18419E-16-2.47049E-16 2.00424E-06 5.89973E-16 9.35720E-09
 -1       573 1.53135E-05-2.03979E-10-1.75445E-10-1.28664E-06-1.06924E-13 2.28826E-08
 -1       574 1.26475E-07-1.28440E-12-1.72888E-12 3.29913E-06-8.83527E-12-1.50245E-08
 -1       575-1.26172E-07 1.28441E-12 1.72873E-12 3.29919E-06 8.83427E-12-1.50008E-08
 -1       576-1.53135E-05 2.03979E-10 1.75445E-10-1.28660E-06 1.06211E-13 2.28671E-08
 -1       577 4.07716E-05-1.25766E-05-9.57286E-06 9.99283E-07-1.21588E-09-3.86520E-09
 -1       578 3.72524E-05-9.99216E-06-1.06731E-05-3.22985E-08-1.33017E-09-9.21953E-09
 -1       579 3.61744E-05-1.02511E-05-1.00888E-05-1.80563E-07 1.54030E-10-9.18107E-09
 -1       580 3.50134E-05-9.77421E-06-9.81202E-06-1.48247E-07-9.29467E-11-9.54810E-09
 -1       581 3.38436E-05-9.48326E-06-9.47462E-06-1.55271E-07 6.49104E-11-9.64378E-09
 -1       582 3.26770E-05-9.14820E-06-9.14988E-06-1.54266E-07-3.08575E-11-9.81795E-09
 -1       583 3.15107E-05-8.82315E-06-8.82302E-06-1.54190E-07 1.10441E-10-9.66334E-09
 -1       584 3.03430E-05-8.49595E-06-8.49604E-06-1.54171E-07-2.81962E-11-9.73597E-09
 -1       585 2.91764E-05-8.16951E-06-8.16940E-06-1.54130E-07-1.76591E-10-9.50549E-09
 -1       586 2.80089E-05-7.84252E-06-7.84252E-06-1.54186E-07 5.57181E-11-9.24273E-09
 -1       587 2.68423E-05-7.51586E-06-7.51568E-06-1.54238E-07 1.17194E-10-9.15429E-09
 -1       588 2.56750E-05-7.18893E-06-7.18903E-06-1.54358E-07-3.73806E-11-9.52700E-09
 -1       589 2.45081E-05-6.86220E-06-6.86228E-06-1.54431E-07-2.22016E-11-9.82728E-09
 -1       590 2.33421E-05-6.53573E-06-6.53588E-06-1.53994E-07-1.51858E-10-9.68855E-09
 -1       591 2.21738E-05-6.20880E-06-6.20875E-06-1.54295E-07-1.36412E-10-8.90862E-09
 -1       592 2.10073E-05-5.88197E-06-5.88194E-06-1.54182E-07 1.95746E-10-8.29932E-09
 -1       593 1.98396E-05-5.55513E-06-5.55523E-06-1.54075E-07-5.58686E-11-8.60544E-09
 -1       594 1.86730E-05-5.22879E-06-5.22831E-06-1.54683E-07-5.08720E-11-8.68458E-09
 -1       595 1.75067E-05-4.90167E-06-4.90154E-06-1.54635E-07-3.17511E-11-8.58997E-09
 -1       596 1.63393E-05-4.57489E-06-4.57518E-06-1.54025E-07-2.33844E-10-8.15138E-09
 -1       597 1.51728E-05-4.24839E-06-4.24815E-06-1.53829E-07-1.11326E-10-7.31876E-09
 -1       598 1.40044E-05-3.92105E-06-3.92140E-06-1.53915E-07 4.09542E-11-6.71033E-09
 -1       599 1.28377E-05-3.59474E-06-3.59434E-06-1.54654E-07-1.53402E-10-6.18748E-09
 -1       600 1.16714E-05-3.26797E-06-3.26824E-06-1.54299E-07 7.90565E-11-6.25800E-09
 -1       601 1.05033E-05-2.94094E-06-2.94041E-06-1.54414E-07-5.58288E-11-6.00373E-09
 -1       602 9.33696E-06-2.61418E-06-2.61446E-06-1.54670E-07-3.93882E-10-5.23643E-09
 -1       603 8.17029E-06-2.28765E-06-2.28761E-06-1.54121E-07 3.37834E-11-4.40747E-09
 -1       604 7.00316E-06-1.96076E-06-1.96026E-06-1.54397E-07-3.10516E-10-3.80639E-09
 -1       605 5.83603E-06-1.63379E-06-1.63430E-06-1.53585E-07 1.32490E-10-3.18352E-09
 -1       606 4.66856E-06-1.30703E-06-1.30698E-06-1.53814E-07-3.59832E-10-2.46388E-09
 -1       607 3.50085E-06-9.80155E-07-9.80397E-07-1.54383E-07 6.57810E-11-1.89927E-09
 -1       608 2.33506E-06-6.53730E-07-6.55581E-07-1.52537E-07 7.69562E-11-1.37348E-09
 -1       609 1.18196E-06-3.34433E-07-3.27818E-07-1.05658E-07-1.02829E-10-6.89997E-10
 -1       610 3.98554E-05-1.21578E-05-1.03337E-05 4.92496E-07 1.63737E-07 4.49917E-07
 -1       611 3.72852E-05-9.07508E-06-8.53415E-06-3.00290E-06-1.01218E-08 1.74038E-08
 -1       612 3.74901E-05-1.00713E-05-1.05154E-05 4.44950E-08-2.30732E-08 8.32197E-08
 -1       613 3.77256E-05-1.14105E-05-1.03154E-05 2.07542E-07-1.65358E-09-1.93005E-09
 -1       614 3.63209E-05-1.02734E-05-1.01649E-05-1.83305E-07 8.76350E-09 3.10854E-08
 -1       615 3.67891E-05-1.01153E-05-1.03820E-05-1.21727E-07-5.05128E-10-8.43790E-09
 -1       616 3.51488E-05-9.81719E-06-9.84335E-06-1.43455E-07-2.43332E-09 2.31359E-08
 -1       617 3.56050E-05-1.00092E-05-9.94993E-06-7.82633E-08 1.29170E-10-8.36863E-09
 -1       618 3.39753E-05-9.51886E-06-9.51259E-06-1.52110E-07 6.75762E-10 2.54598E-08
 -1       619 3.44260E-05-9.63034E-06-9.64414E-06-8.43905E-08-1.90412E-11-8.76365E-09
 -1       620 3.28016E-05-9.18309E-06-9.18459E-06-1.50401E-07-1.40006E-10 2.46183E-08
 -1       621 3.32630E-05-9.31580E-06-9.31250E-06-8.35212E-08 4.74964E-11-8.80240E-09
 -1       622 3.16287E-05-8.85623E-06-8.85611E-06-1.50754E-07-1.29858E-11 2.49629E-08
 -1       623 3.20953E-05-8.98612E-06-8.98695E-06-8.39165E-08 1.31486E-11-8.79809E-09
 -1       624 3.04551E-05-8.52733E-06-8.52728E-06-1.50477E-07 4.97835E-12 2.48662E-08
 -1       625 3.09280E-05-8.66002E-06-8.65993E-06-8.37718E-08-1.38747E-11-8.79021E-09
 -1       626 2.92813E-05-8.19885E-06-8.19891E-06-1.50388E-07-1.85005E-11 2.50721E-08
 -1       627 2.97612E-05-8.33306E-06-8.33306E-06-8.37916E-08-5.79207E-11-8.70634E-09
 -1       628 2.81082E-05-7.87032E-06-7.87034E-06-1.50593E-07 8.19598E-12 2.51460E-08
 -1       629 2.85939E-05-8.00636E-06-8.00634E-06-8.36577E-08-7.81777E-11-8.46725E-09
 -1       630 2.69346E-05-7.54173E-06-7.54165E-06-1.50804E-07 1.22685E-10 2.51307E-08
 -1       631 2.74268E-05-7.67955E-06-7.67943E-06-8.37996E-08 9.32760E-11-8.26397E-09
 -1       632 2.57618E-05-7.21326E-06-7.21324E-06-1.50741E-07-1.22753E-10 2.48284E-08
 -1       633 2.62599E-05-7.35285E-06-7.35272E-06-8.39253E-08 2.03316E-11-8.56616E-09
 -1       634 2.45884E-05-6.88480E-06-6.88463E-06-1.50658E-07 7.90271E-12 2.49816E-08
 -1       635 2.50926E-05-7.02573E-06-7.02602E-06-8.39220E-08 8.81046E-11-8.70738E-09
 -1       636 2.34155E-05-6.55631E-06-6.55636E-06-1.50532E-07-1.20208E-10 2.49319E-08
 -1       637 2.39262E-05-6.69932E-06-6.69939E-06-8.38461E-08-1.19446E-10-8.88808E-09
 -1       638 2.22417E-05-6.22765E-06-6.22798E-06-1.50649E-07-1.27517E-10 2.53939E-08
 -1       639 2.27588E-05-6.37261E-06-6.37246E-06-8.36551E-08-1.88133E-10-8.36848E-09
 -1       640 2.10694E-05-5.89941E-06-5.89933E-06-1.50802E-07 2.65967E-10 2.55132E-08
 -1       641 2.15917E-05-6.04559E-06-6.04563E-06-8.37803E-08-2.04477E-11-7.80824E-09
 -1       642 1.98962E-05-5.57099E-06-5.57082E-06-1.50505E-07-1.22914E-10 2.54216E-08
 -1       643 2.04247E-05-5.71881E-06-5.71877E-06-8.37604E-08 1.59155E-10-7.80230E-09
 -1       644 1.87236E-05-5.24278E-06-5.24266E-06-1.50681E-07 5.51774E-11 2.56996E-08
 -1       645 1.92570E-05-5.39218E-06-5.39205E-06-8.40954E-08 7.51339E-11-7.78157E-09
 -1       646 1.75512E-05-4.91432E-06-4.91433E-06-1.50875E-07 1.84463E-11 2.57355E-08
 -1       647 1.80904E-05-5.06548E-06-5.06528E-06-8.41797E-08 5.43665E-12-7.71085E-09
 -1       648 1.63788E-05-4.58610E-06-4.58615E-06-1.50760E-07-1.06790E-10 2.59556E-08
 -1       649 1.69239E-05-4.73853E-06-4.73863E-06-8.38853E-08-1.01480E-10-7.64234E-09
 -1       650 1.52078E-05-4.25819E-06-4.25771E-06-1.50539E-07 3.51802E-11 2.60272E-08
 -1       651 1.57567E-05-4.41172E-06-4.41192E-06-8.35409E-08-1.94665E-10-6.93677E-09
 -1       652 1.40341E-05-3.92937E-06-3.92972E-06-1.50316E-07-1.45502E-10 2.68203E-08
 -1       653 1.45892E-05-4.08492E-06-4.08498E-06-8.33011E-08-1.36462E-10-6.37114E-09
 -1       654 1.28637E-05-3.60183E-06-3.60167E-06-1.50863E-07 1.15523E-10 2.70624E-08
 -1       655 1.34215E-05-3.75816E-06-3.75812E-06-8.39957E-08-6.70610E-11-5.95654E-09
 -1       656 1.16919E-05-3.27374E-06-3.27395E-06-1.50613E-07 1.61423E-10 2.73071E-08
 -1       657 1.22554E-05-3.43162E-06-3.43153E-06-8.39356E-08 6.66912E-11-5.63015E-09
 -1       658 1.05211E-05-2.94594E-06-2.94560E-06-1.50576E-07-6.12946E-11 2.72297E-08
 -1       659 1.10877E-05-3.10452E-06-3.10436E-06-8.40448E-08 1.14207E-10-5.59014E-09
 -1       660 9.35020E-06-2.61797E-06-2.61790E-06-1.51049E-07-1.70893E-10 2.75862E-08
 -1       661 9.92070E-06-2.77747E-06-2.77754E-06-8.41402E-08-1.20401E-10-5.10817E-09
 -1       662 8.18071E-06-2.29058E-06-2.29039E-06-1.50861E-07-1.93163E-10 2.80656E-08
 -1       663 8.75402E-06-2.45108E-06-2.45120E-06-8.39369E-08 2.32088E-11-4.29257E-09
 -1       664 7.01108E-06-1.96305E-06-1.96237E-06-1.50668E-07-8.91642E-11 2.88695E-08
 -1       665 7.58655E-06-2.12435E-06-2.12415E-06-8.39447E-08-4.17550E-11-3.62460E-09
 -1       666 5.84060E-06-1.63526E-06-1.63554E-06-1.50444E-07-9.08909E-12 2.87848E-08
 -1       667 6.42028E-06-1.79751E-06-1.79726E-06-8.35056E-08-1.74664E-10-3.16734E-09
 -1       668 4.67226E-06-1.30812E-06-1.30791E-06-1.50518E-07 9.80446E-11 2.93330E-08
 -1       669 5.25223E-06-1.47055E-06-1.47073E-06-8.33544E-08-8.71302E-11-2.64592E-09
 -1       670 3.50247E-06-9.80519E-07-9.81155E-07-1.50720E-07-1.18346E-10 2.99948E-08
 -1       671 4.08459E-06-1.14366E-06-1.14379E-06-8.34656E-08-1.54897E-10-1.97842E-09
 -1       672 2.33578E-06-6.54414E-07-6.54069E-07-1.49722E-07-2.02135E-10 3.00819E-08
 -1       673 2.91810E-06-8.17045E-07-8.17909E-07-8.37861E-08 1.37051E-10-1.45295E-09
 -1       674 1.18028E-06-3.31310E-07-3.32646E-07-1.03742E-07 2.46975E-09 2.03041E-08
 -1       675 1.75580E-06-4.90130E-07-4.90614E-07-8.31467E-08-1.89595E-12-1.15059E-09
 -1       676 6.84659E-07-1.75863E-07-1.95029E-07-9.84859E-08-1.46374E-10-1.76910E-10
 -1       677 3.95465E-05-1.20668E-05-1.02555E-05 4.80002E-07-1.62321E-07-4.42151E-07
 -1       678 3.71976E-05-9.99075E-06-1.04335E-05 4.37245E-08 2.13728E-08-9.43016E-08
 -1       679 3.60359E-05-1.01932E-05-1.00850E-05-1.83821E-07-8.43184E-09-4.28518E-08
 -1       680 3.48778E-05-9.74111E-06-9.76761E-06-1.43602E-07 2.32763E-09-3.53126E-08
 -1       681 3.37161E-05-9.44644E-06-9.44020E-06-1.52504E-07-6.34220E-10-3.75209E-08
 -1       682 3.25557E-05-9.11420E-06-9.11579E-06-1.50705E-07 8.93666E-11-3.71526E-08
 -1       683 3.13952E-05-8.79092E-06-8.79060E-06-1.51050E-07 8.19646E-11-3.70500E-08
 -1       684 3.02340E-05-8.46549E-06-8.46544E-06-1.50897E-07 8.90628E-11-3.72888E-08
 -1       685 2.90736E-05-8.14067E-06-8.14068E-06-1.50847E-07-2.26927E-10-3.69556E-08
 -1       686 2.79127E-05-7.81563E-06-7.81552E-06-1.51035E-07-1.79419E-11-3.68441E-08
 -1       687 2.67519E-05-7.49043E-06-7.49051E-06-1.50933E-07 8.46075E-11-3.66530E-08
 -1       688 2.55910E-05-7.16542E-06-7.16546E-06-1.51119E-07 3.72436E-11-3.71873E-08
 -1       689 2.44305E-05-6.84037E-06-6.84066E-06-1.51021E-07 4.53788E-11-3.72618E-08
 -1       690 2.32697E-05-6.51568E-06-6.51550E-06-1.50877E-07-7.32869E-11-3.71573E-08
 -1       691 2.21082E-05-6.19038E-06-6.19030E-06-1.50700E-07-1.52437E-10-3.67586E-08
 -1       692 2.09468E-05-5.86509E-06-5.86500E-06-1.51028E-07 1.67225E-10-3.62097E-08
 -1       693 1.97857E-05-5.53986E-06-5.54003E-06-1.51009E-07-6.70474E-12-3.63648E-08
 -1       694 1.86242E-05-5.21479E-06-5.21477E-06-1.51103E-07-1.96016E-10-3.65169E-08
 -1       695 1.74631E-05-4.88954E-06-4.88942E-06-1.50977E-07 5.34645E-11-3.66915E-08
 -1       696 1.63005E-05-4.56429E-06-4.56442E-06-1.51044E-07-1.70441E-10-3.57768E-08
 -1       697 1.51397E-05-4.23909E-06-4.23911E-06-1.50654E-07-6.87972E-11-3.57751E-08
 -1       698 1.39758E-05-3.91323E-06-3.91337E-06-1.50846E-07 2.06125E-11-3.51371E-08
 -1       699 1.28141E-05-3.58783E-06-3.58774E-06-1.51045E-07 3.87356E-11-3.52382E-08
 -1       700 1.16508E-05-3.26215E-06-3.26236E-06-1.50962E-07 9.65331E-11-3.51262E-08
 -1       701 1.04872E-05-2.93653E-06-2.93616E-06-1.51157E-07-7.38781E-11-3.47483E-08
 -1       702 9.32420E-06-2.61095E-06-2.61078E-06-1.51209E-07-1.30611E-10-3.43368E-08
 -1       703 8.16006E-06-2.28471E-06-2.28494E-06-1.51053E-07-4.42691E-11-3.36700E-08
 -1       704 6.99677E-06-1.95879E-06-1.95875E-06-1.50524E-07-1.61475E-10-3.38346E-08
 -1       705 5.83002E-06-1.63244E-06-1.63268E-06-1.50726E-07-2.75492E-11-3.26490E-08
 -1       706 4.66650E-06-1.30658E-06-1.30646E-06-1.50525E-07-3.58359E-13-3.25224E-08
 -1       707 3.49901E-06-9.79601E-07-9.80234E-07-1.50982E-07-2.87948E-10-3.22239E-08
 -1       708 2.33443E-06-6.53889E-07-6.53477E-07-1.49871E-07 3.50381E-10-3.16450E-08
 -1       709 1.17996E-06-3.31401E-07-3.33191E-07-1.03778E-07-2.65528E-09-2.10906E-08
 -1       710-4.07713E-05 1.25765E-05 9.57305E-06 9.99350E-07 9.99252E-10-4.59922E-09
 -1       711-3.72525E-05 9.99226E-06 1.06732E-05-3.24083E-08 1.10233E-09-1.01545E-08
 -1       712-3.61747E-05 1.02513E-05 1.00888E-05-1.80305E-07-4.32443E-12-1.05259E-08
 -1       713-3.50130E-05 9.77406E-06 9.81194E-06-1.48680E-07 1.76328E-10-1.07943E-08
 -1       714-3.38442E-05 9.48337E-06 9.47479E-06-1.55435E-07-3.57609E-11-1.04664E-08
 -1       715-3.26774E-05 9.14811E-06 9.14997E-06-1.54006E-07 3.02716E-11-1.02576E-08
 -1       716-3.15104E-05 8.82315E-06 8.82247E-06-1.53836E-07 1.27575E-10-1.01277E-08
 -1       717-3.03429E-05 8.49611E-06 8.49610E-06-1.54179E-07-1.21053E-10-1.01617E-08
 -1       718-2.91761E-05 8.16935E-06 8.16976E-06-1.54495E-07-2.02682E-10-1.05028E-08
 -1       719-2.80092E-05 7.84252E-06 7.84258E-06-1.54462E-07 1.47510E-10-1.07253E-08
 -1       720-2.68429E-05 7.51589E-06 7.51574E-06-1.54333E-07 6.14633E-11-1.02659E-08
 -1       721-2.56757E-05 7.18918E-06 7.18917E-06-1.53936E-07 2.66394E-11-9.93596E-09
 -1       722-2.45078E-05 6.86226E-06 6.86198E-06-1.54277E-07-3.10630E-11-9.84156E-09
 -1       723-2.33416E-05 6.53561E-06 6.53572E-06-1.53879E-07 9.09555E-11-9.65482E-09
 -1       724-2.21735E-05 6.20854E-06 6.20902E-06-1.54155E-07-3.79080E-11-9.78969E-09
 -1       725-2.10071E-05 5.88206E-06 5.88201E-06-1.54457E-07 1.99383E-11-9.88174E-09
 -1       726-1.98404E-05 5.55565E-06 5.55532E-06-1.54575E-07 1.07454E-10-9.34087E-09
 -1       727-1.86733E-05 5.22827E-06 5.22861E-06-1.54602E-07 6.48771E-11-8.77029E-09
 -1       728-1.75068E-05 4.90165E-06 4.90180E-06-1.54250E-07 3.50196E-10-8.41655E-09
 -1       729-1.63396E-05 4.57499E-06 4.57481E-06-1.53866E-07 2.62816E-11-7.99692E-09
 -1       730-1.51718E-05 4.24794E-06 4.24815E-06-1.53786E-07-1.02958E-10-7.96827E-09
 -1       731-1.40048E-05 3.92160E-06 3.92141E-06-1.54194E-07 1.22394E-10-7.97358E-09
 -1       732-1.28372E-05 3.59486E-06 3.59465E-06-1.54549E-07 1.16245E-10-6.76618E-09
 -1       733-1.16713E-05 3.26783E-06 3.26812E-06-1.54616E-07 4.57760E-11-6.11293E-09
 -1       734-1.05046E-05 2.94091E-06 2.94114E-06-1.54344E-07-1.50466E-10-5.70720E-09
 -1       735-9.33683E-06 2.61457E-06 2.61429E-06-1.54459E-07 2.67597E-10-5.41344E-09
 -1       736-8.16991E-06 2.28750E-06 2.28767E-06-1.54415E-07 3.45256E-10-4.65833E-09
 -1       737-7.00267E-06 1.96043E-06 1.96087E-06-1.54245E-07-1.89493E-10-3.85672E-09
 -1       738-5.83635E-06 1.63409E-06 1.63411E-06-1.53813E-07 3.59930E-10-3.65553E-09
 -1       739-4.66816E-06 1.30698E-06 1.30727E-06-1.53840E-07-4.30181E-11-2.77209E-09
 -1       740-3.50157E-06 9.80641E-07 9.80100E-07-1.54133E-07 6.11409E-10-1.85088E-09
 -1       741-2.33555E-06 6.53272E-07 6.55787E-07-1.52746E-07-1.42225E-10-9.01383E-10
 -1       742-1.18153E-06 3.34607E-07 3.27513E-07-1.05361E-07 1.84051E-10-2.52480E-10
 -1       743-3.72853E-05 9.07492E-06 8.53420E-06-3.00281E-06 9.99865E-09 1.70132E-08
 -1       744-3.95459E-05 1.20666E-05 1.02555E-05 4.80042E-07 1.62173E-07-4.42686E-07
 -1       745-3.77254E-05 1.14105E-05 1.03155E-05 2.07606E-07 1.47446E-09-2.75335E-09
 -1       746-3.71978E-05 9.99076E-06 1.04336E-05 4.34223E-08-2.14304E-08-9.49011E-08
 -1       747-3.67894E-05 1.01155E-05 1.03822E-05-1.21756E-07 3.46041E-10-9.64592E-09
 -1       748-3.60363E-05 1.01935E-05 1.00852E-05-1.84024E-07 8.59040E-09-4.33893E-08
 -1       749-3.56050E-05 1.00092E-05 9.94979E-06-7.82865E-08 5.18594E-11-9.60324E-09
 -1       750-3.48774E-05 9.74102E-06 9.76753E-06-1.43884E-07-2.35759E-09-3.59721E-08
 -1       751-3.44262E-05 9.63043E-06 9.64429E-06-8.46742E-08 1.18259E-11-9.58177E-09
 -1       752-3.37168E-05 9.44646E-06 9.44020E-06-1.52564E-07 5.97192E-10-3.81882E-08
 -1       753-3.32634E-05 9.31585E-06 9.31265E-06-8.37177E-08 5.37235E-11-9.44859E-09
 -1       754-3.25557E-05 9.11432E-06 9.11557E-06-1.50727E-07-6.33986E-11-3.73386E-08
 -1       755-3.20954E-05 8.98596E-06 8.98660E-06-8.36431E-08 1.06746E-10-9.31277E-09
 -1       756-3.13951E-05 8.79091E-06 8.79041E-06-1.50875E-07 1.00812E-10-3.72697E-08
 -1       757-3.09277E-05 8.66004E-06 8.65968E-06-8.34704E-08-1.82415E-11-9.22761E-09
 -1       758-3.02340E-05 8.46556E-06 8.46556E-06-1.50847E-07-7.95651E-11-3.74584E-08
 -1       759-2.97609E-05 8.33317E-06 8.33339E-06-8.38762E-08-1.46758E-10-9.39306E-09
 -1       760-2.90731E-05 8.14044E-06 8.14084E-06-1.51277E-07-1.27790E-10-3.78690E-08
 -1       761-2.85941E-05 8.00632E-06 8.00641E-06-8.40926E-08-6.33089E-11-9.71643E-09
 -1       762-2.79132E-05 7.81552E-06 7.81582E-06-1.51252E-07 1.35545E-11-3.77247E-08
 -1       763-2.74272E-05 7.67951E-06 7.67955E-06-8.40367E-08 9.08303E-11-9.65466E-09
 -1       764-2.67525E-05 7.49076E-06 7.49042E-06-1.51051E-07 2.01508E-10-3.74398E-08
 -1       765-2.62605E-05 7.35299E-06 7.35281E-06-8.37288E-08 1.07277E-10-9.13483E-09
 -1       766-2.55911E-05 7.16562E-06 7.16537E-06-1.50860E-07 5.70984E-12-3.72288E-08
 -1       767-2.50926E-05 7.02585E-06 7.02593E-06-8.36570E-08-5.61329E-12-9.01306E-09
 -1       768-2.44304E-05 6.84049E-06 6.84031E-06-1.50954E-07-3.85393E-11-3.72608E-08
 -1       769-2.39260E-05 6.69929E-06 6.69915E-06-8.36389E-08-9.39146E-11-8.93885E-09
 -1       770-2.32692E-05 6.51539E-06 6.51562E-06-1.50704E-07 2.23499E-11-3.72655E-08
 -1       771-2.27586E-05 6.37241E-06 6.37254E-06-8.34966E-08 4.16089E-11-8.77504E-09
 -1       772-2.21080E-05 6.19026E-06 6.19053E-06-1.50898E-07-8.01761E-11-3.71436E-08
 -1       773-2.15911E-05 6.04563E-06 6.04586E-06-8.38992E-08 2.58739E-11-9.09666E-09
 -1       774-2.09470E-05 5.86515E-06 5.86521E-06-1.51240E-07 7.17061E-12-3.72261E-08
 -1       775-2.04249E-05 5.71907E-06 5.71890E-06-8.42377E-08-1.60630E-11-8.69374E-09
 -1       776-1.97860E-05 5.54020E-06 5.53993E-06-1.51113E-07 1.39745E-10-3.70690E-08
 -1       777-1.92579E-05 5.39205E-06 5.39217E-06-8.41746E-08 9.97067E-11-8.26729E-09
 -1       778-1.86246E-05 5.21481E-06 5.21483E-06-1.51186E-07 3.60152E-11-3.66368E-08
 -1       779-1.80907E-05 5.06527E-06 5.06541E-06-8.39806E-08 2.24858E-10-7.93739E-09
 -1       780-1.74632E-05 4.88973E-06 4.88977E-06-1.50819E-07 1.99520E-10-3.62246E-08
 -1       781-1.69237E-05 4.73864E-06 4.73869E-06-8.37177E-08 1.55573E-10-7.40657E-09
 -1       782-1.63007E-05 4.56404E-06 4.56417E-06-1.50908E-07 1.45657E-10-3.61246E-08
 -1       783-1.57564E-05 4.41161E-06 4.41155E-06-8.32181E-08-2.11161E-10-7.20670E-09
 -1       784-1.51384E-05 4.23865E-06 4.23857E-06-1.50836E-07-2.09886E-10-3.56065E-08
 -1       785-1.45889E-05 4.08506E-06 4.08507E-06-8.35518E-08-7.06503E-11-7.27262E-09
 -1       786-1.39770E-05 3.91348E-06 3.91344E-06-1.51204E-07 1.04414E-10-3.60441E-08
 -1       787-1.34218E-05 3.75852E-06 3.75812E-06-8.40002E-08 1.11171E-10-6.82867E-09
 -1       788-1.28128E-05 3.58800E-06 3.58774E-06-1.50883E-07 2.65882E-10-3.56290E-08
 -1       789-1.22551E-05 3.43145E-06 3.43153E-06-8.43427E-08 6.78602E-11-5.75016E-09
 -1       790-1.16518E-05 3.26232E-06 3.26250E-06-1.51224E-07 1.92813E-11-3.48120E-08
 -1       791-1.10883E-05 3.10432E-06 3.10483E-06-8.40388E-08-5.21373E-11-5.36726E-09
 -1       792-1.04875E-05 2.93659E-06 2.93638E-06-1.51032E-07 1.65772E-10-3.49233E-08
 -1       793-9.92128E-06 2.77757E-06 2.77773E-06-8.41315E-08-3.83430E-11-5.09728E-09
 -1       794-9.32433E-06 2.61076E-06 2.61086E-06-1.50922E-07 2.86137E-10-3.43600E-08
 -1       795-8.75344E-06 2.45101E-06 2.45097E-06-8.39488E-08 8.08272E-11-4.70137E-09
 -1       796-8.16039E-06 2.28494E-06 2.28517E-06-1.50776E-07 1.28266E-10-3.39195E-08
 -1       797-7.58648E-06 2.12420E-06 2.12425E-06-8.36277E-08-3.02248E-11-3.84348E-09
 -1       798-6.99492E-06 1.95886E-06 1.95893E-06-1.50776E-07-3.13981E-10-3.36480E-08
 -1       799-6.41990E-06 1.79760E-06 1.79762E-06-8.37545E-08-6.22213E-11-3.47584E-09
 -1       800-5.83176E-06 1.63282E-06 1.63265E-06-1.50951E-07 8.93161E-11-3.29848E-08
 -1       801-5.25237E-06 1.47077E-06 1.47071E-06-8.32069E-08 9.41299E-11-2.72339E-09
 -1       802-4.66502E-06 1.30628E-06 1.30615E-06-1.50604E-07-9.28911E-11-3.27986E-08
 -1       803-4.08500E-06 1.14399E-06 1.14366E-06-8.36259E-08 2.27703E-10-2.32133E-09
 -1       804-3.50043E-06 9.79802E-07 9.80339E-07-1.51027E-07 5.56027E-10-3.19477E-08
 -1       805-2.91823E-06 8.17111E-07 8.17998E-07-8.35543E-08 1.12557E-10-1.11683E-09
 -1       806-2.33412E-06 6.53611E-07 6.53762E-07-1.49612E-07-2.73378E-10-3.14610E-08
 -1       807-1.75588E-06 4.90232E-07 4.90565E-07-8.31289E-08-5.34997E-11-5.55240E-10
 -1       808-1.18014E-06 3.31595E-07 3.32782E-07-1.03656E-07 2.65774E-09-2.08395E-08
 -1       809-6.84487E-07 1.76017E-07 1.94956E-07-9.83672E-08-2.88467E-10 4.84665E-11
 -1       810-3.98550E-05 1.21578E-05 1.03338E-05 4.92354E-07-1.63783E-07 4.49172E-07
 -1       811-3.74904E-05 1.00717E-05 1.05152E-05 4.43503E-08 2.30126E-08 8.22072E-08
 -1       812-3.63213E-05 1.02734E-05 1.01649E-05-1.83261E-07-8.78420E-09 3.04989E-08
 -1       813-3.51489E-05 9.81694E-06 9.84339E-06-1.43012E-07 2.52686E-09 2.26440E-08
 -1       814-3.39754E-05 9.51899E-06 9.51273E-06-1.52142E-07-6.47548E-10 2.50290E-08
 -1       815-3.28019E-05 9.18309E-06 9.18472E-06-1.50174E-07 2.17740E-10 2.44712E-08
 -1       816-3.16284E-05 8.85634E-06 8.85567E-06-1.50470E-07-4.10596E-11 2.44506E-08
 -1       817-3.04548E-05 8.52740E-06 8.52743E-06-1.50585E-07-1.10280E-10 2.44416E-08
 -1       818-2.92814E-05 8.19876E-06 8.19904E-06-1.50675E-07 6.54848E-11 2.45195E-08
 -1       819-2.81082E-05 7.87025E-06 7.87030E-06-1.50697E-07-8.08067E-12 2.42201E-08
 -1       820-2.69356E-05 7.54188E-06 7.54179E-06-1.50558E-07 2.96950E-11 2.45454E-08
 -1       821-2.57616E-05 7.21335E-06 7.21332E-06-1.50528E-07-9.08179E-11 2.45527E-08
 -1       822-2.45885E-05 6.88473E-06 6.88472E-06-1.50451E-07 9.61534E-11 2.48818E-08
 -1       823-2.34152E-05 6.55625E-06 6.55624E-06-1.50448E-07 1.08717E-10 2.49060E-08
 -1       824-2.22414E-05 6.22757E-06 6.22787E-06-1.50737E-07 1.26358E-11 2.45842E-08
 -1       825-2.10698E-05 5.89952E-06 5.89953E-06-1.50814E-07 6.91150E-12 2.47593E-08
 -1       826-1.98964E-05 5.57112E-06 5.57099E-06-1.50690E-07-3.52027E-11 2.51334E-08
 -1       827-1.87238E-05 5.24240E-06 5.24268E-06-1.50612E-07 2.09419E-10 2.56060E-08
 -1       828-1.75514E-05 4.91416E-06 4.91441E-06-1.50546E-07 8.63401E-11 2.57231E-08
 -1       829-1.63791E-05 4.58628E-06 4.58595E-06-1.50599E-07 7.41248E-11 2.59416E-08
 -1       830-1.52067E-05 4.25802E-06 4.25794E-06-1.50449E-07 2.24343E-11 2.56437E-08
 -1       831-1.40348E-05 3.92988E-06 3.93002E-06-1.50590E-07 7.75980E-11 2.59869E-08
 -1       832-1.28630E-05 3.60166E-06 3.60188E-06-1.50776E-07 6.27331E-11 2.66343E-08
 -1       833-1.16923E-05 3.27366E-06 3.27380E-06-1.50855E-07 3.42847E-11 2.73381E-08
 -1       834-1.05215E-05 2.94593E-06 2.94607E-06-1.50931E-07-1.36377E-10 2.73135E-08
 -1       835-9.35078E-06 2.61831E-06 2.61807E-06-1.50465E-07 6.80101E-11 2.75457E-08
 -1       836-8.18015E-06 2.29026E-06 2.29038E-06-1.50645E-07 2.77764E-10 2.81006E-08
 -1       837-7.01012E-06 1.96257E-06 1.96281E-06-1.50770E-07 1.38515E-10 2.85645E-08
 -1       838-5.84167E-06 1.63564E-06 1.63531E-06-1.50472E-07 2.40249E-10 2.88378E-08
 -1       839-4.67147E-06 1.30794E-06 1.30866E-06-1.50520E-07 1.45734E-10 2.91003E-08
 -1       840-3.50335E-06 9.81008E-07 9.80753E-07-1.50738E-07 3.92225E-10 2.97682E-08
 -1       841-2.33592E-06 6.54065E-07 6.54123E-07-1.49908E-07 2.13593E-10 3.03191E-08
 -1       842-1.18017E-06 3.31690E-07 3.32842E-07-1.03531E-07-2.36619E-09 2.05942E-08
 -1       843-3.36887E-12 1.97434E-10 3.52283E-11-1.85019E-06-4.58415E-11-1.79481E-08
 -1       844-1.72113E-10 7.68441E-12 7.34695E-11-9.70329E-07-9.89090E-12-9.28530E-09
 -1       845 3.66224E-11-1.01316E-10-1.33909E-10-8.56602E-07-2.28993E-11-7.63192E-09
 -1       846-1.52554E-10 1.65198E-10 2.19968E-11-8.78098E-07-2.74620E-11-7.85014E-09
 -1       847-3.65049E-10-6.59823E-11 2.67430E-10-8.74396E-07 3.56709E-11-7.68817E-09
 -1       848 3.26580E-10-4.37089E-11-2.91666E-10-8.75163E-07 3.93635E-11-7.79088E-09
 -1       849 7.14375E-11 4.80596E-11 8.97654E-11-8.75227E-07-8.01535E-11-7.59028E-09
 -1       850 1.03478E-10-4.04849E-11 2.39295E-10-8.75177E-07 4.02324E-11-7.66320E-09
 -1       851 2.93147E-11 2.41366E-11-3.08164E-10-8.75036E-07 4.30304E-11-7.85237E-09
 -1       852-2.67131E-10 3.15933E-11-4.72982E-11-8.75122E-07-5.96286E-11-7.65981E-09
 -1       853-1.48701E-10 1.08273E-10 7.71252E-11-8.75147E-07-1.64038E-12-7.47906E-09
 -1       854-3.83795E-10-1.83769E-11 1.01628E-10-8.75365E-07 1.03271E-11-7.68305E-09
 -1       855 4.99620E-10-1.26397E-10-1.59838E-10-8.74915E-07 1.02675E-10-7.54726E-09
 -1       856 1.70346E-11 8.14279E-12 2.11750E-10-8.75186E-07 5.71975E-12-7.41042E-09
 -1       857-6.45185E-11 1.63083E-10 1.18330E-10-8.75177E-07-6.50715E-11-7.22048E-09
 -1       858 2.86377E-10-1.43569E-11-1.03002E-10-8.75102E-07-5.42078E-11-7.03199E-09
 -1       859-4.89150E-10-4.26824E-11-4.19466E-11-8.75283E-07 1.78953E-11-7.04145E-09
 -1       860-1.84841E-10 2.32030E-10-2.08473E-10-8.75150E-07 1.26133E-10-6.77670E-09
 -1       861-1.55592E-10-5.23879E-11 2.37317E-10-8.75057E-07-3.16659E-11-6.46878E-09
 -1       862 4.45844E-10-1.32617E-10-1.75620E-10-8.75297E-07-8.84726E-11-6.18104E-09
 -1       863-1.77993E-11 1.19661E-10-1.46001E-10-8.75162E-07 8.92647E-11-5.97462E-09
 -1       864 4.01130E-10-2.04618E-10-5.19777E-11-8.75209E-07 3.32391E-11-5.65977E-09
 -1       865-6.94725E-10 5.55241E-11 1.77813E-10-8.75069E-07-2.07332E-11-5.23702E-09
 -1       866 6.17493E-10 2.06722E-10-4.01799E-10-8.75201E-07-5.97899E-11-4.83672E-09
 -1       867-9.00820E-10 1.13376E-10 3.82183E-10-8.75349E-07 4.01150E-11-4.62932E-09
 -1       868 6.11574E-11-8.14956E-11 1.07941E-11-8.75309E-07-1.51817E-10-4.08137E-09
 -1       869 6.51069E-10 1.97147E-10-3.47715E-10-8.75107E-07 2.15380E-10-3.34803E-09
 -1       870-5.22898E-10 6.44076E-11 4.14459E-10-8.74930E-07 2.09851E-10-2.93906E-09
 -1       871 9.68422E-10-3.32255E-10-2.32153E-10-8.75349E-07-1.67249E-10-2.51105E-09
 -1       872-9.08036E-10 1.11958E-10-1.39067E-10-8.75130E-07 3.41108E-11-2.00646E-09
 -1       873 2.13609E-10-8.42224E-11-2.68964E-11-8.74975E-07-7.53772E-11-1.42339E-09
 -1       874-2.79325E-10 1.33163E-10-5.82357E-11-8.75812E-07 2.21881E-11-7.59065E-10
 -1       875 1.68154E-10 1.95827E-11-2.02395E-10-9.13894E-07-9.70244E-11-2.65134E-10
 -1       876-1.61225E-07 3.51899E-08 4.37010E-08-1.91750E-06 1.87441E-07-2.28773E-09
 -1       877-4.71710E-11 4.67359E-11-8.03204E-12-9.99601E-07-2.23018E-11-1.27244E-08
 -1       878 2.02941E-05-5.36537E-06-4.84332E-06-1.21042E-07-2.30024E-09-1.62593E-08
 -1       879 1.61077E-07-3.49251E-08-4.35840E-08-1.91796E-06-1.87492E-07-2.21291E-09
 -1       880-1.49310E-07 4.22445E-08 4.15574E-08-9.44561E-07 4.94214E-08-6.16127E-09
 -1       881 1.60096E-10 1.07174E-10 7.36124E-11-9.65464E-07-3.11407E-11-1.04521E-08
 -1       882 1.87380E-05-5.21759E-06-5.33876E-06-6.31280E-07-7.91773E-10-8.52312E-09
 -1       883 1.49238E-07-4.22454E-08-4.15055E-08-9.45070E-07-4.92826E-08-6.14955E-09
 -1       884-1.42275E-07 3.95784E-08 3.99578E-08-9.16546E-07-3.18783E-09-4.74540E-09
 -1       885-2.22495E-10-1.28346E-11-2.64266E-11-8.57002E-07-3.96163E-11-7.41426E-09
 -1       886 1.80987E-05-5.07704E-06-5.04812E-06-5.12170E-07-7.00416E-11-8.09915E-09
 -1       887 1.42280E-07-3.97339E-08-4.01065E-08-9.17013E-07 3.14388E-09-4.61273E-09
 -1       888-1.36211E-07 3.82531E-08 3.80711E-08-9.10835E-07 3.58429E-10-4.89937E-09
 -1       889-1.83515E-10-4.89552E-13-8.09363E-11-7.92416E-07-2.94863E-11-6.87376E-09
 -1       890 1.75031E-05-4.89884E-06-4.90487E-06-5.40600E-07-3.11110E-11-8.19037E-09
 -1       891 1.35492E-07-3.79231E-08-3.79765E-08-9.11293E-07-4.66784E-10-4.92911E-09
 -1       892-1.29357E-07 3.62148E-08 3.63157E-08-9.12767E-07 3.54539E-11-4.83528E-09
 -1       893-6.99610E-12 1.03215E-10 1.44766E-10-8.07749E-07-5.19216E-13-6.84220E-09
 -1       894 1.69242E-05-4.73925E-06-4.73797E-06-5.34160E-07 4.32983E-11-8.22214E-09
 -1       895 1.29217E-07-3.62267E-08-3.60927E-08-9.13174E-07 9.79289E-11-4.95554E-09
 -1       896-1.22941E-07 3.44190E-08 3.43203E-08-9.12315E-07-5.30119E-11-4.88086E-09
 -1       897-6.22307E-11-3.74374E-11-3.32126E-13-8.03725E-07 7.57460E-11-6.86295E-09
 -1       898 1.63395E-05-4.57507E-06-4.57520E-06-5.35949E-07 3.21041E-11-8.33362E-09
 -1       899 1.23297E-07-3.45305E-08-3.45376E-08-9.12508E-07-1.02245E-11-4.94000E-09
 -1       900-1.16791E-07 3.26622E-08 3.27710E-08-9.12590E-07 3.59839E-11-4.83184E-09
 -1       901-9.73887E-12-5.69906E-11-1.19217E-10-8.04957E-07-3.47183E-11-6.72465E-09
 -1       902 1.57565E-05-4.41172E-06-4.41179E-06-5.35409E-07 4.14503E-12-8.16472E-09
 -1       903 1.16710E-07-3.26754E-08-3.26619E-08-9.12889E-07-7.16273E-11-4.72955E-09
 -1       904-1.09927E-07 3.08061E-08 3.09220E-08-9.12509E-07 1.63814E-11-4.96387E-09
 -1       905 2.25443E-10-2.42941E-11 1.39355E-10-8.04764E-07-3.93717E-11-6.67808E-09
 -1       906 1.51726E-05-4.24831E-06-4.24822E-06-5.35578E-07 2.44086E-12-8.18163E-09
 -1       907 1.10590E-07-3.09476E-08-3.08074E-08-9.12773E-07 3.87726E-11-4.84812E-09
 -1       908-1.04404E-07 2.92822E-08 2.90342E-08-9.12331E-07 5.25407E-12-4.85671E-09
 -1       909 1.12470E-10 4.24396E-11 1.44140E-11-8.04658E-07 7.01599E-11-6.89582E-09
 -1       910 1.45892E-05-4.08500E-06-4.08510E-06-5.35588E-07-7.42985E-11-8.31224E-09
 -1       911 1.04008E-07-2.90709E-08-2.92786E-08-9.12829E-07 3.29947E-11-4.92446E-09
 -1       912-9.78012E-08 2.74466E-08 2.73586E-08-9.12327E-07-1.78808E-11-4.74615E-09
 -1       913-2.34210E-10 4.63832E-11-1.33001E-10-8.04633E-07-1.93129E-11-6.78600E-09
 -1       914 1.40053E-05-3.92155E-06-3.92157E-06-5.35571E-07 6.50729E-12-8.07622E-09
 -1       915 9.73068E-08-2.72799E-08-2.73882E-08-9.12928E-07 3.46652E-11-4.86553E-09
 -1       916-9.14872E-08 2.55113E-08 2.56054E-08-9.12316E-07-8.08919E-11-4.78685E-09
 -1       917-3.12363E-10 4.34053E-11-2.79075E-11-8.04816E-07-4.12365E-11-6.73240E-09
 -1       918 1.34220E-05-3.75808E-06-3.75810E-06-5.35485E-07 8.34398E-11-7.84619E-09
 -1       919 9.13475E-08-2.56197E-08-2.55062E-08-9.12856E-07-5.20648E-11-4.73141E-09
 -1       920-8.55175E-08 2.38949E-08 2.39561E-08-9.12705E-07 7.70168E-11-4.89401E-09
 -1       921-6.68259E-11 4.21512E-11 9.56873E-11-8.04779E-07-8.96372E-12-6.69008E-09
 -1       922 1.28382E-05-3.59473E-06-3.59465E-06-5.35693E-07 9.29194E-14-8.11143E-09
 -1       923 8.51403E-08-2.38807E-08-2.38038E-08-9.12823E-07 3.01970E-11-4.80622E-09
 -1       924-7.89708E-08 2.21588E-08 2.21592E-08-9.12481E-07-8.73591E-12-4.70359E-09
 -1       925 1.46552E-10-9.24583E-11-2.86091E-11-8.04631E-07 8.55532E-11-6.62834E-09
 -1       926 1.22551E-05-3.43147E-06-3.43140E-06-5.35583E-07-7.51215E-12-8.20442E-09
 -1       927 7.92921E-08-2.22527E-08-2.22669E-08-9.12488E-07-2.01845E-11-4.83041E-09
 -1       928-7.25567E-08 2.04648E-08 2.03885E-08-9.12630E-07 6.02793E-11-4.72402E-09
 -1       929 2.75259E-11-5.92321E-11 1.77329E-11-8.04774E-07 5.52733E-11-6.67888E-09
 -1       930 1.16719E-05-3.26800E-06-3.26811E-06-5.35450E-07-1.37022E-11-8.00685E-09
 -1       931 7.27976E-08-2.04233E-08-2.02584E-08-9.12806E-07 3.45837E-11-4.69620E-09
 -1       932-6.70757E-08 1.88665E-08 1.88008E-08-9.12462E-07-4.05389E-11-4.57075E-09
 -1       933 1.31776E-10 8.22075E-11 1.68506E-10-8.04661E-07-5.03354E-11-6.52327E-09
 -1       934 1.10876E-05-3.10453E-06-3.10453E-06-5.35620E-07-6.60154E-11-7.66051E-09
 -1       935 6.71384E-08-1.87525E-08-1.86929E-08-9.12829E-07 6.15224E-11-4.62834E-09
 -1       936-6.07969E-08 1.70001E-08 1.71552E-08-9.12191E-07-1.65391E-11-4.51038E-09
 -1       937-1.36510E-11 1.34422E-10-5.56021E-11-8.04649E-07-7.22976E-11-6.14669E-09
 -1       938 1.05045E-05-2.94123E-06-2.94135E-06-5.35542E-07 3.33513E-11-7.28560E-09
 -1       939 6.11428E-08-1.70172E-08-1.71702E-08-9.12786E-07-1.62796E-10-4.41394E-09
 -1       940-5.56734E-08 1.55267E-08 1.54457E-08-9.12551E-07 1.19624E-10-4.44785E-09
 -1       941-1.40776E-10-5.22210E-11-1.22884E-10-8.04816E-07-1.80882E-11-6.28693E-09
 -1       942 9.92026E-06-2.77780E-06-2.77782E-06-5.35576E-07 2.45544E-11-7.42220E-09
 -1       943 5.48776E-08-1.54971E-08-1.54020E-08-9.13037E-07-4.57466E-11-4.47995E-09
 -1       944-5.00907E-08 1.41634E-08 1.38556E-08-9.12687E-07 4.77692E-12-4.19253E-09
 -1       945-8.53791E-11 3.46566E-11-4.62906E-12-8.04921E-07 8.88697E-11-6.13567E-09
 -1       946 9.33719E-06-2.61447E-06-2.61433E-06-5.35813E-07 4.96981E-11-7.35473E-09
 -1       947 4.94049E-08-1.38207E-08-1.40266E-08-9.12797E-07 1.34679E-10-4.34776E-09
 -1       948-4.37216E-08 1.23390E-08 1.23495E-08-9.12693E-07-9.99922E-11-4.16642E-09
 -1       949-2.69573E-10 1.18510E-10 7.76691E-11-8.04728E-07 4.03592E-11-5.79542E-09
 -1       950 8.75380E-06-2.45103E-06-2.45080E-06-5.35669E-07 5.80383E-12-7.00055E-09
 -1       951 4.42003E-08-1.26028E-08-1.23594E-08-9.12534E-07 6.48732E-11-3.94752E-09
 -1       952-3.91276E-08 1.08391E-08 1.08323E-08-9.12615E-07 2.74437E-11-3.91745E-09
 -1       953 2.91739E-11-5.72431E-11 3.03837E-11-8.04703E-07-1.00755E-10-5.58475E-09
 -1       954 8.17028E-06-2.28765E-06-2.28779E-06-5.35479E-07-1.30764E-10-6.76913E-09
 -1       955 3.92774E-08-1.10013E-08-1.10832E-08-9.12712E-07 1.06767E-10-3.75630E-09
 -1       956-3.39426E-08 9.74897E-09 9.53389E-09-9.12617E-07 4.93889E-11-3.78723E-09
 -1       957 2.08467E-10 2.35487E-11-5.06124E-11-8.04731E-07-5.01496E-11-5.31381E-09
 -1       958 7.58683E-06-2.12424E-06-2.12430E-06-5.35367E-07-2.99468E-12-6.24624E-09
 -1       959 3.40644E-08-9.36605E-09-9.62335E-09-9.12676E-07-1.67495E-11-3.86647E-09
 -1       960-2.89546E-08 8.03103E-09 8.13438E-09-9.12398E-07-4.62405E-11-3.52734E-09
 -1       961 1.89797E-10 2.95314E-12-1.49244E-10-8.04808E-07 6.71338E-11-5.24403E-09
 -1       962 7.00296E-06-1.96074E-06-1.96091E-06-5.35535E-07 1.11209E-10-5.96197E-09
 -1       963 2.94415E-08-8.50899E-09-8.05499E-09-9.12930E-07-4.81322E-11-3.64033E-09
 -1       964-2.48911E-08 7.04089E-09 6.86925E-09-9.12396E-07-7.65808E-11-3.31677E-09
 -1       965-8.49761E-11-5.98257E-11 7.53845E-12-8.04728E-07 5.85946E-11-4.78981E-09
 -1       966 6.41903E-06-1.79753E-06-1.79720E-06-5.35783E-07 8.60130E-12-5.41827E-09
 -1       967 2.44178E-08-6.89529E-09-6.64864E-09-9.12715E-07 2.20315E-11-3.34733E-09
 -1       968-2.05921E-08 5.91015E-09 5.60296E-09-9.12669E-07 1.05732E-10-3.01370E-09
 -1       969-3.36377E-12 4.91515E-11-9.96776E-11-8.04659E-07-2.49705E-11-4.32932E-09
 -1       970 5.83638E-06-1.63404E-06-1.63441E-06-5.35668E-07-2.76043E-11-5.23111E-09
 -1       971 2.06414E-08-5.84212E-09-5.82596E-09-9.12680E-07 1.21368E-10-3.05481E-09
 -1       972-1.72397E-08 4.81701E-09 4.98697E-09-9.12766E-07 1.33485E-10-2.85342E-09
 -1       973-2.07492E-10 1.06358E-10-2.61289E-11-8.04772E-07-5.79229E-11-4.13904E-09
 -1       974 5.25152E-06-1.47055E-06-1.47027E-06-5.35745E-07-2.72485E-13-5.05194E-09
 -1       975 1.63099E-08-4.68386E-09-4.60440E-09-9.12862E-07-5.45738E-11-2.76606E-09
 -1       976-1.31948E-08 3.87909E-09 3.80138E-09-9.12940E-07 2.46864E-11-2.43491E-09
 -1       977-2.26226E-10-2.20324E-11 1.46652E-10-8.05025E-07-6.26333E-11-3.84894E-09
 -1       978 4.66882E-06-1.30716E-06-1.30736E-06-5.35862E-07-2.52452E-10-4.35609E-09
 -1       979 1.32425E-08-3.95823E-09-3.87244E-09-9.12765E-07-1.15371E-10-2.62620E-09
 -1       980-9.68301E-09 2.86060E-09 2.69204E-09-9.12510E-07 2.49803E-11-2.25497E-09
 -1       981 1.43076E-11-4.03189E-11-1.62836E-10-8.04889E-07 7.64786E-11-3.34133E-09
 -1       982 4.08579E-06-1.14382E-06-1.14400E-06-5.35402E-07 2.21702E-10-3.62896E-09
 -1       983 1.03757E-08-2.83760E-09-2.99947E-09-9.12587E-07-3.36677E-11-2.08153E-09
 -1       984-7.56765E-09 2.33971E-09 2.21753E-09-9.12520E-07 7.47825E-11-2.06499E-09
 -1       985 3.24814E-10 1.76629E-10 7.54926E-11-8.04624E-07 1.62578E-10-2.78942E-09
 -1       986 3.50144E-06-9.80465E-07-9.80145E-07-5.35571E-07 2.80181E-11-3.18185E-09
 -1       987 7.26807E-09-2.01492E-09-1.85604E-09-9.12604E-07 4.33546E-12-1.94430E-09
 -1       988-4.43375E-09 1.12446E-09 1.22183E-09-9.12770E-07-1.37043E-10-1.56986E-09
 -1       989 9.68602E-11-8.29092E-11 1.69428E-10-8.04893E-07-6.45161E-11-2.34022E-09
 -1       990 2.91862E-06-8.16829E-07-8.17321E-07-5.35404E-07 6.88202E-11-2.75144E-09
 -1       991 5.52558E-09-1.76010E-09-1.47613E-09-9.12764E-07 2.13177E-10-1.52575E-09
 -1       992-3.28875E-09 1.39982E-09 7.58979E-10-9.12565E-07 9.70385E-11-1.33356E-09
 -1       993-7.64003E-11-6.56517E-11-1.79077E-10-8.04523E-07-6.96172E-11-1.99650E-09
 -1       994 2.33412E-06-6.53709E-07-6.53643E-07-5.35331E-07-1.48060E-10-2.10120E-09
 -1       995 2.62486E-09-7.41902E-10-8.34349E-10-9.12722E-07 2.49461E-11-1.15826E-09
 -1       996-1.79643E-09 5.42041E-10 3.75940E-10-9.12402E-07-1.10210E-10-9.50385E-10
 -1       997-4.63280E-11 6.72988E-11-7.15785E-11-8.04668E-07-2.00172E-11-1.58226E-09
 -1       998 1.75071E-06-4.90076E-07-4.90197E-07-5.35581E-07 1.22198E-10-1.64477E-09
 -1       999 1.50718E-09-4.97182E-10-4.18458E-10-9.12380E-07 1.91909E-10-9.03360E-10
 -1      1000-7.00515E-10 3.24614E-10-9.99504E-11-9.13314E-07 7.34043E-11-5.43906E-10
 -1      1001-2.20625E-10 5.08869E-11 2.73826E-12-8.04306E-07-3.84002E-11-9.54505E-10
 -1      1002 1.16594E-06-3.27001E-07-3.27561E-07-5.34954E-07 6.53725E-11-9.95698E-10
 -1      1003 5.39303E-10-2.53993E-10-8.56385E-11-9.13275E-07-4.64425E-11-4.87997E-10
 -1      1004-2.24220E-10 3.28650E-10-5.41877E-11-9.57109E-07-1.95757E-09-1.84511E-10
 -1      1005-1.94919E-10 1.98404E-10-5.87567E-11-8.06904E-07-8.68593E-11-5.25372E-10
 -1      1006 5.57358E-07-1.69534E-07-1.62873E-07-5.28446E-07-5.09718E-11-4.32628E-10
 -1      1007 1.61636E-11 1.13006E-12-1.43077E-10-9.56903E-07 1.89163E-09-4.26878E-11
 -1      1008 1.09471E-10 1.71277E-11 3.56734E-11-8.18295E-07-2.68956E-11-2.20401E-10
 -1      1009-2.02940E-05 5.36550E-06 4.84339E-06-1.21102E-07 2.18107E-09-1.64894E-08
 -1      1010-1.87383E-05 5.21765E-06 5.33887E-06-6.31198E-07 6.17087E-10-8.76378E-09
 -1      1011-1.80988E-05 5.07704E-06 5.04797E-06-5.12128E-07 1.18780E-10-8.69342E-09
 -1      1012-1.75031E-05 4.89893E-06 4.90481E-06-5.40898E-07 8.09668E-11-8.79597E-09
 -1      1013-1.69248E-05 4.73924E-06 4.73829E-06-5.34206E-07-6.59699E-12-8.52093E-09
 -1      1014-1.63392E-05 4.57499E-06 4.57507E-06-5.35860E-07 5.98590E-12-8.50928E-09
 -1      1015-1.57563E-05 4.41177E-06 4.41168E-06-5.35419E-07 2.39789E-11-8.34527E-09
 -1      1016-1.51726E-05 4.24835E-06 4.24841E-06-5.35556E-07-1.76866E-11-8.35522E-09
 -1      1017-1.45891E-05 4.08495E-06 4.08495E-06-5.35515E-07-7.52727E-11-8.62457E-09
 -1      1018-1.40055E-05 3.92157E-06 3.92153E-06-5.35629E-07 2.34441E-11-8.60507E-09
 -1      1019-1.34224E-05 3.75821E-06 3.75822E-06-5.35697E-07 3.19489E-12-8.33786E-09
 -1      1020-1.28390E-05 3.59484E-06 3.59490E-06-5.35598E-07 2.21935E-11-8.29729E-09
 -1      1021-1.22545E-05 3.43138E-06 3.43111E-06-5.35420E-07 9.12901E-11-8.18457E-09
 -1      1022-1.16715E-05 3.26795E-06 3.26815E-06-5.35420E-07-2.90961E-11-7.99653E-09
 -1      1023-1.10876E-05 3.10456E-06 3.10473E-06-5.35561E-07-5.53087E-11-7.95633E-09
 -1      1024-1.05042E-05 2.94126E-06 2.94117E-06-5.35623E-07 9.79141E-13-7.89637E-09
 -1      1025-9.92109E-06 2.77802E-06 2.77789E-06-5.35781E-07 4.21159E-11-7.67136E-09
 -1      1026-9.33730E-06 2.61444E-06 2.61434E-06-5.35747E-07 8.69764E-11-7.32845E-09
 -1      1027-8.75400E-06 2.45097E-06 2.45113E-06-5.35586E-07 1.24519E-10-7.03716E-09
 -1      1028-8.17003E-06 2.28756E-06 2.28752E-06-5.35511E-07-8.95381E-11-6.75139E-09
 -1      1029-7.58647E-06 2.12413E-06 2.12420E-06-5.35363E-07 1.12873E-11-6.56897E-09
 -1      1030-7.00283E-06 1.96080E-06 1.96076E-06-5.35487E-07 2.15600E-11-6.35569E-09
 -1      1031-6.41948E-06 1.79764E-06 1.79749E-06-5.35646E-07-4.23398E-11-5.59105E-09
 -1      1032-5.83563E-06 1.63417E-06 1.63394E-06-5.35766E-07 3.57435E-11-5.24616E-09
 -1      1033-5.25303E-06 1.47065E-06 1.47094E-06-5.35725E-07-5.49543E-11-4.81265E-09
 -1      1034-4.66868E-06 1.30728E-06 1.30733E-06-5.35751E-07 2.26214E-11-4.45644E-09
 -1      1035-4.08495E-06 1.14394E-06 1.14375E-06-5.35758E-07 2.17057E-10-3.78414E-09
 -1      1036-3.50180E-06 9.80365E-07 9.80594E-07-5.35406E-07-1.12115E-11-3.17615E-09
 -1      1037-2.91779E-06 8.16649E-07 8.17072E-07-5.35425E-07 3.53145E-11-3.00732E-09
 -1      1038-2.33478E-06 6.53799E-07 6.53533E-07-5.35409E-07-5.88306E-11-2.19606E-09
 -1      1039-1.75088E-06 4.90235E-07 4.90031E-07-5.35403E-07 1.08112E-10-1.59595E-09
 -1      1040-1.16641E-06 3.26906E-07 3.27772E-07-5.35072E-07-1.16909E-10-7.92343E-10
 -1      1041-5.56925E-07 1.69641E-07 1.62483E-07-5.28467E-07 2.02351E-11-3.29727E-10
 -3
    1PSTEP                         4           1           1          
  100CL  101 1.000000000        1041                     0    1           1
 -4  FORC        4    1
 -5  F1          1    2    1    0
 -5  F2          1    2    2    0
 -5  F3          1    2    3    0
 -5  ALL         1    2    0    0    1ALL
 -1         1 1.95382E+02 5.49621E+02-4.36229E+02
 -1         2-1.99376E+02 5.55610E+02 4.46821E+02
 -1         3-9.53213E-11 2.08426E+01-8.09109E-10
 -1         4 7.39489E-10 2.08426E+01-1.56241E-09
 -1         5 5.48524E-10 2.08426E+01 1.36599E-09
 -1         6-3.13123E-10 2.08426E+01-5.30334E-10
 -1         7-1.95343E+02 5.49620E+02-4.36245E+02
 -1         8 1.99359E+02 5.55597E+02 4.46850E+02
 -1         9-5.24774E+00 4.47988E+02 1.10847E+01
 -1        10-3.93163E+03-9.70158E+02-9.59957E+02
 -1        11 4.01655E+03-9.67267E+02 9.73926E+02
 -1        12 7.22192E-12-5.25466E-12-1.59841E-11
 -1        13 1.42090E-02-2.16888E-02 3.60912E-02
 -1        14-3.15061E-02 5.51202E-03-7.00898E-03
 -1        15-3.77148E-02 9.22559E-03-9.15531E-04
 -1        16 5.59777E-02-1.82184E-02 1.42712E-02
 -1        17-4.58446E-03 1.20180E-02-6.13922E-03
 -1        18 4.04103E-02-1.20697E-02-2.57185E-02
 -1        19 4.45994E-02-1.05244E-02-8.95122E-03
 -1        20-4.23262E-02 5.40610E-03 2.68902E-02
 -1        21-2.44680E-02 1.29807E-02-7.41077E-03
 -1        22 8.21741E-03-6.32656E-03-2.09289E-02
 -1        23 4.37008E-03 1.58623E-03 4.83164E-03
 -1        24-1.51469E-02-4.77067E-03 2.45344E-02
 -1        25 1.52787E-02 5.42476E-03-1.03797E-03
 -1        26-2.33173E-02 3.09454E-02-1.22472E-02
 -1        27 2.28341E-02-2.15490E-02-3.04217E-03
 -1        28 7.21812E-03-4.40285E-02 2.40157E-02
 -1        29-6.53618E-02 5.40892E-02 1.03344E-02
 -1        30-2.02042E-02 4.46366E-02-2.37395E-02
 -1        31-9.58904E-03-3.72170E-02 1.20977E-02
 -1        32 2.34727E-02 1.15523E-03 7.68652E-03
 -1        33 2.33915E-02-1.10744E-02 1.63484E-02
 -1        34 1.95456E-02-2.38229E-02 1.57470E-02
 -1        35-4.99343E-02 1.25986E-02 4.60787E-02
 -1        36-7.99791E-03 3.03493E-02-2.33992E-02
 -1        37-4.14527E-02 9.70297E-03-1.71013E-02
 -1        38 3.84568E-02-7.58884E-03-5.24431E-02
 -1        39 5.93511E-03 1.33263E-02 5.84615E-03
 -1        40-3.93907E-02 2.47144E-02 7.24368E-02
 -1        41 3.51026E-02 1.16023E-02-4.48211E-02
 -1        42-2.52911E-02-1.33070E-02 3.76552E-02
 -1        43 3.65495E-02-3.28671E-02 7.02440E-02
 -1        44-1.32792E-02 3.97193E-02 4.98886E-02
 -1        45-3.91987E-03-1.79312E-02 4.72653E-02
 -1        46 1.30739E-01-1.69343E-02-9.04308E-02
 -1        47 3.29026E-02 2.97735E-02-4.74484E-03
 -1        48-1.21955E-02 3.48195E-04 6.33995E-02
 -1        49-1.61701E-01 3.59906E-02-3.26663E-02
 -1        50 2.94275E-02-1.23401E-02-6.62879E-03
 -1        51-4.83265E-02-1.74451E-02 1.32329E-02
 -1        52-9.26573E-02-8.70991E-03 1.36807E-02
 -1        53 5.37138E-02 2.28912E-02-2.26340E-02
 -1        54 4.10226E-02-1.02435E-03 1.15846E-02
 -1        55 6.90259E-02-1.17976E-02-4.59435E-03
 -1        56-5.40988E-02-1.80212E-03 1.01325E-02
 -1        57 6.82197E-02-3.35894E-03-1.97097E-02
 -1        58-9.45298E-02 3.07557E-02-6.22044E-03
 -1        59-8.14094E-03-1.68002E-02 2.93232E-02
 -1        60 1.27963E-01-4.08761E-02-4.67676E-02
 -1        61 2.81637E-03 3.33390E-02-2.30711E-02
 -1        62 1.17595E-01-1.13782E-02-3.72118E-04
 -1        63-5.69686E-02-8.53873E-03 4.41062E-02
 -1        64 1.37539E-02 4.68608E-02-1.83026E-02
 -1        65-5.81196E-02-2.41740E-02 3.90727E-03
 -1        66-9.93395E-03 1.03013E-02-4.67938E-02
 -1        67 3.12679E-02-6.52812E-03-3.56201E-02
 -1        68 9.44043E-02 1.36416E-02-3.46996E-02
 -1        69 5.39320E-02-3.20536E-03 1.31944E-02
 -1        70 8.68061E-02-3.11937E-02 6.07170E-02
 -1        71-3.00922E-02 8.30567E-03-7.17977E-03
 -1        72-4.28427E-02 1.64135E-02-1.89051E-03
 -1        73 7.19921E-02-5.40180E-03-5.74248E-02
 -1        74-1.35711E-01 3.59131E-03-5.11560E-03
 -1        75 3.43629E-02-4.21661E-03-6.05550E-04
 -1        76-8.95002E-02-2.65431E-03-4.59881E-02
 -1        77-3.00932E-02-5.37898E-05-2.31945E-02
 -1        78-1.72844E-02 5.51936E-03-3.29354E-02
 -1        79-2.42276E-03 4.16873E+01 7.88079E-03
 -1        80 1.82924E-02-8.33593E+01 2.55693E-02
 -1        81-2.72072E-03-8.33391E+01-2.77386E-02
 -1        82-8.24674E-12 1.13775E-11 9.56332E-13
 -1        83-3.88025E-02-3.02400E-02-3.77704E-03
 -1        84 2.92870E-02 2.26829E-02 3.49442E-03
 -1        85 9.02116E-03 1.43030E-02 4.88734E-03
 -1        86-6.07400E-02-3.30787E-02 1.69853E-02
 -1        87-4.19309E-03-1.69433E-03-2.51346E-03
 -1        88-5.82000E-03-1.71281E-02-5.85066E-03
 -1        89 2.01358E-02 7.98073E-03-4.80350E-03
 -1        90-1.15329E-03 8.77063E-03 1.00586E-02
 -1        91-1.55255E-02-1.45936E-02-1.81578E-03
 -1        92-5.88467E-03 1.72238E-02 1.29891E-02
 -1        93 4.33636E-02 5.44367E-04-2.13277E-02
 -1        94-1.17447E-03-8.39807E-03 2.69347E-04
 -1        95-1.59311E-02-1.52059E-02-1.72764E-02
 -1        96 3.86297E-03 2.07672E-02 1.37427E-02
 -1        97-2.90988E-02-1.64639E-02 8.26914E-03
 -1        98 4.68318E-03 7.10921E-03-2.73513E-03
 -1        99 1.06535E-02 8.84190E-03 3.66487E-02
 -1       100 2.83195E-02 2.78373E-02 9.32944E-03
 -1       101-1.53583E-02 8.80108E-03-1.02049E-02
 -1       102 8.27987E-02 5.20390E-03-3.58029E-02
 -1       103-4.20690E-02-1.13626E-02-2.77078E-03
 -1       104-2.87595E-03-1.64883E-02-1.67845E-02
 -1       105-3.29701E-02-1.40118E-02 3.40960E-02
 -1       106-1.15053E-02 1.96468E-03 2.61822E-02
 -1       107 6.40104E-02 5.89835E-03-1.00485E-02
 -1       108 5.93024E-02 6.38049E-02 3.22260E-03
 -1       109 5.08460E-03 4.29940E-02 9.66848E-03
 -1       110-4.29035E-02 5.55893E-04 6.49687E-02
 -1       111-4.21206E-03-5.18706E-02-2.87928E-02
 -1       112-1.06568E-01-2.69804E-03 3.20002E-03
 -1       113-4.12649E-02 6.32534E-03-4.09702E-02
 -1       114-3.21358E-02-3.10254E-02-1.13246E-02
 -1       115-6.52762E-02-1.54914E-02-7.06050E-03
 -1       116 1.23645E-01 3.51449E-02 7.93571E-03
 -1       117-1.12550E-02-9.23343E-03-3.15086E-02
 -1       118-1.31349E-02-2.96566E-02-2.50778E-02
 -1       119 1.35624E-01 3.19253E-02 1.71910E-02
 -1       120-4.29482E-02-1.41773E-02 1.45022E-02
 -1       121 3.29561E-02 2.63765E-02 3.46947E-03
 -1       122-4.93618E-02 8.45850E-03 1.57149E-02
 -1       123 1.75924E-02-3.03467E-02-4.15195E-02
 -1       124 7.84753E-03 1.92480E-02 2.06015E-02
 -1       125-1.54575E-02-2.89029E-02-7.23691E-04
 -1       126-4.55957E-02 3.46028E-02 1.37680E-02
 -1       127-3.57474E-02-1.31557E-02-3.99234E-03
 -1       128 3.93226E-02 2.29705E-02 2.88698E-02
 -1       129 4.71659E-02-1.66716E-02-4.45057E-02
 -1       130 3.87662E-02 8.44508E-03 7.33064E-03
 -1       131-4.82018E-02-3.72070E-02-4.04197E-04
 -1       132 3.82264E-03-3.49043E-03-4.48716E-02
 -1       133-1.18149E-01-6.04499E-03 1.32077E-02
 -1       134 9.37182E-02-3.48991E-03-1.04715E-02
 -1       135-2.01697E-01 1.91592E-02 3.11245E-02
 -1       136 1.71718E-01 4.23179E-02 2.56360E-03
 -1       137-9.62612E-02-6.07026E-03 4.24447E-02
 -1       138 1.06172E-01 4.15088E-03-2.16393E-02
 -1       139-2.46349E-02-3.50333E-02-2.48505E-02
 -1       140-1.24222E-01-2.36226E-02-3.81252E-02
 -1       141-5.50183E-02-3.68442E-02-1.82152E-02
 -1       142-1.47868E-01-8.34714E-02 2.75169E-02
 -1       143 2.86945E-01 2.87160E-02-8.49926E-02
 -1       144-1.77127E-01-3.52197E-02 1.06306E-02
 -1       145 3.07365E-01 5.55133E-02-1.80525E-02
 -1       146-5.07493E-02 2.66148E-04-2.64760E-02
 -1       147 8.41295E-02-1.20542E-02 4.63064E-03
 -1       148-1.89490E-02 6.44420E-02 1.11050E-02
 -1       149 4.96206E-03 4.16700E+01-1.76993E-02
 -1       150-4.32905E-02-8.32859E+01 6.89187E-02
 -1       151-9.19197E-03-8.33908E+01 3.49767E-02
 -1       152-1.00699E-02 4.16986E+01-1.76307E-02
 -1       153-8.06583E-03-8.33587E+01 1.15907E-03
 -1       154 5.33132E-02-8.33302E+01-1.95101E-02
 -1       155-2.87377E-02 4.16568E+01 2.12801E-02
 -1       156 2.54514E-02-8.33046E+01-8.38642E-02
 -1       157-3.10184E-02-8.33384E+01 7.49844E-03
 -1       158-2.41077E-02 3.16501E-02-2.37380E-02
 -1       159-9.47344E-03 3.48013E-02 2.74469E-02
 -1       160 6.01641E-02 9.79541E-02 4.46632E-04
 -1       161 6.08191E-03 2.83203E-02 6.12250E-02
 -1       162 6.25387E-02 9.81336E-03-2.20440E-02
 -1       163-3.46421E-02-4.68855E-02 2.33922E-02
 -1       164 7.58957E-02 5.72047E-03-1.85741E-02
 -1       165-6.50826E-02 4.66656E-03 2.40950E-03
 -1       166-4.80171E-02-1.75759E-03 7.34683E-05
 -1       167-1.91313E-02-6.22943E-03 3.68001E-03
 -1       168-9.91323E-02-3.83002E-02 6.42876E-02
 -1       169 6.10211E-02 2.22780E-02-5.00628E-03
 -1       170-3.71859E-02 2.10471E-02 1.52401E-02
 -1       171 1.55315E-02 4.55401E-02 7.36114E-03
 -1       172 5.94897E-02-1.12629E-02-4.27644E-02
 -1       173 1.57293E-02 8.58146E-03-2.74868E-04
 -1       174-2.36065E-02-2.71086E-02 8.17229E-03
 -1       175 6.87370E-03-9.26062E-03-1.16959E-02
 -1       176-5.33831E-02-2.65236E-02-4.24218E-03
 -1       177-3.33332E-02 5.20634E-04 2.66378E-02
 -1       178 1.69409E-02 9.61411E-03 1.88863E-02
 -1       179-2.97059E-03-1.57379E-02 2.27738E-03
 -1       180 6.73066E-02 2.08521E-02-4.58805E-02
 -1       181-2.06002E-02 8.71426E-03 2.44672E-02
 -1       182-4.89108E-02-2.65706E-03 2.28583E-02
 -1       183 1.80534E-02-1.93109E-02-3.64192E-02
 -1       184-2.11414E-02-6.39494E-03 5.97650E-03
 -1       185 1.75393E-02 7.77659E-03 1.34979E-02
 -1       186 1.13585E-02 9.80417E-03 4.33069E-03
 -1       187-3.74582E-02-9.14282E-03-8.17106E-03
 -1       188 5.44425E-03-7.85980E-03 1.46048E-02
 -1       189-2.05384E-02 3.68409E-03 1.15921E-02
 -1       190-3.59556E-02-1.17054E-02-1.12216E-03
 -1       191-3.05300E-02-1.75001E-02-4.34755E-02
 -1       192 8.96654E-02-1.88584E-02 9.52512E-03
 -1       193-1.61304E-01-5.91327E-02 8.11063E-03
 -1       194 6.96508E-02-5.04036E-03-5.72959E-04
 -1       195-1.57949E-01-3.00460E-02-1.75065E-02
 -1       196 1.46131E-01-9.21859E-03-2.42460E-02
 -1       197-1.65636E-01-3.24503E-02-2.13241E-03
 -1       198 4.81981E-02-5.45688E-02 7.02272E-03
 -1       199 1.56554E-01 1.44548E-03-3.14814E-02
 -1       200-1.16046E-01 1.46337E-03 4.17508E-02
 -1       201 2.85045E-01 2.92690E-02-4.27602E-02
 -1       202-1.40246E-01-3.54272E-02-3.08568E-02
 -1       203 1.40833E-01 2.14952E-02 1.31118E-02
 -1       204 1.88112E-02-6.02154E-02-5.81772E-02
 -1       205-7.76114E-02 6.54875E-02 3.31303E-02
 -1       206-5.74693E-02-8.24548E-03 9.48194E-03
 -1       207 1.84765E-02 2.87908E-03 2.30025E-03
 -1       208 9.92833E-02 1.96141E-02-5.37579E-02
 -1       209 6.75144E-02 1.74801E-02 2.48466E-02
 -1       210-7.78143E-03-2.87027E-02 1.76404E-02
 -1       211-1.04745E-01-3.50632E-02 3.78381E-03
 -1       212 4.48052E-02 1.91995E-02-1.68278E-02
 -1       213-5.35873E-02 9.21546E-03-9.59369E-03
 -1       214-3.19125E-03-1.30361E-02 9.46762E-04
 -1       215 1.73997E-01 6.46906E-03-3.19352E-02
 -1       216-3.53328E-02 3.84625E-02 4.30599E-02
 -1       217-6.30197E-02-3.30891E-02 2.90143E-02
 -1       218 4.29020E-02 1.10960E-02-4.87624E-02
 -1       219-5.79303E-03-1.13393E-06-1.32381E-02
 -1       220 2.92515E-02-1.42612E-02 3.74536E-02
 -1       221 8.70961E-02 2.62558E-02-4.81841E-02
 -1       222 6.13798E-02-1.03638E-02-1.90642E-02
 -1       223-1.61534E-02-7.18365E-04 5.38078E-02
 -1       224-4.37809E-02 4.96639E-03-9.25280E-03
 -1       225 5.21212E+00 4.47978E+02 1.11151E+01
 -1       226-4.01654E+03-9.67223E+02 9.73897E+02
 -1       227 3.93162E+03-9.70173E+02-9.59958E+02
 -1       228-6.11278E-03-1.00916E-02-2.89295E-03
 -1       229 3.08277E-02-1.11261E-02 1.78836E-03
 -1       230-1.76626E-02-2.79779E-02-4.26995E-02
 -1       231-2.13385E-02 3.55476E-02 6.69639E-02
 -1       232 5.64454E-03 3.06686E-03-1.75526E-02
 -1       233-4.20456E-02-2.88084E-02 2.36846E-02
 -1       234 6.61541E-03-6.45941E-02 7.43065E-03
 -1       235 1.86288E-02-7.87015E-04 1.10805E-02
 -1       236 5.79260E-02-3.12388E-03-3.61391E-02
 -1       237 1.71796E-03 2.50459E-02 1.11751E-02
 -1       238-5.34958E-02 1.54094E-02 4.73095E-02
 -1       239 4.59417E-02-2.39905E-02-3.10015E-03
 -1       240-5.35954E-02-6.66128E-03 3.39243E-02
 -1       241 4.74345E-02 7.50803E-04-4.69929E-02
 -1       242-4.91130E-02 5.72099E-02 1.24823E-02
 -1       243 1.05480E-02-4.74020E-03 2.30601E-02
 -1       244 4.98697E-02-4.85593E-02 1.26507E-02
 -1       245 5.72637E-03-1.04593E-02 1.29693E-02
 -1       246 3.37567E-02-6.56618E-03-1.71936E-02
 -1       247-1.88355E-02 1.60272E-02-1.28402E-02
 -1       248-2.70668E-02 6.35036E-04 9.33733E-03
 -1       249 1.03476E-02-4.06204E-03 6.92964E-04
 -1       250 6.89096E-03 1.42309E-02 8.01723E-03
 -1       251 3.32064E-02-8.77219E-03-1.52115E-02
 -1       252 3.65750E-02-1.33721E-02-2.12344E-02
 -1       253-6.56707E-02 6.59943E-03 3.34203E-02
 -1       254 2.99807E-03 2.40246E-03 5.95733E-03
 -1       255-1.13578E-04 1.46542E-03 2.99684E-03
 -1       256 9.50993E-03-1.98939E-03-1.83827E-02
 -1       257-4.72074E-03-1.59641E-02 1.78210E-02
 -1       258-1.25784E-02 1.33165E-02-4.62226E-03
 -1       259 3.01273E-02 2.10511E-02-2.96156E-02
 -1       260 1.59588E-02-3.21505E-02 2.70086E-02
 -1       261 4.86067E-02-8.79814E-03-1.21186E-02
 -1       262 2.64592E-02-2.49643E-02-2.00378E-02
 -1       263-5.25324E-02 1.21071E-02 3.24184E-02
 -1       264 2.04134E-01-4.00818E-02-1.17928E-01
 -1       265-3.49467E-02-4.73683E-03-1.46669E-02
 -1       266 1.55495E-01-1.79943E-02 2.72573E-02
 -1       267-4.64399E-02 2.90859E-02-5.41829E-04
 -1       268-1.15703E-01 3.89855E-02-1.11774E-02
 -1       269-3.98675E-02 8.80049E-03-1.40783E-02
 -1       270-8.79002E-02-1.37624E-02 4.23524E-02
 -1       271 1.27037E-01 1.52935E-02-4.93251E-02
 -1       272-1.15895E-01 2.47911E-02-1.14219E-02
 -1       273 1.62764E-01-2.57357E-02-2.48199E-02
 -1       274-1.12761E-01-4.27294E-03 3.82900E-02
 -1       275 3.64606E-02 8.21330E-03-9.67287E-03
 -1       276 3.45479E-04 6.98533E-03-4.63511E-02
 -1       277-2.22998E-02 5.21878E-03-3.76839E-02
 -1       278-6.09214E-02 1.64414E-04 2.55179E-02
 -1       279-1.21123E-01 3.14136E-02-5.31248E-04
 -1       280 3.18213E-02-6.04762E-03 9.49674E-03
 -1       281 8.21105E-02-2.72575E-02 1.38912E-02
 -1       282 2.09569E-04 1.10077E-02-1.70981E-02
 -1       283-1.29271E-01 1.45078E-02 2.09102E-02
 -1       284 8.64337E-03-2.25035E-02-2.09798E-02
 -1       285-6.21280E-02-6.67029E-03 6.62484E-03
 -1       286 1.18667E-01 2.29148E-02-8.09550E-03
 -1       287 2.19973E-02-1.47799E-02-4.58109E-03
 -1       288-2.17848E-02 1.85931E-02-1.15000E-02
 -1       289-4.11389E-02 2.06427E-03 1.97493E-02
 -1       290 2.84345E-02-2.13271E-03-7.94351E-03
 -1       291 1.78658E-02 6.41971E-03-3.42990E-03
 -1       292-3.64183E-02-6.51827E-02 4.25144E-02
 -1       293-3.68019E-02 6.89599E-02-6.99634E-02
 -1       294 6.12626E-02-2.10594E-03 1.92266E-02
 -1       295-7.14557E+02 1.12867E+03 4.76014E+00
 -1       296 5.14201E+03 7.76144E+02-1.25136E+02
 -1       297 5.20562E+03 7.91196E+02 1.05899E+02
 -1       298 7.14591E+02 1.12866E+03 4.79203E+00
 -1       299-5.20563E+03 7.91198E+02 1.05850E+02
 -1       300-5.14200E+03 7.76129E+02-1.25176E+02
 -1       301-1.65023E-02 1.77842E-03-1.13786E-03
 -1       302 1.11302E-02-8.51927E-02 2.15992E-02
 -1       303-4.25905E-02 4.06278E-02 1.58543E-02
 -1       304-2.61564E-02 3.50707E-02 2.83348E-03
 -1       305 6.72503E-02-5.69024E-02 3.47207E-03
 -1       306-1.10993E-02 2.21673E-02-1.38590E-02
 -1       307 5.75027E-02-3.39260E-02-3.92518E-02
 -1       308 5.68517E-02-4.76413E-03 1.36731E-02
 -1       309-7.79131E-02 2.23676E-02 3.92011E-02
 -1       310-5.11668E-03-1.68731E-02-3.57473E-02
 -1       311-2.32688E-02 7.33352E-03 9.30727E-04
 -1       312 1.67518E-02-7.75387E-03 9.69075E-05
 -1       313 2.57031E-02 2.08738E-02 1.66975E-02
 -1       314 1.82769E-02-4.98664E-03-1.52191E-02
 -1       315-2.35666E-02 2.70717E-02 5.02400E-03
 -1       316-1.55457E-02-1.86800E-02 3.53824E-03
 -1       317-7.85858E-02-2.81178E-02 2.64375E-02
 -1       318 5.75478E-02 4.77044E-02 1.54043E-02
 -1       319 4.84276E-02 4.72668E-02-9.91400E-04
 -1       320-8.71683E-02-5.25512E-02 4.96230E-02
 -1       321 7.96266E-02-7.05462E-03-4.75595E-02
 -1       322-3.98930E-02 2.73441E-02-4.28753E-03
 -1       323-2.80377E-02-1.98688E-03 5.82954E-03
 -1       324-3.53142E-02-2.13425E-02 7.08875E-02
 -1       325 2.06552E-02 3.52100E-03 1.09004E-02
 -1       326 1.27290E-02 3.61137E-02-1.74456E-02
 -1       327 8.93094E-02 9.76842E-02-3.18358E-02
 -1       328 9.22548E-02 5.31904E-02 2.26567E-02
 -1       329 1.62825E-02 4.64620E-02 1.11902E-01
 -1       330-6.35678E-02-5.87658E-03-6.64277E-02
 -1       331-1.31629E-01-1.32721E-02-2.00854E-02
 -1       332-5.37469E-02-1.00855E-01 7.79091E-02
 -1       333-1.01182E-01-9.05627E-03 3.53086E-02
 -1       334-2.56405E-02 2.67124E-02-3.32142E-03
 -1       335 2.15975E-02-5.00043E-02 2.57299E-02
 -1       336 8.32649E-03 2.51448E-02 7.89024E-03
 -1       337 1.47581E-01 8.76378E-02-7.11538E-02
 -1       338 3.86340E-03-7.69557E-02-2.65737E-02
 -1       339 8.23058E-02-4.11325E-02 4.69214E-03
 -1       340-1.43753E-02-1.68478E-02-2.52499E-03
 -1       341 1.52051E-02-9.62855E-02 3.26153E-02
 -1       342 2.86661E-02 8.31152E-02 2.95525E-02
 -1       343-2.09741E-01 6.53894E-02-8.81117E-03
 -1       344-1.02109E-02 1.50590E-02-7.21589E-03
 -1       345 5.89310E-04-1.25488E-02-1.18031E-03
 -1       346-9.39110E-03 4.05517E-03 1.20945E-02
 -1       347-2.53091E-02 1.62928E-02 7.83172E-03
 -1       348 3.65248E-03-2.33991E-02-3.36072E-02
 -1       349-1.97915E-01 3.88915E-02 1.65378E-02
 -1       350 1.46422E-02 4.74366E-03 1.45472E-02
 -1       351 2.46892E-01-5.08770E-02-5.34615E-02
 -1       352 9.90623E-03 4.77944E-02 4.10557E-02
 -1       353-3.16685E-02 2.94338E-02 1.82538E-02
 -1       354-2.12870E-02-3.20848E-02-5.75304E-03
 -1       355-1.13143E-02-1.25787E-03 5.69329E-02
 -1       356 1.86151E-02-3.52181E-02-2.32958E-02
 -1       357-1.73334E-02 2.09730E-02-1.87553E-02
 -1       358-1.27045E-02 3.95835E-03-1.16574E-02
 -1       359-3.72077E-03-4.07149E-02-3.58413E-02
 -1       360-3.32556E-02 4.01546E-02-6.74572E-03
 -1       361-1.11490E-01-1.19685E-02 2.11611E-02
 -1       362 3.07837E-02-2.82516E-02 6.79318E-03
 -1       363 1.31930E-01-3.37167E-02-4.95008E-02
 -1       364 4.72520E-02 1.13981E-02 3.04813E-02
 -1       365 4.26810E-02 1.50079E-02-4.69049E-03
 -1       366-4.19116E-02-1.39087E-02-8.33124E-03
 -1       367 9.64485E-02 4.69516E-02 3.40857E-02
 -1       368-6.57300E-03 9.58238E-04-2.15682E-02
 -1       369 4.88875E-02-3.97212E-03-6.43275E-02
 -1       370-3.57593E-02-2.03901E-02-1.97125E-02
 -1       371-2.87835E-01-3.33833E-02 6.55191E-03
 -1       372 2.18808E-02 7.27341E-03 5.40111E-02
 -1       373 2.15038E-01-3.01016E-02 1.14416E-02
 -1       374-2.11273E-02 3.22070E-03-5.29188E-03
 -1       375-1.85205E-01-1.23086E-02 6.59531E-03
 -1       376 3.74081E-02-2.86868E-02 2.03625E-02
 -1       377 1.24638E-01-4.92160E-02 1.62675E-02
 -1       378-1.16365E-02-4.42090E-02-3.42613E-02
 -1       379-3.88059E-03 5.95847E-03 2.80116E-02
 -1       380 2.55346E-02 1.62300E-02-8.91015E-03
 -1       381 1.14748E-01-4.04027E-02-6.21189E-02
 -1       382 2.70291E-02-7.64812E-03-1.04847E-02
 -1       383-1.40627E-02 3.38228E-02-4.16195E-02
 -1       384-5.03018E-02 2.37446E-02 3.08781E-03
 -1       385-1.22102E-01-4.23833E-02 1.31052E-02
 -1       386 1.37707E-02-3.02613E-02 7.79984E-03
 -1       387-1.17122E-01-9.84801E-02 4.83557E-02
 -1       388-3.87159E-02-5.97676E-02-4.94524E-02
 -1       389-1.13691E-01 3.10839E-02-1.71635E-02
 -1       390 2.37327E-02-2.93108E-02 3.02912E-02
 -1       391 1.02390E-01-1.86632E-02-1.54468E-01
 -1       392-5.62463E-02 8.82334E-02 7.55787E-03
 -1       393-9.22005E-02-1.23651E-01 5.85841E-02
 -1       394 9.22865E-02 5.61048E-02 8.28713E-02
 -1       395 3.29213E-01-1.08981E-01 3.96435E-02
 -1       396 4.05346E-02 6.18537E-02-3.32262E-02
 -1       397-2.85564E-02-7.59008E-04 1.08587E-02
 -1       398 7.79735E-03 3.32770E-02-1.45196E-02
 -1       399 9.92918E-02 5.38592E-02-5.06135E-02
 -1       400-3.82083E-02-1.52486E-03-5.55693E-02
 -1       401-5.07066E-02-1.14124E-02-3.74938E-02
 -1       402 2.44240E-02 3.02932E-03-2.64330E-02
 -1       403 1.64862E-02 2.69344E-02 3.25103E-02
 -1       404 4.17862E-02-4.30279E-02 4.17586E-02
 -1       405-1.74286E-02 5.30006E-03-3.01788E-02
 -1       406-1.33403E-02 5.59077E-03-1.45303E-02
 -1       407-1.73832E-03 3.55833E-02-2.80498E-03
 -1       408-1.80218E-03-7.16453E-03 1.24545E-03
 -1       409 1.63563E-02-3.56278E-02 1.72185E-02
 -1       410-3.59227E-03 9.06603E-03-1.47308E-02
 -1       411 6.43716E-04 4.23099E-02 3.90541E-03
 -1       412-3.28318E-02 2.44941E-02-2.11206E-02
 -1       413 2.78483E-02-4.80171E-02 2.68040E-02
 -1       414-3.92997E-03-6.36418E-02 2.22686E-02
 -1       415-2.61748E-02-2.66805E-02-1.21919E-02
 -1       416 2.48825E-02 8.30950E-02-3.41335E-02
 -1       417-2.13769E-02 4.58751E-02-1.26979E-02
 -1       418 3.83457E-02-1.20878E-01 6.46282E-02
 -1       419 1.01065E-02-3.35374E-02 2.33317E-03
 -1       420-5.29184E-03 2.72485E-02 1.90965E-02
 -1       421 1.33910E-02-5.56149E-02 7.69484E-03
 -1       422-3.71803E-02 4.92625E-02-2.46327E-02
 -1       423 4.08974E-03 3.07257E-02-4.20673E-03
 -1       424-1.43879E-02-7.07892E-03-3.19670E-03
 -1       425-1.90763E-02 1.49586E-03 2.78977E-02
 -1       426 2.11798E-02-9.95051E-02 2.58340E-02
 -1       427 1.22980E-02-8.39140E-02 2.15885E-02
 -1       428 1.33144E-02-1.05500E-01 1.66788E-02
 -1       429 2.66165E-02-6.30677E-02-1.71566E-02
 -1       430 8.25189E-03-5.63729E-02 3.01765E-02
 -1       431-1.68099E-02-7.09920E-03 5.72686E-02
 -1       432-1.22631E-03 1.02526E-01-4.74242E-02
 -1       433 5.83765E-04-2.67987E-02 2.95754E-02
 -1       434-9.36816E-02 8.33174E+01-6.22330E-02
 -1       435 3.14942E-04-1.66714E+02 6.62887E-02
 -1       436 1.13584E-01-1.66693E+02-8.05895E-02
 -1       437 2.63249E-02-1.66664E+02-1.17644E-02
 -1       438 1.28463E-01-1.66699E+02-2.63586E-02
 -1       439-5.65541E-03 1.37185E-02-4.78003E-02
 -1       440-2.18999E-02 2.25118E-03 1.40529E-04
 -1       441 1.78276E-02 5.93071E-02-4.51145E-02
 -1       442-4.49585E-02 8.92654E-02 1.32943E-01
 -1       443 4.86187E-02 7.03363E-02 1.70307E-02
 -1       444-2.00269E-02-8.39635E-02-2.89501E-03
 -1       445 2.66615E-02-7.68847E-02-5.18240E-02
 -1       446-1.24147E-02-7.17548E-03-1.39956E-02
 -1       447 8.68773E-02 4.21116E-02-1.39807E-02
 -1       448-1.64681E-02 5.23337E-02 3.83668E-02
 -1       449-1.15723E-01-3.21436E-02 1.18956E-01
 -1       450-4.54259E-04-4.29676E-02 2.02597E-02
 -1       451-8.70725E-02 1.39855E-02 5.35871E-02
 -1       452 3.63513E-02 8.34303E-02-2.42067E-02
 -1       453 9.65206E-02 3.75180E-02-7.43687E-02
 -1       454 6.58152E-02-1.46566E-02-1.99354E-02
 -1       455-2.25061E-02-5.95234E-02 4.78663E-02
 -1       456-2.11296E-02-2.48548E-02 3.74367E-02
 -1       457 1.11302E-02-4.46510E-03-2.58760E-02
 -1       458-1.11145E-03 1.23660E-02-2.04160E-02
 -1       459-3.81729E-02-2.15078E-02 2.93729E-02
 -1       460 7.93031E-03 1.03317E-02 1.71994E-02
 -1       461 4.39724E-02 1.94134E-02-2.22098E-02
 -1       462 3.10394E-02 1.53080E-03 7.83750E-03
 -1       463 1.47534E-03-1.36506E-02-1.28007E-03
 -1       464-3.59172E-02-2.21448E-02-1.29982E-02
 -1       465-4.62678E-02-3.50874E-03 7.14779E-03
 -1       466 3.69713E-03 1.85579E-02 2.50167E-02
 -1       467 3.56094E-02 2.48774E-03-1.20461E-02
 -1       468-4.27149E-02-3.01692E-02 1.60943E-04
 -1       469 5.90568E-03 3.07352E-02 8.11194E-03
 -1       470 4.85514E-02 8.80300E-03-2.56500E-02
 -1       471-2.36180E-02-3.96373E-02 1.83190E-02
 -1       472 9.56929E-03 7.75264E-04 4.43989E-03
 -1       473-6.14735E-02 5.54273E-02 1.90545E-03
 -1       474 4.41108E-02-9.50951E-04 1.43605E-02
 -1       475 8.09760E-02 6.49841E-02 3.35768E-03
 -1       476-5.52918E-02-2.45351E-02 4.76871E-02
 -1       477-8.02578E-02 6.24454E-02 2.95100E-02
 -1       478 2.38653E-02-7.23477E-03-5.43483E-02
 -1       479 1.96298E-01 2.74922E-03-6.49596E-03
 -1       480 1.96671E-02-2.42142E-02 5.44966E-02
 -1       481 2.20562E-02-2.08227E-02-1.64942E-02
 -1       482 3.42409E-02-1.07802E-02 5.70263E-02
 -1       483 1.06897E-01 3.46066E-02-1.48248E-02
 -1       484 4.31982E-02-2.71141E-02 7.92116E-02
 -1       485-9.73720E-02 5.13547E-02 7.84812E-02
 -1       486 2.74911E-03-5.65671E-02-6.08225E-03
 -1       487-9.31433E-02-1.92479E-03-1.46651E-02
 -1       488-3.56443E-02-1.14433E-02-1.75230E-03
 -1       489-2.29262E-02-7.94891E-02-3.42463E-02
 -1       490 1.72236E-03 4.52597E-02-5.05049E-02
 -1       491-1.05541E-01-3.45266E-03-2.31751E-02
 -1       492 2.90080E-02 3.84819E-04-1.12799E-02
 -1       493 2.41578E-01 3.92898E-02-8.43744E-02
 -1       494-3.47025E-02-3.91739E-02-1.84919E-02
 -1       495-4.14398E-02 3.95097E-02 6.02838E-03
 -1       496 9.76000E-03 5.14652E-02 4.51535E-03
 -1       497 1.61032E-01 1.02121E-03 8.08845E-03
 -1       498 3.47819E-02 2.33268E-02-6.55316E-04
 -1       499-1.39956E-02-2.87605E-02 6.00051E-02
 -1       500 4.42427E-02-8.22091E-02-6.54730E-04
 -1       501-3.92068E-02-4.95217E-03-4.45125E-03
 -1       502-3.05712E-02 6.62910E-03 2.17874E-03
 -1       503-8.50757E-02 1.49894E-02-3.79036E-02
 -1       504-5.49520E-02 3.81873E-02 1.44567E-02
 -1       505-9.62344E-02 1.04426E-02-2.76014E-03
 -1       506 1.16398E-02 3.45982E-02-2.14850E-02
 -1       507 5.42579E-02 1.32366E-02-2.60283E-02
 -1       508 3.16790E-02 3.67339E-02-2.07652E-02
 -1       509 3.53617E-02 3.65805E-02-2.75807E-02
 -1       510-1.36629E-02-1.07092E-02 5.67676E-03
 -1       511-8.84059E-02-4.34535E-03 3.56583E-02
 -1       512 8.01615E-03-2.26255E-02 2.09569E-02
 -1       513 3.03920E-02 5.07061E-02 2.16369E-02
 -1       514 3.58096E-02-2.67019E-02 4.04649E-02
 -1       515 2.59259E-02-3.77716E-02-2.02933E-02
 -1       516-2.42749E-02-2.70077E-02-1.54749E-02
 -1       517-1.21795E-01-5.46122E-02 1.93894E-02
 -1       518-1.78489E-02 1.69608E-02-2.28439E-02
 -1       519-9.71291E-02 2.04245E-02-1.87600E-02
 -1       520-9.44766E-03 5.18531E-02-2.01381E-02
 -1       521 1.04594E-01 2.87576E-02-3.96926E-02
 -1       522-4.36947E-03-5.09997E-03 5.80455E-03
 -1       523 1.17669E-01-5.59822E-03 1.43765E-02
 -1       524 7.33989E-03-1.26916E-02 3.08483E-03
 -1       525-4.90283E-03 3.15688E-02 4.59516E-02
 -1       526 2.49280E-02-1.07230E-02 1.14992E-02
 -1       527 6.06059E-02-1.84488E-02-4.16871E-02
 -1       528-1.01355E-02-1.35508E-03 6.30556E-03
 -1       529-9.77151E-02-1.84165E-02 3.34818E-03
 -1       530 5.30908E-04 2.95493E-02-1.24225E-02
 -1       531-2.70033E-02 4.24755E-02 4.52052E-02
 -1       532-8.51270E-03-2.52984E-02 1.44074E-02
 -1       533 9.72717E-02-7.74222E-02-6.06867E-02
 -1       534 1.17099E-02-3.97486E-02 4.27372E-03
 -1       535-3.60872E-03 2.90083E-02 6.71654E-03
 -1       536-1.69417E-02 7.40076E-02-4.39184E-02
 -1       537-9.03300E-02 6.51368E-02 1.22234E-02
 -1       538 4.18189E-02-2.32816E-02 5.88376E-03
 -1       539-2.43634E-02 4.56245E-02 1.53811E-02
 -1       540 5.55787E-02 2.32827E-02 7.50768E-02
 -1       541-3.00500E-02-1.11403E-01 2.37808E-02
 -1       542-1.99166E-03-3.34706E-02-1.40347E-02
 -1       543-3.05657E-02-2.48827E-02-3.78341E-02
 -1       544 1.33111E-02 8.74849E-02-1.05907E-02
 -1       545-9.18447E-03-2.16018E-02 3.66887E-02
 -1       546 2.20257E-02 3.04791E-02 6.02832E-02
 -1       547 5.77616E-02 9.12834E-02 6.12773E-02
 -1       548-1.05165E-02 5.11819E-02-1.22002E-02
 -1       549-1.35663E-02 6.94754E-02 1.16881E-02
 -1       550-4.53325E-02 3.31769E-04 4.08935E-02
 -1       551 4.39501E-02-2.17621E-02 2.12823E-02
 -1       552-2.88801E-02-1.43981E-02 8.68379E-03
 -1       553-2.45737E-02 3.27754E-02 9.25906E-03
 -1       554-1.41144E-03-5.65060E-02-3.20658E-02
 -1       555 1.52347E-02 2.13581E-02-2.28623E-02
 -1       556 4.47395E-02 8.44811E-03 2.04935E-02
 -1       557 6.53219E-03 6.51662E-02 4.84460E-02
 -1       558 2.42030E-04 4.52945E-02 2.44587E-02
 -1       559 2.70164E-03-2.94807E-02-1.48947E-02
 -1       560 1.11466E-03-1.53852E-02-2.55829E-02
 -1       561-6.31532E-03-1.34657E-02 1.16125E-02
 -1       562-5.11761E-02 5.78002E-03-2.01111E-02
 -1       563 6.12330E-03 2.36089E-02 1.66104E-02
 -1       564 5.68816E-02 1.63187E-02 3.62511E-02
 -1       565-5.53288E-03-3.52284E-03-1.47989E-02
 -1       566-2.26572E-02 4.25337E-03-1.04625E-02
 -1       567-4.19113E-03-1.37888E-02 6.20706E-03
 -1       568-2.36436E-02-1.36089E-02-1.86560E-02
 -1       569-7.13140E-03 6.51543E-04-3.56179E-02
 -1       570 1.96351E-02 2.55497E-02 4.39356E-02
 -1       571 1.45158E-02 6.65124E-02 4.59233E-02
 -1       572-2.00572E-02 1.10202E+03 1.18574E+01
 -1       573-6.90651E+03-1.48796E+03-7.82086E+00
 -1       574-5.58896E+01-8.74886E+02-1.46351E+01
 -1       575 5.59037E+01-8.74898E+02-1.46136E+01
 -1       576 6.90652E+03-1.48802E+03-7.77220E+00
 -1       577 1.23352E-02-2.39573E-02 1.27001E-02
 -1       578-4.53437E-02-1.44993E-02-4.28809E-02
 -1       579-1.13245E-03 3.47330E-02 1.51376E-02
 -1       580 6.31500E-02 2.60996E-02 1.59627E-02
 -1       581-6.42605E-02-5.47053E-02-1.82989E-02
 -1       582-5.03362E-02-2.67528E-02 4.29726E-03
 -1       583 2.81063E-02 2.78113E-02 2.91953E-02
 -1       584-4.71737E-02-7.58993E-03-3.88166E-03
 -1       585 3.30628E-02-1.72272E-02-1.84285E-02
 -1       586 2.04399E-02 1.09190E-02 2.07210E-02
 -1       587 1.86716E-04 2.01109E-02 2.61010E-02
 -1       588 2.68445E-02-5.09424E-03-4.53357E-02
 -1       589 2.15862E-02 1.59650E-02-4.77388E-03
 -1       590 4.97909E-03-2.06929E-02-2.67190E-02
 -1       591-5.59172E-02-2.87812E-02 3.34163E-02
 -1       592-4.87551E-03 2.23716E-02 5.57951E-02
 -1       593 9.39268E-02-2.58448E-02-1.17817E-02
 -1       594 5.35449E-02-5.84145E-02 2.55133E-02
 -1       595-5.04368E-02 9.23514E-02 4.71733E-02
 -1       596 4.96078E-02 2.84969E-02-2.96782E-02
 -1       597 6.20486E-02-1.99856E-02 9.82270E-03
 -1       598-8.96392E-03-9.85539E-03 3.77593E-02
 -1       599-7.15564E-02-3.48492E-02-6.37369E-03
 -1       600-2.63825E-02 2.78599E-02 8.18080E-03
 -1       601 4.34907E-02 3.25301E-02 9.59648E-04
 -1       602 1.58292E-01 2.25857E-02-6.19277E-03
 -1       603 9.76296E-02 2.75064E-02 5.43403E-02
 -1       604-1.14337E-01-1.19712E-02 4.43613E-02
 -1       605 4.37988E-02 1.12837E-02 8.64740E-02
 -1       606-6.29463E-02-1.53393E-02 9.65350E-04
 -1       607-2.05481E-01-8.91078E-03-3.43963E-03
 -1       608-8.06105E-02-1.00283E-02 4.47317E-02
 -1       609-2.90900E-02-5.59061E-02-9.59817E-02
 -1       610 9.55509E-03 7.18546E-03-4.22101E-02
 -1       611 8.12054E-03 8.80439E-03-9.75235E-02
 -1       612 4.58242E-04-3.64197E-02 4.65938E-02
 -1       613 2.36642E-02-2.74651E-02 4.61165E-02
 -1       614 1.42625E-02-1.51356E-02-2.89533E-02
 -1       615 1.72150E-02 3.43465E-02-4.19001E-02
 -1       616-1.96285E-02-2.15645E-02 2.06255E-02
 -1       617-6.09765E-02-2.28366E-03 3.39300E-02
 -1       618-1.02104E-02-1.20840E-02 1.98613E-02
 -1       619 1.58983E-01-1.36637E-02-1.52600E-02
 -1       620 1.91896E-02 3.82338E-02-2.00189E-02
 -1       621 5.37340E-02 4.17548E-02 4.45195E-02
 -1       622-6.42095E-03 1.30314E-02-1.64341E-02
 -1       623-8.10391E-02-2.24505E-02-4.82689E-02
 -1       624 1.25713E-02-1.20636E-02-3.30324E-02
 -1       625 4.04388E-02-8.89397E-03-2.50461E-03
 -1       626-5.66009E-03-8.72936E-03 1.66008E-02
 -1       627 1.80551E-02 3.09415E-02 1.76048E-02
 -1       628 4.19259E-04-5.89101E-03 1.62136E-02
 -1       629 1.96886E-02-2.54796E-02-4.25763E-02
 -1       630-2.50590E-02-1.23762E-02 3.80633E-02
 -1       631-5.67089E-02-3.74310E-02-1.93009E-02
 -1       632 5.12420E-02 1.87939E-02-1.58744E-02
 -1       633-3.76519E-02 3.52201E-02 6.71046E-02
 -1       634-1.47929E-02-1.39488E-02-7.76904E-03
 -1       635-1.14999E-01 1.50468E-02 3.09297E-02
 -1       636-4.04003E-02-1.08687E-02-3.41668E-02
 -1       637-6.80915E-02-3.56267E-02-5.67935E-02
 -1       638 2.48143E-02 1.41946E-02-2.52773E-02
 -1       639 1.74601E-01 3.67796E-02-2.74460E-02
 -1       640 9.68034E-03 3.04350E-03 4.52386E-02
 -1       641-6.29141E-02 1.00379E-02-9.00256E-02
 -1       642 3.29161E-02 2.12496E-02-6.31752E-02
 -1       643 3.64058E-02-2.59938E-02 2.58735E-02
 -1       644 2.52689E-02-3.43832E-02-2.11899E-02
 -1       645-2.29138E-01 3.40488E-02 9.23200E-02
 -1       646-2.74902E-02-9.60892E-02 5.00999E-02
 -1       647-2.27783E-01-2.54166E-02 2.41056E-02
 -1       648-7.72047E-02-4.39286E-02 5.79779E-02
 -1       649 8.86786E-02-2.49494E-02-9.93133E-02
 -1       650 4.06203E-02 3.82053E-02-3.76830E-02
 -1       651-1.22123E-01 5.87478E-03-1.20501E-01
 -1       652 4.68230E-03 3.80796E-02-2.76958E-02
 -1       653 2.71159E-01 3.19756E-02-1.29785E-01
 -1       654 6.70150E-02-4.42341E-02-2.35097E-02
 -1       655-9.12445E-02 4.80483E-02-7.46351E-03
 -1       656 1.85987E-02-6.22569E-02 1.72453E-02
 -1       657-6.33673E-02-4.45267E-02 1.07986E-01
 -1       658 6.17745E-03 2.53495E-02 8.02218E-02
 -1       659-1.80817E-02-1.67070E-02 3.84663E-03
 -1       660-3.65935E-02 1.77592E-02-3.13962E-02
 -1       661-2.92291E-01 7.38615E-02-5.77081E-02
 -1       662 4.32254E-02 7.13207E-02-3.78587E-02
 -1       663-2.64194E-01-5.58493E-02-7.10183E-02
 -1       664 8.14039E-02 5.21397E-02-1.71148E-02
 -1       665-3.84647E-02 1.81537E-02-1.05034E-01
 -1       666-3.12135E-02 1.18806E-02 1.58202E-02
 -1       667 1.68248E-01 3.95871E-02-1.42733E-01
 -1       668-6.84818E-04-2.59366E-02-3.42816E-02
 -1       669 1.34914E-01 4.01744E-03-1.13193E-01
 -1       670-9.05183E-02 1.22137E-02 1.79657E-02
 -1       671 3.80058E-01 3.27071E-02-5.16660E-03
 -1       672 6.42099E-02-8.94578E-02-2.73587E-02
 -1       673 1.71079E-01-7.08803E-02-9.12945E-02
 -1       674-2.94283E-02 6.35380E-02-9.20805E-03
 -1       675 7.12305E-03 2.17324E-02-4.09354E-02
 -1       676 1.25561E-02 5.50043E-02-1.27845E-02
 -1       677-5.12000E-03 6.18292E-03-1.75227E-02
 -1       678-1.19690E-02 1.52159E-02-1.29557E-02
 -1       679-1.77648E-02 5.59354E-02 5.20551E-02
 -1       680 1.52327E-02 9.67773E-05-2.95509E-02
 -1       681 3.19879E-02-1.64895E-02-2.46496E-02
 -1       682-2.23806E-02 1.75635E-02-5.61087E-04
 -1       683 2.79619E-02-5.56631E-03 8.00260E-04
 -1       684-7.67361E-03 5.81031E-03 3.65579E-02
 -1       685-1.08675E-02-1.96454E-02-3.72796E-02
 -1       686-6.60090E-03-1.41360E-02-2.87952E-02
 -1       687 9.73675E-03 5.05840E-03-2.66822E-02
 -1       688-2.44885E-02 3.99620E-02 6.02730E-02
 -1       689-2.07094E-02 2.98886E-02 2.31702E-02
 -1       690-1.50452E-02-2.62985E-03 6.12120E-03
 -1       691 3.35678E-02-1.91563E-02-4.39292E-02
 -1       692-1.82382E-02 1.45065E-02-1.88390E-02
 -1       693-2.60174E-02 3.67551E-02 5.89706E-02
 -1       694 4.65258E-02 2.20035E-02-6.27827E-02
 -1       695-6.04325E-03 4.63258E-03-6.72397E-02
 -1       696 3.69483E-02-4.36175E-02-9.39349E-03
 -1       697-8.51154E-02 2.38200E-02 3.28743E-02
 -1       698-6.41155E-04-3.04430E-03-3.36615E-02
 -1       699-3.41634E-02 8.45597E-02 2.66464E-02
 -1       700 3.13071E-02 6.13996E-02 7.01851E-04
 -1       701 1.62057E-02 9.61151E-03-7.64474E-02
 -1       702-3.62375E-02 2.55900E-02-8.73397E-04
 -1       703-2.30173E-02-5.10362E-02-2.89990E-02
 -1       704-1.71744E-02 6.60104E-02-2.59393E-02
 -1       705-2.36816E-03 1.49085E-02-7.66104E-02
 -1       706-4.48942E-02 1.42762E-01 3.79735E-02
 -1       707-7.28079E-04 7.37720E-03 1.40595E-02
 -1       708 3.81152E-02-3.23533E-02 6.56794E-02
 -1       709 1.13692E-02 4.45427E-02 3.89330E-03
 -1       710-3.07304E-02 5.28584E-03 1.01097E-02
 -1       711 4.47286E-02 2.74195E-03 4.31991E-02
 -1       712 1.53202E-02-3.82587E-02-7.73676E-03
 -1       713-1.14575E-01 3.03025E-02-2.99243E-02
 -1       714 7.35437E-02-2.67073E-03 4.15359E-02
 -1       715 6.23575E-02-1.27068E-02 6.54133E-03
 -1       716-1.00707E-01 3.35167E-02-3.24268E-02
 -1       717 8.38472E-02-2.44829E-02-1.38182E-02
 -1       718 3.15318E-02-2.74692E-02 4.68519E-02
 -1       719-7.80718E-02 5.27703E-03 9.68251E-04
 -1       720-4.43758E-02 2.45249E-02-5.49626E-02
 -1       721 7.79406E-03-2.58156E-03 1.12174E-02
 -1       722 5.58855E-02 5.68862E-03 7.30030E-02
 -1       723-3.23246E-02 6.84318E-03 2.62041E-02
 -1       724-4.13282E-02 1.76067E-02-1.76586E-02
 -1       725 2.63106E-02-5.43229E-03-3.61973E-02
 -1       726-5.72370E-03-1.17268E-01 4.36546E-02
 -1       727-8.49385E-02 4.51230E-02 3.72187E-02
 -1       728-2.76650E-02 6.10998E-02-6.90344E-02
 -1       729-1.40619E-02 2.85422E-02 4.66169E-02
 -1       730-3.80639E-02 6.26090E-02 7.09063E-02
 -1       731 9.39630E-02-4.01579E-02 7.16310E-02
 -1       732 4.76320E-03-1.00902E-01 8.62798E-02
 -1       733-1.09505E-01-4.90279E-04 7.28242E-02
 -1       734-1.02111E-01 5.99273E-02 7.24818E-02
 -1       735-8.21752E-02-5.91971E-02 3.42654E-02
 -1       736 4.29435E-02 1.66902E-02-6.97712E-02
 -1       737 1.71951E-02 7.22416E-02-4.28389E-02
 -1       738-1.86795E-03-8.89098E-03 6.43008E-03
 -1       739 5.33578E-02 2.66978E-02 1.40046E-01
 -1       740 1.28618E-01 3.59850E-02 4.16669E-02
 -1       741 1.62620E-01 6.15770E-02 1.22063E-01
 -1       742 2.48058E-02 7.46856E-02-7.86268E-03
 -1       743-9.45489E-02 5.27616E-02-1.93593E-02
 -1       744-1.54338E-03-2.81444E-03 2.17837E-02
 -1       745 8.08413E-02-1.11320E-01 3.05515E-02
 -1       746 7.00233E-02-6.18508E-02-6.11373E-02
 -1       747-6.05713E-02 9.48672E-03-6.30567E-03
 -1       748-9.91027E-03 5.21026E-02 1.02926E-02
 -1       749 6.76574E-02 8.99578E-02 2.26624E-02
 -1       750-5.13236E-02 3.84107E-02 3.46572E-03
 -1       751 3.41446E-02-7.11912E-02-2.21650E-02
 -1       752-3.82020E-03-2.61787E-02-2.48668E-02
 -1       753-1.31279E-01 2.90876E-02-2.14647E-02
 -1       754-1.46742E-02 6.51652E-04-2.50739E-02
 -1       755 6.45197E-02 2.69481E-02 1.13181E-02
 -1       756-9.28400E-03 2.51157E-03-3.81350E-02
 -1       757-1.27564E-01-3.67988E-02-1.48971E-03
 -1       758 2.16821E-02-1.94913E-02 4.89128E-02
 -1       759-4.81936E-02 3.92219E-03 5.19384E-03
 -1       760 1.60544E-02 1.53551E-02 2.37572E-02
 -1       761 1.50151E-01 1.87152E-02 2.05151E-02
 -1       762-1.45431E-02 2.66555E-02-8.92828E-03
 -1       763 2.21539E-01 3.95159E-03-3.44390E-02
 -1       764 1.80692E-02-4.15727E-02-1.56171E-02
 -1       765 2.80215E-04-4.12182E-02 1.80321E-02
 -1       766-2.13280E-02 6.18093E-03-3.12786E-02
 -1       767-1.24588E-01 3.81072E-02-1.93533E-02
 -1       768-2.90579E-02 1.03566E-02-3.19457E-02
 -1       769-2.78603E-02-9.57900E-03-1.32587E-02
 -1       770 2.89403E-02-3.34959E-03-3.65063E-02
 -1       771-1.08241E-01-7.29986E-03-1.89099E-02
 -1       772 1.64858E-02-1.33350E-02 4.48288E-02
 -1       773 1.18146E-01-6.76383E-02-4.16189E-04
 -1       774 1.03556E-02-1.22341E-02 1.90373E-02
 -1       775 1.30814E-01 2.77641E-02 3.70599E-02
 -1       776 8.81234E-03 5.61315E-02-1.89032E-02
 -1       777 1.92683E-01 8.03608E-02-6.70360E-02
 -1       778 5.14558E-02-5.02516E-03-4.29206E-02
 -1       779 1.39357E-01-3.23149E-02-4.83158E-02
 -1       780-6.38067E-02-5.71850E-03-3.22212E-02
 -1       781-3.63121E-02-2.08432E-02-2.52410E-02
 -1       782-2.70720E-03-4.07699E-03-8.19911E-02
 -1       783-1.61181E-01-1.72889E-02 1.72437E-02
 -1       784 2.96903E-02 1.68716E-02-1.82600E-02
 -1       785-6.45490E-02-7.40357E-03 2.08348E-02
 -1       786-3.64629E-02 1.38523E-02-1.95018E-02
 -1       787-3.56565E-02-4.79795E-02-3.62451E-02
 -1       788 1.11368E-02-6.52137E-02-1.42858E-01
 -1       789 3.28346E-01 3.31983E-02-5.76318E-02
 -1       790-1.09054E-02 3.35392E-03-2.57443E-02
 -1       791 2.59264E-01 1.36896E-02-5.34085E-02
 -1       792 9.33584E-02-1.60714E-02-1.08102E-01
 -1       793 9.40109E-02 7.55233E-02-6.73942E-02
 -1       794-3.45753E-02 6.38905E-02-2.41693E-02
 -1       795 9.58938E-02 1.77511E-02-5.88252E-02
 -1       796-6.47234E-02-2.66756E-02 2.52129E-02
 -1       797-4.55890E-02-8.81461E-02-1.71430E-02
 -1       798 3.78907E-02-4.56479E-02 2.24696E-05
 -1       799 4.32458E-02-1.07293E-02 6.53204E-02
 -1       800-1.63145E-02 1.58719E-02-2.44058E-03
 -1       801-2.29647E-01 1.29445E-02-2.72782E-03
 -1       802-3.28514E-02-3.79550E-02-1.66383E-01
 -1       803-8.31576E-02-2.24348E-02-6.85917E-02
 -1       804 5.98257E-03-4.45964E-02-1.27638E-01
 -1       805-3.51369E-01-8.81736E-02-3.43092E-02
 -1       806-4.18119E-02-6.89446E-02-1.33202E-01
 -1       807-1.17937E-01-1.19355E-01 1.47610E-02
 -1       808-1.77233E-02-9.66833E-02-3.23429E-02
 -1       809 1.40653E-02-2.87314E-02 1.09485E-01
 -1       810-6.90326E-02-3.11992E-02-1.68752E-02
 -1       811-7.11023E-03-4.21462E-02-7.03625E-03
 -1       812 4.74909E-02 3.57001E-02-3.44540E-02
 -1       813 4.18511E-02 1.21626E-02 1.48217E-03
 -1       814-1.17593E-02-1.59893E-02-1.77548E-02
 -1       815-1.69669E-02 5.50910E-03-2.02529E-02
 -1       816 2.45503E-02-1.41620E-02 7.59724E-02
 -1       817-2.99758E-02-1.19483E-02 3.23384E-02
 -1       818-5.26380E-03 1.47361E-02-7.39993E-02
 -1       819 1.33541E-02-6.21984E-03 2.96816E-03
 -1       820 4.69315E-03 1.87941E-02 3.43392E-02
 -1       821-3.64225E-02-1.76148E-02 8.30149E-03
 -1       822 2.69364E-02 9.69962E-03-5.49709E-02
 -1       823-1.06131E-02 3.38200E-03-3.76512E-02
 -1       824-2.41269E-02-2.32835E-02 5.52320E-05
 -1       825 2.73808E-02-4.71815E-03 2.53907E-02
 -1       826-8.13488E-02 3.10647E-02-7.38607E-02
 -1       827 1.52046E-02 8.59953E-03-1.13337E-01
 -1       828 3.23288E-02-1.32819E-02 1.68699E-02
 -1       829 8.14205E-02 2.88531E-02 2.13385E-03
 -1       830-1.43855E-02-6.23392E-02 1.25586E-02
 -1       831-9.11557E-02-1.90177E-02-7.51945E-02
 -1       832-6.27944E-02 3.33270E-02-1.10905E-01
 -1       833-2.86106E-02 4.17488E-02-1.10196E-01
 -1       834 4.91438E-02 1.11713E-02 3.06151E-02
 -1       835-2.97860E-02 1.38748E-02-6.20916E-02
 -1       836-3.10928E-02 4.07625E-02-2.97103E-03
 -1       837-3.29640E-02 1.41178E-02 5.44538E-03
 -1       838-4.96316E-04 2.43339E-02-1.57461E-01
 -1       839-3.23104E-02-8.36745E-03-6.64817E-02
 -1       840 2.26424E-03-1.65078E-02-1.82158E-01
 -1       841 8.99019E-03 5.44383E-03-1.13570E-01
 -1       842-1.09113E-03-1.21736E-01-7.24536E-02
 -1       843-3.54550E-02 3.16072E-03-2.10246E-02
 -1       844 1.08916E-01-1.73137E-01-3.83725E-02
 -1       845 2.09152E-03 9.89042E-02 6.54551E-02
 -1       846-1.03287E-01 8.91667E-02 1.11780E-02
 -1       847 1.15946E-01-1.44300E-01-2.14434E-03
 -1       848 6.73124E-02 5.53127E-02-2.23218E-02
 -1       849-9.18565E-02 1.89994E-02-4.42728E-03
 -1       850 1.16141E-02-5.18805E-02-1.81186E-03
 -1       851 5.87840E-02-6.25987E-03 2.19685E-02
 -1       852 2.17698E-03 9.19700E-03 3.46654E-02
 -1       853-1.39650E-01-1.49052E-02-5.13495E-02
 -1       854 3.32728E-02 2.87001E-02-2.45633E-02
 -1       855 1.49117E-01 7.59556E-02 1.07847E-01
 -1       856-4.00984E-02-7.61813E-02-2.96473E-03
 -1       857 2.36615E-02-2.61492E-02-1.13618E-02
 -1       858-9.78952E-02 3.43373E-02 9.15102E-02
 -1       859-7.16814E-02-4.40524E-02 2.77917E-02
 -1       860 1.47284E-01-9.95623E-03 1.19150E-04
 -1       861 4.98738E-02 8.58226E-02 4.85872E-03
 -1       862-7.38662E-02 4.93941E-02 8.09000E-02
 -1       863 8.24957E-03 9.56906E-03 1.14544E-01
 -1       864-4.97080E-03-8.52053E-02 4.41222E-02
 -1       865-4.92806E-02-4.70547E-02 3.89947E-02
 -1       866-4.94254E-02 7.65924E-02 9.95840E-02
 -1       867-1.51877E-02 9.86635E-02 1.33914E-01
 -1       868 2.01159E-01 2.04148E-02 1.63412E-01
 -1       869-9.21516E-02 3.40706E-02 3.06010E-02
 -1       870 7.04130E-02 1.30777E-02 4.25226E-02
 -1       871 5.82742E-04-1.40704E-01 1.32757E-01
 -1       872-1.64540E-01 1.13076E-01 1.35197E-01
 -1       873 2.06476E-02-4.32289E-02-1.29708E-02
 -1       874-4.82786E-02 6.52833E-02 7.64870E-02
 -1       875-1.22639E-01 8.69475E-03-5.39011E-03
 -1       876-8.77398E-02 5.61037E-02-2.79581E-02
 -1       877 1.72055E-02-1.33280E-01-1.40831E-01
 -1       878-2.02946E-02 1.06704E-01 5.06091E-02
 -1       879 9.25552E-03-7.76619E-03-1.50659E-02
 -1       880-3.25218E-02 1.08160E-01 2.05098E-03
 -1       881 4.73476E-02 2.05203E-01 1.19692E-01
 -1       882-7.11110E-03-9.61377E-05 5.01217E-02
 -1       883 6.82564E-02 7.47707E-02 1.33809E-02
 -1       884 6.03872E-02-1.15848E-01-1.04867E-02
 -1       885-9.17880E-02 2.53967E-02-7.34879E-02
 -1       886 1.70267E-02-8.64948E-02-3.56134E-02
 -1       887-3.86505E-02-3.87523E-02-3.83268E-02
 -1       888 3.49800E-02-5.84502E-02-4.96437E-02
 -1       889 4.03019E-02-2.45009E-01 1.00241E-02
 -1       890-6.28712E-02-4.33044E-02 1.14961E-02
 -1       891-6.17318E-02-4.08133E-02 3.33423E-02
 -1       892-1.99638E-02 1.09222E-01-1.00954E-02
 -1       893-3.65352E-03 1.31566E-01-3.00020E-02
 -1       894 2.23838E-02 7.03824E-02 9.64116E-03
 -1       895-2.69780E-02 5.31410E-02 2.35705E-02
 -1       896-2.05885E-02-4.67684E-02 5.14361E-02
 -1       897-2.46563E-01 1.15297E-02 4.15064E-02
 -1       898 5.50291E-02 3.81521E-02-2.42320E-02
 -1       899 6.89933E-04-1.15984E-02-9.36306E-02
 -1       900 1.49268E-02 1.44455E-02 5.11879E-03
 -1       901 2.53500E-02-7.50172E-02-1.41626E-02
 -1       902 2.88916E-03-1.21968E-02-6.96718E-02
 -1       903 1.60495E-02-2.30481E-02 2.80333E-02
 -1       904-1.42253E-02 3.26059E-02-2.52583E-03
 -1       905-4.62448E-02 5.98597E-02-1.13504E-02
 -1       906-4.62856E-02 3.87533E-02 6.83902E-02
 -1       907 4.85488E-02-1.05777E-03 6.52731E-02
 -1       908-1.44763E-03-2.18562E-02-8.05006E-03
 -1       909 1.12749E-01 8.57709E-03 2.82937E-02
 -1       910 1.45465E-04-1.10245E-02 3.03712E-02
 -1       911-8.29971E-03 9.13615E-03-7.31939E-02
 -1       912-9.57883E-03 1.66193E-02 1.77208E-02
 -1       913 8.23649E-02 1.26186E-02-3.11482E-02
 -1       914 1.93135E-02-1.68383E-02-6.95265E-02
 -1       915-4.18228E-02 1.12403E-02-2.80910E-02
 -1       916 1.44266E-02 1.52513E-03-2.16252E-02
 -1       917 3.82835E-02-1.26240E-02-7.86202E-02
 -1       918-1.71260E-02 6.43200E-03 6.57895E-03
 -1       919-2.73997E-02 5.49666E-03 5.11337E-02
 -1       920-9.11422E-03 2.49281E-02 3.27446E-02
 -1       921 4.90508E-02 7.80974E-02 9.24348E-02
 -1       922 6.47739E-02-5.32716E-02 3.08532E-02
 -1       923 4.67935E-02-5.30572E-02-5.37197E-02
 -1       924-5.75545E-03-6.51302E-02-2.24261E-02
 -1       925-2.86600E-01-1.57453E-01-4.60971E-02
 -1       926-4.67774E-02-5.73308E-02-1.23378E-02
 -1       927-1.10058E-02 2.62567E-02-5.18311E-02
 -1       928 4.67719E-03-7.51344E-03-6.83727E-02
 -1       929 1.40453E-02 5.47438E-02-8.90269E-02
 -1       930-8.61258E-02 8.90638E-02 3.03175E-02
 -1       931-2.81572E-02 4.46796E-02 2.42566E-02
 -1       932-5.34684E-02 6.84530E-02-8.71451E-02
 -1       933 6.78473E-02 4.47855E-02 2.76130E-02
 -1       934 9.68157E-02 8.04284E-02-9.81026E-03
 -1       935 3.93674E-02 1.55837E-02 2.09886E-02
 -1       936 1.11183E-03 2.94431E-02-2.87500E-02
 -1       937-3.03424E-02-1.42960E-02-7.05934E-02
 -1       938 5.84052E-02-1.05112E-02-1.24706E-01
 -1       939 6.13748E-02-8.23057E-03-3.02644E-02
 -1       940-1.09630E-02-1.06347E-02 1.10346E-02
 -1       941 2.97158E-01 1.91715E-02-8.24078E-02
 -1       942-4.36999E-02 1.05071E-02-8.55870E-03
 -1       943 2.82882E-02-3.89559E-02-1.33626E-01
 -1       944 2.42212E-02-6.04177E-02-2.85484E-02
 -1       945-1.06544E-01 1.71139E-02-2.95780E-02
 -1       946 4.32101E-02 3.00789E-02 1.56582E-02
 -1       947-8.76516E-03 3.28452E-02-8.20759E-02
 -1       948 5.80162E-03-6.07408E-02-9.19674E-02
 -1       949-2.36412E-01 8.45887E-03-4.48625E-02
 -1       950-1.57787E-02-1.17349E-01-2.19622E-02
 -1       951-3.20851E-02-1.94673E-02 7.13619E-02
 -1       952 7.40637E-02 8.22066E-02-8.70578E-02
 -1       953-3.83218E-02-3.22216E-03-1.02234E-01
 -1       954-2.51977E-02-5.34034E-02-6.47867E-02
 -1       955-4.40492E-02-6.77857E-02-4.01303E-02
 -1       956-7.91139E-02-4.45672E-04 7.91672E-02
 -1       957-3.80930E-02-1.26078E-01-1.30768E-01
 -1       958-3.91889E-02 3.35791E-02-5.53591E-03
 -1       959 1.79046E-02 9.95531E-03-1.49976E-01
 -1       960-1.33981E-02 4.35642E-02-1.23427E-01
 -1       961 1.22939E-01 2.18959E-02-1.23333E-01
 -1       962-4.05096E-02 3.24659E-02-7.62006E-02
 -1       963-5.02190E-02 2.16902E-02-8.36481E-02
 -1       964-1.68722E-02 1.84099E-03-6.57682E-02
 -1       965 2.17982E-01 1.34082E-01-1.29941E-01
 -1       966-2.59349E-02-6.79127E-02-5.45842E-02
 -1       967 1.08455E-01-8.68785E-03-2.07942E-01
 -1       968 1.03704E-02 2.20257E-02-5.34875E-02
 -1       969-7.42086E-02 5.48198E-02-9.38195E-02
 -1       970 5.84444E-02 4.09882E-02-3.73304E-02
 -1       971-4.16918E-02-9.88441E-02-4.41227E-02
 -1       972 2.22269E-02 6.95928E-02-1.21157E-01
 -1       973 3.02071E-01-8.41209E-02-1.56352E-01
 -1       974 3.64066E-02-2.11909E-02-4.50140E-02
 -1       975-3.36854E-03 1.32601E-02-1.19211E-02
 -1       976-3.19050E-02 7.00465E-02-1.30717E-01
 -1       977-3.23469E-01-1.84625E-01-1.98258E-01
 -1       978-7.31121E-02-6.16569E-02-5.42880E-02
 -1       979-4.19589E-02-4.22771E-02-1.21352E-01
 -1       980 1.09378E-02-1.25110E-01-4.74787E-02
 -1       981-2.27487E-01-1.04815E-01-2.37049E-01
 -1       982 4.66919E-02 1.53687E-02-1.29316E-01
 -1       983 3.95629E-02 8.39186E-02-7.07392E-02
 -1       984-1.65516E-01-7.92171E-02-1.27941E-01
 -1       985 1.50786E-01 6.29898E-03-1.38000E-01
 -1       986-4.28486E-02-4.42589E-02-3.11917E-03
 -1       987 1.23773E-01 6.17761E-02-3.88664E-02
 -1       988-5.95504E-03 8.77736E-02-2.16186E-01
 -1       989-1.76983E-01 7.55781E-02-9.70659E-02
 -1       990-3.19791E-02-4.87672E-02-1.42584E-01
 -1       991-7.79204E-03-6.78013E-02-9.77160E-02
 -1       992-3.19260E-02-5.75956E-02 3.08968E-02
 -1       993 3.87690E-01-1.13355E-02-2.16975E-01
 -1       994 9.93505E-05-1.02362E-01 6.58505E-03
 -1       995 2.25462E-02-4.40651E-02-3.98158E-01
 -1       996 2.89404E-02 4.29138E-02-1.14898E-01
 -1       997-5.89621E-04 3.87914E-02-8.95212E-02
 -1       998 2.02636E-02-1.40869E-02-6.92116E-02
 -1       999-1.67002E-02 9.97067E-03-5.75461E-02
 -1      1000 3.93978E-03 8.65895E-02-6.49218E-02
 -1      1001 1.50077E-03 6.60466E-02-2.52075E-01
 -1      1002 3.57267E-02 3.81052E-02-1.34245E-01
 -1      1003 7.51612E-02 1.35707E-01-1.58406E-01
 -1      1004-2.84592E-02-4.50578E-05-1.51839E-01
 -1      1005-4.65338E-02-6.13650E-03-8.13956E-02
 -1      1006-3.24976E-02 8.97618E-02-7.98190E-02
 -1      1007-4.28364E-02-5.32058E-02-6.96298E-02
 -1      1008 9.24247E-02 6.29587E-02 7.34518E-02
 -1      1009-6.04102E-02 9.68773E-03 1.47243E-02
 -1      1010 3.62512E-02 3.60463E-02-2.04739E-02
 -1      1011-1.35027E-02 3.26203E-02-3.70883E-04
 -1      1012 2.04094E-02-1.00306E-01-1.54736E-02
 -1      1013-5.22265E-03 3.59482E-02-6.25784E-04
 -1      1014-7.85015E-02 3.97866E-02 4.17635E-02
 -1      1015 7.85995E-02-7.19913E-02 3.17220E-02
 -1      1016 5.49263E-02 1.27749E-02-4.73883E-02
 -1      1017-7.10670E-02 8.04997E-02-4.76714E-02
 -1      1018-6.96161E-02 1.32349E-02 4.52897E-02
 -1      1019 8.27783E-02-5.40728E-02-1.33702E-02
 -1      1020-5.05703E-02-1.38433E-02 1.01565E-02
 -1      1021-1.37482E-02-3.84236E-02-3.26514E-02
 -1      1022 7.25688E-02 4.95516E-03-4.61420E-02
 -1      1023-4.14007E-02 3.70911E-03-3.41328E-02
 -1      1024 4.62931E-02 5.71168E-02 2.02494E-02
 -1      1025-5.14622E-02 1.33602E-01 8.62213E-03
 -1      1026 1.07793E-02-1.35623E-01-8.90011E-02
 -1      1027-5.04914E-02-1.19969E-01 1.35493E-02
 -1      1028 2.40573E-02-6.20853E-02-6.02086E-02
 -1      1029 3.53218E-02 5.97257E-03-8.91085E-02
 -1      1030-1.84188E-02 1.24399E-01-5.01352E-02
 -1      1031-8.75891E-02 1.19802E-01-1.07211E-01
 -1      1032-6.00875E-02-7.96822E-02-8.74906E-02
 -1      1033 7.95334E-02-3.91706E-02-1.38557E-01
 -1      1034-1.31909E-01 3.09864E-02-5.36837E-02
 -1      1035 1.41218E-02-1.33404E-01-9.11642E-02
 -1      1036 3.27543E-02-5.29094E-02-1.20585E-01
 -1      1037 7.65645E-02 3.15777E-02-5.78684E-03
 -1      1038 1.57987E-02 2.91119E-02-8.90717E-02
 -1      1039-1.26250E-01-4.07524E-02-8.03282E-02
 -1      1040-8.44152E-02 3.96320E-02-1.54266E-01
 -1      1041-1.74535E-02 3.31275E-02-6.27417E-02
 -3
 9999
