    1C
    1UHash: uJ5cRs3f, Date: 04/20/2026, Unit system: M_KG_S_C           
    1UUSER                                                              
    1UDATE              20.april.2026                                   
    1UTIME              11:54:28                                        
    1UHOST                                                              
    1UPGM               CalculiX                                        
    1UVERSION           Version 2.23                             
    1UCOMPILETIME       Thu Apr  9 09:51:55 CEST 2026                    
    1UDIR                                                               
    1UDBN                                                               
    1UMAT    1S235                                                      
    2C                          1041                                     1
 -1         1-1.00000E+00 7.50000E-02-5.00000E-02
 -1         2-1.00000E+00-7.50000E-02-5.00000E-02
 -1         3 1.00000E+00-7.50000E-02-5.00000E-02
 -1         4 1.00000E+00 7.50000E-02-5.00000E-02
 -1         5 1.00000E+00-7.50000E-02 5.00000E-02
 -1         6 1.00000E+00 7.50000E-02 5.00000E-02
 -1         7-1.00000E+00-7.50000E-02 5.00000E-02
 -1         8-1.00000E+00 7.50000E-02 5.00000E-02
 -1         9-1.00000E+00 1.11022E-16-5.00000E-02
 -1        10-1.00000E+00 3.75000E-02-5.00000E-02
 -1        11-1.00000E+00-3.75000E-02-5.00000E-02
 -1        12-9.41176E-01-7.50000E-02-5.00000E-02
 -1        13-8.82353E-01-7.50000E-02-5.00000E-02
 -1        14-8.23529E-01-7.50000E-02-5.00000E-02
 -1        15-7.64706E-01-7.50000E-02-5.00000E-02
 -1        16-7.05882E-01-7.50000E-02-5.00000E-02
 -1        17-6.47059E-01-7.50000E-02-5.00000E-02
 -1        18-5.88235E-01-7.50000E-02-5.00000E-02
 -1        19-5.29412E-01-7.50000E-02-5.00000E-02
 -1        20-4.70588E-01-7.50000E-02-5.00000E-02
 -1        21-4.11765E-01-7.50000E-02-5.00000E-02
 -1        22-3.52941E-01-7.50000E-02-5.00000E-02
 -1        23-2.94118E-01-7.50000E-02-5.00000E-02
 -1        24-2.35294E-01-7.50000E-02-5.00000E-02
 -1        25-1.76471E-01-7.50000E-02-5.00000E-02
 -1        26-1.17647E-01-7.50000E-02-5.00000E-02
 -1        27-5.88235E-02-7.50000E-02-5.00000E-02
 -1        28 0.00000E+00-7.50000E-02-5.00000E-02
 -1        29 5.88235E-02-7.50000E-02-5.00000E-02
 -1        30 1.17647E-01-7.50000E-02-5.00000E-02
 -1        31 1.76471E-01-7.50000E-02-5.00000E-02
 -1        32 2.35294E-01-7.50000E-02-5.00000E-02
 -1        33 2.94118E-01-7.50000E-02-5.00000E-02
 -1        34 3.52941E-01-7.50000E-02-5.00000E-02
 -1        35 4.11765E-01-7.50000E-02-5.00000E-02
 -1        36 4.70588E-01-7.50000E-02-5.00000E-02
 -1        37 5.29412E-01-7.50000E-02-5.00000E-02
 -1        38 5.88235E-01-7.50000E-02-5.00000E-02
 -1        39 6.47059E-01-7.50000E-02-5.00000E-02
 -1        40 7.05882E-01-7.50000E-02-5.00000E-02
 -1        41 7.64706E-01-7.50000E-02-5.00000E-02
 -1        42 8.23529E-01-7.50000E-02-5.00000E-02
 -1        43 8.82353E-01-7.50000E-02-5.00000E-02
 -1        44 9.41176E-01-7.50000E-02-5.00000E-02
 -1        45-9.70588E-01-7.50000E-02-5.00000E-02
 -1        46-9.11765E-01-7.50000E-02-5.00000E-02
 -1        47-8.52941E-01-7.50000E-02-5.00000E-02
 -1        48-7.94118E-01-7.50000E-02-5.00000E-02
 -1        49-7.35294E-01-7.50000E-02-5.00000E-02
 -1        50-6.76471E-01-7.50000E-02-5.00000E-02
 -1        51-6.17647E-01-7.50000E-02-5.00000E-02
 -1        52-5.58824E-01-7.50000E-02-5.00000E-02
 -1        53-5.00000E-01-7.50000E-02-5.00000E-02
 -1        54-4.41176E-01-7.50000E-02-5.00000E-02
 -1        55-3.82353E-01-7.50000E-02-5.00000E-02
 -1        56-3.23529E-01-7.50000E-02-5.00000E-02
 -1        57-2.64706E-01-7.50000E-02-5.00000E-02
 -1        58-2.05882E-01-7.50000E-02-5.00000E-02
 -1        59-1.47059E-01-7.50000E-02-5.00000E-02
 -1        60-8.82353E-02-7.50000E-02-5.00000E-02
 -1        61-2.94118E-02-7.50000E-02-5.00000E-02
 -1        62 2.94118E-02-7.50000E-02-5.00000E-02
 -1        63 8.82353E-02-7.50000E-02-5.00000E-02
 -1        64 1.47059E-01-7.50000E-02-5.00000E-02
 -1        65 2.05882E-01-7.50000E-02-5.00000E-02
 -1        66 2.64706E-01-7.50000E-02-5.00000E-02
 -1        67 3.23529E-01-7.50000E-02-5.00000E-02
 -1        68 3.82353E-01-7.50000E-02-5.00000E-02
 -1        69 4.41176E-01-7.50000E-02-5.00000E-02
 -1        70 5.00000E-01-7.50000E-02-5.00000E-02
 -1        71 5.58824E-01-7.50000E-02-5.00000E-02
 -1        72 6.17647E-01-7.50000E-02-5.00000E-02
 -1        73 6.76471E-01-7.50000E-02-5.00000E-02
 -1        74 7.35294E-01-7.50000E-02-5.00000E-02
 -1        75 7.94118E-01-7.50000E-02-5.00000E-02
 -1        76 8.52941E-01-7.50000E-02-5.00000E-02
 -1        77 9.11765E-01-7.50000E-02-5.00000E-02
 -1        78 9.70588E-01-7.50000E-02-5.00000E-02
 -1        79 1.00000E+00 1.11022E-16-5.00000E-02
 -1        80 1.00000E+00 3.75000E-02-5.00000E-02
 -1        81 1.00000E+00-3.75000E-02-5.00000E-02
 -1        82-9.41176E-01 7.50000E-02-5.00000E-02
 -1        83-8.82353E-01 7.50000E-02-5.00000E-02
 -1        84-8.23529E-01 7.50000E-02-5.00000E-02
 -1        85-7.64706E-01 7.50000E-02-5.00000E-02
 -1        86-7.05882E-01 7.50000E-02-5.00000E-02
 -1        87-6.47059E-01 7.50000E-02-5.00000E-02
 -1        88-5.88235E-01 7.50000E-02-5.00000E-02
 -1        89-5.29412E-01 7.50000E-02-5.00000E-02
 -1        90-4.70588E-01 7.50000E-02-5.00000E-02
 -1        91-4.11765E-01 7.50000E-02-5.00000E-02
 -1        92-3.52941E-01 7.50000E-02-5.00000E-02
 -1        93-2.94118E-01 7.50000E-02-5.00000E-02
 -1        94-2.35294E-01 7.50000E-02-5.00000E-02
 -1        95-1.76471E-01 7.50000E-02-5.00000E-02
 -1        96-1.17647E-01 7.50000E-02-5.00000E-02
 -1        97-5.88235E-02 7.50000E-02-5.00000E-02
 -1        98 0.00000E+00 7.50000E-02-5.00000E-02
 -1        99 5.88235E-02 7.50000E-02-5.00000E-02
 -1       100 1.17647E-01 7.50000E-02-5.00000E-02
 -1       101 1.76471E-01 7.50000E-02-5.00000E-02
 -1       102 2.35294E-01 7.50000E-02-5.00000E-02
 -1       103 2.94118E-01 7.50000E-02-5.00000E-02
 -1       104 3.52941E-01 7.50000E-02-5.00000E-02
 -1       105 4.11765E-01 7.50000E-02-5.00000E-02
 -1       106 4.70588E-01 7.50000E-02-5.00000E-02
 -1       107 5.29412E-01 7.50000E-02-5.00000E-02
 -1       108 5.88235E-01 7.50000E-02-5.00000E-02
 -1       109 6.47059E-01 7.50000E-02-5.00000E-02
 -1       110 7.05882E-01 7.50000E-02-5.00000E-02
 -1       111 7.64706E-01 7.50000E-02-5.00000E-02
 -1       112 8.23529E-01 7.50000E-02-5.00000E-02
 -1       113 8.82353E-01 7.50000E-02-5.00000E-02
 -1       114 9.41176E-01 7.50000E-02-5.00000E-02
 -1       115-9.70588E-01 7.50000E-02-5.00000E-02
 -1       116-9.11765E-01 7.50000E-02-5.00000E-02
 -1       117-8.52941E-01 7.50000E-02-5.00000E-02
 -1       118-7.94118E-01 7.50000E-02-5.00000E-02
 -1       119-7.35294E-01 7.50000E-02-5.00000E-02
 -1       120-6.76471E-01 7.50000E-02-5.00000E-02
 -1       121-6.17647E-01 7.50000E-02-5.00000E-02
 -1       122-5.58824E-01 7.50000E-02-5.00000E-02
 -1       123-5.00000E-01 7.50000E-02-5.00000E-02
 -1       124-4.41176E-01 7.50000E-02-5.00000E-02
 -1       125-3.82353E-01 7.50000E-02-5.00000E-02
 -1       126-3.23529E-01 7.50000E-02-5.00000E-02
 -1       127-2.64706E-01 7.50000E-02-5.00000E-02
 -1       128-2.05882E-01 7.50000E-02-5.00000E-02
 -1       129-1.47059E-01 7.50000E-02-5.00000E-02
 -1       130-8.82353E-02 7.50000E-02-5.00000E-02
 -1       131-2.94118E-02 7.50000E-02-5.00000E-02
 -1       132 2.94118E-02 7.50000E-02-5.00000E-02
 -1       133 8.82353E-02 7.50000E-02-5.00000E-02
 -1       134 1.47059E-01 7.50000E-02-5.00000E-02
 -1       135 2.05882E-01 7.50000E-02-5.00000E-02
 -1       136 2.64706E-01 7.50000E-02-5.00000E-02
 -1       137 3.23529E-01 7.50000E-02-5.00000E-02
 -1       138 3.82353E-01 7.50000E-02-5.00000E-02
 -1       139 4.41176E-01 7.50000E-02-5.00000E-02
 -1       140 5.00000E-01 7.50000E-02-5.00000E-02
 -1       141 5.58824E-01 7.50000E-02-5.00000E-02
 -1       142 6.17647E-01 7.50000E-02-5.00000E-02
 -1       143 6.76471E-01 7.50000E-02-5.00000E-02
 -1       144 7.35294E-01 7.50000E-02-5.00000E-02
 -1       145 7.94118E-01 7.50000E-02-5.00000E-02
 -1       146 8.52941E-01 7.50000E-02-5.00000E-02
 -1       147 9.11765E-01 7.50000E-02-5.00000E-02
 -1       148 9.70588E-01 7.50000E-02-5.00000E-02
 -1       149 1.00000E+00-7.50000E-02 3.46945E-17
 -1       150 1.00000E+00-7.50000E-02-2.50000E-02
 -1       151 1.00000E+00-7.50000E-02 2.50000E-02
 -1       152 1.00000E+00 1.11022E-16 5.00000E-02
 -1       153 1.00000E+00 3.75000E-02 5.00000E-02
 -1       154 1.00000E+00-3.75000E-02 5.00000E-02
 -1       155 1.00000E+00 7.50000E-02 3.46945E-17
 -1       156 1.00000E+00 7.50000E-02-2.50000E-02
 -1       157 1.00000E+00 7.50000E-02 2.50000E-02
 -1       158 9.41176E-01-7.50000E-02 5.00000E-02
 -1       159 8.82353E-01-7.50000E-02 5.00000E-02
 -1       160 8.23529E-01-7.50000E-02 5.00000E-02
 -1       161 7.64706E-01-7.50000E-02 5.00000E-02
 -1       162 7.05882E-01-7.50000E-02 5.00000E-02
 -1       163 6.47059E-01-7.50000E-02 5.00000E-02
 -1       164 5.88235E-01-7.50000E-02 5.00000E-02
 -1       165 5.29412E-01-7.50000E-02 5.00000E-02
 -1       166 4.70588E-01-7.50000E-02 5.00000E-02
 -1       167 4.11765E-01-7.50000E-02 5.00000E-02
 -1       168 3.52941E-01-7.50000E-02 5.00000E-02
 -1       169 2.94118E-01-7.50000E-02 5.00000E-02
 -1       170 2.35294E-01-7.50000E-02 5.00000E-02
 -1       171 1.76471E-01-7.50000E-02 5.00000E-02
 -1       172 1.17647E-01-7.50000E-02 5.00000E-02
 -1       173 5.88235E-02-7.50000E-02 5.00000E-02
 -1       174 0.00000E+00-7.50000E-02 5.00000E-02
 -1       175-5.88235E-02-7.50000E-02 5.00000E-02
 -1       176-1.17647E-01-7.50000E-02 5.00000E-02
 -1       177-1.76471E-01-7.50000E-02 5.00000E-02
 -1       178-2.35294E-01-7.50000E-02 5.00000E-02
 -1       179-2.94118E-01-7.50000E-02 5.00000E-02
 -1       180-3.52941E-01-7.50000E-02 5.00000E-02
 -1       181-4.11765E-01-7.50000E-02 5.00000E-02
 -1       182-4.70588E-01-7.50000E-02 5.00000E-02
 -1       183-5.29412E-01-7.50000E-02 5.00000E-02
 -1       184-5.88235E-01-7.50000E-02 5.00000E-02
 -1       185-6.47059E-01-7.50000E-02 5.00000E-02
 -1       186-7.05882E-01-7.50000E-02 5.00000E-02
 -1       187-7.64706E-01-7.50000E-02 5.00000E-02
 -1       188-8.23529E-01-7.50000E-02 5.00000E-02
 -1       189-8.82353E-01-7.50000E-02 5.00000E-02
 -1       190-9.41176E-01-7.50000E-02 5.00000E-02
 -1       191 9.70588E-01-7.50000E-02 5.00000E-02
 -1       192 9.11765E-01-7.50000E-02 5.00000E-02
 -1       193 8.52941E-01-7.50000E-02 5.00000E-02
 -1       194 7.94118E-01-7.50000E-02 5.00000E-02
 -1       195 7.35294E-01-7.50000E-02 5.00000E-02
 -1       196 6.76471E-01-7.50000E-02 5.00000E-02
 -1       197 6.17647E-01-7.50000E-02 5.00000E-02
 -1       198 5.58824E-01-7.50000E-02 5.00000E-02
 -1       199 5.00000E-01-7.50000E-02 5.00000E-02
 -1       200 4.41176E-01-7.50000E-02 5.00000E-02
 -1       201 3.82353E-01-7.50000E-02 5.00000E-02
 -1       202 3.23529E-01-7.50000E-02 5.00000E-02
 -1       203 2.64706E-01-7.50000E-02 5.00000E-02
 -1       204 2.05882E-01-7.50000E-02 5.00000E-02
 -1       205 1.47059E-01-7.50000E-02 5.00000E-02
 -1       206 8.82353E-02-7.50000E-02 5.00000E-02
 -1       207 2.94118E-02-7.50000E-02 5.00000E-02
 -1       208-2.94118E-02-7.50000E-02 5.00000E-02
 -1       209-8.82353E-02-7.50000E-02 5.00000E-02
 -1       210-1.47059E-01-7.50000E-02 5.00000E-02
 -1       211-2.05882E-01-7.50000E-02 5.00000E-02
 -1       212-2.64706E-01-7.50000E-02 5.00000E-02
 -1       213-3.23529E-01-7.50000E-02 5.00000E-02
 -1       214-3.82353E-01-7.50000E-02 5.00000E-02
 -1       215-4.41176E-01-7.50000E-02 5.00000E-02
 -1       216-5.00000E-01-7.50000E-02 5.00000E-02
 -1       217-5.58824E-01-7.50000E-02 5.00000E-02
 -1       218-6.17647E-01-7.50000E-02 5.00000E-02
 -1       219-6.76471E-01-7.50000E-02 5.00000E-02
 -1       220-7.35294E-01-7.50000E-02 5.00000E-02
 -1       221-7.94118E-01-7.50000E-02 5.00000E-02
 -1       222-8.52941E-01-7.50000E-02 5.00000E-02
 -1       223-9.11765E-01-7.50000E-02 5.00000E-02
 -1       224-9.70588E-01-7.50000E-02 5.00000E-02
 -1       225-1.00000E+00 1.11022E-16 5.00000E-02
 -1       226-1.00000E+00 3.75000E-02 5.00000E-02
 -1       227-1.00000E+00-3.75000E-02 5.00000E-02
 -1       228 9.41176E-01 7.50000E-02 5.00000E-02
 -1       229 8.82353E-01 7.50000E-02 5.00000E-02
 -1       230 8.23529E-01 7.50000E-02 5.00000E-02
 -1       231 7.64706E-01 7.50000E-02 5.00000E-02
 -1       232 7.05882E-01 7.50000E-02 5.00000E-02
 -1       233 6.47059E-01 7.50000E-02 5.00000E-02
 -1       234 5.88235E-01 7.50000E-02 5.00000E-02
 -1       235 5.29412E-01 7.50000E-02 5.00000E-02
 -1       236 4.70588E-01 7.50000E-02 5.00000E-02
 -1       237 4.11765E-01 7.50000E-02 5.00000E-02
 -1       238 3.52941E-01 7.50000E-02 5.00000E-02
 -1       239 2.94118E-01 7.50000E-02 5.00000E-02
 -1       240 2.35294E-01 7.50000E-02 5.00000E-02
 -1       241 1.76471E-01 7.50000E-02 5.00000E-02
 -1       242 1.17647E-01 7.50000E-02 5.00000E-02
 -1       243 5.88235E-02 7.50000E-02 5.00000E-02
 -1       244 0.00000E+00 7.50000E-02 5.00000E-02
 -1       245-5.88235E-02 7.50000E-02 5.00000E-02
 -1       246-1.17647E-01 7.50000E-02 5.00000E-02
 -1       247-1.76471E-01 7.50000E-02 5.00000E-02
 -1       248-2.35294E-01 7.50000E-02 5.00000E-02
 -1       249-2.94118E-01 7.50000E-02 5.00000E-02
 -1       250-3.52941E-01 7.50000E-02 5.00000E-02
 -1       251-4.11765E-01 7.50000E-02 5.00000E-02
 -1       252-4.70588E-01 7.50000E-02 5.00000E-02
 -1       253-5.29412E-01 7.50000E-02 5.00000E-02
 -1       254-5.88235E-01 7.50000E-02 5.00000E-02
 -1       255-6.47059E-01 7.50000E-02 5.00000E-02
 -1       256-7.05882E-01 7.50000E-02 5.00000E-02
 -1       257-7.64706E-01 7.50000E-02 5.00000E-02
 -1       258-8.23529E-01 7.50000E-02 5.00000E-02
 -1       259-8.82353E-01 7.50000E-02 5.00000E-02
 -1       260-9.41176E-01 7.50000E-02 5.00000E-02
 -1       261 9.70588E-01 7.50000E-02 5.00000E-02
 -1       262 9.11765E-01 7.50000E-02 5.00000E-02
 -1       263 8.52941E-01 7.50000E-02 5.00000E-02
 -1       264 7.94118E-01 7.50000E-02 5.00000E-02
 -1       265 7.35294E-01 7.50000E-02 5.00000E-02
 -1       266 6.76471E-01 7.50000E-02 5.00000E-02
 -1       267 6.17647E-01 7.50000E-02 5.00000E-02
 -1       268 5.58824E-01 7.50000E-02 5.00000E-02
 -1       269 5.00000E-01 7.50000E-02 5.00000E-02
 -1       270 4.41176E-01 7.50000E-02 5.00000E-02
 -1       271 3.82353E-01 7.50000E-02 5.00000E-02
 -1       272 3.23529E-01 7.50000E-02 5.00000E-02
 -1       273 2.64706E-01 7.50000E-02 5.00000E-02
 -1       274 2.05882E-01 7.50000E-02 5.00000E-02
 -1       275 1.47059E-01 7.50000E-02 5.00000E-02
 -1       276 8.82353E-02 7.50000E-02 5.00000E-02
 -1       277 2.94118E-02 7.50000E-02 5.00000E-02
 -1       278-2.94118E-02 7.50000E-02 5.00000E-02
 -1       279-8.82353E-02 7.50000E-02 5.00000E-02
 -1       280-1.47059E-01 7.50000E-02 5.00000E-02
 -1       281-2.05882E-01 7.50000E-02 5.00000E-02
 -1       282-2.64706E-01 7.50000E-02 5.00000E-02
 -1       283-3.23529E-01 7.50000E-02 5.00000E-02
 -1       284-3.82353E-01 7.50000E-02 5.00000E-02
 -1       285-4.41176E-01 7.50000E-02 5.00000E-02
 -1       286-5.00000E-01 7.50000E-02 5.00000E-02
 -1       287-5.58824E-01 7.50000E-02 5.00000E-02
 -1       288-6.17647E-01 7.50000E-02 5.00000E-02
 -1       289-6.76471E-01 7.50000E-02 5.00000E-02
 -1       290-7.35294E-01 7.50000E-02 5.00000E-02
 -1       291-7.94118E-01 7.50000E-02 5.00000E-02
 -1       292-8.52941E-01 7.50000E-02 5.00000E-02
 -1       293-9.11765E-01 7.50000E-02 5.00000E-02
 -1       294-9.70588E-01 7.50000E-02 5.00000E-02
 -1       295-1.00000E+00-7.50000E-02-3.46945E-17
 -1       296-1.00000E+00-7.50000E-02 2.50000E-02
 -1       297-1.00000E+00-7.50000E-02-2.50000E-02
 -1       298-1.00000E+00 7.50000E-02-3.46945E-17
 -1       299-1.00000E+00 7.50000E-02 2.50000E-02
 -1       300-1.00000E+00 7.50000E-02-2.50000E-02
 -1       301-9.41176E-01 1.11022E-16-5.00000E-02
 -1       302-8.82353E-01 1.52656E-16-5.00000E-02
 -1       303-8.23529E-01 1.11022E-16-5.00000E-02
 -1       304-7.64706E-01 1.24900E-16-5.00000E-02
 -1       305-7.05882E-01 1.11022E-16-5.00000E-02
 -1       306-6.47059E-01 1.11022E-16-5.00000E-02
 -1       307-5.88235E-01 1.24900E-16-5.00000E-02
 -1       308-5.29412E-01 1.11022E-16-5.00000E-02
 -1       309-4.70588E-01 9.71445E-17-5.00000E-02
 -1       310-4.11765E-01 1.11022E-16-5.00000E-02
 -1       311-3.52941E-01 1.11022E-16-5.00000E-02
 -1       312-2.94118E-01 1.11022E-16-5.00000E-02
 -1       313-2.35294E-01 1.11022E-16-5.00000E-02
 -1       314-1.76471E-01 1.11022E-16-5.00000E-02
 -1       315-1.17647E-01 1.24900E-16-5.00000E-02
 -1       316-5.88235E-02 1.24900E-16-5.00000E-02
 -1       317 0.00000E+00 1.11022E-16-5.00000E-02
 -1       318 5.88235E-02 1.24900E-16-5.00000E-02
 -1       319 1.17647E-01 1.24900E-16-5.00000E-02
 -1       320 1.76471E-01 1.11022E-16-5.00000E-02
 -1       321 2.35294E-01 1.11022E-16-5.00000E-02
 -1       322 2.94118E-01 1.11022E-16-5.00000E-02
 -1       323 3.52941E-01 1.11022E-16-5.00000E-02
 -1       324 4.11765E-01 1.11022E-16-5.00000E-02
 -1       325 4.70588E-01 1.11022E-16-5.00000E-02
 -1       326 5.29412E-01 1.11022E-16-5.00000E-02
 -1       327 5.88235E-01 1.24900E-16-5.00000E-02
 -1       328 6.47059E-01 1.11022E-16-5.00000E-02
 -1       329 7.05882E-01 1.11022E-16-5.00000E-02
 -1       330 7.64706E-01 1.24900E-16-5.00000E-02
 -1       331 8.23529E-01 1.11022E-16-5.00000E-02
 -1       332 8.82353E-01 1.24900E-16-5.00000E-02
 -1       333 9.41176E-01 1.11022E-16-5.00000E-02
 -1       334-9.41176E-01 3.75000E-02-5.00000E-02
 -1       335-9.70588E-01 1.11022E-16-5.00000E-02
 -1       336-8.82353E-01 3.75000E-02-5.00000E-02
 -1       337-9.11765E-01 1.31839E-16-5.00000E-02
 -1       338-8.23529E-01 3.75000E-02-5.00000E-02
 -1       339-8.52941E-01 1.31839E-16-5.00000E-02
 -1       340-7.64706E-01 3.75000E-02-5.00000E-02
 -1       341-7.94118E-01 1.17961E-16-5.00000E-02
 -1       342-7.05882E-01 3.75000E-02-5.00000E-02
 -1       343-7.35294E-01 1.17961E-16-5.00000E-02
 -1       344-6.47059E-01 3.75000E-02-5.00000E-02
 -1       345-6.76471E-01 1.11022E-16-5.00000E-02
 -1       346-5.88235E-01 3.75000E-02-5.00000E-02
 -1       347-6.17647E-01 1.17961E-16-5.00000E-02
 -1       348-5.29412E-01 3.75000E-02-5.00000E-02
 -1       349-5.58824E-01 1.17961E-16-5.00000E-02
 -1       350-4.70588E-01 3.75000E-02-5.00000E-02
 -1       351-5.00000E-01 1.04083E-16-5.00000E-02
 -1       352-4.11765E-01 3.75000E-02-5.00000E-02
 -1       353-4.41176E-01 1.04083E-16-5.00000E-02
 -1       354-3.52941E-01 3.75000E-02-5.00000E-02
 -1       355-3.82353E-01 1.11022E-16-5.00000E-02
 -1       356-2.94118E-01 3.75000E-02-5.00000E-02
 -1       357-3.23529E-01 1.11022E-16-5.00000E-02
 -1       358-2.35294E-01 3.75000E-02-5.00000E-02
 -1       359-2.64706E-01 1.11022E-16-5.00000E-02
 -1       360-1.76471E-01 3.75000E-02-5.00000E-02
 -1       361-2.05882E-01 1.11022E-16-5.00000E-02
 -1       362-1.17647E-01 3.75000E-02-5.00000E-02
 -1       363-1.47059E-01 1.17961E-16-5.00000E-02
 -1       364-5.88235E-02 3.75000E-02-5.00000E-02
 -1       365-8.82353E-02 1.24900E-16-5.00000E-02
 -1       366 0.00000E+00 3.75000E-02-5.00000E-02
 -1       367-2.94118E-02 1.17961E-16-5.00000E-02
 -1       368 5.88235E-02 3.75000E-02-5.00000E-02
 -1       369 2.94118E-02 1.17961E-16-5.00000E-02
 -1       370 1.17647E-01 3.75000E-02-5.00000E-02
 -1       371 8.82353E-02 1.24900E-16-5.00000E-02
 -1       372 1.76471E-01 3.75000E-02-5.00000E-02
 -1       373 1.47059E-01 1.17961E-16-5.00000E-02
 -1       374 2.35294E-01 3.75000E-02-5.00000E-02
 -1       375 2.05882E-01 1.11022E-16-5.00000E-02
 -1       376 2.94118E-01 3.75000E-02-5.00000E-02
 -1       377 2.64706E-01 1.11022E-16-5.00000E-02
 -1       378 3.52941E-01 3.75000E-02-5.00000E-02
 -1       379 3.23529E-01 1.11022E-16-5.00000E-02
 -1       380 4.11765E-01 3.75000E-02-5.00000E-02
 -1       381 3.82353E-01 1.11022E-16-5.00000E-02
 -1       382 4.70588E-01 3.75000E-02-5.00000E-02
 -1       383 4.41176E-01 1.11022E-16-5.00000E-02
 -1       384 5.29412E-01 3.75000E-02-5.00000E-02
 -1       385 5.00000E-01 1.11022E-16-5.00000E-02
 -1       386 5.88235E-01 3.75000E-02-5.00000E-02
 -1       387 5.58824E-01 1.17961E-16-5.00000E-02
 -1       388 6.47059E-01 3.75000E-02-5.00000E-02
 -1       389 6.17647E-01 1.17961E-16-5.00000E-02
 -1       390 7.05882E-01 3.75000E-02-5.00000E-02
 -1       391 6.76471E-01 1.11022E-16-5.00000E-02
 -1       392 7.64706E-01 3.75000E-02-5.00000E-02
 -1       393 7.35294E-01 1.17961E-16-5.00000E-02
 -1       394 8.23529E-01 3.75000E-02-5.00000E-02
 -1       395 7.94118E-01 1.17961E-16-5.00000E-02
 -1       396 8.82353E-01 3.75000E-02-5.00000E-02
 -1       397 8.52941E-01 1.17961E-16-5.00000E-02
 -1       398 9.41176E-01 3.75000E-02-5.00000E-02
 -1       399 9.11765E-01 1.17961E-16-5.00000E-02
 -1       400 9.70588E-01 1.11022E-16-5.00000E-02
 -1       401-9.41176E-01-3.75000E-02-5.00000E-02
 -1       402-8.82353E-01-3.75000E-02-5.00000E-02
 -1       403-8.23529E-01-3.75000E-02-5.00000E-02
 -1       404-7.64706E-01-3.75000E-02-5.00000E-02
 -1       405-7.05882E-01-3.75000E-02-5.00000E-02
 -1       406-6.47059E-01-3.75000E-02-5.00000E-02
 -1       407-5.88235E-01-3.75000E-02-5.00000E-02
 -1       408-5.29412E-01-3.75000E-02-5.00000E-02
 -1       409-4.70588E-01-3.75000E-02-5.00000E-02
 -1       410-4.11765E-01-3.75000E-02-5.00000E-02
 -1       411-3.52941E-01-3.75000E-02-5.00000E-02
 -1       412-2.94118E-01-3.75000E-02-5.00000E-02
 -1       413-2.35294E-01-3.75000E-02-5.00000E-02
 -1       414-1.76471E-01-3.75000E-02-5.00000E-02
 -1       415-1.17647E-01-3.75000E-02-5.00000E-02
 -1       416-5.88235E-02-3.75000E-02-5.00000E-02
 -1       417 0.00000E+00-3.75000E-02-5.00000E-02
 -1       418 5.88235E-02-3.75000E-02-5.00000E-02
 -1       419 1.17647E-01-3.75000E-02-5.00000E-02
 -1       420 1.76471E-01-3.75000E-02-5.00000E-02
 -1       421 2.35294E-01-3.75000E-02-5.00000E-02
 -1       422 2.94118E-01-3.75000E-02-5.00000E-02
 -1       423 3.52941E-01-3.75000E-02-5.00000E-02
 -1       424 4.11765E-01-3.75000E-02-5.00000E-02
 -1       425 4.70588E-01-3.75000E-02-5.00000E-02
 -1       426 5.29412E-01-3.75000E-02-5.00000E-02
 -1       427 5.88235E-01-3.75000E-02-5.00000E-02
 -1       428 6.47059E-01-3.75000E-02-5.00000E-02
 -1       429 7.05882E-01-3.75000E-02-5.00000E-02
 -1       430 7.64706E-01-3.75000E-02-5.00000E-02
 -1       431 8.23529E-01-3.75000E-02-5.00000E-02
 -1       432 8.82353E-01-3.75000E-02-5.00000E-02
 -1       433 9.41176E-01-3.75000E-02-5.00000E-02
 -1       434 1.00000E+00 1.38778E-16 4.85723E-17
 -1       435 1.00000E+00 3.75000E-02 4.16334E-17
 -1       436 1.00000E+00 1.24900E-16-2.50000E-02
 -1       437 1.00000E+00 1.24900E-16 2.50000E-02
 -1       438 1.00000E+00-3.75000E-02 4.16334E-17
 -1       439 9.41176E-01 1.11022E-16 5.00000E-02
 -1       440 8.82353E-01 1.52656E-16 5.00000E-02
 -1       441 8.23529E-01 1.11022E-16 5.00000E-02
 -1       442 7.64706E-01 1.24900E-16 5.00000E-02
 -1       443 7.05882E-01 1.11022E-16 5.00000E-02
 -1       444 6.47059E-01 1.11022E-16 5.00000E-02
 -1       445 5.88235E-01 1.24900E-16 5.00000E-02
 -1       446 5.29412E-01 1.11022E-16 5.00000E-02
 -1       447 4.70588E-01 9.71445E-17 5.00000E-02
 -1       448 4.11765E-01 1.11022E-16 5.00000E-02
 -1       449 3.52941E-01 1.11022E-16 5.00000E-02
 -1       450 2.94118E-01 1.11022E-16 5.00000E-02
 -1       451 2.35294E-01 1.11022E-16 5.00000E-02
 -1       452 1.76471E-01 1.11022E-16 5.00000E-02
 -1       453 1.17647E-01 1.24900E-16 5.00000E-02
 -1       454 5.88235E-02 1.24900E-16 5.00000E-02
 -1       455 0.00000E+00 1.11022E-16 5.00000E-02
 -1       456-5.88235E-02 1.24900E-16 5.00000E-02
 -1       457-1.17647E-01 1.24900E-16 5.00000E-02
 -1       458-1.76471E-01 1.11022E-16 5.00000E-02
 -1       459-2.35294E-01 1.11022E-16 5.00000E-02
 -1       460-2.94118E-01 1.11022E-16 5.00000E-02
 -1       461-3.52941E-01 1.11022E-16 5.00000E-02
 -1       462-4.11765E-01 1.11022E-16 5.00000E-02
 -1       463-4.70588E-01 1.11022E-16 5.00000E-02
 -1       464-5.29412E-01 1.11022E-16 5.00000E-02
 -1       465-5.88235E-01 1.24900E-16 5.00000E-02
 -1       466-6.47059E-01 1.11022E-16 5.00000E-02
 -1       467-7.05882E-01 1.11022E-16 5.00000E-02
 -1       468-7.64706E-01 1.24900E-16 5.00000E-02
 -1       469-8.23529E-01 1.11022E-16 5.00000E-02
 -1       470-8.82353E-01 1.24900E-16 5.00000E-02
 -1       471-9.41176E-01 1.11022E-16 5.00000E-02
 -1       472 9.41176E-01 3.75000E-02 5.00000E-02
 -1       473 9.70588E-01 1.11022E-16 5.00000E-02
 -1       474 8.82353E-01 3.75000E-02 5.00000E-02
 -1       475 9.11765E-01 1.31839E-16 5.00000E-02
 -1       476 8.23529E-01 3.75000E-02 5.00000E-02
 -1       477 8.52941E-01 1.31839E-16 5.00000E-02
 -1       478 7.64706E-01 3.75000E-02 5.00000E-02
 -1       479 7.94118E-01 1.17961E-16 5.00000E-02
 -1       480 7.05882E-01 3.75000E-02 5.00000E-02
 -1       481 7.35294E-01 1.17961E-16 5.00000E-02
 -1       482 6.47059E-01 3.75000E-02 5.00000E-02
 -1       483 6.76471E-01 1.11022E-16 5.00000E-02
 -1       484 5.88235E-01 3.75000E-02 5.00000E-02
 -1       485 6.17647E-01 1.17961E-16 5.00000E-02
 -1       486 5.29412E-01 3.75000E-02 5.00000E-02
 -1       487 5.58824E-01 1.17961E-16 5.00000E-02
 -1       488 4.70588E-01 3.75000E-02 5.00000E-02
 -1       489 5.00000E-01 1.04083E-16 5.00000E-02
 -1       490 4.11765E-01 3.75000E-02 5.00000E-02
 -1       491 4.41176E-01 1.04083E-16 5.00000E-02
 -1       492 3.52941E-01 3.75000E-02 5.00000E-02
 -1       493 3.82353E-01 1.11022E-16 5.00000E-02
 -1       494 2.94118E-01 3.75000E-02 5.00000E-02
 -1       495 3.23529E-01 1.11022E-16 5.00000E-02
 -1       496 2.35294E-01 3.75000E-02 5.00000E-02
 -1       497 2.64706E-01 1.11022E-16 5.00000E-02
 -1       498 1.76471E-01 3.75000E-02 5.00000E-02
 -1       499 2.05882E-01 1.11022E-16 5.00000E-02
 -1       500 1.17647E-01 3.75000E-02 5.00000E-02
 -1       501 1.47059E-01 1.17961E-16 5.00000E-02
 -1       502 5.88235E-02 3.75000E-02 5.00000E-02
 -1       503 8.82353E-02 1.24900E-16 5.00000E-02
 -1       504 0.00000E+00 3.75000E-02 5.00000E-02
 -1       505 2.94118E-02 1.17961E-16 5.00000E-02
 -1       506-5.88235E-02 3.75000E-02 5.00000E-02
 -1       507-2.94118E-02 1.17961E-16 5.00000E-02
 -1       508-1.17647E-01 3.75000E-02 5.00000E-02
 -1       509-8.82353E-02 1.24900E-16 5.00000E-02
 -1       510-1.76471E-01 3.75000E-02 5.00000E-02
 -1       511-1.47059E-01 1.17961E-16 5.00000E-02
 -1       512-2.35294E-01 3.75000E-02 5.00000E-02
 -1       513-2.05882E-01 1.11022E-16 5.00000E-02
 -1       514-2.94118E-01 3.75000E-02 5.00000E-02
 -1       515-2.64706E-01 1.11022E-16 5.00000E-02
 -1       516-3.52941E-01 3.75000E-02 5.00000E-02
 -1       517-3.23529E-01 1.11022E-16 5.00000E-02
 -1       518-4.11765E-01 3.75000E-02 5.00000E-02
 -1       519-3.82353E-01 1.11022E-16 5.00000E-02
 -1       520-4.70588E-01 3.75000E-02 5.00000E-02
 -1       521-4.41176E-01 1.11022E-16 5.00000E-02
 -1       522-5.29412E-01 3.75000E-02 5.00000E-02
 -1       523-5.00000E-01 1.11022E-16 5.00000E-02
 -1       524-5.88235E-01 3.75000E-02 5.00000E-02
 -1       525-5.58824E-01 1.17961E-16 5.00000E-02
 -1       526-6.47059E-01 3.75000E-02 5.00000E-02
 -1       527-6.17647E-01 1.17961E-16 5.00000E-02
 -1       528-7.05882E-01 3.75000E-02 5.00000E-02
 -1       529-6.76471E-01 1.11022E-16 5.00000E-02
 -1       530-7.64706E-01 3.75000E-02 5.00000E-02
 -1       531-7.35294E-01 1.17961E-16 5.00000E-02
 -1       532-8.23529E-01 3.75000E-02 5.00000E-02
 -1       533-7.94118E-01 1.17961E-16 5.00000E-02
 -1       534-8.82353E-01 3.75000E-02 5.00000E-02
 -1       535-8.52941E-01 1.17961E-16 5.00000E-02
 -1       536-9.41176E-01 3.75000E-02 5.00000E-02
 -1       537-9.11765E-01 1.17961E-16 5.00000E-02
 -1       538-9.70588E-01 1.11022E-16 5.00000E-02
 -1       539 9.41176E-01-3.75000E-02 5.00000E-02
 -1       540 8.82353E-01-3.75000E-02 5.00000E-02
 -1       541 8.23529E-01-3.75000E-02 5.00000E-02
 -1       542 7.64706E-01-3.75000E-02 5.00000E-02
 -1       543 7.05882E-01-3.75000E-02 5.00000E-02
 -1       544 6.47059E-01-3.75000E-02 5.00000E-02
 -1       545 5.88235E-01-3.75000E-02 5.00000E-02
 -1       546 5.29412E-01-3.75000E-02 5.00000E-02
 -1       547 4.70588E-01-3.75000E-02 5.00000E-02
 -1       548 4.11765E-01-3.75000E-02 5.00000E-02
 -1       549 3.52941E-01-3.75000E-02 5.00000E-02
 -1       550 2.94118E-01-3.75000E-02 5.00000E-02
 -1       551 2.35294E-01-3.75000E-02 5.00000E-02
 -1       552 1.76471E-01-3.75000E-02 5.00000E-02
 -1       553 1.17647E-01-3.75000E-02 5.00000E-02
 -1       554 5.88235E-02-3.75000E-02 5.00000E-02
 -1       555 0.00000E+00-3.75000E-02 5.00000E-02
 -1       556-5.88235E-02-3.75000E-02 5.00000E-02
 -1       557-1.17647E-01-3.75000E-02 5.00000E-02
 -1       558-1.76471E-01-3.75000E-02 5.00000E-02
 -1       559-2.35294E-01-3.75000E-02 5.00000E-02
 -1       560-2.94118E-01-3.75000E-02 5.00000E-02
 -1       561-3.52941E-01-3.75000E-02 5.00000E-02
 -1       562-4.11765E-01-3.75000E-02 5.00000E-02
 -1       563-4.70588E-01-3.75000E-02 5.00000E-02
 -1       564-5.29412E-01-3.75000E-02 5.00000E-02
 -1       565-5.88235E-01-3.75000E-02 5.00000E-02
 -1       566-6.47059E-01-3.75000E-02 5.00000E-02
 -1       567-7.05882E-01-3.75000E-02 5.00000E-02
 -1       568-7.64706E-01-3.75000E-02 5.00000E-02
 -1       569-8.23529E-01-3.75000E-02 5.00000E-02
 -1       570-8.82353E-01-3.75000E-02 5.00000E-02
 -1       571-9.41176E-01-3.75000E-02 5.00000E-02
 -1       572-1.00000E+00 1.24900E-16-4.16334E-17
 -1       573-1.00000E+00 3.75000E-02-3.81639E-17
 -1       574-1.00000E+00 1.17961E-16 2.50000E-02
 -1       575-1.00000E+00 1.17961E-16-2.50000E-02
 -1       576-1.00000E+00-3.75000E-02-3.81639E-17
 -1       577-9.41176E-01 7.50000E-02-3.30873E-17
 -1       578-8.82353E-01 7.50000E-02-3.14801E-17
 -1       579-8.23529E-01 7.50000E-02-2.64035E-17
 -1       580-7.64706E-01 7.50000E-02-2.82658E-17
 -1       581-7.05882E-01 7.50000E-02-2.66586E-17
 -1       582-6.47059E-01 7.50000E-02-2.50514E-17
 -1       583-5.88235E-01 7.50000E-02-2.04085E-17
 -1       584-5.29412E-01 7.50000E-02-1.83677E-17
 -1       585-4.70588E-01 7.50000E-02-1.63268E-17
 -1       586-4.11765E-01 7.50000E-02-1.51533E-17
 -1       587-3.52941E-01 7.50000E-02-8.77566E-18
 -1       588-2.94118E-01 7.50000E-02-8.46953E-18
 -1       589-2.35294E-01 7.50000E-02-8.16340E-18
 -1       590-1.76471E-01 7.50000E-02-6.12255E-18
 -1       591-1.17647E-01 7.50000E-02-4.08170E-18
 -1       592-5.88235E-02 7.50000E-02-2.04085E-18
 -1       593 2.64339E-17 7.50000E-02 4.45737E-30
 -1       594 5.88235E-02 7.50000E-02 2.04085E-18
 -1       595 1.17647E-01 7.50000E-02 4.08170E-18
 -1       596 1.76471E-01 7.50000E-02 6.12255E-18
 -1       597 2.35294E-01 7.50000E-02 8.16340E-18
 -1       598 2.94118E-01 7.50000E-02 1.02043E-17
 -1       599 3.52941E-01 7.50000E-02 1.57146E-17
 -1       600 4.11765E-01 7.50000E-02 1.42860E-17
 -1       601 4.70588E-01 7.50000E-02 1.63268E-17
 -1       602 5.29412E-01 7.50000E-02 1.83677E-17
 -1       603 5.88235E-01 7.50000E-02 2.04085E-17
 -1       604 6.47059E-01 7.50000E-02 1.89799E-17
 -1       605 7.05882E-01 7.50000E-02 2.10208E-17
 -1       606 7.64706E-01 7.50000E-02 2.30616E-17
 -1       607 8.23529E-01 7.50000E-02 3.20414E-17
 -1       608 8.82353E-01 7.50000E-02 3.06128E-17
 -1       609 9.41176E-01 7.50000E-02 3.26536E-17
 -1       610-9.41176E-01 7.50000E-02 2.50000E-02
 -1       611-9.70588E-01 7.50000E-02-3.38909E-17
 -1       612-8.82353E-01 7.50000E-02 2.50000E-02
 -1       613-9.11765E-01 7.50000E-02-3.22837E-17
 -1       614-8.23529E-01 7.50000E-02 2.50000E-02
 -1       615-8.52941E-01 7.50000E-02-2.89418E-17
 -1       616-7.64706E-01 7.50000E-02 2.50000E-02
 -1       617-7.94118E-01 7.50000E-02-2.73346E-17
 -1       618-7.05882E-01 7.50000E-02 2.50000E-02
 -1       619-7.35294E-01 7.50000E-02-2.74622E-17
 -1       620-6.47059E-01 7.50000E-02 2.50000E-02
 -1       621-6.76471E-01 7.50000E-02-2.58550E-17
 -1       622-5.88235E-01 7.50000E-02 2.50000E-02
 -1       623-6.17647E-01 7.50000E-02-2.27300E-17
 -1       624-5.29412E-01 7.50000E-02 2.50000E-02
 -1       625-5.58824E-01 7.50000E-02-1.93881E-17
 -1       626-4.70588E-01 7.50000E-02 2.50000E-02
 -1       627-5.00000E-01 7.50000E-02-1.73472E-17
 -1       628-4.11765E-01 7.50000E-02 2.50000E-02
 -1       629-4.41176E-01 7.50000E-02-1.57401E-17
 -1       630-3.52941E-01 7.50000E-02 2.50000E-02
 -1       631-3.82353E-01 7.50000E-02-1.19645E-17
 -1       632-2.94118E-01 7.50000E-02 2.50000E-02
 -1       633-3.23529E-01 7.50000E-02-8.62260E-18
 -1       634-2.35294E-01 7.50000E-02 2.50000E-02
 -1       635-2.64706E-01 7.50000E-02-8.31647E-18
 -1       636-1.76471E-01 7.50000E-02 2.50000E-02
 -1       637-2.05882E-01 7.50000E-02-7.14298E-18
 -1       638-1.17647E-01 7.50000E-02 2.50000E-02
 -1       639-1.47059E-01 7.50000E-02-5.10213E-18
 -1       640-5.88235E-02 7.50000E-02 2.50000E-02
 -1       641-8.82353E-02 7.50000E-02-3.06128E-18
 -1       642 1.32169E-17 7.50000E-02 2.50000E-02
 -1       643-2.94118E-02 7.50000E-02-1.02043E-18
 -1       644 5.88235E-02 7.50000E-02 2.50000E-02
 -1       645 2.94118E-02 7.50000E-02 1.02043E-18
 -1       646 1.17647E-01 7.50000E-02 2.50000E-02
 -1       647 8.82353E-02 7.50000E-02 3.06128E-18
 -1       648 1.76471E-01 7.50000E-02 2.50000E-02
 -1       649 1.47059E-01 7.50000E-02 5.10213E-18
 -1       650 2.35294E-01 7.50000E-02 2.50000E-02
 -1       651 2.05882E-01 7.50000E-02 7.14298E-18
 -1       652 2.94118E-01 7.50000E-02 2.50000E-02
 -1       653 2.64706E-01 7.50000E-02 9.18383E-18
 -1       654 3.52941E-01 7.50000E-02 2.50000E-02
 -1       655 3.23529E-01 7.50000E-02 1.29594E-17
 -1       656 4.11765E-01 7.50000E-02 2.50000E-02
 -1       657 3.82353E-01 7.50000E-02 1.50003E-17
 -1       658 4.70588E-01 7.50000E-02 2.50000E-02
 -1       659 4.41176E-01 7.50000E-02 1.53064E-17
 -1       660 5.29412E-01 7.50000E-02 2.50000E-02
 -1       661 5.00000E-01 7.50000E-02 1.73472E-17
 -1       662 5.88235E-01 7.50000E-02 2.50000E-02
 -1       663 5.58824E-01 7.50000E-02 1.93881E-17
 -1       664 6.47059E-01 7.50000E-02 2.50000E-02
 -1       665 6.17647E-01 7.50000E-02 1.96942E-17
 -1       666 7.05882E-01 7.50000E-02 2.50000E-02
 -1       667 6.76471E-01 7.50000E-02 2.00003E-17
 -1       668 7.64706E-01 7.50000E-02 2.50000E-02
 -1       669 7.35294E-01 7.50000E-02 2.20412E-17
 -1       670 8.23529E-01 7.50000E-02 2.50000E-02
 -1       671 7.94118E-01 7.50000E-02 2.75515E-17
 -1       672 8.82353E-01 7.50000E-02 2.50000E-02
 -1       673 8.52941E-01 7.50000E-02 3.13271E-17
 -1       674 9.41176E-01 7.50000E-02 2.50000E-02
 -1       675 9.11765E-01 7.50000E-02 3.16332E-17
 -1       676 9.70588E-01 7.50000E-02 3.36740E-17
 -1       677-9.41176E-01 7.50000E-02-2.50000E-02
 -1       678-8.82353E-01 7.50000E-02-2.50000E-02
 -1       679-8.23529E-01 7.50000E-02-2.50000E-02
 -1       680-7.64706E-01 7.50000E-02-2.50000E-02
 -1       681-7.05882E-01 7.50000E-02-2.50000E-02
 -1       682-6.47059E-01 7.50000E-02-2.50000E-02
 -1       683-5.88235E-01 7.50000E-02-2.50000E-02
 -1       684-5.29412E-01 7.50000E-02-2.50000E-02
 -1       685-4.70588E-01 7.50000E-02-2.50000E-02
 -1       686-4.11765E-01 7.50000E-02-2.50000E-02
 -1       687-3.52941E-01 7.50000E-02-2.50000E-02
 -1       688-2.94118E-01 7.50000E-02-2.50000E-02
 -1       689-2.35294E-01 7.50000E-02-2.50000E-02
 -1       690-1.76471E-01 7.50000E-02-2.50000E-02
 -1       691-1.17647E-01 7.50000E-02-2.50000E-02
 -1       692-5.88235E-02 7.50000E-02-2.50000E-02
 -1       693 1.32169E-17 7.50000E-02-2.50000E-02
 -1       694 5.88235E-02 7.50000E-02-2.50000E-02
 -1       695 1.17647E-01 7.50000E-02-2.50000E-02
 -1       696 1.76471E-01 7.50000E-02-2.50000E-02
 -1       697 2.35294E-01 7.50000E-02-2.50000E-02
 -1       698 2.94118E-01 7.50000E-02-2.50000E-02
 -1       699 3.52941E-01 7.50000E-02-2.50000E-02
 -1       700 4.11765E-01 7.50000E-02-2.50000E-02
 -1       701 4.70588E-01 7.50000E-02-2.50000E-02
 -1       702 5.29412E-01 7.50000E-02-2.50000E-02
 -1       703 5.88235E-01 7.50000E-02-2.50000E-02
 -1       704 6.47059E-01 7.50000E-02-2.50000E-02
 -1       705 7.05882E-01 7.50000E-02-2.50000E-02
 -1       706 7.64706E-01 7.50000E-02-2.50000E-02
 -1       707 8.23529E-01 7.50000E-02-2.50000E-02
 -1       708 8.82353E-01 7.50000E-02-2.50000E-02
 -1       709 9.41176E-01 7.50000E-02-2.50000E-02
 -1       710-9.41176E-01-7.50000E-02-3.22199E-17
 -1       711-8.82353E-01-7.50000E-02-2.97454E-17
 -1       712-8.23529E-01-7.50000E-02-3.07403E-17
 -1       713-7.64706E-01-7.50000E-02-2.47963E-17
 -1       714-7.05882E-01-7.50000E-02-2.23218E-17
 -1       715-6.47059E-01-7.50000E-02-1.98473E-17
 -1       716-5.88235E-01-7.50000E-02-2.04085E-17
 -1       717-5.29412E-01-7.50000E-02-1.83677E-17
 -1       718-4.70588E-01-7.50000E-02-1.63268E-17
 -1       719-4.11765E-01-7.50000E-02-1.34186E-17
 -1       720-3.52941E-01-7.50000E-02-1.57146E-17
 -1       721-2.94118E-01-7.50000E-02-1.19390E-17
 -1       722-2.35294E-01-7.50000E-02-8.16340E-18
 -1       723-1.76471E-01-7.50000E-02-6.12255E-18
 -1       724-1.17647E-01-7.50000E-02-4.08170E-18
 -1       725-5.88235E-02-7.50000E-02-2.04085E-18
 -1       726 2.64339E-17-7.50000E-02-4.45737E-30
 -1       727 5.88235E-02-7.50000E-02 2.04085E-18
 -1       728 1.17647E-01-7.50000E-02 4.08170E-18
 -1       729 1.76471E-01-7.50000E-02 6.12255E-18
 -1       730 2.35294E-01-7.50000E-02 8.16340E-18
 -1       731 2.94118E-01-7.50000E-02 1.02043E-17
 -1       732 3.52941E-01-7.50000E-02 8.77566E-18
 -1       733 4.11765E-01-7.50000E-02 1.42860E-17
 -1       734 4.70588E-01-7.50000E-02 1.63268E-17
 -1       735 5.29412E-01-7.50000E-02 1.83677E-17
 -1       736 5.88235E-01-7.50000E-02 2.04085E-17
 -1       737 6.47059E-01-7.50000E-02 2.59188E-17
 -1       738 7.05882E-01-7.50000E-02 2.79597E-17
 -1       739 7.64706E-01-7.50000E-02 3.00005E-17
 -1       740 8.23529E-01-7.50000E-02 2.51025E-17
 -1       741 8.82353E-01-7.50000E-02 3.06128E-17
 -1       742 9.41176E-01-7.50000E-02 3.26536E-17
 -1       743-9.70588E-01-7.50000E-02-3.34572E-17
 -1       744-9.41176E-01-7.50000E-02 2.50000E-02
 -1       745-9.11765E-01-7.50000E-02-3.09827E-17
 -1       746-8.82353E-01-7.50000E-02 2.50000E-02
 -1       747-8.52941E-01-7.50000E-02-3.02429E-17
 -1       748-8.23529E-01-7.50000E-02 2.50000E-02
 -1       749-7.94118E-01-7.50000E-02-2.77683E-17
 -1       750-7.64706E-01-7.50000E-02 2.50000E-02
 -1       751-7.35294E-01-7.50000E-02-2.35591E-17
 -1       752-7.05882E-01-7.50000E-02 2.50000E-02
 -1       753-6.76471E-01-7.50000E-02-2.10845E-17
 -1       754-6.47059E-01-7.50000E-02 2.50000E-02
 -1       755-6.17647E-01-7.50000E-02-2.01279E-17
 -1       756-5.88235E-01-7.50000E-02 2.50000E-02
 -1       757-5.58824E-01-7.50000E-02-1.93881E-17
 -1       758-5.29412E-01-7.50000E-02 2.50000E-02
 -1       759-5.00000E-01-7.50000E-02-1.73472E-17
 -1       760-4.70588E-01-7.50000E-02 2.50000E-02
 -1       761-4.41176E-01-7.50000E-02-1.48727E-17
 -1       762-4.11765E-01-7.50000E-02 2.50000E-02
 -1       763-3.82353E-01-7.50000E-02-1.45666E-17
 -1       764-3.52941E-01-7.50000E-02 2.50000E-02
 -1       765-3.23529E-01-7.50000E-02-1.38268E-17
 -1       766-2.94118E-01-7.50000E-02 2.50000E-02
 -1       767-2.64706E-01-7.50000E-02-1.00512E-17
 -1       768-2.35294E-01-7.50000E-02 2.50000E-02
 -1       769-2.05882E-01-7.50000E-02-7.14298E-18
 -1       770-1.76471E-01-7.50000E-02 2.50000E-02
 -1       771-1.47059E-01-7.50000E-02-5.10213E-18
 -1       772-1.17647E-01-7.50000E-02 2.50000E-02
 -1       773-8.82353E-02-7.50000E-02-3.06128E-18
 -1       774-5.88235E-02-7.50000E-02 2.50000E-02
 -1       775-2.94118E-02-7.50000E-02-1.02043E-18
 -1       776 1.32169E-17-7.50000E-02 2.50000E-02
 -1       777 2.94118E-02-7.50000E-02 1.02043E-18
 -1       778 5.88235E-02-7.50000E-02 2.50000E-02
 -1       779 8.82353E-02-7.50000E-02 3.06128E-18
 -1       780 1.17647E-01-7.50000E-02 2.50000E-02
 -1       781 1.47059E-01-7.50000E-02 5.10213E-18
 -1       782 1.76471E-01-7.50000E-02 2.50000E-02
 -1       783 2.05882E-01-7.50000E-02 7.14298E-18
 -1       784 2.35294E-01-7.50000E-02 2.50000E-02
 -1       785 2.64706E-01-7.50000E-02 9.18383E-18
 -1       786 2.94118E-01-7.50000E-02 2.50000E-02
 -1       787 3.23529E-01-7.50000E-02 9.48996E-18
 -1       788 3.52941E-01-7.50000E-02 2.50000E-02
 -1       789 3.82353E-01-7.50000E-02 1.15308E-17
 -1       790 4.11765E-01-7.50000E-02 2.50000E-02
 -1       791 4.41176E-01-7.50000E-02 1.53064E-17
 -1       792 4.70588E-01-7.50000E-02 2.50000E-02
 -1       793 5.00000E-01-7.50000E-02 1.73472E-17
 -1       794 5.29412E-01-7.50000E-02 2.50000E-02
 -1       795 5.58824E-01-7.50000E-02 1.93881E-17
 -1       796 5.88235E-01-7.50000E-02 2.50000E-02
 -1       797 6.17647E-01-7.50000E-02 2.31637E-17
 -1       798 6.47059E-01-7.50000E-02 2.50000E-02
 -1       799 6.76471E-01-7.50000E-02 2.69392E-17
 -1       800 7.05882E-01-7.50000E-02 2.50000E-02
 -1       801 7.35294E-01-7.50000E-02 2.89801E-17
 -1       802 7.64706E-01-7.50000E-02 2.50000E-02
 -1       803 7.94118E-01-7.50000E-02 2.75515E-17
 -1       804 8.23529E-01-7.50000E-02 2.50000E-02
 -1       805 8.52941E-01-7.50000E-02 2.78576E-17
 -1       806 8.82353E-01-7.50000E-02 2.50000E-02
 -1       807 9.11765E-01-7.50000E-02 3.16332E-17
 -1       808 9.41176E-01-7.50000E-02 2.50000E-02
 -1       809 9.70588E-01-7.50000E-02 3.36740E-17
 -1       810-9.41176E-01-7.50000E-02-2.50000E-02
 -1       811-8.82353E-01-7.50000E-02-2.50000E-02
 -1       812-8.23529E-01-7.50000E-02-2.50000E-02
 -1       813-7.64706E-01-7.50000E-02-2.50000E-02
 -1       814-7.05882E-01-7.50000E-02-2.50000E-02
 -1       815-6.47059E-01-7.50000E-02-2.50000E-02
 -1       816-5.88235E-01-7.50000E-02-2.50000E-02
 -1       817-5.29412E-01-7.50000E-02-2.50000E-02
 -1       818-4.70588E-01-7.50000E-02-2.50000E-02
 -1       819-4.11765E-01-7.50000E-02-2.50000E-02
 -1       820-3.52941E-01-7.50000E-02-2.50000E-02
 -1       821-2.94118E-01-7.50000E-02-2.50000E-02
 -1       822-2.35294E-01-7.50000E-02-2.50000E-02
 -1       823-1.76471E-01-7.50000E-02-2.50000E-02
 -1       824-1.17647E-01-7.50000E-02-2.50000E-02
 -1       825-5.88235E-02-7.50000E-02-2.50000E-02
 -1       826 1.32169E-17-7.50000E-02-2.50000E-02
 -1       827 5.88235E-02-7.50000E-02-2.50000E-02
 -1       828 1.17647E-01-7.50000E-02-2.50000E-02
 -1       829 1.76471E-01-7.50000E-02-2.50000E-02
 -1       830 2.35294E-01-7.50000E-02-2.50000E-02
 -1       831 2.94118E-01-7.50000E-02-2.50000E-02
 -1       832 3.52941E-01-7.50000E-02-2.50000E-02
 -1       833 4.11765E-01-7.50000E-02-2.50000E-02
 -1       834 4.70588E-01-7.50000E-02-2.50000E-02
 -1       835 5.29412E-01-7.50000E-02-2.50000E-02
 -1       836 5.88235E-01-7.50000E-02-2.50000E-02
 -1       837 6.47059E-01-7.50000E-02-2.50000E-02
 -1       838 7.05882E-01-7.50000E-02-2.50000E-02
 -1       839 7.64706E-01-7.50000E-02-2.50000E-02
 -1       840 8.23529E-01-7.50000E-02-2.50000E-02
 -1       841 8.82353E-01-7.50000E-02-2.50000E-02
 -1       842 9.41176E-01-7.50000E-02-2.50000E-02
 -1       843-9.41176E-01 1.36826E-16-4.28260E-17
 -1       844-8.82353E-01 1.73039E-16-4.05492E-17
 -1       845-8.23529E-01 1.32706E-16-3.46945E-17
 -1       846-7.64706E-01 1.55258E-16-3.59955E-17
 -1       847-7.05882E-01 1.39645E-16-3.59955E-17
 -1       848-6.47059E-01 1.35308E-16-3.12250E-17
 -1       849-5.88235E-01 1.49620E-16-2.73219E-17
 -1       850-5.29412E-01 1.38778E-16-2.34188E-17
 -1       851-4.70588E-01 1.30104E-16-2.25514E-17
 -1       852-4.11765E-01 1.37043E-16-1.56125E-17
 -1       853-3.52941E-01 1.36176E-16-1.30104E-17
 -1       854-2.94118E-01 1.33574E-16-1.56125E-17
 -1       855-2.35294E-01 1.29237E-16-1.47451E-17
 -1       856-1.76471E-01 1.32706E-16-6.07153E-18
 -1       857-1.17647E-01 1.47451E-16-5.20417E-18
 -1       858-5.88235E-02 1.49186E-16-5.20417E-18
 -1       859-2.77556E-17 1.31839E-16 5.20417E-18
 -1       860 5.88235E-02 1.49186E-16 1.73472E-18
 -1       861 1.17647E-01 1.47451E-16 6.07153E-18
 -1       862 1.76471E-01 1.35308E-16 6.93889E-18
 -1       863 2.35294E-01 1.33574E-16 8.67362E-18
 -1       864 2.94118E-01 1.31839E-16 1.56125E-17
 -1       865 3.52941E-01 1.35308E-16 1.73472E-17
 -1       866 4.11765E-01 1.31839E-16 1.73472E-17
 -1       867 4.70588E-01 1.19696E-16 1.73472E-17
 -1       868 5.29412E-01 1.24900E-16 2.60209E-17
 -1       869 5.88235E-01 1.42247E-16 2.77556E-17
 -1       870 6.47059E-01 1.26635E-16 2.94903E-17
 -1       871 7.05882E-01 1.31839E-16 2.94903E-17
 -1       872 7.64706E-01 1.42247E-16 3.46945E-17
 -1       873 8.23529E-01 1.24900E-16 3.81639E-17
 -1       874 8.82353E-01 1.59595E-16 3.46945E-17
 -1       875 9.41176E-01 1.17961E-16 4.16334E-17
 -1       876-9.41176E-01 1.23924E-16-2.50000E-02
 -1       877-9.70588E-01 1.30863E-16-4.22297E-17
 -1       878-9.41176E-01 3.75000E-02-3.79566E-17
 -1       879-9.41176E-01 1.23924E-16 2.50000E-02
 -1       880-8.82353E-01 1.62847E-16-2.50000E-02
 -1       881-9.11765E-01 1.54932E-16-4.16876E-17
 -1       882-8.82353E-01 3.75000E-02-3.60146E-17
 -1       883-8.82353E-01 1.48969E-16 2.50000E-02
 -1       884-8.23529E-01 1.21864E-16-2.50000E-02
 -1       885-8.52941E-01 1.52873E-16-3.76218E-17
 -1       886-8.23529E-01 3.75000E-02-3.05490E-17
 -1       887-8.23529E-01 1.21864E-16 2.50000E-02
 -1       888-7.64706E-01 1.40079E-16-2.50000E-02
 -1       889-7.94118E-01 1.43982E-16-3.53450E-17
 -1       890-7.64706E-01 3.75000E-02-3.21306E-17
 -1       891-7.64706E-01 1.40079E-16 2.50000E-02
 -1       892-7.05882E-01 1.25334E-16-2.50000E-02
 -1       893-7.35294E-01 1.47451E-16-3.59955E-17
 -1       894-7.05882E-01 3.75000E-02-3.13271E-17
 -1       895-7.05882E-01 1.25334E-16 2.50000E-02
 -1       896-6.47059E-01 1.23165E-16-2.50000E-02
 -1       897-6.76471E-01 1.37477E-16-3.36103E-17
 -1       898-6.47059E-01 3.75000E-02-2.81382E-17
 -1       899-6.47059E-01 1.23165E-16 2.50000E-02
 -1       900-5.88235E-01 1.37260E-16-2.50000E-02
 -1       901-6.17647E-01 1.42464E-16-2.92735E-17
 -1       902-5.88235E-01 3.75000E-02-2.38652E-17
 -1       903-5.88235E-01 1.37260E-16 2.50000E-02
 -1       904-5.29412E-01 1.24900E-16-2.50000E-02
 -1       905-5.58824E-01 1.44199E-16-2.53703E-17
 -1       906-5.29412E-01 3.75000E-02-2.08932E-17
 -1       907-5.29412E-01 1.24900E-16 2.50000E-02
 -1       908-4.70588E-01 1.13624E-16-2.50000E-02
 -1       909-5.00000E-01 1.34441E-16-2.29851E-17
 -1       910-4.70588E-01 3.75000E-02-1.94391E-17
 -1       911-4.70588E-01 1.20563E-16 2.50000E-02
 -1       912-4.11765E-01 1.24033E-16-2.50000E-02
 -1       913-4.41176E-01 1.33574E-16-1.90820E-17
 -1       914-4.11765E-01 3.75000E-02-1.53829E-17
 -1       915-4.11765E-01 1.24033E-16 2.50000E-02
 -1       916-3.52941E-01 1.23599E-16-2.50000E-02
 -1       917-3.82353E-01 1.36609E-16-1.43115E-17
 -1       918-3.52941E-01 3.75000E-02-1.08930E-17
 -1       919-3.52941E-01 1.23599E-16 2.50000E-02
 -1       920-2.94118E-01 1.22298E-16-2.50000E-02
 -1       921-3.23529E-01 1.34875E-16-1.43115E-17
 -1       922-2.94118E-01 3.75000E-02-1.20410E-17
 -1       923-2.94118E-01 1.22298E-16 2.50000E-02
 -1       924-2.35294E-01 1.20130E-16-2.50000E-02
 -1       925-2.64706E-01 1.31405E-16-1.51788E-17
 -1       926-2.35294E-01 3.75000E-02-1.14543E-17
 -1       927-2.35294E-01 1.20130E-16 2.50000E-02
 -1       928-1.76471E-01 1.21864E-16-2.50000E-02
 -1       929-2.05882E-01 1.30972E-16-1.04083E-17
 -1       930-1.76471E-01 3.75000E-02-6.09704E-18
 -1       931-1.76471E-01 1.21864E-16 2.50000E-02
 -1       932-1.17647E-01 1.36176E-16-2.50000E-02
 -1       933-1.47059E-01 1.40079E-16-5.63785E-18
 -1       934-1.17647E-01 3.75000E-02-4.64294E-18
 -1       935-1.17647E-01 1.36176E-16 2.50000E-02
 -1       936-5.88235E-02 1.37043E-16-2.50000E-02
 -1       937-8.82353E-02 1.48319E-16-5.20417E-18
 -1       938-5.88235E-02 3.75000E-02-3.62251E-18
 -1       939-5.88235E-02 1.37043E-16 2.50000E-02
 -1       940-1.38778E-17 1.21431E-16-2.50000E-02
 -1       941-2.94118E-02 1.40513E-16 0.00000E+00
 -1       942-6.60847E-19 3.75000E-02 2.60209E-18
 -1       943-1.38778E-17 1.21431E-16 2.50000E-02
 -1       944 5.88235E-02 1.37043E-16-2.50000E-02
 -1       945 2.94118E-02 1.40513E-16 3.46945E-18
 -1       946 5.88235E-02 3.75000E-02 1.88779E-18
 -1       947 5.88235E-02 1.37043E-16 2.50000E-02
 -1       948 1.17647E-01 1.36176E-16-2.50000E-02
 -1       949 8.82353E-02 1.48319E-16 3.90313E-18
 -1       950 1.17647E-01 3.75000E-02 5.07662E-18
 -1       951 1.17647E-01 1.36176E-16 2.50000E-02
 -1       952 1.76471E-01 1.23165E-16-2.50000E-02
 -1       953 1.47059E-01 1.41380E-16 6.50521E-18
 -1       954 1.76471E-01 3.75000E-02 6.53072E-18
 -1       955 1.76471E-01 1.23165E-16 2.50000E-02
 -1       956 2.35294E-01 1.22298E-16-2.50000E-02
 -1       957 2.05882E-01 1.34441E-16 7.80626E-18
 -1       958 2.35294E-01 3.75000E-02 8.41851E-18
 -1       959 2.35294E-01 1.22298E-16 2.50000E-02
 -1       960 2.94118E-01 1.21431E-16-2.50000E-02
 -1       961 2.64706E-01 1.32706E-16 1.21431E-17
 -1       962 2.94118E-01 3.75000E-02 1.29084E-17
 -1       963 2.94118E-01 1.21431E-16 2.50000E-02
 -1       964 3.52941E-01 1.23165E-16-2.50000E-02
 -1       965 3.23529E-01 1.33574E-16 1.64799E-17
 -1       966 3.52941E-01 3.75000E-02 1.65309E-17
 -1       967 3.52941E-01 1.23165E-16 2.50000E-02
 -1       968 4.11765E-01 1.21431E-16-2.50000E-02
 -1       969 3.82353E-01 1.33574E-16 1.73472E-17
 -1       970 4.11765E-01 3.75000E-02 1.58166E-17
 -1       971 4.11765E-01 1.21431E-16 2.50000E-02
 -1       972 4.70588E-01 1.15359E-16-2.50000E-02
 -1       973 4.41176E-01 1.25767E-16 1.73472E-17
 -1       974 4.70588E-01 3.75000E-02 1.68370E-17
 -1       975 4.70588E-01 1.08420E-16 2.50000E-02
 -1       976 5.29412E-01 1.17961E-16-2.50000E-02
 -1       977 5.00000E-01 1.22298E-16 2.16840E-17
 -1       978 5.29412E-01 3.75000E-02 2.21943E-17
 -1       979 5.29412E-01 1.17961E-16 2.50000E-02
 -1       980 5.88235E-01 1.33574E-16-2.50000E-02
 -1       981 5.58824E-01 1.33574E-16 2.68882E-17
 -1       982 5.88235E-01 3.75000E-02 2.40820E-17
 -1       983 5.88235E-01 1.33574E-16 2.50000E-02
 -1       984 6.47059E-01 1.18829E-16-2.50000E-02
 -1       985 6.17647E-01 1.34441E-16 2.86229E-17
 -1       986 6.47059E-01 3.75000E-02 2.42351E-17
 -1       987 6.47059E-01 1.18829E-16 2.50000E-02
 -1       988 7.05882E-01 1.21431E-16-2.50000E-02
 -1       989 6.76471E-01 1.29237E-16 2.94903E-17
 -1       990 7.05882E-01 3.75000E-02 2.52555E-17
 -1       991 7.05882E-01 1.21431E-16 2.50000E-02
 -1       992 7.64706E-01 1.33574E-16-2.50000E-02
 -1       993 7.35294E-01 1.37043E-16 3.20924E-17
 -1       994 7.64706E-01 3.75000E-02 2.88780E-17
 -1       995 7.64706E-01 1.33574E-16 2.50000E-02
 -1       996 8.23529E-01 1.17961E-16-2.50000E-02
 -1       997 7.94118E-01 1.33574E-16 3.64292E-17
 -1       998 8.23529E-01 3.75000E-02 3.51026E-17
 -1       999 8.23529E-01 1.17961E-16 2.50000E-02
 -1      1000 8.82353E-01 1.42247E-16-2.50000E-02
 -1      1001 8.52941E-01 1.42247E-16 3.64292E-17
 -1      1002 8.82353E-01 3.75000E-02 3.26536E-17
 -1      1003 8.82353E-01 1.56125E-16 2.50000E-02
 -1      1004 9.41176E-01 1.14492E-16-2.50000E-02
 -1      1005 9.11765E-01 1.38778E-16 3.81639E-17
 -1      1006 9.41176E-01 3.75000E-02 3.71435E-17
 -1      1007 9.41176E-01 1.14492E-16 2.50000E-02
 -1      1008 9.70588E-01 1.28370E-16 4.51028E-17
 -1      1009-9.41176E-01-3.75000E-02-3.75230E-17
 -1      1010-8.82353E-01-3.75000E-02-3.51473E-17
 -1      1011-8.23529E-01-3.75000E-02-3.27174E-17
 -1      1012-7.64706E-01-3.75000E-02-3.03959E-17
 -1      1013-7.05882E-01-3.75000E-02-2.91587E-17
 -1      1014-6.47059E-01-3.75000E-02-2.55362E-17
 -1      1015-5.88235E-01-3.75000E-02-2.38652E-17
 -1      1016-5.29412E-01-3.75000E-02-2.08932E-17
 -1      1017-4.70588E-01-3.75000E-02-1.94391E-17
 -1      1018-4.11765E-01-3.75000E-02-1.45156E-17
 -1      1019-3.52941E-01-3.75000E-02-1.43625E-17
 -1      1020-2.94118E-01-3.75000E-02-1.37757E-17
 -1      1021-2.35294E-01-3.75000E-02-1.14543E-17
 -1      1022-1.76471E-01-3.75000E-02-6.09704E-18
 -1      1023-1.17647E-01-3.75000E-02-4.64294E-18
 -1      1024-5.88235E-02-3.75000E-02-3.62251E-18
 -1      1025-6.60847E-19-3.75000E-02 2.60209E-18
 -1      1026 5.88235E-02-3.75000E-02 1.88779E-18
 -1      1027 1.17647E-01-3.75000E-02 5.07662E-18
 -1      1028 1.76471E-01-3.75000E-02 6.53072E-18
 -1      1029 2.35294E-01-3.75000E-02 8.41851E-18
 -1      1030 2.94118E-01-3.75000E-02 1.29084E-17
 -1      1031 3.52941E-01-3.75000E-02 1.30614E-17
 -1      1032 4.11765E-01-3.75000E-02 1.58166E-17
 -1      1033 4.70588E-01-3.75000E-02 1.68370E-17
 -1      1034 5.29412E-01-3.75000E-02 2.21943E-17
 -1      1035 5.88235E-01-3.75000E-02 2.40820E-17
 -1      1036 6.47059E-01-3.75000E-02 2.77046E-17
 -1      1037 7.05882E-01-3.75000E-02 2.87250E-17
 -1      1038 7.64706E-01-3.75000E-02 3.23475E-17
 -1      1039 8.23529E-01-3.75000E-02 3.16332E-17
 -1      1040 8.82353E-01-3.75000E-02 3.26536E-17
 -1      1041 9.41176E-01-3.75000E-02 3.71435E-17
 -3
    3C                           136                                     1
 -1         1    4    0    1
 -2         1         9       301        82       298       572       843       577        10       335
 -2       334       115       300       575       876       677       573       877       878       611
 -1         2    4    0    1
 -2       298       572       843       577         8       225       471       260       573       877
 -2       878       611       299       574       879       610       226       538       536       294
 -1         3    4    0    1
 -2        82       301       302        83       577       843       844       578       334       337
 -2       336       116       677       876       880       678       878       881       882       613
 -1         4    4    0    1
 -2       577       843       844       578       260       471       470       259       878       881
 -2       882       613       610       879       883       612       536       537       534       293
 -1         5    4    0    1
 -2        83       302       303        84       578       844       845       579       336       339
 -2       338       117       678       880       884       679       882       885       886       615
 -1         6    4    0    1
 -2       578       844       845       579       259       470       469       258       882       885
 -2       886       615       612       883       887       614       534       535       532       292
 -1         7    4    0    1
 -2        84       303       304        85       579       845       846       580       338       341
 -2       340       118       679       884       888       680       886       889       890       617
 -1         8    4    0    1
 -2       579       845       846       580       258       469       468       257       886       889
 -2       890       617       614       887       891       616       532       533       530       291
 -1         9    4    0    1
 -2        85       304       305        86       580       846       847       581       340       343
 -2       342       119       680       888       892       681       890       893       894       619
 -1        10    4    0    1
 -2       580       846       847       581       257       468       467       256       890       893
 -2       894       619       616       891       895       618       530       531       528       290
 -1        11    4    0    1
 -2        86       305       306        87       581       847       848       582       342       345
 -2       344       120       681       892       896       682       894       897       898       621
 -1        12    4    0    1
 -2       581       847       848       582       256       467       466       255       894       897
 -2       898       621       618       895       899       620       528       529       526       289
 -1        13    4    0    1
 -2        87       306       307        88       582       848       849       583       344       347
 -2       346       121       682       896       900       683       898       901       902       623
 -1        14    4    0    1
 -2       582       848       849       583       255       466       465       254       898       901
 -2       902       623       620       899       903       622       526       527       524       288
 -1        15    4    0    1
 -2        88       307       308        89       583       849       850       584       346       349
 -2       348       122       683       900       904       684       902       905       906       625
 -1        16    4    0    1
 -2       583       849       850       584       254       465       464       253       902       905
 -2       906       625       622       903       907       624       524       525       522       287
 -1        17    4    0    1
 -2        89       308       309        90       584       850       851       585       348       351
 -2       350       123       684       904       908       685       906       909       910       627
 -1        18    4    0    1
 -2       584       850       851       585       253       464       463       252       906       909
 -2       910       627       624       907       911       626       522       523       520       286
 -1        19    4    0    1
 -2        90       309       310        91       585       851       852       586       350       353
 -2       352       124       685       908       912       686       910       913       914       629
 -1        20    4    0    1
 -2       585       851       852       586       252       463       462       251       910       913
 -2       914       629       626       911       915       628       520       521       518       285
 -1        21    4    0    1
 -2        91       310       311        92       586       852       853       587       352       355
 -2       354       125       686       912       916       687       914       917       918       631
 -1        22    4    0    1
 -2       586       852       853       587       251       462       461       250       914       917
 -2       918       631       628       915       919       630       518       519       516       284
 -1        23    4    0    1
 -2        92       311       312        93       587       853       854       588       354       357
 -2       356       126       687       916       920       688       918       921       922       633
 -1        24    4    0    1
 -2       587       853       854       588       250       461       460       249       918       921
 -2       922       633       630       919       923       632       516       517       514       283
 -1        25    4    0    1
 -2        93       312       313        94       588       854       855       589       356       359
 -2       358       127       688       920       924       689       922       925       926       635
 -1        26    4    0    1
 -2       588       854       855       589       249       460       459       248       922       925
 -2       926       635       632       923       927       634       514       515       512       282
 -1        27    4    0    1
 -2        94       313       314        95       589       855       856       590       358       361
 -2       360       128       689       924       928       690       926       929       930       637
 -1        28    4    0    1
 -2       589       855       856       590       248       459       458       247       926       929
 -2       930       637       634       927       931       636       512       513       510       281
 -1        29    4    0    1
 -2        95       314       315        96       590       856       857       591       360       363
 -2       362       129       690       928       932       691       930       933       934       639
 -1        30    4    0    1
 -2       590       856       857       591       247       458       457       246       930       933
 -2       934       639       636       931       935       638       510       511       508       280
 -1        31    4    0    1
 -2        96       315       316        97       591       857       858       592       362       365
 -2       364       130       691       932       936       692       934       937       938       641
 -1        32    4    0    1
 -2       591       857       858       592       246       457       456       245       934       937
 -2       938       641       638       935       939       640       508       509       506       279
 -1        33    4    0    1
 -2        97       316       317        98       592       858       859       593       364       367
 -2       366       131       692       936       940       693       938       941       942       643
 -1        34    4    0    1
 -2       592       858       859       593       245       456       455       244       938       941
 -2       942       643       640       939       943       642       506       507       504       278
 -1        35    4    0    1
 -2        98       317       318        99       593       859       860       594       366       369
 -2       368       132       693       940       944       694       942       945       946       645
 -1        36    4    0    1
 -2       593       859       860       594       244       455       454       243       942       945
 -2       946       645       642       943       947       644       504       505       502       277
 -1        37    4    0    1
 -2        99       318       319       100       594       860       861       595       368       371
 -2       370       133       694       944       948       695       946       949       950       647
 -1        38    4    0    1
 -2       594       860       861       595       243       454       453       242       946       949
 -2       950       647       644       947       951       646       502       503       500       276
 -1        39    4    0    1
 -2       100       319       320       101       595       861       862       596       370       373
 -2       372       134       695       948       952       696       950       953       954       649
 -1        40    4    0    1
 -2       595       861       862       596       242       453       452       241       950       953
 -2       954       649       646       951       955       648       500       501       498       275
 -1        41    4    0    1
 -2       101       320       321       102       596       862       863       597       372       375
 -2       374       135       696       952       956       697       954       957       958       651
 -1        42    4    0    1
 -2       596       862       863       597       241       452       451       240       954       957
 -2       958       651       648       955       959       650       498       499       496       274
 -1        43    4    0    1
 -2       102       321       322       103       597       863       864       598       374       377
 -2       376       136       697       956       960       698       958       961       962       653
 -1        44    4    0    1
 -2       597       863       864       598       240       451       450       239       958       961
 -2       962       653       650       959       963       652       496       497       494       273
 -1        45    4    0    1
 -2       103       322       323       104       598       864       865       599       376       379
 -2       378       137       698       960       964       699       962       965       966       655
 -1        46    4    0    1
 -2       598       864       865       599       239       450       449       238       962       965
 -2       966       655       652       963       967       654       494       495       492       272
 -1        47    4    0    1
 -2       104       323       324       105       599       865       866       600       378       381
 -2       380       138       699       964       968       700       966       969       970       657
 -1        48    4    0    1
 -2       599       865       866       600       238       449       448       237       966       969
 -2       970       657       654       967       971       656       492       493       490       271
 -1        49    4    0    1
 -2       105       324       325       106       600       866       867       601       380       383
 -2       382       139       700       968       972       701       970       973       974       659
 -1        50    4    0    1
 -2       600       866       867       601       237       448       447       236       970       973
 -2       974       659       656       971       975       658       490       491       488       270
 -1        51    4    0    1
 -2       106       325       326       107       601       867       868       602       382       385
 -2       384       140       701       972       976       702       974       977       978       661
 -1        52    4    0    1
 -2       601       867       868       602       236       447       446       235       974       977
 -2       978       661       658       975       979       660       488       489       486       269
 -1        53    4    0    1
 -2       107       326       327       108       602       868       869       603       384       387
 -2       386       141       702       976       980       703       978       981       982       663
 -1        54    4    0    1
 -2       602       868       869       603       235       446       445       234       978       981
 -2       982       663       660       979       983       662       486       487       484       268
 -1        55    4    0    1
 -2       108       327       328       109       603       869       870       604       386       389
 -2       388       142       703       980       984       704       982       985       986       665
 -1        56    4    0    1
 -2       603       869       870       604       234       445       444       233       982       985
 -2       986       665       662       983       987       664       484       485       482       267
 -1        57    4    0    1
 -2       109       328       329       110       604       870       871       605       388       391
 -2       390       143       704       984       988       705       986       989       990       667
 -1        58    4    0    1
 -2       604       870       871       605       233       444       443       232       986       989
 -2       990       667       664       987       991       666       482       483       480       266
 -1        59    4    0    1
 -2       110       329       330       111       605       871       872       606       390       393
 -2       392       144       705       988       992       706       990       993       994       669
 -1        60    4    0    1
 -2       605       871       872       606       232       443       442       231       990       993
 -2       994       669       666       991       995       668       480       481       478       265
 -1        61    4    0    1
 -2       111       330       331       112       606       872       873       607       392       395
 -2       394       145       706       992       996       707       994       997       998       671
 -1        62    4    0    1
 -2       606       872       873       607       231       442       441       230       994       997
 -2       998       671       668       995       999       670       478       479       476       264
 -1        63    4    0    1
 -2       112       331       332       113       607       873       874       608       394       397
 -2       396       146       707       996      1000       708       998      1001      1002       673
 -1        64    4    0    1
 -2       607       873       874       608       230       441       440       229       998      1001
 -2      1002       673       670       999      1003       672       476       477       474       263
 -1        65    4    0    1
 -2       113       332       333       114       608       874       875       609       396       399
 -2       398       147       708      1000      1004       709      1002      1005      1006       675
 -1        66    4    0    1
 -2       608       874       875       609       229       440       439       228      1002      1005
 -2      1006       675       672      1003      1007       674       474       475       472       262
 -1        67    4    0    1
 -2       114       333        79         4       609       875       434       155       398       400
 -2        80       148       709      1004       436       156      1006      1008       435       676
 -1        68    4    0    1
 -2       609       875       434       155       228       439       152         6      1006      1008
 -2       435       676       674      1007       437       157       472       473       153       261
 -1        69    4    0    1
 -2         9         2        12       301       572       295       710       843        11        45
 -2       401       335       575       297       810       876       576       743      1009       877
 -1        70    4    0    1
 -2       572       295       710       843       225         7       190       471       576       743
 -2      1009       877       574       296       744       879       227       224       571       538
 -1        71    4    0    1
 -2       301        12        13       302       843       710       711       844       401        46
 -2       402       337       876       810       811       880      1009       745      1010       881
 -1        72    4    0    1
 -2       843       710       711       844       471       190       189       470      1009       745
 -2      1010       881       879       744       746       883       571       223       570       537
 -1        73    4    0    1
 -2       302        13        14       303       844       711       712       845       402        47
 -2       403       339       880       811       812       884      1010       747      1011       885
 -1        74    4    0    1
 -2       844       711       712       845       470       189       188       469      1010       747
 -2      1011       885       883       746       748       887       570       222       569       535
 -1        75    4    0    1
 -2       303        14        15       304       845       712       713       846       403        48
 -2       404       341       884       812       813       888      1011       749      1012       889
 -1        76    4    0    1
 -2       845       712       713       846       469       188       187       468      1011       749
 -2      1012       889       887       748       750       891       569       221       568       533
 -1        77    4    0    1
 -2       304        15        16       305       846       713       714       847       404        49
 -2       405       343       888       813       814       892      1012       751      1013       893
 -1        78    4    0    1
 -2       846       713       714       847       468       187       186       467      1012       751
 -2      1013       893       891       750       752       895       568       220       567       531
 -1        79    4    0    1
 -2       305        16        17       306       847       714       715       848       405        50
 -2       406       345       892       814       815       896      1013       753      1014       897
 -1        80    4    0    1
 -2       847       714       715       848       467       186       185       466      1013       753
 -2      1014       897       895       752       754       899       567       219       566       529
 -1        81    4    0    1
 -2       306        17        18       307       848       715       716       849       406        51
 -2       407       347       896       815       816       900      1014       755      1015       901
 -1        82    4    0    1
 -2       848       715       716       849       466       185       184       465      1014       755
 -2      1015       901       899       754       756       903       566       218       565       527
 -1        83    4    0    1
 -2       307        18        19       308       849       716       717       850       407        52
 -2       408       349       900       816       817       904      1015       757      1016       905
 -1        84    4    0    1
 -2       849       716       717       850       465       184       183       464      1015       757
 -2      1016       905       903       756       758       907       565       217       564       525
 -1        85    4    0    1
 -2       308        19        20       309       850       717       718       851       408        53
 -2       409       351       904       817       818       908      1016       759      1017       909
 -1        86    4    0    1
 -2       850       717       718       851       464       183       182       463      1016       759
 -2      1017       909       907       758       760       911       564       216       563       523
 -1        87    4    0    1
 -2       309        20        21       310       851       718       719       852       409        54
 -2       410       353       908       818       819       912      1017       761      1018       913
 -1        88    4    0    1
 -2       851       718       719       852       463       182       181       462      1017       761
 -2      1018       913       911       760       762       915       563       215       562       521
 -1        89    4    0    1
 -2       310        21        22       311       852       719       720       853       410        55
 -2       411       355       912       819       820       916      1018       763      1019       917
 -1        90    4    0    1
 -2       852       719       720       853       462       181       180       461      1018       763
 -2      1019       917       915       762       764       919       562       214       561       519
 -1        91    4    0    1
 -2       311        22        23       312       853       720       721       854       411        56
 -2       412       357       916       820       821       920      1019       765      1020       921
 -1        92    4    0    1
 -2       853       720       721       854       461       180       179       460      1019       765
 -2      1020       921       919       764       766       923       561       213       560       517
 -1        93    4    0    1
 -2       312        23        24       313       854       721       722       855       412        57
 -2       413       359       920       821       822       924      1020       767      1021       925
 -1        94    4    0    1
 -2       854       721       722       855       460       179       178       459      1020       767
 -2      1021       925       923       766       768       927       560       212       559       515
 -1        95    4    0    1
 -2       313        24        25       314       855       722       723       856       413        58
 -2       414       361       924       822       823       928      1021       769      1022       929
 -1        96    4    0    1
 -2       855       722       723       856       459       178       177       458      1021       769
 -2      1022       929       927       768       770       931       559       211       558       513
 -1        97    4    0    1
 -2       314        25        26       315       856       723       724       857       414        59
 -2       415       363       928       823       824       932      1022       771      1023       933
 -1        98    4    0    1
 -2       856       723       724       857       458       177       176       457      1022       771
 -2      1023       933       931       770       772       935       558       210       557       511
 -1        99    4    0    1
 -2       315        26        27       316       857       724       725       858       415        60
 -2       416       365       932       824       825       936      1023       773      1024       937
 -1       100    4    0    1
 -2       857       724       725       858       457       176       175       456      1023       773
 -2      1024       937       935       772       774       939       557       209       556       509
 -1       101    4    0    1
 -2       316        27        28       317       858       725       726       859       416        61
 -2       417       367       936       825       826       940      1024       775      1025       941
 -1       102    4    0    1
 -2       858       725       726       859       456       175       174       455      1024       775
 -2      1025       941       939       774       776       943       556       208       555       507
 -1       103    4    0    1
 -2       317        28        29       318       859       726       727       860       417        62
 -2       418       369       940       826       827       944      1025       777      1026       945
 -1       104    4    0    1
 -2       859       726       727       860       455       174       173       454      1025       777
 -2      1026       945       943       776       778       947       555       207       554       505
 -1       105    4    0    1
 -2       318        29        30       319       860       727       728       861       418        63
 -2       419       371       944       827       828       948      1026       779      1027       949
 -1       106    4    0    1
 -2       860       727       728       861       454       173       172       453      1026       779
 -2      1027       949       947       778       780       951       554       206       553       503
 -1       107    4    0    1
 -2       319        30        31       320       861       728       729       862       419        64
 -2       420       373       948       828       829       952      1027       781      1028       953
 -1       108    4    0    1
 -2       861       728       729       862       453       172       171       452      1027       781
 -2      1028       953       951       780       782       955       553       205       552       501
 -1       109    4    0    1
 -2       320        31        32       321       862       729       730       863       420        65
 -2       421       375       952       829       830       956      1028       783      1029       957
 -1       110    4    0    1
 -2       862       729       730       863       452       171       170       451      1028       783
 -2      1029       957       955       782       784       959       552       204       551       499
 -1       111    4    0    1
 -2       321        32        33       322       863       730       731       864       421        66
 -2       422       377       956       830       831       960      1029       785      1030       961
 -1       112    4    0    1
 -2       863       730       731       864       451       170       169       450      1029       785
 -2      1030       961       959       784       786       963       551       203       550       497
 -1       113    4    0    1
 -2       322        33        34       323       864       731       732       865       422        67
 -2       423       379       960       831       832       964      1030       787      1031       965
 -1       114    4    0    1
 -2       864       731       732       865       450       169       168       449      1030       787
 -2      1031       965       963       786       788       967       550       202       549       495
 -1       115    4    0    1
 -2       323        34        35       324       865       732       733       866       423        68
 -2       424       381       964       832       833       968      1031       789      1032       969
 -1       116    4    0    1
 -2       865       732       733       866       449       168       167       448      1031       789
 -2      1032       969       967       788       790       971       549       201       548       493
 -1       117    4    0    1
 -2       324        35        36       325       866       733       734       867       424        69
 -2       425       383       968       833       834       972      1032       791      1033       973
 -1       118    4    0    1
 -2       866       733       734       867       448       167       166       447      1032       791
 -2      1033       973       971       790       792       975       548       200       547       491
 -1       119    4    0    1
 -2       325        36        37       326       867       734       735       868       425        70
 -2       426       385       972       834       835       976      1033       793      1034       977
 -1       120    4    0    1
 -2       867       734       735       868       447       166       165       446      1033       793
 -2      1034       977       975       792       794       979       547       199       546       489
 -1       121    4    0    1
 -2       326        37        38       327       868       735       736       869       426        71
 -2       427       387       976       835       836       980      1034       795      1035       981
 -1       122    4    0    1
 -2       868       735       736       869       446       165       164       445      1034       795
 -2      1035       981       979       794       796       983       546       198       545       487
 -1       123    4    0    1
 -2       327        38        39       328       869       736       737       870       427        72
 -2       428       389       980       836       837       984      1035       797      1036       985
 -1       124    4    0    1
 -2       869       736       737       870       445       164       163       444      1035       797
 -2      1036       985       983       796       798       987       545       197       544       485
 -1       125    4    0    1
 -2       328        39        40       329       870       737       738       871       428        73
 -2       429       391       984       837       838       988      1036       799      1037       989
 -1       126    4    0    1
 -2       870       737       738       871       444       163       162       443      1036       799
 -2      1037       989       987       798       800       991       544       196       543       483
 -1       127    4    0    1
 -2       329        40        41       330       871       738       739       872       429        74
 -2       430       393       988       838       839       992      1037       801      1038       993
 -1       128    4    0    1
 -2       871       738       739       872       443       162       161       442      1037       801
 -2      1038       993       991       800       802       995       543       195       542       481
 -1       129    4    0    1
 -2       330        41        42       331       872       739       740       873       430        75
 -2       431       395       992       839       840       996      1038       803      1039       997
 -1       130    4    0    1
 -2       872       739       740       873       442       161       160       441      1038       803
 -2      1039       997       995       802       804       999       542       194       541       479
 -1       131    4    0    1
 -2       331        42        43       332       873       740       741       874       431        76
 -2       432       397       996       840       841      1000      1039       805      1040      1001
 -1       132    4    0    1
 -2       873       740       741       874       441       160       159       440      1039       805
 -2      1040      1001       999       804       806      1003       541       193       540       477
 -1       133    4    0    1
 -2       332        43        44       333       874       741       742       875       432        77
 -2       433       399      1000       841       842      1004      1040       807      1041      1005
 -1       134    4    0    1
 -2       874       741       742       875       440       159       158       439      1040       807
 -2      1041      1005      1003       806       808      1007       540       192       539       475
 -1       135    4    0    1
 -2       333        44         3        79       875       742       149       434       433        78
 -2        81       400      1004       842       150       436      1041       809       438      1008
 -1       136    4    0    1
 -2       875       742       149       434       439       158         5       152      1041       809
 -2       438      1008      1007       808       151       437       539       191       154       473
 -3
    1PSTEP                         1           1           1          
  100CL  101 1.000000000        1041                     0    1           1
 -4  DISP        4    1
 -5  D1          1    2    1    0
 -5  D2          1    2    2    0
 -5  D3          1    2    3    0
 -5  ALL         1    2    0    0    1ALL
 -1         1 0.00000E+00 0.00000E+00 0.00000E+00
 -1         2 0.00000E+00 0.00000E+00 0.00000E+00
 -1         3-2.54819E-05-4.51131E-04-4.65615E-06
 -1         4 2.51650E-05-4.51131E-04-4.65712E-06
 -1         5-2.51615E-05-4.51131E-04-4.65811E-06
 -1         6 2.54853E-05-4.51131E-04-4.65514E-06
 -1         7 0.00000E+00 0.00000E+00 0.00000E+00
 -1         8 0.00000E+00 0.00000E+00 0.00000E+00
 -1         9 0.00000E+00 0.00000E+00 0.00000E+00
 -1        10 0.00000E+00 0.00000E+00 0.00000E+00
 -1        11 0.00000E+00 0.00000E+00 0.00000E+00
 -1        12-1.42250E-06-6.81665E-07-3.38915E-07
 -1        13-2.84816E-06-2.38148E-06-3.60583E-07
 -1        14-4.23899E-06-5.19148E-06-3.82440E-07
 -1        15-5.59011E-06-9.06462E-06-4.17623E-07
 -1        16-6.89586E-06-1.39730E-05-4.64336E-07
 -1        17-8.15742E-06-1.98804E-05-5.22464E-07
 -1        18-9.37449E-06-2.67528E-05-5.91354E-07
 -1        19-1.05472E-05-3.45555E-05-6.70496E-07
 -1        20-1.16755E-05-4.32543E-05-7.59308E-07
 -1        21-1.27594E-05-5.28145E-05-8.57270E-07
 -1        22-1.37990E-05-6.32018E-05-9.63804E-07
 -1        23-1.47941E-05-7.43817E-05-1.07836E-06
 -1        24-1.57448E-05-8.63197E-05-1.20039E-06
 -1        25-1.66511E-05-9.89814E-05-1.32942E-06
 -1        26-1.75131E-05-1.12332E-04-1.46488E-06
 -1        27-1.83307E-05-1.26338E-04-1.60622E-06
 -1        28-1.91039E-05-1.40964E-04-1.75299E-06
 -1        29-1.98328E-05-1.56176E-04-1.90463E-06
 -1        30-2.05173E-05-1.71939E-04-2.06064E-06
 -1        31-2.11575E-05-1.88219E-04-2.22058E-06
 -1        32-2.17534E-05-2.04982E-04-2.38398E-06
 -1        33-2.23050E-05-2.22192E-04-2.55041E-06
 -1        34-2.28123E-05-2.39816E-04-2.71945E-06
 -1        35-2.32753E-05-2.57819E-04-2.89067E-06
 -1        36-2.36941E-05-2.76167E-04-3.06372E-06
 -1        37-2.40687E-05-2.94825E-04-3.23822E-06
 -1        38-2.43991E-05-3.13759E-04-3.41391E-06
 -1        39-2.46853E-05-3.32934E-04-3.59047E-06
 -1        40-2.49275E-05-3.52316E-04-3.76770E-06
 -1        41-2.51255E-05-3.71870E-04-3.94535E-06
 -1        42-2.52794E-05-3.91562E-04-4.12322E-06
 -1        43-2.53893E-05-4.11357E-04-4.30127E-06
 -1        44-2.54559E-05-4.31221E-04-4.47961E-06
 -1        45-6.99413E-07-2.53026E-07-2.92653E-07
 -1        46-2.14096E-06-1.39434E-06-3.53296E-07
 -1        47-3.54773E-06-3.65154E-06-3.69859E-07
 -1        48-4.92030E-06-6.99647E-06-3.98469E-07
 -1        49-6.24843E-06-1.13918E-05-4.39545E-07
 -1        50-7.53214E-06-1.68039E-05-4.92008E-07
 -1        51-8.77146E-06-2.31981E-05-5.55597E-07
 -1        52-9.96634E-06-3.05400E-05-6.29685E-07
 -1        53-1.11169E-05-3.87951E-05-7.13730E-07
 -1        54-1.22230E-05-4.79289E-05-8.07179E-07
 -1        55-1.32847E-05-5.79069E-05-9.09494E-07
 -1        56-1.43020E-05-6.86948E-05-1.02011E-06
 -1        57-1.52749E-05-8.02581E-05-1.13847E-06
 -1        58-1.62035E-05-9.25622E-05-1.26407E-06
 -1        59-1.70876E-05-1.05573E-04-1.39638E-06
 -1        60-1.79274E-05-1.19255E-04-1.53484E-06
 -1        61-1.87228E-05-1.33576E-04-1.67896E-06
 -1        62-1.94738E-05-1.48499E-04-1.82823E-06
 -1        63-2.01805E-05-1.63991E-04-1.98212E-06
 -1        64-2.08429E-05-1.80016E-04-2.14015E-06
 -1        65-2.14609E-05-1.96542E-04-2.30188E-06
 -1        66-2.20347E-05-2.13533E-04-2.46683E-06
 -1        67-2.25641E-05-2.30955E-04-2.63463E-06
 -1        68-2.30492E-05-2.48773E-04-2.80481E-06
 -1        69-2.34902E-05-2.66952E-04-2.97699E-06
 -1        70-2.38869E-05-2.85460E-04-3.15080E-06
 -1        71-2.42394E-05-3.04260E-04-3.32594E-06
 -1        72-2.45477E-05-3.23318E-04-3.50210E-06
 -1        73-2.48119E-05-3.42601E-04-3.67902E-06
 -1        74-2.50319E-05-3.62073E-04-3.85648E-06
 -1        75-2.52079E-05-3.81701E-04-4.03427E-06
 -1        76-2.53398E-05-4.01448E-04-4.21223E-06
 -1        77-2.54281E-05-4.21282E-04-4.39045E-06
 -1        78-2.54734E-05-4.41169E-04-4.56891E-06
 -1        79-1.58456E-07-4.51113E-04-4.65664E-06
 -1        80 1.24878E-05-4.51121E-04-4.65922E-06
 -1        81-1.28047E-05-4.51121E-04-4.65405E-06
 -1        82 1.40042E-06-6.74760E-07 3.27053E-07
 -1        83 2.80396E-06-2.37390E-06 3.09547E-07
 -1        84 4.17348E-06-5.18403E-06 2.65656E-07
 -1        85 5.50409E-06-9.05748E-06 2.10156E-07
 -1        86 6.79027E-06-1.39662E-05 1.42408E-07
 -1        87 8.03319E-06-1.98739E-05 6.34330E-08
 -1        88 9.23259E-06-2.67466E-05-2.63522E-08
 -1        89 1.03886E-05-3.45497E-05-1.26372E-07
 -1        90 1.15010E-05-4.32488E-05-2.36016E-07
 -1        91 1.25700E-05-5.28094E-05-3.54843E-07
 -1        92 1.35955E-05-6.31970E-05-4.82223E-07
 -1        93 1.45776E-05-7.43772E-05-6.17644E-07
 -1        94 1.55161E-05-8.63155E-05-7.60592E-07
 -1        95 1.64112E-05-9.89776E-05-9.10495E-07
 -1        96 1.72628E-05-1.12329E-04-1.06680E-06
 -1        97 1.80709E-05-1.26335E-04-1.22902E-06
 -1        98 1.88355E-05-1.40961E-04-1.39664E-06
 -1        99 1.95566E-05-1.56173E-04-1.56915E-06
 -1       100 2.02341E-05-1.71937E-04-1.74608E-06
 -1       101 2.08682E-05-1.88217E-04-1.92689E-06
 -1       102 2.14586E-05-2.04980E-04-2.11120E-06
 -1       103 2.20055E-05-2.22191E-04-2.29850E-06
 -1       104 2.25088E-05-2.39815E-04-2.48839E-06
 -1       105 2.29684E-05-2.57818E-04-2.68050E-06
 -1       106 2.33844E-05-2.76166E-04-2.87442E-06
 -1       107 2.37568E-05-2.94825E-04-3.06988E-06
 -1       108 2.40855E-05-3.13758E-04-3.26649E-06
 -1       109 2.43704E-05-3.32934E-04-3.46394E-06
 -1       110 2.46117E-05-3.52315E-04-3.66205E-06
 -1       111 2.48091E-05-3.71870E-04-3.86055E-06
 -1       112 2.49627E-05-3.91562E-04-4.05936E-06
 -1       113 2.50725E-05-4.11357E-04-4.25819E-06
 -1       114 2.51390E-05-4.31221E-04-4.45680E-06
 -1       115 6.88706E-07-2.47896E-07 2.89382E-07
 -1       116 2.10770E-06-1.38684E-06 3.25234E-07
 -1       117 3.49280E-06-3.64398E-06 2.89135E-07
 -1       118 4.84442E-06-6.98917E-06 2.39391E-07
 -1       119 6.15250E-06-1.13848E-05 1.77742E-07
 -1       120 7.41712E-06-1.67973E-05 1.04299E-07
 -1       121 8.63827E-06-2.31918E-05 1.98575E-08
 -1       122 9.81596E-06-3.05340E-05-7.51201E-08
 -1       123 1.09502E-05-3.87894E-05-1.80020E-07
 -1       124 1.20409E-05-4.79235E-05-2.94320E-07
 -1       125 1.30881E-05-5.79019E-05-4.17498E-07
 -1       126 1.40919E-05-6.86902E-05-5.48959E-07
 -1       127 1.50522E-05-8.02537E-05-6.88216E-07
 -1       128 1.59691E-05-9.25582E-05-8.34706E-07
 -1       129 1.68424E-05-1.05569E-04-9.87875E-07
 -1       130 1.76723E-05-1.19252E-04-1.14721E-06
 -1       131 1.84586E-05-1.33572E-04-1.31219E-06
 -1       132 1.92014E-05-1.48496E-04-1.48231E-06
 -1       133 1.99007E-05-1.63988E-04-1.65709E-06
 -1       134 2.05565E-05-1.80014E-04-1.83602E-06
 -1       135 2.11688E-05-1.96540E-04-2.01864E-06
 -1       136 2.17374E-05-2.13531E-04-2.20450E-06
 -1       137 2.22625E-05-2.30953E-04-2.39315E-06
 -1       138 2.27440E-05-2.48771E-04-2.58420E-06
 -1       139 2.31818E-05-2.66951E-04-2.77726E-06
 -1       140 2.35760E-05-2.85459E-04-2.97198E-06
 -1       141 2.39265E-05-3.04259E-04-3.16806E-06
 -1       142 2.42334E-05-3.23318E-04-3.36512E-06
 -1       143 2.44965E-05-3.42601E-04-3.56293E-06
 -1       144 2.47158E-05-3.62073E-04-3.76126E-06
 -1       145 2.48914E-05-3.81700E-04-3.95994E-06
 -1       146 2.50230E-05-4.01448E-04-4.15878E-06
 -1       147 2.51112E-05-4.21282E-04-4.35749E-06
 -1       148 2.51565E-05-4.41169E-04-4.55593E-06
 -1       149-2.53266E-05-4.51133E-04-4.65713E-06
 -1       150-2.54060E-05-4.51133E-04-4.65683E-06
 -1       151-2.52459E-05-4.51133E-04-4.65744E-06
 -1       152 1.61887E-07-4.51114E-04-4.65664E-06
 -1       153 1.28082E-05-4.51122E-04-4.65354E-06
 -1       154-1.24844E-05-4.51122E-04-4.65972E-06
 -1       155 2.53301E-05-4.51133E-04-4.65613E-06
 -1       156 2.52493E-05-4.51133E-04-4.65643E-06
 -1       157 2.54095E-05-4.51133E-04-4.65583E-06
 -1       158-2.51355E-05-4.31222E-04-4.45783E-06
 -1       159-2.50690E-05-4.11358E-04-4.25930E-06
 -1       160-2.49593E-05-3.91562E-04-4.06047E-06
 -1       161-2.48057E-05-3.71870E-04-3.86169E-06
 -1       162-2.46083E-05-3.52316E-04-3.66314E-06
 -1       163-2.43671E-05-3.32934E-04-3.46500E-06
 -1       164-2.40822E-05-3.13759E-04-3.26751E-06
 -1       165-2.37535E-05-2.94825E-04-3.07092E-06
 -1       166-2.33812E-05-2.76167E-04-2.87550E-06
 -1       167-2.29653E-05-2.57819E-04-2.68154E-06
 -1       168-2.25057E-05-2.39816E-04-2.48940E-06
 -1       169-2.20025E-05-2.22191E-04-2.29946E-06
 -1       170-2.14557E-05-2.04980E-04-2.11212E-06
 -1       171-2.08653E-05-1.88217E-04-1.92780E-06
 -1       172-2.02314E-05-1.71937E-04-1.74693E-06
 -1       173-1.95540E-05-1.56174E-04-1.57002E-06
 -1       174-1.88330E-05-1.40961E-04-1.39747E-06
 -1       175-1.80685E-05-1.26335E-04-1.22981E-06
 -1       176-1.72605E-05-1.12329E-04-1.06755E-06
 -1       177-1.64091E-05-9.89779E-05-9.11150E-07
 -1       178-1.55142E-05-8.63159E-05-7.61227E-07
 -1       179-1.45757E-05-7.43775E-05-6.18286E-07
 -1       180-1.35938E-05-6.31973E-05-4.82820E-07
 -1       181-1.25684E-05-5.28096E-05-3.55356E-07
 -1       182-1.14996E-05-4.32490E-05-2.36495E-07
 -1       183-1.03873E-05-3.45499E-05-1.26769E-07
 -1       184-9.23146E-06-2.67468E-05-2.67320E-08
 -1       185-8.03223E-06-1.98741E-05 6.30993E-08
 -1       186-6.78947E-06-1.39663E-05 1.42101E-07
 -1       187-5.50344E-06-9.05757E-06 2.09902E-07
 -1       188-4.17300E-06-5.18405E-06 2.65487E-07
 -1       189-2.80363E-06-2.37388E-06 3.09456E-07
 -1       190-1.40025E-06-6.74728E-07 3.26976E-07
 -1       191-2.51531E-05-4.41170E-04-4.55694E-06
 -1       192-2.51077E-05-4.21283E-04-4.35856E-06
 -1       193-2.50196E-05-4.01449E-04-4.15989E-06
 -1       194-2.48879E-05-3.81701E-04-3.96107E-06
 -1       195-2.47124E-05-3.62074E-04-3.76237E-06
 -1       196-2.44931E-05-3.42601E-04-3.56400E-06
 -1       197-2.42300E-05-3.23319E-04-3.36615E-06
 -1       198-2.39233E-05-3.04260E-04-3.16909E-06
 -1       199-2.35728E-05-2.85460E-04-2.97305E-06
 -1       200-2.31786E-05-2.66952E-04-2.77832E-06
 -1       201-2.27409E-05-2.48772E-04-2.58521E-06
 -1       202-2.22595E-05-2.30954E-04-2.39413E-06
 -1       203-2.17345E-05-2.13532E-04-2.20545E-06
 -1       204-2.11659E-05-1.96541E-04-2.01955E-06
 -1       205-2.05538E-05-1.80015E-04-1.83691E-06
 -1       206-1.98981E-05-1.63989E-04-1.65795E-06
 -1       207-1.91989E-05-1.48496E-04-1.48316E-06
 -1       208-1.84562E-05-1.33573E-04-1.31300E-06
 -1       209-1.76699E-05-1.19253E-04-1.14797E-06
 -1       210-1.68402E-05-1.05570E-04-9.88578E-07
 -1       211-1.59670E-05-9.25586E-05-8.35352E-07
 -1       212-1.50503E-05-8.02541E-05-6.88850E-07
 -1       213-1.40901E-05-6.86905E-05-5.49579E-07
 -1       214-1.30865E-05-5.79022E-05-4.18057E-07
 -1       215-1.20394E-05-4.79238E-05-2.94820E-07
 -1       216-1.09488E-05-3.87896E-05-1.80459E-07
 -1       217-9.81474E-06-3.05342E-05-7.55010E-08
 -1       218-8.63723E-06-2.31920E-05 1.94994E-08
 -1       219-7.41624E-06-1.67974E-05 1.03972E-07
 -1       220-6.15179E-06-1.13849E-05 1.77466E-07
 -1       221-4.84385E-06-6.98923E-06 2.39174E-07
 -1       222-3.49239E-06-3.64398E-06 2.89008E-07
 -1       223-2.10745E-06-1.38681E-06 3.25151E-07
 -1       224-6.88622E-07-2.47871E-07 2.89320E-07
 -1       225 0.00000E+00 0.00000E+00 0.00000E+00
 -1       226 0.00000E+00 0.00000E+00 0.00000E+00
 -1       227 0.00000E+00 0.00000E+00 0.00000E+00
 -1       228 2.54593E-05-4.31222E-04-4.47856E-06
 -1       229 2.53928E-05-4.11358E-04-4.30018E-06
 -1       230 2.52829E-05-3.91562E-04-4.12209E-06
 -1       231 2.51289E-05-3.71870E-04-3.94422E-06
 -1       232 2.49309E-05-3.52316E-04-3.76662E-06
 -1       233 2.46887E-05-3.32935E-04-3.58947E-06
 -1       234 2.44024E-05-3.13760E-04-3.41288E-06
 -1       235 2.40720E-05-2.94826E-04-3.23720E-06
 -1       236 2.36973E-05-2.76168E-04-3.06268E-06
 -1       237 2.32784E-05-2.57820E-04-2.88965E-06
 -1       238 2.28153E-05-2.39817E-04-2.71847E-06
 -1       239 2.23079E-05-2.22193E-04-2.54950E-06
 -1       240 2.17563E-05-2.04982E-04-2.38310E-06
 -1       241 2.11603E-05-1.88220E-04-2.21972E-06
 -1       242 2.05200E-05-1.71940E-04-2.05981E-06
 -1       243 1.98354E-05-1.56176E-04-1.90381E-06
 -1       244 1.91064E-05-1.40964E-04-1.75221E-06
 -1       245 1.83330E-05-1.26339E-04-1.60550E-06
 -1       246 1.75153E-05-1.12333E-04-1.46420E-06
 -1       247 1.66533E-05-9.89819E-05-1.32882E-06
 -1       248 1.57468E-05-8.63202E-05-1.19982E-06
 -1       249 1.47959E-05-7.43821E-05-1.07778E-06
 -1       250 1.38006E-05-6.32022E-05-9.63282E-07
 -1       251 1.27610E-05-5.28149E-05-8.56802E-07
 -1       252 1.16769E-05-4.32546E-05-7.58921E-07
 -1       253 1.05485E-05-3.45558E-05-6.70157E-07
 -1       254 9.37560E-06-2.67530E-05-5.91077E-07
 -1       255 8.15836E-06-1.98807E-05-5.22191E-07
 -1       256 6.89663E-06-1.39732E-05-4.64095E-07
 -1       257 5.59075E-06-9.06482E-06-4.17441E-07
 -1       258 4.23948E-06-5.19162E-06-3.82357E-07
 -1       259 2.84849E-06-2.38159E-06-3.60544E-07
 -1       260 1.42266E-06-6.81749E-07-3.38899E-07
 -1       261 2.54769E-05-4.41170E-04-4.56788E-06
 -1       262 2.54315E-05-4.21283E-04-4.38938E-06
 -1       263 2.53433E-05-4.01449E-04-4.21112E-06
 -1       264 2.52114E-05-3.81701E-04-4.03313E-06
 -1       265 2.50354E-05-3.62074E-04-3.85538E-06
 -1       266 2.48152E-05-3.42602E-04-3.67798E-06
 -1       267 2.45510E-05-3.23319E-04-3.50109E-06
 -1       268 2.42427E-05-3.04261E-04-3.32492E-06
 -1       269 2.38901E-05-2.85460E-04-3.14978E-06
 -1       270 2.34934E-05-2.66953E-04-2.97596E-06
 -1       271 2.30524E-05-2.48773E-04-2.80381E-06
 -1       272 2.25671E-05-2.30955E-04-2.63370E-06
 -1       273 2.20376E-05-2.13534E-04-2.46595E-06
 -1       274 2.14638E-05-1.96543E-04-2.30100E-06
 -1       275 2.08456E-05-1.80017E-04-2.13930E-06
 -1       276 2.01832E-05-1.63991E-04-1.98129E-06
 -1       277 1.94764E-05-1.48499E-04-1.82743E-06
 -1       278 1.87252E-05-1.33576E-04-1.67821E-06
 -1       279 1.79297E-05-1.19256E-04-1.53414E-06
 -1       280 1.70898E-05-1.05573E-04-1.39573E-06
 -1       281 1.62055E-05-9.25627E-05-1.26349E-06
 -1       282 1.52768E-05-8.02585E-05-1.13789E-06
 -1       283 1.43038E-05-6.86953E-05-1.01956E-06
 -1       284 1.32863E-05-5.79073E-05-9.09007E-07
 -1       285 1.22245E-05-4.79292E-05-8.06751E-07
 -1       286 1.11182E-05-3.87954E-05-7.13368E-07
 -1       287 9.96753E-06-3.05403E-05-6.29372E-07
 -1       288 8.77247E-06-2.31984E-05-5.55325E-07
 -1       289 7.53301E-06-1.68042E-05-4.91752E-07
 -1       290 6.24913E-06-1.13920E-05-4.39331E-07
 -1       291 4.92087E-06-6.99664E-06-3.98332E-07
 -1       292 3.54815E-06-3.65166E-06-3.69809E-07
 -1       293 2.14122E-06-1.39443E-06-3.53279E-07
 -1       294 6.99504E-07-2.53089E-07-2.92658E-07
 -1       295 0.00000E+00 0.00000E+00 0.00000E+00
 -1       296 0.00000E+00 0.00000E+00 0.00000E+00
 -1       297 0.00000E+00 0.00000E+00 0.00000E+00
 -1       298 0.00000E+00 0.00000E+00 0.00000E+00
 -1       299 0.00000E+00 0.00000E+00 0.00000E+00
 -1       300 0.00000E+00 0.00000E+00 0.00000E+00
 -1       301-1.10890E-08-4.38279E-07-8.27399E-09
 -1       302-2.20470E-08-2.12753E-06-2.83270E-08
 -1       303-3.27646E-08-4.94398E-06-6.11935E-08
 -1       304-4.30234E-08-8.82593E-06-1.06433E-07
 -1       305-5.28220E-08-1.37421E-05-1.63536E-07
 -1       306-6.21390E-08-1.96576E-05-2.31967E-07
 -1       307-7.09745E-08-2.65379E-05-3.11180E-07
 -1       308-7.93446E-08-3.43487E-05-4.00641E-07
 -1       309-8.72614E-08-4.30555E-05-4.99747E-07
 -1       310-9.47214E-08-5.26237E-05-6.08007E-07
 -1       311-1.01725E-07-6.30190E-05-7.24841E-07
 -1       312-1.08264E-07-7.42069E-05-8.49706E-07
 -1       313-1.14344E-07-8.61529E-05-9.82078E-07
 -1       314-1.19976E-07-9.88226E-05-1.12142E-06
 -1       315-1.25146E-07-1.12182E-04-1.26719E-06
 -1       316-1.29870E-07-1.26195E-04-1.41886E-06
 -1       317-1.34204E-07-1.40829E-04-1.57592E-06
 -1       318-1.38121E-07-1.56049E-04-1.73789E-06
 -1       319-1.41592E-07-1.71820E-04-1.90425E-06
 -1       320-1.44687E-07-1.88108E-04-2.07452E-06
 -1       321-1.47419E-07-2.04879E-04-2.24827E-06
 -1       322-1.49747E-07-2.22097E-04-2.42506E-06
 -1       323-1.51753E-07-2.39729E-04-2.60443E-06
 -1       324-1.53444E-07-2.57740E-04-2.78600E-06
 -1       325-1.54845E-07-2.76096E-04-2.96942E-06
 -1       326-1.55960E-07-2.94762E-04-3.15432E-06
 -1       327-1.56827E-07-3.13704E-04-3.34040E-06
 -1       328-1.57454E-07-3.32887E-04-3.52736E-06
 -1       329-1.57891E-07-3.52276E-04-3.71498E-06
 -1       330-1.58182E-07-3.71838E-04-3.90302E-06
 -1       331-1.58354E-07-3.91538E-04-4.09132E-06
 -1       332-1.58432E-07-4.11341E-04-4.27975E-06
 -1       333-1.58450E-07-4.31214E-04-4.46820E-06
 -1       334 6.83656E-07-4.76212E-07 1.59867E-07
 -1       335-5.21216E-09-5.35847E-09-3.07960E-09
 -1       336 1.37812E-06-2.19220E-06 1.40474E-07
 -1       337-1.66046E-08-1.13726E-06-1.67402E-08
 -1       338 2.06026E-06-5.00225E-06 1.01620E-07
 -1       339-2.74634E-08-3.39981E-06-4.31883E-08
 -1       340 2.71993E-06-8.88311E-06 5.11292E-08
 -1       341-3.79566E-08-6.75365E-06-8.22939E-08
 -1       342 3.35820E-06-1.37972E-05-1.11935E-08
 -1       343-4.79777E-08-1.11569E-05-1.33533E-07
 -1       344 3.97498E-06-1.97109E-05-8.48860E-08
 -1       345-5.75398E-08-1.65771E-05-1.96370E-07
 -1       346 4.57027E-06-2.65893E-05-1.69349E-07
 -1       347-6.66156E-08-2.29793E-05-2.70261E-07
 -1       348 5.14406E-06-3.43982E-05-2.64048E-07
 -1       349-7.52170E-08-3.03292E-05-3.54667E-07
 -1       350 5.69634E-06-4.31031E-05-3.68409E-07
 -1       351-8.33596E-08-3.85922E-05-4.49017E-07
 -1       352 6.22710E-06-5.26695E-05-4.81910E-07
 -1       353-9.10451E-08-4.77340E-05-5.52770E-07
 -1       354 6.73636E-06-6.30629E-05-6.03987E-07
 -1       355-9.82773E-08-5.77201E-05-6.65387E-07
 -1       356 7.22411E-06-7.42489E-05-7.34106E-07
 -1       357-1.05053E-07-6.85160E-05-7.86303E-07
 -1       358 7.69036E-06-8.61931E-05-8.71732E-07
 -1       359-1.11358E-07-8.00873E-05-9.14988E-07
 -1       360 8.13509E-06-9.88609E-05-1.01632E-06
 -1       361-1.17216E-07-9.23995E-05-1.05091E-06
 -1       362 8.55831E-06-1.12218E-04-1.16733E-06
 -1       363-1.22615E-07-1.05418E-04-1.19353E-06
 -1       364 8.95999E-06-1.26230E-04-1.32425E-06
 -1       365-1.27561E-07-1.19109E-04-1.34232E-06
 -1       366 9.34011E-06-1.40862E-04-1.48656E-06
 -1       367-1.32090E-07-1.33437E-04-1.49675E-06
 -1       368 9.69870E-06-1.56080E-04-1.65377E-06
 -1       369-1.36214E-07-1.48368E-04-1.65632E-06
 -1       370 1.00357E-05-1.71849E-04-1.82538E-06
 -1       371-1.39907E-07-1.63868E-04-1.82055E-06
 -1       372 1.03512E-05-1.88135E-04-2.00091E-06
 -1       373-1.43188E-07-1.79902E-04-1.98893E-06
 -1       374 1.06451E-05-2.04904E-04-2.17990E-06
 -1       375-1.46095E-07-1.96435E-04-2.16099E-06
 -1       376 1.09173E-05-2.22120E-04-2.36192E-06
 -1       377-1.48634E-07-2.13434E-04-2.33632E-06
 -1       378 1.11680E-05-2.39751E-04-2.54654E-06
 -1       379-1.50784E-07-2.30864E-04-2.51444E-06
 -1       380 1.13970E-05-2.57760E-04-2.73335E-06
 -1       381-1.52636E-07-2.48690E-04-2.69496E-06
 -1       382 1.16043E-05-2.76114E-04-2.92201E-06
 -1       383-1.54179E-07-2.66877E-04-2.87750E-06
 -1       384 1.17899E-05-2.94778E-04-3.11216E-06
 -1       385-1.55437E-07-2.85393E-04-3.06170E-06
 -1       386 1.19538E-05-3.13717E-04-3.30349E-06
 -1       387-1.56423E-07-3.04201E-04-3.24723E-06
 -1       388 1.20960E-05-3.32898E-04-3.49569E-06
 -1       389-1.57169E-07-3.23267E-04-3.43379E-06
 -1       390 1.22164E-05-3.52286E-04-3.68853E-06
 -1       391-1.57693E-07-3.42558E-04-3.62111E-06
 -1       392 1.23149E-05-3.71846E-04-3.88180E-06
 -1       393-1.58053E-07-3.62038E-04-3.80895E-06
 -1       394 1.23917E-05-3.91544E-04-4.07534E-06
 -1       395-1.58279E-07-3.81673E-04-3.99714E-06
 -1       396 1.24465E-05-4.11345E-04-4.26901E-06
 -1       397-1.58405E-07-4.01429E-04-4.18553E-06
 -1       398 1.24790E-05-4.31215E-04-4.46274E-06
 -1       399-1.58447E-07-4.21271E-04-4.37398E-06
 -1       400-1.58453E-07-4.41166E-04-4.56242E-06
 -1       401-7.05363E-07-4.79286E-07-1.75470E-07
 -1       402-1.42229E-06-2.19601E-06-1.95747E-07
 -1       403-2.12581E-06-5.00597E-06-2.22616E-07
 -1       404-2.80601E-06-8.88668E-06-2.62640E-07
 -1       405-3.46385E-06-1.38006E-05-3.14594E-07
 -1       406-4.09927E-06-1.97141E-05-3.77828E-07
 -1       407-4.71224E-06-2.65924E-05-4.51852E-07
 -1       408-5.30278E-06-3.44011E-05-5.36112E-07
 -1       409-5.87089E-06-4.31059E-05-6.30050E-07
 -1       410-6.41658E-06-5.26721E-05-7.33126E-07
 -1       411-6.93984E-06-6.30653E-05-8.44777E-07
 -1       412-7.44066E-06-7.42512E-05-9.64460E-07
 -1       413-7.91906E-06-8.61951E-05-1.09163E-06
 -1       414-8.37505E-06-9.88628E-05-1.22578E-06
 -1       415-8.80862E-06-1.12220E-04-1.36637E-06
 -1       416-9.21978E-06-1.26231E-04-1.51285E-06
 -1       417-9.60856E-06-1.40863E-04-1.66473E-06
 -1       418-9.97494E-06-1.56081E-04-1.82150E-06
 -1       419-1.03189E-05-1.71850E-04-1.98267E-06
 -1       420-1.06406E-05-1.88136E-04-2.14775E-06
 -1       421-1.09399E-05-2.04905E-04-2.31630E-06
 -1       422-1.12169E-05-2.22121E-04-2.48788E-06
 -1       423-1.14715E-05-2.39751E-04-2.66206E-06
 -1       424-1.17039E-05-2.57760E-04-2.83844E-06
 -1       425-1.19140E-05-2.76114E-04-3.01665E-06
 -1       426-1.21018E-05-2.94778E-04-3.19634E-06
 -1       427-1.22674E-05-3.13718E-04-3.37719E-06
 -1       428-1.24109E-05-3.32899E-04-3.55896E-06
 -1       429-1.25322E-05-3.52286E-04-3.74136E-06
 -1       430-1.26313E-05-3.71846E-04-3.92419E-06
 -1       431-1.27084E-05-3.91544E-04-4.10727E-06
 -1       432-1.27634E-05-4.11345E-04-4.29047E-06
 -1       433-1.27959E-05-4.31215E-04-4.47365E-06
 -1       434 1.71433E-09-4.51114E-04-4.65664E-06
 -1       435 1.26516E-05-4.51123E-04-4.65638E-06
 -1       436-7.83742E-08-4.51113E-04-4.65664E-06
 -1       437 8.18004E-08-4.51114E-04-4.65664E-06
 -1       438-1.26481E-05-4.51123E-04-4.65689E-06
 -1       439 1.61889E-07-4.31214E-04-4.46819E-06
 -1       440 1.61885E-07-4.11342E-04-4.27975E-06
 -1       441 1.61816E-07-3.91539E-04-4.09132E-06
 -1       442 1.61629E-07-3.71839E-04-3.90302E-06
 -1       443 1.61301E-07-3.52277E-04-3.71498E-06
 -1       444 1.60809E-07-3.32887E-04-3.52738E-06
 -1       445 1.60134E-07-3.13704E-04-3.34041E-06
 -1       446 1.59214E-07-2.94763E-04-3.15434E-06
 -1       447 1.58056E-07-2.76097E-04-2.96943E-06
 -1       448 1.56603E-07-2.57741E-04-2.78602E-06
 -1       449 1.54844E-07-2.39730E-04-2.60445E-06
 -1       450 1.52751E-07-2.22098E-04-2.42508E-06
 -1       451 1.50315E-07-2.04879E-04-2.24830E-06
 -1       452 1.47494E-07-1.88109E-04-2.07455E-06
 -1       453 1.44299E-07-1.71821E-04-1.90427E-06
 -1       454 1.40711E-07-1.56049E-04-1.73792E-06
 -1       455 1.36708E-07-1.40830E-04-1.57595E-06
 -1       456 1.32271E-07-1.26196E-04-1.41888E-06
 -1       457 1.27405E-07-1.12182E-04-1.26722E-06
 -1       458 1.22087E-07-9.88230E-05-1.12145E-06
 -1       459 1.16319E-07-8.61533E-05-9.82113E-07
 -1       460 1.10112E-07-7.42073E-05-8.49746E-07
 -1       461 1.03439E-07-6.30194E-05-7.24878E-07
 -1       462 9.63099E-08-5.26240E-05-6.08036E-07
 -1       463 8.86988E-08-4.30557E-05-4.99785E-07
 -1       464 8.06263E-08-3.43490E-05-4.00660E-07
 -1       465 7.20771E-08-2.65382E-05-3.11232E-07
 -1       466 6.30755E-08-1.96578E-05-2.32008E-07
 -1       467 5.36041E-08-1.37423E-05-1.63574E-07
 -1       468 4.36684E-08-8.82607E-06-1.06457E-07
 -1       469 3.32474E-08-4.94407E-06-6.12419E-08
 -1       470 2.23773E-08-2.12759E-06-2.83649E-08
 -1       471 1.12623E-08-4.38308E-07-8.31995E-09
 -1       472 1.27993E-05-4.31216E-04-4.47312E-06
 -1       473 1.61887E-07-4.41166E-04-4.56242E-06
 -1       474 1.27668E-05-4.11346E-04-4.28993E-06
 -1       475 1.61888E-07-4.21272E-04-4.37397E-06
 -1       476 1.27118E-05-3.91545E-04-4.10672E-06
 -1       477 1.61867E-07-4.01430E-04-4.18553E-06
 -1       478 1.26347E-05-3.71847E-04-3.92364E-06
 -1       479 1.61735E-07-3.81674E-04-3.99715E-06
 -1       480 1.25356E-05-3.52287E-04-3.74083E-06
 -1       481 1.61489E-07-3.62039E-04-3.80896E-06
 -1       482 1.24142E-05-3.32899E-04-3.55845E-06
 -1       483 1.61074E-07-3.42558E-04-3.62112E-06
 -1       484 1.22708E-05-3.13718E-04-3.37670E-06
 -1       485 1.60492E-07-3.23268E-04-3.43380E-06
 -1       486 1.21051E-05-2.94779E-04-3.19583E-06
 -1       487 1.59708E-07-3.04201E-04-3.24724E-06
 -1       488 1.19172E-05-2.76115E-04-3.01614E-06
 -1       489 1.58657E-07-2.85393E-04-3.06172E-06
 -1       490 1.17070E-05-2.57761E-04-2.83794E-06
 -1       491 1.57374E-07-2.66878E-04-2.87752E-06
 -1       492 1.14746E-05-2.39752E-04-2.66159E-06
 -1       493 1.55761E-07-2.48690E-04-2.69499E-06
 -1       494 1.12198E-05-2.22122E-04-2.48743E-06
 -1       495 1.53842E-07-2.30864E-04-2.51446E-06
 -1       496 1.09428E-05-2.04905E-04-2.31587E-06
 -1       497 1.51575E-07-2.13435E-04-2.33633E-06
 -1       498 1.06434E-05-1.88137E-04-2.14734E-06
 -1       499 1.48951E-07-1.96436E-04-2.16102E-06
 -1       500 1.03216E-05-1.71851E-04-1.98226E-06
 -1       501 1.45944E-07-1.79902E-04-1.98895E-06
 -1       502 9.97753E-06-1.56082E-04-1.82111E-06
 -1       503 1.42550E-07-1.63868E-04-1.82058E-06
 -1       504 9.61104E-06-1.40864E-04-1.66435E-06
 -1       505 1.38760E-07-1.48368E-04-1.65635E-06
 -1       506 9.22215E-06-1.26232E-04-1.51250E-06
 -1       507 1.34545E-07-1.33437E-04-1.49677E-06
 -1       508 8.81086E-06-1.12220E-04-1.36605E-06
 -1       509 1.29890E-07-1.19109E-04-1.34235E-06
 -1       510 8.37716E-06-9.88632E-05-1.22549E-06
 -1       511 1.24805E-07-1.05419E-04-1.19356E-06
 -1       512 7.92104E-06-8.61956E-05-1.09136E-06
 -1       513 1.19259E-07-9.23999E-05-1.05094E-06
 -1       514 7.44250E-06-7.42516E-05-9.64194E-07
 -1       515 1.13268E-07-8.00877E-05-9.15025E-07
 -1       516 6.94153E-06-6.30657E-05-8.44534E-07
 -1       517 1.06834E-07-6.85164E-05-7.86343E-07
 -1       518 6.41814E-06-5.26724E-05-7.32906E-07
 -1       519 9.99287E-08-5.77205E-05-6.65416E-07
 -1       520 5.87231E-06-4.31062E-05-6.29870E-07
 -1       521 9.25647E-08-4.77344E-05-5.52803E-07
 -1       522 5.30405E-06-3.44014E-05-5.35961E-07
 -1       523 8.47205E-08-3.85925E-05-4.49050E-07
 -1       524 4.71335E-06-2.65927E-05-4.51733E-07
 -1       525 7.64090E-08-3.03294E-05-3.54702E-07
 -1       526 4.10021E-06-1.97143E-05-3.77716E-07
 -1       527 6.76296E-08-2.29795E-05-2.70304E-07
 -1       528 3.46463E-06-1.38009E-05-3.14494E-07
 -1       529 5.83958E-08-1.65773E-05-1.96408E-07
 -1       530 2.80663E-06-8.88685E-06-2.62568E-07
 -1       531 4.86937E-08-1.11571E-05-1.33568E-07
 -1       532 2.12628E-06-5.00608E-06-2.22592E-07
 -1       533 3.85180E-08-6.75377E-06-8.23314E-08
 -1       534 1.42260E-06-2.19609E-06-1.95747E-07
 -1       535 2.78740E-08-3.39988E-06-4.32291E-08
 -1       536 7.05521E-07-4.79342E-07-1.75492E-07
 -1       537 1.68579E-08-1.13730E-06-1.67797E-08
 -1       538 5.29548E-09-5.37224E-09-3.11599E-09
 -1       539-1.24755E-05-4.31216E-04-4.46326E-06
 -1       540-1.24431E-05-4.11346E-04-4.26955E-06
 -1       541-1.23882E-05-3.91545E-04-4.07589E-06
 -1       542-1.23115E-05-3.71847E-04-3.88236E-06
 -1       543-1.22129E-05-3.52287E-04-3.68908E-06
 -1       544-1.20926E-05-3.32899E-04-3.49623E-06
 -1       545-1.19505E-05-3.13718E-04-3.30401E-06
 -1       546-1.17866E-05-2.94778E-04-3.11269E-06
 -1       547-1.16011E-05-2.76114E-04-2.92254E-06
 -1       548-1.13938E-05-2.57760E-04-2.73388E-06
 -1       549-1.11649E-05-2.39751E-04-2.54705E-06
 -1       550-1.09143E-05-2.22121E-04-2.36241E-06
 -1       551-1.06421E-05-2.04904E-04-2.18038E-06
 -1       552-1.03484E-05-1.88136E-04-2.00137E-06
 -1       553-1.00330E-05-1.71849E-04-1.82583E-06
 -1       554-9.69609E-06-1.56080E-04-1.65421E-06
 -1       555-9.33761E-06-1.40862E-04-1.48699E-06
 -1       556-8.95759E-06-1.26230E-04-1.32465E-06
 -1       557-8.55603E-06-1.12218E-04-1.16771E-06
 -1       558-8.13296E-06-9.88613E-05-1.01667E-06
 -1       559-7.68837E-06-8.61934E-05-8.72068E-07
 -1       560-7.22226E-06-7.42493E-05-7.34440E-07
 -1       561-6.73464E-06-6.30632E-05-6.04299E-07
 -1       562-6.22551E-06-5.26698E-05-4.82184E-07
 -1       563-5.69488E-06-4.31034E-05-3.68661E-07
 -1       564-5.14276E-06-3.43985E-05-2.64270E-07
 -1       565-4.56914E-06-2.65895E-05-1.69560E-07
 -1       566-3.97403E-06-1.97110E-05-8.50738E-08
 -1       567-3.35740E-06-1.37974E-05-1.13626E-08
 -1       568-2.71927E-06-8.88322E-06 5.09922E-08
 -1       569-2.05975E-06-5.00231E-06 1.01512E-07
 -1       570-1.37778E-06-2.19222E-06 1.40401E-07
 -1       571-6.83487E-07-4.76212E-07 1.59808E-07
 -1       572 0.00000E+00 0.00000E+00 0.00000E+00
 -1       573 0.00000E+00 0.00000E+00 0.00000E+00
 -1       574 0.00000E+00 0.00000E+00 0.00000E+00
 -1       575 0.00000E+00 0.00000E+00 0.00000E+00
 -1       576 0.00000E+00 0.00000E+00 0.00000E+00
 -1       577 1.40490E-06-7.94434E-07-4.66718E-09
 -1       578 2.82531E-06-2.48898E-06-2.42168E-08
 -1       579 4.20983E-06-5.29592E-06-5.70896E-08
 -1       580 5.55027E-06-9.16572E-06-1.02442E-07
 -1       581 6.84640E-06-1.40708E-05-1.59697E-07
 -1       582 8.09869E-06-1.99749E-05-2.28292E-07
 -1       583 9.30704E-06-2.68439E-05-3.07679E-07
 -1       584 1.04715E-05-3.46434E-05-3.97284E-07
 -1       585 1.15919E-05-4.33388E-05-4.96548E-07
 -1       586 1.26684E-05-5.28958E-05-6.04950E-07
 -1       587 1.37010E-05-6.32798E-05-7.21940E-07
 -1       588 1.46897E-05-7.44563E-05-8.46957E-07
 -1       589 1.56344E-05-8.63910E-05-9.79502E-07
 -1       590 1.65352E-05-9.90494E-05-1.11900E-06
 -1       591 1.73920E-05-1.12397E-04-1.26490E-06
 -1       592 1.82049E-05-1.26399E-04-1.41672E-06
 -1       593 1.89739E-05-1.41022E-04-1.57392E-06
 -1       594 1.96989E-05-1.56230E-04-1.73603E-06
 -1       595 2.03800E-05-1.71990E-04-1.90255E-06
 -1       596 2.10172E-05-1.88267E-04-2.07295E-06
 -1       597 2.16104E-05-2.05026E-04-2.24684E-06
 -1       598 2.21596E-05-2.22234E-04-2.42373E-06
 -1       599 2.26650E-05-2.39854E-04-2.60321E-06
 -1       600 2.31264E-05-2.57854E-04-2.78489E-06
 -1       601 2.35438E-05-2.76199E-04-2.96840E-06
 -1       602 2.39173E-05-2.94853E-04-3.15342E-06
 -1       603 2.42469E-05-3.13783E-04-3.33959E-06
 -1       604 2.45325E-05-3.32955E-04-3.52663E-06
 -1       605 2.47742E-05-3.52333E-04-3.71429E-06
 -1       606 2.49720E-05-3.71884E-04-3.90236E-06
 -1       607 2.51257E-05-3.91572E-04-4.09070E-06
 -1       608 2.52356E-05-4.11364E-04-4.27919E-06
 -1       609 2.53023E-05-4.31225E-04-4.46767E-06
 -1       610 1.40148E-06-7.70538E-07-1.66306E-07
 -1       611 6.44097E-07-3.31656E-07-9.99767E-11
 -1       612 2.83993E-06-2.46229E-06-1.93723E-07
 -1       613 2.12136E-06-1.50563E-06-1.27118E-08
 -1       614 4.22540E-06-5.27090E-06-2.19120E-07
 -1       615 3.52351E-06-3.75701E-06-3.90516E-08
 -1       616 5.57154E-06-9.14140E-06-2.59697E-07
 -1       617 4.88549E-06-7.09925E-06-7.82411E-08
 -1       618 6.87253E-06-1.40473E-05-3.11597E-07
 -1       619 6.20377E-06-1.14912E-05-1.29618E-07
 -1       620 8.12953E-06-1.99522E-05-3.74973E-07
 -1       621 7.47799E-06-1.69001E-05-1.92613E-07
 -1       622 9.34233E-06-2.68220E-05-4.49119E-07
 -1       623 8.70830E-06-2.32910E-05-2.66670E-07
 -1       624 1.05110E-05-3.46223E-05-5.33475E-07
 -1       625 9.89470E-06-3.06295E-05-3.51242E-07
 -1       626 1.16354E-05-4.33185E-05-6.27505E-07
 -1       627 1.10371E-05-3.88813E-05-4.45741E-07
 -1       628 1.27157E-05-5.28762E-05-7.30656E-07
 -1       629 1.21356E-05-4.80118E-05-5.49638E-07
 -1       630 1.37518E-05-6.32610E-05-8.42410E-07
 -1       631 1.31901E-05-5.79865E-05-6.62409E-07
 -1       632 1.47438E-05-7.44384E-05-9.62178E-07
 -1       633 1.42008E-05-6.87711E-05-7.83473E-07
 -1       634 1.56916E-05-8.63739E-05-1.08948E-06
 -1       635 1.51675E-05-8.03311E-05-9.12327E-07
 -1       636 1.65952E-05-9.90331E-05-1.22374E-06
 -1       637 1.60902E-05-9.26319E-05-1.04842E-06
 -1       638 1.74547E-05-1.12381E-04-1.36440E-06
 -1       639 1.69690E-05-1.05639E-04-1.19118E-06
 -1       640 1.82700E-05-1.26385E-04-1.51097E-06
 -1       641 1.78039E-05-1.19319E-04-1.34011E-06
 -1       642 1.90412E-05-1.41008E-04-1.66294E-06
 -1       643 1.85948E-05-1.33635E-04-1.49467E-06
 -1       644 1.97682E-05-1.56217E-04-1.81981E-06
 -1       645 1.93418E-05-1.48555E-04-1.65439E-06
 -1       646 2.04510E-05-1.71978E-04-1.98108E-06
 -1       647 2.00449E-05-1.64044E-04-1.81877E-06
 -1       648 2.10897E-05-1.88256E-04-2.14625E-06
 -1       649 2.07040E-05-1.80066E-04-1.98729E-06
 -1       650 2.16843E-05-2.05016E-04-2.31489E-06
 -1       651 2.13192E-05-1.96589E-04-2.15949E-06
 -1       652 2.22348E-05-2.22224E-04-2.48655E-06
 -1       653 2.18904E-05-2.13576E-04-2.33493E-06
 -1       654 2.27412E-05-2.39845E-04-2.66078E-06
 -1       655 2.24178E-05-2.30994E-04-2.51318E-06
 -1       656 2.32034E-05-2.57846E-04-2.83722E-06
 -1       657 2.29011E-05-2.48809E-04-2.69380E-06
 -1       658 2.36216E-05-2.76191E-04-3.01550E-06
 -1       659 2.33405E-05-2.66985E-04-2.87644E-06
 -1       660 2.39957E-05-2.94847E-04-3.19529E-06
 -1       661 2.37360E-05-2.85489E-04-3.06074E-06
 -1       662 2.43257E-05-3.13778E-04-3.37621E-06
 -1       663 2.40875E-05-3.04286E-04-3.24639E-06
 -1       664 2.46116E-05-3.32950E-04-3.55804E-06
 -1       665 2.43951E-05-3.23341E-04-3.43302E-06
 -1       666 2.48536E-05-3.52329E-04-3.74044E-06
 -1       667 2.46588E-05-3.42620E-04-3.62040E-06
 -1       668 2.50515E-05-3.71881E-04-3.92329E-06
 -1       669 2.48785E-05-3.62089E-04-3.80828E-06
 -1       670 2.52054E-05-3.91570E-04-4.10638E-06
 -1       671 2.50543E-05-3.81713E-04-3.99650E-06
 -1       672 2.53152E-05-4.11363E-04-4.28970E-06
 -1       673 2.51861E-05-4.01458E-04-4.18494E-06
 -1       674 2.53819E-05-4.31225E-04-4.47307E-06
 -1       675 2.52743E-05-4.21288E-04-4.37343E-06
 -1       676 2.53207E-05-4.41172E-04-4.56190E-06
 -1       677 1.39023E-06-7.66947E-07 1.56591E-07
 -1       678 2.81777E-06-2.45843E-06 1.44612E-07
 -1       679 4.19250E-06-5.26709E-06 1.04321E-07
 -1       680 5.52833E-06-9.13773E-06 5.42091E-08
 -1       681 6.81945E-06-1.40438E-05-8.36919E-09
 -1       682 8.06706E-06-1.99488E-05-8.21546E-08
 -1       683 9.27094E-06-2.68188E-05-1.66757E-07
 -1       684 1.04311E-05-3.46192E-05-2.61584E-07
 -1       685 1.15476E-05-4.33156E-05-3.66050E-07
 -1       686 1.26203E-05-5.28735E-05-4.79681E-07
 -1       687 1.36494E-05-6.32584E-05-6.01877E-07
 -1       688 1.46347E-05-7.44359E-05-7.32111E-07
 -1       689 1.55764E-05-8.63716E-05-8.69871E-07
 -1       690 1.64743E-05-9.90309E-05-1.01459E-06
 -1       691 1.73285E-05-1.12379E-04-1.16569E-06
 -1       692 1.81390E-05-1.26383E-04-1.32273E-06
 -1       693 1.89058E-05-1.41006E-04-1.48516E-06
 -1       694 1.96289E-05-1.56216E-04-1.65248E-06
 -1       695 2.03082E-05-1.71976E-04-1.82421E-06
 -1       696 2.09438E-05-1.88254E-04-1.99983E-06
 -1       697 2.15356E-05-2.05014E-04-2.17894E-06
 -1       698 2.20837E-05-2.22223E-04-2.36105E-06
 -1       699 2.25880E-05-2.39844E-04-2.54575E-06
 -1       700 2.30485E-05-2.57845E-04-2.73265E-06
 -1       701 2.34652E-05-2.76190E-04-2.92137E-06
 -1       702 2.38382E-05-2.94846E-04-3.11162E-06
 -1       703 2.41673E-05-3.13777E-04-3.30302E-06
 -1       704 2.44526E-05-3.32950E-04-3.49527E-06
 -1       705 2.46940E-05-3.52329E-04-3.68816E-06
 -1       706 2.48916E-05-3.71880E-04-3.88145E-06
 -1       707 2.50453E-05-3.91570E-04-4.07503E-06
 -1       708 2.51551E-05-4.11362E-04-4.26867E-06
 -1       709 2.52217E-05-4.31224E-04-4.46228E-06
 -1       710-1.40473E-06-7.94378E-07-4.71094E-09
 -1       711-2.82499E-06-2.48892E-06-2.42830E-08
 -1       712-4.20933E-06-5.29587E-06-5.72152E-08
 -1       713-5.54963E-06-9.16567E-06-1.02660E-07
 -1       714-6.84562E-06-1.40707E-05-1.59970E-07
 -1       715-8.09776E-06-1.99748E-05-2.28594E-07
 -1       716-9.30592E-06-2.68439E-05-3.08008E-07
 -1       717-1.04701E-05-3.46434E-05-3.97650E-07
 -1       718-1.15905E-05-4.33388E-05-4.96982E-07
 -1       719-1.26669E-05-5.28957E-05-6.05447E-07
 -1       720-1.36993E-05-6.32797E-05-7.22492E-07
 -1       721-1.46878E-05-7.44563E-05-8.47564E-07
 -1       722-1.56324E-05-8.63910E-05-9.80102E-07
 -1       723-1.65330E-05-9.90494E-05-1.11964E-06
 -1       724-1.73897E-05-1.12397E-04-1.26562E-06
 -1       725-1.82025E-05-1.26399E-04-1.41746E-06
 -1       726-1.89714E-05-1.41022E-04-1.57473E-06
 -1       727-1.96963E-05-1.56230E-04-1.73687E-06
 -1       728-2.03773E-05-1.71990E-04-1.90339E-06
 -1       729-2.10144E-05-1.88267E-04-2.07384E-06
 -1       730-2.16075E-05-2.05026E-04-2.24774E-06
 -1       731-2.21566E-05-2.22234E-04-2.42467E-06
 -1       732-2.26619E-05-2.39854E-04-2.60420E-06
 -1       733-2.31232E-05-2.57854E-04-2.78591E-06
 -1       734-2.35406E-05-2.76199E-04-2.96946E-06
 -1       735-2.39141E-05-2.94853E-04-3.15445E-06
 -1       736-2.42436E-05-3.13783E-04-3.34061E-06
 -1       737-2.45291E-05-3.32955E-04-3.52767E-06
 -1       738-2.47708E-05-3.52333E-04-3.71537E-06
 -1       739-2.49685E-05-3.71884E-04-3.90348E-06
 -1       740-2.51223E-05-3.91572E-04-4.09183E-06
 -1       741-2.52321E-05-4.11364E-04-4.28027E-06
 -1       742-2.52989E-05-4.31225E-04-4.46871E-06
 -1       743-6.44018E-07-3.31611E-07-1.25105E-10
 -1       744-1.39006E-06-7.66903E-07 1.56533E-07
 -1       745-2.12111E-06-1.50557E-06-1.27614E-08
 -1       746-2.81744E-06-2.45840E-06 1.44536E-07
 -1       747-3.52311E-06-3.75695E-06-3.91463E-08
 -1       748-4.19201E-06-5.26708E-06 1.04173E-07
 -1       749-4.88491E-06-7.09919E-06-7.84144E-08
 -1       750-5.52769E-06-9.13775E-06 5.39712E-08
 -1       751-6.20306E-06-1.14912E-05-1.29865E-07
 -1       752-6.81866E-06-1.40438E-05-8.65674E-09
 -1       753-7.47713E-06-1.69000E-05-1.92902E-07
 -1       754-8.06612E-06-1.99488E-05-8.24712E-08
 -1       755-8.70728E-06-2.32909E-05-2.66985E-07
 -1       756-9.26982E-06-2.68189E-05-1.67112E-07
 -1       757-9.89347E-06-3.06295E-05-3.51585E-07
 -1       758-1.04298E-05-3.46193E-05-2.61967E-07
 -1       759-1.10357E-05-3.88812E-05-4.46142E-07
 -1       760-1.15461E-05-4.33157E-05-3.66508E-07
 -1       761-1.21341E-05-4.80117E-05-5.50104E-07
 -1       762-1.26188E-05-5.28736E-05-4.80182E-07
 -1       763-1.31885E-05-5.79865E-05-6.62932E-07
 -1       764-1.36477E-05-6.32585E-05-6.02453E-07
 -1       765-1.41990E-05-6.87711E-05-7.84060E-07
 -1       766-1.46329E-05-7.44361E-05-7.32736E-07
 -1       767-1.51656E-05-8.03310E-05-9.12929E-07
 -1       768-1.55744E-05-8.63717E-05-8.70488E-07
 -1       769-1.60882E-05-9.26319E-05-1.04903E-06
 -1       770-1.64722E-05-9.90311E-05-1.01523E-06
 -1       771-1.69668E-05-1.05639E-04-1.19185E-06
 -1       772-1.73263E-05-1.12380E-04-1.16643E-06
 -1       773-1.78016E-05-1.19318E-04-1.34084E-06
 -1       774-1.81367E-05-1.26383E-04-1.32350E-06
 -1       775-1.85924E-05-1.33635E-04-1.49545E-06
 -1       776-1.89033E-05-1.41007E-04-1.48598E-06
 -1       777-1.93393E-05-1.48555E-04-1.65522E-06
 -1       778-1.96263E-05-1.56216E-04-1.65333E-06
 -1       779-2.00422E-05-1.64044E-04-1.81961E-06
 -1       780-2.03055E-05-1.71977E-04-1.82506E-06
 -1       781-2.07013E-05-1.80066E-04-1.98815E-06
 -1       782-2.09410E-05-1.88254E-04-2.00073E-06
 -1       783-2.13164E-05-1.96589E-04-2.16038E-06
 -1       784-2.15327E-05-2.05015E-04-2.17985E-06
 -1       785-2.18875E-05-2.13576E-04-2.33585E-06
 -1       786-2.20807E-05-2.22223E-04-2.36200E-06
 -1       787-2.24147E-05-2.30994E-04-2.51414E-06
 -1       788-2.25849E-05-2.39844E-04-2.54674E-06
 -1       789-2.28980E-05-2.48809E-04-2.69480E-06
 -1       790-2.30453E-05-2.57845E-04-2.73368E-06
 -1       791-2.33374E-05-2.66985E-04-2.87748E-06
 -1       792-2.34620E-05-2.76191E-04-2.92244E-06
 -1       793-2.37328E-05-2.85489E-04-3.06179E-06
 -1       794-2.38349E-05-2.94846E-04-3.11266E-06
 -1       795-2.40842E-05-3.04286E-04-3.24740E-06
 -1       796-2.41640E-05-3.13777E-04-3.30404E-06
 -1       797-2.43918E-05-3.23341E-04-3.43404E-06
 -1       798-2.44492E-05-3.32950E-04-3.49632E-06
 -1       799-2.46554E-05-3.42620E-04-3.62145E-06
 -1       800-2.46906E-05-3.52329E-04-3.68924E-06
 -1       801-2.48751E-05-3.62089E-04-3.80938E-06
 -1       802-2.48882E-05-3.71881E-04-3.88258E-06
 -1       803-2.50508E-05-3.81713E-04-3.99763E-06
 -1       804-2.50419E-05-3.91570E-04-4.07616E-06
 -1       805-2.51827E-05-4.01458E-04-4.18605E-06
 -1       806-2.51516E-05-4.11363E-04-4.26976E-06
 -1       807-2.52709E-05-4.21288E-04-4.37450E-06
 -1       808-2.52183E-05-4.31225E-04-4.46332E-06
 -1       809-2.53172E-05-4.41172E-04-4.56293E-06
 -1       810-1.40131E-06-7.70470E-07-1.66337E-07
 -1       811-2.83960E-06-2.46221E-06-1.93775E-07
 -1       812-4.22490E-06-5.27080E-06-2.19224E-07
 -1       813-5.57090E-06-9.14127E-06-2.59895E-07
 -1       814-6.87174E-06-1.40471E-05-3.11857E-07
 -1       815-8.12859E-06-1.99520E-05-3.75259E-07
 -1       816-9.34121E-06-2.68219E-05-4.49421E-07
 -1       817-1.05097E-05-3.46221E-05-5.33827E-07
 -1       818-1.16340E-05-4.33183E-05-6.27915E-07
 -1       819-1.27142E-05-5.28760E-05-7.31143E-07
 -1       820-1.37501E-05-6.32608E-05-8.42943E-07
 -1       821-1.47420E-05-7.44382E-05-9.62772E-07
 -1       822-1.56896E-05-8.63737E-05-1.09007E-06
 -1       823-1.65931E-05-9.90328E-05-1.22436E-06
 -1       824-1.74524E-05-1.12381E-04-1.36510E-06
 -1       825-1.82676E-05-1.26384E-04-1.51170E-06
 -1       826-1.90387E-05-1.41008E-04-1.66373E-06
 -1       827-1.97656E-05-1.56217E-04-1.82064E-06
 -1       828-2.04483E-05-1.71978E-04-1.98191E-06
 -1       829-2.10869E-05-1.88255E-04-2.14713E-06
 -1       830-2.16814E-05-2.05015E-04-2.31578E-06
 -1       831-2.22318E-05-2.22223E-04-2.48747E-06
 -1       832-2.27381E-05-2.39845E-04-2.66177E-06
 -1       833-2.32003E-05-2.57845E-04-2.83825E-06
 -1       834-2.36184E-05-2.76191E-04-3.01655E-06
 -1       835-2.39924E-05-2.94846E-04-3.19630E-06
 -1       836-2.43224E-05-3.13777E-04-3.37723E-06
 -1       837-2.46083E-05-3.32950E-04-3.55906E-06
 -1       838-2.48502E-05-3.52329E-04-3.74153E-06
 -1       839-2.50480E-05-3.71880E-04-3.92441E-06
 -1       840-2.52019E-05-3.91570E-04-4.10752E-06
 -1       841-2.53118E-05-4.11362E-04-4.29079E-06
 -1       842-2.53784E-05-4.31224E-04-4.47411E-06
 -1       843 8.50514E-11-5.37153E-07-6.87210E-09
 -1       844 1.59780E-10-2.23790E-06-2.70176E-08
 -1       845 2.46706E-10-5.05218E-06-5.99470E-08
 -1       846 3.22382E-10-8.93054E-06-1.05245E-07
 -1       847 3.90121E-10-1.38433E-05-1.62408E-07
 -1       848 4.58219E-10-1.97553E-05-2.30896E-07
 -1       849 5.54992E-10-2.66322E-05-3.10170E-07
 -1       850 6.52783E-10-3.44395E-05-3.99670E-07
 -1       851 7.29927E-10-4.31427E-05-4.98846E-07
 -1       852 7.85050E-10-5.27075E-05-6.07153E-07
 -1       853 8.51058E-10-6.30994E-05-7.24044E-07
 -1       854 9.17097E-10-7.42838E-05-8.48970E-07
 -1       855 9.92776E-10-8.62263E-05-9.81389E-07
 -1       856 1.06588E-09-9.88925E-05-1.12078E-06
 -1       857 1.13528E-09-1.12248E-04-1.26661E-06
 -1       858 1.19632E-09-1.26258E-04-1.41832E-06
 -1       859 1.25103E-09-1.40889E-04-1.57544E-06
 -1       860 1.29978E-09-1.56105E-04-1.73746E-06
 -1       861 1.35270E-09-1.71873E-04-1.90386E-06
 -1       862 1.40618E-09-1.88157E-04-2.07419E-06
 -1       863 1.44966E-09-2.04924E-04-2.24798E-06
 -1       864 1.49255E-09-2.22139E-04-2.42480E-06
 -1       865 1.54759E-09-2.39768E-04-2.60422E-06
 -1       866 1.58373E-09-2.57776E-04-2.78582E-06
 -1       867 1.60444E-09-2.76128E-04-2.96927E-06
 -1       868 1.62591E-09-2.94790E-04-3.15421E-06
 -1       869 1.65108E-09-3.13729E-04-3.34032E-06
 -1       870 1.68595E-09-3.32908E-04-3.52731E-06
 -1       871 1.70182E-09-3.52294E-04-3.71493E-06
 -1       872 1.73166E-09-3.71853E-04-3.90298E-06
 -1       873 1.73000E-09-3.91549E-04-4.09130E-06
 -1       874 1.71851E-09-4.11349E-04-4.27975E-06
 -1       875 1.71345E-09-4.31217E-04-4.46820E-06
 -1       876-5.33829E-09-5.20720E-07-7.08334E-09
 -1       877 3.84064E-11-8.76026E-08-1.56502E-09
 -1       878 6.82975E-07-5.80268E-07-6.50251E-09
 -1       879 5.50143E-09-5.20735E-07-7.10701E-09
 -1       880-1.08875E-08-2.20942E-06-2.73725E-08
 -1       881 1.25636E-10-1.24671E-06-1.53220E-08
 -1       882 1.40118E-06-2.30585E-06-2.63168E-08
 -1       883 1.12131E-08-2.20945E-06-2.73905E-08
 -1       884-1.62206E-08-5.02549E-06-6.02449E-08
 -1       885 1.98858E-10-3.50991E-06-4.19160E-08
 -1       886 2.09568E-06-5.11211E-06-5.92298E-08
 -1       887 1.67086E-08-5.02553E-06-6.02732E-08
 -1       888-2.13118E-08-8.90427E-06-1.05542E-07
 -1       889 2.92754E-10-6.86000E-06-8.10798E-08
 -1       890 2.76538E-06-8.98957E-06-1.04518E-07
 -1       891 2.19539E-08-8.90434E-06-1.05550E-07
 -1       892-2.61760E-08-1.38180E-05-1.62685E-07
 -1       893 3.50955E-10-1.12598E-05-1.32375E-07
 -1       894 3.41358E-06-1.39001E-05-1.61697E-07
 -1       895 2.69592E-08-1.38181E-05-1.62704E-07
 -1       896-3.07961E-08-1.97308E-05-2.31159E-07
 -1       897 4.24430E-10-1.66765E-05-1.95272E-07
 -1       898 4.03975E-06-1.98102E-05-2.30210E-07
 -1       899 3.17311E-08-1.97309E-05-2.31180E-07
 -1       900-3.51709E-08-2.66086E-05-3.10414E-07
 -1       901 5.00577E-10-2.30753E-05-2.69221E-07
 -1       902 4.64396E-06-2.66851E-05-3.09507E-07
 -1       903 3.62803E-08-2.66087E-05-3.10444E-07
 -1       904-3.93098E-08-3.44167E-05-3.99913E-07
 -1       905 6.11359E-10-3.04217E-05-3.53676E-07
 -1       906 5.22621E-06-3.44905E-05-3.99025E-07
 -1       907 4.05987E-08-3.44169E-05-3.99918E-07
 -1       908-4.32299E-08-4.31209E-05-4.99065E-07
 -1       909 6.88128E-10-3.86813E-05-4.48083E-07
 -1       910 5.78648E-06-4.31918E-05-4.98216E-07
 -1       911 4.46774E-08-4.31210E-05-4.99085E-07
 -1       912-4.69320E-08-5.26865E-05-6.07363E-07
 -1       913 7.63073E-10-4.78196E-05-5.51890E-07
 -1       914 6.32478E-06-5.27546E-05-6.06541E-07
 -1       915 4.85088E-08-5.26867E-05-6.07378E-07
 -1       916-5.03990E-08-6.30792E-05-7.24239E-07
 -1       917 8.15969E-10-5.78022E-05-6.64563E-07
 -1       918 6.84110E-06-6.31445E-05-7.23448E-07
 -1       919 5.21033E-08-6.30794E-05-7.24257E-07
 -1       920-5.36336E-08-7.42645E-05-8.49148E-07
 -1       921 8.84030E-10-6.85947E-05-7.85537E-07
 -1       922 7.33546E-06-7.43269E-05-8.48390E-07
 -1       923 5.54771E-08-7.42647E-05-8.49169E-07
 -1       924-5.66370E-08-8.62079E-05-9.81557E-07
 -1       925 9.54591E-10-8.01624E-05-9.14275E-07
 -1       926 7.80786E-06-8.62675E-05-9.80842E-07
 -1       927 5.86234E-08-8.62081E-05-9.81575E-07
 -1       928-5.94185E-08-9.88750E-05-1.12094E-06
 -1       929 1.03034E-09-9.24711E-05-1.05025E-06
 -1       930 8.25828E-06-9.89318E-05-1.12026E-06
 -1       931 6.15392E-08-9.88752E-05-1.12095E-06
 -1       932-6.19681E-08-1.12231E-04-1.26675E-06
 -1       933 1.09779E-09-1.05486E-04-1.19292E-06
 -1       934 8.68674E-06-1.12285E-04-1.26609E-06
 -1       935 6.42314E-08-1.12232E-04-1.26676E-06
 -1       936-6.43034E-08-1.26242E-04-1.41846E-06
 -1       937 1.17329E-09-1.19173E-04-1.34176E-06
 -1       938 9.09323E-06-1.26293E-04-1.41783E-06
 -1       939 6.66986E-08-1.26243E-04-1.41846E-06
 -1       940-6.64465E-08-1.40874E-04-1.57556E-06
 -1       941 1.22364E-09-1.33498E-04-1.49624E-06
 -1       942 9.47773E-06-1.40922E-04-1.57496E-06
 -1       943 6.89424E-08-1.40874E-04-1.57557E-06
 -1       944-6.83733E-08-1.56091E-04-1.73756E-06
 -1       945 1.27499E-09-1.48426E-04-1.65587E-06
 -1       946 9.84027E-06-1.56136E-04-1.73699E-06
 -1       947 7.09702E-08-1.56091E-04-1.73758E-06
 -1       948-7.00880E-08-1.71859E-04-1.90396E-06
 -1       949 1.32932E-09-1.63922E-04-1.82014E-06
 -1       950 1.01808E-05-1.71902E-04-1.90342E-06
 -1       951 7.27943E-08-1.71860E-04-1.90397E-06
 -1       952-7.16130E-08-1.88145E-04-2.07427E-06
 -1       953 1.37792E-09-1.79952E-04-1.98857E-06
 -1       954 1.04994E-05-1.88185E-04-2.07377E-06
 -1       955 7.44179E-08-1.88145E-04-2.07429E-06
 -1       956-7.29512E-08-2.04913E-04-2.24805E-06
 -1       957 1.43125E-09-1.96483E-04-2.16068E-06
 -1       958 1.07961E-05-2.04950E-04-2.24758E-06
 -1       959 7.58526E-08-2.04913E-04-2.24806E-06
 -1       960-7.40990E-08-2.22129E-04-2.42486E-06
 -1       961 1.47187E-09-2.13478E-04-2.33604E-06
 -1       962 1.10707E-05-2.22163E-04-2.42442E-06
 -1       963 7.70956E-08-2.22129E-04-2.42487E-06
 -1       964-7.50788E-08-2.39758E-04-2.60427E-06
 -1       965 1.52109E-09-2.30904E-04-2.51421E-06
 -1       966 1.13234E-05-2.39790E-04-2.60384E-06
 -1       967 7.81633E-08-2.39759E-04-2.60428E-06
 -1       968-7.59101E-08-2.57767E-04-2.78586E-06
 -1       969 1.56611E-09-2.48727E-04-2.69477E-06
 -1       970 1.15541E-05-2.57795E-04-2.78546E-06
 -1       971 7.90674E-08-2.57767E-04-2.78587E-06
 -1       972-7.65958E-08-2.76120E-04-2.96931E-06
 -1       973 1.60129E-09-2.66911E-04-2.87734E-06
 -1       974 1.17629E-05-2.76146E-04-2.96892E-06
 -1       975 7.98051E-08-2.76120E-04-2.96932E-06
 -1       976-7.71472E-08-2.94783E-04-3.15423E-06
 -1       977 1.61179E-09-2.85423E-04-3.06158E-06
 -1       978 1.19496E-05-2.94806E-04-3.15388E-06
 -1       979 8.03993E-08-2.94784E-04-3.15424E-06
 -1       980-7.75669E-08-3.13722E-04-3.34034E-06
 -1       981 1.64293E-09-3.04227E-04-3.24713E-06
 -1       982 1.21144E-05-3.13742E-04-3.34000E-06
 -1       983 8.08751E-08-3.13723E-04-3.34034E-06
 -1       984-7.78721E-08-3.32903E-04-3.52732E-06
 -1       985 1.66329E-09-3.23290E-04-3.43372E-06
 -1       986 1.22573E-05-3.32920E-04-3.52700E-06
 -1       987 8.12298E-08-3.32903E-04-3.52733E-06
 -1       988-7.80802E-08-3.52290E-04-3.71495E-06
 -1       989 1.69911E-09-3.42577E-04-3.62106E-06
 -1       990 1.23781E-05-3.52304E-04-3.71463E-06
 -1       991 8.14908E-08-3.52290E-04-3.71495E-06
 -1       992-7.82221E-08-3.71849E-04-3.90299E-06
 -1       993 1.71824E-09-3.62054E-04-3.80892E-06
 -1       994 1.24770E-05-3.71860E-04-3.90269E-06
 -1       995 8.16647E-08-3.71849E-04-3.90300E-06
 -1       996-7.83024E-08-3.91546E-04-4.09131E-06
 -1       997 1.73382E-09-3.81686E-04-3.99712E-06
 -1       998 1.25539E-05-3.91555E-04-4.09101E-06
 -1       999 8.17617E-08-3.91546E-04-4.09131E-06
 -1      1000-7.83538E-08-4.11347E-04-4.27975E-06
 -1      1001 1.72645E-09-4.01438E-04-4.18552E-06
 -1      1002 1.26088E-05-4.11352E-04-4.27946E-06
 -1      1003 8.17962E-08-4.11347E-04-4.27975E-06
 -1      1004-7.83630E-08-4.31216E-04-4.46820E-06
 -1      1005 1.72064E-09-4.21277E-04-4.37397E-06
 -1      1006 1.26415E-05-4.31219E-04-4.46793E-06
 -1      1007 8.18019E-08-4.31217E-04-4.46820E-06
 -1      1008 1.71378E-09-4.41167E-04-4.56242E-06
 -1      1009-6.82814E-07-5.80245E-07-6.52065E-09
 -1      1010-1.40085E-06-2.30582E-06-2.63534E-08
 -1      1011-2.09519E-06-5.11208E-06-5.92935E-08
 -1      1012-2.76474E-06-8.98954E-06-1.04622E-07
 -1      1013-3.41279E-06-1.39001E-05-1.61832E-07
 -1      1014-4.03880E-06-1.98102E-05-2.30360E-07
 -1      1015-4.64285E-06-2.66851E-05-3.09671E-07
 -1      1016-5.22493E-06-3.44904E-05-3.99214E-07
 -1      1017-5.78504E-06-4.31917E-05-4.98433E-07
 -1      1018-6.32320E-06-5.27546E-05-6.06787E-07
 -1      1019-6.83940E-06-6.31444E-05-7.23726E-07
 -1      1020-7.33362E-06-7.43269E-05-8.48689E-07
 -1      1021-7.80587E-06-8.62675E-05-9.81145E-07
 -1      1022-8.25616E-06-9.89317E-05-1.12058E-06
 -1      1023-8.68448E-06-1.12285E-04-1.26644E-06
 -1      1024-9.09084E-06-1.26293E-04-1.41820E-06
 -1      1025-9.47524E-06-1.40922E-04-1.57536E-06
 -1      1026-9.83767E-06-1.56136E-04-1.73741E-06
 -1      1027-1.01781E-05-1.71902E-04-1.90385E-06
 -1      1028-1.04966E-05-1.88185E-04-2.07421E-06
 -1      1029-1.07932E-05-2.04950E-04-2.24803E-06
 -1      1030-1.10677E-05-2.22163E-04-2.42488E-06
 -1      1031-1.13203E-05-2.39790E-04-2.60433E-06
 -1      1032-1.15510E-05-2.57795E-04-2.78597E-06
 -1      1033-1.17597E-05-2.76146E-04-2.96944E-06
 -1      1034-1.19464E-05-2.94806E-04-3.15439E-06
 -1      1035-1.21111E-05-3.13742E-04-3.34052E-06
 -1      1036-1.22539E-05-3.32920E-04-3.52752E-06
 -1      1037-1.23747E-05-3.52304E-04-3.71517E-06
 -1      1038-1.24736E-05-3.71860E-04-3.90325E-06
 -1      1039-1.25505E-05-3.91555E-04-4.09157E-06
 -1      1040-1.26054E-05-4.11352E-04-4.28000E-06
 -1      1041-1.26381E-05-4.31219E-04-4.46845E-06
 -3
    1PSTEP                         2           1           1          
  100CL  101 1.000000000        1041                     0    1           1
 -4  STRESS      6    1
 -5  SXX         1    4    1    1
 -5  SYY         1    4    2    2
 -5  SZZ         1    4    3    3
 -5  SXY         1    4    1    2
 -5  SYZ         1    4    2    3
 -5  SZX         1    4    3    1
 -1         1 6.18128E+06 2.40386E+06 2.40386E+06-4.41821E+05-3.62057E-01 1.15813E+06
 -1         2-6.27602E+06-2.44071E+06-2.44071E+06-4.60805E+05-3.82727E-01-1.15983E+06
 -1         3-1.14976E+04 5.38750E+04 4.63207E+03-3.87543E+04 7.42205E+02 2.56994E+03
 -1         4 1.14400E+04-5.40039E+04-4.60780E+03-3.87381E+04 7.06625E+02-2.52749E+03
 -1         5-1.15084E+04 5.38559E+04 4.57404E+03-3.87280E+04-7.90320E+02-2.57459E+03
 -1         6 1.15068E+04-5.39088E+04-4.53274E+03-3.87403E+04-8.23974E+02 2.48336E+03
 -1         7-6.18056E+06-2.40358E+06-2.40358E+06-4.41724E+05 3.62009E-01 1.15789E+06
 -1         8 6.27691E+06 2.44105E+06 2.44105E+06-4.61040E+05 3.82498E-01-1.15988E+06
 -1         9-4.45412E+04-1.73218E+04-1.73219E+04 5.81311E+05-4.79903E-01-5.64005E+03
 -1        10 3.01829E+06 1.17374E+06 1.17375E+06 1.81731E+05 1.11854E+00 5.76916E+05
 -1        11-3.10830E+06-1.20875E+06-1.20875E+06 1.72767E+05 1.14896E+00-5.85356E+05
 -1        12-5.12711E+06 1.80517E+05 1.10578E+05 7.10705E+04-4.44299E+04 1.92208E+05
 -1        13-5.04328E+06-5.65797E+04-3.80753E+04-3.82033E+03 4.28417E+03 2.28502E+03
 -1        14-4.89894E+06 1.54749E+04 8.69243E+03-2.46876E+04-1.39736E+03 3.76168E+03
 -1        15-4.74175E+06-3.63037E+03-1.73495E+03-2.23641E+04 4.09555E+02 2.17844E+03
 -1        16-4.58267E+06 7.78989E+02 3.45857E+02-2.29563E+04-9.33518E+01 2.60759E+03
 -1        17-4.42432E+06-1.94221E+02-9.50848E+01-2.27224E+04 2.03269E+01 2.51793E+03
 -1        18-4.26559E+06 1.12840E+02 6.92937E+01-2.28430E+04-1.78181E+01 2.47246E+03
 -1        19-4.10729E+06-3.75498E+01 1.04706E+01-2.28195E+04 2.13734E+01 2.52529E+03
 -1        20-3.94868E+06 2.77138E+01-7.25632E+00-2.28282E+04 3.43083E+00 2.47757E+03
 -1        21-3.79037E+06-3.09764E+01-5.36880E+01-2.28039E+04 6.49114E+00 2.50677E+03
 -1        22-3.63181E+06-4.48440E+01 1.44999E+01-2.27496E+04-2.75887E+00 2.54510E+03
 -1        23-3.47312E+06 4.38252E+01 2.41851E+01-2.28401E+04 1.42252E-01 2.51973E+03
 -1        24-3.31485E+06-2.22421E+01 1.16815E+01-2.27962E+04-1.30859E+01 2.50292E+03
 -1        25-3.15634E+06-3.52965E+01-2.47521E+00-2.28035E+04-1.10762E+01 2.53916E+03
 -1        26-2.99792E+06 4.49544E+01-5.53955E+00-2.28485E+04 1.71299E+01 2.51723E+03
 -1        27-2.83958E+06 5.88891E+01-1.72060E+01-2.28348E+04 7.05352E+00 2.49530E+03
 -1        28-2.68123E+06-7.31711E+01-5.55434E+00-2.27484E+04-2.92479E+00 2.57088E+03
 -1        29-2.52273E+06-2.23041E+01 5.11471E+01-2.28036E+04 2.51487E+01 2.53640E+03
 -1        30-2.36468E+06-1.39151E+01 2.77503E+01-2.28361E+04 3.92711E+00 2.55463E+03
 -1        31-2.20634E+06-4.62704E+01-8.73099E+00-2.28560E+04-1.35665E+01 2.58216E+03
 -1        32-2.04822E+06 5.22784E+01-7.81332E+01-2.28268E+04 3.69952E+01 2.62701E+03
 -1        33-1.88996E+06 5.81660E+01 7.20734E+01-2.27763E+04 1.69694E+01 2.52888E+03
 -1        34-1.73196E+06-6.21401E+01 1.32950E+01-2.28356E+04 1.19046E+01 2.60587E+03
 -1        35-1.57408E+06-4.03480E+00 1.60293E+01-2.28578E+04-3.67285E+01 2.58112E+03
 -1        36-1.41624E+06-1.94144E+01-1.99693E+01-2.28659E+04-1.33441E+00 2.65834E+03
 -1        37-1.25824E+06 3.03794E+01 4.22295E+01-2.28961E+04 1.79515E+01 2.59960E+03
 -1        38-1.10080E+06-7.82915E+01-2.17783E+01-2.28434E+04 2.75611E+01 2.64660E+03
 -1        39-9.43017E+05 3.09351E+01-5.25292E+01-2.28857E+04 4.36070E+00 2.67401E+03
 -1        40-7.85632E+05 4.37095E-01-1.70470E+01-2.28662E+04 2.14413E+01 2.67690E+03
 -1        41-6.28245E+05-1.44202E+01 2.48054E+01-2.28703E+04-2.79526E+01 2.73248E+03
 -1        42-4.70990E+05-1.06255E+02 4.75822E+01-2.30505E+04 4.22498E+01 2.70607E+03
 -1        43-3.15510E+05-9.54110E+02-7.11606E+02-2.25458E+04 4.87836E+01 2.50043E+03
 -1        44-1.58375E+05-1.20687E+03 1.85319E+03-1.32074E+04-3.51724E+01 2.09984E+02
 -1        45-5.28922E+06-4.26881E+05-3.25867E+05-1.66322E+05 7.72187E+04-3.41361E+05
 -1        46-5.03306E+06 1.14627E+05 8.78442E+04 6.09498E+03-1.63903E+04 3.28061E+04
 -1        47-4.97507E+06-1.90273E+04-1.55156E+04-1.82899E+04 2.17564E+03-2.46617E+03
 -1        48-4.82161E+06 4.61219E+03 2.65293E+03-1.60234E+04-5.49712E+02 3.17887E+03
 -1        49-4.66211E+06-1.16004E+03-4.67857E+02-1.70922E+04 1.54691E+02 2.60392E+03
 -1        50-4.50381E+06 2.32809E+02 2.65374E+01-1.68004E+04-3.05982E+01 2.61102E+03
 -1        51-4.34508E+06-8.37845E+00 3.23566E+01-1.68707E+04-3.87678E+00 2.62057E+03
 -1        52-4.18667E+06 2.45101E+01 4.04371E+01-1.68824E+04 1.22678E+00 2.58303E+03
 -1        53-4.02813E+06 3.51905E+00 2.11759E+01-1.68772E+04 1.63013E+01 2.60572E+03
 -1        54-3.86975E+06-1.72715E+01-4.58146E+01-1.68652E+04 3.98811E+00 2.57413E+03
 -1        55-3.71123E+06-2.32101E+01-2.83600E+01-1.68325E+04 1.06728E+00 2.62018E+03
 -1        56-3.55258E+06 5.59900E+00 3.89880E+01-1.68531E+04-1.71652E+00 2.64360E+03
 -1        57-3.39419E+06-4.95700E-01-1.07651E+00-1.68812E+04-7.45470E+00 2.60235E+03
 -1        58-3.23577E+06-5.49953E+01 4.06977E+00-1.68474E+04-2.11179E+01 2.60919E+03
 -1        59-3.07721E+06 2.87721E+01 3.21120E+01-1.68748E+04 1.52185E+01 2.61070E+03
 -1        60-2.91880E+06 9.94514E+01 2.70994E+01-1.69149E+04 2.88570E+01 2.62456E+03
 -1        61-2.76064E+06-5.40289E+01-6.26224E+01-1.68348E+04-5.05680E+00 2.60558E+03
 -1        62-2.60211E+06-6.63672E+01 7.96466E+00-1.68311E+04 8.68145E+00 2.63593E+03
 -1        63-2.44373E+06 1.17990E+01 8.81039E+01-1.68954E+04 1.45603E+01 2.63629E+03
 -1        64-2.28564E+06-5.28888E+01 3.07139E+00-1.68796E+04-9.45071E+00 2.63401E+03
 -1        65-2.12740E+06-2.00504E+01-5.15304E+01-1.69141E+04 1.78494E+01 2.67998E+03
 -1        66-1.96913E+06 8.39526E+01-2.39125E+01-1.68551E+04 2.04500E+01 2.64382E+03
 -1        67-1.81112E+06-5.05644E+01 1.28331E+01-1.68504E+04-9.84375E+00 2.65625E+03
 -1        68-1.65306E+06-1.18914E+01 5.32797E+01-1.69086E+04-1.34083E+01 2.65785E+03
 -1        69-1.49525E+06-4.03032E+01-6.89875E+00-1.69135E+04-9.07576E+00 2.65907E+03
 -1        70-1.33728E+06 1.42271E+01 9.75116E-02-1.69413E+04 1.99371E+01 2.70402E+03
 -1        71-1.17960E+06-3.06344E+01 4.44891E+01-1.69389E+04 3.14316E+01 2.66321E+03
 -1        72-1.02190E+06-1.71106E+01 2.43282E+01-1.69094E+04 9.39330E+00 2.72251E+03
 -1        73-8.64396E+05-6.73799E+00-3.78577E+01-1.69357E+04 1.64591E+01 2.68552E+03
 -1        74-7.06991E+05-3.36133E+01-1.15025E+01-1.69188E+04-5.20511E+00 2.73284E+03
 -1        75-5.49551E+05-9.96845E+00 1.02233E+02-1.69975E+04 9.68103E+00 2.75405E+03
 -1        76-3.92394E+05 1.33639E+01-6.69939E+00-1.69383E+04 5.93246E+01 2.71460E+03
 -1        77-2.37989E+05-1.92336E+03 3.68700E+01-1.50685E+04 1.31004E+02 2.22654E+03
 -1        78-9.53488E+04-4.77494E+03-4.10123E+03-1.77730E+04 1.94556E+03 7.01481E+02
 -1        79-1.75008E+00 4.30191E+01 4.68740E+00-1.07704E+05-9.19407E+03-3.57976E+01
 -1        80-1.87380E+04-5.63388E+04-7.52425E+03-7.50837E+04-4.20388E+03-2.40581E+03
 -1        81 1.87428E+04 5.63337E+04 7.56418E+03-7.51069E+04-4.18243E+03 2.38015E+03
 -1        82 5.04629E+06-1.78743E+05-1.07607E+05 7.06615E+04-4.39660E+04-1.90078E+05
 -1        83 4.96544E+06 5.55012E+04 3.67958E+04-4.01217E+03 4.19033E+03-2.25278E+03
 -1        84 4.82414E+06-1.53225E+04-8.39796E+03-2.49233E+04-1.37450E+03-4.29643E+03
 -1        85 4.67011E+06 3.51242E+03 1.64511E+03-2.26351E+04 4.11850E+02-2.66581E+03
 -1        86 4.51454E+06-7.77129E+02-3.36036E+02-2.31827E+04-1.09718E+02-3.09972E+03
 -1        87 4.35946E+06 2.06751E+02 1.02421E+02-2.30009E+04 3.94052E+01-3.04103E+03
 -1        88 4.20430E+06 6.24236E+00-5.83957E-01-2.30313E+04-7.29749E+00-3.08108E+03
 -1        89 4.04909E+06-1.18913E+01 2.88882E+01-2.29976E+04-2.28707E+01-3.04248E+03
 -1        90 3.89377E+06-1.44668E+01-6.47929E+01-2.29967E+04 1.03041E+01-3.03854E+03
 -1        91 3.73852E+06-4.99459E+01-2.76997E+01-2.30744E+04 1.58903E+00-3.01198E+03
 -1        92 3.58353E+06 2.83119E+01 3.17308E+01-2.30310E+04-3.34145E+00-2.99105E+03
 -1        93 3.42819E+06-6.75628E+00-1.65122E+01-2.30672E+04 1.78113E+01-3.02097E+03
 -1        94 3.27304E+06 1.27649E+01 4.50872E+00-2.30630E+04-1.18461E+01-3.02064E+03
 -1        95 3.11791E+06 2.52241E+01 1.65470E+01-2.30257E+04-7.24007E+00-3.04098E+03
 -1        96 2.96244E+06 1.14021E+01 1.64456E+01-2.30444E+04 1.19594E+01-3.03122E+03
 -1        97 2.80729E+06 5.03478E+00 3.30538E+01-2.29920E+04-3.42050E-01-3.02016E+03
 -1        98 2.65168E+06-8.64907E+01-5.62925E+01-2.30623E+04-8.02704E+00-2.95273E+03
 -1        99 2.49653E+06 5.17758E+01-1.26674E+01-2.30356E+04-6.54965E+00-2.97642E+03
 -1       100 2.34120E+06 4.95334E+01 2.84109E+01-2.30257E+04-2.21705E+00-3.02287E+03
 -1       101 2.18565E+06-1.71317E+01-3.73960E+00-2.30154E+04-1.85773E+01-3.03151E+03
 -1       102 2.03001E+06-6.15747E+01 2.93634E+01-2.30533E+04-8.27437E+00-2.95576E+03
 -1       103 1.87466E+06 7.38303E+01 7.74704E+01-2.29460E+04 1.75371E+01-3.01199E+03
 -1       104 1.71875E+06-1.76843E+01-6.32934E+01-2.29903E+04-4.48326E+01-2.95126E+03
 -1       105 1.56318E+06-8.02034E+00 5.06276E+01-2.29847E+04 8.76417E+00-2.98192E+03
 -1       106 1.40715E+06-4.93155E+01-8.19040E+01-2.29877E+04-1.61035E+00-2.90563E+03
 -1       107 1.25132E+06 9.12773E+00 1.18733E+00-2.30707E+04 5.15434E+01-2.91466E+03
 -1       108 1.09549E+06 6.66506E+01 7.69196E+01-2.29668E+04-2.85822E+01-2.92196E+03
 -1       109 9.39165E+05-5.07699E+01 3.56919E+01-2.30067E+04-3.19986E+01-2.85582E+03
 -1       110 7.83208E+05 1.73167E+01-4.77393E+01-2.29244E+04-9.18060E+00-2.90156E+03
 -1       111 6.26559E+05-3.73918E+00 4.69578E+00-2.29517E+04-5.45120E+01-2.87345E+03
 -1       112 4.70205E+05 8.19202E+01 6.73239E+01-2.30352E+04 5.72853E+00-2.83670E+03
 -1       113 3.15179E+05 8.90976E+02 6.89735E+02-2.26189E+04 5.23938E+01-2.52738E+03
 -1       114 1.58438E+05 1.27229E+03-1.74519E+03-1.31627E+04-9.29784E+01-3.19063E+02
 -1       115 5.20668E+06 4.18782E+05 3.20615E+05-1.57918E+05 7.52679E+04 3.42116E+05
 -1       116 4.95509E+06-1.12894E+05-8.58972E+04 6.12935E+03-1.63179E+04-3.24991E+04
 -1       117 4.89885E+06 1.87598E+04 1.51830E+04-1.83460E+04 2.11311E+03 2.23367E+03
 -1       118 4.74838E+06-4.58023E+03-2.54853E+03-1.62596E+04-5.35047E+02-3.48303E+03
 -1       119 4.59223E+06 1.09479E+03 4.55278E+02-1.73576E+04 1.51469E+02-2.90661E+03
 -1       120 4.43726E+06-2.31974E+02-7.14272E+01-1.70439E+04-3.98269E+01-2.94271E+03
 -1       121 4.28202E+06 7.51133E+01 2.09019E+01-1.70926E+04 1.92743E+01-2.98439E+03
 -1       122 4.12691E+06 8.75200E+00 1.58923E+01-1.70694E+04-1.10234E+01-2.97101E+03
 -1       123 3.97160E+06-1.75786E+01-1.58955E+01-1.70378E+04-8.65334E+00-2.93811E+03
 -1       124 3.81633E+06-1.45416E+01-3.68851E+01-1.70977E+04 6.27755E-01-2.94919E+03
 -1       125 3.66124E+06-1.81297E+00 1.80961E+01-1.71080E+04 3.75911E+00-2.90515E+03
 -1       126 3.50598E+06 7.34555E-01-2.28418E+00-1.71016E+04 1.13901E+01-2.91327E+03
 -1       127 3.35078E+06-7.42583E+00-2.72543E+00-1.71225E+04 1.97622E+00-2.93396E+03
 -1       128 3.19559E+06 9.70632E+00-9.73384E+00-1.71141E+04-1.10184E+01-2.95018E+03
 -1       129 3.04031E+06 2.87147E+01 1.97587E+01-1.70712E+04-7.10526E+00-2.93421E+03
 -1       130 2.88503E+06 8.08019E+00 2.96520E+01-1.70795E+04 4.91248E+00-2.93727E+03
 -1       131 2.72954E+06-6.75880E+01-2.58042E+01-1.70708E+04 4.80009E+00-2.93185E+03
 -1       132 2.57428E+06-4.77829E+00-7.63835E+00-1.71051E+04-2.06006E+00-2.86987E+03
 -1       133 2.41896E+06 5.58118E+01-1.61378E+01-1.71092E+04 2.81309E-01-2.92673E+03
 -1       134 2.26352E+06 1.45877E+01-1.18922E+01-1.70545E+04-9.70574E+00-2.92276E+03
 -1       135 2.10789E+06-4.77602E+01 1.25318E+01-1.70977E+04-1.65504E+01-2.94000E+03
 -1       136 1.95248E+06 2.40734E+01 9.28151E+01-1.70534E+04 1.11462E+01-2.90871E+03
 -1       137 1.79673E+06-1.26642E+01-4.71172E+01-1.70025E+04-3.95132E+00-2.91044E+03
 -1       138 1.64105E+06-1.85261E+01 9.70466E+00-1.70695E+04-2.19402E+00-2.90358E+03
 -1       139 1.48523E+06-1.95043E+01 1.48678E+01-1.70123E+04-2.22159E+00-2.87004E+03
 -1       140 1.32930E+06-2.36681E+01-2.81271E+01-1.71045E+04 1.52890E+01-2.89367E+03
 -1       141 1.17349E+06 3.74301E+01 1.83251E+01-1.70813E+04 2.63653E+00-2.86172E+03
 -1       142 1.01730E+06-1.72610E+01-2.85543E+00-1.70248E+04-2.90076E+01-2.85915E+03
 -1       143 8.61285E+05 1.55144E+01 3.32500E+01-1.70226E+04-1.19751E+01-2.82165E+03
 -1       144 7.04872E+05-1.81117E+01-1.93386E+01-1.69624E+04-1.47768E+01-2.87495E+03
 -1       145 5.48432E+05 2.07513E+01 7.23676E+01-1.70593E+04-1.27213E+01-2.84383E+03
 -1       146 3.91740E+05-1.04205E+02-3.42577E+00-1.69628E+04 4.82601E+01-2.75494E+03
 -1       147 2.37971E+05 1.94146E+03 1.32565E+01-1.50690E+04 1.12516E+02-2.30398E+03
 -1       148 9.52296E+04 4.66589E+03 4.04740E+03-1.77585E+04 1.91725E+03-7.08849E+02
 -1       149-1.55373E+04 5.92619E+04 1.12707E+04-3.74965E+04-1.42771E+01 1.80992E+01
 -1       150-1.49891E+04 5.97180E+04 8.41406E+03-3.57654E+04 8.41053E+02 2.75493E+03
 -1       151-1.50424E+04 5.96824E+04 8.38013E+03-3.57429E+04-8.82349E+02-2.72976E+03
 -1       152 5.81924E+00-9.29694E+00 1.13832E+01-1.07749E+05 9.22429E+03 5.56500E+00
 -1       153-1.87439E+04-5.63313E+04-7.47130E+03-7.51131E+04 4.17295E+03 2.36832E+03
 -1       154 1.87047E+04 5.62799E+04 7.49158E+03-7.51037E+04 4.15529E+03-2.41847E+03
 -1       155 1.55909E+04-5.92411E+04-1.12625E+04-3.75527E+04-6.15537E+00 9.98034E+00
 -1       156 1.50813E+04-5.97417E+04-8.34316E+03-3.57811E+04 8.37556E+02-2.74697E+03
 -1       157 1.51240E+04-5.96791E+04-8.35417E+03-3.57628E+04-9.06645E+02 2.72771E+03
 -1       158-1.58536E+05-1.31775E+03 1.76945E+03-1.31329E+04 9.91711E+01-2.58612E+02
 -1       159-3.15147E+05-9.00001E+02-8.38284E+02-2.25675E+04 1.21788E+01-2.48852E+03
 -1       160-4.70404E+05-8.99854E+01 1.84532E+01-2.30846E+04 2.92910E+01-2.80695E+03
 -1       161-6.26388E+05 7.16875E+01-2.28866E+01-2.29835E+04 5.54331E+01-2.85135E+03
 -1       162-7.83083E+05-4.49804E+01-6.55135E+01-2.30141E+04-8.66587E+00-2.87442E+03
 -1       163-9.38998E+05 3.87256E+01 2.33908E+01-2.29938E+04-3.10867E+00-2.86181E+03
 -1       164-1.09517E+06 1.77778E+01 3.25186E+00-2.30143E+04 7.67992E+00-2.87508E+03
 -1       165-1.25111E+06 7.29341E+01 3.11080E+01-2.29363E+04 3.14065E+00-2.89739E+03
 -1       166-1.40714E+06 2.85359E+01-6.74457E+01-2.30533E+04-1.06818E+01-2.93792E+03
 -1       167-1.56279E+06 6.81830E+01 3.44351E+01-2.30619E+04 5.60843E+01-3.00188E+03
 -1       168-1.71866E+06-8.49608E+01-9.23921E+00-2.30112E+04 2.28576E+01-2.95123E+03
 -1       169-1.87411E+06 6.04882E+01 3.35614E+01-2.29641E+04 1.00336E+01-3.01194E+03
 -1       170-2.02977E+06 5.03020E-01-2.64026E+01-2.30598E+04-3.94632E+01-3.01103E+03
 -1       171-2.18530E+06-1.17320E+01-2.78267E+01-2.30351E+04 1.03867E+00-2.99561E+03
 -1       172-2.34083E+06-4.79745E+01-2.55072E+00-2.30872E+04 9.74286E+00-2.98722E+03
 -1       173-2.49606E+06 4.71118E+01 2.25608E+01-2.30330E+04 1.74512E+01-3.00900E+03
 -1       174-2.65155E+06-2.17594E+01-2.55610E+00-2.30722E+04-8.37504E+00-3.01331E+03
 -1       175-2.80672E+06 4.08006E+01-3.62827E+01-2.30764E+04-8.92239E+00-3.01655E+03
 -1       176-2.96209E+06 4.78016E+01-1.44835E+01-2.30963E+04-4.09996E-01-3.01276E+03
 -1       177-3.11723E+06-2.49608E+01 5.72448E+01-2.30888E+04-8.20010E+00-3.05857E+03
 -1       178-3.27249E+06-2.82512E+01 4.49841E+00-2.30220E+04 2.17737E+01-3.05647E+03
 -1       179-3.42781E+06 3.92292E+00-1.45402E+01-2.30541E+04 1.32238E+00-3.01865E+03
 -1       180-3.58299E+06 3.18020E+01-2.81927E+01-2.30642E+04 8.40490E+00-3.03166E+03
 -1       181-3.73815E+06-2.24553E-01-1.58241E+01-2.31254E+04 2.15345E+00-3.03746E+03
 -1       182-3.89333E+06 3.27470E+01 2.33020E+01-2.30757E+04-1.59785E+01-3.04316E+03
 -1       183-4.04844E+06-2.27094E+01 3.71688E+01-2.30760E+04 3.16943E-01-3.08700E+03
 -1       184-4.20365E+06 3.06020E+01-1.33313E+01-2.30358E+04 2.11302E+01-3.02706E+03
 -1       185-4.35892E+06-2.16711E+02-1.08025E+02-2.30245E+04-5.13847E+01-2.99361E+03
 -1       186-4.51385E+06 8.62490E+02 3.76966E+02-2.32178E+04 1.05471E+02-3.14765E+03
 -1       187-4.66961E+06-3.51483E+03-1.62703E+03-2.26343E+04-3.89380E+02-2.72988E+03
 -1       188-4.82354E+06 1.53200E+04 8.40085E+03-2.49468E+04 1.37929E+03-4.37740E+03
 -1       189-4.96492E+06-5.55324E+04-3.68027E+04-4.01816E+03-4.23041E+03-2.30213E+03
 -1       190-5.04568E+06 1.78713E+05 1.07589E+05 7.06358E+04 4.39702E+04-1.90041E+05
 -1       191-9.52833E+04-4.70936E+03-4.00650E+03-1.77423E+04-1.94915E+03-7.02680E+02
 -1       192-2.37995E+05-1.92800E+03-1.62955E+01-1.50444E+04-8.36056E+01-2.21550E+03
 -1       193-3.91780E+05 1.54598E+02 2.65656E+01-1.69641E+04-2.08372E+01-2.77903E+03
 -1       194-5.48388E+05 3.48021E+01-2.46275E+01-1.70727E+04 3.27822E+01-2.77282E+03
 -1       195-7.04761E+05 3.34154E+01-2.38032E+01-1.70129E+04 1.20273E+01-2.84620E+03
 -1       196-8.61085E+05-2.08570E+01-4.04962E+01-1.70835E+04 2.53853E-01-2.82045E+03
 -1       197-1.01716E+06 1.35664E+01 5.93002E+00-1.70655E+04-6.41368E-01-2.84226E+03
 -1       198-1.17318E+06 4.13531E+01-9.35745E+00-1.70391E+04 5.27385E+00-2.85618E+03
 -1       199-1.32921E+06 5.21944E+01-5.24205E+01-1.70507E+04-1.52695E+01-2.85059E+03
 -1       200-1.48504E+06 5.24201E+01-8.12743E+00-1.70943E+04 1.30397E+01-2.88334E+03
 -1       201-1.64082E+06-1.76227E+01 2.68711E+01-1.71021E+04 3.86878E+01-2.93848E+03
 -1       202-1.79638E+06 4.01058E+01 3.59552E+01-1.70484E+04 2.90818E+01-2.93038E+03
 -1       203-1.95213E+06 6.31310E+00-8.12241E+01-1.70631E+04-9.22731E+00-2.94251E+03
 -1       204-2.10763E+06-1.24089E+01-3.95690E+01-1.71040E+04-1.94392E+01-2.92149E+03
 -1       205-2.26312E+06 2.68227E+00-1.98282E+01-1.71135E+04-1.72354E+00-2.92134E+03
 -1       206-2.41854E+06-1.57631E+01 2.83245E+01-1.71005E+04 2.23143E+01-2.89075E+03
 -1       207-2.57394E+06 5.67121E+00 1.46682E+01-1.71247E+04 7.74045E+00-2.94415E+03
 -1       208-2.72922E+06 2.85040E+01-1.03380E+01-1.71316E+04-1.37802E+01-2.92080E+03
 -1       209-2.88461E+06 1.47125E+01-5.40517E+01-1.71326E+04-6.45847E+00-2.92803E+03
 -1       210-3.03977E+06 2.18728E+01 1.26204E+01-1.71699E+04-1.04253E+01-2.97904E+03
 -1       211-3.19500E+06-1.88736E+01 1.73682E+01-1.71036E+04 1.33901E+01-2.96384E+03
 -1       212-3.35030E+06-3.96868E+00 9.01610E+00-1.70738E+04 1.22030E+01-2.92343E+03
 -1       213-3.50553E+06 1.72890E+01 1.23805E+01-1.71194E+04 6.82785E-01-2.93727E+03
 -1       214-3.66083E+06-1.48913E+01-8.24696E+01-1.71657E+04 1.37106E+01-2.96232E+03
 -1       215-3.81586E+06 2.42056E+01-3.20266E+00-1.71462E+04-6.46813E+00-2.95914E+03
 -1       216-3.97102E+06 3.45595E+01 4.99701E+01-1.71309E+04-1.32893E+01-2.96118E+03
 -1       217-4.12628E+06-2.40616E+01 1.33120E+01-1.71009E+04 1.83779E+01-2.95148E+03
 -1       218-4.28144E+06-7.77816E+01-4.53834E+01-1.71272E+04-1.25675E+01-2.95576E+03
 -1       219-4.43668E+06 2.67814E+02 5.74812E+01-1.70676E+04 2.68523E+01-2.91191E+03
 -1       220-4.59166E+06-1.08292E+03-4.17459E+02-1.73687E+04-1.41556E+02-2.97214E+03
 -1       221-4.74781E+06 4.60216E+03 2.55398E+03-1.62849E+04 5.41852E+02-3.58363E+03
 -1       222-4.89829E+06-1.87830E+04-1.51824E+04-1.83347E+04-2.12049E+03 2.16399E+03
 -1       223-4.95458E+06 1.12827E+05 8.58426E+04 6.10979E+03 1.63144E+04-3.25055E+04
 -1       224-5.20603E+06-4.18713E+05-3.20588E+05-1.57886E+05-7.52673E+04 3.42027E+05
 -1       225 4.52716E+04 1.76059E+04 1.76059E+04 5.81275E+05 4.79887E-01-5.77896E+03
 -1       226 3.10905E+06 1.20904E+06 1.20904E+06 1.72632E+05-1.14884E+00-5.85462E+05
 -1       227-3.01759E+06-1.17347E+06-1.17347E+06 1.81759E+05-1.11848E+00 5.76730E+05
 -1       228 1.58474E+05 1.36570E+03-1.80429E+03-1.31571E+04 1.00034E+02 2.60262E+02
 -1       229 3.15266E+05 8.56523E+02 6.24680E+02-2.25031E+04-4.57918E+01 2.49790E+03
 -1       230 4.71225E+05 1.11237E+02-1.79607E+01-2.29162E+04 1.83671E+01 2.75923E+03
 -1       231 6.28241E+05-8.82257E+00 2.89308E+01-2.28986E+04 5.63516E+01 2.67913E+03
 -1       232 7.85935E+05 4.31327E+01 2.60286E+01-2.28992E+04-1.35203E+01 2.71162E+03
 -1       233 9.43101E+05-4.56023E+00-3.64293E+01-2.29641E+04-2.17656E+01 2.68377E+03
 -1       234 1.10091E+06 1.54701E+01 7.79033E+00-2.28226E+04 1.03909E+01 2.62026E+03
 -1       235 1.25847E+06-8.21507E+01 1.17439E+01-2.28767E+04-6.29594E+01 2.63550E+03
 -1       236 1.41638E+06-2.83939E+01-3.32912E+01-2.28156E+04-1.17531E+01 2.66117E+03
 -1       237 1.57435E+06 2.91954E+01 2.89513E-01-2.28464E+04 2.27070E+00 2.62439E+03
 -1       238 1.73220E+06-1.09676E-01-1.09677E+01-2.28558E+04 1.50217E+01 2.66248E+03
 -1       239 1.89047E+06-1.06085E+01 4.62625E+01-2.28347E+04-2.65439E+01 2.56157E+03
 -1       240 2.04831E+06-4.55607E+01-4.65319E+01-2.27788E+04 3.41570E+01 2.64556E+03
 -1       241 2.20687E+06 4.74729E+01 3.06675E+01-2.28575E+04 3.49996E+00 2.56908E+03
 -1       242 2.36489E+06-3.62592E+00-1.03917E-01-2.28399E+04-2.82959E+01 2.59103E+03
 -1       243 2.52325E+06 4.03870E+01-2.04515E+01-2.28538E+04 1.09109E+01 2.56106E+03
 -1       244 2.68161E+06-3.74885E+00-2.26540E+01-2.27886E+04 4.28455E+00 2.53822E+03
 -1       245 2.83993E+06-4.37946E+01 2.00777E+01-2.28099E+04-1.19504E+01 2.58244E+03
 -1       246 2.99845E+06 2.31568E+01 5.34940E+01-2.28602E+04-1.04923E+01 2.52374E+03
 -1       247 3.15669E+06-6.95047E+00-8.70042E+01-2.28243E+04 2.25554E+01 2.60000E+03
 -1       248 3.31537E+06-2.04709E+01 2.51957E+01-2.27645E+04-4.14195E+00 2.53055E+03
 -1       249 3.47387E+06 4.54474E+00 5.37588E+01-2.28441E+04-1.23000E+01 2.51543E+03
 -1       250 3.63217E+06 9.44442E+00 1.50244E+01-2.28639E+04-4.69801E+00 2.52628E+03
 -1       251 3.79082E+06 1.44377E+01-2.41552E+01-2.28001E+04 9.16586E+00 2.51767E+03
 -1       252 3.94913E+06-3.09577E+01-6.10022E+01-2.28403E+04-8.24489E+00 2.59164E+03
 -1       253 4.10794E+06 6.46163E+01 7.32719E+01-2.28240E+04 4.55656E+00 2.49504E+03
 -1       254 4.26624E+06-3.76175E+01-6.07752E+01-2.28870E+04 9.43188E+00 2.51211E+03
 -1       255 4.42478E+06 8.50825E+01 8.64126E+01-2.27209E+04-2.88812E+01 2.54005E+03
 -1       256 4.58333E+06-7.92654E+02-3.65186E+02-2.30107E+04 1.00168E+02 2.60623E+03
 -1       257 4.74212E+06 3.58027E+03 1.71988E+03-2.23408E+04-4.02063E+02 2.25787E+03
 -1       258 4.89947E+06-1.54583E+04-8.71379E+03-2.46914E+04 1.39479E+03 3.87426E+03
 -1       259 5.04389E+06 5.65681E+04 3.81258E+04-3.76725E+03-4.29608E+03 2.36518E+03
 -1       260 5.12769E+06-1.80512E+05-1.10552E+05 7.11172E+04 4.44688E+04 1.92227E+05
 -1       261 9.52894E+04 4.74058E+03 4.08067E+03-1.77691E+04-1.96516E+03 6.78964E+02
 -1       262 2.38034E+05 1.96624E+03-3.75534E+01-1.50043E+04-1.05392E+02 2.24366E+03
 -1       263 3.92254E+05-1.31160E+02-1.20043E+02-1.68415E+04-3.77024E+01 2.75055E+03
 -1       264 5.49824E+05 5.20868E+01 1.10671E+01-1.69614E+04 2.76240E+01 2.73390E+03
 -1       265 7.07024E+05-5.10378E+01-5.61391E+01-1.69322E+04-8.00064E+00 2.76466E+03
 -1       266 8.64562E+05 1.40630E+01 1.08677E+01-1.69871E+04-3.13562E+01 2.72326E+03
 -1       267 1.02205E+06 5.25082E+01-2.83906E+00-1.69145E+04 4.56014E+00 2.69596E+03
 -1       268 1.17976E+06 1.51240E+00 6.09539E+01-1.69177E+04-1.08493E+01 2.67605E+03
 -1       269 1.33749E+06-4.23787E+01-3.25999E+01-1.69143E+04-3.09142E+01 2.69722E+03
 -1       270 1.49541E+06-1.47892E+01-3.16013E+01-1.68908E+04-1.52113E+01 2.70443E+03
 -1       271 1.65341E+06 2.99415E+01 2.39831E+01-1.69029E+04 7.15547E+00 2.68824E+03
 -1       272 1.81143E+06 5.50227E+00 1.40058E+01-1.68876E+04-1.17664E+01 2.70669E+03
 -1       273 1.96939E+06-8.22327E+01-4.23405E+01-1.68883E+04 1.83084E+00 2.67356E+03
 -1       274 2.12779E+06 3.83121E+01 5.09795E+01-1.68589E+04 1.57416E+01 2.68615E+03
 -1       275 2.28592E+06 2.03590E+00 1.62044E+00-1.68970E+04-2.02238E+01 2.65651E+03
 -1       276 2.44425E+06 6.19364E+01 1.30517E+01-1.68930E+04-3.73966E+00 2.64631E+03
 -1       277 2.60247E+06-9.40431E+00-8.70182E+01-1.68789E+04 7.45236E+00 2.63707E+03
 -1       278 2.76089E+06-2.76572E+01-1.61836E+01-1.68619E+04-9.57142E+00 2.65651E+03
 -1       279 2.91938E+06 1.30425E+01 7.69588E+01-1.68860E+04-8.12379E+00 2.64188E+03
 -1       280 3.07766E+06-1.51676E+01-3.09990E+01-1.69181E+04 4.05881E+00 2.65417E+03
 -1       281 3.23622E+06 1.46088E+01-2.57175E+01-1.68266E+04 1.30542E+01 2.66032E+03
 -1       282 3.39475E+06-2.66509E+01 4.19629E+01-1.68527E+04-5.89198E+00 2.61542E+03
 -1       283 3.55320E+06 2.46352E+01 3.87574E+01-1.69242E+04-5.79994E+00 2.62131E+03
 -1       284 3.71161E+06-1.06399E+01-2.81749E+01-1.68829E+04-9.09311E-01 2.63037E+03
 -1       285 3.87013E+06-2.04006E+01-4.85051E+01-1.68805E+04-4.44191E-01 2.62432E+03
 -1       286 4.02878E+06 5.31232E+01 1.63725E+01-1.68816E+04 1.15752E+01 2.64942E+03
 -1       287 4.18728E+06 1.20678E+01 2.94948E+01-1.69205E+04-8.10201E-01 2.58757E+03
 -1       288 4.34565E+06 8.00253E-01-3.73811E+01-1.68720E+04-9.12123E+00 2.62113E+03
 -1       289 4.50439E+06-2.87499E+02-4.22002E+01-1.68180E+04 3.37156E+01 2.64596E+03
 -1       290 4.66257E+06 1.12473E+03 4.38430E+02-1.71272E+04-1.43044E+02 2.63001E+03
 -1       291 4.82214E+06-4.60931E+03-2.63042E+03-1.60152E+04 5.48582E+02 3.28905E+03
 -1       292 4.97559E+06 1.89995E+04 1.54724E+04-1.82376E+04-2.18667E+03-2.37909E+03
 -1       293 5.03367E+06-1.14617E+05-8.78155E+04 6.13233E+03 1.63963E+04 3.28419E+04
 -1       294 5.28984E+06 4.26927E+05 3.25917E+05-1.66404E+05-7.72058E+04-3.41327E+05
 -1       295-5.34580E+06-2.07896E+06-2.07896E+06-7.41985E+05-1.09698E-02 5.87176E+03
 -1       296-5.70670E+06-2.21924E+06-2.21924E+06-6.36975E+05-8.53129E-01 5.75472E+05
 -1       297-5.75497E+06-2.23801E+06-2.23801E+06-6.46652E+05 8.90138E-01-5.69349E+05
 -1       298 5.34648E+06 2.07922E+06 2.07922E+06-7.42159E+05 1.08336E-02 5.95090E+03
 -1       299 5.75576E+06 2.23832E+06 2.23832E+06-6.46853E+05-8.90026E-01-5.69334E+05
 -1       300 5.70738E+06 2.21950E+06 2.21950E+06-6.37110E+05 8.53080E-01 5.75628E+05
 -1       301-4.29081E+04-4.20982E+03 9.21801E+02-1.78785E+05-9.45691E+03 1.05783E+03
 -1       302-3.90920E+04-3.81262E+02-5.16918E+02-1.33857E+05 1.27059E+04-6.46242E+01
 -1       303-3.74362E+04-5.47736E+01 2.03050E+02-1.27056E+05-2.56267E+03-1.96838E+02
 -1       304-3.57674E+04-2.47801E+01-4.49387E+01-1.25549E+05 5.93105E+02-1.81001E+02
 -1       305-3.41670E+04-3.72264E+01-2.00108E+01-1.25949E+05-1.38043E+02-1.61090E+02
 -1       306-3.23930E+04 1.34202E+01 7.64021E+00-1.25890E+05 3.26532E+01-1.52092E+02
 -1       307-3.06777E+04 3.33708E+01 4.95717E+01-1.25896E+05-1.36892E+01-1.94152E+02
 -1       308-2.90494E+04 3.24538E+01 2.55610E+01-1.25912E+05 1.23287E-01-1.83201E+02
 -1       309-2.74303E+04 3.34500E-01-1.43547E+01-1.25886E+05 3.59613E+00-1.90108E+02
 -1       310-2.58282E+04-2.68863E+01 7.69358E-01-1.25879E+05 4.61671E+00-2.17077E+02
 -1       311-2.42140E+04-1.29984E+01-1.10441E+01-1.25886E+05 1.41962E+00-1.78131E+02
 -1       312-2.24994E+04 2.07977E+00-2.53487E+01-1.25908E+05-5.05032E-01-1.62627E+02
 -1       313-2.09172E+04 8.38319E+00-3.94584E+00-1.25924E+05-7.00787E+00-1.64051E+02
 -1       314-1.92512E+04 2.43842E+01 2.53722E+01-1.25904E+05-5.83447E+00-1.45360E+02
 -1       315-1.76537E+04-3.89278E+00 4.31432E+00-1.25888E+05 3.86363E+00-1.58566E+02
 -1       316-1.61553E+04 3.45631E+01 1.50552E+01-1.25889E+05 8.60454E+00-2.06826E+02
 -1       317-1.47112E+04 2.79700E+00 3.18134E+00-1.25913E+05 5.26265E+00-1.84384E+02
 -1       318-1.31782E+04 8.16803E+00 1.09164E+01-1.25908E+05 1.36795E+00-1.28043E+02
 -1       319-1.17014E+04-3.07953E+00 7.91084E+00-1.25895E+05-9.96741E-01-1.50570E+02
 -1       320-1.03454E+04 3.40889E+01 1.56124E+01-1.25922E+05-8.53832E+00-1.63544E+02
 -1       321-9.10628E+03-1.80712E+01-2.92037E+01-1.25906E+05 7.26388E+00-1.20260E+02
 -1       322-7.57744E+03 6.96442E+01 5.92307E+01-1.25898E+05 5.38483E+00-1.62587E+02
 -1       323-6.62032E+03 2.95681E+01-5.10236E+00-1.25879E+05-7.22059E+00-1.39575E+02
 -1       324-5.49717E+03-9.81754E+00 9.15432E+00-1.25887E+05 3.68015E+01-1.24823E+02
 -1       325-4.49741E+03-1.56860E-01-3.71272E+01-1.25945E+05-2.81045E+01-1.03960E+02
 -1       326-3.49755E+03 1.71178E+01-4.57734E+00-1.25979E+05 5.42232E+00-1.05186E+02
 -1       327-2.64757E+03 2.73724E+01 2.85411E+01-1.25943E+05 3.80750E+01-8.00131E+01
 -1       328-1.81617E+03 5.57826E+01 2.98230E+01-1.25914E+05-3.23756E+01-8.94096E+01
 -1       329-1.24685E+03 6.42598E+01 3.85508E+01-1.25901E+05 2.87994E+00-6.56978E+01
 -1       330-7.33568E+02 7.68741E+01 1.06582E+02-1.25915E+05 2.25229E+01-8.03357E+01
 -1       331-4.58504E+02 8.92747E+00-2.03092E+01-1.25855E+05 1.09677E+01-3.98971E+01
 -1       332-1.25679E+02 2.30571E+01-1.30430E+01-1.26247E+05-6.45425E+01-3.71147E+01
 -1       333 8.70715E-01 1.71711E+01-1.49630E+01-1.36269E+05-2.02119E+02 1.48674E+01
 -1       334 2.52715E+06 4.14699E+04-1.41151E+04-1.27828E+04-1.83983E+04-1.08559E+05
 -1       335-4.23597E+04-6.64850E+03-3.24727E+03 1.23386E+05 7.76488E+04-2.38703E+03
 -1       336 2.45300E+06-1.69861E+03 4.68566E+03-8.19353E+04 6.90418E+03 1.83758E+02
 -1       337-3.90434E+04-1.07729E+03 1.35491E+03-8.48369E+04-5.63784E+02 2.04967E+02
 -1       338 2.40068E+06-8.73299E+01-3.84647E+02-7.59690E+04-1.65688E+03-1.44393E+03
 -1       339-3.83776E+04-2.02180E+02-2.07613E+02-1.27455E+05 3.67252E+03-1.39852E+02
 -1       340 2.31598E+06 1.74851E+02 2.30157E+02-7.75133E+04 4.46508E+02-3.10436E+02
 -1       341-3.66186E+04-4.07162E+01 6.29080E+01-1.18635E+05-9.33819E+02-8.17031E+01
 -1       342 2.24057E+06-6.44814E+01-7.96914E+01-7.71775E+04-1.10834E+02-3.92910E+02
 -1       343-3.50122E+04-5.64072E+01-5.14329E+01-1.20146E+05 2.23292E+02-8.50875E+01
 -1       344 2.16361E+06 2.57200E+01 2.52306E+01-7.72460E+04 2.54966E+01-3.93828E+02
 -1       345-3.32612E+04 5.90209E+00-1.58011E+00-1.19913E+05-5.19554E+01-5.55044E+01
 -1       346 2.08695E+06 2.84434E+01 2.48400E+01-7.72365E+04-1.02522E+01-4.25152E+02
 -1       347-3.15292E+04 2.13610E+01 2.97908E+01-1.19962E+05 7.89290E+00-8.04103E+01
 -1       348 2.01014E+06-1.73418E+01-1.28072E+01-7.72456E+04 1.99985E+00-4.15538E+02
 -1       349-2.98616E+04 3.46397E+01 3.94411E+01-1.19953E+05-7.06462E+00-1.03072E+02
 -1       350 1.93334E+06 1.99350E+01 1.35812E+01-7.72251E+04 1.41752E+00-4.28149E+02
 -1       351-2.82688E+04-2.20953E+00-1.66235E+01-1.19950E+05 6.83897E+00-7.98193E+01
 -1       352 1.85648E+06-4.31356E+01-3.18367E+01-7.72628E+04 7.69568E+00-3.90714E+02
 -1       353-2.66310E+04-1.74071E+00 9.19287E+00-1.19938E+05 1.55751E+00-1.13611E+02
 -1       354 1.77978E+06 4.00520E+00 2.05140E+00-7.72340E+04 4.44241E+00-3.82419E+02
 -1       355-2.50083E+04-1.62156E+01-6.67849E+00-1.19942E+05 5.74862E+00-1.11321E+02
 -1       356 1.70298E+06 1.51743E+01 9.11213E+00-7.72615E+04-4.25291E-01-3.94554E+02
 -1       357-2.33537E+04-8.08701E+00-1.76410E+01-1.19954E+05-1.96851E+00-6.87768E+01
 -1       358 1.62618E+06 1.21782E+01 3.53802E+00-7.72611E+04-1.19983E+01-3.97979E+02
 -1       359-2.17060E+04 4.39718E+00-9.92210E+00-1.19973E+05-7.43476E+00-7.71543E+01
 -1       360 1.54943E+06 1.44425E+01 1.06367E+01-7.72266E+04 3.06504E+00-4.00063E+02
 -1       361-2.01131E+04-4.79622E+00-1.28278E+01-1.19964E+05 4.37189E+00-7.15066E+01
 -1       362 1.47248E+06-5.86712E-01 1.31295E+01-7.72354E+04 1.30651E+01-4.02449E+02
 -1       363-1.84587E+04 7.40442E+00-6.80267E+00-1.19950E+05 1.92681E-01-6.63193E+01
 -1       364 1.39567E+06 2.52963E+01 1.94405E+01-7.72363E+04 2.91631E+00-4.06655E+02
 -1       365-1.68525E+04 3.25061E+01 1.28764E+01-1.19953E+05 4.29460E+00-8.21037E+01
 -1       366 1.31860E+06-3.76378E+01-4.62692E+01-7.72671E+04 2.62342E+00-3.84500E+02
 -1       367-1.54694E+04 4.07310E+00 1.81980E+00-1.19947E+05 6.32186E-01-9.80441E+01
 -1       368 1.24176E+06 3.43051E+01 1.05673E+01-7.72268E+04 5.98626E+00-3.70945E+02
 -1       369-1.39980E+04-2.68458E+01-1.53923E+01-1.19965E+05 6.13728E+00-7.36052E+01
 -1       370 1.16480E+06 9.27458E+00 2.20924E+01-7.72332E+04 6.09819E+00-3.92196E+02
 -1       371-1.23675E+04 3.85308E+01 4.92766E+01-1.19959E+05 8.77393E+00-5.61419E+01
 -1       372 1.08776E+06 2.93601E+01 3.89399E+01-7.72427E+04-1.42948E+01-4.04371E+02
 -1       373-1.10528E+04-3.31171E+00-1.75055E+01-1.19957E+05-1.80143E+00-7.74407E+01
 -1       374 1.01051E+06-4.55101E+01-1.53392E+01-7.72284E+04-1.63130E+00-3.63773E+02
 -1       375-9.77364E+03-2.26287E+01-4.83432E+01-1.19977E+05 6.64111E-03-6.61877E+01
 -1       376 9.33585E+05 6.99338E+01 5.63936E+01-7.72064E+04 1.72985E+01-3.91468E+02
 -1       377-8.28948E+03 5.01693E+01 3.29349E+01-1.19968E+05 1.20844E+00-5.83591E+01
 -1       378 8.56151E+05 2.38836E+01-1.82786E+01-7.72110E+04-1.73590E+01-3.68296E+02
 -1       379-7.15181E+03 1.81700E+01 1.51595E+01-1.19930E+05-3.23817E+00-9.48804E+01
 -1       380 7.78890E+05-6.70340E+00 9.69689E+00-7.72094E+04 1.97164E+01-3.87864E+02
 -1       381-6.02931E+03 1.52185E+01 1.45813E+01-1.19941E+05 1.35193E+01-6.69758E+01
 -1       382 7.01387E+05-3.28154E+01-5.43270E+01-7.72286E+04-6.35749E+00-3.27905E+02
 -1       383-5.02793E+03-3.86750E+01-6.54835E+01-1.19954E+05 3.62864E+00-6.88477E+01
 -1       384 6.23970E+05 1.89084E+01 2.40410E+01-7.72766E+04 3.68652E+01-3.45231E+02
 -1       385-3.99696E+03 2.15538E-01-4.71909E+01-1.20038E+05-1.08044E+01-4.28225E+01
 -1       386 5.46468E+05 6.36544E+01 6.45209E+01-7.72000E+04 2.18334E+01-3.26231E+02
 -1       387-3.09333E+03 4.46232E+00-7.60028E+00-1.20023E+05 2.96535E+01-3.94440E+01
 -1       388 4.68699E+05-9.46366E+00 3.15380E+01-7.72101E+04-2.74811E+01-3.24786E+02
 -1       389-2.22004E+03 3.81048E+01 3.32487E+01-1.19949E+05 1.46410E+01-3.02777E+01
 -1       390 3.91001E+05 5.23667E+01-4.17826E+00-7.71793E+04 4.80507E+00-3.17396E+02
 -1       391-1.54092E+03 4.81330E+01 1.49269E+01-1.19984E+05-2.78701E+00-4.81847E+01
 -1       392 3.12969E+05 6.51958E+01 3.89429E+01-7.71929E+04-2.30552E+00-3.37796E+02
 -1       393-1.02215E+03 3.35978E+01 2.57522E+01-1.19968E+05 1.02454E+01-4.37100E+01
 -1       394 2.34926E+05 1.97680E+00-3.44682E+01-7.71854E+04 2.62747E+01-3.28247E+02
 -1       395-6.12597E+02 1.14296E+01-6.95338E-01-1.19970E+05 1.05193E+01-2.51213E+01
 -1       396 1.56027E+05 3.22779E+02 6.57353E+01-7.71752E+04-2.77370E+01-3.36855E+02
 -1       397-2.70041E+02 2.58003E+01 3.94463E+00-1.20021E+05-5.92858E+01-1.44747E+01
 -1       398 6.87185E+04-2.53881E+03-3.69823E+03-7.70433E+04-1.99228E+01-4.41610E+02
 -1       399-6.71583E+01 9.51736E+00-1.62197E+01-1.21683E+05-1.29037E+02-4.67838E+00
 -1       400-1.75523E+01 1.85675E+01-1.21356E+01-1.20665E+05-2.06109E+03-1.22061E+00
 -1       401-2.61066E+06-4.49489E+04 1.61555E+04-1.35616E+04-1.87647E+04 1.08985E+05
 -1       402-2.53200E+06 4.29504E+02-6.10569E+03-8.19818E+04 7.03075E+03-1.97802E+02
 -1       403-2.47558E+06 6.56172E+01 6.47933E+02-7.57780E+04-1.66778E+03 1.07961E+03
 -1       404-2.38756E+06-2.51984E+02-3.10179E+02-7.73060E+04 4.41432E+02 4.07027E+01
 -1       405-2.30879E+06 3.35310E+01 6.87723E+01-7.70239E+04-1.02916E+02 1.22369E+02
 -1       406-2.22848E+06-2.02714E+01-2.29604E+01-7.70551E+04 2.90796E+01 1.52914E+02
 -1       407-2.14831E+06 5.28529E+01 5.76314E+01-7.70617E+04-1.37267E+01 1.04313E+02
 -1       408-2.06832E+06-8.50131E+00-2.89080E+01-7.70589E+04-2.26425E+00 1.12148E+02
 -1       409-1.98818E+06 2.08668E+01 8.75081E+00-7.70518E+04 8.53366E+00 7.67330E+01
 -1       410-1.90821E+06-2.07050E+01-1.70929E+01-7.70364E+04 2.54218E-01 1.17953E+02
 -1       411-1.82813E+06-3.14962E+01-1.28820E+01-7.70232E+04-2.24834E+00 1.47923E+02
 -1       412-1.74791E+06 2.95547E+01 2.92321E+01-7.70801E+04 7.26910E+00 1.41000E+02
 -1       413-1.66799E+06-6.50789E+00-6.32696E+00-7.70738E+04-8.66064E+00 1.11203E+02
 -1       414-1.58792E+06-1.25280E+01-1.65902E+01-7.70707E+04-1.40835E+01 1.24822E+02
 -1       415-1.50792E+06 1.53582E+01 1.02631E+01-7.70745E+04 5.46651E+00 1.09329E+02
 -1       416-1.42794E+06 5.11214E+01 1.73631E+01-7.70484E+04 6.83824E-01 1.12076E+02
 -1       417-1.34802E+06-2.62320E+01 3.79356E-02-7.70396E+04-1.63097E+00 1.49664E+02
 -1       418-1.26807E+06-2.96790E+01-1.42520E+01-7.70811E+04 1.02360E+01 1.27385E+02
 -1       419-1.18830E+06-1.88340E+01-2.08780E+01-7.70698E+04-2.83975E+00 1.38122E+02
 -1       420-1.10838E+06 3.78037E+00 1.40756E+01-7.70897E+04-9.87959E+00 1.47566E+02
 -1       421-1.02873E+06 2.02830E+01-4.11103E+01-7.70964E+04 1.15146E+01 1.81157E+02
 -1       422-9.48859E+05 4.78308E+01 5.93231E+01-7.70401E+04 6.69554E+00 1.29146E+02
 -1       423-8.69358E+05-2.71949E+01-6.70996E+00-7.70604E+04 1.15265E+00 1.56453E+02
 -1       424-7.89832E+05-2.08398E+01-1.50959E+01-7.70784E+04-1.08648E+01 1.55551E+02
 -1       425-7.10372E+05 3.15920E+01 2.63365E+01-7.71289E+04-2.06573E+01 1.89278E+02
 -1       426-6.30891E+05 4.42221E+01 4.92104E+01-7.71648E+04 1.31789E+01 1.65295E+02
 -1       427-5.51794E+05-7.00566E+01-8.73366E+01-7.71257E+04 1.13438E+01 1.84847E+02
 -1       428-4.72455E+05 5.70139E+01 9.30591E+00-7.71274E+04-2.32533E+01 1.91167E+02
 -1       429-3.93468E+05 1.34289E+01-7.87469E+00-7.70973E+04-3.28544E+00 2.16784E+02
 -1       430-3.14567E+05-3.24805E+01-2.05696E+01-7.71270E+04-1.64258E+01 1.98141E+02
 -1       431-2.35784E+05-3.09613E+01-1.36887E+01-7.71670E+04 1.85343E+01 2.49587E+02
 -1       432-1.56262E+05-2.87007E+02 1.29114E+01-7.71379E+04-3.06769E+01 3.07364E+02
 -1       433-6.87276E+04 2.55176E+03 3.64691E+03-7.70636E+04-3.37562E+01 4.28535E+02
 -1       434-5.49578E+00-2.43365E+01-1.19689E+01-9.90531E+04-2.86484E+01-6.82675E+00
 -1       435-1.62953E+04-6.10286E+04-1.13131E+04-7.02209E+04-8.06590E+00 3.07583E+00
 -1       436-4.81242E+01-1.47913E+01-2.52507E+01-9.95410E+04-6.87966E+03-1.39032E+01
 -1       437-2.14529E+00-1.51192E+01 1.92954E+00-9.95643E+04 6.86251E+03-4.20470E+00
 -1       438 1.63237E+04 6.10195E+04 1.13154E+04-7.02068E+04-3.35787E+01 4.40753E+00
 -1       439-5.67240E-01-1.32376E+01 4.77634E+01-1.36190E+05 2.12498E+02-1.52547E+01
 -1       440-8.81678E+00-6.65241E+01-2.59772E+01-1.26170E+05 7.16477E+01 1.02016E-01
 -1       441 4.50274E+02-6.66661E+01-6.64946E+01-1.25856E+05-1.77837E+01-8.78513E+00
 -1       442 8.28077E+02-3.15641E+01-1.25238E+01-1.25944E+05-7.42423E+00-3.40001E+01
 -1       443 1.51962E+03 3.20072E+01 5.34473E+01-1.25982E+05-1.64570E+01-6.60079E+01
 -1       444 2.05268E+03-3.61060E+01-3.00768E+01-1.25961E+05 2.97973E+01-8.45704E+01
 -1       445 2.75082E+03-3.74797E+01 3.01058E+01-1.25955E+05-4.80144E+00-6.63700E+01
 -1       446 3.77848E+03-1.80262E+01-3.18036E+01-1.25948E+05-2.22807E+00-1.07712E+02
 -1       447 4.46490E+03-6.47452E+01-7.70854E+01-1.25960E+05 1.50156E+01-7.70186E+01
 -1       448 5.78249E+03-8.70857E+00 8.91091E+00-1.25955E+05-1.13773E+01-1.09799E+02
 -1       449 6.83388E+03-1.10464E+01 4.18688E+01-1.25971E+05 9.88551E+00-1.09799E+02
 -1       450 8.10039E+03 8.82944E+00-1.36206E+01-1.25949E+05 6.21099E+00-1.40867E+02
 -1       451 9.33291E+03-2.52164E+01-3.31488E+01-1.25970E+05-2.27217E+01-1.37669E+02
 -1       452 1.07421E+04 6.28675E+00 2.86574E+01-1.25970E+05 1.47548E+01-1.50114E+02
 -1       453 1.21124E+04-4.17583E+01-9.39825E+00-1.25929E+05 9.70210E+00-1.48620E+02
 -1       454 1.34814E+04-4.66609E+01-4.02005E+01-1.25960E+05-3.75046E+00-1.47059E+02
 -1       455 1.50339E+04 1.17978E+01-5.64758E+00-1.25962E+05-1.86010E+00-1.51473E+02
 -1       456 1.66377E+04 1.83307E+01 1.17157E+01-1.25999E+05-3.83632E+00-1.63221E+02
 -1       457 1.81216E+04-3.36976E+01-6.56479E+00-1.25986E+05-8.84405E+00-1.61393E+02
 -1       458 1.98243E+04 2.30712E+01 2.65451E+01-1.25999E+05 1.87549E+01-1.94490E+02
 -1       459 2.14029E+04 7.32293E+00 7.94271E-01-1.25966E+05 2.53959E+00-2.03633E+02
 -1       460 2.29217E+04-4.55862E+01-2.40397E+01-1.25950E+05-8.73315E+00-1.46241E+02
 -1       461 2.46569E+04-1.11895E+01-2.89697E+01-1.26000E+05-3.28926E-01-1.54832E+02
 -1       462 2.62702E+04 1.99962E+00 6.09304E+00-1.25978E+05-6.25125E+00-1.62767E+02
 -1       463 2.80186E+04-1.52096E+00 2.61395E+01-1.26009E+05 7.18087E+00-2.09420E+02
 -1       464 2.96884E+04 3.35933E+01 1.79479E+01-1.26001E+05 4.20236E-01-1.95344E+02
 -1       465 3.13555E+04-9.23865E+00 6.70453E+00-1.25951E+05 9.19982E+00-2.20109E+02
 -1       466 3.29432E+04-1.53526E+01-2.47980E+01-1.25952E+05-3.93868E+01-1.78507E+02
 -1       467 3.46200E+04-8.34100E+00-3.03487E+01-1.26018E+05 1.37157E+02-1.69238E+02
 -1       468 3.63325E+04 1.71956E+01 3.88310E+01-1.25692E+05-5.88277E+02-1.63014E+02
 -1       469 3.79473E+04 3.71366E+01-1.99615E+02-1.27217E+05 2.55323E+03-2.13837E+02
 -1       470 3.96539E+04 3.72510E+02 4.95903E+02-1.33943E+05-1.26965E+04-5.38519E+01
 -1       471 4.35428E+04 4.24175E+03-9.16633E+02-1.78838E+05 9.44172E+03 1.13692E+03
 -1       472 6.87418E+04-2.50605E+03-3.65641E+03-7.69932E+04 4.02558E+01 4.39451E+02
 -1       473-1.21432E+01-2.16137E+01 1.58380E+00-1.20626E+05 2.09998E+03-1.26886E+01
 -1       474 1.56129E+05 2.28601E+02-3.23140E+01-7.70871E+04 5.33353E+01 3.21209E+02
 -1       475 9.21069E+00-2.88680E+01 1.26219E+01-1.21627E+05 1.44287E+02 5.99513E-01
 -1       476 2.35900E+05 7.45839E+00-3.04676E+01-7.71297E+04 8.12195E+00 2.77940E+02
 -1       477 2.25766E+02-4.59067E+01-3.04696E+01-1.19978E+05 5.41784E+01 1.55667E+01
 -1       478 3.14563E+05-6.89806E+00 2.51467E+01-7.71641E+04 3.28649E+01 2.27169E+02
 -1       479 6.54676E+02-2.55375E+01-9.82757E+00-1.19987E+05-3.58104E+00-4.01079E+00
 -1       480 3.93727E+05 2.16061E+01 9.96970E+00-7.71687E+04-3.11144E+00 2.01583E+02
 -1       481 1.19449E+03 1.56064E+01 6.43068E+01-1.20009E+05-1.24803E+01-9.59850E+00
 -1       482 4.72612E+05-1.80906E+01-8.06910E+00-7.71771E+04 1.48047E+01 2.14927E+02
 -1       483 1.75710E+03-1.85687E+01 2.07383E+01-1.20052E+05 2.12218E+00-4.68448E+01
 -1       484 5.51848E+05-2.65089E+01-9.66828E+00-7.71262E+04 4.07092E+00 1.74210E+02
 -1       485 2.41340E+03-7.17516E+00 2.35102E+01-1.20004E+05-2.02791E+00-5.20473E+01
 -1       486 6.31163E+05-5.94232E+01-2.53705E+01-7.71209E+04-1.85024E+01 1.79925E+02
 -1       487 3.27970E+03-1.82911E+01-1.03322E+01-1.20010E+05-6.88656E+00-2.51075E+01
 -1       488 7.10479E+05-5.15067E+01-4.74296E+01-7.71213E+04 1.40274E+01 1.96741E+02
 -1       489 4.11914E+03-1.71874E+01-2.94962E+01-1.20012E+05 3.36357E-01-5.50925E+01
 -1       490 7.90115E+05 1.97325E+01 1.12969E+01-7.71210E+04 2.34340E+00 1.85128E+02
 -1       491 5.18351E+03-1.23768E+01-2.63262E+00-1.19995E+05 3.56622E+00-4.29280E+01
 -1       492 8.69540E+05-5.07783E+01-2.34624E+01-7.71398E+04 1.37941E+01 1.96295E+02
 -1       493 6.27035E+03-3.56298E+01-1.02708E-01-1.20025E+05 3.34042E+00-3.94981E+01
 -1       494 9.49377E+05 2.05022E+01 4.76158E+01-7.71032E+04 1.26239E+01 1.37475E+02
 -1       495 7.49059E+03 2.65790E+01 3.48762E+01-1.20007E+05 1.24621E+01-4.92520E+01
 -1       496 1.02889E+06-3.10522E+01-6.52923E+01-7.70986E+04 5.07903E+00 1.68591E+02
 -1       497 8.68915E+03-8.64394E+00-1.73399E+01-1.20015E+05 2.97499E+00-7.92306E+01
 -1       498 1.10884E+06-3.60249E-01-1.07946E+00-7.71210E+04 5.64167E+00 1.48693E+02
 -1       499 1.00810E+04 8.75350E+00 3.65280E+01-1.20038E+05 7.91456E-01-6.13376E+01
 -1       500 1.18857E+06-2.21503E+01-2.05035E+01-7.70909E+04-8.54276E+00 1.51762E+02
 -1       501 1.14244E+04 4.29219E+00 4.85222E+01-1.20001E+05 1.14910E+01-7.74009E+01
 -1       502 1.26848E+06 1.60220E+01 1.07836E+01-7.71197E+04 1.25770E+01 1.45027E+02
 -1       503 1.27860E+04-5.15923E+01-2.68034E+01-1.19999E+05-2.67660E+00-7.48082E+01
 -1       504 1.34843E+06 1.43256E+00 9.62084E+00-7.70990E+04 2.69128E+00 1.33798E+02
 -1       505 1.42871E+04-1.95463E+00-1.27234E+01-1.20018E+05-7.09027E+00-7.35809E+01
 -1       506 1.42836E+06-2.60319E+01-1.77845E+01-7.71147E+04-5.69760E+00 1.48844E+02
 -1       507 1.58510E+04 2.42531E+01 8.05733E+00-1.20034E+05-1.16089E+00-7.52387E+01
 -1       508 1.50839E+06-1.28127E+00 1.87665E+01-7.71258E+04-2.95301E+00 1.20583E+02
 -1       509 1.73640E+04-1.76504E+01-8.66931E+00-1.20042E+05-2.66268E+00-7.41668E+01
 -1       510 1.58836E+06-3.39113E+00-2.55560E+01-7.71173E+04 1.16131E+01 1.35883E+02
 -1       511 1.89900E+04 8.93536E-01 1.72333E+01-1.20062E+05 8.32229E+00-7.88019E+01
 -1       512 1.66849E+06-2.91674E+00 1.11355E+01-7.70631E+04 6.53759E+00 1.18568E+02
 -1       513 2.06116E+04 3.40601E+01 3.91748E+01-1.20027E+05 5.14958E+00-1.09967E+02
 -1       514 1.74850E+06-2.17423E+01-1.16298E+01-7.71097E+04-5.39724E+00 1.23741E+02
 -1       515 2.21440E+04-3.23732E+01-2.23434E+01-1.20009E+05-1.71881E+00-9.52360E+01
 -1       516 1.82855E+06 4.82313E+00 7.55279E+00-7.71438E+04 3.09847E+00 1.14328E+02
 -1       517 2.38104E+04-2.67400E+01-2.73263E+01-1.20040E+05-5.86259E+00-4.72138E+01
 -1       518 1.90868E+06 1.46317E+01 5.02803E+00-7.71059E+04 4.59781E+00 9.54318E+01
 -1       519 2.54544E+04 3.88188E+00 9.07256E+00-1.20041E+05-2.38496E+00-6.96538E+01
 -1       520 1.98869E+06-1.99542E+01-1.49756E+01-7.71228E+04-4.01127E+00 1.48748E+02
 -1       521 2.71797E+04 6.74233E+00 1.94564E+01-1.20054E+05 3.41107E+00-9.81801E+01
 -1       522 2.06891E+06 3.06174E+01 1.36417E+01-7.71063E+04-1.20317E+00 1.13837E+02
 -1       523 2.88260E+04 1.71391E+01 4.75856E+00-1.20053E+05 3.59063E+00-1.12045E+02
 -1       524 2.14898E+06 7.23249E+00 3.42361E+00-7.70900E+04 9.70981E+00 1.19961E+02
 -1       525 3.05236E+04-4.63778E-03 8.23442E+00-1.20035E+05 6.49100E+00-1.04441E+02
 -1       526 2.22899E+06-3.99726E+01 5.84030E-01-7.70818E+04-2.86060E+01 1.18057E+02
 -1       527 3.21335E+04-1.14844E+01-4.28902E-01-1.20022E+05-1.68798E+01-1.11059E+02
 -1       528 2.30938E+06-5.57716E+01-9.61962E+01-7.70685E+04 1.09279E+02 1.10801E+02
 -1       529 3.38121E+04-8.94249E-01-5.42269E+00-1.19974E+05 5.24045E+01-8.29249E+01
 -1       530 2.38805E+06 2.04162E+02 2.88307E+02-7.73780E+04-4.48086E+02 5.10843E+01
 -1       531 3.54652E+04-2.65075E+00-1.89365E+01-1.20259E+05-2.30328E+02-7.92690E+01
 -1       532 2.47612E+06-4.66946E+01-6.23910E+02-7.58593E+04 1.67006E+03 1.10851E+03
 -1       533 3.72026E+04 4.68816E+01-5.13486E+01-1.18776E+05 9.36279E+02-7.78749E+01
 -1       534 2.53258E+06-4.27691E+02 6.10471E+03-8.20117E+04-7.02791E+03-1.77082E+02
 -1       535 3.89199E+04 1.90908E+02 2.10695E+02-1.27571E+05-3.67115E+03-1.35300E+02
 -1       536 2.61122E+06 4.49447E+04-1.61743E+04-1.35830E+04 1.87723E+04 1.09028E+05
 -1       537 3.95994E+04 1.07478E+03-1.36830E+03-8.49038E+04 5.57363E+02 2.45249E+02
 -1       538 4.30196E+04 6.73426E+03 3.30895E+03 1.23343E+05-7.76496E+04-2.41238E+03
 -1       539-6.87829E+04 2.51105E+03 3.67588E+03-7.69957E+04 4.55038E+01-4.59274E+02
 -1       540-1.56032E+05-2.95722E+02-7.12510E+01-7.71115E+04 4.34004E+01-3.25734E+02
 -1       541-2.35042E+05-4.88081E+01 1.95955E+01-7.71816E+04-3.23357E+00-2.95888E+02
 -1       542-3.12837E+05 1.50470E+01 2.28380E+01-7.72095E+04 1.52303E+01-2.70128E+02
 -1       543-3.90823E+05-1.31665E+01-1.52186E+01-7.72478E+04-1.98992E+01-3.00884E+02
 -1       544-4.68494E+05 9.93527E+00-3.28997E+00-7.72417E+04 7.20759E-01-3.04241E+02
 -1       545-5.46253E+05-6.32708E+00 2.82725E+01-7.72329E+04 5.24744E+00-3.15636E+02
 -1       546-6.23704E+05 3.78828E+01 1.82231E+01-7.72154E+04-1.21849E+01-3.20387E+02
 -1       547-7.01359E+05 5.10248E+00-4.96757E+01-7.72527E+04-5.26091E+00-3.41706E+02
 -1       548-7.78551E+05 3.41609E+01 6.68520E+01-7.72614E+04 2.80749E+01-3.68746E+02
 -1       549-8.56002E+05-4.24996E+01-2.00297E+01-7.72468E+04 6.69623E-02-3.37433E+02
 -1       550-9.33069E+05 3.62249E+01 3.22440E+01-7.72325E+04-1.09025E+01-3.72799E+02
 -1       551-1.01028E+06-1.81200E+01-1.52354E+01-7.72677E+04-2.58561E+01-3.85342E+02
 -1       552-1.08736E+06-6.05450E-01-1.09856E+01-7.72744E+04 1.11174E+01-3.75401E+02
 -1       553-1.16444E+06-5.68840E+01-1.93202E+01-7.72820E+04 8.47088E+00-3.70028E+02
 -1       554-1.24137E+06 4.17307E+00-2.95209E+00-7.72625E+04-8.10708E-01-3.77886E+02
 -1       555-1.31835E+06 7.85651E+00-3.39230E+00-7.72768E+04-9.57996E+00-3.96672E+02
 -1       556-1.39514E+06 3.29464E+01 1.37618E+01-7.73122E+04-3.14476E+00-3.84288E+02
 -1       557-1.47208E+06 9.04350E-01-9.03492E+00-7.73109E+04-5.84417E+00-3.63036E+02
 -1       558-1.54883E+06-2.31272E+00 1.73562E+01-7.73170E+04 1.26800E+00-3.97197E+02
 -1       559-1.62564E+06-1.20900E+01 1.06448E+01-7.72849E+04 9.87062E+00-4.04844E+02
 -1       560-1.70255E+06-2.79971E+01-2.68965E+01-7.72694E+04 1.04965E-01-3.96482E+02
 -1       561-1.77926E+06 3.15475E+01 1.55143E+01-7.72975E+04-2.02013E+00-4.02088E+02
 -1       562-1.85608E+06-5.73575E+00-1.46633E+01-7.73145E+04-6.16509E+00-4.02073E+02
 -1       563-1.93282E+06-7.42049E-01 3.11512E+00-7.73234E+04 4.34990E-01-3.80924E+02
 -1       564-2.00952E+06-3.38394E+00 1.77086E+01-7.73272E+04 3.94624E+00-4.00685E+02
 -1       565-2.08626E+06 1.13386E+01 2.06471E+01-7.72893E+04 1.03313E+01-3.98936E+02
 -1       566-2.16307E+06-3.29339E+01-4.60938E+01-7.72955E+04-3.84150E+01-4.09679E+02
 -1       567-2.24001E+06 8.71805E+01 8.13518E+01-7.72420E+04 1.09108E+02-4.12594E+02
 -1       568-2.31547E+06-1.64696E+02-2.33036E+02-7.75701E+04-4.26376E+02-3.16065E+02
 -1       569-2.40011E+06 7.49527E+01 3.96194E+02-7.60686E+04 1.64476E+03-1.43317E+03
 -1       570-2.45242E+06 1.66633E+03-4.71326E+03-8.19678E+04-6.91593E+03 1.73086E+02
 -1       571-2.52652E+06-4.14676E+04 1.41043E+04-1.28008E+04 1.83953E+04-1.08501E+05
 -1       572 3.12954E+02 1.21708E+02 1.21708E+02 2.60424E+05-2.04571E-05 8.53512E+02
 -1       573 2.58449E+06 1.00505E+06 1.00505E+06-1.21606E+05-1.39207E-02 2.38015E+03
 -1       574 2.20076E+04 8.55827E+03 8.55820E+03 3.74817E+05-7.59926E-01-1.78080E+03
 -1       575-2.13684E+04-8.30971E+03-8.30964E+03 3.74835E+05 7.60067E-01-1.71039E+03
 -1       576-2.58388E+06-1.00481E+06-1.00481E+06-1.21526E+05 1.40004E-02 2.34579E+03
 -1       577 5.54932E+06-6.21096E+04 2.22603E+05 8.31109E+04-4.29486E+02 3.62222E+02
 -1       578 5.01430E+06 5.14488E+04-1.63866E+04 6.29029E+01-2.10963E+02-7.33742E+02
 -1       579 4.85513E+06-1.72356E+04-1.44163E+03-2.10556E+04-2.53710E+01-9.37699E+02
 -1       580 4.70735E+06 3.79052E+03 2.81929E+02-1.74347E+04-9.02956E+00-1.04707E+03
 -1       581 4.54860E+06-8.64598E+02-6.75778E+01-1.79911E+04 2.17905E+00-1.04484E+03
 -1       582 4.39221E+06 2.25680E+02 4.26991E+01-1.78662E+04 5.04841E+00-1.06561E+03
 -1       583 4.23542E+06-1.14416E+01 1.66914E+01-1.78317E+04-1.19141E+01-1.09711E+03
 -1       584 4.07832E+06 9.03562E+00 1.43137E+01-1.78601E+04-1.20397E+01-1.04996E+03
 -1       585 3.92161E+06-2.53624E+01-5.39231E+01-1.78283E+04 9.91510E+00-1.03455E+03
 -1       586 3.76448E+06-6.94970E+01-2.73609E+01-1.79225E+04 8.69951E-01-1.06727E+03
 -1       587 3.60796E+06 3.64092E+01 8.56258E+00-1.79036E+04-5.84258E+00-1.01178E+03
 -1       588 3.45105E+06 3.62381E+01 4.35058E+01-1.78752E+04 1.73388E+01-1.05778E+03
 -1       589 3.29414E+06 2.23481E+01 1.04496E+01-1.78500E+04-1.08184E+01-1.05329E+03
 -1       590 3.13734E+06-1.00557E+01 1.98244E+01-1.78825E+04-3.68998E+01-9.89859E+02
 -1       591 2.98047E+06-2.00509E+01-3.99745E+01-1.78708E+04 1.47747E+01-9.83952E+02
 -1       592 2.82353E+06 1.90356E+00-7.52446E+00-1.78351E+04-6.11862E+00-9.50335E+02
 -1       593 2.66675E+06 7.16898E+00 2.85362E+01-1.78711E+04 8.64939E+00-9.76474E+02
 -1       594 2.50990E+06 9.36617E+00 1.77229E+01-1.78732E+04 5.35237E+00-9.35060E+02
 -1       595 2.35294E+06-9.35839E+00 1.50958E+01-1.78655E+04-2.87500E+01-9.17708E+02
 -1       596 2.19627E+06 3.71878E+00 1.55776E+01-1.78639E+04 8.82061E+00-8.53187E+02
 -1       597 2.03920E+06-2.90917E+01-3.97905E+01-1.78613E+04-5.28039E+01-8.29031E+02
 -1       598 1.88250E+06 4.55853E+01-1.16961E+01-1.78493E+04-1.24516E+01-7.96500E+02
 -1       599 1.72559E+06 4.66309E+01 3.22874E+01-1.78325E+04 1.67515E+01-7.12172E+02
 -1       600 1.56873E+06 3.04822E+01 6.71856E+01-1.78410E+04-1.61805E+01-6.87773E+02
 -1       601 1.41176E+06-6.50298E+01-7.11422E+01-1.78941E+04 1.63424E+01-6.51299E+02
 -1       602 1.25495E+06-3.52106E+01-2.35347E+01-1.78696E+04-5.06276E+01-6.24462E+02
 -1       603 1.09797E+06 3.06361E+01 5.44934E+01-1.78965E+04-1.31934E+00-5.01268E+02
 -1       604 9.41469E+05 2.83785E+01-7.22404E+01-1.78542E+04-1.63667E+01-4.22154E+02
 -1       605 7.84284E+05 1.89867E+01 9.42470E+01-1.78586E+04-5.36361E+01-3.04869E+02
 -1       606 6.27634E+05 4.52085E+01 1.39132E+01-1.78265E+04 8.72791E+00-2.71006E+02
 -1       607 4.70468E+05 2.91206E+00 8.41737E+01-1.79570E+04 1.60080E+00-2.56671E+02
 -1       608 3.14918E+05 5.01185E+02-1.88893E+02-1.76258E+04-4.02730E+01-1.99260E+02
 -1       609 1.62535E+05 8.09673E+02 8.46474E+02-9.35965E+03-2.62075E+01-4.73896E+01
 -1       610 5.34694E+06-1.16098E+05 6.08278E+04 4.50096E+04 1.64706E+04 6.02205E+04
 -1       611 5.24753E+06 4.21004E+05 4.07205E+05-3.60732E+05-1.21135E+03 2.55357E+03
 -1       612 5.05862E+06 6.44512E+04 2.18458E+04 5.22300E+03-1.38738E+03 8.28234E+03
 -1       613 5.02969E+06-1.24566E+05-2.29656E+04 2.49784E+04-4.01868E+02 2.58189E+02
 -1       614 4.87339E+06-1.70914E+04-6.39958E+03-2.14169E+04 6.76457E+02 2.42800E+03
 -1       615 4.94854E+06 2.34122E+04-3.11388E+03-1.49958E+04-1.11533E+02-7.73003E+02
 -1       616 4.72542E+06 3.57284E+03 1.08660E+03-1.74239E+04-2.24555E+02 1.63940E+03
 -1       617 4.78442E+06-4.85150E+03 9.46188E+02-1.12043E+04-1.72714E+01-8.84247E+02
 -1       618 4.56613E+06-7.68552E+02-2.06756E+02-1.81495E+04 5.55811E+01 1.87162E+03
 -1       619 4.62754E+06 1.07192E+03-2.32022E+02-1.21209E+04 1.62131E+00-9.51368E+02
 -1       620 4.40868E+06 1.40590E+02 5.81033E+01-1.79493E+04-1.23738E+01 1.79177E+03
 -1       621 4.47076E+06-2.42408E+02 7.99116E+01-1.18993E+04-1.03089E+00-9.59684E+02
 -1       622 4.25104E+06-2.04355E+01-1.78390E+01-1.80129E+04-1.04243E+00 1.75746E+03
 -1       623 4.31395E+06 7.50002E+01-1.30998E+01-1.19364E+04 3.12671E+00-9.90519E+02
 -1       624 4.09331E+06 2.68268E+01 3.47755E+01-1.79823E+04-1.07777E+01 1.78075E+03
 -1       625 4.15708E+06 2.45808E+01 3.48828E+01-1.18883E+04-1.83398E+01-9.86102E+02
 -1       626 3.93556E+06-1.79075E+01-4.60714E+01-1.79874E+04 2.27897E+00 1.82396E+03
 -1       627 4.00018E+06-5.52324E+00-1.58397E+01-1.19062E+04 7.42560E+00-9.48646E+02
 -1       628 3.77784E+06-2.95556E+01-2.26723E+01-1.80019E+04 8.89396E+00 1.81970E+03
 -1       629 3.84315E+06-7.12924E+01-6.41310E+01-1.19210E+04-5.69199E-01-9.66727E+02
 -1       630 3.62022E+06 1.51553E+01 3.22466E-01-1.80139E+04-9.71449E+00 1.83582E+03
 -1       631 3.68647E+06 5.25005E+00 1.81979E+01-1.19825E+04 2.28836E+00-9.43669E+02
 -1       632 3.46261E+06 3.71964E+01 6.11174E+01-1.80044E+04 9.31592E+00 1.78961E+03
 -1       633 3.52965E+06 4.23651E+01 2.01123E+01-1.19463E+04 9.38393E+00-9.36858E+02
 -1       634 3.30490E+06-1.74787E+00 2.13450E+01-1.79717E+04-1.18404E+01 1.79170E+03
 -1       635 3.37275E+06 2.39874E+01 3.60937E+01-1.19098E+04 1.54886E+00-9.64155E+02
 -1       636 3.14717E+06-1.76986E+01-3.59445E+01-1.79960E+04-8.30590E+00 1.87514E+03
 -1       637 3.21584E+06-3.29165E+01-2.23240E+01-1.19300E+04-1.79623E+01-9.32693E+02
 -1       638 2.98960E+06 1.27563E+01 8.36331E+00-1.79962E+04 6.51062E+00 1.83612E+03
 -1       639 3.05903E+06-1.53252E+01-9.24396E+00-1.19319E+04-1.45627E+01-8.86026E+02
 -1       640 2.83186E+06-7.41337E+00 1.93058E+01-1.79756E+04-7.59888E+00 1.86709E+03
 -1       641 2.90220E+06 1.95315E+01 9.78521E+00-1.19189E+04 4.06172E+00-8.89468E+02
 -1       642 2.67431E+06-9.42289E+00-9.97645E+00-1.79782E+04 7.49837E+00 1.85020E+03
 -1       643 2.74525E+06 1.43436E+01 8.10215E+00-1.19129E+04 4.89910E+00-8.89455E+02
 -1       644 2.51668E+06-3.14600E-02-2.72038E+01-1.80007E+04 1.13000E+00 1.88052E+03
 -1       645 2.58838E+06-2.61965E+01-2.00041E+01-1.19201E+04 1.47069E+01-8.61198E+02
 -1       646 2.35904E+06 1.27001E+01 2.34668E+01-1.79963E+04-2.31083E+01 1.90239E+03
 -1       647 2.43156E+06 1.00574E+01 1.31752E+01-1.19275E+04-9.51702E+00-8.47584E+02
 -1       648 2.20168E+06 3.85646E+01 3.52814E+01-1.80031E+04 3.82231E+00 1.93228E+03
 -1       649 2.27472E+06 6.02506E-01 1.29150E+01-1.19238E+04-1.11931E+01-7.91089E+02
 -1       650 2.04385E+06-5.17324E+01-2.89593E+01-1.79695E+04-1.18078E+01 1.97139E+03
 -1       651 2.11783E+06-4.87531E+00 5.62930E+00-1.19195E+04-2.08535E+01-7.86205E+02
 -1       652 1.88659E+06 1.88219E+01 1.03330E+01-1.79829E+04-2.11732E+01 1.94077E+03
 -1       653 1.96095E+06 1.03593E+01-1.49460E+01-1.19237E+04-2.56432E+01-7.34621E+02
 -1       654 1.72897E+06 2.33157E+01 5.67961E+00-1.79791E+04 9.14464E+00 2.04640E+03
 -1       655 1.80410E+06 4.04438E+01-1.73129E+01-1.18919E+04 1.10586E+00-6.74454E+02
 -1       656 1.57162E+06 3.36694E+01 4.58718E+01-1.79856E+04-1.32427E+00 2.01899E+03
 -1       657 1.64728E+06 7.66113E+01 8.36365E+01-1.18956E+04 6.82842E+00-6.50400E+02
 -1       658 1.41417E+06-1.33113E+01-3.16700E+01-1.79918E+04 5.09405E+00 2.07005E+03
 -1       659 1.49031E+06 2.07324E-01 1.35920E+01-1.19126E+04 1.64431E+00-6.08726E+02
 -1       660 1.25681E+06-2.62114E+01 1.89654E+01-1.80134E+04-4.32523E+01 2.07941E+03
 -1       661 1.33341E+06-7.67511E+01-6.38667E+01-1.19335E+04-8.08395E+00-5.94222E+02
 -1       662 1.09949E+06-5.26795E+00-1.19053E+00-1.79972E+04-1.61206E+01 2.15191E+03
 -1       663 1.17652E+06-1.68871E+01 1.63979E+01-1.19288E+04-3.23098E+01-4.88638E+02
 -1       664 9.42333E+05 1.62911E+01-5.39226E+01-1.80371E+04-1.77253E+01 2.20534E+03
 -1       665 1.01977E+06 2.00798E+01-2.84173E+01-1.19704E+04-5.91985E+00-4.38385E+02
 -1       666 7.85168E+05 3.75821E+01 7.24650E+01-1.80187E+04-1.72518E+01 2.26011E+03
 -1       667 8.62900E+05 2.53924E+01 2.19323E+01-1.19022E+04-3.33004E+01-3.44808E+02
 -1       668 6.27963E+05-5.22179E-01 7.02518E+00-1.79834E+04 2.68922E+01 2.27358E+03
 -1       669 7.06046E+05 7.67663E+01 7.38647E+01-1.19111E+04-1.29736E+01-2.49831E+02
 -1       670 4.70840E+05 5.48271E+01 3.77543E+01-1.80774E+04 3.55457E+01 2.32763E+03
 -1       671 5.48998E+05 4.53487E+00 3.24236E+01-1.19146E+04 1.87316E+01-2.40963E+02
 -1       672 3.15139E+05 6.54756E+02 2.33211E+02-1.78034E+04-5.29761E+01 2.19522E+03
 -1       673 3.92056E+05-1.31705E+02-2.99814E+02-1.19354E+04-1.90606E+01-2.05431E+02
 -1       674 1.61974E+05 1.12342E+03-7.51644E+01-9.34806E+03 1.32302E+02 9.09210E+02
 -1       675 2.38631E+05 1.27145E+03 4.55544E+02-1.07843E+04-3.56077E+01-1.09586E+02
 -1       676 9.96117E+04 1.76460E+01 1.59884E+03-1.53304E+04-1.91216E+01-1.89217E+01
 -1       677 5.30559E+06-1.15804E+05 5.98817E+04 4.42830E+04-1.67627E+04-5.83616E+04
 -1       678 5.02005E+06 6.42825E+04 2.17677E+04 5.03786E+03 1.12861E+03-9.12257E+03
 -1       679 4.83571E+06-1.70168E+04-6.33127E+03-2.15160E+04-6.97397E+02-3.58279E+03
 -1       680 4.68945E+06 3.56053E+03 1.09441E+03-1.75372E+04 2.19392E+02-2.93721E+03
 -1       681 4.53172E+06-7.73359E+02-2.06401E+02-1.82056E+04-5.80948E+01-3.20009E+03
 -1       682 4.37602E+06 1.98289E+02 6.30296E+01-1.80485E+04 2.17903E+01-3.14763E+03
 -1       683 4.22006E+06 8.39704E+00 1.38519E+01-1.80445E+04-9.82312E+00-3.17719E+03
 -1       684 4.06388E+06-3.03124E+00 2.27727E+01-1.80383E+04-9.91616E+00-3.14348E+03
 -1       685 3.90788E+06-2.68449E+01-6.20126E+01-1.80222E+04 8.67844E+00-3.11933E+03
 -1       686 3.75169E+06-4.62375E+01-1.60286E+01-1.80936E+04-9.09169E-01-3.17369E+03
 -1       687 3.59589E+06 2.91560E+01 2.14290E+01-1.80744E+04-3.08050E+00-3.11912E+03
 -1       688 3.43976E+06 8.03675E+00-2.58086E+00-1.80816E+04 1.23802E+01-3.13695E+03
 -1       689 3.28372E+06 8.83787E+00-2.67757E+00-1.80649E+04-6.30054E+00-3.12813E+03
 -1       690 3.12776E+06 1.51859E+01 2.44599E+01-1.80636E+04-2.09833E+01-3.12285E+03
 -1       691 2.97158E+06-9.81727E+00-1.43959E+01-1.80709E+04 1.02506E+01-3.11040E+03
 -1       692 2.81555E+06 8.21618E+00 7.71005E+00-1.80240E+04-4.35583E+00-3.07210E+03
 -1       693 2.65934E+06-2.26051E+01 7.27239E+00-1.80670E+04-2.18295E+00-3.07043E+03
 -1       694 2.50331E+06 1.54529E+01 8.65250E+00-1.80683E+04 3.07873E+00-3.05760E+03
 -1       695 2.34716E+06 1.21665E+01 9.67950E+00-1.80582E+04-2.01313E+01-3.06660E+03
 -1       696 2.19105E+06-2.62984E+01-9.27481E+00-1.80461E+04 2.69771E-02-3.04565E+03
 -1       697 2.03467E+06-4.64976E+01-3.00794E+01-1.80659E+04-2.45832E+01-2.98803E+03
 -1       698 1.87866E+06 6.98970E+01 4.64606E+01-1.80247E+04 2.11332E+00-2.99534E+03
 -1       699 1.72224E+06-4.86349E+00-1.97795E+01-1.80206E+04-7.66048E+00-2.92713E+03
 -1       700 1.56601E+06 1.49166E-01 4.23615E+01-1.80254E+04-5.09292E+00-2.90945E+03
 -1       701 1.40953E+06-4.64957E+01-7.23266E+01-1.80522E+04 6.39201E+00-2.86945E+03
 -1       702 1.25319E+06 1.37060E+01-8.96665E+00-1.80842E+04-1.71053E+01-2.86570E+03
 -1       703 1.09675E+06 4.12498E+00 6.95299E+01-1.80585E+04 5.69119E+00-2.82074E+03
 -1       704 9.40325E+05-1.41744E+01-2.62332E+01-1.80365E+04-2.45817E+01-2.72942E+03
 -1       705 7.83755E+05 1.61608E+01 1.10901E+01-1.80248E+04-4.65600E+01-2.67587E+03
 -1       706 6.27123E+05 2.57970E-01 1.16156E+01-1.80025E+04-1.93468E+01-2.64760E+03
 -1       707 4.70331E+05 5.73012E+01 5.91927E+01-1.81269E+04-1.70863E+01-2.62889E+03
 -1       708 3.15021E+05 6.35065E+02 2.08951E+02-1.78410E+04 2.01139E+01-2.41753E+03
 -1       709 1.61919E+05 1.09644E+03-1.91083E+01-9.35847E+03-1.50604E+02-9.91636E+02
 -1       710-5.54865E+06 6.21070E+04-2.22511E+05 8.30582E+04 4.57278E+02 3.27204E+02
 -1       711-5.01378E+06-5.14343E+04 1.64463E+04 7.29979E+01 1.92848E+02-8.04480E+02
 -1       712-4.85445E+06 1.72572E+04 1.44882E+03-2.11124E+04 9.46154E+00-1.09721E+03
 -1       713-4.70693E+06-3.81664E+03-3.60726E+02-1.74330E+04 3.26502E+01-1.15308E+03
 -1       714-4.54809E+06 8.31247E+02 1.13016E+02-1.79560E+04 2.09648E-01-1.10084E+03
 -1       715-4.39164E+06-2.07689E+02-2.14767E+00-1.78065E+04 1.55526E+00-1.10418E+03
 -1       716-4.23454E+06 8.75447E+01 2.16141E+01-1.78936E+04 1.13634E+01-1.13595E+03
 -1       717-4.07783E+06 2.82901E+01-5.24697E+00-1.79291E+04-1.92864E+01-1.14573E+03
 -1       718-3.92102E+06-1.33911E+01 4.53359E+00-1.79488E+04-2.75294E+00-1.11814E+03
 -1       719-3.76442E+06-7.94907E+01-2.47538E+01-1.78541E+04-5.63262E-01-1.14158E+03
 -1       720-3.60735E+06-8.93486E+00-3.07050E+01-1.78079E+04 7.39714E+00-1.12555E+03
 -1       721-3.45046E+06 2.75886E+01 1.54437E+01-1.78464E+04 3.15359E+01-1.07991E+03
 -1       722-3.29355E+06 2.86611E+01 2.49007E+01-1.79171E+04-2.10829E+01-1.05848E+03
 -1       723-3.13679E+06 1.53037E+01 5.59922E+01-1.79075E+04-3.84852E+00-1.09075E+03
 -1       724-2.98003E+06-1.02259E+01-2.25515E+01-1.79315E+04 3.17120E+01-1.08064E+03
 -1       725-2.82328E+06-3.48629E+01-9.45799E+01-1.78850E+04-1.41834E+01-1.03745E+03
 -1       726-2.66636E+06-2.35583E+01-2.83121E+01-1.78373E+04 1.12409E+01-1.02825E+03
 -1       727-2.50937E+06 4.82297E+01 1.02225E+02-1.79003E+04 1.96636E+01-9.48070E+02
 -1       728-2.35274E+06-3.86684E+00-1.00964E+01-1.78743E+04-1.45839E+01-9.43159E+02
 -1       729-2.19578E+06-1.70345E+01 3.71099E+01-1.78554E+04 2.27002E+01-9.20144E+02
 -1       730-2.03899E+06-3.31271E+01 4.68075E+00-1.78665E+04 1.62061E+00-8.75850E+02
 -1       731-1.88202E+06 6.56116E+01 1.91453E+01-1.78968E+04 2.18901E+01-8.37373E+02
 -1       732-1.72532E+06 3.78497E+01 2.51626E+01-1.78689E+04 3.16380E+01-7.84679E+02
 -1       733-1.56853E+06-1.06612E+02-7.83263E+01-1.78504E+04-2.99086E+00-7.39950E+02
 -1       734-1.41167E+06 2.89386E+00 3.00382E+00-1.78645E+04 5.34750E+01-6.53299E+02
 -1       735-1.25468E+06 4.71692E+01-3.65132E+00-1.79183E+04 2.56580E+01-5.57565E+02
 -1       736-1.09792E+06-4.56828E+01-1.97989E+01-1.78806E+04 6.53112E+00-5.13612E+02
 -1       737-9.41122E+05-2.16146E+01-4.53694E-01-1.78639E+04 2.43351E+01-4.94324E+02
 -1       738-7.84231E+05 4.39681E+01 1.29514E+01-1.78869E+04 4.17214E+01-4.18675E+02
 -1       739-6.27409E+05 4.20491E+01 5.01862E+01-1.79039E+04 1.77570E+01-3.21145E+02
 -1       740-4.70580E+05-1.03411E+02-1.16302E+02-1.79611E+04 2.87998E+01-2.26130E+02
 -1       741-3.14949E+05-5.00369E+02 1.87523E+02-1.76248E+04 3.80774E+01-1.21598E+02
 -1       742-1.62535E+05-7.96522E+02-7.96424E+02-9.35706E+03-4.13482E+00 1.18182E+01
 -1       743-5.24689E+06-4.20964E+05-4.07142E+05-3.60676E+05 1.21909E+03 2.47700E+03
 -1       744-5.30495E+06 1.15788E+05-5.98461E+04 4.42373E+04 1.67729E+04-5.83603E+04
 -1       745-5.02914E+06 1.24555E+05 2.30062E+04 2.49629E+04 4.10144E+02 2.17342E+02
 -1       746-5.01954E+06-6.42895E+04-2.17317E+04 5.04004E+03-1.16097E+03-9.18062E+03
 -1       747-4.94790E+06-2.33872E+04 3.14418E+03-1.50209E+04 1.03001E+02-8.88837E+02
 -1       748-4.83506E+06 1.70393E+04 6.34104E+03-2.15421E+04 6.87078E+02-3.72968E+03
 -1       749-4.78395E+06 4.81960E+03-1.01441E+03-1.12270E+04 1.19293E+01-1.04127E+03
 -1       750-4.68897E+06-3.57417E+03-1.11702E+03-1.75389E+04-1.87018E+02-3.01205E+03
 -1       751-4.62702E+06-1.06989E+03 2.53369E+02-1.21095E+04 1.66397E+01-1.02810E+03
 -1       752-4.53114E+06 7.90352E+02 2.35361E+02-1.82022E+04 4.82431E+01-3.24176E+03
 -1       753-4.47025E+06 2.09146E+02-6.80797E+01-1.18603E+04 3.61486E+00-1.00464E+03
 -1       754-4.37548E+06-1.97082E+02-4.45726E+01-1.80160E+04-2.54077E+01-3.12816E+03
 -1       755-4.31321E+06-2.87470E+01 4.61687E+01-1.19212E+04 1.36684E+00-1.03032E+03
 -1       756-4.21929E+06 4.67457E+01 2.88071E+00-1.80628E+04 1.52740E+01-3.20355E+03
 -1       757-4.15640E+06 5.33830E+01 1.64270E+01-1.19625E+04 8.22592E-01-1.03998E+03
 -1       758-4.06333E+06-3.88598E+00-3.73738E+00-1.81072E+04 4.46300E-01-3.23700E+03
 -1       759-3.99959E+06 1.31184E+01 5.89319E+00-1.20022E+04-1.28228E+01-1.04046E+03
 -1       760-3.90735E+06 8.93776E+00 1.90274E+01-1.81095E+04-1.03377E+01-3.21476E+03
 -1       761-3.84292E+06-6.88616E+01-3.49673E+01-1.19628E+04-2.34552E+00-1.04731E+03
 -1       762-3.75142E+06-1.10521E+01 9.86574E+00-1.80910E+04-8.76271E+00-3.18149E+03
 -1       763-3.68603E+06-2.93380E+01-4.01007E+01-1.18856E+04 3.09111E+00-1.03457E+03
 -1       764-3.59533E+06-1.77859E+00-4.48978E+01-1.80468E+04 7.04765E+00-3.14864E+03
 -1       765-3.52904E+06 9.42336E+00 1.59386E+01-1.18883E+04 2.04913E+01-1.01039E+03
 -1       766-3.43931E+06-1.04266E+00-1.34218E+01-1.80589E+04 2.31923E+01-3.14855E+03
 -1       767-3.37214E+06 4.19935E+01 3.35084E+01-1.19192E+04 7.20803E+00-9.68424E+02
 -1       768-3.28316E+06 1.56903E+01 1.98799E+01-1.80718E+04-4.80318E+00-3.18311E+03
 -1       769-3.21539E+06 1.42859E+01 1.79369E+01-1.19787E+04-2.18208E+01-9.95806E+02
 -1       770-3.12716E+06-5.58519E+00 5.55238E+01-1.80976E+04-7.35653E+00-3.18586E+03
 -1       771-3.05851E+06 4.03034E+00 2.49841E+01-1.19948E+04 1.00353E+01-1.01104E+03
 -1       772-2.97119E+06 1.01701E+01-1.12344E+01-1.81095E+04 1.79447E+01-3.17221E+03
 -1       773-2.90179E+06-3.34792E+01-6.23672E+01-1.19575E+04 1.42748E+01-9.47436E+02
 -1       774-2.81510E+06-3.34768E+00-6.35036E+01-1.80857E+04-2.87147E+00-3.13169E+03
 -1       775-2.74496E+06-4.20944E+01-7.53612E+01-1.19112E+04-6.63440E+00-9.49762E+02
 -1       776-2.65906E+06-1.85538E+01-1.90714E+01-1.80719E+04 2.56171E+00-3.09172E+03
 -1       777-2.58794E+06 3.15417E+01 5.73186E+01-1.19232E+04 1.87019E+01-9.09586E+02
 -1       778-2.50284E+06 4.08960E+01 4.16897E+01-1.80803E+04 1.55675E+01-3.08704E+03
 -1       779-2.43116E+06 3.23315E+01 6.88460E+01-1.19458E+04 7.75604E+00-8.58763E+02
 -1       780-2.34688E+06-1.52344E+01-2.70187E-01-1.80823E+04-3.05718E+00-3.07517E+03
 -1       781-2.27439E+06-2.43069E+01-6.01226E+00-1.19202E+04-1.26961E+01-8.65816E+02
 -1       782-2.19062E+06-1.05717E+01 1.47002E+01-1.80495E+04 6.05411E-01-3.04567E+03
 -1       783-2.11749E+06-4.40647E+01 1.13673E+01-1.19210E+04 7.67211E+00-8.14666E+02
 -1       784-2.03447E+06-3.15486E+01-2.84706E+01-1.80678E+04-7.04597E+00-3.04240E+03
 -1       785-1.96059E+06 1.44072E+01-3.36095E+01-1.19172E+04 8.20931E+00-7.88374E+02
 -1       786-1.87814E+06 5.67569E+01 3.28384E+01-1.80468E+04 2.40255E+01-3.03238E+03
 -1       787-1.80376E+06 6.63292E+01 1.87182E+01-1.19405E+04 1.88230E+01-7.46984E+02
 -1       788-1.72205E+06-1.05963E+01 2.22846E+01-1.80634E+04 2.44397E+01-2.96765E+03
 -1       789-1.64698E+06-1.95003E+01 5.34617E+00-1.19252E+04 1.48357E+01-6.95132E+02
 -1       790-1.56572E+06-1.00027E+01-4.55803E+01-1.80647E+04 7.56396E-01-2.96171E+03
 -1       791-1.49018E+06-7.49474E+01-3.99108E+01-1.19237E+04 2.00179E+01-6.45443E+02
 -1       792-1.40947E+06-1.61565E+01-2.39038E+01-1.80680E+04 3.03043E+01-2.88391E+03
 -1       793-1.33322E+06 1.46648E+01-2.29954E+01-1.19407E+04 3.29567E+01-5.46014E+02
 -1       794-1.25294E+06 5.10584E+01 1.66560E+01-1.80459E+04 3.14522E+01-2.83374E+03
 -1       795-1.17641E+06-1.15299E+01-2.26556E+01-1.19403E+04 1.19686E+01-4.96486E+02
 -1       796-1.09660E+06-1.48779E+01-3.05909E+01-1.80648E+04-2.08994E+00-2.79268E+03
 -1       797-1.01955E+06-7.55387E+00 2.82299E+01-1.19373E+04 4.19193E+00-4.64801E+02
 -1       798-9.40097E+05-4.99370E+00 7.93134E+00-1.80380E+04 1.55853E+01-2.77849E+03
 -1       799-8.62689E+05 2.79043E+01 1.80093E+01-1.19403E+04 3.00134E+01-4.14403E+02
 -1       800-7.83680E+05-1.02229E+01-3.97557E+01-1.80651E+04 2.55455E+01-2.73946E+03
 -1       801-7.05850E+05 3.07825E+01 3.42344E+01-1.19455E+04 1.70693E+01-3.44361E+02
 -1       802-6.26914E+05 5.02235E+01-1.46297E+01-1.80646E+04 2.56917E+01-2.68366E+03
 -1       803-5.49004E+05-2.38195E+01-3.56597E+01-1.19622E+04 4.19483E+00-2.38564E+02
 -1       804-4.70463E+05-9.82281E+01-5.13665E+01-1.81588E+04 5.47086E+01-2.59363E+03
 -1       805-3.92117E+05 7.31275E+01 2.76460E+02-1.19450E+04 2.54832E+01-1.53340E+02
 -1       806-3.15036E+05-6.60956E+02-2.91093E+02-1.78273E+04 1.78513E+01-2.34560E+03
 -1       807-2.38612E+05-1.23920E+03-4.00769E+02-1.07511E+04 2.01795E+01-2.89783E+01
 -1       808-1.61965E+05-1.09638E+03 3.91547E+01-9.33340E+03 1.25381E+02-9.46156E+02
 -1       809-9.95981E+04 1.18618E+01-1.57650E+03-1.53098E+04-8.24001E-01-1.75330E+00
 -1       810-5.34631E+06 1.16105E+05-6.07673E+04 4.49468E+04-1.64328E+04 6.01947E+04
 -1       811-5.05805E+06-6.44464E+04-2.18029E+04 5.20729E+03 1.37323E+03 8.20382E+03
 -1       812-4.87277E+06 1.71007E+04 6.39231E+03-2.14448E+04-6.80519E+02 2.31756E+03
 -1       813-4.72501E+06-3.60045E+03-1.12982E+03-1.74441E+04 2.30033E+02 1.53562E+03
 -1       814-4.56554E+06 7.55427E+02 2.31586E+02-1.81095E+04-4.03195E+01 1.83507E+03
 -1       815-4.40818E+06-1.88752E+02-5.43673E+01-1.79116E+04 9.89011E+00 1.74829E+03
 -1       816-4.25027E+06 8.56398E+01 3.09522E+01-1.80126E+04-3.49893E+00 1.74957E+03
 -1       817-4.09274E+06-3.17554E+00 1.71633E+01-1.80244E+04-7.74327E+00 1.77012E+03
 -1       818-3.93503E+06 3.47160E+00-6.53405E+00-1.80325E+04 1.98117E+00 1.77731E+03
 -1       819-3.77753E+06-4.25367E+01-3.73072E+01-1.79861E+04 1.10770E+01 1.73719E+03
 -1       820-3.61974E+06-1.59569E+01 5.20107E+00-1.79387E+04 3.35491E+00 1.73937E+03
 -1       821-3.46198E+06 1.89981E+01 8.91331E+00-1.79875E+04 9.78989E+00 1.78113E+03
 -1       822-3.30434E+06 7.97394E+00 2.14634E+01-1.80000E+04-1.33918E+01 1.81051E+03
 -1       823-3.14670E+06-1.62375E+00 2.83334E+01-1.80029E+04-4.95068E+00 1.79831E+03
 -1       824-2.98913E+06 5.94991E+00-3.09889E+01-1.80273E+04 1.96679E+01 1.80848E+03
 -1       825-2.83154E+06 4.02816E+00-4.97745E+01-1.80093E+04-1.34182E+01 1.79643E+03
 -1       826-2.67392E+06-4.12477E+01-7.51659E+00-1.79614E+04 5.41452E+00 1.80607E+03
 -1       827-2.51618E+06 2.37271E+01 8.72451E+01-1.79902E+04 2.73754E+01 1.86954E+03
 -1       828-2.35881E+06 3.71727E+00 1.49017E+01-1.79994E+04-6.41384E+00 1.88395E+03
 -1       829-2.20115E+06-1.64170E+01 1.63092E+01-1.80035E+04 1.37724E+01 1.88440E+03
 -1       830-2.04372E+06-1.24823E+01-3.52445E+01-1.79852E+04 1.15311E+01 1.94466E+03
 -1       831-1.88609E+06 5.24722E+01 3.36380E+01-1.79837E+04 9.84584E+00 1.92690E+03
 -1       832-1.72873E+06-1.42981E+01 8.80052E+00-1.80075E+04 2.26575E+01 1.98020E+03
 -1       833-1.57136E+06 1.44205E+00 1.73687E+01-1.79970E+04 7.34351E+00 1.98871E+03
 -1       834-1.41406E+06-4.26277E+01-4.51285E+01-1.79960E+04 1.10829E+01 2.06957E+03
 -1       835-1.25655E+06 1.43821E+01 1.23150E+00-1.80466E+04 7.18596E+00 2.10272E+03
 -1       836-1.09939E+06-4.02642E+00 2.20524E+01-1.79949E+04 2.56280E+01 2.14439E+03
 -1       837-9.42125E+05-1.43973E+01-3.43201E+01-1.80112E+04 1.26956E+01 2.17354E+03
 -1       838-7.84965E+05 3.28337E+01 1.53618E+01-1.80188E+04 2.20429E+01 2.21005E+03
 -1       839-6.27854E+05 6.40070E+01 8.20089E+01-1.80309E+04 5.97879E+00 2.29145E+03
 -1       840-4.70790E+05-1.00541E+02-1.25424E+01-1.81323E+04 1.47703E+01 2.31363E+03
 -1       841-3.15284E+05-7.11132E+02-2.84718E+02-1.78218E+04 4.08638E+01 2.22416E+03
 -1       842-1.61877E+05-1.01553E+03 1.66637E+02-9.35645E+03-9.61132E+01 9.28972E+02
 -1       843 3.56162E+02 5.37721E+01 1.25171E+01-2.21254E+05-8.39032E+00-2.29790E+03
 -1       844 2.21047E+02-2.94016E+01-1.77312E+01-1.24614E+05-1.47816E+00-1.08945E+03
 -1       845 3.79826E+02 2.20901E+01-2.32763E+01-1.13759E+05 3.28833E+00-7.86275E+02
 -1       846 1.51762E+02-3.90650E+01 1.12669E+01-1.14809E+05-7.28703E+00-7.72505E+02
 -1       847 2.84151E+02 4.09819E+00 3.09935E+00-1.14854E+05-1.25842E+00-7.62916E+02
 -1       848 2.34816E+02-2.35186E+01-2.85163E+01-1.14857E+05 1.46796E+00-7.66031E+02
 -1       849 4.61927E+02 6.27558E+01 2.45242E+00-1.14849E+05-7.63689E-01-7.69219E+02
 -1       850 2.55504E+02 3.46237E+00 6.66931E+01-1.14857E+05 4.07419E+00-7.75636E+02
 -1       851 3.02633E+02 1.06889E+01 2.28703E+00-1.14862E+05-1.99126E+00-7.49255E+02
 -1       852 1.38348E+02-4.45737E+01-3.79338E+01-1.14834E+05 2.55236E+00-7.70201E+02
 -1       853 2.50603E+02 4.62234E+00-3.32511E+00-1.14874E+05 1.48378E+00-7.54593E+02
 -1       854 2.41772E+02-6.45913E+00-2.59094E+01-1.14857E+05 2.89477E-01-7.40240E+02
 -1       855 2.78492E+02 6.03117E+00 5.62102E+00-1.14847E+05 7.30155E+00-7.34298E+02
 -1       856 2.34263E+02 1.58998E+01 9.11202E+00-1.14864E+05 1.79939E-01-7.26866E+02
 -1       857 3.18489E+02 3.20871E+01 1.17419E+01-1.14849E+05-1.14813E+01-7.28464E+02
 -1       858 1.58220E+02-2.12601E+01 4.03192E+01-1.14863E+05 5.22086E+00-6.98914E+02
 -1       859 1.78447E+02-1.30431E+00-1.12973E+01-1.14852E+05 1.44501E+01-6.80303E+02
 -1       860 2.04610E+02 1.88362E+01-2.53533E+01-1.14843E+05 5.18645E-01-6.80503E+02
 -1       861 1.51802E+02-2.18856E+01 3.09930E+00-1.14833E+05-3.10230E+00-6.48599E+02
 -1       862 2.07744E+02 2.63900E+01-2.61307E+01-1.14881E+05-8.40221E+00-6.10099E+02
 -1       863 1.36430E+02 1.32169E+00 8.25817E-01-1.14862E+05 1.21128E+01-5.94837E+02
 -1       864 1.80119E+02-1.57022E+01 2.82689E+01-1.14838E+05 2.25851E+00-5.60266E+02
 -1       865 1.41732E+02-2.89188E+01-3.16605E+01-1.14832E+05 4.80688E+00-5.43794E+02
 -1       866 1.50622E+02 2.16924E+01-1.85150E+01-1.14846E+05-1.11010E+01-4.84305E+02
 -1       867-4.87572E+00-1.20992E+01-4.16515E+00-1.14851E+05-1.47212E+01-4.65786E+02
 -1       868 1.59490E+02 3.76401E+01 3.52994E+01-1.14873E+05 1.48733E+01-3.99788E+02
 -1       869 3.73007E+01 4.74999E+00-7.88345E+00-1.14862E+05 7.73044E+00-3.70629E+02
 -1       870 1.72503E+02 1.60859E+01 9.95864E+00-1.14854E+05-5.45374E-01-3.18591E+02
 -1       871 5.21744E+01-1.22940E+01 2.27466E+00-1.14862E+05 6.06348E-01-2.58787E+02
 -1       872 5.38708E+01-9.42998E+00-1.57921E+01-1.14842E+05-1.06612E+01-1.99144E+02
 -1       873-2.66712E+01 4.60851E+00 4.32456E+00-1.14813E+05 9.70401E+00-1.65142E+02
 -1       874-2.10864E+01-2.82283E+00-2.98340E+01-1.15099E+05-9.32934E+00-8.59231E+01
 -1       875-4.10790E+01-7.61905E+00 9.00010E+00-1.22489E+05-7.65539E+00-2.81846E+01
 -1       876-2.16370E+04-2.40902E+03-8.44695E+02-2.32173E+05 1.69574E+04-3.98299E+02
 -1       877 3.24589E+02 4.93809E+01 2.54089E+01-8.73284E+04-1.87725E+00-1.51501E+03
 -1       878 2.80522E+06 1.08100E+05 1.53773E+05-2.89337E+04-3.12926E+02-1.80892E+03
 -1       879 2.23139E+04 2.48356E+03 8.62056E+02-2.32197E+05-1.69740E+04-3.83525E+02
 -1       880-1.95843E+04-1.68916E+02-3.15258E+01-1.21967E+05 5.25439E+03-6.97277E+02
 -1       881 2.68035E+02 8.63897E+00-4.21051E+00-1.19620E+05-6.74535E+00-1.37815E+03
 -1       882 2.51500E+06-3.53471E+03-1.67019E+04-7.87182E+04-1.36505E+02-8.92143E+02
 -1       883 2.01079E+04 1.48531E+02 1.30755E+01-1.22010E+05-5.25233E+03-6.83106E+02
 -1       884-1.85873E+04-4.11820E+01 1.96416E+01-1.19081E+05-3.83889E+02-4.89009E+02
 -1       885 3.06366E+02-9.52525E-01-1.32372E+01-1.16740E+05 4.20686E+00-8.36157E+02
 -1       886 2.43432E+06-3.54211E+01 3.07809E+03-6.67458E+04-3.10531E+01-8.30439E+02
 -1       887 1.92142E+04 5.01539E+01-4.47869E+01-1.19155E+05 3.82663E+02-5.04708E+02
 -1       888-1.77999E+04-2.32172E+01-3.44315E+00-1.17518E+05 2.28193E+01-4.98994E+02
 -1       889 2.65043E+02-9.29086E+00-9.04961E+00-1.07455E+05-1.60917E+00-6.94220E+02
 -1       890 2.35235E+06-5.86744E+01-5.94419E+02-6.96354E+04-8.22242E+00-8.44669E+02
 -1       891 1.82393E+04-1.79378E+01 1.35281E+01-1.17589E+05-2.80675E+01-4.95990E+02
 -1       892-1.69318E+04-1.31908E+01-8.84649E+00-1.18102E+05-2.98222E+00-4.83402E+02
 -1       893 2.41896E+02-7.74673E+00 7.94358E+00-1.09184E+05-7.47167E+00-6.74201E+02
 -1       894 2.27492E+06 6.60279E+00 1.16219E+02-6.89843E+04 1.72680E+00-8.39047E+02
 -1       895 1.74694E+04 7.62950E+00-2.01974E+00-1.18131E+05 2.14886E+00-4.81651E+02
 -1       896-1.60804E+04-2.69970E+00-6.40762E+00-1.17991E+05-2.10265E+00-4.99366E+02
 -1       897 2.29326E+02-2.60069E+01-2.32663E+01-1.08847E+05 1.49697E+00-6.64266E+02
 -1       898 2.19629E+06-3.21106E+00-3.88959E+01-6.91168E+04 2.82195E+00-8.46941E+02
 -1       899 1.65943E+04-1.61811E+01-2.79954E+01-1.18017E+05-1.01506E+00-4.71659E+02
 -1       900-1.51253E+04 4.38142E+01 2.33687E+01-1.18005E+05 1.68318E+00-5.04756E+02
 -1       901 3.49652E+02 2.07655E+01-5.92032E+00-1.08915E+05-9.15228E-01-6.79703E+02
 -1       902 2.11806E+06 3.21982E+01 1.14971E+01-6.90707E+04-8.95812E+00-8.42351E+02
 -1       903 1.58943E+04 1.44294E+01-6.34233E+00-1.18028E+05-5.32306E+00-5.10611E+02
 -1       904-1.44024E+04 1.68479E+01 5.09581E+01-1.18012E+05 1.10014E+00-4.82832E+02
 -1       905 3.75100E+02 4.92280E+01 4.35143E+01-1.08908E+05 7.25587E-01-6.78741E+02
 -1       906 2.03940E+06-1.74334E+01 4.90068E+00-6.91243E+04-5.27642E+00-8.29031E+02
 -1       907 1.49665E+04 1.27306E+01 3.24980E+01-1.18051E+05 4.06938E+00-5.21146E+02
 -1       908-1.35708E+04-5.62581E+00-1.69901E+01-1.18001E+05 2.99545E+00-4.75977E+02
 -1       909 2.83413E+02 3.31562E+00 2.52462E+01-1.08918E+05 4.39601E+00-6.71970E+02
 -1       910 1.96114E+06 1.34378E+01 1.56705E+01-6.91087E+04 5.85646E+00-8.21165E+02
 -1       911 1.41696E+04 9.66178E+00 2.40005E+01-1.18059E+05 7.43247E-01-5.11202E+02
 -1       912-1.28402E+04-3.01309E+01-1.64666E+01-1.17983E+05-1.75380E+00-5.16245E+02
 -1       913 1.77774E+02-3.54290E+01-3.25285E+01-1.08909E+05-1.15737E+00-6.63034E+02
 -1       914 1.88247E+06-3.69558E+01-2.05691E+01-6.91072E+04 3.37161E+00-8.51325E+02
 -1       915 1.31953E+04-2.41809E+01-1.84830E+01-1.18027E+05 3.63521E+00-4.81561E+02
 -1       916-1.19716E+04 4.72674E+00-4.38848E-01-1.18014E+05 4.00267E-01-4.84300E+02
 -1       917 2.36978E+02 4.48362E-01 4.25601E+00-1.08911E+05 3.77915E+00-6.69624E+02
 -1       918 1.80421E+06 1.94646E+01-1.95793E+00-6.91182E+04-4.42344E+00-8.11838E+02
 -1       919 1.24540E+04-8.81288E+00-1.90469E+01-1.18063E+05 2.53730E-01-4.75827E+02
 -1       920-1.11302E+04-4.36413E+00-2.97580E+01-1.18010E+05 4.68570E+00-4.80284E+02
 -1       921 2.25589E+02-1.00458E+01-2.63162E+01-1.08918E+05 7.71908E-01-6.57435E+02
 -1       922 1.72574E+06-2.15946E+00-4.90682E+00-6.90974E+04 1.75774E+01-8.29311E+02
 -1       923 1.16068E+04-1.12344E+01-1.07123E+01-1.18027E+05-7.85753E+00-4.53477E+02
 -1       924-1.03243E+04 7.95417E+00 6.48959E+00-1.18010E+05-3.16937E+00-4.73347E+02
 -1       925 2.68749E+02 1.03046E+00-6.16463E+00-1.08917E+05 2.53174E+00-6.41670E+02
 -1       926 1.64732E+06 1.39016E+01 8.06876E+00-6.90925E+04-2.62941E+00-8.23856E+02
 -1       927 1.08412E+04 9.17392E+00-2.76371E+00-1.18035E+05 7.84455E+00-4.81834E+02
 -1       928-9.50753E+03 2.82942E+01 2.09306E+01-1.18013E+05-1.79467E+00-4.44835E+02
 -1       929 2.72571E+02 2.09817E+01 2.03299E+01-1.08908E+05 4.67470E+00-6.42783E+02
 -1       930 1.56890E+06 3.94284E+00 1.75233E+01-6.91217E+04-2.08731E+01-7.94274E+02
 -1       931 1.00131E+04 6.53222E+00 8.52781E+00-1.18057E+05 9.00103E+00-4.89685E+02
 -1       932-8.67382E+03 1.09919E+01 9.47772E+00-1.17997E+05-2.04555E+00-4.56301E+02
 -1       933 2.45296E+02 4.22674E+00-1.29992E+01-1.08911E+05-5.73487E+00-6.39347E+02
 -1       934 1.49049E+06 2.87077E+00-1.54367E+01-6.91132E+04 1.15060E+01-7.87861E+02
 -1       935 9.22406E+03-1.09713E+00-4.41447E-01-1.18036E+05-1.25291E+01-4.68963E+02
 -1       936-8.01709E+03-5.51993E+00 2.30853E+01-1.18006E+05 8.26414E+00-4.71314E+02
 -1       937 2.16637E+02-1.01197E+01 5.47164E+00-1.08914E+05-3.93272E+00-6.21749E+02
 -1       938 1.41193E+06-1.49249E+01-2.10771E+00-6.90952E+04-7.49200E-01-7.56642E+02
 -1       939 8.39921E+03-4.39577E+00 2.15383E+01-1.18056E+05-1.09004E+00-4.46710E+02
 -1       940-7.25821E+03 8.64247E+00-5.76281E+00-1.18012E+05 7.14213E+00-4.36527E+02
 -1       941 2.07740E+02 1.02227E+01 3.41140E+01-1.08914E+05 9.01537E+00-6.04280E+02
 -1       942 1.33356E+06 9.87027E-01 6.18432E+00-6.91040E+04 8.98546E+00-7.68956E+02
 -1       943 7.60720E+03 3.09820E+00-2.58633E+00-1.18034E+05 9.47054E+00-4.45881E+02
 -1       944-6.48471E+03 1.43918E+01-1.17399E+01-1.18000E+05-1.14531E+00-4.22622E+02
 -1       945 1.64952E+02-2.92917E+00-2.94693E+01-1.08904E+05 1.07670E+01-6.01199E+02
 -1       946 1.25515E+06 1.73615E+01 1.98369E+01-6.91028E+04 7.80801E+00-7.41939E+02
 -1       947 6.85662E+03-1.29974E+01-2.33624E+01-1.18029E+05-1.99758E-01-4.31191E+02
 -1       948-5.79294E+03-1.28831E+01 7.51752E+00-1.17992E+05-3.13142E+00-4.17669E+02
 -1       949 1.91456E+02 7.50030E+00 1.44624E+00-1.08892E+05-7.14087E-01-5.75743E+02
 -1       950 1.17661E+06-2.42951E+01 2.89723E+00-6.90919E+04-1.18484E+01-7.16807E+02
 -1       951 6.13914E+03-2.28682E+01-5.87903E+00-1.18008E+05 3.90420E+00-4.14858E+02
 -1       952-5.06400E+03 3.35405E+01 1.72712E-01-1.18033E+05-5.45322E+00-3.91899E+02
 -1       953 1.95265E+02 1.12329E+01 4.22002E+00-1.08910E+05-8.90941E+00-5.47778E+02
 -1       954 1.09831E+06 1.33103E+01-3.33352E+00-6.91189E+04 3.23213E+00-6.66611E+02
 -1       955 5.47868E+03 1.86434E+01-2.02644E-01-1.18047E+05 4.13678E-01-4.05716E+02
 -1       956-4.48455E+03-1.05743E+01-1.60374E+01-1.18012E+05 8.64966E+00-3.79219E+02
 -1       957 1.48905E+02-4.47136E-01-2.21874E+01-1.08936E+05 2.96547E+00-5.27526E+02
 -1       958 1.01975E+06-1.21052E+01-3.48715E+01-6.91019E+04-2.01631E+01-6.71774E+02
 -1       959 4.74317E+03-2.44152E+01-1.59438E+01-1.18043E+05-4.80616E-01-3.74114E+02
 -1       960-3.71986E+03 2.12331E+01 3.47715E+01-1.17999E+05-3.08925E-01-3.86629E+02
 -1       961 1.58328E+02-2.41452E+00 2.10486E+01-1.08908E+05 1.10887E+01-5.13143E+02
 -1       962 9.41407E+05 3.05461E+01 1.89784E+01-6.90815E+04 4.97337E+00-6.16418E+02
 -1       963 4.13171E+03-1.29745E+01 3.68842E+00-1.18023E+05 6.55282E+00-3.55781E+02
 -1       964-3.26049E+03-1.32089E+01-2.78442E+01-1.17982E+05 2.12939E-02-3.38432E+02
 -1       965 2.09527E+02 1.50881E+01 3.14600E+01-1.08880E+05 2.07520E+00-4.95802E+02
 -1       966 8.62907E+05 2.75406E+00-1.33556E+01-6.90873E+04 2.19435E+01-5.79576E+02
 -1       967 3.48941E+03-1.62408E+01 6.33182E+00-1.18028E+05 4.97619E+00-3.58270E+02
 -1       968-2.65585E+03 3.75809E+01 2.51453E+01-1.17999E+05 7.87138E+00-3.06132E+02
 -1       969 1.17252E+02-5.80100E+00-3.62344E+01-1.08898E+05-1.35438E+00-4.30087E+02
 -1       970 7.84493E+05 1.21992E+01 1.36871E+01-6.90936E+04-2.43465E+01-5.41241E+02
 -1       971 2.97837E+03 1.27753E+01-1.58280E+01-1.18033E+05-3.43093E+00-3.20801E+02
 -1       972-2.24820E+03-5.71032E+00-9.52626E+00-1.18029E+05-6.78525E+00-2.96294E+02
 -1       973 6.44326E+01-4.81836E+00-2.91932E+01-1.08900E+05-1.02343E+01-4.23307E+02
 -1       974 7.05937E+05-4.95144E+01-3.24956E+01-6.91115E+04 1.26332E+01-5.13103E+02
 -1       975 2.23355E+03-4.92292E+01-5.28464E+01-1.18034E+05-1.66074E+01-2.80581E+02
 -1       976-1.67867E+03 2.91545E+01 7.24637E-01-1.18040E+05 1.08736E+01-2.61384E+02
 -1       977 7.83506E+01-2.76677E+00 8.86773E+00-1.08931E+05-6.83398E-01-3.91075E+02
 -1       978 6.27613E+05 1.45527E+01 1.77958E+01-6.91113E+04-2.81118E+00-4.69604E+02
 -1       979 1.99253E+03 2.30816E+01 2.44880E+01-1.18030E+05 4.80287E+00-2.65919E+02
 -1       980-1.32154E+03 1.18176E+01 8.05595E+00-1.18030E+05 4.65437E-01-2.41915E+02
 -1       981 9.10458E+01 8.60518E+00-4.44183E+00-1.08923E+05 4.55489E+00-3.33361E+02
 -1       982 5.49032E+05 1.93189E+01 1.32847E+01-6.91163E+04 9.91137E+00-4.04134E+02
 -1       983 1.39557E+03-2.33493E+01 6.06550E+00-1.18035E+05 2.35878E+01-2.21782E+02
 -1       984-8.42251E+02 2.32493E+01 2.82086E+00-1.18015E+05-6.31337E+00-1.96672E+02
 -1       985 1.38526E+02 2.79671E+01 2.21989E+01-1.08918E+05-2.44276E+00-3.00230E+02
 -1       986 4.70849E+05 1.42441E+01-2.06785E+01-6.91017E+04 1.16957E+00-3.39350E+02
 -1       987 1.12979E+03-7.11767E+00 3.36377E+00-1.18030E+05 6.60970E+00-2.25566E+02
 -1       988-6.05367E+02 3.62834E+01 3.94867E+01-1.18009E+05-5.32850E+00-1.76795E+02
 -1       989 4.84165E+01-1.66789E+01-1.27252E+01-1.08904E+05 1.92989E+00-2.48302E+02
 -1       990 3.92169E+05-1.82948E+01 2.54923E+01-6.90983E+04-1.83338E+01-2.61492E+02
 -1       991 7.77904E+02-5.74440E+00 2.81288E+00-1.18046E+05-5.26685E-01-1.61823E+02
 -1       992-3.40133E+02 4.63447E+01 6.12171E+01-1.18011E+05-1.67899E+00-1.17208E+02
 -1       993 1.19174E+02 2.12762E+01 2.38825E+01-1.08914E+05-1.70696E+00-1.90443E+02
 -1       994 3.13872E+05 2.35470E+01-9.04010E+00-6.91010E+04-8.78870E+00-2.19511E+02
 -1       995 4.29788E+02-3.74378E+01-3.44021E+01-1.18016E+05-2.39745E+00-1.47274E+02
 -1       996-2.37905E+02 1.94070E+01-4.36860E+00-1.17961E+05 6.08058E+00-1.06090E+02
 -1       997-1.45737E+01-9.52999E+00-2.14371E+01-1.08886E+05-5.60233E-01-1.69034E+02
 -1       998 2.35280E+05-1.66213E+01 2.39799E+01-6.91292E+04 2.46042E+00-1.96559E+02
 -1       999 2.33480E+02-2.79082E+01-2.29153E+01-1.17967E+05 5.07518E+00-9.32047E+01
 -1      1000-8.19602E+01 5.76609E+00-2.10712E+01-1.18278E+05-1.17394E+01-6.70973E+01
 -1      1001-4.74514E+01-1.05404E+01-1.24245E+01-1.08963E+05 1.86020E+00-1.14960E+02
 -1      1002 1.56105E+05-2.77291E+01-4.03192E+02-6.90548E+04-4.85369E+00-1.32039E+02
 -1      1003 6.45072E+00-3.59131E+01-2.62467E+01-1.18246E+05 3.09581E+00-4.53633E+01
 -1      1004-2.62224E+01 1.53112E+01 5.86791E+00-1.26618E+05-2.77520E+02-2.21528E+01
 -1      1005-1.91022E+01 2.77560E+00-6.40650E+00-1.10248E+05-1.12096E+00-5.14153E+01
 -1      1006 7.14996E+04-2.95845E+03-2.20969E+03-6.82160E+04-1.26429E+01-3.05676E+01
 -1      1007-1.30431E+01-1.11313E+01 2.27515E+01-1.26585E+05 2.77944E+02-6.52623E+00
 -1      1008 3.81200E+00 1.36985E+00 9.92983E-01-1.08588E+05-5.06177E+00-1.00703E+01
 -1      1009-2.80453E+06-1.08051E+05-1.53727E+05-2.89396E+04 3.17556E+02-1.82324E+03
 -1      1010-2.51453E+06 3.50214E+03 1.66891E+04-7.87152E+04 1.29781E+02-9.08994E+02
 -1      1011-2.43359E+06 7.46486E+01-3.07932E+03-6.67533E+04 2.56350E+01-8.71748E+02
 -1      1012-2.35196E+06 1.47308E+01 5.66306E+02-6.96319E+04 9.57997E+00-8.72159E+02
 -1      1013-2.27433E+06-8.84496E-01-7.02952E+01-6.89799E+04 3.28461E-01-8.59258E+02
 -1      1014-2.19579E+06-2.29103E+01 1.25732E+01-6.91359E+04 4.22576E+00-8.61529E+02
 -1      1015-2.11724E+06 4.32869E+01 1.41711E+00-6.91019E+04 6.83329E+00-8.61893E+02
 -1      1016-2.03896E+06-1.28525E+00-8.46001E+00-6.91127E+04-6.18889E+00-8.67606E+02
 -1      1017-1.96045E+06 2.27118E+01 2.66528E+01-6.91212E+04-3.84559E+00-8.41019E+02
 -1      1018-1.88222E+06-4.75227E+01-1.28532E+01-6.90945E+04-1.50720E+00-8.76000E+02
 -1      1019-1.80366E+06-2.99383E+00-6.82277E+00-6.90928E+04 8.37372E+00-8.59901E+02
 -1      1020-1.72526E+06 7.63425E+00-6.49088E+00-6.91023E+04 1.08003E+01-8.33625E+02
 -1      1021-1.64678E+06 1.79464E+00-3.04025E+00-6.91169E+04-4.08581E+00-8.16104E+02
 -1      1022-1.56840E+06 4.46234E+00 5.39148E+00-6.91154E+04-3.85982E+00-8.27190E+02
 -1      1023-1.48993E+06 2.36998E+01 1.65817E+01-6.91176E+04 3.06679E+00-8.28304E+02
 -1      1024-1.41162E+06-9.70686E+00 7.59027E+00-6.91092E+04-5.64581E+00-7.83854E+02
 -1      1025-1.33319E+06-1.43055E+01-2.98978E+01-6.90845E+04 1.45210E+01-7.84769E+02
 -1      1026-1.25469E+06 2.85623E+01 1.72275E+01-6.91064E+04 8.66382E+00-7.53167E+02
 -1      1027-1.17637E+06-1.27340E+01-1.98843E+01-6.90908E+04-1.14695E+01-7.25326E+02
 -1      1028-1.09784E+06 1.08984E+01 5.95597E+00-6.91031E+04 4.21146E+00-6.95899E+02
 -1      1029-1.01950E+06-1.78679E+01 1.30381E+01-6.91027E+04 3.11265E+00-6.79139E+02
 -1      1030-9.41011E+05 5.31563E+00 2.40818E+01-6.91092E+04 4.56514E+00-6.21906E+02
 -1      1031-8.62657E+05-8.74304E+00-2.76309E+01-6.90813E+04 3.31519E+00-6.10494E+02
 -1      1032-7.84213E+05-1.56676E+01-2.39787E+01-6.90800E+04 2.98497E+00-5.55018E+02
 -1      1033-7.05868E+05 2.40771E+01 3.14180E+01-6.90941E+04 1.13195E+01-5.14453E+02
 -1      1034-6.27300E+05 4.24741E+01 3.33167E+01-6.91380E+04 1.08619E+01-4.37152E+02
 -1      1035-5.48992E+05-4.09434E+01-5.06800E+01-6.91183E+04 7.73544E-01-4.12190E+02
 -1      1036-4.70506E+05 1.00216E+01 1.51497E+01-6.90902E+04-9.18067E-01-3.66535E+02
 -1      1037-3.92138E+05 1.36221E+01-7.06432E+00-6.91145E+04 1.15073E+01-3.09108E+02
 -1      1038-3.13723E+05 3.42863E-01 5.65125E+00-6.90930E+04 1.11725E+01-2.42781E+02
 -1      1039-2.35307E+05-1.12318E+01-2.73669E+01-6.91158E+04 2.67914E+01-1.71576E+02
 -1      1040-1.56098E+05 5.53790E+01 4.35946E+02-6.90675E+04-6.85630E+00-1.02903E+02
 -1      1041-7.15618E+04 2.93781E+03 2.19484E+03-6.82292E+04-1.70963E+01-9.84199E+00
 -3
    1PSTEP                         3           1           1          
  100CL  101 1.000000000        1041                     0    1           1
 -4  TOSTRAIN    6    1
 -5  EXX         1    4    1    1
 -5  EYY         1    4    2    2
 -5  EZZ         1    4    3    3
 -5  EXY         1    4    1    2
 -5  EYZ         1    4    2    3
 -5  EZX         1    4    3    1
 -1         1 2.30243E-05 1.19362E-10 1.04887E-10-2.69300E-06-2.20683E-12 7.05907E-06
 -1         2-2.33772E-05-1.20691E-10-1.07004E-10-2.80872E-06-2.33281E-12-7.06944E-06
 -1         3-1.32760E-07 2.65702E-07-3.44457E-08-2.36216E-07 4.52392E-09 1.56644E-08
 -1         4 1.32625E-07-2.66271E-07 3.48099E-08-2.36118E-07 4.30705E-09-1.54057E-08
 -1         5-1.32708E-07 2.65703E-07-3.46823E-08-2.36056E-07-4.81719E-09-1.56927E-08
 -1         6 1.32716E-07-2.66007E-07 3.49516E-08-2.36132E-07-5.02232E-09 1.51367E-08
 -1         7-2.30217E-05-1.19339E-10-1.04862E-10-2.69241E-06 2.20653E-12 7.05761E-06
 -1         8 2.33806E-05 1.20714E-10 1.07028E-10-2.81015E-06 2.33142E-12-7.06975E-06
 -1         9-1.65910E-07-6.80889E-13-1.05562E-12 3.54323E-06-2.92512E-12-3.43775E-08
 -1        10 1.12428E-05-1.23481E-10-1.12424E-10 1.10770E-06 6.81777E-12 3.51644E-06
 -1        11-1.15781E-05 1.24823E-10 1.14503E-10 1.05306E-06 7.00321E-12-3.56789E-06
 -1        12-2.48029E-05 7.54831E-06 7.12201E-06 4.33192E-07-2.70811E-07 1.17156E-06
 -1        13-2.38894E-05 6.50571E-06 6.61850E-06-2.32858E-08 2.61130E-08 1.39278E-08
 -1        14-2.33605E-05 6.59402E-06 6.55268E-06-1.50477E-07-8.51726E-09 2.29283E-08
 -1        15-2.25726E-05 6.30736E-06 6.31891E-06-1.36314E-07 2.49633E-09 1.32781E-08
 -1        16-2.18238E-05 6.11348E-06 6.11084E-06-1.39924E-07-5.69001E-10 1.58939E-08
 -1        17-2.10678E-05 5.89830E-06 5.89890E-06-1.38498E-07 1.23897E-10 1.53474E-08
 -1        18-2.03126E-05 5.68790E-06 5.68764E-06-1.39234E-07-1.08606E-10 1.50703E-08
 -1        19-1.95585E-05 5.47619E-06 5.47648E-06-1.39090E-07 1.30276E-10 1.53922E-08
 -1        20-1.88033E-05 5.26505E-06 5.26484E-06-1.39144E-07 2.09117E-11 1.51014E-08
 -1        21-1.80493E-05 5.05375E-06 5.05361E-06-1.38995E-07 3.95651E-11 1.52794E-08
 -1        22-1.72943E-05 4.84218E-06 4.84254E-06-1.38664E-07-1.68160E-11 1.55130E-08
 -1        23-1.65387E-05 4.63100E-06 4.63088E-06-1.39216E-07 8.67057E-13 1.53583E-08
 -1        24-1.57850E-05 4.41968E-06 4.41988E-06-1.38948E-07-7.97619E-11 1.52559E-08
 -1        25-1.50301E-05 4.20828E-06 4.20848E-06-1.38993E-07-6.75120E-11 1.54768E-08
 -1        26-1.42759E-05 3.99745E-06 3.99715E-06-1.39267E-07 1.04411E-10 1.53431E-08
 -1        27-1.35219E-05 3.78641E-06 3.78595E-06-1.39183E-07 4.29929E-11 1.52094E-08
 -1        28-1.27677E-05 3.57463E-06 3.57505E-06-1.38657E-07-1.78273E-11 1.56701E-08
 -1        29-1.20130E-05 3.36347E-06 3.36391E-06-1.38994E-07 1.53287E-10 1.54600E-08
 -1        30-1.12604E-05 3.15280E-06 3.15305E-06-1.39191E-07 2.39367E-11 1.55711E-08
 -1        31-1.05063E-05 2.94158E-06 2.94180E-06-1.39313E-07-8.26913E-11 1.57389E-08
 -1        32-9.75341E-06 2.73132E-06 2.73052E-06-1.39135E-07 2.25494E-10 1.60122E-08
 -1        33-8.99999E-06 2.52013E-06 2.52021E-06-1.38827E-07 1.03433E-10 1.54141E-08
 -1        34-8.24738E-06 2.30897E-06 2.30943E-06-1.39188E-07 7.25617E-11 1.58834E-08
 -1        35-7.49564E-06 2.09873E-06 2.09886E-06-1.39324E-07-2.23869E-10 1.57325E-08
 -1        36-6.74397E-06 1.88826E-06 1.88826E-06-1.39373E-07-8.13356E-12 1.62032E-08
 -1        37-5.99172E-06 1.67774E-06 1.67781E-06-1.39557E-07 1.09419E-10 1.58452E-08
 -1        38-5.24178E-06 1.46739E-06 1.46774E-06-1.39236E-07 1.67992E-10 1.61317E-08
 -1        39-4.49053E-06 1.25757E-06 1.25706E-06-1.39494E-07 2.65795E-11 1.62987E-08
 -1        40-3.74108E-06 1.04753E-06 1.04743E-06-1.39375E-07 1.30690E-10 1.63164E-08
 -1        41-2.99165E-06 8.37558E-07 8.37797E-07-1.39400E-07-1.70378E-10 1.66551E-08
 -1        42-2.24273E-06 6.27418E-07 6.28355E-07-1.40499E-07 2.57523E-10 1.64941E-08
 -1        43-1.50021E-06 4.17085E-07 4.18563E-07-1.37422E-07 2.97348E-10 1.52407E-08
 -1        44-7.55030E-07 2.02949E-07 2.21601E-07-8.05022E-08-2.14384E-10 1.27990E-09
 -1        45-2.41831E-05 5.45401E-06 6.06972E-06-1.01377E-06 4.70666E-07-2.08067E-06
 -1        46-2.42369E-05 7.13946E-06 6.97621E-06 3.71503E-08-9.99025E-08 1.99961E-07
 -1        47-2.36447E-05 6.56350E-06 6.58491E-06-1.11482E-07 1.32610E-08-1.50319E-08
 -1        48-2.29697E-05 6.44724E-06 6.43529E-06-9.76667E-08-3.35063E-09 1.93760E-08
 -1        49-2.21984E-05 6.21125E-06 6.21547E-06-1.04181E-07 9.42881E-10 1.58715E-08
 -1        50-2.14470E-05 6.00615E-06 6.00489E-06-1.02403E-07-1.86503E-10 1.59148E-08
 -1        51-2.06909E-05 5.79336E-06 5.79360E-06-1.02831E-07-2.36299E-11 1.59730E-08
 -1        52-1.99366E-05 5.58229E-06 5.58238E-06-1.02902E-07 7.47754E-12 1.57442E-08
 -1        53-1.91816E-05 5.37083E-06 5.37093E-06-1.02870E-07 9.93603E-11 1.58825E-08
 -1        54-1.84273E-05 5.15964E-06 5.15947E-06-1.02798E-07 2.43085E-11 1.56899E-08
 -1        55-1.76724E-05 4.94823E-06 4.94820E-06-1.02598E-07 6.50533E-12 1.59706E-08
 -1        56-1.69171E-05 4.73675E-06 4.73696E-06-1.02724E-07-1.04626E-11 1.61134E-08
 -1        57-1.61628E-05 4.52558E-06 4.52558E-06-1.02895E-07-4.54382E-11 1.58619E-08
 -1        58-1.54084E-05 4.31410E-06 4.31446E-06-1.02689E-07-1.28719E-10 1.59037E-08
 -1        59-1.46535E-05 4.10305E-06 4.10307E-06-1.02856E-07 9.27601E-11 1.59128E-08
 -1        60-1.38992E-05 3.89217E-06 3.89173E-06-1.03100E-07 1.75890E-10 1.59973E-08
 -1        61-1.31458E-05 3.68069E-06 3.68063E-06-1.02612E-07-3.08224E-11 1.58816E-08
 -1        62-1.23909E-05 3.46916E-06 3.46961E-06-1.02590E-07 5.29155E-11 1.60666E-08
 -1        63-1.16370E-05 3.25825E-06 3.25872E-06-1.02981E-07 8.87483E-11 1.60688E-08
 -1        64-1.08839E-05 3.04727E-06 3.04761E-06-1.02885E-07-5.76043E-11 1.60549E-08
 -1        65-1.01304E-05 2.83651E-06 2.83632E-06-1.03096E-07 1.08796E-10 1.63351E-08
 -1        66-9.37687E-06 2.62593E-06 2.62528E-06-1.02736E-07 1.24648E-10 1.61147E-08
 -1        67-8.62435E-06 2.41457E-06 2.41496E-06-1.02707E-07-6.00000E-11 1.61904E-08
 -1        68-7.87178E-06 2.20395E-06 2.20435E-06-1.03062E-07-8.17271E-11 1.62002E-08
 -1        69-7.12017E-06 1.99348E-06 1.99369E-06-1.03092E-07-5.53189E-11 1.62077E-08
 -1        70-6.36801E-06 1.78311E-06 1.78302E-06-1.03261E-07 1.21521E-10 1.64817E-08
 -1        71-5.61717E-06 1.57260E-06 1.57305E-06-1.03247E-07 1.91583E-10 1.62329E-08
 -1        72-4.86620E-06 1.36242E-06 1.36267E-06-1.03067E-07 5.72544E-11 1.65944E-08
 -1        73-4.11611E-06 1.15255E-06 1.15236E-06-1.03227E-07 1.00322E-10 1.63689E-08
 -1        74-3.36656E-06 9.42510E-07 9.42645E-07-1.03124E-07-3.17264E-11 1.66573E-08
 -1        75-2.61703E-06 7.32551E-07 7.33235E-07-1.03604E-07 5.90082E-11 1.67866E-08
 -1        76-1.86855E-06 5.23264E-07 5.23142E-07-1.03243E-07 3.61598E-10 1.65461E-08
 -1        77-1.13077E-06 3.08111E-07 3.20059E-07-9.18459E-08 7.98498E-10 1.35713E-08
 -1        78-4.42207E-07 1.09862E-07 1.13969E-07-1.08331E-07 1.18587E-08 4.27569E-09
 -1        79-7.19424E-11 2.00936E-10-3.27044E-11-6.56483E-07-5.60400E-08-2.18195E-10
 -1        80-4.07802E-09-2.33264E-07 6.42727E-08-4.57653E-07-2.56237E-08-1.46640E-08
 -1        81 4.05421E-09 2.33180E-07-6.40821E-08-4.57794E-07-2.54929E-08 1.45076E-08
 -1        82 2.44117E-05-7.43606E-06-7.00248E-06 4.30699E-07-2.67983E-07-1.15857E-06
 -1        83 2.35219E-05-6.40535E-06-6.51936E-06-2.44551E-08 2.55411E-08-1.37313E-08
 -1        84 2.30037E-05-6.49396E-06-6.45175E-06-1.51913E-07-8.37788E-09-2.61878E-08
 -1        85 2.22317E-05-6.21228E-06-6.22366E-06-1.37966E-07 2.51033E-09-1.62487E-08
 -1        86 2.14993E-05-6.02264E-06-6.01996E-06-1.41304E-07-6.68758E-10-1.88936E-08
 -1        87 2.07589E-05-5.81177E-06-5.81240E-06-1.40196E-07 2.40184E-10-1.85358E-08
 -1        88 2.00205E-05-5.60571E-06-5.60575E-06-1.40381E-07-4.44800E-11-1.87799E-08
 -1        89 1.92814E-05-5.39888E-06-5.39863E-06-1.40176E-07-1.39403E-10-1.85446E-08
 -1        90 1.85419E-05-5.19168E-06-5.19199E-06-1.40170E-07 6.28059E-11-1.85206E-08
 -1        91 1.78026E-05-4.98490E-06-4.98476E-06-1.40644E-07 9.68550E-12-1.83587E-08
 -1        92 1.70643E-05-4.77795E-06-4.77792E-06-1.40379E-07-2.03670E-11-1.82312E-08
 -1        93 1.63247E-05-4.57093E-06-4.57099E-06-1.40600E-07 1.08564E-10-1.84135E-08
 -1        94 1.55859E-05-4.36400E-06-4.36405E-06-1.40574E-07-7.22047E-11-1.84115E-08
 -1        95 1.48471E-05-4.15712E-06-4.15717E-06-1.40347E-07-4.41300E-11-1.85355E-08
 -1        96 1.41068E-05-3.94989E-06-3.94986E-06-1.40461E-07 7.28954E-11-1.84760E-08
 -1        97 1.33680E-05-3.74308E-06-3.74291E-06-1.40142E-07-2.08488E-12-1.84086E-08
 -1        98 1.26272E-05-3.53590E-06-3.53572E-06-1.40570E-07-4.89267E-11-1.79976E-08
 -1        99 1.18882E-05-3.32845E-06-3.32884E-06-1.40408E-07-3.99217E-11-1.81420E-08
 -1       100 1.11485E-05-3.12140E-06-3.12153E-06-1.40347E-07-1.35134E-11-1.84251E-08
 -1       101 1.04079E-05-2.91428E-06-2.91420E-06-1.40285E-07-1.13233E-10-1.84778E-08
 -1       102 9.66675E-06-2.70701E-06-2.70646E-06-1.40515E-07-5.04342E-11-1.80160E-08
 -1       103 8.92676E-06-2.49930E-06-2.49928E-06-1.39861E-07 1.06893E-10-1.83588E-08
 -1       104 8.18465E-06-2.29167E-06-2.29195E-06-1.40131E-07-2.73265E-10-1.79886E-08
 -1       105 7.44366E-06-2.08435E-06-2.08399E-06-1.40097E-07 5.34197E-11-1.81755E-08
 -1       106 6.70091E-06-1.87633E-06-1.87653E-06-1.40115E-07-9.81549E-12-1.77105E-08
 -1       107 5.95865E-06-1.66838E-06-1.66843E-06-1.40621E-07 3.14169E-10-1.77655E-08
 -1       108 5.21641E-06-1.46043E-06-1.46037E-06-1.39988E-07-1.74215E-10-1.78100E-08
 -1       109 4.47223E-06-1.25251E-06-1.25198E-06-1.40231E-07-1.95039E-10-1.74069E-08
 -1       110 3.72960E-06-1.04413E-06-1.04453E-06-1.39730E-07-5.59580E-11-1.76857E-08
 -1       111 2.98361E-06-8.35436E-07-8.35384E-07-1.39896E-07-3.32264E-10-1.75143E-08
 -1       112 2.23887E-06-6.26640E-07-6.26729E-07-1.40405E-07 3.49168E-11-1.72904E-08
 -1       113 1.49875E-06-4.16916E-07-4.18143E-07-1.37868E-07 3.19353E-10-1.54050E-08
 -1       114 7.55099E-07-2.02866E-07-2.21258E-07-8.02298E-08-5.66726E-10-1.94476E-09
 -1       115 2.38078E-05-5.37552E-06-5.97388E-06-9.62551E-07 4.58776E-07 2.08528E-06
 -1       116 2.38607E-05-7.02985E-06-6.86529E-06 3.73599E-08-9.94613E-08-1.98090E-07
 -1       117 2.32826E-05-6.46271E-06-6.48451E-06-1.11823E-07 1.28799E-08 1.36147E-08
 -1       118 2.26209E-05-6.34959E-06-6.33721E-06-9.91064E-08-3.26124E-09-2.12299E-08
 -1       119 2.18657E-05-6.11836E-06-6.12226E-06-1.05799E-07 9.23238E-10-1.77165E-08
 -1       120 2.11302E-05-5.91736E-06-5.91638E-06-1.03887E-07-2.42754E-10-1.79365E-08
 -1       121 2.03905E-05-5.70903E-06-5.70936E-06-1.04183E-07 1.17482E-10-1.81905E-08
 -1       122 1.96519E-05-5.50253E-06-5.50249E-06-1.04042E-07-6.71905E-11-1.81090E-08
 -1       123 1.89124E-05-5.29553E-06-5.29552E-06-1.03850E-07-5.27442E-11-1.79085E-08
 -1       124 1.81731E-05-5.08846E-06-5.08859E-06-1.04214E-07 3.82632E-12-1.79760E-08
 -1       125 1.74344E-05-4.88168E-06-4.88156E-06-1.04277E-07 2.29127E-11-1.77076E-08
 -1       126 1.66952E-05-4.67464E-06-4.67465E-06-1.04238E-07 6.94257E-11-1.77571E-08
 -1       127 1.59561E-05-4.46774E-06-4.46771E-06-1.04366E-07 1.20455E-11-1.78832E-08
 -1       128 1.52171E-05-4.26073E-06-4.26085E-06-1.04314E-07-6.71599E-11-1.79820E-08
 -1       129 1.44776E-05-4.05363E-06-4.05369E-06-1.04053E-07-4.33083E-11-1.78847E-08
 -1       130 1.37382E-05-3.84671E-06-3.84658E-06-1.04103E-07 2.99427E-11-1.79033E-08
 -1       131 1.29979E-05-3.63968E-06-3.63942E-06-1.04051E-07 2.92577E-11-1.78703E-08
 -1       132 1.22585E-05-3.43239E-06-3.43241E-06-1.04260E-07-1.25565E-11-1.74925E-08
 -1       133 1.15188E-05-3.22500E-06-3.22544E-06-1.04285E-07 1.71465E-12-1.78391E-08
 -1       134 1.07787E-05-3.01794E-06-3.01810E-06-1.03951E-07-5.91588E-11-1.78149E-08
 -1       135 1.00376E-05-2.81077E-06-2.81040E-06-1.04215E-07-1.00879E-10-1.79200E-08
 -1       136 9.29738E-06-2.60332E-06-2.60290E-06-1.03945E-07 6.79388E-11-1.77293E-08
 -1       137 8.55593E-06-2.39564E-06-2.39585E-06-1.03634E-07-2.40842E-11-1.77398E-08
 -1       138 7.81455E-06-2.18817E-06-2.18800E-06-1.04042E-07-1.33730E-11-1.76980E-08
 -1       139 7.07255E-06-1.98042E-06-1.98021E-06-1.03694E-07-1.35411E-11-1.74936E-08
 -1       140 6.33005E-06-1.77247E-06-1.77250E-06-1.04256E-07 9.31903E-11-1.76376E-08
 -1       141 5.58798E-06-1.56450E-06-1.56462E-06-1.04115E-07 1.60702E-11-1.74428E-08
 -1       142 4.84433E-06-1.35648E-06-1.35640E-06-1.03770E-07-1.76808E-10-1.74272E-08
 -1       143 4.10129E-06-1.14835E-06-1.14824E-06-1.03757E-07-7.29911E-11-1.71986E-08
 -1       144 3.35658E-06-9.39890E-07-9.39898E-07-1.03390E-07-9.00682E-11-1.75235E-08
 -1       145 2.61145E-06-7.31240E-07-7.30925E-07-1.03981E-07-7.75394E-11-1.73338E-08
 -1       146 1.86557E-06-5.22811E-07-5.22197E-07-1.03392E-07 2.94157E-10-1.67920E-08
 -1       147 1.13059E-06-3.08067E-07-3.19820E-07-9.18490E-08 6.85813E-10-1.40433E-08
 -1       148 4.41857E-07-1.10151E-07-1.13921E-07-1.08242E-07 1.16861E-08-4.32060E-09
 -1       149-1.68031E-07 2.87888E-07-4.62937E-09-2.28550E-07-8.70222E-11 1.10319E-10
 -1       150-1.62220E-07 2.93138E-07-1.95715E-08-2.17999E-07 5.12642E-09 1.67920E-08
 -1       151-1.62380E-07 2.93085E-07-1.96146E-08-2.17862E-07-5.37813E-09-1.66385E-08
 -1       152 2.49290E-11-6.72077E-11 5.88426E-11-6.56758E-07 5.62242E-08 3.39200E-11
 -1       153-4.18660E-09-2.33291E-07 6.45227E-08-4.57832E-07 2.54351E-08 1.44355E-08
 -1       154 4.04117E-09 2.33071E-07-6.43052E-08-4.57775E-07 2.53275E-08-1.47411E-08
 -1       155 1.68247E-07-2.87872E-07 4.56937E-09-2.28893E-07-3.75184E-11 6.08325E-11
 -1       156 1.62595E-07-2.93468E-07 1.98179E-08-2.18094E-07 5.10510E-09-1.67434E-08
 -1       157 1.62730E-07-2.93212E-07 1.96251E-08-2.17982E-07-5.52621E-09 1.66260E-08
 -1       158-7.55537E-07 2.02747E-07 2.21565E-07-8.00480E-08 6.04471E-10-1.57630E-09
 -1       159-1.49838E-06 4.17028E-07 4.17404E-07-1.37554E-07 7.42325E-11-1.51681E-08
 -1       160-2.23992E-06 6.26752E-07 6.27413E-07-1.40706E-07 1.78536E-10-1.71091E-08
 -1       161-2.98287E-06 8.35557E-07 8.34980E-07-1.40090E-07 3.37878E-10-1.73797E-08
 -1       162-3.72882E-06 1.04398E-06 1.04386E-06-1.40276E-07-5.28206E-11-1.75203E-08
 -1       163-4.47150E-06 1.25215E-06 1.25206E-06-1.40153E-07-1.89481E-11-1.74434E-08
 -1       164-5.21510E-06 1.46030E-06 1.46021E-06-1.40278E-07 4.68110E-11-1.75243E-08
 -1       165-5.95781E-06 1.66845E-06 1.66820E-06-1.39802E-07 1.91430E-11-1.76603E-08
 -1       166-6.70062E-06 1.87642E-06 1.87583E-06-1.40516E-07-6.51079E-11-1.79073E-08
 -1       167-7.44198E-06 2.08399E-06 2.08379E-06-1.40568E-07 3.41847E-10-1.82972E-08
 -1       168-8.18397E-06 2.29115E-06 2.29161E-06-1.40259E-07 1.39322E-10-1.79885E-08
 -1       169-8.92448E-06 2.49906E-06 2.49890E-06-1.39972E-07 6.11573E-11-1.83585E-08
 -1       170-9.66554E-06 2.70640E-06 2.70624E-06-1.40555E-07-2.40538E-10-1.83529E-08
 -1       171-1.04061E-05 2.91372E-06 2.91362E-06-1.40405E-07 6.33093E-12-1.82589E-08
 -1       172-1.11467E-05 3.12088E-06 3.12116E-06-1.40722E-07 5.93851E-11-1.82078E-08
 -1       173-1.18861E-05 3.32827E-06 3.32812E-06-1.40392E-07 1.06369E-10-1.83406E-08
 -1       174-1.26264E-05 3.53530E-06 3.53541E-06-1.40630E-07-5.10478E-11-1.83668E-08
 -1       175-1.33654E-05 3.74254E-06 3.74207E-06-1.40656E-07-5.43841E-11-1.83866E-08
 -1       176-1.41052E-05 3.94970E-06 3.94932E-06-1.40778E-07-2.49903E-12-1.83635E-08
 -1       177-1.48440E-05 4.15611E-06 4.15661E-06-1.40732E-07-4.99816E-11-1.86427E-08
 -1       178-1.55832E-05 4.36318E-06 4.36338E-06-1.40325E-07 1.32716E-10-1.86299E-08
 -1       179-1.63229E-05 4.57046E-06 4.57034E-06-1.40520E-07 8.06024E-12-1.83994E-08
 -1       180-1.70618E-05 4.77750E-06 4.77714E-06-1.40582E-07 5.12299E-11-1.84787E-08
 -1       181-1.78007E-05 4.98422E-06 4.98413E-06-1.40955E-07 1.31258E-11-1.85141E-08
 -1       182-1.85397E-05 5.19123E-06 5.19117E-06-1.40652E-07-9.73925E-11-1.85488E-08
 -1       183-1.92783E-05 5.39776E-06 5.39813E-06-1.40654E-07 1.93184E-12-1.88160E-08
 -1       184-2.00174E-05 5.60503E-06 5.60476E-06-1.40408E-07 1.28793E-10-1.84507E-08
 -1       185-2.07563E-05 5.81100E-06 5.81166E-06-1.40340E-07-3.13202E-10-1.82468E-08
 -1       186-2.14962E-05 6.02208E-06 6.01912E-06-1.41518E-07 6.42870E-10-1.91857E-08
 -1       187-2.22294E-05 6.21158E-06 6.22309E-06-1.37961E-07-2.37336E-09-1.66393E-08
 -1       188-2.30009E-05 6.49314E-06 6.45096E-06-1.52057E-07 8.40710E-09-2.66813E-08
 -1       189-2.35194E-05 6.40452E-06 6.51869E-06-2.44917E-08-2.57854E-08-1.40320E-08
 -1       190-2.44088E-05 7.43514E-06 7.00162E-06 4.30542E-07 2.68009E-07-1.15834E-06
 -1       191-4.42109E-07 1.09961E-07 1.14245E-07-1.08144E-07-1.18805E-08-4.28300E-09
 -1       192-1.13072E-06 3.08167E-07 3.19819E-07-9.16990E-08-5.09596E-10-1.35040E-08
 -1       193-1.86586E-06 5.23073E-07 5.22293E-07-1.03400E-07-1.27007E-10-1.69388E-08
 -1       194-2.61139E-06 7.31383E-07 7.31021E-07-1.04062E-07 1.99815E-10-1.69010E-08
 -1       195-3.35602E-06 9.39873E-07 9.39524E-07-1.03698E-07 7.33093E-11-1.73483E-08
 -1       196-4.10032E-06 1.14807E-06 1.14795E-06-1.04128E-07 1.54730E-12-1.71913E-08
 -1       197-4.84363E-06 1.35626E-06 1.35622E-06-1.04018E-07-3.90929E-12-1.73242E-08
 -1       198-5.58662E-06 1.56445E-06 1.56414E-06-1.03858E-07 3.21454E-11-1.74091E-08
 -1       199-6.32956E-06 1.77260E-06 1.77196E-06-1.03928E-07-9.30711E-11-1.73750E-08
 -1       200-7.07165E-06 1.98031E-06 1.97994E-06-1.04194E-07 7.94801E-11-1.75747E-08
 -1       201-7.81344E-06 2.18764E-06 2.18791E-06-1.04241E-07 2.35811E-10-1.79107E-08
 -1       202-8.55430E-06 2.39532E-06 2.39529E-06-1.03914E-07 1.77261E-10-1.78614E-08
 -1       203-9.29576E-06 2.60298E-06 2.60245E-06-1.04004E-07-5.62427E-11-1.79353E-08
 -1       204-1.00363E-05 2.81017E-06 2.81001E-06-1.04253E-07-1.18486E-10-1.78071E-08
 -1       205-1.07768E-05 3.01754E-06 3.01740E-06-1.04311E-07-1.05054E-11-1.78063E-08
 -1       206-1.15169E-05 3.22460E-06 3.22487E-06-1.04232E-07 1.36011E-10-1.76198E-08
 -1       207-1.22569E-05 3.43193E-06 3.43198E-06-1.04379E-07 4.71799E-11-1.79453E-08
 -1       208-1.29963E-05 3.63911E-06 3.63887E-06-1.04421E-07-8.39933E-11-1.78030E-08
 -1       209-1.37362E-05 3.84628E-06 3.84586E-06-1.04427E-07-3.93659E-11-1.78470E-08
 -1       210-1.44751E-05 4.05312E-06 4.05306E-06-1.04655E-07-6.35446E-11-1.81580E-08
 -1       211-1.52143E-05 4.25989E-06 4.26011E-06-1.04251E-07 8.16160E-11-1.80653E-08
 -1       212-1.59538E-05 4.46703E-06 4.46711E-06-1.04069E-07 7.43802E-11-1.78190E-08
 -1       213-1.66930E-05 4.67410E-06 4.67407E-06-1.04347E-07 4.16174E-12-1.79033E-08
 -1       214-1.74324E-05 4.88114E-06 4.88073E-06-1.04629E-07 8.35694E-11-1.80561E-08
 -1       215-1.81708E-05 5.08794E-06 5.08777E-06-1.04510E-07-3.94248E-11-1.80367E-08
 -1       216-1.89097E-05 5.29479E-06 5.29488E-06-1.04417E-07-8.10017E-11-1.80491E-08
 -1       217-1.96489E-05 5.50158E-06 5.50180E-06-1.04234E-07 1.12018E-10-1.79900E-08
 -1       218-2.03876E-05 5.70827E-06 5.70847E-06-1.04395E-07-7.66016E-11-1.80160E-08
 -1       219-2.11275E-05 5.91677E-06 5.91549E-06-1.04031E-07 1.63671E-10-1.77488E-08
 -1       220-2.18630E-05 6.11761E-06 6.12167E-06-1.05866E-07-8.62819E-10-1.81159E-08
 -1       221-2.26182E-05 6.34892E-06 6.33644E-06-9.92601E-08 3.30271E-09-2.18431E-08
 -1       222-2.32799E-05 6.46185E-06 6.48380E-06-1.11754E-07-1.29249E-08 1.31900E-08
 -1       223-2.38581E-05 7.02891E-06 6.86444E-06 3.72406E-08 9.94399E-08-1.98128E-07
 -1       224-2.38049E-05 5.37495E-06 5.97304E-06-9.62350E-07-4.58772E-07 2.08474E-06
 -1       225 1.68630E-07 7.02157E-13 1.08176E-12 3.54301E-06 2.92502E-12-3.52241E-08
 -1       226 1.15809E-05-1.24848E-10-1.14530E-10 1.05224E-06-7.00245E-12-3.56853E-06
 -1       227-1.12402E-05 1.23458E-10 1.12395E-10 1.10786E-06-6.81743E-12 3.51531E-06
 -1       228 7.55225E-07-2.02390E-07-2.21712E-07-8.01959E-08 6.09733E-10 1.58636E-09
 -1       229 1.49929E-06-4.17108E-07-4.18521E-07-1.37162E-07-2.79112E-10 1.52253E-08
 -1       230 2.24381E-06-6.27747E-07-6.28534E-07-1.39680E-07 1.11952E-10 1.68182E-08
 -1       231 2.99160E-06-8.37735E-07-8.37505E-07-1.39572E-07 3.43477E-10 1.63299E-08
 -1       232 3.74245E-06-1.04774E-06-1.04785E-06-1.39576E-07-8.24095E-11 1.65280E-08
 -1       233 4.49101E-06-1.25744E-06-1.25764E-06-1.39972E-07-1.32667E-10 1.63582E-08
 -1       234 5.24238E-06-1.46781E-06-1.46786E-06-1.39109E-07 6.33351E-11 1.59711E-08
 -1       235 5.99281E-06-1.67837E-06-1.67779E-06-1.39439E-07-3.83752E-10 1.60640E-08
 -1       236 6.74476E-06-1.88860E-06-1.88863E-06-1.39067E-07-7.16377E-11 1.62205E-08
 -1       237 7.49687E-06-2.09900E-06-2.09917E-06-1.39254E-07 1.38404E-11 1.59963E-08
 -1       238 8.24858E-06-2.30958E-06-2.30965E-06-1.39311E-07 9.15610E-11 1.62285E-08
 -1       239 9.00219E-06-2.52074E-06-2.52039E-06-1.39183E-07-1.61791E-10 1.56134E-08
 -1       240 9.75399E-06-2.73124E-06-2.73124E-06-1.38842E-07 2.08195E-10 1.61253E-08
 -1       241 1.05088E-05-2.94231E-06-2.94241E-06-1.39322E-07 2.13331E-11 1.56592E-08
 -1       242 1.12614E-05-3.15320E-06-3.15318E-06-1.39214E-07-1.72470E-10 1.57929E-08
 -1       243 1.20154E-05-3.36411E-06-3.36448E-06-1.39299E-07 6.65047E-11 1.56103E-08
 -1       244 1.27696E-05-3.57546E-06-3.57558E-06-1.38902E-07 2.61154E-11 1.54710E-08
 -1       245 1.35235E-05-3.78681E-06-3.78642E-06-1.39032E-07-7.28406E-11 1.57406E-08
 -1       246 1.42782E-05-3.99790E-06-3.99771E-06-1.39338E-07-6.39529E-11 1.53828E-08
 -1       247 1.50320E-05-4.20884E-06-4.20933E-06-1.39120E-07 1.37480E-10 1.58476E-08
 -1       248 1.57875E-05-4.42062E-06-4.42034E-06-1.38755E-07-2.52462E-11 1.54243E-08
 -1       249 1.65421E-05-4.63187E-06-4.63157E-06-1.39240E-07-7.49713E-11 1.53321E-08
 -1       250 1.72960E-05-4.84287E-06-4.84284E-06-1.39361E-07-2.86355E-11 1.53983E-08
 -1       251 1.80515E-05-5.05432E-06-5.05456E-06-1.38972E-07 5.58681E-11 1.53458E-08
 -1       252 1.88055E-05-5.26557E-06-5.26576E-06-1.39217E-07-5.02545E-11 1.57967E-08
 -1       253 1.95615E-05-5.47705E-06-5.47700E-06-1.39118E-07 2.77733E-11 1.52079E-08
 -1       254 2.03156E-05-5.68842E-06-5.68856E-06-1.39502E-07 5.74896E-11 1.53119E-08
 -1       255 2.10702E-05-5.89942E-06-5.89941E-06-1.38489E-07-1.76038E-10 1.54822E-08
 -1       256 2.18269E-05-6.11439E-06-6.11179E-06-1.40256E-07 6.10547E-10 1.58856E-08
 -1       257 2.25744E-05-6.30807E-06-6.31941E-06-1.36172E-07-2.45067E-09 1.37623E-08
 -1       258 2.33630E-05-6.59462E-06-6.55351E-06-1.50500E-07 8.50159E-09 2.36146E-08
 -1       259 2.38923E-05-6.50665E-06-6.61906E-06-2.29623E-08-2.61856E-08 1.44163E-08
 -1       260 2.48056E-05-7.54909E-06-7.12267E-06 4.33476E-07 2.71048E-07 1.17167E-06
 -1       261 4.41997E-07-1.09919E-07-1.13942E-07-1.08307E-07-1.19781E-08 4.13845E-09
 -1       262 1.13092E-06-3.07966E-07-3.20179E-07-9.14551E-08-6.42391E-10 1.36757E-08
 -1       263 1.86821E-06-5.23469E-07-5.23402E-07-1.02653E-07-2.29805E-10 1.67653E-08
 -1       264 2.61813E-06-7.32865E-07-7.33115E-07-1.03383E-07 1.68375E-10 1.66638E-08
 -1       265 3.36692E-06-9.42867E-07-9.42898E-07-1.03206E-07-4.87658E-11 1.68513E-08
 -1       266 4.11693E-06-1.15270E-06-1.15272E-06-1.03541E-07-1.91124E-10 1.65989E-08
 -1       267 4.86683E-06-1.36248E-06-1.36281E-06-1.03098E-07 2.77952E-11 1.64325E-08
 -1       268 5.61782E-06-1.57309E-06-1.57273E-06-1.03117E-07-6.61289E-11 1.63111E-08
 -1       269 6.36909E-06-1.78348E-06-1.78342E-06-1.03097E-07-1.88429E-10 1.64402E-08
 -1       270 7.12108E-06-1.99391E-06-1.99402E-06-1.02954E-07-9.27165E-11 1.64841E-08
 -1       271 7.87330E-06-2.20443E-06-2.20447E-06-1.03027E-07 4.36143E-11 1.63855E-08
 -1       272 8.62581E-06-2.41523E-06-2.41517E-06-1.02934E-07-7.17188E-11 1.64979E-08
 -1       273 9.37820E-06-2.62619E-06-2.62594E-06-1.02938E-07 1.11594E-11 1.62960E-08
 -1       274 1.01322E-05-2.83693E-06-2.83686E-06-1.02759E-07 9.59486E-11 1.63727E-08
 -1       275 1.08853E-05-3.04788E-06-3.04788E-06-1.02991E-07-1.23269E-10 1.61921E-08
 -1       276 1.16392E-05-3.25872E-06-3.25902E-06-1.02967E-07-2.27941E-11 1.61299E-08
 -1       277 1.23928E-05-3.46989E-06-3.47036E-06-1.02881E-07 4.54239E-11 1.60735E-08
 -1       278 1.31471E-05-3.68129E-06-3.68122E-06-1.02777E-07-5.83401E-11 1.61921E-08
 -1       279 1.39017E-05-3.89254E-06-3.89215E-06-1.02924E-07-4.95164E-11 1.61029E-08
 -1       280 1.46556E-05-4.10358E-06-4.10368E-06-1.03120E-07 2.47394E-11 1.61778E-08
 -1       281 1.54106E-05-4.31486E-06-4.31511E-06-1.02562E-07 7.95683E-11 1.62153E-08
 -1       282 1.61654E-05-4.52651E-06-4.52609E-06-1.02721E-07-3.59130E-11 1.59416E-08
 -1       283 1.69199E-05-4.73753E-06-4.73745E-06-1.03157E-07-3.53520E-11 1.59775E-08
 -1       284 1.76744E-05-4.94883E-06-4.94893E-06-1.02905E-07-5.54247E-12 1.60327E-08
 -1       285 1.84293E-05-5.16020E-06-5.16037E-06-1.02890E-07-2.70745E-12 1.59958E-08
 -1       286 1.91846E-05-5.37147E-06-5.37169E-06-1.02897E-07 7.05539E-11 1.61488E-08
 -1       287 1.99394E-05-5.58303E-06-5.58292E-06-1.03135E-07-4.93837E-12 1.57719E-08
 -1       288 2.06936E-05-5.79415E-06-5.79438E-06-1.02839E-07-5.55961E-11 1.59764E-08
 -1       289 2.14499E-05-6.00717E-06-6.00568E-06-1.02510E-07 2.05505E-10 1.61278E-08
 -1       290 2.22006E-05-6.21199E-06-6.21617E-06-1.04394E-07-8.71890E-10 1.60305E-08
 -1       291 2.29722E-05-6.44797E-06-6.43590E-06-9.76165E-08 3.34374E-09 2.00475E-08
 -1       292 2.36473E-05-6.56428E-06-6.58577E-06-1.11163E-07-1.33283E-08-1.45011E-08
 -1       293 2.42398E-05-7.14027E-06-6.97691E-06 3.73780E-08 9.99392E-08 2.00179E-07
 -1       294 2.41859E-05-5.45469E-06-6.07038E-06-1.01427E-06-4.70588E-07-2.08047E-06
 -1       295-1.99123E-05-1.19934E-10-1.06557E-10-4.52257E-06-6.68635E-14 3.57898E-08
 -1       296-2.12568E-05 1.14808E-10 1.10310E-10-3.88251E-06-5.20002E-12 3.50764E-06
 -1       297-2.14366E-05 1.16209E-10 1.12570E-10-3.94150E-06 5.42561E-12-3.47032E-06
 -1       298 1.99148E-05 1.19955E-10 1.06582E-10-4.52363E-06 6.60335E-14 3.62721E-08
 -1       299 2.14396E-05-1.16233E-10-1.12597E-10-3.94273E-06-5.42492E-12-3.47022E-06
 -1       300 2.12593E-05-1.14830E-10-1.10339E-10-3.88334E-06 5.19972E-12 3.50859E-06
 -1       301-1.99940E-07 3.59349E-08 6.72134E-08-1.08974E-06-5.76421E-08 6.44773E-09
 -1       302-1.84955E-07 5.09964E-08 5.01695E-08-8.15888E-07 7.74457E-08-3.93900E-10
 -1       303-1.78465E-07 4.93834E-08 5.09549E-08-7.74434E-07-1.56201E-08-1.19978E-09
 -1       304-1.70228E-07 4.76318E-08 4.75089E-08-7.65252E-07 3.61512E-09-1.10325E-09
 -1       305-1.62624E-07 4.54055E-08 4.55104E-08-7.67691E-07-8.41408E-10-9.81884E-10
 -1       306-1.54281E-07 4.32444E-08 4.32092E-08-7.67330E-07 1.99029E-10-9.27037E-10
 -1       307-1.46195E-07 4.09964E-08 4.10951E-08-7.67368E-07-8.34387E-11-1.18340E-09
 -1       308-1.38408E-07 3.88530E-08 3.88110E-08-7.67463E-07 7.51463E-13-1.11665E-09
 -1       309-1.30602E-07 3.65945E-08 3.65050E-08-7.67305E-07 2.19193E-11-1.15875E-09
 -1       310-1.22956E-07 3.43085E-08 3.44771E-08-7.67262E-07 2.81399E-11-1.32313E-09
 -1       311-1.15273E-07 3.22382E-08 3.22501E-08-7.67304E-07 8.65291E-12-1.08575E-09
 -1       312-1.07109E-07 3.00429E-08 2.98757E-08-7.67439E-07-3.07829E-12-9.91248E-10
 -1       313-9.96118E-08 2.79348E-08 2.78597E-08-7.67534E-07-4.27146E-11-9.99928E-10
 -1       314-9.17389E-08 2.57506E-08 2.57566E-08-7.67412E-07-3.55625E-11-8.86004E-10
 -1       315-8.40658E-08 2.35140E-08 2.35640E-08-7.67320E-07 2.35497E-11-9.66500E-10
 -1       316-7.69963E-08 2.16849E-08 2.15660E-08-7.67325E-07 5.24467E-11-1.26066E-09
 -1       317-7.00615E-08 1.96241E-08 1.96264E-08-7.67472E-07 3.20771E-11-1.12386E-09
 -1       318-6.27788E-08 1.75953E-08 1.76120E-08-7.67437E-07 8.33800E-12-7.80455E-10
 -1       319-5.57273E-08 1.55766E-08 1.56436E-08-7.67359E-07-6.07537E-12-9.17758E-10
 -1       320-4.93301E-08 1.39354E-08 1.38228E-08-7.67522E-07-5.20431E-11-9.96842E-10
 -1       321-4.33002E-08 1.20946E-08 1.20267E-08-7.67425E-07 4.42751E-11-7.33014E-10
 -1       322-3.62549E-08 1.03559E-08 1.02924E-08-7.67378E-07 3.28218E-11-9.91009E-10
 -1       323-3.15580E-08 8.97470E-09 8.76337E-09-7.67265E-07-4.40112E-11-8.50742E-10
 -1       324-2.61761E-08 7.27060E-09 7.38624E-09-7.67310E-07 2.24314E-10-7.60829E-10
 -1       325-2.13665E-08 6.04530E-09 5.81995E-09-7.67667E-07-1.71303E-10-6.33661E-10
 -1       326-1.66717E-08 4.75102E-09 4.61878E-09-7.67870E-07 3.30503E-11-6.41133E-10
 -1       327-1.26820E-08 3.62238E-09 3.62950E-09-7.67651E-07 2.32076E-10-4.87699E-10
 -1       328-8.76259E-09 2.64743E-09 2.48920E-09-7.67474E-07-1.97337E-10-5.44973E-10
 -1       329-6.07446E-09 1.91706E-09 1.76036E-09-7.67398E-07 1.75539E-11-4.00444E-10
 -1       330-3.73779E-09 1.20205E-09 1.38313E-09-7.67482E-07 1.37283E-10-4.89665E-10
 -1       331-2.16818E-09 6.80929E-10 5.02724E-10-7.67119E-07 6.68509E-11-2.43183E-10
 -1       332-6.11823E-10 2.94758E-10 7.47197E-11-7.69503E-07-3.93402E-10-2.26223E-10
 -1       333 1.20211E-12 1.00557E-10-9.53083E-11-8.30594E-07-1.23196E-09 9.06203E-11
 -1       334 1.19976E-05-3.15323E-06-3.49204E-06-7.79140E-08-1.12142E-07-6.61693E-07
 -1       335-1.88519E-07 2.91498E-08 4.98811E-08 7.52068E-07 4.73288E-07-1.45495E-08
 -1       336 1.16770E-05-3.28501E-06-3.24609E-06-4.99415E-07 4.20826E-08 1.12005E-09
 -1       337-1.86291E-07 4.51213E-08 5.99461E-08-5.17101E-07-3.43640E-09 1.24932E-09
 -1       338 1.14324E-05-3.20081E-06-3.20262E-06-4.63049E-07-1.00991E-08-8.80111E-09
 -1       339-1.82204E-07 5.04842E-08 5.04511E-08-7.76867E-07 2.23849E-08-8.52432E-10
 -1       340 1.10280E-05-3.08745E-06-3.08712E-06-4.72462E-07 2.72157E-09-1.89218E-09
 -1       341-1.74404E-07 4.85470E-08 4.91786E-08-7.23110E-07-5.69185E-09-4.98000E-10
 -1       342 1.06696E-05-2.98763E-06-2.98772E-06-4.70415E-07-6.75558E-10-2.39488E-09
 -1       343-1.66581E-07 4.64830E-08 4.65133E-08-7.32317E-07 1.36102E-09-5.18629E-10
 -1       344 1.03028E-05-2.88472E-06-2.88473E-06-4.70833E-07 1.55408E-10-2.40047E-09
 -1       345-1.58392E-07 4.43785E-08 4.43329E-08-7.30900E-07-3.16680E-10-3.38312E-10
 -1       346 9.93776E-06-2.78249E-06-2.78251E-06-4.70775E-07-6.24894E-11-2.59140E-09
 -1       347-1.50207E-07 4.21010E-08 4.21524E-08-7.31195E-07 4.81091E-11-4.90120E-10
 -1       348 9.57212E-06-2.68025E-06-2.68022E-06-4.70830E-07 1.21895E-11-2.53280E-09
 -1       349-1.42297E-07 3.99278E-08 3.99570E-08-7.31144E-07-4.30605E-11-6.28248E-10
 -1       350 9.20636E-06-2.57772E-06-2.57775E-06-4.70705E-07 8.64011E-12-2.60967E-09
 -1       351-1.34588E-07 3.77033E-08 3.76155E-08-7.31126E-07 4.16851E-11-4.86518E-10
 -1       352 8.84047E-06-2.47547E-06-2.47540E-06-4.70935E-07 4.69070E-11-2.38149E-09
 -1       353-1.26824E-07 3.54874E-08 3.55540E-08-7.31049E-07 9.49342E-12-6.92485E-10
 -1       354 8.47511E-06-2.37302E-06-2.37303E-06-4.70760E-07 2.70775E-11-2.33094E-09
 -1       355-1.19057E-07 3.32761E-08 3.33342E-08-7.31076E-07 3.50392E-11-6.78531E-10
 -1       356 8.10937E-06-2.27057E-06-2.27061E-06-4.70927E-07-2.59225E-12-2.40490E-09
 -1       357-1.11174E-07 3.11232E-08 3.10650E-08-7.31145E-07-1.19985E-11-4.19211E-10
 -1       358 7.74368E-06-2.16818E-06-2.16823E-06-4.70925E-07-7.31323E-11-2.42577E-09
 -1       359-1.03355E-07 2.89756E-08 2.88883E-08-7.31263E-07-4.53167E-11-4.70274E-10
 -1       360 7.37819E-06-2.06585E-06-2.06587E-06-4.70715E-07 1.86822E-11-2.43848E-09
 -1       361-9.57530E-08 2.68117E-08 2.67627E-08-7.31206E-07 2.66477E-11-4.35850E-10
 -1       362 7.01177E-06-1.96332E-06-1.96324E-06-4.70768E-07 7.96349E-11-2.45302E-09
 -1       363-8.78993E-08 2.46559E-08 2.45693E-08-7.31126E-07 1.17444E-12-4.04232E-10
 -1       364 6.64597E-06-1.86079E-06-1.86083E-06-4.70773E-07 1.77756E-11-2.47866E-09
 -1       365-8.03104E-08 2.26076E-08 2.24879E-08-7.31143E-07 2.61766E-11-5.00441E-10
 -1       366 6.27915E-06-1.75825E-06-1.75830E-06-4.70962E-07 1.59903E-11-2.34362E-09
 -1       367-7.36714E-08 2.06428E-08 2.06290E-08-7.31106E-07 3.85332E-12-5.97602E-10
 -1       368 5.91310E-06-1.65554E-06-1.65568E-06-4.70716E-07 3.64877E-11-2.26100E-09
 -1       369-6.66009E-08 1.85567E-08 1.86265E-08-7.31213E-07 3.74082E-11-4.48642E-10
 -1       370 5.54665E-06-1.55306E-06-1.55298E-06-4.70755E-07 3.71699E-11-2.39053E-09
 -1       371-5.90101E-08 1.66078E-08 1.66733E-08-7.31181E-07 5.34792E-11-3.42198E-10
 -1       372 5.17973E-06-1.45026E-06-1.45020E-06-4.70813E-07-8.71303E-11-2.46474E-09
 -1       373-5.26049E-08 1.47447E-08 1.46582E-08-7.31167E-07-1.09802E-11-4.72019E-10
 -1       374 4.81203E-06-1.34754E-06-1.34736E-06-4.70726E-07-9.94314E-12-2.21728E-09
 -1       375-4.64465E-08 1.29882E-08 1.28315E-08-7.31291E-07 4.04792E-14-4.03430E-10
 -1       376 4.44548E-06-1.24452E-06-1.24461E-06-4.70591E-07 1.05439E-10-2.38609E-09
 -1       377-3.95845E-08 1.12476E-08 1.11426E-08-7.31234E-07 7.36570E-12-3.55713E-10
 -1       378 4.07690E-06-1.14140E-06-1.14165E-06-4.70619E-07-1.05808E-10-2.24485E-09
 -1       379-3.41007E-08 9.60206E-09 9.58371E-09-7.31003E-07-1.97374E-11-5.78319E-10
 -1       380 3.70899E-06-1.03856E-06-1.03846E-06-4.70610E-07 1.20176E-10-2.36412E-09
 -1       381-2.87508E-08 8.09211E-09 8.08823E-09-7.31070E-07 8.24035E-11-4.08233E-10
 -1       382 3.34005E-06-9.35267E-07-9.35398E-07-4.70726E-07-3.87504E-11-1.99866E-09
 -1       383-2.38036E-08 6.60705E-09 6.44364E-09-7.31149E-07 2.21174E-11-4.19643E-10
 -1       384 2.97123E-06-8.31902E-07-8.31871E-07-4.71019E-07 2.24702E-10-2.10426E-09
 -1       385-1.89705E-08 5.39323E-09 5.10427E-09-7.31659E-07-6.58556E-11-2.61013E-10
 -1       386 2.60206E-06-7.28407E-07-7.28402E-07-4.70552E-07 1.33080E-10-1.98846E-09
 -1       387-1.47260E-08 4.15583E-09 4.08230E-09-7.31567E-07 1.80745E-10-2.40420E-10
 -1       388 2.23187E-06-6.25019E-07-6.24769E-07-4.70614E-07-1.67504E-10-1.97965E-09
 -1       389-1.06667E-08 3.09717E-09 3.06757E-09-7.31115E-07 8.92401E-11-1.84550E-10
 -1       390 1.86185E-06-5.21080E-07-5.21425E-07-4.70426E-07 2.92880E-11-1.93461E-09
 -1       391-7.42179E-09 2.26386E-09 2.06146E-09-7.31329E-07-1.69875E-11-2.93697E-10
 -1       392 1.49019E-06-4.17033E-07-4.17193E-07-4.70509E-07-1.40527E-11-2.05895E-09
 -1       393-4.94654E-09 1.48853E-09 1.44071E-09-7.31231E-07 6.24482E-11-2.66423E-10
 -1       394 1.11874E-06-3.13180E-07-3.13402E-07-4.70463E-07 1.60151E-10-2.00074E-09
 -1       395-2.93144E-09 8.72151E-10 7.98246E-10-7.31244E-07 6.41179E-11-1.53120E-10
 -1       396 7.42467E-07-2.06587E-07-2.08153E-07-4.70401E-07-1.69064E-10-2.05321E-09
 -1       397-1.32557E-09 4.77654E-10 3.44439E-10-7.31558E-07-3.61361E-10-8.82268E-11
 -1       398 3.35547E-07-9.87832E-08-1.05850E-07-4.69597E-07-1.21434E-10-2.69172E-09
 -1       399-3.10865E-10 1.56491E-10-3.82236E-13-7.41688E-07-7.86510E-10-2.85158E-11
 -1       400-9.21583E-11 1.28001E-10-5.91421E-11-7.35479E-07-1.25628E-08-7.43992E-12
 -1       401-1.23933E-05 3.24530E-06 3.61774E-06-8.26613E-08-1.14375E-07 6.64290E-07
 -1       402-1.20496E-05 3.38619E-06 3.34635E-06-4.99699E-07 4.28541E-08-1.20565E-09
 -1       403-1.17894E-05 3.30022E-06 3.30377E-06-4.61885E-07-1.01655E-08 6.58050E-09
 -1       404-1.13686E-05 3.18263E-06 3.18227E-06-4.71199E-07 2.69063E-09 2.48092E-10
 -1       405-1.09944E-05 3.07846E-06 3.07867E-06-4.69479E-07-6.27299E-10 7.45871E-10
 -1       406-1.06117E-05 2.97124E-06 2.97122E-06-4.69669E-07 1.77247E-10 9.32048E-10
 -1       407-1.02302E-05 2.86459E-06 2.86462E-06-4.69709E-07-8.36676E-11 6.35813E-10
 -1       408-9.84909E-06 2.75776E-06 2.75763E-06-4.69692E-07-1.38011E-11 6.83571E-10
 -1       409-9.46759E-06 2.65100E-06 2.65093E-06-4.69649E-07 5.20147E-11 4.67706E-10
 -1       410-9.08667E-06 2.54420E-06 2.54423E-06-4.69555E-07 1.54952E-12 7.18951E-10
 -1       411-8.70533E-06 2.43738E-06 2.43749E-06-4.69475E-07-1.37042E-11 9.01624E-10
 -1       412-8.32348E-06 2.33065E-06 2.33065E-06-4.69821E-07 4.43069E-11 8.59426E-10
 -1       413-7.94277E-06 2.22396E-06 2.22396E-06-4.69783E-07-5.27887E-11 6.77811E-10
 -1       414-7.56147E-06 2.11719E-06 2.11716E-06-4.69764E-07-8.58422E-11 7.60818E-10
 -1       415-7.18061E-06 2.01062E-06 2.01059E-06-4.69787E-07 3.33197E-11 6.66386E-10
 -1       416-6.79983E-06 1.90415E-06 1.90394E-06-4.69628E-07 4.16807E-12 6.83132E-10
 -1       417-6.41912E-06 1.79724E-06 1.79740E-06-4.69575E-07-9.94114E-12 9.12240E-10
 -1       418-6.03838E-06 1.69064E-06 1.69074E-06-4.69828E-07 6.23907E-11 7.76441E-10
 -1       419-5.65851E-06 1.58434E-06 1.58432E-06-4.69759E-07-1.73089E-11 8.41885E-10
 -1       420-5.27805E-06 1.47785E-06 1.47791E-06-4.69880E-07-6.02184E-11 8.99448E-10
 -1       421-4.89869E-06 1.37179E-06 1.37142E-06-4.69921E-07 7.01842E-11 1.10420E-09
 -1       422-4.51852E-06 1.26529E-06 1.26536E-06-4.69578E-07 4.08109E-11 7.87174E-10
 -1       423-4.13975E-06 1.15902E-06 1.15915E-06-4.69701E-07 7.02569E-12 9.53621E-10
 -1       424-3.76105E-06 1.05303E-06 1.05306E-06-4.69811E-07-6.62234E-11 9.48118E-10
 -1       425-3.38280E-06 9.47278E-07 9.47246E-07-4.70119E-07-1.25911E-10 1.15369E-09
 -1       426-3.00437E-06 8.41333E-07 8.41364E-07-4.70338E-07 8.03286E-11 1.00751E-09
 -1       427-2.62738E-06 7.35509E-07 7.35403E-07-4.70099E-07 6.91431E-11 1.12668E-09
 -1       428-2.24987E-06 6.30199E-07 6.29908E-07-4.70110E-07-1.41734E-10 1.16521E-09
 -1       429-1.87366E-06 5.24698E-07 5.24568E-07-4.69926E-07-2.00255E-11 1.32135E-09
 -1       430-1.49787E-06 4.19296E-07 4.19369E-07-4.70107E-07-1.00119E-10 1.20772E-09
 -1       431-1.12272E-06 3.14250E-07 3.14355E-07-4.70351E-07 1.12971E-10 1.52129E-09
 -1       432-7.43741E-07 2.06966E-07 2.08794E-07-4.70174E-07-1.86983E-10 1.87346E-09
 -1       433-3.35539E-07 9.89255E-08 1.05601E-07-4.69721E-07-2.05752E-10 2.61203E-09
 -1       434 2.22369E-11-9.26018E-11-1.72186E-11-6.03752E-07-1.74619E-10-4.16106E-11
 -1       435 1.88587E-08-2.53801E-07 4.92269E-08-4.28013E-07-4.91636E-11 1.87479E-11
 -1       436-1.75773E-10 2.73985E-11-3.63540E-11-6.06726E-07-4.19332E-08-8.47435E-11
 -1       437 7.37062E-12-7.17087E-11 3.22077E-11-6.06868E-07 4.18286E-08-2.56287E-11
 -1       438-1.87147E-08 2.53717E-07-4.92415E-08-4.27927E-07-2.04670E-10 2.68649E-11
 -1       439-4.87356E-11-1.25964E-10 2.45851E-10-8.30112E-07 1.29522E-09-9.29811E-11
 -1       440 8.13504E-11-2.70389E-10-2.32465E-11-7.69034E-07 4.36710E-10 6.21813E-13
 -1       441 2.32171E-09-8.29164E-10-8.28118E-10-7.67122E-07-1.08396E-10-5.35475E-11
 -1       442 4.00201E-09-1.23771E-09-1.12165E-09-7.67657E-07-4.52525E-11-2.07239E-10
 -1       443 7.12236E-09-1.94501E-09-1.81433E-09-7.67893E-07-1.00309E-10-4.02334E-10
 -1       444 9.86291E-09-2.86874E-09-2.83199E-09-7.67760E-07 1.81622E-10-5.15477E-10
 -1       445 1.31090E-08-3.88637E-09-3.47442E-09-7.67728E-07-2.92659E-11-4.04541E-10
 -1       446 1.80592E-08-5.08141E-09-5.16538E-09-7.67681E-07-1.35806E-11-6.56532E-10
 -1       447 2.14505E-08-6.15873E-09-6.23395E-09-7.67754E-07 9.15239E-11-4.69447E-10
 -1       448 2.75354E-08-7.76333E-09-7.65594E-09-7.67725E-07-6.93472E-11-6.69252E-10
 -1       449 3.25012E-08-9.22027E-09-8.89774E-09-7.67825E-07 6.02545E-11-6.69253E-10
 -1       450 3.85797E-08-1.07403E-08-1.08772E-08-7.67687E-07 3.78575E-11-8.58620E-10
 -1       451 4.45202E-08-1.25198E-08-1.25681E-08-7.67817E-07-1.38494E-10-8.39126E-10
 -1       452 5.11063E-08-1.43311E-08-1.41947E-08-7.67816E-07 8.99338E-11-9.14978E-10
 -1       453 5.77461E-08-1.63361E-08-1.61389E-08-7.67569E-07 5.91366E-11-9.05872E-10
 -1       454 6.43130E-08-1.81438E-08-1.81044E-08-7.67757E-07-2.28600E-11-8.96361E-10
 -1       455 7.15818E-08-1.99815E-08-2.00878E-08-7.67766E-07-1.13378E-11-9.23262E-10
 -1       456 7.91871E-08-2.21119E-08-2.21523E-08-7.67992E-07-2.33833E-11-9.94869E-10
 -1       457 8.63471E-08-2.43139E-08-2.41485E-08-7.67915E-07-5.39066E-11-9.83727E-10
 -1       458 9.43355E-08-2.63580E-08-2.63368E-08-7.67996E-07 1.14316E-10-1.18546E-09
 -1       459 1.01908E-07-2.85033E-08-2.85431E-08-7.67793E-07 1.54794E-11-1.24119E-09
 -1       460 1.09244E-07-3.07473E-08-3.06160E-08-7.67697E-07-5.32306E-11-8.91372E-10
 -1       461 1.17467E-07-3.28905E-08-3.29989E-08-7.68000E-07-2.00488E-12-9.43737E-10
 -1       462 1.25085E-07-3.50255E-08-3.50005E-08-7.67863E-07-3.81029E-11-9.92103E-10
 -1       463 1.33389E-07-3.74003E-08-3.72317E-08-7.68054E-07 4.37691E-11-1.27647E-09
 -1       464 1.41304E-07-3.94484E-08-3.95438E-08-7.68004E-07 2.56144E-12-1.19067E-09
 -1       465 1.49315E-07-4.18602E-08-4.17630E-08-7.67703E-07 5.60751E-11-1.34162E-09
 -1       466 1.56926E-07-4.39643E-08-4.40219E-08-7.67710E-07-2.40072E-10-1.08804E-09
 -1       467 1.64909E-07-4.61592E-08-4.62934E-08-7.68112E-07 8.36003E-10-1.03155E-09
 -1       468 1.72937E-07-4.84133E-08-4.82814E-08-7.66125E-07-3.58569E-09-9.93607E-10
 -1       469 1.80918E-07-5.01534E-08-5.15964E-08-7.75417E-07 1.55625E-08-1.30339E-09
 -1       470 1.87670E-07-5.17592E-08-5.10071E-08-8.16412E-07-7.73881E-08-3.28240E-10
 -1       471 2.02913E-07-3.66361E-08-6.80777E-08-1.09006E-06 5.75495E-08 6.92982E-09
 -1       472 3.35558E-07-9.87140E-08-1.05726E-07-4.69292E-07 2.45368E-10 2.67856E-09
 -1       473-3.11184E-11-8.88430E-11 5.25511E-11-7.35246E-07 1.27999E-08-7.73399E-11
 -1       474 7.43211E-07-2.07041E-07-2.08631E-07-4.69864E-07 3.25091E-10 1.95785E-09
 -1       475 6.55219E-11-1.66577E-10 8.63139E-11-7.41345E-07 8.79463E-10 3.65418E-12
 -1       476 1.12337E-06-3.14458E-07-3.14689E-07-4.70124E-07 4.95053E-11 1.69411E-09
 -1       477 1.17691E-09-4.78998E-10-3.84905E-10-7.31294E-07 3.30230E-10 9.48825E-11
 -1       478 1.49790E-06-4.19484E-07-4.19289E-07-4.70334E-07 2.00319E-10 1.38465E-09
 -1       479 3.16466E-09-9.81405E-10-8.85649E-10-7.31348E-07-2.18273E-11-2.44467E-11
 -1       480 1.87485E-06-5.24880E-07-5.24951E-07-4.70362E-07-1.89649E-11 1.22870E-09
 -1       481 5.58149E-09-1.60408E-09-1.30724E-09-7.31482E-07-7.60707E-11-5.85051E-11
 -1       482 2.25057E-06-6.30225E-07-6.30164E-07-4.70413E-07 9.02383E-11 1.31003E-09
 -1       483 8.36426E-09-2.45888E-09-2.21929E-09-7.31745E-07 1.29352E-11-2.85530E-10
 -1       484 2.62790E-06-7.35911E-07-7.35809E-07-4.70103E-07 2.48132E-11 1.06185E-09
 -1       485 1.14706E-08-3.28338E-09-3.09635E-09-7.31455E-07-1.23606E-11-3.17241E-10
 -1       486 3.00565E-06-8.41800E-07-8.41593E-07-4.70070E-07-1.12777E-10 1.09668E-09
 -1       487 1.56558E-08-4.44626E-09-4.39775E-09-7.31491E-07-4.19752E-11-1.53036E-10
 -1       488 3.38337E-06-9.47488E-07-9.47463E-07-4.70073E-07 8.55001E-11 1.19919E-09
 -1       489 1.96772E-08-5.53470E-09-5.60973E-09-7.31500E-07 2.05018E-12-3.35802E-10
 -1       490 3.76241E-06-1.05341E-06-1.05346E-06-4.70071E-07 1.42836E-11 1.12840E-09
 -1       491 2.47034E-08-6.96677E-09-6.90738E-09-7.31400E-07 2.17370E-11-2.61656E-10
 -1       492 4.14076E-06-1.15960E-06-1.15943E-06-4.70185E-07 8.40781E-11 1.19646E-09
 -1       493 2.99065E-08-8.53000E-09-8.31345E-09-7.31581E-07 2.03607E-11-2.40750E-10
 -1       494 4.52075E-06-1.26580E-06-1.26564E-06-4.69963E-07 7.69460E-11 8.37943E-10
 -1       495 3.55875E-08-9.90739E-09-9.85681E-09-7.31473E-07 7.59593E-11-3.00203E-10
 -1       496 4.89959E-06-1.37191E-06-1.37212E-06-4.69934E-07 3.09579E-11 1.02760E-09
 -1       497 4.14116E-08-1.16036E-08-1.16566E-08-7.31521E-07 1.81333E-11-4.82929E-10
 -1       498 5.28017E-06-1.47845E-06-1.47845E-06-4.70071E-07 3.43873E-11 9.06319E-10
 -1       499 4.79442E-08-1.34483E-08-1.32790E-08-7.31658E-07 4.82411E-12-3.73867E-10
 -1       500 5.65993E-06-1.58484E-06-1.58483E-06-4.69888E-07-5.20702E-11 9.25024E-10
 -1       501 5.43315E-08-1.52768E-08-1.50072E-08-7.31437E-07 7.00404E-11-4.71777E-10
 -1       502 6.04034E-06-1.69124E-06-1.69128E-06-4.70063E-07 7.66599E-11 8.83976E-10
 -1       503 6.09901E-08-1.72579E-08-1.71068E-08-7.31423E-07-1.63145E-11-4.55974E-10
 -1       504 6.42108E-06-1.79791E-06-1.79786E-06-4.69936E-07 1.64040E-11 8.15529E-10
 -1       505 6.80536E-08-1.90419E-08-1.91075E-08-7.31538E-07-4.32169E-11-4.48493E-10
 -1       506 6.80175E-06-1.90457E-06-1.90452E-06-4.70032E-07-3.47282E-11 9.07240E-10
 -1       507 7.54377E-08-2.10299E-08-2.11286E-08-7.31638E-07-7.07589E-12-4.58598E-10
 -1       508 7.18277E-06-2.01121E-06-2.01109E-06-4.70100E-07-1.79993E-11 7.34984E-10
 -1       509 8.27209E-08-2.32245E-08-2.31698E-08-7.31682E-07-1.62296E-11-4.52065E-10
 -1       510 7.56368E-06-2.11780E-06-2.11794E-06-4.70048E-07 7.07846E-11 8.28237E-10
 -1       511 9.04045E-08-2.53388E-08-2.52392E-08-7.31804E-07 5.07263E-11-4.80317E-10
 -1       512 7.94518E-06-2.22468E-06-2.22460E-06-4.69718E-07 3.98482E-11 7.22699E-10
 -1       513 9.80528E-08-2.73722E-08-2.73410E-08-7.31595E-07 3.13879E-11-6.70274E-10
 -1       514 8.32626E-06-2.33143E-06-2.33137E-06-4.70002E-07-3.28975E-11 7.54232E-10
 -1       515 1.05520E-07-2.96496E-08-2.95885E-08-7.31481E-07-1.04765E-11-5.80486E-10
 -1       516 8.70737E-06-2.43805E-06-2.43804E-06-4.70210E-07 1.88859E-11 6.96855E-10
 -1       517 1.13455E-07-3.18381E-08-3.18416E-08-7.31669E-07-3.57339E-11-2.87780E-10
 -1       518 9.08894E-06-2.54485E-06-2.54491E-06-4.69979E-07 2.80248E-11 5.81680E-10
 -1       519 1.21194E-07-3.39328E-08-3.39011E-08-7.31677E-07-1.45369E-11-4.24556E-10
 -1       520 9.47001E-06-2.65167E-06-2.65164E-06-4.70082E-07-2.44496E-11 9.06653E-10
 -1       521 1.29392E-07-3.62335E-08-3.61560E-08-7.31758E-07 2.07913E-11-5.98431E-10
 -1       522 9.85189E-06-2.75842E-06-2.75852E-06-4.69981E-07-7.33362E-12 6.93862E-10
 -1       523 1.37237E-07-3.83593E-08-3.84348E-08-7.31753E-07 2.18857E-11-6.82939E-10
 -1       524 1.02332E-05-2.86528E-06-2.86530E-06-4.69882E-07 5.91836E-11 7.31188E-10
 -1       525 1.45339E-07-4.07091E-08-4.06589E-08-7.31644E-07 3.95642E-11-6.36592E-10
 -1       526 1.06143E-05-2.97217E-06-2.97193E-06-4.69832E-07-1.74360E-10 7.19586E-10
 -1       527 1.53033E-07-4.28988E-08-4.28314E-08-7.31562E-07-1.02887E-10-6.76933E-10
 -1       528 1.09973E-05-3.07931E-06-3.07956E-06-4.69751E-07 6.66081E-10 6.75358E-10
 -1       529 1.61018E-07-4.50798E-08-4.51074E-08-7.31271E-07 3.19418E-10-5.05447E-10
 -1       530 1.13710E-05-3.18348E-06-3.18297E-06-4.71637E-07-2.73119E-09 3.11371E-10
 -1       531 1.68911E-07-4.72743E-08-4.73736E-08-7.33010E-07-1.40391E-09-4.83164E-10
 -1       532 1.17919E-05-3.30088E-06-3.30440E-06-4.62380E-07 1.01794E-08 6.75660E-09
 -1       533 1.77161E-07-4.93118E-08-4.99105E-08-7.23968E-07 5.70684E-09-4.74666E-10
 -1       534 1.20523E-05-3.38694E-06-3.34713E-06-4.99881E-07-4.28368E-08-1.07936E-09
 -1       535 1.84797E-07-5.12650E-08-5.11444E-08-7.77578E-07-2.23765E-08-8.24687E-10
 -1       536 1.23960E-05-3.24603E-06-3.61857E-06-8.27914E-08 1.14422E-07 6.64553E-07
 -1       537 1.88960E-07-4.58569E-08-6.07480E-08-5.17509E-07 3.39726E-09 1.49485E-09
 -1       538 1.91464E-07-2.97035E-08-5.05816E-08 7.51802E-07-4.73293E-07-1.47040E-08
 -1       539-3.35787E-07 9.87667E-08 1.05867E-07-4.69307E-07 2.77356E-10-2.79938E-09
 -1       540-7.42523E-07 2.06730E-07 2.08098E-07-4.70013E-07 2.64536E-10-1.98543E-09
 -1       541-1.11921E-06 3.13131E-07 3.13548E-07-4.70440E-07-1.97094E-11-1.80351E-09
 -1       542-1.48975E-06 4.17157E-07 4.17204E-07-4.70610E-07 9.28325E-11-1.64650E-09
 -1       543-1.86102E-06 5.21055E-07 5.21043E-07-4.70844E-07-1.21290E-10-1.83396E-09
 -1       544-2.23093E-06 6.24711E-07 6.24630E-07-4.70806E-07 4.39320E-12-1.85442E-09
 -1       545-2.60124E-06 7.28270E-07 7.28481E-07-4.70753E-07 3.19844E-11-1.92388E-09
 -1       546-2.97009E-06 8.31761E-07 8.31641E-07-4.70647E-07-7.42698E-11-1.95284E-09
 -1       547-3.33975E-06 9.35236E-07 9.34902E-07-4.70874E-07-3.20665E-11-2.08278E-09
 -1       548-3.70752E-06 1.03814E-06 1.03834E-06-4.70927E-07 1.71123E-10-2.24760E-09
 -1       549-4.07612E-06 1.14116E-06 1.14130E-06-4.70837E-07 4.08151E-13-2.05673E-09
 -1       550-4.44328E-06 1.24422E-06 1.24420E-06-4.70750E-07-6.64534E-11-2.27230E-09
 -1       551-4.81079E-06 1.34697E-06 1.34699E-06-4.70965E-07-1.57599E-10-2.34875E-09
 -1       552-5.17787E-06 1.44982E-06 1.44976E-06-4.71006E-07 6.77630E-11-2.28816E-09
 -1       553-5.54485E-06 1.55234E-06 1.55257E-06-4.71052E-07 5.16320E-11-2.25541E-09
 -1       554-5.91127E-06 1.65518E-06 1.65514E-06-4.70934E-07-4.94146E-12-2.30331E-09
 -1       555-6.27788E-06 1.75785E-06 1.75778E-06-4.71021E-07-5.83921E-11-2.41781E-09
 -1       556-6.64358E-06 1.86032E-06 1.86021E-06-4.71236E-07-1.91680E-11-2.34233E-09
 -1       557-7.00992E-06 1.96280E-06 1.96274E-06-4.71229E-07-3.56216E-11-2.21279E-09
 -1       558-7.37542E-06 2.06508E-06 2.06520E-06-4.71265E-07 7.72879E-12-2.42101E-09
 -1       559-7.74116E-06 2.16745E-06 2.16759E-06-4.71070E-07 6.01638E-11-2.46762E-09
 -1       560-8.10730E-06 2.26997E-06 2.26997E-06-4.70975E-07 6.39787E-13-2.41665E-09
 -1       561-8.47273E-06 2.37248E-06 2.37238E-06-4.71146E-07-1.23132E-11-2.45082E-09
 -1       562-8.83847E-06 2.47477E-06 2.47472E-06-4.71250E-07-3.75777E-11-2.45073E-09
 -1       563-9.20393E-06 2.57709E-06 2.57711E-06-4.71305E-07 2.65137E-12-2.32182E-09
 -1       564-9.56917E-06 2.67932E-06 2.67945E-06-4.71327E-07 2.40532E-11-2.44227E-09
 -1       565-9.93464E-06 2.78171E-06 2.78177E-06-4.71097E-07 6.29719E-11-2.43161E-09
 -1       566-1.03002E-05 2.88400E-06 2.88392E-06-4.71134E-07-2.34148E-10-2.49709E-09
 -1       567-1.06669E-05 2.98699E-06 2.98695E-06-4.70809E-07 6.65036E-10-2.51486E-09
 -1       568-1.10255E-05 3.08682E-06 3.08640E-06-4.72808E-07-2.59886E-09-1.92649E-09
 -1       569-1.14297E-05 3.19998E-06 3.20194E-06-4.63656E-07 1.00252E-08-8.73553E-09
 -1       570-1.16741E-05 3.28412E-06 3.24523E-06-4.99613E-07-4.21542E-08 1.05500E-09
 -1       571-1.19945E-05 3.15242E-06 3.49114E-06-7.80240E-08 1.12124E-07-6.61341E-07
 -1       572 1.16570E-09 1.09232E-14 1.26361E-14 1.58734E-06-1.24691E-16 5.20236E-09
 -1       573 9.62699E-06-1.23335E-10-1.14223E-10-7.41215E-07-8.48502E-14 1.45076E-08
 -1       574 8.19761E-08-7.31810E-13-1.13166E-12 2.28460E-06-4.63193E-12-1.08544E-08
 -1       575-7.95952E-08 7.07818E-13 1.10440E-12 2.28471E-06 4.63279E-12-1.04253E-08
 -1       576-9.62472E-06 1.23311E-10 1.14195E-10-7.40730E-07 8.53355E-14 1.42982E-08
 -1       577 2.62113E-05-7.99166E-06-6.25627E-06 5.06581E-07-2.61782E-09 2.20783E-09
 -1       578 2.38309E-05-6.41890E-06-6.83237E-06 3.83408E-10-1.28587E-09-4.47233E-09
 -1       579 2.31446E-05-6.55366E-06-6.45740E-06-1.28339E-07-1.54642E-10-5.71550E-09
 -1       580 2.24105E-05-6.25879E-06-6.28018E-06-1.06268E-07-5.50373E-11-6.38216E-09
 -1       581 2.16612E-05-6.06882E-06-6.06397E-06-1.09660E-07 1.32818E-11-6.36853E-09
 -1       582 2.09149E-05-5.85526E-06-5.85637E-06-1.08899E-07 3.07713E-11-6.49515E-09
 -1       583 2.01687E-05-5.64730E-06-5.64713E-06-1.08688E-07-7.26194E-11-6.68715E-09
 -1       584 1.94206E-05-5.43774E-06-5.43771E-06-1.08862E-07-7.33848E-11-6.39979E-09
 -1       585 1.86744E-05-5.22887E-06-5.22904E-06-1.08668E-07 6.04349E-11-6.30583E-09
 -1       586 1.79262E-05-5.01960E-06-5.01934E-06-1.09242E-07 5.30256E-12-6.50528E-09
 -1       587 1.71807E-05-4.81046E-06-4.81063E-06-1.09127E-07-3.56119E-11-6.16705E-09
 -1       588 1.64335E-05-4.60129E-06-4.60125E-06-1.08954E-07 1.05684E-10-6.44742E-09
 -1       589 1.56863E-05-4.39209E-06-4.39216E-06-1.08800E-07-6.59405E-11-6.42005E-09
 -1       590 1.49397E-05-4.18319E-06-4.18301E-06-1.08998E-07-2.24913E-10-6.03343E-09
 -1       591 1.41928E-05-3.97400E-06-3.97413E-06-1.08927E-07 9.00554E-11-5.99742E-09
 -1       592 1.34454E-05-3.76469E-06-3.76475E-06-1.08709E-07-3.72944E-11-5.79252E-09
 -1       593 1.26987E-05-3.55567E-06-3.55554E-06-1.08929E-07 5.27201E-11-5.95184E-09
 -1       594 1.19519E-05-3.34651E-06-3.34646E-06-1.08941E-07 3.26239E-11-5.69942E-09
 -1       595 1.12045E-05-3.13732E-06-3.13718E-06-1.08894E-07-1.75238E-10-5.59365E-09
 -1       596 1.04584E-05-2.92837E-06-2.92830E-06-1.08885E-07 5.37637E-11-5.20038E-09
 -1       597 9.71059E-06-2.71902E-06-2.71909E-06-1.08869E-07-3.21853E-10-5.05314E-09
 -1       598 8.96426E-06-2.50977E-06-2.51012E-06-1.08796E-07-7.58956E-11-4.85486E-09
 -1       599 8.21701E-06-2.30061E-06-2.30070E-06-1.08693E-07 1.02104E-10-4.34086E-09
 -1       600 7.47000E-06-2.09158E-06-2.09136E-06-1.08745E-07-9.86243E-11-4.19214E-09
 -1       601 6.72287E-06-1.88257E-06-1.88260E-06-1.09069E-07 9.96106E-11-3.96982E-09
 -1       602 5.97603E-06-1.67340E-06-1.67333E-06-1.08919E-07-3.08587E-10-3.80625E-09
 -1       603 5.22832E-06-1.46389E-06-1.46374E-06-1.09084E-07-8.04170E-12-3.05535E-09
 -1       604 4.48325E-06-1.25506E-06-1.25567E-06-1.08826E-07-9.97590E-11-2.57313E-09
 -1       605 3.73454E-06-1.04575E-06-1.04529E-06-1.08852E-07-3.26925E-10-1.85825E-09
 -1       606 2.98865E-06-8.36648E-07-8.36839E-07-1.08657E-07 5.31987E-11-1.65185E-09
 -1       607 2.24021E-06-6.27389E-07-6.26894E-07-1.09452E-07 9.75725E-12-1.56447E-09
 -1       608 1.49919E-06-4.17252E-07-4.21458E-07-1.07434E-07-2.45474E-10-1.21453E-09
 -1       609 7.71770E-07-2.13987E-07-2.13763E-07-5.70493E-08-1.59741E-10-2.88851E-10
 -1       610 2.55353E-05-7.76320E-06-6.68480E-06 2.74344E-07 1.00392E-07 3.67058E-07
 -1       611 2.38840E-05-5.53487E-06-5.61897E-06-2.19875E-06-7.38348E-09 1.55646E-08
 -1       612 2.39736E-05-6.46704E-06-6.72673E-06 3.18354E-08-8.45639E-09 5.04828E-08
 -1       613 2.41476E-05-7.26881E-06-6.64953E-06 1.52249E-07-2.44948E-09 1.57372E-09
 -1       614 2.32379E-05-6.57070E-06-6.50553E-06-1.30541E-07 4.12317E-09 1.47992E-08
 -1       615 2.35374E-05-6.48242E-06-6.64410E-06-9.14027E-08-6.79820E-10-4.71164E-09
 -1       616 2.24958E-05-6.28499E-06-6.30014E-06-1.06203E-07-1.36872E-09 9.99251E-09
 -1       617 2.27882E-05-6.40360E-06-6.36826E-06-6.82928E-08-1.05273E-10-5.38969E-09
 -1       618 2.17448E-05-6.09156E-06-6.08814E-06-1.10625E-07 3.38780E-10 1.14079E-08
 -1       619 2.20348E-05-6.16464E-06-6.17258E-06-7.38795E-08 9.88226E-12-5.79881E-09
 -1       620 2.09934E-05-5.87764E-06-5.87815E-06-1.09405E-07-7.54210E-11 1.09213E-08
 -1       621 2.12895E-05-5.96227E-06-5.96031E-06-7.25290E-08-6.28352E-12-5.84950E-09
 -1       622 2.02431E-05-5.66812E-06-5.66811E-06-1.09793E-07-6.35384E-12 1.07122E-08
 -1       623 2.05425E-05-5.75156E-06-5.75209E-06-7.27549E-08 1.90580E-11-6.03745E-09
 -1       624 1.94918E-05-5.45766E-06-5.45761E-06-1.09606E-07-6.56929E-11 1.08541E-08
 -1       625 1.97955E-05-5.54270E-06-5.54264E-06-7.24618E-08-1.11785E-10-6.01052E-09
 -1       626 1.87409E-05-5.24744E-06-5.24761E-06-1.09637E-07 1.38909E-11 1.11174E-08
 -1       627 1.90485E-05-5.33357E-06-5.33364E-06-7.25712E-08 4.52608E-11-5.78222E-09
 -1       628 1.79898E-05-5.03723E-06-5.03719E-06-1.09726E-07 5.42108E-11 1.10915E-08
 -1       629 1.83009E-05-5.12445E-06-5.12441E-06-7.26613E-08-3.46940E-12-5.89243E-09
 -1       630 1.72391E-05-4.82689E-06-4.82698E-06-1.09799E-07-5.92121E-11 1.11897E-08
 -1       631 1.75546E-05-4.91529E-06-4.91521E-06-7.30359E-08 1.39481E-11-5.75189E-09
 -1       632 1.64885E-05-4.61671E-06-4.61657E-06-1.09741E-07 5.67827E-11 1.09081E-08
 -1       633 1.68078E-05-4.70602E-06-4.70616E-06-7.28153E-08 5.71973E-11-5.71037E-09
 -1       634 1.57376E-05-4.40657E-06-4.40643E-06-1.09542E-07-7.21699E-11 1.09208E-08
 -1       635 1.60607E-05-4.49694E-06-4.49687E-06-7.25931E-08 9.44064E-12-5.87675E-09
 -1       636 1.49866E-05-4.19627E-06-4.19638E-06-1.09690E-07-5.06265E-11 1.14294E-08
 -1       637 1.53136E-05-4.28791E-06-4.28784E-06-7.27162E-08-1.09485E-10-5.68499E-09
 -1       638 1.42361E-05-3.98608E-06-3.98611E-06-1.09691E-07 3.96838E-11 1.11916E-08
 -1       639 1.45669E-05-4.07877E-06-4.07874E-06-7.27280E-08-8.87629E-11-5.40054E-09
 -1       640 1.34850E-05-3.77587E-06-3.77571E-06-1.09565E-07-4.63170E-11 1.13803E-08
 -1       641 1.38199E-05-3.86952E-06-3.86957E-06-7.26486E-08 2.47572E-11-5.42152E-09
 -1       642 1.27348E-05-3.56577E-06-3.56578E-06-1.09581E-07 4.57044E-11 1.12774E-08
 -1       643 1.30726E-05-3.66027E-06-3.66031E-06-7.26119E-08 2.98612E-11-5.42144E-09
 -1       644 1.19842E-05-3.35554E-06-3.35570E-06-1.09719E-07 6.88761E-12 1.14622E-08
 -1       645 1.23257E-05-3.45127E-06-3.45123E-06-7.26556E-08 8.96421E-11-5.24921E-09
 -1       646 1.12335E-05-3.14536E-06-3.14529E-06-1.09692E-07-1.40851E-10 1.15955E-08
 -1       647 1.15788E-05-3.24206E-06-3.24204E-06-7.27009E-08-5.80085E-11-5.16623E-09
 -1       648 1.04841E-05-2.93543E-06-2.93545E-06-1.09733E-07 2.32979E-11 1.17777E-08
 -1       649 1.08320E-05-3.03297E-06-3.03290E-06-7.26786E-08-6.82247E-11-4.82187E-09
 -1       650 9.73274E-06-2.72534E-06-2.72520E-06-1.09528E-07-7.19711E-11 1.20161E-08
 -1       651 1.00849E-05-2.82381E-06-2.82374E-06-7.26521E-08-1.27107E-10-4.79211E-09
 -1       652 8.98371E-06-2.51538E-06-2.51543E-06-1.09610E-07-1.29055E-10 1.18294E-08
 -1       653 9.33786E-06-2.61453E-06-2.61468E-06-7.26780E-08-1.56301E-10-4.47769E-09
 -1       654 8.23317E-06-2.30520E-06-2.30530E-06-1.09587E-07 5.57388E-11 1.24733E-08
 -1       655 8.59093E-06-2.40525E-06-2.40560E-06-7.24837E-08 6.74050E-12-4.11096E-09
 -1       656 7.48379E-06-2.09539E-06-2.09532E-06-1.09627E-07-8.07175E-12 1.23062E-08
 -1       657 7.84396E-06-2.19612E-06-2.19607E-06-7.25067E-08 4.16208E-11-3.96434E-09
 -1       658 6.73421E-06-1.88558E-06-1.88570E-06-1.09665E-07 3.10495E-11 1.26175E-08
 -1       659 7.09670E-06-1.98710E-06-1.98702E-06-7.26099E-08 1.00225E-11-3.71033E-09
 -1       660 5.98482E-06-1.67590E-06-1.67562E-06-1.09796E-07-2.63633E-10 1.26745E-08
 -1       661 6.34975E-06-1.77816E-06-1.77808E-06-7.27377E-08-4.92736E-11-3.62192E-09
 -1       662 5.23565E-06-1.46600E-06-1.46598E-06-1.09697E-07-9.82591E-11 1.31164E-08
 -1       663 5.60249E-06-1.56880E-06-1.56860E-06-7.27091E-08-1.96936E-10-2.97837E-09
 -1       664 4.48735E-06-1.25630E-06-1.25672E-06-1.09941E-07-1.08040E-10 1.34421E-08
 -1       665 4.85605E-06-1.35956E-06-1.35985E-06-7.29627E-08-3.60829E-11-2.67206E-09
 -1       666 3.73875E-06-1.04681E-06-1.04660E-06-1.09828E-07-1.05154E-10 1.37759E-08
 -1       667 4.10898E-06-1.15044E-06-1.15046E-06-7.25466E-08-2.02974E-10-2.10169E-09
 -1       668 2.99029E-06-8.37296E-07-8.37250E-07-1.09613E-07 1.63915E-10 1.38580E-08
 -1       669 3.36193E-06-9.41128E-07-9.41146E-07-7.26007E-08-7.90774E-11-1.52278E-09
 -1       670 2.24197E-06-6.27575E-07-6.27680E-07-1.10186E-07 2.16659E-10 1.41874E-08
 -1       671 2.61423E-06-7.32019E-07-7.31849E-07-7.26225E-08 1.14174E-10-1.46872E-09
 -1       672 1.49948E-06-4.17378E-07-4.19948E-07-1.08516E-07-3.22902E-10 1.33804E-08
 -1       673 1.86751E-06-5.22969E-07-5.23993E-07-7.27492E-08-1.16179E-10-1.25215E-09
 -1       674 7.69907E-07-2.10515E-07-2.17821E-07-5.69786E-08 8.06412E-10 5.54185E-09
 -1       675 1.13404E-06-3.12728E-07-3.17701E-07-6.57329E-08-2.17037E-10-6.67952E-10
 -1       676 4.72186E-07-1.34863E-07-1.25226E-07-9.34422E-08-1.16551E-10-1.15332E-10
 -1       677 2.53393E-05-7.70541E-06-6.63456E-06 2.69915E-07-1.02172E-07-3.55728E-07
 -1       678 2.37903E-05-6.41631E-06-6.67545E-06 3.07070E-08 6.87917E-09-5.56043E-08
 -1       679 2.30583E-05-6.52021E-06-6.45508E-06-1.31145E-07-4.25080E-09-2.18379E-08
 -1       680 2.23245E-05-6.23710E-06-6.25213E-06-1.06894E-07 1.33725E-09-1.79030E-08
 -1       681 2.15809E-05-6.04570E-06-6.04225E-06-1.10967E-07-3.54101E-10-1.95053E-08
 -1       682 2.08378E-05-5.83383E-06-5.83466E-06-1.10010E-07 1.32817E-10-1.91855E-08
 -1       683 2.00955E-05-5.62672E-06-5.62669E-06-1.09986E-07-5.98742E-11-1.93657E-08
 -1       684 1.93518E-05-5.41856E-06-5.41840E-06-1.09948E-07-6.04414E-11-1.91603E-08
 -1       685 1.86091E-05-5.21055E-06-5.21077E-06-1.09850E-07 5.28972E-11-1.90130E-08
 -1       686 1.78653E-05-5.00245E-06-5.00227E-06-1.10285E-07-5.54160E-12-1.93444E-08
 -1       687 1.71232E-05-4.79441E-06-4.79446E-06-1.10168E-07-1.87764E-11-1.90118E-08
 -1       688 1.63798E-05-4.58631E-06-4.58637E-06-1.10212E-07 7.54602E-11-1.91205E-08
 -1       689 1.56368E-05-4.37825E-06-4.37832E-06-1.10110E-07-3.84033E-11-1.90667E-08
 -1       690 1.48941E-05-4.17031E-06-4.17025E-06-1.10102E-07-1.27898E-10-1.90345E-08
 -1       691 1.41504E-05-3.96213E-06-3.96216E-06-1.10147E-07 6.24799E-11-1.89586E-08
 -1       692 1.34074E-05-3.75404E-06-3.75404E-06-1.09861E-07-2.65498E-11-1.87252E-08
 -1       693 1.26636E-05-3.54591E-06-3.54573E-06-1.10123E-07-1.33056E-11-1.87150E-08
 -1       694 1.19205E-05-3.33768E-06-3.33772E-06-1.10131E-07 1.87656E-11-1.86368E-08
 -1       695 1.11769E-05-3.12950E-06-3.12952E-06-1.10069E-07-1.22705E-10-1.86916E-08
 -1       696 1.04336E-05-2.92151E-06-2.92141E-06-1.09996E-07 1.64432E-13-1.85639E-08
 -1       697 9.68902E-06-2.71308E-06-2.71298E-06-1.10116E-07-1.49841E-10-1.82128E-08
 -1       698 8.94586E-06-2.50461E-06-2.50476E-06-1.09865E-07 1.28812E-11-1.82573E-08
 -1       699 8.20116E-06-2.29631E-06-2.29640E-06-1.09840E-07-4.66924E-11-1.78415E-08
 -1       700 7.45713E-06-2.08807E-06-2.08781E-06-1.09869E-07-3.10426E-11-1.77338E-08
 -1       701 6.71221E-06-1.87950E-06-1.87966E-06-1.10033E-07 3.89608E-11-1.74900E-08
 -1       702 5.96754E-06-1.67084E-06-1.67097E-06-1.10227E-07-1.04261E-10-1.74671E-08
 -1       703 5.22253E-06-1.46241E-06-1.46201E-06-1.10071E-07 3.46892E-11-1.71931E-08
 -1       704 4.47779E-06-1.25380E-06-1.25387E-06-1.09937E-07-1.49831E-10-1.66364E-08
 -1       705 3.73213E-06-1.04494E-06-1.04498E-06-1.09865E-07-2.83794E-10-1.63101E-08
 -1       706 2.98629E-06-8.36179E-07-8.36109E-07-1.09729E-07-1.17923E-10-1.61377E-08
 -1       707 2.23952E-06-6.26914E-07-6.26903E-07-1.10488E-07-1.04145E-10-1.60237E-08
 -1       708 1.49898E-06-4.17283E-07-4.19880E-07-1.08745E-07 1.22599E-10-1.47354E-08
 -1       709 7.69604E-07-2.10645E-07-2.17444E-07-5.70421E-08-9.17969E-10-6.04425E-09
 -1       710-2.62082E-05 7.99062E-06 6.25581E-06 5.06260E-07 2.78722E-09 1.99439E-09
 -1       711-2.38285E-05 6.41819E-06 6.83193E-06 4.44939E-10 1.17546E-09-4.90350E-09
 -1       712-2.31414E-05 6.55285E-06 6.45649E-06-1.28685E-07 5.76703E-11-6.68774E-09
 -1       713-2.24084E-05 6.25821E-06 6.27927E-06-1.06259E-07 1.99011E-10-7.02831E-09
 -1       714-2.16588E-05 6.06793E-06 6.06355E-06-1.09446E-07 1.27785E-12-6.70991E-09
 -1       715-2.09123E-05 5.85453E-06 5.85578E-06-1.08535E-07 9.47968E-12-6.73023E-09
 -1       716-2.01646E-05 5.64644E-06 5.64604E-06-1.09066E-07 6.92628E-11-6.92388E-09
 -1       717-1.94182E-05 5.43724E-06 5.43704E-06-1.09282E-07-1.17555E-10-6.98350E-09
 -1       718-1.86715E-05 5.22795E-06 5.22806E-06-1.09402E-07-1.67798E-11-6.81533E-09
 -1       719-1.79257E-05 5.01889E-06 5.01922E-06-1.08825E-07-3.43322E-12-6.95820E-09
 -1       720-1.71778E-05 4.80979E-06 4.80966E-06-1.08543E-07 4.50873E-11-6.86052E-09
 -1       721-1.64308E-05 4.60073E-06 4.60066E-06-1.08778E-07 1.92219E-10-6.58233E-09
 -1       722-1.56836E-05 4.39150E-06 4.39148E-06-1.09209E-07-1.28505E-10-6.45169E-09
 -1       723-1.49372E-05 4.18239E-06 4.18264E-06-1.09151E-07-2.34576E-11-6.64836E-09
 -1       724-1.41906E-05 3.97335E-06 3.97328E-06-1.09297E-07 1.93292E-10-6.58677E-09
 -1       725-1.34440E-05 3.76433E-06 3.76397E-06-1.09013E-07-8.64510E-11-6.32350E-09
 -1       726-1.26969E-05 3.55508E-06 3.55505E-06-1.08722E-07 6.85159E-11-6.26745E-09
 -1       727-1.19496E-05 3.34592E-06 3.34625E-06-1.09107E-07 1.19854E-10-5.77871E-09
 -1       728-1.12035E-05 3.13699E-06 3.13695E-06-1.08948E-07-8.88925E-11-5.74878E-09
 -1       729-1.04561E-05 2.92758E-06 2.92791E-06-1.08833E-07 1.38363E-10-5.60850E-09
 -1       730-9.70944E-06 2.71849E-06 2.71872E-06-1.08900E-07 9.87800E-12-5.33851E-09
 -1       731-8.96212E-06 2.50965E-06 2.50936E-06-1.09085E-07 1.33425E-10-5.10399E-09
 -1       732-8.21588E-06 2.30057E-06 2.30049E-06-1.08915E-07 1.92841E-10-4.78281E-09
 -1       733-7.46897E-06 2.09098E-06 2.09115E-06-1.08802E-07-1.82300E-11-4.51017E-09
 -1       734-6.72224E-06 1.88223E-06 1.88224E-06-1.08888E-07 3.25943E-10-3.98201E-09
 -1       735-5.97473E-06 1.67314E-06 1.67283E-06-1.09216E-07 1.56392E-10-3.39849E-09
 -1       736-5.22812E-06 1.46371E-06 1.46387E-06-1.08986E-07 3.98088E-11-3.13058E-09
 -1       737-4.48150E-06 1.25473E-06 1.25486E-06-1.08885E-07 1.48328E-10-3.01302E-09
 -1       738-3.73451E-06 1.04583E-06 1.04564E-06-1.09025E-07 2.54302E-10-2.55192E-09
 -1       739-2.98778E-06 8.36679E-07 8.36728E-07-1.09129E-07 1.08233E-10-1.95745E-09
 -1       740-2.24056E-06 6.27103E-07 6.27024E-07-1.09477E-07 1.75541E-10-1.37831E-09
 -1       741-1.49934E-06 4.17299E-07 4.21492E-07-1.07427E-07 2.32091E-10-7.41170E-10
 -1       742-7.71854E-07 2.13983E-07 2.13983E-07-5.70335E-08-2.52027E-11 7.20347E-11
 -1       743-2.38811E-05 5.53412E-06 5.61837E-06-2.19841E-06 7.43062E-09 1.50979E-08
 -1       744-2.53363E-05 7.70443E-06 6.63390E-06 2.69637E-07 1.02235E-07-3.55720E-07
 -1       745-2.41450E-05 7.26796E-06 6.64899E-06 1.52155E-07 2.49993E-09 1.32475E-09
 -1       746-2.37879E-05 6.41555E-06 6.67495E-06 3.07203E-08-7.07638E-09-5.59581E-08
 -1       747-2.35345E-05 6.48165E-06 6.64336E-06-9.15558E-08 6.27818E-10-5.41767E-09
 -1       748-2.30553E-05 6.51944E-06 6.45423E-06-1.31304E-07 4.18790E-09-2.27333E-08
 -1       749-2.27858E-05 6.40290E-06 6.36734E-06-6.84313E-08 7.27117E-11-6.34681E-09
 -1       750-2.23222E-05 6.23642E-06 6.25140E-06-1.06904E-07-1.13992E-09-1.83591E-08
 -1       751-2.20323E-05 6.16392E-06 6.17199E-06-7.38106E-08 1.01423E-10-6.26653E-09
 -1       752-2.15782E-05 6.04497E-06 6.04158E-06-1.10946E-07 2.94053E-10-1.97593E-08
 -1       753-2.12871E-05 5.96142E-06 5.95973E-06-7.22914E-08 2.20334E-11-6.12350E-09
 -1       754-2.08353E-05 5.83310E-06 5.83402E-06-1.09812E-07-1.54866E-10-1.90669E-08
 -1       755-2.05391E-05 5.75075E-06 5.75121E-06-7.26628E-08 8.33119E-12-6.28005E-09
 -1       756-2.00919E-05 5.62594E-06 5.62568E-06-1.10097E-07 9.30984E-11-1.95264E-08
 -1       757-1.97925E-05 5.54210E-06 5.54188E-06-7.29143E-08 5.01390E-12-6.33895E-09
 -1       758-1.93492E-05 5.41775E-06 5.41776E-06-1.10368E-07 2.72030E-12-1.97303E-08
 -1       759-1.90457E-05 5.33285E-06 5.33280E-06-7.31561E-08-7.81580E-11-6.34186E-09
 -1       760-1.86064E-05 5.20981E-06 5.20987E-06-1.10382E-07-6.30110E-11-1.95947E-08
 -1       761-1.82995E-05 5.12362E-06 5.12382E-06-7.29161E-08-1.42965E-11-6.38363E-09
 -1       762-1.78639E-05 5.00183E-06 5.00195E-06-1.10269E-07-5.34108E-11-1.93919E-08
 -1       763-1.75524E-05 4.91462E-06 4.91455E-06-7.24454E-08 1.88411E-11-6.30592E-09
 -1       764-1.71206E-05 4.79383E-06 4.79356E-06-1.10000E-07 4.29571E-11-1.91917E-08
 -1       765-1.68050E-05 4.70541E-06 4.70545E-06-7.24619E-08 1.24899E-10-6.15857E-09
 -1       766-1.63776E-05 4.58576E-06 4.58568E-06-1.10073E-07 1.41363E-10-1.91912E-08
 -1       767-1.60579E-05 4.49634E-06 4.49629E-06-7.26505E-08 4.39346E-11-5.90277E-09
 -1       768-1.56341E-05 4.37759E-06 4.37762E-06-1.10152E-07-2.92765E-11-1.94018E-08
 -1       769-1.53114E-05 4.28723E-06 4.28725E-06-7.30130E-08-1.33003E-10-6.06968E-09
 -1       770-1.48913E-05 4.16945E-06 4.16982E-06-1.10309E-07-4.48398E-11-1.94186E-08
 -1       771-1.45644E-05 4.07800E-06 4.07813E-06-7.31109E-08 6.11678E-11-6.16255E-09
 -1       772-1.41485E-05 3.96165E-06 3.96152E-06-1.10382E-07 1.09377E-10-1.93354E-08
 -1       773-1.38179E-05 3.86897E-06 3.86880E-06-7.28841E-08 8.70082E-11-5.77485E-09
 -1       774-1.34052E-05 3.75354E-06 3.75317E-06-1.10237E-07-1.75023E-11-1.90884E-08
 -1       775-1.30711E-05 3.65984E-06 3.65964E-06-7.26014E-08-4.04383E-11-5.78902E-09
 -1       776-1.26622E-05 3.54536E-06 3.54535E-06-1.10153E-07 1.56143E-11-1.88448E-08
 -1       777-1.23236E-05 3.45066E-06 3.45082E-06-7.26749E-08 1.13992E-10-5.54414E-09
 -1       778-1.19184E-05 3.33727E-06 3.33727E-06-1.10204E-07 9.48876E-11-1.88163E-08
 -1       779-1.15771E-05 3.24161E-06 3.24183E-06-7.28124E-08 4.72749E-11-5.23437E-09
 -1       780-1.11756E-05 3.12910E-06 3.12919E-06-1.10216E-07-1.86342E-11-1.87439E-08
 -1       781-1.08304E-05 3.03241E-06 3.03252E-06-7.26563E-08-7.73860E-11-5.27736E-09
 -1       782-1.04315E-05 2.92076E-06 2.92091E-06-1.10016E-07 3.69012E-12-1.85641E-08
 -1       783-1.00832E-05 2.82310E-06 2.82343E-06-7.26611E-08 4.67633E-11-4.96558E-09
 -1       784-9.68787E-06 2.71251E-06 2.71253E-06-1.10128E-07-4.29469E-11-1.85441E-08
 -1       785-9.33610E-06 2.61423E-06 2.61394E-06-7.26379E-08 5.00377E-11-4.80533E-09
 -1       786-8.94365E-06 2.50442E-06 2.50427E-06-1.10000E-07 1.46441E-10-1.84831E-08
 -1       787-8.58945E-06 2.40531E-06 2.40502E-06-7.27801E-08 1.14731E-10-4.55304E-09
 -1       788-8.20025E-06 2.29599E-06 2.29619E-06-1.10100E-07 1.48966E-10-1.80886E-08
 -1       789-7.84276E-06 2.19588E-06 2.19603E-06-7.26871E-08 9.04271E-11-4.23699E-09
 -1       790-7.45575E-06 2.08764E-06 2.08743E-06-1.10109E-07 4.61041E-12-1.80524E-08
 -1       791-7.09596E-06 1.98661E-06 1.98682E-06-7.26776E-08 1.22014E-10-3.93413E-09
 -1       792-6.71170E-06 1.87925E-06 1.87920E-06-1.10128E-07 1.84712E-10-1.75781E-08
 -1       793-6.34865E-06 1.77773E-06 1.77750E-06-7.27814E-08 2.00879E-10-3.32809E-09
 -1       794-5.96648E-06 1.67081E-06 1.67060E-06-1.09994E-07 1.91709E-10-1.72723E-08
 -1       795-5.60191E-06 1.56852E-06 1.56845E-06-7.27792E-08 7.29512E-11-3.02620E-09
 -1       796-5.22184E-06 1.46210E-06 1.46201E-06-1.10109E-07-1.27387E-11-1.70221E-08
 -1       797-4.85500E-06 1.35932E-06 1.35954E-06-7.27609E-08 2.55508E-11-2.83307E-09
 -1       798-4.47666E-06 1.25343E-06 1.25351E-06-1.09946E-07 9.49961E-11-1.69355E-08
 -1       799-4.10811E-06 1.15036E-06 1.15030E-06-7.27791E-08 1.82939E-10-2.52588E-09
 -1       800-3.73174E-06 1.04491E-06 1.04473E-06-1.10111E-07 1.55706E-10-1.66976E-08
 -1       801-3.36128E-06 9.41234E-07 9.41255E-07-7.28108E-08 1.04041E-10-2.09896E-09
 -1       802-2.98535E-06 8.36144E-07 8.35749E-07-1.10108E-07 1.56597E-10-1.63575E-08
 -1       803-2.61423E-06 7.31940E-07 7.31867E-07-7.29124E-08 2.55685E-11-1.45410E-09
 -1       804-2.24010E-06 6.26885E-07 6.27171E-07-1.10682E-07 3.33462E-10-1.58088E-08
 -1       805-1.86769E-06 5.22802E-07 5.24041E-07-7.28078E-08 1.55326E-10-9.34646E-10
 -1       806-1.49890E-06 4.17288E-07 4.19543E-07-1.08662E-07 1.08808E-10-1.42970E-08
 -1       807-1.13406E-06 3.12783E-07 3.17894E-07-6.55304E-08 1.22999E-10-1.76630E-10
 -1       808-7.69850E-07 2.10680E-07 2.17601E-07-5.68893E-08 7.64228E-10-5.76705E-09
 -1       809-4.72191E-07 1.34956E-07 1.25275E-07-9.33166E-08-5.02248E-12-1.06868E-11
 -1       810-2.55324E-05 7.76232E-06 6.68424E-06 2.73962E-07-1.00162E-07 3.66901E-07
 -1       811-2.39710E-05 6.46625E-06 6.72617E-06 3.17397E-08 8.37016E-09 5.00043E-08
 -1       812-2.32350E-05 6.56994E-06 6.50467E-06-1.30711E-07-4.14792E-09 1.41261E-08
 -1       813-2.24937E-05 6.28437E-06 6.29943E-06-1.06326E-07 1.40210E-09 9.36000E-09
 -1       814-2.17420E-05 6.09068E-06 6.08749E-06-1.10381E-07-2.45757E-10 1.11852E-08
 -1       815-2.09910E-05 5.87675E-06 5.87757E-06-1.09175E-07 6.02825E-11 1.06563E-08
 -1       816-2.02396E-05 5.66740E-06 5.66707E-06-1.09791E-07-2.13268E-11 1.06641E-08
 -1       817-1.94893E-05 5.45695E-06 5.45708E-06-1.09863E-07-4.71971E-11 1.07893E-08
 -1       818-1.87382E-05 5.24673E-06 5.24667E-06-1.09912E-07 1.20757E-11 1.08331E-08
 -1       819-1.79881E-05 5.03656E-06 5.03659E-06-1.09630E-07 6.75169E-11 1.05886E-08
 -1       820-1.72369E-05 4.82624E-06 4.82637E-06-1.09341E-07 2.04490E-11 1.06019E-08
 -1       821-1.64857E-05 4.61606E-06 4.61600E-06-1.09638E-07 5.96717E-11 1.08564E-08
 -1       822-1.57350E-05 4.40580E-06 4.40588E-06-1.09714E-07-8.16263E-11 1.10355E-08
 -1       823-1.49843E-05 4.19556E-06 4.19574E-06-1.09732E-07-3.01756E-11 1.09612E-08
 -1       824-1.42339E-05 3.98557E-06 3.98535E-06-1.09880E-07 1.19881E-10 1.10231E-08
 -1       825-1.34834E-05 3.77547E-06 3.77514E-06-1.09771E-07-8.17872E-11 1.09497E-08
 -1       826-1.27329E-05 3.56504E-06 3.56524E-06-1.09479E-07 3.30028E-11 1.10084E-08
 -1       827-1.19820E-05 3.35491E-06 3.35530E-06-1.09655E-07 1.66859E-10 1.13953E-08
 -1       828-1.12324E-05 3.14507E-06 3.14514E-06-1.09710E-07-3.90939E-11 1.14831E-08
 -1       829-1.04817E-05 2.93477E-06 2.93497E-06-1.09736E-07 8.39458E-11 1.14859E-08
 -1       830-9.73194E-06 2.72495E-06 2.72481E-06-1.09624E-07 7.02849E-11 1.18532E-08
 -1       831-8.98149E-06 2.51499E-06 2.51488E-06-1.09615E-07 6.00128E-11 1.17449E-08
 -1       832-8.23204E-06 2.30489E-06 2.30503E-06-1.09760E-07 1.38103E-10 1.20698E-08
 -1       833-7.48270E-06 2.09513E-06 2.09523E-06-1.09696E-07 4.47604E-11 1.21217E-08
 -1       834-6.73349E-06 1.88527E-06 1.88525E-06-1.09690E-07 6.75531E-11 1.26145E-08
 -1       835-5.98358E-06 1.67546E-06 1.67538E-06-1.09998E-07 4.38001E-11 1.28166E-08
 -1       836-5.23522E-06 1.46581E-06 1.46597E-06-1.09683E-07 1.56209E-10 1.30706E-08
 -1       837-4.48624E-06 1.25614E-06 1.25602E-06-1.09782E-07 7.73827E-11 1.32483E-08
 -1       838-3.73799E-06 1.04676E-06 1.04665E-06-1.09829E-07 1.34356E-10 1.34708E-08
 -1       839-2.98997E-06 8.37334E-07 8.37443E-07-1.09902E-07 3.64422E-11 1.39669E-08
 -1       840-2.24171E-06 6.27258E-07 6.27794E-07-1.10521E-07 9.00283E-11 1.41021E-08
 -1       841-1.50002E-06 4.17372E-07 4.19971E-07-1.08628E-07 2.49074E-10 1.35568E-08
 -1       842-7.69709E-07 2.10777E-07 2.17983E-07-5.70298E-08-5.85833E-10 5.66231E-09
 -1       843 1.60763E-09-2.35515E-10-4.86974E-10-1.34859E-06-5.11410E-11-1.40062E-08
 -1       844 1.11545E-09-4.11095E-10-3.39961E-10-7.59552E-07-9.00973E-12-6.64048E-09
 -1       845 1.81028E-09-3.70209E-10-6.46727E-10-6.93385E-07 2.00432E-11-4.79253E-09
 -1       846 7.59739E-10-4.03395E-10-9.66104E-11-6.99786E-07-4.44162E-11-4.70860E-09
 -1       847 1.34350E-09-3.63485E-10-3.69574E-10-7.00063E-07-7.67038E-12-4.65016E-09
 -1       848 1.18755E-09-3.87059E-10-4.17522E-10-7.00081E-07 8.94757E-12-4.66914E-09
 -1       849 2.11271E-09-3.20335E-10-6.87898E-10-7.00030E-07-4.65486E-12-4.68857E-09
 -1       850 1.12315E-09-4.13109E-10-2.77026E-11-7.00081E-07 2.48332E-11-4.72769E-09
 -1       851 1.42381E-09-3.55660E-10-4.06871E-10-7.00114E-07-1.21372E-11-4.56689E-09
 -1       852 7.68812E-10-3.46142E-10-3.05670E-10-6.99941E-07 1.55572E-11-4.69456E-09
 -1       853 1.19162E-09-3.07693E-10-3.56135E-10-7.00183E-07 9.04400E-12-4.59942E-09
 -1       854 1.19445E-09-3.18574E-10-4.37128E-10-7.00079E-07 1.76443E-12-4.51194E-09
 -1       855 1.31062E-09-3.50097E-10-3.52597E-10-7.00017E-07 4.45047E-11-4.47572E-09
 -1       856 1.08219E-09-2.48786E-10-2.90159E-10-7.00121E-07 1.09677E-12-4.43042E-09
 -1       857 1.45818E-09-2.87513E-10-4.11522E-10-7.00035E-07-6.99810E-11-4.44016E-09
 -1       858 7.28016E-10-3.65957E-10 9.38303E-12-7.00117E-07 3.18224E-11-4.26005E-09
 -1       859 8.66548E-10-2.29077E-10-2.89987E-10-7.00051E-07 8.80769E-11-4.14661E-09
 -1       860 9.83021E-10-1.49312E-10-4.18658E-10-6.99994E-07 3.16126E-12-4.14783E-09
 -1       861 7.47916E-10-3.10752E-10-1.58464E-10-6.99937E-07-1.89093E-11-3.95337E-09
 -1       862 9.88914E-10-1.16485E-10-4.36611E-10-7.00227E-07-5.12135E-11-3.71870E-09
 -1       863 6.46806E-10-1.76715E-10-1.79737E-10-7.00110E-07 7.38306E-11-3.62567E-09
 -1       864 8.40952E-10-3.52622E-10-8.46081E-11-6.99967E-07 1.37662E-11-3.41495E-09
 -1       865 7.55686E-10-2.84470E-10-3.01182E-10-6.99930E-07 2.92991E-11-3.31455E-09
 -1       866 7.13010E-10-7.28455E-11-3.17919E-10-7.00014E-07-6.76634E-11-2.95196E-09
 -1       867-1.53185E-12-4.55609E-11 2.79922E-12-7.00045E-07-8.97290E-11-2.83907E-09
 -1       868 6.62224E-10-8.04809E-11-9.47478E-11-7.00180E-07 9.06565E-11-2.43680E-09
 -1       869 1.81800E-10-1.66040E-11-9.36078E-11-7.00112E-07 4.71189E-11-2.25907E-09
 -1       870 7.86718E-10-1.66683E-10-2.04030E-10-7.00061E-07-3.32419E-12-1.94189E-09
 -1       871 2.61809E-10-1.31142E-10-4.23421E-11-7.00111E-07 3.69584E-12-1.57737E-09
 -1       872 2.90157E-10-9.56763E-11-1.34455E-10-6.99992E-07-6.49828E-11-1.21383E-09
 -1       873-1.38917E-10 5.17408E-11 5.00101E-11-6.99812E-07 5.91483E-11-1.00658E-09
 -1       874-5.68688E-11 5.44517E-11-1.10188E-10-7.01556E-07-5.68645E-11-5.23722E-10
 -1       875-1.97456E-10 6.49066E-12 1.07788E-10-7.46598E-07-4.66614E-11-1.71792E-10
 -1       876-9.86951E-08 1.85041E-08 2.80390E-08-1.41515E-06 1.03359E-07-2.42773E-09
 -1       877 1.44594E-09-2.31517E-10-3.77632E-10-5.32288E-07-1.14423E-11-9.23435E-09
 -1       878 1.30090E-05-3.43057E-06-3.15218E-06-1.76358E-07-1.90736E-09-1.10258E-08
 -1       879 1.01796E-07-1.90748E-08-2.89582E-08-1.41530E-06-1.03460E-07-2.33767E-09
 -1       880-9.29914E-08 2.53501E-08 2.61875E-08-7.43421E-07 3.20268E-08-4.25007E-09
 -1       881 1.27045E-09-3.10627E-10-3.88948E-10-7.29114E-07-4.11145E-11-8.40015E-09
 -1       882 1.20032E-05-3.34789E-06-3.42815E-06-4.79806E-07-8.32029E-10-5.43782E-09
 -1       883 9.55364E-08-2.61207E-08-2.69463E-08-7.43680E-07-3.20142E-08-4.16370E-09
 -1       884-8.84823E-08 2.45608E-08 2.49315E-08-7.25829E-07-2.33990E-09-2.98063E-09
 -1       885 1.47781E-09-3.95375E-10-4.70253E-10-7.11557E-07 2.56418E-11-5.09658E-09
 -1       886 1.15879E-05-3.25003E-06-3.23105E-06-4.06832E-07-1.89276E-10-5.06172E-09
 -1       887 9.14891E-08-2.53204E-08-2.58991E-08-7.26280E-07 2.33242E-09-3.07631E-09
 -1       888-8.47260E-08 2.36273E-08 2.37478E-08-7.16298E-07 1.39089E-10-3.04148E-09
 -1       889 1.28656E-09-3.85567E-10-3.84096E-10-6.54963E-07-9.80826E-12-4.23144E-09
 -1       890 1.12025E-05-3.13595E-06-3.13922E-06-4.24444E-07-5.01176E-11-5.14846E-09
 -1       891 8.68597E-08-2.44225E-08-2.42307E-08-7.16736E-07-1.71078E-10-3.02318E-09
 -1       892-8.05982E-08 2.25247E-08 2.25512E-08-7.19860E-07-1.81773E-11-2.94645E-09
 -1       893 1.15162E-09-3.70009E-10-2.74372E-10-6.65505E-07-4.55416E-11-4.10941E-09
 -1       894 1.08328E-05-3.03334E-06-3.03268E-06-4.20476E-07 1.05253E-11-5.11419E-09
 -1       895 8.31801E-08-2.32535E-08-2.33123E-08-7.20038E-07 1.30978E-11-2.93578E-09
 -1       896-7.65610E-08 2.14362E-08 2.14136E-08-7.19181E-07-1.28162E-11-3.04375E-09
 -1       897 1.15773E-09-3.98589E-10-3.81885E-10-6.63450E-07 9.12439E-12-4.04886E-09
 -1       898 1.04586E-05-2.92835E-06-2.92856E-06-4.21283E-07 1.72004E-11-5.16231E-09
 -1       899 7.90795E-08-2.21655E-08-2.22375E-08-7.19344E-07-6.18703E-12-2.87487E-09
 -1       900-7.21147E-08 2.03445E-08 2.02199E-08-7.19266E-07 1.02594E-11-3.07661E-09
 -1       901 1.64521E-09-3.59425E-10-5.22082E-10-6.63864E-07-5.57854E-12-4.14295E-09
 -1       902 1.00859E-05-2.82394E-06-2.82407E-06-4.21002E-07-5.46019E-11-5.13433E-09
 -1       903 7.56763E-08-2.11152E-08-2.12418E-08-7.19409E-07-3.24453E-11-3.11229E-09
 -1       904-6.86731E-08 1.92154E-08 1.94234E-08-7.19309E-07 6.70562E-12-2.94298E-09
 -1       905 1.66253E-09-3.23733E-10-3.58559E-10-6.63818E-07 4.42262E-12-4.13709E-09
 -1       906 9.71142E-06-2.71928E-06-2.71915E-06-4.21329E-07-3.21611E-11-5.05314E-09
 -1       907 7.12086E-08-1.99380E-08-1.98175E-08-7.19549E-07 2.48039E-11-3.17651E-09
 -1       908-6.45929E-08 1.80903E-08 1.80210E-08-7.19245E-07 1.82580E-11-2.90119E-09
 -1       909 1.31150E-09-3.95757E-10-2.62085E-10-6.63884E-07 2.67947E-11-4.09582E-09
 -1       910 9.33874E-06-2.61481E-06-2.61480E-06-4.21234E-07 3.56965E-11-5.00520E-09
 -1       911 6.74292E-08-1.88787E-08-1.87913E-08-7.19599E-07 4.53027E-12-3.11590E-09
 -1       912-6.10817E-08 1.69988E-08 1.70820E-08-7.19132E-07-1.06899E-11-3.14664E-09
 -1       913 9.37154E-10-3.62371E-10-3.44691E-10-6.63829E-07-7.05445E-12-4.04135E-09
 -1       914 8.96424E-06-2.51011E-06-2.51001E-06-4.21225E-07 2.05508E-11-5.18903E-09
 -1       915 6.28916E-08-1.76842E-08-1.76495E-08-7.19402E-07 2.21575E-11-2.93523E-09
 -1       916-5.70131E-08 1.59852E-08 1.59537E-08-7.19321E-07 2.43972E-12-2.95192E-09
 -1       917 1.12219E-09-3.19510E-10-2.96302E-10-6.63838E-07 2.30348E-11-4.08152E-09
 -1       918 8.59145E-06-2.40552E-06-2.40565E-06-4.21292E-07-2.69619E-11-4.94835E-09
 -1       919 5.93419E-08-1.66219E-08-1.66843E-08-7.19620E-07 1.54654E-12-2.90028E-09
 -1       920-5.29555E-08 1.48592E-08 1.47044E-08-7.19299E-07 2.85604E-11-2.92745E-09
 -1       921 1.12271E-09-3.13534E-10-4.12706E-10-6.63882E-07 4.70496E-12-4.00722E-09
 -1       922 8.21781E-06-2.30099E-06-2.30100E-06-4.21165E-07 1.07138E-10-5.05485E-09
 -1       923 5.52995E-08-1.55149E-08-1.55117E-08-7.19405E-07-4.78935E-11-2.76405E-09
 -1       924-4.91824E-08 1.37949E-08 1.37860E-08-7.19301E-07-1.93181E-11-2.88516E-09
 -1       925 1.28660E-09-3.45205E-10-3.89061E-10-6.63872E-07 1.54315E-11-3.91113E-09
 -1       926 7.84434E-06-2.19637E-06-2.19640E-06-4.21135E-07-1.60269E-11-5.02160E-09
 -1       927 5.16163E-08-1.44076E-08-1.44804E-08-7.19449E-07 4.78144E-11-2.93689E-09
 -1       928-4.53396E-08 1.27835E-08 1.27387E-08-7.19315E-07-1.09389E-11-2.71138E-09
 -1       929 1.24287E-09-2.90622E-10-2.94594E-10-6.63819E-07 2.84934E-11-3.91792E-09
 -1       930 7.47091E-06-2.09187E-06-2.09179E-06-4.21313E-07-1.27226E-10-4.84129E-09
 -1       931 4.76616E-08-1.33311E-08-1.33190E-08-7.19586E-07 5.48634E-11-2.98475E-09
 -1       932-4.13312E-08 1.16048E-08 1.15956E-08-7.19217E-07-1.24681E-11-2.78126E-09
 -1       933 1.17977E-09-2.89601E-10-3.94597E-10-6.63840E-07-3.49554E-11-3.89697E-09
 -1       934 7.09758E-06-1.98728E-06-1.98739E-06-4.21262E-07 7.01317E-11-4.80220E-09
 -1       935 4.39261E-08-1.23034E-08-1.22994E-08-7.19456E-07-7.63678E-11-2.85844E-09
 -1       936-3.82001E-08 1.06324E-08 1.08067E-08-7.19277E-07 5.03719E-11-2.87277E-09
 -1       937 1.03780E-09-3.44334E-10-2.49301E-10-6.63859E-07-2.39708E-11-3.78971E-09
 -1       938 6.72351E-06-1.88264E-06-1.88257E-06-4.21152E-07-4.56655E-12-4.61191E-09
 -1       939 3.99734E-08-1.12486E-08-1.10905E-08-7.19577E-07-6.64407E-12-2.72280E-09
 -1       940-3.45667E-08 9.72645E-09 9.63864E-09-7.19311E-07 4.35330E-11-2.66074E-09
 -1       941 9.30121E-10-2.73792E-10-1.28169E-10-6.63859E-07 5.49508E-11-3.68323E-09
 -1       942 6.35029E-06-1.77809E-06-1.77805E-06-4.21205E-07 5.47685E-11-4.68697E-09
 -1       943 3.62241E-08-1.01247E-08-1.01594E-08-7.19447E-07 5.77252E-11-2.71775E-09
 -1       944-3.08831E-08 8.73047E-09 8.57119E-09-7.19238E-07-6.98095E-12-2.57598E-09
 -1       945 8.28684E-10-1.94592E-10-3.56361E-10-6.63799E-07 6.56275E-11-3.66445E-09
 -1       946 5.97686E-06-1.67348E-06-1.67346E-06-4.21198E-07 4.75917E-11-4.52230E-09
 -1       947 3.26991E-08-9.17291E-09-9.23608E-09-7.19414E-07-1.21757E-12-2.62821E-09
 -1       948-2.75783E-08 7.65254E-09 7.77689E-09-7.19192E-07-1.90868E-11-2.54579E-09
 -1       949 8.99768E-10-2.21488E-10-2.58389E-10-6.63726E-07-4.35253E-12-3.50929E-09
 -1       950 5.60295E-06-1.56894E-06-1.56877E-06-4.21132E-07-7.22191E-11-4.36911E-09
 -1       951 2.92723E-08-8.28658E-09-8.18303E-09-7.19285E-07 2.37970E-11-2.52866E-09
 -1       952-2.41592E-08 6.91148E-09 6.70810E-09-7.19439E-07-3.32386E-11-2.38872E-09
 -1       953 9.09230E-10-2.12490E-10-2.55235E-10-6.63835E-07-5.43050E-11-3.33884E-09
 -1       954 5.23004E-06-1.46435E-06-1.46445E-06-4.21296E-07 1.97006E-11-4.06315E-09
 -1       955 2.60644E-08-7.21586E-09-7.33073E-09-7.19526E-07 2.52146E-12-2.47294E-09
 -1       956-2.13195E-08 5.95043E-09 5.91713E-09-7.19309E-07 5.27217E-11-2.31143E-09
 -1       957 7.39249E-10-1.71085E-10-3.03598E-10-6.63992E-07 1.80753E-11-3.21539E-09
 -1       958 4.85600E-06-1.35967E-06-1.35981E-06-4.21192E-07-1.22899E-10-4.09463E-09
 -1       959 2.26403E-08-6.41923E-09-6.36759E-09-7.19498E-07-2.92947E-12-2.28032E-09
 -1       960-1.77883E-08 5.01456E-09 5.09708E-09-7.19234E-07-1.88297E-12-2.35660E-09
 -1       961 7.29099E-10-2.50667E-10-1.07654E-10-6.63819E-07 6.75881E-11-3.12773E-09
 -1       962 4.48283E-06-1.25509E-06-1.25516E-06-4.21068E-07 3.03139E-11-3.75721E-09
 -1       963 1.96872E-08-5.57565E-09-5.47408E-09-7.19377E-07 3.99410E-11-2.16857E-09
 -1       964-1.54714E-08 4.32155E-09 4.23235E-09-7.19127E-07 1.29792E-13-2.06282E-09
 -1       965 9.35681E-10-2.49467E-10-1.49677E-10-6.63648E-07 1.26488E-11-3.02203E-09
 -1       966 4.10910E-06-1.15051E-06-1.15061E-06-4.21103E-07 1.33751E-10-3.53266E-09
 -1       967 1.66295E-08-4.73833E-09-4.60074E-09-7.19408E-07 3.03311E-11-2.18374E-09
 -1       968-1.27306E-08 3.68657E-09 3.61077E-09-7.19233E-07 4.79779E-11-1.86595E-09
 -1       969 6.14388E-10-1.35647E-10-3.21146E-10-6.63757E-07-8.25524E-12-2.62149E-09
 -1       970 3.73565E-06-1.04595E-06-1.04594E-06-4.21142E-07-1.48398E-10-3.29900E-09
 -1       971 1.41868E-08-3.88923E-09-4.06357E-09-7.19437E-07-2.09123E-11-1.95536E-09
 -1       972-1.06854E-08 2.98311E-09 2.95985E-09-7.19416E-07-4.13577E-11-1.80599E-09
 -1       973 3.52171E-10-6.99305E-11-2.18501E-10-6.63772E-07-6.23805E-11-2.58016E-09
 -1       974 3.36171E-06-9.41441E-07-9.41338E-07-4.21251E-07 7.70022E-11-3.12748E-09
 -1       975 1.07721E-08-3.14203E-09-3.16408E-09-7.19443E-07-1.01226E-10-1.71021E-09
 -1       976-8.03349E-09 2.37609E-09 2.20280E-09-7.19484E-07 6.62774E-11-1.59320E-09
 -1       977 3.64963E-10-1.29466E-10-5.85511E-11-6.63959E-07-4.16547E-12-2.38369E-09
 -1       978 2.98859E-06-8.36772E-07-8.36753E-07-4.21250E-07-1.71348E-11-2.86235E-09
 -1       979 9.42481E-09-2.57944E-09-2.57087E-09-7.19422E-07 2.92746E-11-1.62084E-09
 -1       980-6.31953E-09 1.80758E-09 1.78465E-09-7.19422E-07 2.83695E-12-1.47453E-09
 -1       981 4.28000E-10-7.44949E-11-1.54020E-10-6.63914E-07 2.77631E-11-2.03191E-09
 -1       982 2.61439E-06-7.31968E-07-7.32005E-07-4.21280E-07 6.04121E-11-2.46330E-09
 -1       983 6.66861E-09-1.98003E-09-1.80074E-09-7.19452E-07 1.43773E-10-1.35181E-09
 -1       984-4.04548E-09 1.22995E-09 1.10544E-09-7.19330E-07-3.84815E-11-1.19876E-09
 -1       985 5.92762E-10-8.11239E-11-1.16282E-10-6.63883E-07-1.48892E-11-1.82997E-09
 -1       986 2.24215E-06-6.27703E-07-6.27916E-07-4.21192E-07 7.12881E-12-2.06842E-09
 -1       987 5.38496E-09-1.54477E-09-1.48088E-09-7.19419E-07 4.02877E-11-1.37488E-09
 -1       988-2.98373E-09 9.27285E-10 9.46810E-10-7.19296E-07-3.24785E-11-1.07761E-09
 -1       989 2.69760E-10-1.27012E-10-1.02913E-10-6.63795E-07 1.17632E-11-1.51346E-09
 -1       990 1.86746E-06-5.23013E-07-5.22746E-07-4.21171E-07-1.11749E-10-1.59385E-09
 -1       991 3.70821E-09-1.06831E-09-1.01615E-09-7.19518E-07-3.21027E-12-9.86351E-10
 -1       992-1.76310E-09 5.92577E-10 6.83228E-10-7.19305E-07-1.02338E-11-7.14411E-10
 -1       993 5.07282E-10-8.94264E-11-7.35404E-11-6.63855E-07-1.04043E-11-1.16080E-09
 -1       994 1.49461E-06-4.18372E-07-4.18570E-07-4.21187E-07-5.35692E-11-1.33797E-09
 -1       995 2.14240E-09-7.05457E-10-6.86953E-10-7.19333E-07-1.46130E-11-8.97673E-10
 -1       996-1.15293E-09 4.15446E-10 2.70528E-10-7.19001E-07 3.70626E-11-6.46644E-10
 -1       997-2.81090E-11 2.63350E-12-6.99433E-11-6.63688E-07-3.41475E-12-1.03030E-09
 -1       998 1.12037E-06-3.13818E-07-3.13570E-07-4.21359E-07 1.49968E-11-1.19807E-09
 -1       999 1.17957E-09-4.13649E-10-3.83216E-10-7.19035E-07 3.09344E-11-5.68105E-10
 -1      1000-3.69880E-10 1.64833E-10 1.25321E-12-7.20935E-07-7.15545E-11-4.08974E-10
 -1      1001-1.95339E-10 2.96421E-11 1.81581E-11-6.64157E-07 1.13384E-11-7.00710E-10
 -1      1002 7.43932E-07-2.07735E-07-2.10023E-07-4.20906E-07-2.95844E-11-8.04807E-10
 -1      1003 1.13598E-10-1.44620E-10-8.57013E-11-7.20739E-07 1.88697E-11-2.76500E-10
 -1      1004-1.53107E-10 1.00050E-10 4.24906E-11-7.71768E-07-1.69155E-09-1.35026E-10
 -1      1005-8.61218E-11 4.72288E-11-8.73832E-12-6.71987E-07-6.83254E-12-3.13388E-10
 -1      1006 3.47365E-07-1.06474E-07-1.01910E-07-4.15793E-07-7.70613E-11-1.86317E-10
 -1      1007-7.76037E-11-6.59505E-11 1.40573E-10-7.71566E-07 1.69414E-09-3.97790E-11
 -1      1008 1.50019E-11 1.16449E-13-2.18064E-12-6.61869E-07-3.08527E-11-6.13806E-11
 -1      1009-1.30059E-05 3.42982E-06 3.15141E-06-1.76394E-07 1.93558E-09-1.11131E-08
 -1      1010-1.20009E-05 3.34713E-06 3.42750E-06-4.79788E-07 7.91047E-10-5.54053E-09
 -1      1011-1.15845E-05 3.24925E-06 3.23003E-06-4.06877E-07 1.56252E-10-5.31351E-09
 -1      1012-1.12006E-05 3.13526E-06 3.13862E-06-4.24423E-07 5.83922E-11-5.31601E-09
 -1      1013-1.08301E-05 3.03253E-06 3.03211E-06-4.20449E-07 2.00205E-12-5.23738E-09
 -1      1014-1.04561E-05 2.92760E-06 2.92781E-06-4.21400E-07 2.57570E-11-5.25122E-09
 -1      1015-1.00822E-05 2.82319E-06 2.82294E-06-4.21193E-07 4.16505E-11-5.25344E-09
 -1      1016-9.70933E-06 2.71862E-06 2.71858E-06-4.21259E-07-3.77228E-11-5.28827E-09
 -1      1017-9.33553E-06 2.61400E-06 2.61403E-06-4.21310E-07-2.34398E-11-5.12621E-09
 -1      1018-8.96286E-06 2.50941E-06 2.50962E-06-4.21148E-07-9.18675E-12-5.33943E-09
 -1      1019-8.58886E-06 2.40488E-06 2.40485E-06-4.21137E-07 5.10398E-11-5.24130E-09
 -1      1020-8.21552E-06 2.30039E-06 2.30030E-06-4.21195E-07 6.58305E-11-5.08114E-09
 -1      1021-7.84182E-06 2.19572E-06 2.19569E-06-4.21284E-07-2.49040E-11-4.97435E-09
 -1      1022-7.46860E-06 2.09122E-06 2.09122E-06-4.21275E-07-2.35265E-11-5.04192E-09
 -1      1023-7.09498E-06 1.98667E-06 1.98663E-06-4.21289E-07 1.86928E-11-5.04871E-09
 -1      1024-6.72198E-06 1.88210E-06 1.88220E-06-4.21237E-07-3.44126E-11-4.77778E-09
 -1      1025-6.34848E-06 1.77756E-06 1.77747E-06-4.21086E-07 8.85089E-11-4.78336E-09
 -1      1026-5.97477E-06 1.67303E-06 1.67296E-06-4.21220E-07 5.28080E-11-4.59073E-09
 -1      1027-5.60171E-06 1.56846E-06 1.56841E-06-4.21125E-07-6.99092E-11-4.42104E-09
 -1      1028-5.22785E-06 1.46384E-06 1.46381E-06-4.21200E-07 2.56698E-11-4.24167E-09
 -1      1029-4.85475E-06 1.35923E-06 1.35942E-06-4.21197E-07 1.89724E-11-4.13952E-09
 -1      1030-4.48104E-06 1.25467E-06 1.25479E-06-4.21237E-07 2.78256E-11-3.79067E-09
 -1      1031-4.10784E-06 1.15020E-06 1.15009E-06-4.21067E-07 2.02069E-11-3.72110E-09
 -1      1032-3.73430E-06 1.04558E-06 1.04552E-06-4.21059E-07 1.81941E-11-3.38297E-09
 -1      1033-3.36135E-06 9.41230E-07 9.41275E-07-4.21145E-07 6.89950E-11-3.13572E-09
 -1      1034-2.98725E-06 8.36559E-07 8.36503E-07-4.21413E-07 6.62060E-11-2.66455E-09
 -1      1035-2.61412E-06 7.31862E-07 7.31802E-07-4.21292E-07 4.71494E-12-2.51239E-09
 -1      1036-2.24054E-06 6.27369E-07 6.27401E-07-4.21121E-07-5.59584E-12-2.23412E-09
 -1      1037-1.86733E-06 5.22925E-07 5.22799E-07-4.21270E-07 7.01396E-11-1.88409E-09
 -1      1038-1.49393E-06 4.18291E-07 4.18324E-07-4.21138E-07 6.80990E-11-1.47981E-09
 -1      1039-1.12046E-06 3.13726E-07 3.13628E-07-4.21277E-07 1.63300E-10-1.04580E-09
 -1      1040-7.43977E-07 2.07813E-07 2.10132E-07-4.20983E-07-4.17908E-11-6.27220E-10
 -1      1041-3.47614E-07 1.06479E-07 1.01950E-07-4.15874E-07-1.04206E-10-5.99893E-11
 -3
    1PSTEP                         4           1           1          
  100CL  101 1.000000000        1041                     0    1           1
 -4  FORC        4    1
 -5  F1          1    2    1    0
 -5  F2          1    2    2    0
 -5  F3          1    2    3    0
 -5  ALL         1    2    0    0    1ALL
 -1         1 1.42609E+02 3.61877E+02-3.59833E+02
 -1         2-1.46316E+02 3.65691E+02 3.68187E+02
 -1         3-7.08446E-11 2.08220E+01-4.72130E-10
 -1         4-4.96449E-12 2.08220E+01-4.43639E-10
 -1         5-6.72441E-10 2.08220E+01 1.14125E-10
 -1         6 8.39823E-10 2.08220E+01 8.78730E-10
 -1         7-1.42458E+02 3.61857E+02-3.59784E+02
 -1         8 1.46410E+02 3.65731E+02 3.68225E+02
 -1         9-3.81817E+00 2.49590E+02 9.03412E+00
 -1        10-3.16203E+03-6.03476E+02-7.67397E+02
 -1        11 3.22887E+03-6.00302E+02 7.78100E+02
 -1        12-5.54190E-12-4.64807E-12 3.70476E-12
 -1        13-1.92319E-03 2.71232E-02-2.48780E-02
 -1        14-4.58487E-03 5.00418E-03-7.33616E-03
 -1        15 8.97495E-03-2.15846E-02 2.72658E-03
 -1        16-2.47612E-02 4.53619E-03 1.06636E-02
 -1        17-9.81829E-03 1.30206E-02-5.92674E-03
 -1        18 3.16563E-02-9.18055E-03-1.14546E-02
 -1        19-1.65629E-02 4.96199E-03 1.51390E-02
 -1        20-2.81464E-03-1.67443E-03 9.44818E-04
 -1        21-6.76527E-02 2.37901E-02-6.47524E-03
 -1        22-5.84359E-05 7.85355E-03-2.82153E-03
 -1        23 4.32357E-02-2.74991E-02 1.65164E-03
 -1        24-1.50010E-02 6.27875E-03 1.72215E-02
 -1        25-5.02815E-02 1.64518E-02 8.30735E-03
 -1        26-6.41216E-03-1.48103E-03-1.58367E-02
 -1        27 3.96059E-02-9.72152E-03-5.43600E-03
 -1        28-2.87124E-02 2.08475E-02-9.80099E-04
 -1        29-2.99396E-02 1.11959E-02 5.62932E-03
 -1        30 1.09312E-02 6.20086E-03 1.34781E-02
 -1        31 3.78535E-03 8.06491E-03 9.25124E-03
 -1        32-2.24257E-02-1.97966E-02 1.77184E-02
 -1        33 4.34751E-02-1.98576E-02-4.36473E-02
 -1        34-3.70653E-02 1.22747E-02 6.03362E-03
 -1        35-1.19323E-02 2.92580E-02 1.93172E-02
 -1        36-8.84169E-03-4.29349E-03 2.74163E-03
 -1        37 3.41740E-03-1.64572E-02-2.13676E-02
 -1        38-4.62161E-02 1.31640E-02 2.55369E-02
 -1        39 3.36783E-03 1.31417E-02 4.12997E-02
 -1        40-5.19102E-02 4.43778E-03 2.71894E-02
 -1        41-2.89004E-02-1.00301E-03 1.39675E-02
 -1        42 4.20183E-03-2.14772E-02-3.88143E-03
 -1        43-4.96473E-03 7.87165E-03 3.62645E-02
 -1        44 8.45482E-02-5.94075E-02-1.92742E-03
 -1        45 6.86022E-02 5.18587E-03-1.72533E-02
 -1        46 5.56721E-03-2.66756E-02 2.09337E-02
 -1        47 3.41289E-02-2.77186E-02 1.48063E-02
 -1        48 2.76431E-02 2.84540E-02-3.47091E-02
 -1        49 9.36514E-03 2.63052E-02 2.86571E-03
 -1        50 2.79442E-02-3.26269E-02 2.20875E-02
 -1        51-7.65887E-02 1.58959E-02-3.21072E-03
 -1        52 1.15325E-01-9.98573E-03-3.99695E-02
 -1        53-1.82991E-03-3.23490E-04 9.14716E-05
 -1        54 1.65231E-01-1.22025E-02 1.37289E-02
 -1        55 3.18937E-03-2.61145E-02 1.45117E-02
 -1        56-1.03595E-01 3.27138E-02-1.59927E-02
 -1        57 3.52962E-02 4.55914E-04-9.20265E-03
 -1        58 5.61235E-02 2.86928E-02-9.68111E-03
 -1        59 9.15885E-02-1.64804E-02-2.21968E-03
 -1        60 1.50944E-02-5.17956E-02-9.10816E-04
 -1        61-4.15954E-03 7.37895E-03 1.62756E-02
 -1        62-4.94145E-03 2.19340E-02 1.31140E-03
 -1        63 1.02939E-01-2.26331E-02-6.72709E-02
 -1        64-6.63747E-02 2.46235E-02 3.10172E-03
 -1        65 8.85471E-02-3.17032E-03-3.81285E-03
 -1        66-1.02688E-01-3.47206E-02 5.59862E-02
 -1        67 4.77304E-02 2.50167E-02-1.97691E-02
 -1        68 5.45728E-02-7.82993E-03-2.67396E-02
 -1        69 7.09392E-02 1.06399E-02-1.37372E-02
 -1        70-6.00833E-02 9.24995E-03 2.59425E-02
 -1        71 1.58089E-01-2.32941E-02-4.22900E-02
 -1        72-4.47196E-02 8.36006E-03-3.18899E-02
 -1        73 8.31372E-02-3.00991E-02-5.84123E-03
 -1        74 5.20468E-02 6.17209E-03-7.36948E-03
 -1        75 2.75316E-02 2.92999E-02-2.51903E-02
 -1        76 6.51138E-02 9.50726E-03-1.02886E-02
 -1        77-6.55538E-02 1.73705E-02-1.79226E-02
 -1        78-5.46493E-03 5.47851E-03-7.24106E-04
 -1        79 4.74796E-03 4.16404E+01-4.17132E-03
 -1        80 1.49176E-02-8.32801E+01 2.69638E-02
 -1        81-2.15776E-02-8.33046E+01-8.73655E-04
 -1        82-1.92780E-11 1.38604E-12 3.03720E-12
 -1        83-1.32305E-02 3.01745E-02 2.13528E-02
 -1        84 3.42746E-02 5.57047E-03-1.44311E-02
 -1        85-1.55476E-02-1.33656E-02-7.60002E-03
 -1        86 2.59892E-02 1.63079E-02 1.27496E-02
 -1        87 1.38152E-02 2.23527E-03-1.24795E-02
 -1        88 7.53989E-03-7.35901E-03-1.94187E-03
 -1        89-4.78417E-03-9.33817E-03 5.28742E-03
 -1        90-1.72620E-02 5.93361E-03 6.47419E-03
 -1        91-4.36618E-02-1.20852E-02-2.29998E-03
 -1        92 3.69266E-02 1.63664E-02-2.16214E-03
 -1        93 3.68254E-03 1.78851E-03 9.56608E-03
 -1        94 2.78689E-02 1.37557E-02 3.83893E-03
 -1        95 1.63934E-02 8.08173E-04-1.76900E-02
 -1        96-2.40836E-03-6.69106E-03-2.36695E-03
 -1        97 2.08898E-02-3.12889E-03-1.33108E-03
 -1        98-3.19799E-02-3.83334E-03 2.11259E-02
 -1        99 1.43739E-02 3.23001E-02 3.90860E-03
 -1       100 2.43806E-02 7.92095E-03-1.50290E-02
 -1       101 5.29332E-03 2.73227E-03-6.98611E-03
 -1       102-1.28233E-02-2.35198E-02-2.40735E-02
 -1       103 4.79051E-02-2.53318E-03-1.66962E-02
 -1       104-4.18986E-02 1.43936E-02 4.29388E-02
 -1       105-8.29238E-03-8.27867E-03 1.87666E-02
 -1       106-3.91820E-02-1.67863E-03 2.81213E-02
 -1       107 1.81238E-03-1.44077E-02-9.08920E-03
 -1       108 2.69063E-02 1.51820E-02-1.29741E-02
 -1       109 1.98027E-02 1.14777E-03-5.05063E-03
 -1       110 4.23960E-02-1.52706E-02 4.05047E-02
 -1       111-1.24838E-02-1.11152E-03 6.47915E-04
 -1       112-1.25929E-02-3.86306E-02-2.55360E-02
 -1       113-1.10537E-02-1.93270E-02-6.46615E-03
 -1       114-1.39598E-02-3.95699E-02 1.56570E-02
 -1       115-1.06466E-01 1.06913E-02 3.03922E-02
 -1       116 9.53598E-02-3.50915E-02-4.90286E-02
 -1       117-7.96268E-02-1.20943E-02-1.21076E-02
 -1       118-1.07593E-02 2.80933E-02 5.04954E-02
 -1       119-7.53374E-02-2.50925E-02-2.05651E-02
 -1       120-8.11500E-03 1.90034E-03-1.31768E-03
 -1       121-3.00055E-02 3.73881E-03 8.69291E-03
 -1       122 8.93440E-02 3.27344E-02-2.74591E-02
 -1       123-3.29545E-03-2.29076E-02 9.32411E-03
 -1       124 1.06025E-01 1.68850E-02 1.60105E-02
 -1       125-1.25395E-01-3.20223E-02-5.66884E-03
 -1       126-3.26122E-02 5.33205E-03 8.75648E-03
 -1       127-4.42933E-02-2.36932E-03-1.91360E-02
 -1       128-6.40216E-02-8.91501E-04 1.65295E-02
 -1       129 5.62991E-02 1.83594E-02-1.81531E-03
 -1       130-5.82048E-02-1.68212E-02-1.39976E-02
 -1       131 5.69998E-02 5.11415E-03-5.48619E-03
 -1       132-7.90458E-02-3.76993E-02 1.20519E-02
 -1       133-2.64086E-02 1.42071E-02 1.50979E-02
 -1       134-3.68413E-02 2.02523E-03 8.79607E-03
 -1       135 9.78921E-02 1.54357E-03-3.32542E-02
 -1       136-1.29974E-01-6.52959E-04 7.99693E-04
 -1       137 1.32315E-01 1.95238E-02-1.35204E-02
 -1       138-2.94891E-02-1.22417E-02-1.69676E-02
 -1       139 9.64602E-02-1.75320E-02-3.06388E-02
 -1       140-4.46297E-02-3.75998E-03 4.04935E-02
 -1       141-4.94874E-02-9.45814E-03-9.80286E-03
 -1       142-1.96113E-02 1.00162E-02-2.46557E-02
 -1       143-5.92426E-02 1.48731E-02-2.85254E-02
 -1       144 4.96623E-02 1.66338E-02-2.86811E-02
 -1       145 4.42224E-02 1.46822E-02-2.32235E-02
 -1       146-5.36846E-02 1.34148E-02-1.59133E-02
 -1       147 3.71676E-02 1.60783E-02-1.47331E-02
 -1       148-2.36155E-03-6.97935E-03-2.35971E-03
 -1       149-4.96137E-03 4.16573E+01 1.40088E-02
 -1       150 1.49199E-03-8.33238E+01 9.47263E-03
 -1       151-9.39482E-03-8.33084E+01-3.59822E-03
 -1       152 2.71414E-04 4.16457E+01-3.73340E-03
 -1       153 1.66994E-03-8.33239E+01 3.10740E-02
 -1       154-2.84676E-02-8.33121E+01-7.76194E-03
 -1       155 9.21567E-03 4.16707E+01 3.01821E-02
 -1       156 1.68248E-02-8.33480E+01-6.01121E-02
 -1       157 5.90539E-02-8.33193E+01-4.18407E-02
 -1       158 1.17367E-03-4.57439E-04 2.18714E-03
 -1       159 1.75301E-02 3.21482E-02-9.61841E-02
 -1       160-3.18742E-02 2.76069E-03 8.73055E-03
 -1       161-8.50426E-03 3.90887E-03 8.83131E-03
 -1       162-2.03100E-02-5.11492E-03-1.12222E-02
 -1       163-2.88638E-02-1.15108E-02-6.87193E-03
 -1       164-2.38888E-02-7.77650E-03 2.01469E-02
 -1       165-1.43537E-02-2.55354E-02 1.74113E-02
 -1       166 1.45288E-02-1.87551E-02-1.19585E-02
 -1       167-2.74539E-02 8.43157E-03 3.51153E-02
 -1       168 9.72119E-03 2.33162E-02-5.54640E-04
 -1       169-5.88051E-02-2.35522E-02 2.41778E-02
 -1       170 2.42889E-02-1.88251E-02 1.89270E-02
 -1       171 3.25154E-02 2.26326E-02 1.30578E-04
 -1       172 2.12807E-02 2.46922E-02-1.42354E-02
 -1       173-2.10659E-02-2.08956E-02-2.33447E-02
 -1       174-1.93874E-02 7.48862E-03 1.76319E-02
 -1       175-4.71087E-02-1.23470E-02 1.56777E-02
 -1       176 1.03661E-03-1.75571E-02-2.81952E-03
 -1       177-3.53067E-02 2.49466E-02 2.36858E-02
 -1       178-1.01679E-03 8.75940E-03-2.30472E-03
 -1       179 9.55523E-03-3.42764E-02-1.60254E-02
 -1       180-1.85037E-02-1.70083E-02-6.19060E-03
 -1       181 2.51536E-02 1.89738E-02 6.82420E-03
 -1       182-3.05470E-02 9.09157E-03 2.36289E-02
 -1       183-4.56275E-02-8.92767E-03 1.98302E-02
 -1       184 9.73569E-03-1.67532E-02-3.55088E-02
 -1       185 1.63814E-02-1.43919E-04-1.35208E-02
 -1       186-2.64450E-02-3.93988E-03 1.57498E-02
 -1       187 4.52341E-03-2.84414E-03 9.89852E-03
 -1       188-2.80840E-02-4.33736E-04 7.05023E-03
 -1       189 1.51727E-02 5.13336E-04-7.53628E-03
 -1       190 4.22479E-02 1.05504E-02-1.54938E-02
 -1       191-2.85967E-02-8.62532E-03 3.28737E-02
 -1       192 1.40285E-02-4.21648E-03 1.71225E-02
 -1       193 2.15775E-03-3.14816E-02 1.07567E-02
 -1       194 1.75164E-01 1.93832E-04-3.69435E-02
 -1       195-4.10640E-02-2.03863E-02 6.72756E-03
 -1       196 1.48506E-01 3.27937E-02-1.04886E-02
 -1       197 1.23162E-02-8.59180E-03 1.73795E-02
 -1       198 1.02384E-01 1.64097E-02-3.91171E-02
 -1       199-6.17579E-02-3.75703E-02-2.72927E-02
 -1       200 1.24705E-01 1.06188E-02-3.47288E-02
 -1       201-6.17755E-02 2.47306E-02 2.77430E-02
 -1       202 8.87560E-02 3.16693E-04-7.17306E-03
 -1       203-5.65523E-02-1.51938E-02-5.48287E-02
 -1       204 3.51583E-03 1.30330E-02-1.98754E-02
 -1       205-4.38357E-02-3.81653E-02 8.22543E-04
 -1       206 1.07252E-01 3.66795E-02 2.25833E-02
 -1       207-1.18248E-02 3.11017E-03 1.67759E-02
 -1       208 1.12505E-01-2.87766E-02-2.55246E-02
 -1       209 4.28341E-02 1.12802E-02-2.72714E-02
 -1       210 8.26426E-02-8.06783E-03-4.53838E-03
 -1       211 3.25479E-02-6.06430E-03 2.00169E-03
 -1       212-5.27949E-02 1.89580E-02 1.68998E-02
 -1       213 7.01282E-02 3.14449E-02 2.25204E-03
 -1       214-1.61375E-02-1.64881E-02-3.46493E-02
 -1       215 5.33149E-02-1.64948E-02-1.21785E-02
 -1       216 7.90116E-02-1.88894E-02-7.19259E-03
 -1       217 5.27467E-02 4.99878E-02 2.20410E-02
 -1       218-5.53533E-02 4.22166E-03 1.65833E-02
 -1       219 6.89070E-02-2.18697E-02-2.42677E-02
 -1       220-2.69407E-02 1.22388E-03-6.75092E-03
 -1       221 2.70711E-02-2.25125E-04 1.26780E-02
 -1       222-2.30084E-02 1.43587E-02 3.14444E-03
 -1       223-6.39490E-02-1.89914E-02-2.20304E-02
 -1       224 1.54517E-02-2.73162E-04-7.96428E-03
 -1       225 4.08601E+00 2.49594E+02 9.11970E+00
 -1       226-3.22960E+03-6.00236E+02 7.78254E+02
 -1       227 3.16119E+03-6.03497E+02-7.67186E+02
 -1       228 1.87036E-02 2.73531E-02 2.25729E-03
 -1       229 2.66312E-03 3.49302E-02-5.53582E-03
 -1       230 4.34262E-04 9.93797E-03-4.30877E-03
 -1       231-7.15840E-02 3.80585E-02 1.68130E-02
 -1       232-3.46409E-02 2.28688E-02-6.17556E-03
 -1       233 4.07536E-02 1.93613E-03-6.49655E-03
 -1       234 1.88973E-02-1.45782E-02 3.70400E-02
 -1       235 1.91431E-02-4.65434E-02 7.02039E-03
 -1       236 4.57025E-02-2.10307E-03 1.03944E-02
 -1       237 1.40446E-02 2.08545E-02-2.31771E-03
 -1       238-1.24412E-02-9.41161E-03 8.61496E-03
 -1       239-3.50871E-02-2.49702E-02 1.33224E-02
 -1       240 5.22537E-02 7.84752E-03-3.96054E-02
 -1       241-4.94995E-02 1.99391E-02 5.97666E-03
 -1       242 1.53098E-02 4.46314E-04-8.38079E-03
 -1       243-3.88281E-02 1.83952E-02 1.56570E-02
 -1       244 3.17232E-02-1.16756E-02 4.08922E-03
 -1       245 3.05469E-02-2.22937E-02 2.30381E-04
 -1       246-3.15214E-02 1.66218E-03 2.30313E-02
 -1       247 1.29665E-02 1.01390E-02-1.70055E-02
 -1       248-1.55435E-02-6.51343E-03 1.20811E-02
 -1       249 8.02697E-04 2.04419E-03 4.89295E-03
 -1       250-9.28424E-04-2.92221E-03 6.33203E-04
 -1       251 1.37781E-02-1.52727E-04-7.11689E-03
 -1       252 3.56953E-02-1.48897E-02-1.14899E-02
 -1       253-1.80628E-02-4.88285E-03 2.43181E-02
 -1       254 8.37674E-03-1.01604E-03-1.54455E-02
 -1       255 3.68241E-02-1.40755E-02-6.34989E-04
 -1       256 3.10918E-03 1.38032E-02-1.30594E-02
 -1       257 1.14701E-02 2.37340E-04 2.50517E-03
 -1       258-2.76216E-02 9.07118E-03 4.50473E-03
 -1       259 5.63274E-03-1.55584E-02 1.05562E-02
 -1       260-4.52386E-02 7.90937E-04 1.61923E-02
 -1       261-2.96019E-02-1.28849E-02 1.42963E-02
 -1       262-4.20971E-02 6.79145E-03-8.91523E-03
 -1       263 1.17470E-01-2.13873E-02-3.25072E-02
 -1       264-1.01208E-02 1.44855E-02-7.06828E-04
 -1       265 1.28492E-01-3.15878E-02-1.81458E-03
 -1       266-7.80317E-02-3.25515E-02 1.43145E-02
 -1       267-6.01401E-02 5.39511E-02-3.43642E-02
 -1       268-2.32325E-02-1.64057E-02-4.10198E-03
 -1       269-7.47230E-02-1.22974E-02-2.61176E-02
 -1       270 4.97428E-02-1.58448E-02-3.11482E-02
 -1       271-5.23767E-02 2.10447E-02 4.27392E-02
 -1       272 1.61659E-01 2.74486E-02-3.80943E-02
 -1       273-1.39210E-01-3.39539E-03 2.29529E-02
 -1       274 1.45959E-01-2.92371E-02 3.85181E-03
 -1       275-7.36843E-02-3.28517E-03 1.30953E-02
 -1       276 3.29192E-02 6.37189E-03 1.33840E-03
 -1       277 5.21981E-03 1.72943E-02-5.88402E-02
 -1       278-5.35302E-02-4.08127E-03 5.52955E-03
 -1       279 3.56528E-02-1.46003E-03 1.87641E-03
 -1       280-4.17058E-02-8.56573E-03 9.52372E-03
 -1       281 6.80616E-02 1.68694E-02-2.74156E-02
 -1       282-1.35767E-02-1.97968E-02 1.98543E-02
 -1       283-5.29063E-02 1.14620E-02 1.57782E-02
 -1       284-3.18716E-02 1.07031E-02-5.01516E-03
 -1       285-5.75602E-02-1.44180E-02 3.40528E-03
 -1       286 2.12160E-02 3.38207E-02-3.17758E-02
 -1       287-3.43292E-02-1.14766E-03 2.12437E-02
 -1       288-9.11389E-02 1.42606E-02-8.04495E-03
 -1       289 4.73968E-02-4.99400E-02 1.50403E-02
 -1       290-9.72802E-02 2.62021E-02 5.92517E-03
 -1       291 1.38317E-01-8.05160E-04-3.02258E-02
 -1       292 4.71908E-02-1.47703E-02-1.81433E-02
 -1       293 7.66034E-02 1.35085E-02 4.67579E-04
 -1       294 1.27439E-02-2.62812E-02 2.09007E-02
 -1       295-6.03545E+02 7.38940E+02 3.79405E+00
 -1       296 4.10391E+03 5.82493E+02-9.43979E+01
 -1       297 4.15359E+03 5.93767E+02 7.88090E+01
 -1       298 6.03838E+02 7.38992E+02 3.78028E+00
 -1       299-4.15438E+03 5.93950E+02 7.87782E+01
 -1       300-4.10467E+03 5.82642E+02-9.44613E+01
 -1       301-4.68503E-03 1.95284E-04 9.81265E-04
 -1       302-3.49312E-02 2.73676E-02 6.29838E-03
 -1       303 1.81487E-02 3.16693E-02-1.47895E-02
 -1       304 6.97761E-03-3.23569E-02-5.46684E-03
 -1       305-2.30344E-02 2.78662E-04 2.43083E-02
 -1       306 1.12884E-02 1.35399E-02-2.62398E-02
 -1       307 4.61478E-02-6.07070E-03-1.33395E-02
 -1       308 7.05395E-03-1.21558E-03 1.45999E-02
 -1       309-8.83943E-03 8.44153E-03 1.93065E-03
 -1       310-8.41758E-02 1.05432E-02-1.54469E-02
 -1       311 1.33684E-02 1.31319E-02 5.98055E-03
 -1       312 1.64463E-02-8.98955E-03 2.08245E-02
 -1       313 1.00551E-02 8.06276E-04 2.67807E-02
 -1       314-2.20535E-02 1.07121E-02-1.31508E-02
 -1       315-1.60690E-02-2.15787E-03-2.47028E-02
 -1       316 5.86393E-02-1.07951E-02-7.51953E-03
 -1       317 8.44831E-05 2.84847E-02 1.02539E-02
 -1       318-4.17980E-02 3.56459E-02 8.10175E-04
 -1       319 3.69588E-02 1.00429E-02 9.99790E-03
 -1       320 6.29700E-03 1.27333E-02-1.04431E-03
 -1       321-4.65734E-02-6.92099E-03 3.93472E-03
 -1       322 6.58497E-02-1.26346E-02-3.48049E-02
 -1       323-6.30570E-02 7.30093E-03 5.16897E-02
 -1       324-1.40524E-02-7.76731E-03 4.25945E-02
 -1       325-3.49879E-02 2.07884E-02 1.44844E-02
 -1       326 7.76957E-03-2.83813E-02-2.90804E-02
 -1       327-2.40340E-02-2.16535E-02 5.04266E-03
 -1       328 5.36576E-02 4.72142E-02 2.17734E-03
 -1       329 3.38044E-03-9.56710E-03 1.64336E-02
 -1       330-2.07137E-02-4.15649E-02-2.22444E-02
 -1       331-2.57480E-02-2.94107E-02 1.51297E-02
 -1       332 3.83463E-03-1.61797E-02 3.01647E-02
 -1       333 8.39578E-03-3.87504E-02 4.35184E-02
 -1       334-1.54689E-02-1.95248E-03-1.36020E-02
 -1       335-7.30209E-03-5.57027E-02 1.85428E-03
 -1       336 1.37734E-02-2.30209E-02 1.65444E-04
 -1       337 1.18116E-01 3.26294E-02-1.26887E-02
 -1       338 4.26406E-03-3.77155E-03 1.23734E-02
 -1       339 4.47142E-03-4.13993E-02 4.98487E-03
 -1       340 1.62486E-02 1.44804E-02 1.90331E-02
 -1       341 8.50582E-03 2.53681E-02 8.48130E-03
 -1       342-7.37045E-03-1.87336E-02-1.00836E-02
 -1       343-3.42355E-02 1.01049E-02 7.24581E-03
 -1       344 5.51925E-03-3.28838E-03 7.66245E-03
 -1       345-5.32942E-02-1.74036E-02 3.23205E-02
 -1       346-2.71765E-02 4.29287E-03-3.11228E-02
 -1       347-1.30478E-01 8.25380E-03 3.15725E-03
 -1       348-5.82577E-03 9.85913E-03 1.14228E-03
 -1       349 1.34662E-01 2.74164E-02-7.93694E-02
 -1       350-1.87599E-02 3.10873E-03-4.76482E-03
 -1       351-3.64475E-02-1.95875E-02 1.10080E-02
 -1       352 4.07192E-02 1.03295E-02 2.59307E-02
 -1       353 2.26281E-01-1.97612E-02 1.13810E-02
 -1       354 4.10102E-03-2.97673E-02 1.77960E-03
 -1       355-7.82548E-03-8.55719E-03-7.72475E-03
 -1       356-1.06961E-02-5.48420E-03-9.64675E-03
 -1       357-1.11051E-01-4.38390E-03 1.01145E-02
 -1       358 1.62491E-02-1.52890E-04 6.74249E-03
 -1       359-4.29984E-03 2.64035E-02-6.12109E-03
 -1       360-2.15023E-02-3.83157E-03-2.72919E-04
 -1       361-3.84524E-02-3.14706E-03-6.25845E-03
 -1       362 4.08912E-03 2.19652E-03-3.68451E-03
 -1       363 3.02959E-02-2.38446E-02 3.50325E-02
 -1       364 1.11307E-02 5.18647E-03-5.58683E-03
 -1       365 1.11369E-02 2.74350E-03-1.74187E-03
 -1       366-4.01792E-03 1.64327E-02 1.24162E-02
 -1       367 1.85399E-02 3.60945E-04-4.47678E-02
 -1       368-3.64829E-02-4.43887E-02-6.17278E-03
 -1       369-3.36830E-02-5.38591E-02 3.68121E-02
 -1       370 2.59149E-02-3.41176E-02-3.17754E-03
 -1       371 3.09471E-02-3.69712E-02-4.54646E-02
 -1       372 4.03892E-03 4.82155E-02 7.17578E-03
 -1       373-1.00965E-01 1.27197E-02 1.02960E-02
 -1       374 2.25361E-02 2.95459E-02 3.21346E-02
 -1       375 1.47994E-01-3.26657E-02 1.33492E-02
 -1       376-2.39431E-02-4.08724E-02-4.46881E-02
 -1       377-2.05209E-01 1.14263E-03 8.19959E-03
 -1       378 2.29129E-02 8.07074E-03 1.73256E-03
 -1       379 2.35995E-01-2.10882E-02-6.95789E-02
 -1       380 1.74642E-02 9.95891E-04-1.26400E-02
 -1       381 9.50724E-03-7.37619E-03-3.96391E-02
 -1       382-1.33935E-02 3.53167E-02 5.46575E-02
 -1       383 1.43390E-01 1.43553E-02 1.66927E-02
 -1       384 9.88059E-03-2.83926E-02-1.46746E-02
 -1       385-1.06965E-01 2.52548E-02 6.61778E-02
 -1       386 1.91835E-02-5.73930E-02-3.56575E-02
 -1       387 7.90085E-02-4.23610E-02-9.14195E-03
 -1       388-2.53189E-02 4.18328E-02 1.37327E-02
 -1       389-1.21634E-01-1.73868E-02-4.60036E-02
 -1       390-3.34962E-02 4.65851E-02-8.86354E-03
 -1       391 4.78037E-02-4.43821E-02-3.77235E-02
 -1       392 2.37789E-03 5.66948E-02-1.97504E-03
 -1       393 6.30028E-02-2.34273E-02-3.01955E-02
 -1       394 8.33523E-02-8.94079E-03-1.70014E-02
 -1       395 1.06102E-01 1.01111E-02-9.29733E-03
 -1       396-3.49025E-03 1.77132E-03-3.78466E-02
 -1       397-3.07134E-02 1.62571E-02-4.09566E-02
 -1       398 2.78757E-02 3.51257E-02 3.47563E-02
 -1       399-5.29469E-03-4.65812E-02-4.84916E-02
 -1       400-1.07993E-02-5.97350E-02 3.17401E-02
 -1       401 1.32006E-02-1.24148E-02 6.46731E-03
 -1       402-1.11456E-02-1.82724E-02 7.06749E-03
 -1       403-5.76578E-03-3.73066E-03-6.07192E-03
 -1       404 2.46045E-02 3.23662E-02-1.82630E-03
 -1       405-1.96320E-03-3.52910E-03 4.74412E-03
 -1       406 1.32318E-03-1.76158E-02 6.07640E-03
 -1       407-2.76664E-02 1.40955E-02-3.53419E-02
 -1       408 3.26356E-03-1.53640E-02 6.04637E-03
 -1       409-5.57343E-03-1.58628E-02 6.36459E-04
 -1       410 1.12445E-02-1.91566E-02 1.82441E-02
 -1       411 2.21200E-02-1.81066E-03 7.32810E-03
 -1       412-7.28561E-03 2.46514E-02-9.80218E-03
 -1       413 1.44428E-02-6.93238E-03-3.46455E-03
 -1       414-2.02195E-02-1.04625E-02 2.10921E-03
 -1       415-3.15728E-02 1.14749E-02-1.17224E-02
 -1       416 3.12777E-02 3.40214E-03-6.14544E-04
 -1       417 4.26718E-02-4.26190E-02 3.32327E-02
 -1       418-3.41142E-02-3.18887E-02-1.65654E-03
 -1       419 2.98295E-02-1.34711E-03 1.37388E-03
 -1       420-2.18749E-02-9.53198E-03-7.04628E-04
 -1       421-1.41470E-02-3.86225E-03 5.15584E-02
 -1       422 2.76201E-02 1.20699E-02-1.85652E-03
 -1       423-2.83933E-03 4.38915E-03-3.51234E-03
 -1       424-9.63525E-03-1.54599E-02-2.24072E-02
 -1       425 1.41559E-02 2.16619E-02-1.24104E-02
 -1       426 4.24911E-03-3.10224E-02 8.74920E-04
 -1       427 2.38240E-02-6.98497E-02 4.99809E-02
 -1       428 2.01251E-02-1.46521E-03 5.02271E-03
 -1       429 1.66793E-02 2.81190E-03 5.34619E-03
 -1       430 2.01870E-02 3.04182E-02-1.39028E-02
 -1       431-6.15035E-02-4.16349E-02 7.84943E-02
 -1       432 4.96587E-02-3.39107E-02-4.01735E-04
 -1       433-1.49130E-02 4.51757E-02 8.51258E-03
 -1       434-7.15330E-03 8.33255E+01 2.36972E-02
 -1       435 1.82851E-02-1.66733E+02-4.18407E-03
 -1       436-4.74995E-02-1.66607E+02-5.28934E-02
 -1       437 4.37100E-03-1.66630E+02-5.68314E-02
 -1       438 2.49454E-02-1.66694E+02 5.04083E-03
 -1       439 1.34609E-02 1.78962E-02 4.75017E-02
 -1       440-1.22058E-02 1.14790E-02-4.84752E-02
 -1       441-3.80515E-02-4.20652E-02-1.82671E-02
 -1       442-3.86216E-02-7.57305E-03 3.28281E-02
 -1       443-7.35713E-02 1.88955E-03 3.07315E-02
 -1       444 4.80507E-02 2.89350E-02-1.12233E-02
 -1       445 2.13584E-02-1.26296E-02 4.10015E-02
 -1       446 2.82024E-02-4.87757E-02-2.85088E-02
 -1       447 6.88901E-02-8.48811E-04-2.46586E-02
 -1       448-6.12634E-02 2.85544E-02 7.26899E-02
 -1       449 1.22520E-02 2.01471E-03 1.93899E-02
 -1       450-5.15533E-02-6.12493E-02-4.84187E-03
 -1       451 3.35610E-02-2.26806E-02-1.21857E-02
 -1       452-3.46057E-02 5.43343E-02 2.67860E-02
 -1       453 3.44253E-02 3.22606E-02-2.08168E-02
 -1       454 1.63235E-02-6.58879E-03-3.08018E-02
 -1       455-1.06258E-03-7.72861E-03 1.38782E-02
 -1       456-4.17919E-02-9.55891E-03 2.17404E-02
 -1       457-1.68534E-02-1.04484E-02 1.82470E-02
 -1       458-4.09870E-02 2.56191E-02 1.65166E-02
 -1       459-1.42273E-02-2.89271E-02-4.15203E-03
 -1       460 3.73383E-02-2.16843E-02-1.54101E-02
 -1       461 1.65549E-03 1.89969E-03-1.94790E-03
 -1       462 1.26181E-02-4.76983E-03 1.11788E-02
 -1       463-4.61372E-02 6.64103E-03 2.91169E-02
 -1       464-3.33669E-02-1.89867E-02 1.98868E-02
 -1       465 1.71776E-02-1.11228E-02-4.01903E-02
 -1       466 5.98787E-02-9.40200E-03-1.39406E-02
 -1       467 1.23883E-02-1.28619E-03-1.05847E-02
 -1       468 1.37801E-02 8.25717E-03 1.07980E-02
 -1       469-5.49522E-02 2.62462E-03 9.96721E-03
 -1       470 2.43995E-02-2.20122E-02 3.88386E-03
 -1       471 5.16415E-03-2.61158E-03-7.26312E-03
 -1       472 1.24233E-02-4.42584E-02-1.25711E-03
 -1       473-4.35685E-02 2.18302E-02-5.82000E-03
 -1       474-6.26850E-02-3.76742E-02-2.19546E-02
 -1       475-4.11229E-02 1.31695E-02-1.18813E-02
 -1       476 2.76951E-02-5.50784E-03 8.69574E-03
 -1       477 1.78821E-01 4.28627E-02-4.55210E-02
 -1       478 3.58580E-03 3.00366E-03-9.03490E-03
 -1       479 8.17823E-02 5.05762E-02-2.97244E-02
 -1       480 1.12714E-02-3.08084E-02 1.57209E-02
 -1       481 1.60329E-01-7.88827E-03 2.62995E-02
 -1       482 5.22595E-03-6.45950E-03 3.01348E-02
 -1       483-9.42959E-04-6.58471E-04-5.90887E-04
 -1       484-1.46923E-02-8.81752E-03-8.69904E-03
 -1       485-1.44390E-01-7.13683E-03 2.82245E-02
 -1       486 2.53300E-02 2.81575E-02 2.38247E-02
 -1       487 1.33660E-01 3.76701E-02-3.07539E-02
 -1       488-5.24166E-02 5.62128E-03-4.52612E-02
 -1       489-2.50060E-01-4.29945E-03-1.23156E-02
 -1       490 2.59753E-02-4.01688E-02 2.26556E-02
 -1       491 2.63443E-01 7.48852E-03-6.50344E-02
 -1       492-2.05277E-02-5.41687E-03-1.30468E-02
 -1       493-6.02750E-02 2.88788E-02-1.65485E-02
 -1       494 1.93689E-02 2.54243E-02 3.15944E-02
 -1       495 1.72632E-01 7.98963E-02 4.91806E-03
 -1       496-2.76421E-02 2.10253E-02-2.17055E-02
 -1       497-1.06916E-01 4.24684E-02-1.24228E-02
 -1       498 3.55066E-02-7.81178E-03 1.14451E-02
 -1       499 1.22404E-01-2.35159E-02-1.06824E-02
 -1       500 3.08234E-02-3.46019E-02 1.97889E-02
 -1       501-8.27073E-02-5.56276E-03 4.36847E-02
 -1       502 6.78269E-03-3.32860E-02-1.13867E-02
 -1       503 2.27151E-02-4.92978E-02 2.73424E-03
 -1       504-2.07303E-02 1.92546E-02-3.71677E-03
 -1       505-5.71470E-03 3.88312E-02-3.14528E-02
 -1       506-1.33863E-02 1.45280E-02 3.55981E-03
 -1       507 6.96975E-02-7.74824E-03 9.39628E-03
 -1       508 1.95655E-02-9.10626E-03 4.59871E-03
 -1       509 7.01951E-02 7.23652E-03-2.03470E-02
 -1       510 6.06631E-03 2.60107E-02-1.20272E-02
 -1       511 5.28183E-02-1.49724E-02-1.50870E-02
 -1       512-1.73382E-02 1.83492E-02 3.43576E-03
 -1       513 2.36311E-02 4.30656E-02 2.55074E-02
 -1       514-1.89356E-04-3.22495E-02 1.02264E-02
 -1       515-8.17466E-02 3.39682E-02 7.51146E-03
 -1       516 8.80800E-03-6.39950E-03 3.09031E-03
 -1       517 9.36872E-02-4.94923E-02-4.21748E-02
 -1       518-5.14810E-03 2.12279E-02-9.23886E-03
 -1       519-6.06009E-02 3.41681E-02 2.90524E-03
 -1       520 1.01505E-02 2.03503E-02 2.40026E-03
 -1       521 6.71935E-02-2.32557E-02-1.58420E-02
 -1       522-1.55867E-02-3.61819E-03 3.00629E-04
 -1       523 1.42314E-02 1.29134E-02-1.32124E-02
 -1       524 3.28251E-02 1.09836E-03 1.98882E-02
 -1       525 2.61339E-02 2.59476E-02 4.75134E-02
 -1       526-2.21075E-02 2.42486E-02-2.68529E-02
 -1       527-1.93520E-01-5.99382E-03 1.40098E-02
 -1       528 1.79508E-02-2.12098E-02 1.42552E-02
 -1       529 4.72028E-02 1.11701E-02-1.80186E-02
 -1       530-3.72611E-02-1.09223E-02-2.79695E-02
 -1       531-8.52864E-02-1.89434E-02-1.29077E-02
 -1       532-1.12996E-02 1.51306E-02-9.79124E-03
 -1       533 1.38513E-01 2.43717E-02-1.14434E-02
 -1       534-1.45918E-03 2.00529E-02-1.37981E-02
 -1       535-1.30498E-02-2.50507E-03-2.10371E-02
 -1       536 3.46061E-03-1.05568E-02 7.36446E-03
 -1       537 2.99605E-02 2.08165E-02 1.58369E-03
 -1       538 4.67028E-02-4.94475E-02-5.39497E-03
 -1       539-5.39945E-03-3.68335E-03 2.87189E-02
 -1       540 5.02943E-02 1.89498E-03 7.60463E-02
 -1       541-7.57620E-03 4.44892E-02 3.68244E-02
 -1       542 2.33933E-02 5.84625E-02 4.14802E-02
 -1       543 2.63455E-03-4.82779E-02-1.32645E-02
 -1       544 2.12882E-02 1.23794E-02 2.45195E-03
 -1       545 1.12016E-02 2.53320E-02-7.24233E-03
 -1       546 6.92914E-02 4.00553E-02 2.75239E-02
 -1       547-2.08724E-02 3.47482E-02-7.38055E-03
 -1       548-1.40181E-02-5.15613E-03 1.59372E-02
 -1       549-2.59006E-03-1.84287E-03 1.38984E-02
 -1       550 2.05236E-02 5.58586E-02 4.02273E-02
 -1       551-1.29653E-03-2.05925E-02-3.48389E-02
 -1       552 2.41317E-02-2.85804E-02-1.63775E-02
 -1       553-4.14812E-02 9.81081E-03 5.80008E-03
 -1       554 1.28569E-02 2.90596E-02 3.54550E-02
 -1       555 3.63576E-03-2.59373E-02-1.26293E-02
 -1       556 7.32208E-03 3.25619E-03-9.23774E-03
 -1       557-1.49674E-02 4.35392E-03-1.52536E-02
 -1       558-1.83565E-02-2.06866E-02 5.24890E-03
 -1       559 2.79990E-02 2.36861E-02 4.01148E-02
 -1       560 5.00843E-04 3.77619E-02-1.52064E-02
 -1       561 9.63772E-03 7.92634E-03-3.08296E-03
 -1       562-9.14451E-03-1.78996E-02-1.06699E-02
 -1       563 1.00477E-02-5.09989E-03 6.66215E-03
 -1       564-1.63893E-02 1.64068E-02 5.30181E-03
 -1       565 1.91359E-02 1.75064E-02 2.76901E-02
 -1       566-6.72010E-03-1.03334E-02-1.55847E-02
 -1       567 1.38664E-02-5.96952E-04-6.06311E-03
 -1       568 5.27968E-03 2.59782E-02 2.93807E-03
 -1       569-1.04974E-02 1.49711E-02 2.01036E-02
 -1       570 4.67562E-03-1.17936E-02-1.33175E-02
 -1       571 1.70876E-02-2.01528E-02-1.31896E-02
 -1       572 3.12915E-01 6.35217E+02 9.77891E+00
 -1       573-5.54339E+03-9.01402E+02-6.32084E+00
 -1       574-4.50493E+01-6.04838E+02-1.15548E+01
 -1       575 4.36887E+01-6.04886E+02-1.15858E+01
 -1       576 5.54203E+03-9.01491E+02-6.23504E+00
 -1       577-3.11517E-02 7.51555E-03 1.30922E-02
 -1       578 5.92591E-02 2.75477E-02 3.01016E-02
 -1       579 1.57417E-03 1.71672E-02-8.93489E-03
 -1       580-7.09832E-02-2.63695E-02-5.80364E-03
 -1       581 3.38770E-02 1.36535E-02-1.80955E-03
 -1       582 6.62188E-02 2.45248E-02-1.04627E-02
 -1       583 2.36374E-02-1.80908E-02-1.30905E-02
 -1       584-1.46457E-02-2.76247E-02 2.13806E-02
 -1       585 2.71080E-02-1.52357E-03-1.34246E-02
 -1       586-9.28641E-02-2.55846E-02-2.79616E-03
 -1       587 7.31195E-02 1.43407E-02 1.49932E-02
 -1       588 3.70608E-02 2.90222E-02-5.95087E-03
 -1       589 5.66302E-02 2.59870E-02 1.21918E-02
 -1       590 1.21830E-02-5.52035E-03-1.22202E-02
 -1       591-4.63449E-02-8.24017E-03 2.72471E-02
 -1       592 6.62519E-02-1.95011E-02 9.15073E-04
 -1       593 4.63621E-02-1.13655E-02 1.53299E-02
 -1       594-6.87799E-02 3.42268E-02 2.25172E-02
 -1       595 1.37030E-02-1.02289E-02-2.66139E-04
 -1       596-5.69639E-03 9.00240E-03 2.61567E-02
 -1       597 2.37512E-02-8.22815E-03-7.77940E-02
 -1       598 3.75597E-02-4.66029E-03 2.46684E-03
 -1       599-3.74597E-02 1.68981E-02 5.90627E-02
 -1       600-8.88770E-03 2.05273E-02 1.71630E-02
 -1       601-7.39884E-03-3.37151E-02 4.59755E-02
 -1       602 2.61132E-03-6.54393E-02-1.39526E-02
 -1       603 2.96847E-02 1.83530E-02 7.45855E-02
 -1       604 6.95468E-02 1.85721E-04 2.21185E-02
 -1       605-7.07144E-03-2.55933E-03 1.10971E-02
 -1       606 2.62055E-02 1.71841E-02 2.41160E-02
 -1       607-8.15297E-02-2.37566E-02-3.79780E-02
 -1       608-5.97854E-03 1.81947E-02-4.26598E-02
 -1       609-5.24429E-03 2.69406E-02 4.67709E-02
 -1       610 9.64988E-03-1.44433E-03-2.62482E-02
 -1       611-4.85910E-02-2.24469E-02 8.74883E-03
 -1       612 5.82506E-04-1.10253E-02 1.39033E-03
 -1       613 4.59337E-02 8.54220E-03-2.99332E-02
 -1       614 1.00911E-02-7.69855E-03-2.72409E-02
 -1       615-6.34329E-02-1.99141E-02-2.26014E-03
 -1       616-3.85750E-02-1.22741E-02-1.24565E-02
 -1       617 2.16393E-01-8.75533E-03 2.27223E-02
 -1       618 5.74176E-03 2.10816E-03 3.26330E-02
 -1       619-1.53683E-01 2.79499E-02 1.70696E-02
 -1       620-1.13083E-02-2.60275E-02 1.91310E-02
 -1       621-4.11240E-02-4.54916E-02-1.20324E-02
 -1       622-2.38795E-03 8.49552E-03 1.67386E-02
 -1       623-1.95676E-01-3.75164E-03 3.54222E-02
 -1       624 1.31277E-02 4.95660E-03-5.04703E-02
 -1       625 2.21220E-01 8.79804E-02-4.52904E-02
 -1       626-3.26314E-03 4.98670E-03 2.11262E-02
 -1       627-1.44500E-01-2.32103E-02-8.09421E-03
 -1       628 1.92653E-02-7.10605E-03-5.54046E-03
 -1       629 1.92315E-01-1.53605E-02 4.66618E-02
 -1       630 2.11425E-03 1.44477E-02-8.55170E-03
 -1       631-3.01428E-01-2.76167E-03-3.81343E-02
 -1       632-7.21865E-03 8.75107E-03 2.81884E-02
 -1       633-8.28338E-02 1.82068E-02 3.15548E-02
 -1       634 1.89729E-02-1.70121E-02-2.21431E-02
 -1       635-3.67701E-02-2.70764E-02-2.36372E-02
 -1       636-6.62338E-03-3.48883E-02 8.03187E-03
 -1       637-8.80951E-02-4.29796E-03-4.44170E-02
 -1       638 1.03708E-02 1.10171E-02-3.59852E-02
 -1       639-2.81651E-02-1.15911E-02 1.43027E-02
 -1       640-7.31566E-03 1.20542E-02-9.13738E-03
 -1       641 4.68252E-02-1.11953E-02-6.03464E-02
 -1       642 6.48870E-03 3.60190E-03 1.92773E-02
 -1       643-1.02797E-01 3.53159E-02 3.35568E-02
 -1       644-9.90719E-03-2.06967E-02-5.89498E-03
 -1       645-2.16051E-02-2.59356E-02 3.74623E-02
 -1       646 1.17681E-02 1.54278E-02-2.93201E-02
 -1       647 9.17904E-02 1.04800E-02 3.69552E-03
 -1       648 4.37090E-02 6.56319E-03-1.42580E-02
 -1       649-1.98484E-01 1.55900E-02-9.48798E-02
 -1       650-1.40979E-02-7.44624E-02 3.16397E-02
 -1       651 1.47897E-01-2.42509E-02-5.29624E-02
 -1       652 4.17323E-02-3.60494E-03-6.12283E-02
 -1       653-2.13600E-01 1.90957E-02 2.18052E-02
 -1       654-4.40858E-02 1.49064E-03 7.99075E-03
 -1       655 1.69981E-01 5.67317E-02-4.65074E-02
 -1       656 2.42927E-02-3.14713E-03 2.51135E-02
 -1       657-1.60506E-02 4.91136E-02-2.26281E-02
 -1       658-4.55492E-02 3.43064E-04-2.07798E-02
 -1       659 1.64506E-01 1.40661E-02-4.56485E-02
 -1       660 3.59234E-02 2.61973E-02-5.67548E-02
 -1       661-1.23648E-01-3.58622E-02-7.71378E-03
 -1       662 4.73112E-02-1.73356E-02-6.33326E-02
 -1       663 2.80758E-02 4.86501E-03-7.45206E-02
 -1       664-2.17265E-02 1.21946E-02-5.13582E-02
 -1       665-3.30428E-01 1.36240E-02-6.64575E-02
 -1       666 2.84536E-02-1.25847E-02-3.04617E-02
 -1       667 1.53689E-01 1.56135E-02-7.79603E-02
 -1       668 4.62180E-02-3.70462E-02 1.12215E-02
 -1       669-6.92743E-02 1.27908E-02 1.63888E-03
 -1       670 2.05961E-02-3.10485E-02 2.74453E-02
 -1       671 1.39905E-01 2.08266E-02 3.75918E-04
 -1       672-5.20945E-02-6.83597E-02-1.39130E-03
 -1       673-5.92422E-04-4.95237E-02-5.33610E-03
 -1       674 3.72091E-02 5.29120E-04-5.25995E-02
 -1       675 1.37376E-02 4.93383E-02-7.10648E-02
 -1       676-1.34644E-01 1.20391E-02-3.31523E-02
 -1       677-2.50526E-02 4.15570E-03 4.44489E-02
 -1       678 9.79819E-03-2.89451E-02-6.07958E-02
 -1       679 1.06528E-02 1.82750E-02 8.92256E-03
 -1       680 2.36557E-02 3.12811E-03 3.21304E-02
 -1       681-3.84380E-03-8.70240E-03-1.42218E-02
 -1       682-1.45213E-02 6.79493E-03 2.42862E-02
 -1       683-4.81224E-02 3.91404E-02-3.89864E-03
 -1       684 2.23209E-02-9.77319E-03-2.79030E-02
 -1       685-5.07843E-03-7.57870E-03 1.31582E-02
 -1       686 2.58891E-02-1.26893E-03 6.35656E-03
 -1       687 2.44964E-02 5.41298E-03-9.15504E-03
 -1       688-2.74776E-04 2.90145E-03 7.37479E-03
 -1       689-4.45562E-03-9.58004E-03-1.63910E-02
 -1       690-4.13299E-02 1.87572E-02-3.13990E-02
 -1       691-1.47017E-02 1.52467E-02 3.18294E-02
 -1       692 1.81062E-02 8.34265E-03 1.54732E-02
 -1       693 3.41822E-02-5.44079E-03-6.98265E-02
 -1       694-1.43036E-02-2.21046E-03-2.45851E-02
 -1       695 2.67141E-03 2.12676E-03-2.10744E-02
 -1       696-1.73618E-02-1.12093E-02 2.63540E-02
 -1       697 1.47027E-02 1.75697E-03 3.82221E-02
 -1       698-3.42549E-02 4.48589E-02 2.29500E-02
 -1       699 4.03565E-02-1.27479E-02-7.26479E-02
 -1       700-9.03195E-03 1.80520E-02-5.08498E-02
 -1       701 3.25633E-02-4.23955E-03-1.38989E-02
 -1       702-4.48648E-02 8.44955E-02-1.97971E-02
 -1       703 3.05851E-03-2.03955E-02-8.61658E-03
 -1       704-1.60211E-02-2.63370E-02-7.66648E-03
 -1       705-5.77710E-02 7.09526E-02-1.16375E-01
 -1       706-1.80361E-02 5.26723E-02-3.21599E-02
 -1       707 4.81460E-02 3.83304E-02 6.97887E-02
 -1       708 3.53244E-02 3.20667E-02 3.18938E-02
 -1       709 6.35399E-03 6.38497E-02-8.97622E-02
 -1       710 1.05706E-02 1.70454E-02-2.07105E-02
 -1       711-2.64828E-02 3.72939E-02-2.97765E-02
 -1       712 1.64656E-02-2.66982E-03 3.29982E-03
 -1       713-1.95416E-02-2.84057E-02 3.11372E-03
 -1       714-3.32898E-02-7.91051E-03 3.07091E-02
 -1       715-9.45000E-03 6.99856E-03-2.76207E-02
 -1       716 2.81645E-02-1.16330E-02-5.14114E-02
 -1       717-3.55880E-02-1.44448E-04 5.56630E-02
 -1       718-4.46109E-02 1.35058E-02 2.12216E-02
 -1       719-1.14618E-01 5.29832E-02-2.08285E-02
 -1       720-5.70461E-02-8.60611E-03 1.05851E-02
 -1       721 3.18672E-02-5.80463E-02-6.49481E-03
 -1       722 3.35482E-02 1.62294E-02 3.39975E-02
 -1       723-8.73966E-02 2.36448E-02 1.87880E-02
 -1       724-3.98740E-02-2.09934E-02-4.38592E-02
 -1       725-7.54294E-02 1.01333E-02 1.71483E-02
 -1       726-6.05940E-02 2.82716E-02 4.37418E-02
 -1       727-7.62266E-03-2.10278E-02 1.64495E-02
 -1       728 1.81599E-02 1.99166E-02 1.70703E-02
 -1       729-1.86216E-02 2.12809E-02 3.03894E-02
 -1       730-3.42199E-02-2.00041E-02 5.35765E-02
 -1       731 1.34725E-02-2.69991E-02-1.49874E-02
 -1       732-3.09209E-02 2.99266E-02 1.40888E-03
 -1       733-4.66606E-02 8.70740E-02 8.38061E-02
 -1       734 5.57265E-03-4.45221E-02-7.90294E-03
 -1       735 1.04410E-02-7.30770E-02-6.61040E-03
 -1       736-9.32560E-02 3.56497E-02 5.40152E-02
 -1       737-6.60283E-02 1.07563E-02 1.49941E-02
 -1       738-4.43004E-02-2.17885E-02 5.60074E-02
 -1       739 7.77422E-03-4.25592E-03 1.05683E-01
 -1       740-1.79127E-02 7.54652E-03 6.53708E-02
 -1       741-2.92671E-02-5.17345E-03 1.07927E-02
 -1       742 1.14575E-02 3.30178E-02 1.03953E-01
 -1       743 3.23533E-02 1.92611E-02-2.03356E-02
 -1       744 2.25071E-02 4.96333E-03 7.43904E-02
 -1       745 9.48113E-02-3.37588E-02 2.47729E-02
 -1       746 5.28983E-03 9.39237E-03 5.35466E-02
 -1       747-1.11574E-01 1.62127E-02-1.81051E-03
 -1       748-2.65132E-02 1.79881E-02 2.58602E-02
 -1       749 1.31319E-01-2.29587E-02 8.06025E-03
 -1       750 2.93373E-02-2.23639E-03-6.00721E-02
 -1       751-9.98360E-03 2.23880E-02-1.89402E-02
 -1       752 3.94629E-02-2.06695E-02-1.62528E-02
 -1       753 5.28954E-02 1.40377E-02-2.58688E-02
 -1       754-2.94972E-02 2.97990E-02 6.97468E-02
 -1       755-1.45347E-01 3.10942E-03 3.74465E-02
 -1       756-1.14472E-02 1.50774E-02 2.10199E-02
 -1       757 2.39364E-01-2.90259E-02 1.17045E-02
 -1       758-3.73007E-03 4.36427E-03-5.34071E-02
 -1       759 1.35977E-01-5.20341E-03-4.00651E-02
 -1       760 2.69100E-02-1.52302E-02-2.33429E-03
 -1       761 3.52604E-01-3.25598E-03 2.43124E-02
 -1       762 3.51261E-02-1.61907E-02 1.32594E-02
 -1       763-8.65866E-02-1.67942E-02-2.24184E-02
 -1       764-2.79481E-03 8.81769E-04-1.81247E-02
 -1       765-2.32318E-02 4.55291E-02-1.12459E-02
 -1       766-4.84913E-02 3.70072E-02-2.30646E-02
 -1       767-5.54756E-02-2.20295E-03-1.80769E-02
 -1       768 2.86036E-02-1.95225E-02 1.35646E-02
 -1       769 1.86749E-01-3.27194E-02 5.83054E-04
 -1       770 2.76525E-02-5.14743E-04-1.14503E-03
 -1       771 2.29872E-01 1.68150E-02 2.54601E-02
 -1       772-1.76153E-03 8.94950E-03-1.95846E-02
 -1       773 2.03763E-01-1.29124E-03-4.72498E-03
 -1       774 1.01479E-02 9.07432E-03-4.23180E-02
 -1       775 5.09678E-02-2.24867E-02-1.71076E-02
 -1       776 2.67038E-02 7.28345E-03-4.81415E-02
 -1       777-6.34287E-02 2.21962E-02-6.90910E-02
 -1       778 2.04951E-02-1.77184E-02-5.63884E-04
 -1       779 2.11755E-01-3.86341E-02 1.19060E-02
 -1       780-4.13354E-02-1.21035E-02 8.79836E-03
 -1       781-1.01185E-01-8.38173E-04-5.40740E-03
 -1       782 1.42784E-02-4.38782E-03 4.30050E-03
 -1       783 1.45910E-01 5.35968E-02-2.30833E-02
 -1       784-3.51045E-03 5.95416E-02 1.02695E-02
 -1       785-8.20971E-02-8.62685E-03-3.02340E-02
 -1       786 1.31636E-02 6.20770E-03-2.66312E-02
 -1       787 1.62421E-01-8.04187E-02-2.31207E-02
 -1       788 1.48080E-02-8.23656E-03-6.13600E-02
 -1       789 4.39867E-02-1.52288E-02-6.68832E-03
 -1       790 3.85911E-02-7.72737E-02-1.65169E-01
 -1       791 1.23872E-01 4.73818E-02-5.41873E-02
 -1       792-4.56671E-02 4.97165E-02 9.76889E-03
 -1       793-1.18432E-01 4.77044E-02-7.27542E-02
 -1       794 2.44234E-02 1.16394E-02-2.52657E-02
 -1       795 2.40202E-01-5.75989E-03 1.84270E-02
 -1       796 9.82091E-03 1.87313E-02-8.83701E-02
 -1       797 7.25790E-02-2.73848E-02 1.64339E-02
 -1       798-2.29714E-02 3.36901E-02-4.47018E-02
 -1       799 1.67950E-01 3.66084E-03-9.53442E-04
 -1       800-1.11951E-02 2.05200E-02-5.02269E-02
 -1       801 5.03650E-02-2.84754E-02-4.46340E-02
 -1       802-4.14740E-02-1.09155E-02-1.12697E-01
 -1       803 1.16441E-01-7.20332E-03-3.50653E-02
 -1       804 6.35359E-03 1.04628E-02-6.71415E-02
 -1       805 4.27763E-02-2.60691E-02-1.27346E-01
 -1       806-1.26691E-02-4.62316E-02 7.41734E-02
 -1       807-1.77403E-02 1.37797E-02-1.03833E-01
 -1       808-2.86173E-02-1.33445E-02-4.60525E-02
 -1       809 6.47794E-02-5.49572E-03-1.67995E-02
 -1       810 1.05567E-03 2.07896E-04-7.89265E-02
 -1       811-2.99417E-02-2.38115E-02 4.17772E-02
 -1       812-1.53401E-02-1.94801E-02 6.63879E-03
 -1       813 2.03726E-02 1.75569E-02-1.74178E-02
 -1       814-4.33865E-03 2.88675E-02-7.37222E-02
 -1       815 7.86709E-03-9.98386E-04 1.22651E-03
 -1       816-2.18061E-02-3.74245E-02 5.77652E-02
 -1       817 2.75558E-02 1.08329E-02-8.59358E-03
 -1       818-3.05125E-02 4.39832E-04-9.80424E-03
 -1       819-6.08172E-04 7.78627E-04-1.67569E-03
 -1       820 3.41765E-02 7.36957E-03-1.10945E-02
 -1       821 2.16486E-02 5.27591E-03-1.75752E-02
 -1       822-1.51959E-02-1.21552E-02-8.81271E-04
 -1       823-9.34374E-03-8.87563E-03-2.04219E-02
 -1       824 1.33070E-02-8.45751E-03-1.55309E-02
 -1       825 2.84641E-02-1.22883E-02 5.74420E-02
 -1       826 1.39962E-02 1.45783E-02-2.31384E-02
 -1       827-6.16090E-02 7.50092E-03-8.37228E-02
 -1       828 3.48757E-02 6.61203E-03 2.52956E-03
 -1       829 9.64995E-03 1.50315E-03-6.19928E-02
 -1       830 1.66905E-02 2.55299E-02-8.74846E-02
 -1       831-5.00733E-02-1.73551E-02 2.25114E-02
 -1       832-1.37026E-02-7.62271E-04-1.85681E-02
 -1       833-2.58929E-02-6.17041E-02-2.27792E-02
 -1       834-9.87265E-04 1.70957E-02-4.88925E-02
 -1       835 8.97877E-03 4.74873E-03-2.29207E-03
 -1       836-2.24435E-02-7.26398E-03-7.20766E-02
 -1       837-5.52475E-03-1.19282E-02-7.42124E-02
 -1       838 4.26907E-03-3.29425E-02-1.15648E-01
 -1       839 1.66894E-02-1.48718E-02-9.17254E-02
 -1       840 1.41841E-03 3.77423E-02-6.78807E-02
 -1       841 8.77468E-03 2.21029E-02-8.45794E-02
 -1       842-8.94917E-02 3.03583E-02-8.12692E-02
 -1       843-3.22194E-02-1.74637E-02-9.08783E-03
 -1       844 2.09975E-02-5.36809E-02 9.84095E-03
 -1       845-1.62200E-02 8.54633E-02 1.34585E-02
 -1       846-5.39708E-02-5.23403E-03-2.21261E-02
 -1       847 3.86585E-02-5.23115E-02 6.82736E-03
 -1       848 5.54388E-02 3.93456E-04-1.96158E-02
 -1       849 1.65047E-02 1.09774E-02-4.34857E-02
 -1       850 1.53033E-02-1.43522E-02 5.88012E-02
 -1       851-1.22691E-02 2.71253E-02-1.12675E-02
 -1       852-1.78676E-01-1.91935E-02 3.60263E-03
 -1       853 3.73442E-02 2.83253E-03 3.56537E-02
 -1       854-8.60686E-03 2.34747E-02-1.41390E-02
 -1       855 1.16461E-02-2.47550E-02 5.37351E-02
 -1       856 5.37572E-02 1.28084E-02 2.15279E-02
 -1       857-7.82580E-02-1.08241E-03-1.87580E-03
 -1       858-9.89472E-02-5.93120E-04 2.22730E-02
 -1       859 4.68636E-02 9.83311E-03 3.05528E-02
 -1       860-5.77470E-02 3.15087E-02-2.07465E-02
 -1       861 2.26162E-02 3.52541E-02 4.10589E-02
 -1       862 1.05550E-02 4.24931E-02 8.15439E-02
 -1       863-6.42326E-02-3.39104E-02 1.52216E-02
 -1       864-6.84066E-02-6.58168E-02-9.56951E-03
 -1       865 1.71032E-02 3.78974E-02 4.68059E-02
 -1       866-8.49818E-02 6.35796E-02 1.71331E-01
 -1       867-2.91435E-03-1.68118E-03 7.10718E-02
 -1       868-1.74894E-02-1.28691E-01-5.81563E-02
 -1       869-2.76548E-02-4.20332E-02 3.20698E-02
 -1       870 1.00744E-01 4.39232E-02 7.56040E-03
 -1       871-1.44501E-01 1.60442E-02 1.26565E-01
 -1       872 5.15200E-02-2.74527E-02 1.46632E-01
 -1       873-6.15945E-02-2.84223E-03 5.22426E-02
 -1       874-1.16834E-01 3.56117E-02 4.94057E-02
 -1       875-8.77219E-02 1.97628E-02 1.22670E-01
 -1       876-3.04291E-02-1.53128E-02 3.78130E-03
 -1       877 6.46387E-02-1.62131E-01-8.16096E-04
 -1       878-2.70838E-02-5.23843E-03 7.28585E-04
 -1       879 1.02755E-02-2.88869E-02 3.83874E-03
 -1       880-4.17637E-03 3.61232E-02-2.24172E-03
 -1       881 1.81537E-01 8.04078E-02-1.64950E-02
 -1       882-3.05578E-02-2.03815E-02 4.95548E-04
 -1       883 1.49618E-02 2.52284E-02-7.71038E-03
 -1       884 1.46090E-02-4.94834E-02 4.07905E-02
 -1       885-2.02153E-01-3.13262E-02 5.78601E-03
 -1       886 2.03508E-02-4.57854E-03-1.10705E-02
 -1       887-4.03281E-02 5.30080E-03-2.48373E-02
 -1       888 5.17583E-02 1.93081E-02-1.90161E-02
 -1       889 3.84911E-01 2.67422E-02 3.27455E-03
 -1       890-2.09615E-03 1.47509E-02 2.65714E-02
 -1       891-1.47980E-02 3.88997E-03 1.78543E-02
 -1       892-2.74379E-02 1.51351E-02-6.02320E-02
 -1       893-2.23147E-01 2.40922E-02 8.16814E-03
 -1       894 1.89166E-02-1.83784E-02 5.79748E-03
 -1       895 4.01046E-02-5.09678E-03 3.20624E-02
 -1       896 2.36497E-02-2.47305E-02 7.98851E-02
 -1       897-2.36044E-02 1.51654E-02-1.05828E-02
 -1       898-2.84697E-02-3.59162E-02 2.52014E-02
 -1       899-5.05622E-02 3.53308E-02 1.69934E-02
 -1       900-9.60633E-02-9.25458E-03 6.31203E-02
 -1       901-4.27089E-01-2.23212E-02 3.73703E-02
 -1       902-2.87174E-02 3.38475E-02 1.46599E-02
 -1       903-2.77464E-03-1.76071E-03 2.53475E-02
 -1       904 3.79793E-02 2.12906E-02-9.47859E-02
 -1       905 3.97629E-01 3.50775E-02 3.73407E-02
 -1       906 2.14536E-02 4.74596E-02-1.60317E-02
 -1       907-2.70815E-02 6.85586E-04 1.43714E-02
 -1       908-5.56723E-02 5.41816E-03-6.30122E-03
 -1       909-6.80591E-02 2.04417E-02-6.59923E-02
 -1       910-1.43459E-02 8.59021E-03 3.37640E-02
 -1       911 4.93925E-02-4.48853E-03-9.57259E-03
 -1       912 2.23688E-02 2.58481E-02 3.22829E-02
 -1       913 4.73914E-01-6.13229E-02 5.17344E-02
 -1       914 6.41114E-02 4.26376E-02-4.41313E-02
 -1       915 3.40526E-02 2.27321E-02-5.33763E-02
 -1       916 7.75827E-02-1.48884E-02-3.04993E-02
 -1       917-2.16687E-01 5.08564E-02-1.02797E-01
 -1       918 3.00199E-02-2.89501E-02-2.68075E-02
 -1       919-3.47015E-03-1.37894E-02-1.88042E-02
 -1       920 2.10701E-02-9.62467E-03 1.22114E-02
 -1       921-3.04823E-02-6.81647E-02-4.47990E-03
 -1       922-3.76329E-04-7.62502E-02 2.46722E-02
 -1       923-1.08512E-02-3.86594E-02-1.23452E-02
 -1       924 1.09296E-03-1.73193E-02-3.88707E-02
 -1       925-1.01892E-01 2.08545E-02-7.48262E-04
 -1       926-8.37036E-03-1.82788E-02-1.94789E-02
 -1       927 4.35650E-02 3.95897E-02-2.18729E-03
 -1       928-7.70336E-02-9.78054E-03-3.20085E-02
 -1       929 4.89837E-02 7.41355E-02-7.45997E-02
 -1       930-4.43355E-02 3.56433E-02 1.16141E-02
 -1       931-6.22237E-03 9.92758E-03-3.28257E-02
 -1       932-3.54852E-03 4.36334E-02-1.72114E-02
 -1       933 3.22061E-02-2.59203E-02 1.16421E-02
 -1       934 4.06009E-02 2.76167E-02-1.92660E-02
 -1       935-2.35752E-02-3.01636E-02-5.60901E-02
 -1       936 5.54125E-02-9.62739E-03-3.01488E-02
 -1       937 3.26673E-01-5.38874E-03-4.15361E-02
 -1       938 2.57105E-03-1.27555E-02 1.47649E-02
 -1       939-5.42498E-04 7.96154E-03 1.09268E-02
 -1       940 3.36132E-02-3.15033E-02-3.12780E-02
 -1       941 2.24936E-02-5.54582E-02-3.31469E-02
 -1       942 1.67742E-02 1.44674E-02-3.93921E-02
 -1       943 2.56850E-02 6.22957E-02-1.41187E-02
 -1       944-5.77544E-02-2.88805E-03-1.53269E-02
 -1       945-3.18788E-02 3.00728E-02-5.35314E-02
 -1       946 4.02317E-03-2.81056E-02-1.91544E-03
 -1       947-1.06207E-02 6.19004E-03-1.32231E-02
 -1       948 4.98932E-02 3.76658E-02-3.88621E-02
 -1       949 2.08929E-01-2.34796E-02 1.07675E-02
 -1       950 2.59924E-02-1.53047E-02-1.48394E-02
 -1       951-3.07286E-02-4.36825E-02-2.23879E-02
 -1       952-5.09592E-02 1.76016E-02 2.63653E-05
 -1       953-1.81465E-01 3.92921E-02-1.58955E-01
 -1       954-5.58224E-02 4.92851E-02-2.61633E-02
 -1       955 5.02692E-02-2.38154E-02-8.70294E-02
 -1       956 2.39974E-02-1.99802E-02-2.32501E-02
 -1       957 2.79104E-01-6.69879E-02-9.77441E-02
 -1       958-2.46373E-02 2.14883E-02 3.45295E-02
 -1       959 2.33363E-02-6.40470E-03 3.87497E-02
 -1       960-3.10346E-02-7.47720E-02-4.08725E-03
 -1       961-1.73758E-01-1.75562E-02-7.49883E-02
 -1       962-9.70241E-03-6.41215E-02-1.91782E-02
 -1       963 7.73186E-02 1.02297E-02-2.97575E-02
 -1       964 3.38202E-02-2.91847E-02-1.07760E-01
 -1       965 2.41587E-01-3.10949E-02-4.34287E-02
 -1       966-2.47260E-02-5.63541E-02-2.62512E-02
 -1       967-7.90530E-02 2.33908E-02-1.51339E-01
 -1       968-5.14016E-02 7.57210E-02-4.40193E-02
 -1       969 1.41590E-02-9.84754E-03-7.16536E-02
 -1       970 5.96890E-02-4.41046E-02-4.52338E-02
 -1       971 5.90634E-02-6.76486E-02-1.47169E-01
 -1       972 3.85539E-02 6.86060E-02-1.43609E-01
 -1       973 4.28728E-01 1.91267E-02-9.44003E-02
 -1       974 2.18266E-02 6.52014E-02-5.20233E-02
 -1       975-7.98225E-02 1.72018E-02-8.16905E-03
 -1       976-6.63680E-02 2.25058E-02-5.50310E-02
 -1       977-3.02925E-01 1.18414E-01-1.21439E-01
 -1       978 2.74313E-02 9.91190E-02-1.71379E-02
 -1       979 1.17477E-02 9.05331E-02 1.81039E-02
 -1       980-6.47221E-03 2.97984E-02-6.99716E-02
 -1       981 2.73799E-01 2.67698E-02-2.32159E-02
 -1       982-1.77548E-02 3.19253E-03 4.36399E-02
 -1       983 1.96884E-02 4.19791E-02-1.05330E-01
 -1       984-5.00809E-02-1.85397E-02-3.75939E-02
 -1       985-2.93496E-01-1.90153E-02-1.17686E-01
 -1       986 1.67763E-02-7.79453E-02-4.90015E-02
 -1       987-1.35783E-02-2.20315E-02-6.81552E-02
 -1       988-4.55764E-03 6.47747E-03-1.20932E-01
 -1       989 2.85349E-01 2.59987E-02-9.62670E-02
 -1       990 6.26280E-02-5.16423E-02-1.10801E-02
 -1       991 2.44953E-02 1.18436E-02-1.78024E-01
 -1       992-5.46714E-02 5.46437E-02-3.14429E-02
 -1       993 9.33307E-02-7.22615E-02-1.29214E-01
 -1       994 1.75209E-02-7.36163E-02-3.62553E-02
 -1       995-3.36151E-03 3.35267E-02-1.07309E-01
 -1       996 5.66451E-02 1.22857E-02-3.00264E-02
 -1       997 2.30711E-01 4.71682E-03-1.55405E-01
 -1       998 5.28213E-02 3.89760E-03-9.54874E-02
 -1       999-3.32354E-03 4.56985E-02-1.58311E-02
 -1      1000-2.06417E-02-8.36970E-03-1.01623E-01
 -1      1001 1.01768E-01-3.06366E-02-1.37777E-01
 -1      1002-9.59569E-02-4.66540E-02 4.99918E-02
 -1      1003-4.40469E-02 2.53053E-04-4.69801E-02
 -1      1004 3.24170E-02 1.15001E-02-1.89226E-01
 -1      1005 9.97723E-02 9.10119E-04-1.37106E-01
 -1      1006 6.43151E-02-5.31379E-02-5.07650E-02
 -1      1007 2.77984E-02-5.39035E-02-1.58316E-01
 -1      1008-3.92558E-02 6.46812E-03-5.01024E-02
 -1      1009 3.66722E-02-4.03004E-02 2.05921E-02
 -1      1010-1.60462E-02 1.53380E-02 1.48225E-02
 -1      1011-5.37604E-02 4.13083E-03 7.11152E-03
 -1      1012 5.55920E-02 3.11544E-02 8.97993E-03
 -1      1013 3.01391E-03 2.41966E-02-3.34059E-02
 -1      1014-1.71008E-02 4.76024E-03 2.15164E-02
 -1      1015-1.16302E-03-1.61348E-02 4.60503E-02
 -1      1016-6.67075E-03-7.40968E-03-4.70381E-02
 -1      1017-1.95186E-02-2.82004E-02-7.39202E-04
 -1      1018 6.18088E-03-3.34757E-02-1.47949E-02
 -1      1019 5.45532E-02 1.25019E-02-4.34511E-02
 -1      1020 2.50910E-02 4.19132E-02 5.28500E-02
 -1      1021 7.21328E-03 3.95316E-03-2.50455E-02
 -1      1022-5.02958E-02-2.03415E-02-2.88460E-02
 -1      1023-3.71624E-02-1.29815E-02 2.33111E-02
 -1      1024 3.30458E-02-2.89753E-02-1.30508E-02
 -1      1025 1.80787E-02-5.11087E-02-5.75461E-02
 -1      1026-7.79835E-02 1.10494E-02-3.60839E-02
 -1      1027-1.28311E-02 9.50417E-04-3.09075E-02
 -1      1028 4.12512E-02-3.41407E-02-2.87699E-02
 -1      1029 6.93623E-02-4.11712E-02-6.04200E-02
 -1      1030-1.18777E-02 6.42265E-02-7.76135E-03
 -1      1031-1.11771E-02 3.51961E-02-1.16235E-03
 -1      1032 3.43150E-02-1.10136E-01-7.21120E-02
 -1      1033-3.83874E-02 4.35608E-02 3.13727E-03
 -1      1034-2.17949E-02 2.98226E-02-1.95038E-02
 -1      1035 1.01264E-02-9.04125E-02-7.32723E-02
 -1      1036 6.55215E-02-5.17311E-02-7.22393E-03
 -1      1037-2.78430E-02-2.41406E-03-4.05226E-03
 -1      1038-5.18549E-02 1.93454E-02-1.33167E-01
 -1      1039-6.01651E-02-4.83516E-02-1.40010E-01
 -1      1040 7.15845E-02-6.13955E-02-4.26291E-02
 -1      1041-5.76746E-02 1.63215E-02-4.41634E-02
 -3
 9999
