    1C
    1UHash: bQxHmeFI, Date: 04/20/2026, Unit system: M_KG_S_C           
    1UUSER                                                              
    1UDATE              20.april.2026                                   
    1UTIME              12:34:42                                        
    1UHOST                                                              
    1UPGM               CalculiX                                        
    1UVERSION           Version 2.23                             
    1UCOMPILETIME       Thu Apr  9 09:51:55 CEST 2026                    
    1UDIR                                                               
    1UDBN                                                               
    1UMAT    1S235                                                      
    2C                          1041                                     1
 -1         1-1.00000E+00 1.00000E-01-5.00000E-02
 -1         2-1.00000E+00-1.00000E-01-5.00000E-02
 -1         3 1.00000E+00-1.00000E-01-5.00000E-02
 -1         4 1.00000E+00 1.00000E-01-5.00000E-02
 -1         5 1.00000E+00-1.00000E-01 5.00000E-02
 -1         6 1.00000E+00 1.00000E-01 5.00000E-02
 -1         7-1.00000E+00-1.00000E-01 5.00000E-02
 -1         8-1.00000E+00 1.00000E-01 5.00000E-02
 -1         9-1.00000E+00-6.93889E-17-5.00000E-02
 -1        10-1.00000E+00 5.00000E-02-5.00000E-02
 -1        11-1.00000E+00-5.00000E-02-5.00000E-02
 -1        12-9.41176E-01-1.00000E-01-5.00000E-02
 -1        13-8.82353E-01-1.00000E-01-5.00000E-02
 -1        14-8.23529E-01-1.00000E-01-5.00000E-02
 -1        15-7.64706E-01-1.00000E-01-5.00000E-02
 -1        16-7.05882E-01-1.00000E-01-5.00000E-02
 -1        17-6.47059E-01-1.00000E-01-5.00000E-02
 -1        18-5.88235E-01-1.00000E-01-5.00000E-02
 -1        19-5.29412E-01-1.00000E-01-5.00000E-02
 -1        20-4.70588E-01-1.00000E-01-5.00000E-02
 -1        21-4.11765E-01-1.00000E-01-5.00000E-02
 -1        22-3.52941E-01-1.00000E-01-5.00000E-02
 -1        23-2.94118E-01-1.00000E-01-5.00000E-02
 -1        24-2.35294E-01-1.00000E-01-5.00000E-02
 -1        25-1.76471E-01-1.00000E-01-5.00000E-02
 -1        26-1.17647E-01-1.00000E-01-5.00000E-02
 -1        27-5.88235E-02-1.00000E-01-5.00000E-02
 -1        28 0.00000E+00-1.00000E-01-5.00000E-02
 -1        29 5.88235E-02-1.00000E-01-5.00000E-02
 -1        30 1.17647E-01-1.00000E-01-5.00000E-02
 -1        31 1.76471E-01-1.00000E-01-5.00000E-02
 -1        32 2.35294E-01-1.00000E-01-5.00000E-02
 -1        33 2.94118E-01-1.00000E-01-5.00000E-02
 -1        34 3.52941E-01-1.00000E-01-5.00000E-02
 -1        35 4.11765E-01-1.00000E-01-5.00000E-02
 -1        36 4.70588E-01-1.00000E-01-5.00000E-02
 -1        37 5.29412E-01-1.00000E-01-5.00000E-02
 -1        38 5.88235E-01-1.00000E-01-5.00000E-02
 -1        39 6.47059E-01-1.00000E-01-5.00000E-02
 -1        40 7.05882E-01-1.00000E-01-5.00000E-02
 -1        41 7.64706E-01-1.00000E-01-5.00000E-02
 -1        42 8.23529E-01-1.00000E-01-5.00000E-02
 -1        43 8.82353E-01-1.00000E-01-5.00000E-02
 -1        44 9.41176E-01-1.00000E-01-5.00000E-02
 -1        45-9.70588E-01-1.00000E-01-5.00000E-02
 -1        46-9.11765E-01-1.00000E-01-5.00000E-02
 -1        47-8.52941E-01-1.00000E-01-5.00000E-02
 -1        48-7.94118E-01-1.00000E-01-5.00000E-02
 -1        49-7.35294E-01-1.00000E-01-5.00000E-02
 -1        50-6.76471E-01-1.00000E-01-5.00000E-02
 -1        51-6.17647E-01-1.00000E-01-5.00000E-02
 -1        52-5.58824E-01-1.00000E-01-5.00000E-02
 -1        53-5.00000E-01-1.00000E-01-5.00000E-02
 -1        54-4.41176E-01-1.00000E-01-5.00000E-02
 -1        55-3.82353E-01-1.00000E-01-5.00000E-02
 -1        56-3.23529E-01-1.00000E-01-5.00000E-02
 -1        57-2.64706E-01-1.00000E-01-5.00000E-02
 -1        58-2.05882E-01-1.00000E-01-5.00000E-02
 -1        59-1.47059E-01-1.00000E-01-5.00000E-02
 -1        60-8.82353E-02-1.00000E-01-5.00000E-02
 -1        61-2.94118E-02-1.00000E-01-5.00000E-02
 -1        62 2.94118E-02-1.00000E-01-5.00000E-02
 -1        63 8.82353E-02-1.00000E-01-5.00000E-02
 -1        64 1.47059E-01-1.00000E-01-5.00000E-02
 -1        65 2.05882E-01-1.00000E-01-5.00000E-02
 -1        66 2.64706E-01-1.00000E-01-5.00000E-02
 -1        67 3.23529E-01-1.00000E-01-5.00000E-02
 -1        68 3.82353E-01-1.00000E-01-5.00000E-02
 -1        69 4.41176E-01-1.00000E-01-5.00000E-02
 -1        70 5.00000E-01-1.00000E-01-5.00000E-02
 -1        71 5.58824E-01-1.00000E-01-5.00000E-02
 -1        72 6.17647E-01-1.00000E-01-5.00000E-02
 -1        73 6.76471E-01-1.00000E-01-5.00000E-02
 -1        74 7.35294E-01-1.00000E-01-5.00000E-02
 -1        75 7.94118E-01-1.00000E-01-5.00000E-02
 -1        76 8.52941E-01-1.00000E-01-5.00000E-02
 -1        77 9.11765E-01-1.00000E-01-5.00000E-02
 -1        78 9.70588E-01-1.00000E-01-5.00000E-02
 -1        79 1.00000E+00-6.93889E-17-5.00000E-02
 -1        80 1.00000E+00 5.00000E-02-5.00000E-02
 -1        81 1.00000E+00-5.00000E-02-5.00000E-02
 -1        82-9.41176E-01 1.00000E-01-5.00000E-02
 -1        83-8.82353E-01 1.00000E-01-5.00000E-02
 -1        84-8.23529E-01 1.00000E-01-5.00000E-02
 -1        85-7.64706E-01 1.00000E-01-5.00000E-02
 -1        86-7.05882E-01 1.00000E-01-5.00000E-02
 -1        87-6.47059E-01 1.00000E-01-5.00000E-02
 -1        88-5.88235E-01 1.00000E-01-5.00000E-02
 -1        89-5.29412E-01 1.00000E-01-5.00000E-02
 -1        90-4.70588E-01 1.00000E-01-5.00000E-02
 -1        91-4.11765E-01 1.00000E-01-5.00000E-02
 -1        92-3.52941E-01 1.00000E-01-5.00000E-02
 -1        93-2.94118E-01 1.00000E-01-5.00000E-02
 -1        94-2.35294E-01 1.00000E-01-5.00000E-02
 -1        95-1.76471E-01 1.00000E-01-5.00000E-02
 -1        96-1.17647E-01 1.00000E-01-5.00000E-02
 -1        97-5.88235E-02 1.00000E-01-5.00000E-02
 -1        98 0.00000E+00 1.00000E-01-5.00000E-02
 -1        99 5.88235E-02 1.00000E-01-5.00000E-02
 -1       100 1.17647E-01 1.00000E-01-5.00000E-02
 -1       101 1.76471E-01 1.00000E-01-5.00000E-02
 -1       102 2.35294E-01 1.00000E-01-5.00000E-02
 -1       103 2.94118E-01 1.00000E-01-5.00000E-02
 -1       104 3.52941E-01 1.00000E-01-5.00000E-02
 -1       105 4.11765E-01 1.00000E-01-5.00000E-02
 -1       106 4.70588E-01 1.00000E-01-5.00000E-02
 -1       107 5.29412E-01 1.00000E-01-5.00000E-02
 -1       108 5.88235E-01 1.00000E-01-5.00000E-02
 -1       109 6.47059E-01 1.00000E-01-5.00000E-02
 -1       110 7.05882E-01 1.00000E-01-5.00000E-02
 -1       111 7.64706E-01 1.00000E-01-5.00000E-02
 -1       112 8.23529E-01 1.00000E-01-5.00000E-02
 -1       113 8.82353E-01 1.00000E-01-5.00000E-02
 -1       114 9.41176E-01 1.00000E-01-5.00000E-02
 -1       115-9.70588E-01 1.00000E-01-5.00000E-02
 -1       116-9.11765E-01 1.00000E-01-5.00000E-02
 -1       117-8.52941E-01 1.00000E-01-5.00000E-02
 -1       118-7.94118E-01 1.00000E-01-5.00000E-02
 -1       119-7.35294E-01 1.00000E-01-5.00000E-02
 -1       120-6.76471E-01 1.00000E-01-5.00000E-02
 -1       121-6.17647E-01 1.00000E-01-5.00000E-02
 -1       122-5.58824E-01 1.00000E-01-5.00000E-02
 -1       123-5.00000E-01 1.00000E-01-5.00000E-02
 -1       124-4.41176E-01 1.00000E-01-5.00000E-02
 -1       125-3.82353E-01 1.00000E-01-5.00000E-02
 -1       126-3.23529E-01 1.00000E-01-5.00000E-02
 -1       127-2.64706E-01 1.00000E-01-5.00000E-02
 -1       128-2.05882E-01 1.00000E-01-5.00000E-02
 -1       129-1.47059E-01 1.00000E-01-5.00000E-02
 -1       130-8.82353E-02 1.00000E-01-5.00000E-02
 -1       131-2.94118E-02 1.00000E-01-5.00000E-02
 -1       132 2.94118E-02 1.00000E-01-5.00000E-02
 -1       133 8.82353E-02 1.00000E-01-5.00000E-02
 -1       134 1.47059E-01 1.00000E-01-5.00000E-02
 -1       135 2.05882E-01 1.00000E-01-5.00000E-02
 -1       136 2.64706E-01 1.00000E-01-5.00000E-02
 -1       137 3.23529E-01 1.00000E-01-5.00000E-02
 -1       138 3.82353E-01 1.00000E-01-5.00000E-02
 -1       139 4.41176E-01 1.00000E-01-5.00000E-02
 -1       140 5.00000E-01 1.00000E-01-5.00000E-02
 -1       141 5.58824E-01 1.00000E-01-5.00000E-02
 -1       142 6.17647E-01 1.00000E-01-5.00000E-02
 -1       143 6.76471E-01 1.00000E-01-5.00000E-02
 -1       144 7.35294E-01 1.00000E-01-5.00000E-02
 -1       145 7.94118E-01 1.00000E-01-5.00000E-02
 -1       146 8.52941E-01 1.00000E-01-5.00000E-02
 -1       147 9.11765E-01 1.00000E-01-5.00000E-02
 -1       148 9.70588E-01 1.00000E-01-5.00000E-02
 -1       149 1.00000E+00-1.00000E-01 3.46945E-17
 -1       150 1.00000E+00-1.00000E-01-2.50000E-02
 -1       151 1.00000E+00-1.00000E-01 2.50000E-02
 -1       152 1.00000E+00-6.93889E-17 5.00000E-02
 -1       153 1.00000E+00 5.00000E-02 5.00000E-02
 -1       154 1.00000E+00-5.00000E-02 5.00000E-02
 -1       155 1.00000E+00 1.00000E-01 3.46945E-17
 -1       156 1.00000E+00 1.00000E-01-2.50000E-02
 -1       157 1.00000E+00 1.00000E-01 2.50000E-02
 -1       158 9.41176E-01-1.00000E-01 5.00000E-02
 -1       159 8.82353E-01-1.00000E-01 5.00000E-02
 -1       160 8.23529E-01-1.00000E-01 5.00000E-02
 -1       161 7.64706E-01-1.00000E-01 5.00000E-02
 -1       162 7.05882E-01-1.00000E-01 5.00000E-02
 -1       163 6.47059E-01-1.00000E-01 5.00000E-02
 -1       164 5.88235E-01-1.00000E-01 5.00000E-02
 -1       165 5.29412E-01-1.00000E-01 5.00000E-02
 -1       166 4.70588E-01-1.00000E-01 5.00000E-02
 -1       167 4.11765E-01-1.00000E-01 5.00000E-02
 -1       168 3.52941E-01-1.00000E-01 5.00000E-02
 -1       169 2.94118E-01-1.00000E-01 5.00000E-02
 -1       170 2.35294E-01-1.00000E-01 5.00000E-02
 -1       171 1.76471E-01-1.00000E-01 5.00000E-02
 -1       172 1.17647E-01-1.00000E-01 5.00000E-02
 -1       173 5.88235E-02-1.00000E-01 5.00000E-02
 -1       174 0.00000E+00-1.00000E-01 5.00000E-02
 -1       175-5.88235E-02-1.00000E-01 5.00000E-02
 -1       176-1.17647E-01-1.00000E-01 5.00000E-02
 -1       177-1.76471E-01-1.00000E-01 5.00000E-02
 -1       178-2.35294E-01-1.00000E-01 5.00000E-02
 -1       179-2.94118E-01-1.00000E-01 5.00000E-02
 -1       180-3.52941E-01-1.00000E-01 5.00000E-02
 -1       181-4.11765E-01-1.00000E-01 5.00000E-02
 -1       182-4.70588E-01-1.00000E-01 5.00000E-02
 -1       183-5.29412E-01-1.00000E-01 5.00000E-02
 -1       184-5.88235E-01-1.00000E-01 5.00000E-02
 -1       185-6.47059E-01-1.00000E-01 5.00000E-02
 -1       186-7.05882E-01-1.00000E-01 5.00000E-02
 -1       187-7.64706E-01-1.00000E-01 5.00000E-02
 -1       188-8.23529E-01-1.00000E-01 5.00000E-02
 -1       189-8.82353E-01-1.00000E-01 5.00000E-02
 -1       190-9.41176E-01-1.00000E-01 5.00000E-02
 -1       191 9.70588E-01-1.00000E-01 5.00000E-02
 -1       192 9.11765E-01-1.00000E-01 5.00000E-02
 -1       193 8.52941E-01-1.00000E-01 5.00000E-02
 -1       194 7.94118E-01-1.00000E-01 5.00000E-02
 -1       195 7.35294E-01-1.00000E-01 5.00000E-02
 -1       196 6.76471E-01-1.00000E-01 5.00000E-02
 -1       197 6.17647E-01-1.00000E-01 5.00000E-02
 -1       198 5.58824E-01-1.00000E-01 5.00000E-02
 -1       199 5.00000E-01-1.00000E-01 5.00000E-02
 -1       200 4.41176E-01-1.00000E-01 5.00000E-02
 -1       201 3.82353E-01-1.00000E-01 5.00000E-02
 -1       202 3.23529E-01-1.00000E-01 5.00000E-02
 -1       203 2.64706E-01-1.00000E-01 5.00000E-02
 -1       204 2.05882E-01-1.00000E-01 5.00000E-02
 -1       205 1.47059E-01-1.00000E-01 5.00000E-02
 -1       206 8.82353E-02-1.00000E-01 5.00000E-02
 -1       207 2.94118E-02-1.00000E-01 5.00000E-02
 -1       208-2.94118E-02-1.00000E-01 5.00000E-02
 -1       209-8.82353E-02-1.00000E-01 5.00000E-02
 -1       210-1.47059E-01-1.00000E-01 5.00000E-02
 -1       211-2.05882E-01-1.00000E-01 5.00000E-02
 -1       212-2.64706E-01-1.00000E-01 5.00000E-02
 -1       213-3.23529E-01-1.00000E-01 5.00000E-02
 -1       214-3.82353E-01-1.00000E-01 5.00000E-02
 -1       215-4.41176E-01-1.00000E-01 5.00000E-02
 -1       216-5.00000E-01-1.00000E-01 5.00000E-02
 -1       217-5.58824E-01-1.00000E-01 5.00000E-02
 -1       218-6.17647E-01-1.00000E-01 5.00000E-02
 -1       219-6.76471E-01-1.00000E-01 5.00000E-02
 -1       220-7.35294E-01-1.00000E-01 5.00000E-02
 -1       221-7.94118E-01-1.00000E-01 5.00000E-02
 -1       222-8.52941E-01-1.00000E-01 5.00000E-02
 -1       223-9.11765E-01-1.00000E-01 5.00000E-02
 -1       224-9.70588E-01-1.00000E-01 5.00000E-02
 -1       225-1.00000E+00-6.93889E-17 5.00000E-02
 -1       226-1.00000E+00 5.00000E-02 5.00000E-02
 -1       227-1.00000E+00-5.00000E-02 5.00000E-02
 -1       228 9.41176E-01 1.00000E-01 5.00000E-02
 -1       229 8.82353E-01 1.00000E-01 5.00000E-02
 -1       230 8.23529E-01 1.00000E-01 5.00000E-02
 -1       231 7.64706E-01 1.00000E-01 5.00000E-02
 -1       232 7.05882E-01 1.00000E-01 5.00000E-02
 -1       233 6.47059E-01 1.00000E-01 5.00000E-02
 -1       234 5.88235E-01 1.00000E-01 5.00000E-02
 -1       235 5.29412E-01 1.00000E-01 5.00000E-02
 -1       236 4.70588E-01 1.00000E-01 5.00000E-02
 -1       237 4.11765E-01 1.00000E-01 5.00000E-02
 -1       238 3.52941E-01 1.00000E-01 5.00000E-02
 -1       239 2.94118E-01 1.00000E-01 5.00000E-02
 -1       240 2.35294E-01 1.00000E-01 5.00000E-02
 -1       241 1.76471E-01 1.00000E-01 5.00000E-02
 -1       242 1.17647E-01 1.00000E-01 5.00000E-02
 -1       243 5.88235E-02 1.00000E-01 5.00000E-02
 -1       244 0.00000E+00 1.00000E-01 5.00000E-02
 -1       245-5.88235E-02 1.00000E-01 5.00000E-02
 -1       246-1.17647E-01 1.00000E-01 5.00000E-02
 -1       247-1.76471E-01 1.00000E-01 5.00000E-02
 -1       248-2.35294E-01 1.00000E-01 5.00000E-02
 -1       249-2.94118E-01 1.00000E-01 5.00000E-02
 -1       250-3.52941E-01 1.00000E-01 5.00000E-02
 -1       251-4.11765E-01 1.00000E-01 5.00000E-02
 -1       252-4.70588E-01 1.00000E-01 5.00000E-02
 -1       253-5.29412E-01 1.00000E-01 5.00000E-02
 -1       254-5.88235E-01 1.00000E-01 5.00000E-02
 -1       255-6.47059E-01 1.00000E-01 5.00000E-02
 -1       256-7.05882E-01 1.00000E-01 5.00000E-02
 -1       257-7.64706E-01 1.00000E-01 5.00000E-02
 -1       258-8.23529E-01 1.00000E-01 5.00000E-02
 -1       259-8.82353E-01 1.00000E-01 5.00000E-02
 -1       260-9.41176E-01 1.00000E-01 5.00000E-02
 -1       261 9.70588E-01 1.00000E-01 5.00000E-02
 -1       262 9.11765E-01 1.00000E-01 5.00000E-02
 -1       263 8.52941E-01 1.00000E-01 5.00000E-02
 -1       264 7.94118E-01 1.00000E-01 5.00000E-02
 -1       265 7.35294E-01 1.00000E-01 5.00000E-02
 -1       266 6.76471E-01 1.00000E-01 5.00000E-02
 -1       267 6.17647E-01 1.00000E-01 5.00000E-02
 -1       268 5.58824E-01 1.00000E-01 5.00000E-02
 -1       269 5.00000E-01 1.00000E-01 5.00000E-02
 -1       270 4.41176E-01 1.00000E-01 5.00000E-02
 -1       271 3.82353E-01 1.00000E-01 5.00000E-02
 -1       272 3.23529E-01 1.00000E-01 5.00000E-02
 -1       273 2.64706E-01 1.00000E-01 5.00000E-02
 -1       274 2.05882E-01 1.00000E-01 5.00000E-02
 -1       275 1.47059E-01 1.00000E-01 5.00000E-02
 -1       276 8.82353E-02 1.00000E-01 5.00000E-02
 -1       277 2.94118E-02 1.00000E-01 5.00000E-02
 -1       278-2.94118E-02 1.00000E-01 5.00000E-02
 -1       279-8.82353E-02 1.00000E-01 5.00000E-02
 -1       280-1.47059E-01 1.00000E-01 5.00000E-02
 -1       281-2.05882E-01 1.00000E-01 5.00000E-02
 -1       282-2.64706E-01 1.00000E-01 5.00000E-02
 -1       283-3.23529E-01 1.00000E-01 5.00000E-02
 -1       284-3.82353E-01 1.00000E-01 5.00000E-02
 -1       285-4.41176E-01 1.00000E-01 5.00000E-02
 -1       286-5.00000E-01 1.00000E-01 5.00000E-02
 -1       287-5.58824E-01 1.00000E-01 5.00000E-02
 -1       288-6.17647E-01 1.00000E-01 5.00000E-02
 -1       289-6.76471E-01 1.00000E-01 5.00000E-02
 -1       290-7.35294E-01 1.00000E-01 5.00000E-02
 -1       291-7.94118E-01 1.00000E-01 5.00000E-02
 -1       292-8.52941E-01 1.00000E-01 5.00000E-02
 -1       293-9.11765E-01 1.00000E-01 5.00000E-02
 -1       294-9.70588E-01 1.00000E-01 5.00000E-02
 -1       295-1.00000E+00-1.00000E-01-3.46945E-17
 -1       296-1.00000E+00-1.00000E-01 2.50000E-02
 -1       297-1.00000E+00-1.00000E-01-2.50000E-02
 -1       298-1.00000E+00 1.00000E-01-3.46945E-17
 -1       299-1.00000E+00 1.00000E-01 2.50000E-02
 -1       300-1.00000E+00 1.00000E-01-2.50000E-02
 -1       301-9.41176E-01-4.16334E-17-5.00000E-02
 -1       302-8.82353E-01-6.93889E-17-5.00000E-02
 -1       303-8.23529E-01-6.93889E-17-5.00000E-02
 -1       304-7.64706E-01-6.93889E-17-5.00000E-02
 -1       305-7.05882E-01-4.16334E-17-5.00000E-02
 -1       306-6.47059E-01-8.32667E-17-5.00000E-02
 -1       307-5.88235E-01-6.93889E-17-5.00000E-02
 -1       308-5.29412E-01-6.93889E-17-5.00000E-02
 -1       309-4.70588E-01-6.93889E-17-5.00000E-02
 -1       310-4.11765E-01-8.32667E-17-5.00000E-02
 -1       311-3.52941E-01-6.93889E-17-5.00000E-02
 -1       312-2.94118E-01-8.32667E-17-5.00000E-02
 -1       313-2.35294E-01-5.55112E-17-5.00000E-02
 -1       314-1.76471E-01-6.93889E-17-5.00000E-02
 -1       315-1.17647E-01-8.32667E-17-5.00000E-02
 -1       316-5.88235E-02-8.32667E-17-5.00000E-02
 -1       317 0.00000E+00-6.93889E-17-5.00000E-02
 -1       318 5.88235E-02-8.32667E-17-5.00000E-02
 -1       319 1.17647E-01-8.32667E-17-5.00000E-02
 -1       320 1.76471E-01-6.93889E-17-5.00000E-02
 -1       321 2.35294E-01-5.55112E-17-5.00000E-02
 -1       322 2.94118E-01-8.32667E-17-5.00000E-02
 -1       323 3.52941E-01-5.55112E-17-5.00000E-02
 -1       324 4.11765E-01-4.16334E-17-5.00000E-02
 -1       325 4.70588E-01-8.32667E-17-5.00000E-02
 -1       326 5.29412E-01-5.55112E-17-5.00000E-02
 -1       327 5.88235E-01-6.93889E-17-5.00000E-02
 -1       328 6.47059E-01-6.93889E-17-5.00000E-02
 -1       329 7.05882E-01-6.93889E-17-5.00000E-02
 -1       330 7.64706E-01-6.93889E-17-5.00000E-02
 -1       331 8.23529E-01-6.93889E-17-5.00000E-02
 -1       332 8.82353E-01-6.93889E-17-5.00000E-02
 -1       333 9.41176E-01-6.93889E-17-5.00000E-02
 -1       334-9.41176E-01 5.00000E-02-5.00000E-02
 -1       335-9.70588E-01-5.55112E-17-5.00000E-02
 -1       336-8.82353E-01 5.00000E-02-5.00000E-02
 -1       337-9.11765E-01-5.55112E-17-5.00000E-02
 -1       338-8.23529E-01 5.00000E-02-5.00000E-02
 -1       339-8.52941E-01-6.93889E-17-5.00000E-02
 -1       340-7.64706E-01 5.00000E-02-5.00000E-02
 -1       341-7.94118E-01-6.93889E-17-5.00000E-02
 -1       342-7.05882E-01 5.00000E-02-5.00000E-02
 -1       343-7.35294E-01-5.55112E-17-5.00000E-02
 -1       344-6.47059E-01 5.00000E-02-5.00000E-02
 -1       345-6.76471E-01-6.24500E-17-5.00000E-02
 -1       346-5.88235E-01 5.00000E-02-5.00000E-02
 -1       347-6.17647E-01-7.63278E-17-5.00000E-02
 -1       348-5.29412E-01 5.00000E-02-5.00000E-02
 -1       349-5.58824E-01-6.93889E-17-5.00000E-02
 -1       350-4.70588E-01 5.00000E-02-5.00000E-02
 -1       351-5.00000E-01-6.93889E-17-5.00000E-02
 -1       352-4.11765E-01 5.00000E-02-5.00000E-02
 -1       353-4.41176E-01-7.63278E-17-5.00000E-02
 -1       354-3.52941E-01 5.00000E-02-5.00000E-02
 -1       355-3.82353E-01-7.63278E-17-5.00000E-02
 -1       356-2.94118E-01 5.00000E-02-5.00000E-02
 -1       357-3.23529E-01-7.63278E-17-5.00000E-02
 -1       358-2.35294E-01 5.00000E-02-5.00000E-02
 -1       359-2.64706E-01-6.93889E-17-5.00000E-02
 -1       360-1.76471E-01 5.00000E-02-5.00000E-02
 -1       361-2.05882E-01-6.24500E-17-5.00000E-02
 -1       362-1.17647E-01 5.00000E-02-5.00000E-02
 -1       363-1.47059E-01-7.63278E-17-5.00000E-02
 -1       364-5.88235E-02 5.00000E-02-5.00000E-02
 -1       365-8.82353E-02-8.32667E-17-5.00000E-02
 -1       366 0.00000E+00 5.00000E-02-5.00000E-02
 -1       367-2.94118E-02-7.63278E-17-5.00000E-02
 -1       368 5.88235E-02 5.00000E-02-5.00000E-02
 -1       369 2.94118E-02-7.63278E-17-5.00000E-02
 -1       370 1.17647E-01 5.00000E-02-5.00000E-02
 -1       371 8.82353E-02-8.32667E-17-5.00000E-02
 -1       372 1.76471E-01 5.00000E-02-5.00000E-02
 -1       373 1.47059E-01-7.63278E-17-5.00000E-02
 -1       374 2.35294E-01 5.00000E-02-5.00000E-02
 -1       375 2.05882E-01-6.24500E-17-5.00000E-02
 -1       376 2.94118E-01 5.00000E-02-5.00000E-02
 -1       377 2.64706E-01-6.93889E-17-5.00000E-02
 -1       378 3.52941E-01 5.00000E-02-5.00000E-02
 -1       379 3.23529E-01-6.93889E-17-5.00000E-02
 -1       380 4.11765E-01 5.00000E-02-5.00000E-02
 -1       381 3.82353E-01-4.85723E-17-5.00000E-02
 -1       382 4.70588E-01 5.00000E-02-5.00000E-02
 -1       383 4.41176E-01-6.24500E-17-5.00000E-02
 -1       384 5.29412E-01 5.00000E-02-5.00000E-02
 -1       385 5.00000E-01-6.93889E-17-5.00000E-02
 -1       386 5.88235E-01 5.00000E-02-5.00000E-02
 -1       387 5.58824E-01-6.24500E-17-5.00000E-02
 -1       388 6.47059E-01 5.00000E-02-5.00000E-02
 -1       389 6.17647E-01-6.93889E-17-5.00000E-02
 -1       390 7.05882E-01 5.00000E-02-5.00000E-02
 -1       391 6.76471E-01-6.93889E-17-5.00000E-02
 -1       392 7.64706E-01 5.00000E-02-5.00000E-02
 -1       393 7.35294E-01-6.93889E-17-5.00000E-02
 -1       394 8.23529E-01 5.00000E-02-5.00000E-02
 -1       395 7.94118E-01-6.93889E-17-5.00000E-02
 -1       396 8.82353E-01 5.00000E-02-5.00000E-02
 -1       397 8.52941E-01-6.93889E-17-5.00000E-02
 -1       398 9.41176E-01 5.00000E-02-5.00000E-02
 -1       399 9.11765E-01-6.93889E-17-5.00000E-02
 -1       400 9.70588E-01-6.93889E-17-5.00000E-02
 -1       401-9.41176E-01-5.00000E-02-5.00000E-02
 -1       402-8.82353E-01-5.00000E-02-5.00000E-02
 -1       403-8.23529E-01-5.00000E-02-5.00000E-02
 -1       404-7.64706E-01-5.00000E-02-5.00000E-02
 -1       405-7.05882E-01-5.00000E-02-5.00000E-02
 -1       406-6.47059E-01-5.00000E-02-5.00000E-02
 -1       407-5.88235E-01-5.00000E-02-5.00000E-02
 -1       408-5.29412E-01-5.00000E-02-5.00000E-02
 -1       409-4.70588E-01-5.00000E-02-5.00000E-02
 -1       410-4.11765E-01-5.00000E-02-5.00000E-02
 -1       411-3.52941E-01-5.00000E-02-5.00000E-02
 -1       412-2.94118E-01-5.00000E-02-5.00000E-02
 -1       413-2.35294E-01-5.00000E-02-5.00000E-02
 -1       414-1.76471E-01-5.00000E-02-5.00000E-02
 -1       415-1.17647E-01-5.00000E-02-5.00000E-02
 -1       416-5.88235E-02-5.00000E-02-5.00000E-02
 -1       417 0.00000E+00-5.00000E-02-5.00000E-02
 -1       418 5.88235E-02-5.00000E-02-5.00000E-02
 -1       419 1.17647E-01-5.00000E-02-5.00000E-02
 -1       420 1.76471E-01-5.00000E-02-5.00000E-02
 -1       421 2.35294E-01-5.00000E-02-5.00000E-02
 -1       422 2.94118E-01-5.00000E-02-5.00000E-02
 -1       423 3.52941E-01-5.00000E-02-5.00000E-02
 -1       424 4.11765E-01-5.00000E-02-5.00000E-02
 -1       425 4.70588E-01-5.00000E-02-5.00000E-02
 -1       426 5.29412E-01-5.00000E-02-5.00000E-02
 -1       427 5.88235E-01-5.00000E-02-5.00000E-02
 -1       428 6.47059E-01-5.00000E-02-5.00000E-02
 -1       429 7.05882E-01-5.00000E-02-5.00000E-02
 -1       430 7.64706E-01-5.00000E-02-5.00000E-02
 -1       431 8.23529E-01-5.00000E-02-5.00000E-02
 -1       432 8.82353E-01-5.00000E-02-5.00000E-02
 -1       433 9.41176E-01-5.00000E-02-5.00000E-02
 -1       434 1.00000E+00-8.32667E-17 4.85723E-17
 -1       435 1.00000E+00 5.00000E-02 4.16334E-17
 -1       436 1.00000E+00-7.63278E-17-2.50000E-02
 -1       437 1.00000E+00-7.63278E-17 2.50000E-02
 -1       438 1.00000E+00-5.00000E-02 4.16334E-17
 -1       439 9.41176E-01-4.16334E-17 5.00000E-02
 -1       440 8.82353E-01-6.93889E-17 5.00000E-02
 -1       441 8.23529E-01-6.93889E-17 5.00000E-02
 -1       442 7.64706E-01-6.93889E-17 5.00000E-02
 -1       443 7.05882E-01-4.16334E-17 5.00000E-02
 -1       444 6.47059E-01-8.32667E-17 5.00000E-02
 -1       445 5.88235E-01-6.93889E-17 5.00000E-02
 -1       446 5.29412E-01-6.93889E-17 5.00000E-02
 -1       447 4.70588E-01-6.93889E-17 5.00000E-02
 -1       448 4.11765E-01-8.32667E-17 5.00000E-02
 -1       449 3.52941E-01-6.93889E-17 5.00000E-02
 -1       450 2.94118E-01-8.32667E-17 5.00000E-02
 -1       451 2.35294E-01-5.55112E-17 5.00000E-02
 -1       452 1.76471E-01-6.93889E-17 5.00000E-02
 -1       453 1.17647E-01-8.32667E-17 5.00000E-02
 -1       454 5.88235E-02-8.32667E-17 5.00000E-02
 -1       455 0.00000E+00-6.93889E-17 5.00000E-02
 -1       456-5.88235E-02-8.32667E-17 5.00000E-02
 -1       457-1.17647E-01-8.32667E-17 5.00000E-02
 -1       458-1.76471E-01-6.93889E-17 5.00000E-02
 -1       459-2.35294E-01-5.55112E-17 5.00000E-02
 -1       460-2.94118E-01-8.32667E-17 5.00000E-02
 -1       461-3.52941E-01-5.55112E-17 5.00000E-02
 -1       462-4.11765E-01-4.16334E-17 5.00000E-02
 -1       463-4.70588E-01-8.32667E-17 5.00000E-02
 -1       464-5.29412E-01-5.55112E-17 5.00000E-02
 -1       465-5.88235E-01-6.93889E-17 5.00000E-02
 -1       466-6.47059E-01-6.93889E-17 5.00000E-02
 -1       467-7.05882E-01-6.93889E-17 5.00000E-02
 -1       468-7.64706E-01-6.93889E-17 5.00000E-02
 -1       469-8.23529E-01-6.93889E-17 5.00000E-02
 -1       470-8.82353E-01-6.93889E-17 5.00000E-02
 -1       471-9.41176E-01-6.93889E-17 5.00000E-02
 -1       472 9.41176E-01 5.00000E-02 5.00000E-02
 -1       473 9.70588E-01-5.55112E-17 5.00000E-02
 -1       474 8.82353E-01 5.00000E-02 5.00000E-02
 -1       475 9.11765E-01-5.55112E-17 5.00000E-02
 -1       476 8.23529E-01 5.00000E-02 5.00000E-02
 -1       477 8.52941E-01-6.93889E-17 5.00000E-02
 -1       478 7.64706E-01 5.00000E-02 5.00000E-02
 -1       479 7.94118E-01-6.93889E-17 5.00000E-02
 -1       480 7.05882E-01 5.00000E-02 5.00000E-02
 -1       481 7.35294E-01-5.55112E-17 5.00000E-02
 -1       482 6.47059E-01 5.00000E-02 5.00000E-02
 -1       483 6.76471E-01-6.24500E-17 5.00000E-02
 -1       484 5.88235E-01 5.00000E-02 5.00000E-02
 -1       485 6.17647E-01-7.63278E-17 5.00000E-02
 -1       486 5.29412E-01 5.00000E-02 5.00000E-02
 -1       487 5.58824E-01-6.93889E-17 5.00000E-02
 -1       488 4.70588E-01 5.00000E-02 5.00000E-02
 -1       489 5.00000E-01-6.93889E-17 5.00000E-02
 -1       490 4.11765E-01 5.00000E-02 5.00000E-02
 -1       491 4.41176E-01-7.63278E-17 5.00000E-02
 -1       492 3.52941E-01 5.00000E-02 5.00000E-02
 -1       493 3.82353E-01-7.63278E-17 5.00000E-02
 -1       494 2.94118E-01 5.00000E-02 5.00000E-02
 -1       495 3.23529E-01-7.63278E-17 5.00000E-02
 -1       496 2.35294E-01 5.00000E-02 5.00000E-02
 -1       497 2.64706E-01-6.93889E-17 5.00000E-02
 -1       498 1.76471E-01 5.00000E-02 5.00000E-02
 -1       499 2.05882E-01-6.24500E-17 5.00000E-02
 -1       500 1.17647E-01 5.00000E-02 5.00000E-02
 -1       501 1.47059E-01-7.63278E-17 5.00000E-02
 -1       502 5.88235E-02 5.00000E-02 5.00000E-02
 -1       503 8.82353E-02-8.32667E-17 5.00000E-02
 -1       504 0.00000E+00 5.00000E-02 5.00000E-02
 -1       505 2.94118E-02-7.63278E-17 5.00000E-02
 -1       506-5.88235E-02 5.00000E-02 5.00000E-02
 -1       507-2.94118E-02-7.63278E-17 5.00000E-02
 -1       508-1.17647E-01 5.00000E-02 5.00000E-02
 -1       509-8.82353E-02-8.32667E-17 5.00000E-02
 -1       510-1.76471E-01 5.00000E-02 5.00000E-02
 -1       511-1.47059E-01-7.63278E-17 5.00000E-02
 -1       512-2.35294E-01 5.00000E-02 5.00000E-02
 -1       513-2.05882E-01-6.24500E-17 5.00000E-02
 -1       514-2.94118E-01 5.00000E-02 5.00000E-02
 -1       515-2.64706E-01-6.93889E-17 5.00000E-02
 -1       516-3.52941E-01 5.00000E-02 5.00000E-02
 -1       517-3.23529E-01-6.93889E-17 5.00000E-02
 -1       518-4.11765E-01 5.00000E-02 5.00000E-02
 -1       519-3.82353E-01-4.85723E-17 5.00000E-02
 -1       520-4.70588E-01 5.00000E-02 5.00000E-02
 -1       521-4.41176E-01-6.24500E-17 5.00000E-02
 -1       522-5.29412E-01 5.00000E-02 5.00000E-02
 -1       523-5.00000E-01-6.93889E-17 5.00000E-02
 -1       524-5.88235E-01 5.00000E-02 5.00000E-02
 -1       525-5.58824E-01-6.24500E-17 5.00000E-02
 -1       526-6.47059E-01 5.00000E-02 5.00000E-02
 -1       527-6.17647E-01-6.93889E-17 5.00000E-02
 -1       528-7.05882E-01 5.00000E-02 5.00000E-02
 -1       529-6.76471E-01-6.93889E-17 5.00000E-02
 -1       530-7.64706E-01 5.00000E-02 5.00000E-02
 -1       531-7.35294E-01-6.93889E-17 5.00000E-02
 -1       532-8.23529E-01 5.00000E-02 5.00000E-02
 -1       533-7.94118E-01-6.93889E-17 5.00000E-02
 -1       534-8.82353E-01 5.00000E-02 5.00000E-02
 -1       535-8.52941E-01-6.93889E-17 5.00000E-02
 -1       536-9.41176E-01 5.00000E-02 5.00000E-02
 -1       537-9.11765E-01-6.93889E-17 5.00000E-02
 -1       538-9.70588E-01-6.93889E-17 5.00000E-02
 -1       539 9.41176E-01-5.00000E-02 5.00000E-02
 -1       540 8.82353E-01-5.00000E-02 5.00000E-02
 -1       541 8.23529E-01-5.00000E-02 5.00000E-02
 -1       542 7.64706E-01-5.00000E-02 5.00000E-02
 -1       543 7.05882E-01-5.00000E-02 5.00000E-02
 -1       544 6.47059E-01-5.00000E-02 5.00000E-02
 -1       545 5.88235E-01-5.00000E-02 5.00000E-02
 -1       546 5.29412E-01-5.00000E-02 5.00000E-02
 -1       547 4.70588E-01-5.00000E-02 5.00000E-02
 -1       548 4.11765E-01-5.00000E-02 5.00000E-02
 -1       549 3.52941E-01-5.00000E-02 5.00000E-02
 -1       550 2.94118E-01-5.00000E-02 5.00000E-02
 -1       551 2.35294E-01-5.00000E-02 5.00000E-02
 -1       552 1.76471E-01-5.00000E-02 5.00000E-02
 -1       553 1.17647E-01-5.00000E-02 5.00000E-02
 -1       554 5.88235E-02-5.00000E-02 5.00000E-02
 -1       555 0.00000E+00-5.00000E-02 5.00000E-02
 -1       556-5.88235E-02-5.00000E-02 5.00000E-02
 -1       557-1.17647E-01-5.00000E-02 5.00000E-02
 -1       558-1.76471E-01-5.00000E-02 5.00000E-02
 -1       559-2.35294E-01-5.00000E-02 5.00000E-02
 -1       560-2.94118E-01-5.00000E-02 5.00000E-02
 -1       561-3.52941E-01-5.00000E-02 5.00000E-02
 -1       562-4.11765E-01-5.00000E-02 5.00000E-02
 -1       563-4.70588E-01-5.00000E-02 5.00000E-02
 -1       564-5.29412E-01-5.00000E-02 5.00000E-02
 -1       565-5.88235E-01-5.00000E-02 5.00000E-02
 -1       566-6.47059E-01-5.00000E-02 5.00000E-02
 -1       567-7.05882E-01-5.00000E-02 5.00000E-02
 -1       568-7.64706E-01-5.00000E-02 5.00000E-02
 -1       569-8.23529E-01-5.00000E-02 5.00000E-02
 -1       570-8.82353E-01-5.00000E-02 5.00000E-02
 -1       571-9.41176E-01-5.00000E-02 5.00000E-02
 -1       572-1.00000E+00-6.93889E-17-2.77556E-17
 -1       573-1.00000E+00 5.00000E-02-3.12250E-17
 -1       574-1.00000E+00-6.93889E-17 2.50000E-02
 -1       575-1.00000E+00-6.93889E-17-2.50000E-02
 -1       576-1.00000E+00-5.00000E-02-3.12250E-17
 -1       577-9.41176E-01 1.00000E-01-3.35210E-17
 -1       578-8.82353E-01 1.00000E-01-2.88780E-17
 -1       579-8.23529E-01 1.00000E-01-2.72709E-17
 -1       580-7.64706E-01 1.00000E-01-2.65311E-17
 -1       581-7.05882E-01 1.00000E-01-2.14544E-17
 -1       582-6.47059E-01 1.00000E-01-2.07146E-17
 -1       583-5.88235E-01 1.00000E-01-1.86738E-17
 -1       584-5.29412E-01 1.00000E-01-2.18371E-17
 -1       585-4.70588E-01 1.00000E-01-1.63268E-17
 -1       586-4.11765E-01 1.00000E-01-1.51533E-17
 -1       587-3.52941E-01 1.00000E-01-1.57146E-17
 -1       588-2.94118E-01 1.00000E-01-1.36737E-17
 -1       589-2.35294E-01 1.00000E-01-8.16340E-18
 -1       590-1.76471E-01 1.00000E-01-6.12255E-18
 -1       591-1.17647E-01 1.00000E-01-4.08170E-18
 -1       592-5.88235E-02 1.00000E-01-2.04085E-18
 -1       593 2.64339E-17 1.00000E-01-1.08468E-30
 -1       594 5.88235E-02 1.00000E-01 2.04085E-18
 -1       595 1.17647E-01 1.00000E-01 4.08170E-18
 -1       596 1.76471E-01 1.00000E-01 6.12255E-18
 -1       597 2.35294E-01 1.00000E-01 8.16340E-18
 -1       598 2.94118E-01 1.00000E-01 6.73481E-18
 -1       599 3.52941E-01 1.00000E-01 8.77566E-18
 -1       600 4.11765E-01 1.00000E-01 1.42860E-17
 -1       601 4.70588E-01 1.00000E-01 1.63268E-17
 -1       602 5.29412E-01 1.00000E-01 1.48982E-17
 -1       603 5.88235E-01 1.00000E-01 2.04085E-17
 -1       604 6.47059E-01 1.00000E-01 2.59188E-17
 -1       605 7.05882E-01 1.00000E-01 2.79597E-17
 -1       606 7.64706E-01 1.00000E-01 2.65311E-17
 -1       607 8.23529E-01 1.00000E-01 2.85719E-17
 -1       608 8.82353E-01 1.00000E-01 3.06128E-17
 -1       609 9.41176E-01 1.00000E-01 3.26536E-17
 -1       610-9.41176E-01 1.00000E-01 2.50000E-02
 -1       611-9.70588E-01 1.00000E-01-3.41077E-17
 -1       612-8.82353E-01 1.00000E-01 2.50000E-02
 -1       613-9.11765E-01 1.00000E-01-3.11995E-17
 -1       614-8.23529E-01 1.00000E-01 2.50000E-02
 -1       615-8.52941E-01 1.00000E-01-2.80745E-17
 -1       616-7.64706E-01 1.00000E-01 2.50000E-02
 -1       617-7.94118E-01 1.00000E-01-2.69010E-17
 -1       618-7.05882E-01 1.00000E-01 2.50000E-02
 -1       619-7.35294E-01 1.00000E-01-2.39928E-17
 -1       620-6.47059E-01 1.00000E-01 2.50000E-02
 -1       621-6.76471E-01 1.00000E-01-2.10845E-17
 -1       622-5.88235E-01 1.00000E-01 2.50000E-02
 -1       623-6.17647E-01 1.00000E-01-1.96942E-17
 -1       624-5.29412E-01 1.00000E-01 2.50000E-02
 -1       625-5.58824E-01 1.00000E-01-2.02554E-17
 -1       626-4.70588E-01 1.00000E-01 2.50000E-02
 -1       627-5.00000E-01 1.00000E-01-1.90820E-17
 -1       628-4.11765E-01 1.00000E-01 2.50000E-02
 -1       629-4.41176E-01 1.00000E-01-1.57401E-17
 -1       630-3.52941E-01 1.00000E-01 2.50000E-02
 -1       631-3.82353E-01 1.00000E-01-1.54339E-17
 -1       632-2.94118E-01 1.00000E-01 2.50000E-02
 -1       633-3.23529E-01 1.00000E-01-1.46941E-17
 -1       634-2.35294E-01 1.00000E-01 2.50000E-02
 -1       635-2.64706E-01 1.00000E-01-1.09186E-17
 -1       636-1.76471E-01 1.00000E-01 2.50000E-02
 -1       637-2.05882E-01 1.00000E-01-7.14298E-18
 -1       638-1.17647E-01 1.00000E-01 2.50000E-02
 -1       639-1.47059E-01 1.00000E-01-5.10213E-18
 -1       640-5.88235E-02 1.00000E-01 2.50000E-02
 -1       641-8.82353E-02 1.00000E-01-3.06128E-18
 -1       642 1.32169E-17 1.00000E-01 2.50000E-02
 -1       643-2.94118E-02 1.00000E-01-1.02043E-18
 -1       644 5.88235E-02 1.00000E-01 2.50000E-02
 -1       645 2.94118E-02 1.00000E-01 1.02043E-18
 -1       646 1.17647E-01 1.00000E-01 2.50000E-02
 -1       647 8.82353E-02 1.00000E-01 3.06128E-18
 -1       648 1.76471E-01 1.00000E-01 2.50000E-02
 -1       649 1.47059E-01 1.00000E-01 5.10213E-18
 -1       650 2.35294E-01 1.00000E-01 2.50000E-02
 -1       651 2.05882E-01 1.00000E-01 7.14298E-18
 -1       652 2.94118E-01 1.00000E-01 2.50000E-02
 -1       653 2.64706E-01 1.00000E-01 7.44911E-18
 -1       654 3.52941E-01 1.00000E-01 2.50000E-02
 -1       655 3.23529E-01 1.00000E-01 7.75523E-18
 -1       656 4.11765E-01 1.00000E-01 2.50000E-02
 -1       657 3.82353E-01 1.00000E-01 1.15308E-17
 -1       658 4.70588E-01 1.00000E-01 2.50000E-02
 -1       659 4.41176E-01 1.00000E-01 1.53064E-17
 -1       660 5.29412E-01 1.00000E-01 2.50000E-02
 -1       661 5.00000E-01 1.00000E-01 1.56125E-17
 -1       662 5.88235E-01 1.00000E-01 2.50000E-02
 -1       663 5.58824E-01 1.00000E-01 1.76534E-17
 -1       664 6.47059E-01 1.00000E-01 2.50000E-02
 -1       665 6.17647E-01 1.00000E-01 2.31637E-17
 -1       666 7.05882E-01 1.00000E-01 2.50000E-02
 -1       667 6.76471E-01 1.00000E-01 2.69392E-17
 -1       668 7.64706E-01 1.00000E-01 2.50000E-02
 -1       669 7.35294E-01 1.00000E-01 2.72454E-17
 -1       670 8.23529E-01 1.00000E-01 2.50000E-02
 -1       671 7.94118E-01 1.00000E-01 2.75515E-17
 -1       672 8.82353E-01 1.00000E-01 2.50000E-02
 -1       673 8.52941E-01 1.00000E-01 2.95923E-17
 -1       674 9.41176E-01 1.00000E-01 2.50000E-02
 -1       675 9.11765E-01 1.00000E-01 3.16332E-17
 -1       676 9.70588E-01 1.00000E-01 3.36740E-17
 -1       677-9.41176E-01 1.00000E-01-2.50000E-02
 -1       678-8.82353E-01 1.00000E-01-2.50000E-02
 -1       679-8.23529E-01 1.00000E-01-2.50000E-02
 -1       680-7.64706E-01 1.00000E-01-2.50000E-02
 -1       681-7.05882E-01 1.00000E-01-2.50000E-02
 -1       682-6.47059E-01 1.00000E-01-2.50000E-02
 -1       683-5.88235E-01 1.00000E-01-2.50000E-02
 -1       684-5.29412E-01 1.00000E-01-2.50000E-02
 -1       685-4.70588E-01 1.00000E-01-2.50000E-02
 -1       686-4.11765E-01 1.00000E-01-2.50000E-02
 -1       687-3.52941E-01 1.00000E-01-2.50000E-02
 -1       688-2.94118E-01 1.00000E-01-2.50000E-02
 -1       689-2.35294E-01 1.00000E-01-2.50000E-02
 -1       690-1.76471E-01 1.00000E-01-2.50000E-02
 -1       691-1.17647E-01 1.00000E-01-2.50000E-02
 -1       692-5.88235E-02 1.00000E-01-2.50000E-02
 -1       693 1.32169E-17 1.00000E-01-2.50000E-02
 -1       694 5.88235E-02 1.00000E-01-2.50000E-02
 -1       695 1.17647E-01 1.00000E-01-2.50000E-02
 -1       696 1.76471E-01 1.00000E-01-2.50000E-02
 -1       697 2.35294E-01 1.00000E-01-2.50000E-02
 -1       698 2.94118E-01 1.00000E-01-2.50000E-02
 -1       699 3.52941E-01 1.00000E-01-2.50000E-02
 -1       700 4.11765E-01 1.00000E-01-2.50000E-02
 -1       701 4.70588E-01 1.00000E-01-2.50000E-02
 -1       702 5.29412E-01 1.00000E-01-2.50000E-02
 -1       703 5.88235E-01 1.00000E-01-2.50000E-02
 -1       704 6.47059E-01 1.00000E-01-2.50000E-02
 -1       705 7.05882E-01 1.00000E-01-2.50000E-02
 -1       706 7.64706E-01 1.00000E-01-2.50000E-02
 -1       707 8.23529E-01 1.00000E-01-2.50000E-02
 -1       708 8.82353E-01 1.00000E-01-2.50000E-02
 -1       709 9.41176E-01 1.00000E-01-2.50000E-02
 -1       710-9.41176E-01-1.00000E-01-3.17863E-17
 -1       711-8.82353E-01-1.00000E-01-3.23475E-17
 -1       712-8.23529E-01-1.00000E-01-2.98730E-17
 -1       713-7.64706E-01-1.00000E-01-2.65311E-17
 -1       714-7.05882E-01-1.00000E-01-2.75260E-17
 -1       715-6.47059E-01-1.00000E-01-2.41841E-17
 -1       716-5.88235E-01-1.00000E-01-2.21432E-17
 -1       717-5.29412E-01-1.00000E-01-1.48982E-17
 -1       718-4.70588E-01-1.00000E-01-1.63268E-17
 -1       719-4.11765E-01-1.00000E-01-1.34186E-17
 -1       720-3.52941E-01-1.00000E-01-8.77566E-18
 -1       721-2.94118E-01-1.00000E-01-6.73481E-18
 -1       722-2.35294E-01-1.00000E-01-8.16340E-18
 -1       723-1.76471E-01-1.00000E-01-6.12255E-18
 -1       724-1.17647E-01-1.00000E-01-4.08170E-18
 -1       725-5.88235E-02-1.00000E-01-2.04085E-18
 -1       726 2.64339E-17-1.00000E-01 1.08468E-30
 -1       727 5.88235E-02-1.00000E-01 2.04085E-18
 -1       728 1.17647E-01-1.00000E-01 4.08170E-18
 -1       729 1.76471E-01-1.00000E-01 6.12255E-18
 -1       730 2.35294E-01-1.00000E-01 8.16340E-18
 -1       731 2.94118E-01-1.00000E-01 1.36737E-17
 -1       732 3.52941E-01-1.00000E-01 1.57146E-17
 -1       733 4.11765E-01-1.00000E-01 1.42860E-17
 -1       734 4.70588E-01-1.00000E-01 1.63268E-17
 -1       735 5.29412E-01-1.00000E-01 2.18371E-17
 -1       736 5.88235E-01-1.00000E-01 2.04085E-17
 -1       737 6.47059E-01-1.00000E-01 1.89799E-17
 -1       738 7.05882E-01-1.00000E-01 2.10208E-17
 -1       739 7.64706E-01-1.00000E-01 2.65311E-17
 -1       740 8.23529E-01-1.00000E-01 2.85719E-17
 -1       741 8.82353E-01-1.00000E-01 2.71433E-17
 -1       742 9.41176E-01-1.00000E-01 3.26536E-17
 -1       743-9.70588E-01-1.00000E-01-3.32404E-17
 -1       744-9.41176E-01-1.00000E-01 2.50000E-02
 -1       745-9.11765E-01-1.00000E-01-3.20669E-17
 -1       746-8.82353E-01-1.00000E-01 2.50000E-02
 -1       747-8.52941E-01-1.00000E-01-3.11102E-17
 -1       748-8.23529E-01-1.00000E-01 2.50000E-02
 -1       749-7.94118E-01-1.00000E-01-2.82020E-17
 -1       750-7.64706E-01-1.00000E-01 2.50000E-02
 -1       751-7.35294E-01-1.00000E-01-2.70285E-17
 -1       752-7.05882E-01-1.00000E-01 2.50000E-02
 -1       753-6.76471E-01-1.00000E-01-2.58550E-17
 -1       754-6.47059E-01-1.00000E-01 2.50000E-02
 -1       755-6.17647E-01-1.00000E-01-2.31637E-17
 -1       756-5.88235E-01-1.00000E-01 2.50000E-02
 -1       757-5.58824E-01-1.00000E-01-1.85207E-17
 -1       758-5.29412E-01-1.00000E-01 2.50000E-02
 -1       759-5.00000E-01-1.00000E-01-1.56125E-17
 -1       760-4.70588E-01-1.00000E-01 2.50000E-02
 -1       761-4.41176E-01-1.00000E-01-1.48727E-17
 -1       762-4.11765E-01-1.00000E-01 2.50000E-02
 -1       763-3.82353E-01-1.00000E-01-1.10971E-17
 -1       764-3.52941E-01-1.00000E-01 2.50000E-02
 -1       765-3.23529E-01-1.00000E-01-7.75523E-18
 -1       766-2.94118E-01-1.00000E-01 2.50000E-02
 -1       767-2.64706E-01-1.00000E-01-7.44911E-18
 -1       768-2.35294E-01-1.00000E-01 2.50000E-02
 -1       769-2.05882E-01-1.00000E-01-7.14298E-18
 -1       770-1.76471E-01-1.00000E-01 2.50000E-02
 -1       771-1.47059E-01-1.00000E-01-5.10213E-18
 -1       772-1.17647E-01-1.00000E-01 2.50000E-02
 -1       773-8.82353E-02-1.00000E-01-3.06128E-18
 -1       774-5.88235E-02-1.00000E-01 2.50000E-02
 -1       775-2.94118E-02-1.00000E-01-1.02043E-18
 -1       776 1.32169E-17-1.00000E-01 2.50000E-02
 -1       777 2.94118E-02-1.00000E-01 1.02043E-18
 -1       778 5.88235E-02-1.00000E-01 2.50000E-02
 -1       779 8.82353E-02-1.00000E-01 3.06128E-18
 -1       780 1.17647E-01-1.00000E-01 2.50000E-02
 -1       781 1.47059E-01-1.00000E-01 5.10213E-18
 -1       782 1.76471E-01-1.00000E-01 2.50000E-02
 -1       783 2.05882E-01-1.00000E-01 7.14298E-18
 -1       784 2.35294E-01-1.00000E-01 2.50000E-02
 -1       785 2.64706E-01-1.00000E-01 1.09186E-17
 -1       786 2.94118E-01-1.00000E-01 2.50000E-02
 -1       787 3.23529E-01-1.00000E-01 1.46941E-17
 -1       788 3.52941E-01-1.00000E-01 2.50000E-02
 -1       789 3.82353E-01-1.00000E-01 1.50003E-17
 -1       790 4.11765E-01-1.00000E-01 2.50000E-02
 -1       791 4.41176E-01-1.00000E-01 1.53064E-17
 -1       792 4.70588E-01-1.00000E-01 2.50000E-02
 -1       793 5.00000E-01-1.00000E-01 1.90820E-17
 -1       794 5.29412E-01-1.00000E-01 2.50000E-02
 -1       795 5.58824E-01-1.00000E-01 2.11228E-17
 -1       796 5.88235E-01-1.00000E-01 2.50000E-02
 -1       797 6.17647E-01-1.00000E-01 1.96942E-17
 -1       798 6.47059E-01-1.00000E-01 2.50000E-02
 -1       799 6.76471E-01-1.00000E-01 2.00003E-17
 -1       800 7.05882E-01-1.00000E-01 2.50000E-02
 -1       801 7.35294E-01-1.00000E-01 2.37759E-17
 -1       802 7.64706E-01-1.00000E-01 2.50000E-02
 -1       803 7.94118E-01-1.00000E-01 2.75515E-17
 -1       804 8.23529E-01-1.00000E-01 2.50000E-02
 -1       805 8.52941E-01-1.00000E-01 2.78576E-17
 -1       806 8.82353E-01-1.00000E-01 2.50000E-02
 -1       807 9.11765E-01-1.00000E-01 2.98985E-17
 -1       808 9.41176E-01-1.00000E-01 2.50000E-02
 -1       809 9.70588E-01-1.00000E-01 3.36740E-17
 -1       810-9.41176E-01-1.00000E-01-2.50000E-02
 -1       811-8.82353E-01-1.00000E-01-2.50000E-02
 -1       812-8.23529E-01-1.00000E-01-2.50000E-02
 -1       813-7.64706E-01-1.00000E-01-2.50000E-02
 -1       814-7.05882E-01-1.00000E-01-2.50000E-02
 -1       815-6.47059E-01-1.00000E-01-2.50000E-02
 -1       816-5.88235E-01-1.00000E-01-2.50000E-02
 -1       817-5.29412E-01-1.00000E-01-2.50000E-02
 -1       818-4.70588E-01-1.00000E-01-2.50000E-02
 -1       819-4.11765E-01-1.00000E-01-2.50000E-02
 -1       820-3.52941E-01-1.00000E-01-2.50000E-02
 -1       821-2.94118E-01-1.00000E-01-2.50000E-02
 -1       822-2.35294E-01-1.00000E-01-2.50000E-02
 -1       823-1.76471E-01-1.00000E-01-2.50000E-02
 -1       824-1.17647E-01-1.00000E-01-2.50000E-02
 -1       825-5.88235E-02-1.00000E-01-2.50000E-02
 -1       826 1.32169E-17-1.00000E-01-2.50000E-02
 -1       827 5.88235E-02-1.00000E-01-2.50000E-02
 -1       828 1.17647E-01-1.00000E-01-2.50000E-02
 -1       829 1.76471E-01-1.00000E-01-2.50000E-02
 -1       830 2.35294E-01-1.00000E-01-2.50000E-02
 -1       831 2.94118E-01-1.00000E-01-2.50000E-02
 -1       832 3.52941E-01-1.00000E-01-2.50000E-02
 -1       833 4.11765E-01-1.00000E-01-2.50000E-02
 -1       834 4.70588E-01-1.00000E-01-2.50000E-02
 -1       835 5.29412E-01-1.00000E-01-2.50000E-02
 -1       836 5.88235E-01-1.00000E-01-2.50000E-02
 -1       837 6.47059E-01-1.00000E-01-2.50000E-02
 -1       838 7.05882E-01-1.00000E-01-2.50000E-02
 -1       839 7.64706E-01-1.00000E-01-2.50000E-02
 -1       840 8.23529E-01-1.00000E-01-2.50000E-02
 -1       841 8.82353E-01-1.00000E-01-2.50000E-02
 -1       842 9.41176E-01-1.00000E-01-2.50000E-02
 -1       843-9.41176E-01-3.92481E-17-2.72135E-17
 -1       844-8.82353E-01-5.76796E-17-2.49366E-17
 -1       845-8.23529E-01-6.50521E-17-1.73472E-17
 -1       846-7.64706E-01-5.98480E-17-1.86483E-17
 -1       847-7.05882E-01-4.33681E-17-1.99493E-17
 -1       848-6.47059E-01-7.19910E-17-1.51788E-17
 -1       849-5.88235E-01-5.89806E-17-1.30104E-17
 -1       850-5.29412E-01-6.33174E-17-7.37257E-18
 -1       851-4.70588E-01-8.15320E-17-9.54098E-18
 -1       852-4.11765E-01-5.63785E-17-9.97466E-18
 -1       853-3.52941E-01-6.24500E-17 0.00000E+00
 -1       854-2.94118E-01-7.45931E-17-8.67362E-19
 -1       855-2.35294E-01-5.20417E-17 0.00000E+00
 -1       856-1.76471E-01-7.11237E-17 1.73472E-18
 -1       857-1.17647E-01-9.19403E-17 5.20417E-18
 -1       858-5.88235E-02-9.71445E-17 9.54098E-18
 -1       859 0.00000E+00-7.63278E-17 1.04083E-17
 -1       860 5.88235E-02-9.71445E-17 1.21431E-17
 -1       861 1.17647E-01-9.19403E-17 1.47451E-17
 -1       862 1.76471E-01-8.15320E-17 1.47451E-17
 -1       863 2.35294E-01-6.59195E-17 2.08167E-17
 -1       864 2.94118E-01-9.36751E-17 2.08167E-17
 -1       865 3.52941E-01-7.63278E-17 2.25514E-17
 -1       866 4.11765E-01-7.63278E-17 2.25514E-17
 -1       867 4.70588E-01-9.02056E-17 2.60209E-17
 -1       868 5.29412E-01-7.63278E-17 2.77556E-17
 -1       869 5.88235E-01-8.67362E-17 3.12250E-17
 -1       870 6.47059E-01-1.00614E-16 3.81639E-17
 -1       871 7.05882E-01-7.63278E-17 3.81639E-17
 -1       872 7.64706E-01-9.02056E-17 4.16334E-17
 -1       873 8.23529E-01-8.67362E-17 4.16334E-17
 -1       874 8.82353E-01-9.71445E-17 4.33681E-17
 -1       875 9.41176E-01-7.97973E-17 4.33681E-17
 -1       876-9.41176E-01-4.04407E-17-2.50000E-02
 -1       877-9.70588E-01-5.43185E-17-2.74845E-17
 -1       878-9.41176E-01 5.00000E-02-3.03672E-17
 -1       879-9.41176E-01-5.43185E-17 2.50000E-02
 -1       880-8.82353E-01-6.35342E-17-2.50000E-02
 -1       881-9.11765E-01-4.84638E-17-2.60751E-17
 -1       882-8.82353E-01 5.00000E-02-2.69073E-17
 -1       883-8.82353E-01-6.35342E-17 2.50000E-02
 -1       884-8.23529E-01-6.72205E-17-2.50000E-02
 -1       885-8.52941E-01-6.13658E-17-2.11419E-17
 -1       886-8.23529E-01 5.00000E-02-2.23091E-17
 -1       887-8.23529E-01-6.72205E-17 2.50000E-02
 -1       888-7.64706E-01-6.46184E-17-2.50000E-02
 -1       889-7.94118E-01-6.24500E-17-1.79978E-17
 -1       890-7.64706E-01 5.00000E-02-2.25897E-17
 -1       891-7.64706E-01-6.46184E-17 2.50000E-02
 -1       892-7.05882E-01-4.25007E-17-2.50000E-02
 -1       893-7.35294E-01-5.16080E-17-1.92988E-17
 -1       894-7.05882E-01 5.00000E-02-2.07019E-17
 -1       895-7.05882E-01-5.63785E-17 2.50000E-02
 -1       896-6.47059E-01-7.76289E-17-2.50000E-02
 -1       897-6.76471E-01-5.76796E-17-1.75641E-17
 -1       898-6.47059E-01 5.00000E-02-1.79467E-17
 -1       899-6.47059E-01-7.06900E-17 2.50000E-02
 -1       900-5.88235E-01-6.41848E-17-2.50000E-02
 -1       901-6.17647E-01-6.54858E-17-1.40946E-17
 -1       902-5.88235E-01 5.00000E-02-1.58421E-17
 -1       903-5.88235E-01-6.41848E-17 2.50000E-02
 -1       904-5.29412E-01-6.63532E-17-2.50000E-02
 -1       905-5.58824E-01-6.11490E-17-1.01915E-17
 -1       906-5.29412E-01 5.00000E-02-1.46048E-17
 -1       907-5.29412E-01-5.94143E-17 2.50000E-02
 -1       908-4.70588E-01-7.54605E-17-2.50000E-02
 -1       909-5.00000E-01-7.24247E-17-8.45678E-18
 -1       910-4.70588E-01 5.00000E-02-1.29339E-17
 -1       911-4.70588E-01-8.23994E-17 2.50000E-02
 -1       912-4.11765E-01-6.98226E-17-2.50000E-02
 -1       913-4.41176E-01-6.89553E-17-9.75782E-18
 -1       914-4.11765E-01 5.00000E-02-1.25640E-17
 -1       915-4.11765E-01-4.90059E-17 2.50000E-02
 -1       916-3.52941E-01-6.59195E-17-2.50000E-02
 -1       917-3.82353E-01-5.94143E-17-4.98733E-18
 -1       918-3.52941E-01 5.00000E-02-7.85728E-18
 -1       919-3.52941E-01-5.89806E-17 2.50000E-02
 -1       920-2.94118E-01-7.89299E-17-2.50000E-02
 -1       921-3.23529E-01-6.85216E-17-4.33681E-19
 -1       922-2.94118E-01 5.00000E-02-7.27053E-18
 -1       923-2.94118E-01-7.89299E-17 2.50000E-02
 -1       924-2.35294E-01-5.37764E-17-2.50000E-02
 -1       925-2.64706E-01-6.33174E-17-4.33681E-19
 -1       926-2.35294E-01 5.00000E-02-4.08170E-18
 -1       927-2.35294E-01-5.37764E-17 2.50000E-02
 -1       928-1.76471E-01-7.02563E-17-2.50000E-02
 -1       929-2.05882E-01-6.15827E-17 8.67362E-19
 -1       930-1.76471E-01 5.00000E-02-2.19392E-18
 -1       931-1.76471E-01-7.02563E-17 2.50000E-02
 -1       932-1.17647E-01-8.76035E-17-2.50000E-02
 -1       933-1.47059E-01-8.15320E-17 3.46945E-18
 -1       934-1.17647E-01 5.00000E-02 5.61234E-19
 -1       935-1.17647E-01-8.76035E-17 2.50000E-02
 -1       936-5.88235E-02-9.02056E-17-2.50000E-02
 -1       937-8.82353E-02-9.45424E-17 7.37257E-18
 -1       938-5.88235E-02 5.00000E-02 3.75006E-18
 -1       939-5.88235E-02-9.02056E-17 2.50000E-02
 -1       940 0.00000E+00-7.28584E-17-2.50000E-02
 -1       941-2.94118E-02-8.67362E-17 9.97466E-18
 -1       942 1.32169E-17 5.00000E-02 5.20417E-18
 -1       943 0.00000E+00-7.28584E-17 2.50000E-02
 -1       944 5.88235E-02-9.02056E-17-2.50000E-02
 -1       945 2.94118E-02-8.67362E-17 1.12757E-17
 -1       946 5.88235E-02 5.00000E-02 7.09196E-18
 -1       947 5.88235E-02-9.02056E-17 2.50000E-02
 -1       948 1.17647E-01-8.76035E-17-2.50000E-02
 -1       949 8.82353E-02-9.45424E-17 1.34441E-17
 -1       950 1.17647E-01 5.00000E-02 9.41343E-18
 -1       951 1.17647E-01-8.76035E-17 2.50000E-02
 -1       952 1.76471E-01-7.54605E-17-2.50000E-02
 -1       953 1.47059E-01-8.67362E-17 1.47451E-17
 -1       954 1.76471E-01 5.00000E-02 1.04339E-17
 -1       955 1.76471E-01-7.54605E-17 2.50000E-02
 -1       956 2.35294E-01-6.07153E-17-2.50000E-02
 -1       957 2.05882E-01-7.37257E-17 1.77809E-17
 -1       958 2.35294E-01 5.00000E-02 1.44900E-17
 -1       959 2.35294E-01-6.07153E-17 2.50000E-02
 -1       960 2.94118E-01-8.84709E-17-2.50000E-02
 -1       961 2.64706E-01-7.97973E-17 2.08167E-17
 -1       962 2.94118E-01 5.00000E-02 1.37757E-17
 -1       963 2.94118E-01-8.84709E-17 2.50000E-02
 -1       964 3.52941E-01-6.59195E-17-2.50000E-02
 -1       965 3.23529E-01-8.50015E-17 2.16840E-17
 -1       966 3.52941E-01 5.00000E-02 1.56635E-17
 -1       967 3.52941E-01-7.28584E-17 2.50000E-02
 -1       968 4.11765E-01-5.89806E-17-2.50000E-02
 -1       969 3.82353E-01-7.63278E-17 2.25514E-17
 -1       970 4.11765E-01 5.00000E-02 1.84187E-17
 -1       971 4.11765E-01-7.97973E-17 2.50000E-02
 -1       972 4.70588E-01-8.67362E-17-2.50000E-02
 -1       973 4.41176E-01-8.32667E-17 2.42861E-17
 -1       974 4.70588E-01 5.00000E-02 2.11738E-17
 -1       975 4.70588E-01-7.97973E-17 2.50000E-02
 -1       976 5.29412E-01-6.59195E-17-2.50000E-02
 -1       977 5.00000E-01-8.32667E-17 2.68882E-17
 -1       978 5.29412E-01 5.00000E-02 2.13269E-17
 -1       979 5.29412E-01-7.28584E-17 2.50000E-02
 -1       980 5.88235E-01-7.80626E-17-2.50000E-02
 -1       981 5.58824E-01-8.15320E-17 2.94903E-17
 -1       982 5.88235E-01 5.00000E-02 2.58168E-17
 -1       983 5.88235E-01-7.80626E-17 2.50000E-02
 -1       984 6.47059E-01-8.50015E-17-2.50000E-02
 -1       985 6.17647E-01-9.36751E-17 3.46945E-17
 -1       986 6.47059E-01 5.00000E-02 3.20414E-17
 -1       987 6.47059E-01-9.19403E-17 2.50000E-02
 -1       988 7.05882E-01-7.28584E-17-2.50000E-02
 -1       989 6.76471E-01-8.84709E-17 3.81639E-17
 -1       990 7.05882E-01 5.00000E-02 3.30618E-17
 -1       991 7.05882E-01-5.89806E-17 2.50000E-02
 -1       992 7.64706E-01-7.97973E-17-2.50000E-02
 -1       993 7.35294E-01-8.32667E-17 3.98986E-17
 -1       994 7.64706E-01 5.00000E-02 3.40822E-17
 -1       995 7.64706E-01-7.97973E-17 2.50000E-02
 -1       996 8.23529E-01-7.80626E-17-2.50000E-02
 -1       997 7.94118E-01-8.84709E-17 4.16334E-17
 -1       998 8.23529E-01 5.00000E-02 3.51026E-17
 -1       999 8.23529E-01-7.80626E-17 2.50000E-02
 -1      1000 8.82353E-01-8.32667E-17-2.50000E-02
 -1      1001 8.52941E-01-9.19403E-17 4.25007E-17
 -1      1002 8.82353E-01 5.00000E-02 3.69904E-17
 -1      1003 8.82353E-01-8.32667E-17 2.50000E-02
 -1      1004 9.41176E-01-7.45931E-17-2.50000E-02
 -1      1005 9.11765E-01-8.84709E-17 4.33681E-17
 -1      1006 9.41176E-01 5.00000E-02 3.80109E-17
 -1      1007 9.41176E-01-6.07153E-17 2.50000E-02
 -1      1008 9.70588E-01-8.15320E-17 4.59702E-17
 -1      1009-9.41176E-01-5.00000E-02-2.94999E-17
 -1      1010-8.82353E-01-5.00000E-02-2.86421E-17
 -1      1011-8.23529E-01-5.00000E-02-2.36101E-17
 -1      1012-7.64706E-01-5.00000E-02-2.25897E-17
 -1      1013-7.05882E-01-5.00000E-02-2.37377E-17
 -1      1014-6.47059E-01-5.00000E-02-1.96815E-17
 -1      1015-5.88235E-01-5.00000E-02-1.75768E-17
 -1      1016-5.29412E-01-5.00000E-02-1.11354E-17
 -1      1017-4.70588E-01-5.00000E-02-1.29339E-17
 -1      1018-4.11765E-01-5.00000E-02-1.16966E-17
 -1      1019-3.52941E-01-5.00000E-02-4.38783E-18
 -1      1020-2.94118E-01-5.00000E-02-3.80109E-18
 -1      1021-2.35294E-01-5.00000E-02-4.08170E-18
 -1      1022-1.76471E-01-5.00000E-02-2.19392E-18
 -1      1023-1.17647E-01-5.00000E-02 5.61234E-19
 -1      1024-5.88235E-02-5.00000E-02 3.75006E-18
 -1      1025 1.32169E-17-5.00000E-02 5.20417E-18
 -1      1026 5.88235E-02-5.00000E-02 7.09196E-18
 -1      1027 1.17647E-01-5.00000E-02 9.41343E-18
 -1      1028 1.76471E-01-5.00000E-02 1.04339E-17
 -1      1029 2.35294E-01-5.00000E-02 1.44900E-17
 -1      1030 2.94118E-01-5.00000E-02 1.72452E-17
 -1      1031 3.52941E-01-5.00000E-02 1.91330E-17
 -1      1032 4.11765E-01-5.00000E-02 1.84187E-17
 -1      1033 4.70588E-01-5.00000E-02 2.11738E-17
 -1      1034 5.29412E-01-5.00000E-02 2.47963E-17
 -1      1035 5.88235E-01-5.00000E-02 2.58168E-17
 -1      1036 6.47059E-01-5.00000E-02 2.85719E-17
 -1      1037 7.05882E-01-5.00000E-02 2.95923E-17
 -1      1038 7.64706E-01-5.00000E-02 3.40822E-17
 -1      1039 8.23529E-01-5.00000E-02 3.51026E-17
 -1      1040 8.82353E-01-5.00000E-02 3.52557E-17
 -1      1041 9.41176E-01-5.00000E-02 3.80109E-17
 -3
    3C                           136                                     1
 -1         1    4    0    1
 -2         1         9       301        82       298       572       843       577        10       335
 -2       334       115       300       575       876       677       573       877       878       611
 -1         2    4    0    1
 -2       298       572       843       577         8       225       471       260       573       877
 -2       878       611       299       574       879       610       226       538       536       294
 -1         3    4    0    1
 -2        82       301       302        83       577       843       844       578       334       337
 -2       336       116       677       876       880       678       878       881       882       613
 -1         4    4    0    1
 -2       577       843       844       578       260       471       470       259       878       881
 -2       882       613       610       879       883       612       536       537       534       293
 -1         5    4    0    1
 -2        83       302       303        84       578       844       845       579       336       339
 -2       338       117       678       880       884       679       882       885       886       615
 -1         6    4    0    1
 -2       578       844       845       579       259       470       469       258       882       885
 -2       886       615       612       883       887       614       534       535       532       292
 -1         7    4    0    1
 -2        84       303       304        85       579       845       846       580       338       341
 -2       340       118       679       884       888       680       886       889       890       617
 -1         8    4    0    1
 -2       579       845       846       580       258       469       468       257       886       889
 -2       890       617       614       887       891       616       532       533       530       291
 -1         9    4    0    1
 -2        85       304       305        86       580       846       847       581       340       343
 -2       342       119       680       888       892       681       890       893       894       619
 -1        10    4    0    1
 -2       580       846       847       581       257       468       467       256       890       893
 -2       894       619       616       891       895       618       530       531       528       290
 -1        11    4    0    1
 -2        86       305       306        87       581       847       848       582       342       345
 -2       344       120       681       892       896       682       894       897       898       621
 -1        12    4    0    1
 -2       581       847       848       582       256       467       466       255       894       897
 -2       898       621       618       895       899       620       528       529       526       289
 -1        13    4    0    1
 -2        87       306       307        88       582       848       849       583       344       347
 -2       346       121       682       896       900       683       898       901       902       623
 -1        14    4    0    1
 -2       582       848       849       583       255       466       465       254       898       901
 -2       902       623       620       899       903       622       526       527       524       288
 -1        15    4    0    1
 -2        88       307       308        89       583       849       850       584       346       349
 -2       348       122       683       900       904       684       902       905       906       625
 -1        16    4    0    1
 -2       583       849       850       584       254       465       464       253       902       905
 -2       906       625       622       903       907       624       524       525       522       287
 -1        17    4    0    1
 -2        89       308       309        90       584       850       851       585       348       351
 -2       350       123       684       904       908       685       906       909       910       627
 -1        18    4    0    1
 -2       584       850       851       585       253       464       463       252       906       909
 -2       910       627       624       907       911       626       522       523       520       286
 -1        19    4    0    1
 -2        90       309       310        91       585       851       852       586       350       353
 -2       352       124       685       908       912       686       910       913       914       629
 -1        20    4    0    1
 -2       585       851       852       586       252       463       462       251       910       913
 -2       914       629       626       911       915       628       520       521       518       285
 -1        21    4    0    1
 -2        91       310       311        92       586       852       853       587       352       355
 -2       354       125       686       912       916       687       914       917       918       631
 -1        22    4    0    1
 -2       586       852       853       587       251       462       461       250       914       917
 -2       918       631       628       915       919       630       518       519       516       284
 -1        23    4    0    1
 -2        92       311       312        93       587       853       854       588       354       357
 -2       356       126       687       916       920       688       918       921       922       633
 -1        24    4    0    1
 -2       587       853       854       588       250       461       460       249       918       921
 -2       922       633       630       919       923       632       516       517       514       283
 -1        25    4    0    1
 -2        93       312       313        94       588       854       855       589       356       359
 -2       358       127       688       920       924       689       922       925       926       635
 -1        26    4    0    1
 -2       588       854       855       589       249       460       459       248       922       925
 -2       926       635       632       923       927       634       514       515       512       282
 -1        27    4    0    1
 -2        94       313       314        95       589       855       856       590       358       361
 -2       360       128       689       924       928       690       926       929       930       637
 -1        28    4    0    1
 -2       589       855       856       590       248       459       458       247       926       929
 -2       930       637       634       927       931       636       512       513       510       281
 -1        29    4    0    1
 -2        95       314       315        96       590       856       857       591       360       363
 -2       362       129       690       928       932       691       930       933       934       639
 -1        30    4    0    1
 -2       590       856       857       591       247       458       457       246       930       933
 -2       934       639       636       931       935       638       510       511       508       280
 -1        31    4    0    1
 -2        96       315       316        97       591       857       858       592       362       365
 -2       364       130       691       932       936       692       934       937       938       641
 -1        32    4    0    1
 -2       591       857       858       592       246       457       456       245       934       937
 -2       938       641       638       935       939       640       508       509       506       279
 -1        33    4    0    1
 -2        97       316       317        98       592       858       859       593       364       367
 -2       366       131       692       936       940       693       938       941       942       643
 -1        34    4    0    1
 -2       592       858       859       593       245       456       455       244       938       941
 -2       942       643       640       939       943       642       506       507       504       278
 -1        35    4    0    1
 -2        98       317       318        99       593       859       860       594       366       369
 -2       368       132       693       940       944       694       942       945       946       645
 -1        36    4    0    1
 -2       593       859       860       594       244       455       454       243       942       945
 -2       946       645       642       943       947       644       504       505       502       277
 -1        37    4    0    1
 -2        99       318       319       100       594       860       861       595       368       371
 -2       370       133       694       944       948       695       946       949       950       647
 -1        38    4    0    1
 -2       594       860       861       595       243       454       453       242       946       949
 -2       950       647       644       947       951       646       502       503       500       276
 -1        39    4    0    1
 -2       100       319       320       101       595       861       862       596       370       373
 -2       372       134       695       948       952       696       950       953       954       649
 -1        40    4    0    1
 -2       595       861       862       596       242       453       452       241       950       953
 -2       954       649       646       951       955       648       500       501       498       275
 -1        41    4    0    1
 -2       101       320       321       102       596       862       863       597       372       375
 -2       374       135       696       952       956       697       954       957       958       651
 -1        42    4    0    1
 -2       596       862       863       597       241       452       451       240       954       957
 -2       958       651       648       955       959       650       498       499       496       274
 -1        43    4    0    1
 -2       102       321       322       103       597       863       864       598       374       377
 -2       376       136       697       956       960       698       958       961       962       653
 -1        44    4    0    1
 -2       597       863       864       598       240       451       450       239       958       961
 -2       962       653       650       959       963       652       496       497       494       273
 -1        45    4    0    1
 -2       103       322       323       104       598       864       865       599       376       379
 -2       378       137       698       960       964       699       962       965       966       655
 -1        46    4    0    1
 -2       598       864       865       599       239       450       449       238       962       965
 -2       966       655       652       963       967       654       494       495       492       272
 -1        47    4    0    1
 -2       104       323       324       105       599       865       866       600       378       381
 -2       380       138       699       964       968       700       966       969       970       657
 -1        48    4    0    1
 -2       599       865       866       600       238       449       448       237       966       969
 -2       970       657       654       967       971       656       492       493       490       271
 -1        49    4    0    1
 -2       105       324       325       106       600       866       867       601       380       383
 -2       382       139       700       968       972       701       970       973       974       659
 -1        50    4    0    1
 -2       600       866       867       601       237       448       447       236       970       973
 -2       974       659       656       971       975       658       490       491       488       270
 -1        51    4    0    1
 -2       106       325       326       107       601       867       868       602       382       385
 -2       384       140       701       972       976       702       974       977       978       661
 -1        52    4    0    1
 -2       601       867       868       602       236       447       446       235       974       977
 -2       978       661       658       975       979       660       488       489       486       269
 -1        53    4    0    1
 -2       107       326       327       108       602       868       869       603       384       387
 -2       386       141       702       976       980       703       978       981       982       663
 -1        54    4    0    1
 -2       602       868       869       603       235       446       445       234       978       981
 -2       982       663       660       979       983       662       486       487       484       268
 -1        55    4    0    1
 -2       108       327       328       109       603       869       870       604       386       389
 -2       388       142       703       980       984       704       982       985       986       665
 -1        56    4    0    1
 -2       603       869       870       604       234       445       444       233       982       985
 -2       986       665       662       983       987       664       484       485       482       267
 -1        57    4    0    1
 -2       109       328       329       110       604       870       871       605       388       391
 -2       390       143       704       984       988       705       986       989       990       667
 -1        58    4    0    1
 -2       604       870       871       605       233       444       443       232       986       989
 -2       990       667       664       987       991       666       482       483       480       266
 -1        59    4    0    1
 -2       110       329       330       111       605       871       872       606       390       393
 -2       392       144       705       988       992       706       990       993       994       669
 -1        60    4    0    1
 -2       605       871       872       606       232       443       442       231       990       993
 -2       994       669       666       991       995       668       480       481       478       265
 -1        61    4    0    1
 -2       111       330       331       112       606       872       873       607       392       395
 -2       394       145       706       992       996       707       994       997       998       671
 -1        62    4    0    1
 -2       606       872       873       607       231       442       441       230       994       997
 -2       998       671       668       995       999       670       478       479       476       264
 -1        63    4    0    1
 -2       112       331       332       113       607       873       874       608       394       397
 -2       396       146       707       996      1000       708       998      1001      1002       673
 -1        64    4    0    1
 -2       607       873       874       608       230       441       440       229       998      1001
 -2      1002       673       670       999      1003       672       476       477       474       263
 -1        65    4    0    1
 -2       113       332       333       114       608       874       875       609       396       399
 -2       398       147       708      1000      1004       709      1002      1005      1006       675
 -1        66    4    0    1
 -2       608       874       875       609       229       440       439       228      1002      1005
 -2      1006       675       672      1003      1007       674       474       475       472       262
 -1        67    4    0    1
 -2       114       333        79         4       609       875       434       155       398       400
 -2        80       148       709      1004       436       156      1006      1008       435       676
 -1        68    4    0    1
 -2       609       875       434       155       228       439       152         6      1006      1008
 -2       435       676       674      1007       437       157       472       473       153       261
 -1        69    4    0    1
 -2         9         2        12       301       572       295       710       843        11        45
 -2       401       335       575       297       810       876       576       743      1009       877
 -1        70    4    0    1
 -2       572       295       710       843       225         7       190       471       576       743
 -2      1009       877       574       296       744       879       227       224       571       538
 -1        71    4    0    1
 -2       301        12        13       302       843       710       711       844       401        46
 -2       402       337       876       810       811       880      1009       745      1010       881
 -1        72    4    0    1
 -2       843       710       711       844       471       190       189       470      1009       745
 -2      1010       881       879       744       746       883       571       223       570       537
 -1        73    4    0    1
 -2       302        13        14       303       844       711       712       845       402        47
 -2       403       339       880       811       812       884      1010       747      1011       885
 -1        74    4    0    1
 -2       844       711       712       845       470       189       188       469      1010       747
 -2      1011       885       883       746       748       887       570       222       569       535
 -1        75    4    0    1
 -2       303        14        15       304       845       712       713       846       403        48
 -2       404       341       884       812       813       888      1011       749      1012       889
 -1        76    4    0    1
 -2       845       712       713       846       469       188       187       468      1011       749
 -2      1012       889       887       748       750       891       569       221       568       533
 -1        77    4    0    1
 -2       304        15        16       305       846       713       714       847       404        49
 -2       405       343       888       813       814       892      1012       751      1013       893
 -1        78    4    0    1
 -2       846       713       714       847       468       187       186       467      1012       751
 -2      1013       893       891       750       752       895       568       220       567       531
 -1        79    4    0    1
 -2       305        16        17       306       847       714       715       848       405        50
 -2       406       345       892       814       815       896      1013       753      1014       897
 -1        80    4    0    1
 -2       847       714       715       848       467       186       185       466      1013       753
 -2      1014       897       895       752       754       899       567       219       566       529
 -1        81    4    0    1
 -2       306        17        18       307       848       715       716       849       406        51
 -2       407       347       896       815       816       900      1014       755      1015       901
 -1        82    4    0    1
 -2       848       715       716       849       466       185       184       465      1014       755
 -2      1015       901       899       754       756       903       566       218       565       527
 -1        83    4    0    1
 -2       307        18        19       308       849       716       717       850       407        52
 -2       408       349       900       816       817       904      1015       757      1016       905
 -1        84    4    0    1
 -2       849       716       717       850       465       184       183       464      1015       757
 -2      1016       905       903       756       758       907       565       217       564       525
 -1        85    4    0    1
 -2       308        19        20       309       850       717       718       851       408        53
 -2       409       351       904       817       818       908      1016       759      1017       909
 -1        86    4    0    1
 -2       850       717       718       851       464       183       182       463      1016       759
 -2      1017       909       907       758       760       911       564       216       563       523
 -1        87    4    0    1
 -2       309        20        21       310       851       718       719       852       409        54
 -2       410       353       908       818       819       912      1017       761      1018       913
 -1        88    4    0    1
 -2       851       718       719       852       463       182       181       462      1017       761
 -2      1018       913       911       760       762       915       563       215       562       521
 -1        89    4    0    1
 -2       310        21        22       311       852       719       720       853       410        55
 -2       411       355       912       819       820       916      1018       763      1019       917
 -1        90    4    0    1
 -2       852       719       720       853       462       181       180       461      1018       763
 -2      1019       917       915       762       764       919       562       214       561       519
 -1        91    4    0    1
 -2       311        22        23       312       853       720       721       854       411        56
 -2       412       357       916       820       821       920      1019       765      1020       921
 -1        92    4    0    1
 -2       853       720       721       854       461       180       179       460      1019       765
 -2      1020       921       919       764       766       923       561       213       560       517
 -1        93    4    0    1
 -2       312        23        24       313       854       721       722       855       412        57
 -2       413       359       920       821       822       924      1020       767      1021       925
 -1        94    4    0    1
 -2       854       721       722       855       460       179       178       459      1020       767
 -2      1021       925       923       766       768       927       560       212       559       515
 -1        95    4    0    1
 -2       313        24        25       314       855       722       723       856       413        58
 -2       414       361       924       822       823       928      1021       769      1022       929
 -1        96    4    0    1
 -2       855       722       723       856       459       178       177       458      1021       769
 -2      1022       929       927       768       770       931       559       211       558       513
 -1        97    4    0    1
 -2       314        25        26       315       856       723       724       857       414        59
 -2       415       363       928       823       824       932      1022       771      1023       933
 -1        98    4    0    1
 -2       856       723       724       857       458       177       176       457      1022       771
 -2      1023       933       931       770       772       935       558       210       557       511
 -1        99    4    0    1
 -2       315        26        27       316       857       724       725       858       415        60
 -2       416       365       932       824       825       936      1023       773      1024       937
 -1       100    4    0    1
 -2       857       724       725       858       457       176       175       456      1023       773
 -2      1024       937       935       772       774       939       557       209       556       509
 -1       101    4    0    1
 -2       316        27        28       317       858       725       726       859       416        61
 -2       417       367       936       825       826       940      1024       775      1025       941
 -1       102    4    0    1
 -2       858       725       726       859       456       175       174       455      1024       775
 -2      1025       941       939       774       776       943       556       208       555       507
 -1       103    4    0    1
 -2       317        28        29       318       859       726       727       860       417        62
 -2       418       369       940       826       827       944      1025       777      1026       945
 -1       104    4    0    1
 -2       859       726       727       860       455       174       173       454      1025       777
 -2      1026       945       943       776       778       947       555       207       554       505
 -1       105    4    0    1
 -2       318        29        30       319       860       727       728       861       418        63
 -2       419       371       944       827       828       948      1026       779      1027       949
 -1       106    4    0    1
 -2       860       727       728       861       454       173       172       453      1026       779
 -2      1027       949       947       778       780       951       554       206       553       503
 -1       107    4    0    1
 -2       319        30        31       320       861       728       729       862       419        64
 -2       420       373       948       828       829       952      1027       781      1028       953
 -1       108    4    0    1
 -2       861       728       729       862       453       172       171       452      1027       781
 -2      1028       953       951       780       782       955       553       205       552       501
 -1       109    4    0    1
 -2       320        31        32       321       862       729       730       863       420        65
 -2       421       375       952       829       830       956      1028       783      1029       957
 -1       110    4    0    1
 -2       862       729       730       863       452       171       170       451      1028       783
 -2      1029       957       955       782       784       959       552       204       551       499
 -1       111    4    0    1
 -2       321        32        33       322       863       730       731       864       421        66
 -2       422       377       956       830       831       960      1029       785      1030       961
 -1       112    4    0    1
 -2       863       730       731       864       451       170       169       450      1029       785
 -2      1030       961       959       784       786       963       551       203       550       497
 -1       113    4    0    1
 -2       322        33        34       323       864       731       732       865       422        67
 -2       423       379       960       831       832       964      1030       787      1031       965
 -1       114    4    0    1
 -2       864       731       732       865       450       169       168       449      1030       787
 -2      1031       965       963       786       788       967       550       202       549       495
 -1       115    4    0    1
 -2       323        34        35       324       865       732       733       866       423        68
 -2       424       381       964       832       833       968      1031       789      1032       969
 -1       116    4    0    1
 -2       865       732       733       866       449       168       167       448      1031       789
 -2      1032       969       967       788       790       971       549       201       548       493
 -1       117    4    0    1
 -2       324        35        36       325       866       733       734       867       424        69
 -2       425       383       968       833       834       972      1032       791      1033       973
 -1       118    4    0    1
 -2       866       733       734       867       448       167       166       447      1032       791
 -2      1033       973       971       790       792       975       548       200       547       491
 -1       119    4    0    1
 -2       325        36        37       326       867       734       735       868       425        70
 -2       426       385       972       834       835       976      1033       793      1034       977
 -1       120    4    0    1
 -2       867       734       735       868       447       166       165       446      1033       793
 -2      1034       977       975       792       794       979       547       199       546       489
 -1       121    4    0    1
 -2       326        37        38       327       868       735       736       869       426        71
 -2       427       387       976       835       836       980      1034       795      1035       981
 -1       122    4    0    1
 -2       868       735       736       869       446       165       164       445      1034       795
 -2      1035       981       979       794       796       983       546       198       545       487
 -1       123    4    0    1
 -2       327        38        39       328       869       736       737       870       427        72
 -2       428       389       980       836       837       984      1035       797      1036       985
 -1       124    4    0    1
 -2       869       736       737       870       445       164       163       444      1035       797
 -2      1036       985       983       796       798       987       545       197       544       485
 -1       125    4    0    1
 -2       328        39        40       329       870       737       738       871       428        73
 -2       429       391       984       837       838       988      1036       799      1037       989
 -1       126    4    0    1
 -2       870       737       738       871       444       163       162       443      1036       799
 -2      1037       989       987       798       800       991       544       196       543       483
 -1       127    4    0    1
 -2       329        40        41       330       871       738       739       872       429        74
 -2       430       393       988       838       839       992      1037       801      1038       993
 -1       128    4    0    1
 -2       871       738       739       872       443       162       161       442      1037       801
 -2      1038       993       991       800       802       995       543       195       542       481
 -1       129    4    0    1
 -2       330        41        42       331       872       739       740       873       430        75
 -2       431       395       992       839       840       996      1038       803      1039       997
 -1       130    4    0    1
 -2       872       739       740       873       442       161       160       441      1038       803
 -2      1039       997       995       802       804       999       542       194       541       479
 -1       131    4    0    1
 -2       331        42        43       332       873       740       741       874       431        76
 -2       432       397       996       840       841      1000      1039       805      1040      1001
 -1       132    4    0    1
 -2       873       740       741       874       441       160       159       440      1039       805
 -2      1040      1001       999       804       806      1003       541       193       540       477
 -1       133    4    0    1
 -2       332        43        44       333       874       741       742       875       432        77
 -2       433       399      1000       841       842      1004      1040       807      1041      1005
 -1       134    4    0    1
 -2       874       741       742       875       440       159       158       439      1040       807
 -2      1041      1005      1003       806       808      1007       540       192       539       475
 -1       135    4    0    1
 -2       333        44         3        79       875       742       149       434       433        78
 -2        81       400      1004       842       150       436      1041       809       438      1008
 -1       136    4    0    1
 -2       875       742       149       434       439       158         5       152      1041       809
 -2       438      1008      1007       808       151       437       539       191       154       473
 -3
    1PSTEP                         1           1           1          
  100CL  101 1.000000000        1041                     0    1           1
 -4  DISP        4    1
 -5  D1          1    2    1    0
 -5  D2          1    2    2    0
 -5  D3          1    2    3    0
 -5  ALL         1    2    0    0    1ALL
 -1         1-1.41342E-05-1.90868E-04-3.27733E-06
 -1         2 1.43608E-05-1.90868E-04-3.29757E-06
 -1         3 0.00000E+00 0.00000E+00 0.00000E+00
 -1         4 0.00000E+00 0.00000E+00 0.00000E+00
 -1         5 0.00000E+00 0.00000E+00 0.00000E+00
 -1         6 0.00000E+00 0.00000E+00 0.00000E+00
 -1         7 1.41335E-05-1.90879E-04-3.29949E-06
 -1         8-1.43615E-05-1.90879E-04-3.27540E-06
 -1         9 1.13304E-07-1.90849E-04-3.28748E-06
 -1        10-6.99452E-06-1.90858E-04-3.28484E-06
 -1        11 7.22114E-06-1.90858E-04-3.29007E-06
 -1        12 1.43444E-05-1.82447E-04-3.17132E-06
 -1        13 1.43061E-05-1.74052E-04-3.04312E-06
 -1        14 1.42441E-05-1.65687E-04-2.91505E-06
 -1        15 1.41575E-05-1.57365E-04-2.78720E-06
 -1        16 1.40460E-05-1.49102E-04-2.65958E-06
 -1        17 1.39098E-05-1.40911E-04-2.53223E-06
 -1        18 1.37486E-05-1.32808E-04-2.40533E-06
 -1        19 1.35626E-05-1.24806E-04-2.27903E-06
 -1        20 1.33516E-05-1.16920E-04-2.15362E-06
 -1        21 1.31158E-05-1.09166E-04-2.02936E-06
 -1        22 1.28550E-05-1.01557E-04-1.90645E-06
 -1        23 1.25693E-05-9.41074E-05-1.78512E-06
 -1        24 1.22586E-05-8.68327E-05-1.66567E-06
 -1        25 1.19230E-05-7.97470E-05-1.54842E-06
 -1        26 1.15623E-05-7.28649E-05-1.43371E-06
 -1        27 1.11767E-05-6.62008E-05-1.32184E-06
 -1        28 1.07660E-05-5.97693E-05-1.21313E-06
 -1        29 1.03304E-05-5.35850E-05-1.10792E-06
 -1        30 9.86973E-06-4.76625E-05-1.00654E-06
 -1        31 9.38406E-06-4.20161E-05-9.09373E-07
 -1        32 8.87340E-06-3.66605E-05-8.16789E-07
 -1        33 8.33774E-06-3.16102E-05-7.29132E-07
 -1        34 7.77703E-06-2.68797E-05-6.46742E-07
 -1        35 7.19131E-06-2.24837E-05-5.69985E-07
 -1        36 6.58051E-06-1.84365E-05-4.99307E-07
 -1        37 5.94469E-06-1.47528E-05-4.35085E-07
 -1        38 5.28388E-06-1.14471E-05-3.77618E-07
 -1        39 4.59799E-06-8.53386E-06-3.27306E-07
 -1        40 3.88702E-06-6.02771E-06-2.84607E-07
 -1        41 3.15107E-06-3.94301E-06-2.49924E-07
 -1        42 2.38977E-06-2.29535E-06-2.23341E-07
 -1        43 1.60672E-06-1.09472E-06-2.05896E-07
 -1        44 8.06038E-07-3.60731E-07-1.94241E-07
 -1        45 1.43549E-05-1.86652E-04-3.23528E-06
 -1        46 1.43283E-05-1.78247E-04-3.10730E-06
 -1        47 1.42782E-05-1.69865E-04-2.97906E-06
 -1        48 1.42039E-05-1.61520E-04-2.85111E-06
 -1        49 1.41048E-05-1.53225E-04-2.72335E-06
 -1        50 1.39810E-05-1.44996E-04-2.59586E-06
 -1        51 1.38323E-05-1.36847E-04-2.46871E-06
 -1        52 1.36587E-05-1.28793E-04-2.34209E-06
 -1        53 1.34602E-05-1.20848E-04-2.21620E-06
 -1        54 1.32368E-05-1.13026E-04-2.09133E-06
 -1        55 1.29885E-05-1.05342E-04-1.96772E-06
 -1        56 1.27153E-05-9.78111E-05-1.84556E-06
 -1        57 1.24171E-05-9.04474E-05-1.72514E-06
 -1        58 1.20939E-05-8.32654E-05-1.60674E-06
 -1        59 1.17458E-05-7.62796E-05-1.49073E-06
 -1        60 1.13726E-05-6.95047E-05-1.37740E-06
 -1        61 1.09745E-05-6.29551E-05-1.26707E-06
 -1        62 1.05513E-05-5.66454E-05-1.16007E-06
 -1        63 1.01032E-05-5.05901E-05-1.05673E-06
 -1        64 9.63001E-06-4.48038E-05-9.57404E-07
 -1        65 9.13184E-06-3.93010E-05-8.62488E-07
 -1        66 8.60867E-06-3.40963E-05-7.72322E-07
 -1        67 8.06050E-06-2.92041E-05-6.87250E-07
 -1        68 7.48728E-06-2.46390E-05-6.07632E-07
 -1        69 6.88902E-06-2.04156E-05-5.33864E-07
 -1        70 6.26571E-06-1.65483E-05-4.66368E-07
 -1        71 5.61740E-06-1.30518E-05-4.05483E-07
 -1        72 4.94406E-06-9.94050E-06-3.51542E-07
 -1        73 4.24562E-06-7.22900E-06-3.04981E-07
 -1        74 3.52214E-06-4.93175E-06-2.66252E-07
 -1        75 2.77368E-06-3.06363E-06-2.35531E-07
 -1        76 2.00065E-06-1.63832E-06-2.13363E-07
 -1        77 1.20935E-06-6.71375E-07-2.01174E-07
 -1        78 3.97482E-07-1.52784E-07-1.69366E-07
 -1        79 0.00000E+00 0.00000E+00 0.00000E+00
 -1        80 0.00000E+00 0.00000E+00 0.00000E+00
 -1        81 0.00000E+00 0.00000E+00 0.00000E+00
 -1        82-1.41178E-05-1.82447E-04-3.13620E-06
 -1        83-1.40795E-05-1.74052E-04-2.99692E-06
 -1        84-1.40177E-05-1.65687E-04-2.85761E-06
 -1        85-1.39313E-05-1.57365E-04-2.71821E-06
 -1        86-1.38203E-05-1.49102E-04-2.57901E-06
 -1        87-1.36848E-05-1.40911E-04-2.44013E-06
 -1        88-1.35246E-05-1.32807E-04-2.30175E-06
 -1        89-1.33400E-05-1.24805E-04-2.16409E-06
 -1        90-1.31307E-05-1.16919E-04-2.02731E-06
 -1        91-1.28970E-05-1.09165E-04-1.89171E-06
 -1        92-1.26388E-05-1.01555E-04-1.75749E-06
 -1        93-1.23561E-05-9.41059E-05-1.62492E-06
 -1        94-1.20489E-05-8.68309E-05-1.49429E-06
 -1        95-1.17173E-05-7.97450E-05-1.36589E-06
 -1        96-1.13612E-05-7.28626E-05-1.24009E-06
 -1        97-1.09807E-05-6.61982E-05-1.11713E-06
 -1        98-1.05758E-05-5.97665E-05-9.97401E-07
 -1        99-1.01464E-05-5.35819E-05-8.81194E-07
 -1       100-9.69261E-06-4.76590E-05-7.68852E-07
 -1       101-9.21441E-06-4.20124E-05-6.60761E-07
 -1       102-8.71180E-06-3.66565E-05-5.57242E-07
 -1       103-8.18476E-06-3.16059E-05-4.58699E-07
 -1       104-7.63335E-06-2.68752E-05-3.65427E-07
 -1       105-7.05756E-06-2.24788E-05-2.77850E-07
 -1       106-6.45735E-06-1.84313E-05-1.96421E-07
 -1       107-5.83277E-06-1.47473E-05-1.21388E-07
 -1       108-5.18380E-06-1.14413E-05-5.31531E-08
 -1       109-4.51043E-06-8.52773E-06 7.91921E-09
 -1       110-3.81268E-06-6.02130E-06 6.13841E-08
 -1       111-3.09064E-06-3.93634E-06 1.06865E-07
 -1       112-2.34386E-06-2.28854E-06 1.43603E-07
 -1       113-1.57576E-06-1.08809E-06 1.71751E-07
 -1       114-7.90675E-07-3.55088E-07 1.86811E-07
 -1       115-1.41283E-05-1.86652E-04-3.20595E-06
 -1       116-1.41018E-05-1.78246E-04-3.06648E-06
 -1       117-1.40517E-05-1.69865E-04-2.92727E-06
 -1       118-1.39776E-05-1.61520E-04-2.78790E-06
 -1       119-1.38789E-05-1.53225E-04-2.64858E-06
 -1       120-1.37556E-05-1.44996E-04-2.50952E-06
 -1       121-1.36078E-05-1.36847E-04-2.37087E-06
 -1       122-1.34353E-05-1.28792E-04-2.23282E-06
 -1       123-1.32384E-05-1.20847E-04-2.09557E-06
 -1       124-1.30169E-05-1.13025E-04-1.95935E-06
 -1       125-1.27710E-05-1.05341E-04-1.82441E-06
 -1       126-1.25005E-05-9.78097E-05-1.69098E-06
 -1       127-1.22055E-05-9.04457E-05-1.55935E-06
 -1       128-1.18861E-05-8.32634E-05-1.42979E-06
 -1       129-1.15423E-05-7.62774E-05-1.30265E-06
 -1       130-1.11740E-05-6.95022E-05-1.17824E-06
 -1       131-1.07813E-05-6.29524E-05-1.05684E-06
 -1       132-1.03641E-05-5.66424E-05-9.38832E-07
 -1       133-9.92255E-06-5.05869E-05-8.24518E-07
 -1       134-9.45654E-06-4.48003E-05-7.14256E-07
 -1       135-8.96614E-06-3.92972E-05-6.08406E-07
 -1       136-8.45132E-06-3.40922E-05-5.07328E-07
 -1       137-7.91209E-06-2.91997E-05-4.11380E-07
 -1       138-7.34850E-06-2.46343E-05-3.20896E-07
 -1       139-6.76049E-06-2.04105E-05-2.36353E-07
 -1       140-6.14809E-06-1.65430E-05-1.58083E-07
 -1       141-5.51132E-06-1.30461E-05-8.63959E-08
 -1       142-4.85015E-06-9.93453E-06-2.16903E-08
 -1       143-4.16459E-06-7.22272E-06 3.56219E-08
 -1       144-3.45467E-06-4.92520E-06 8.51611E-08
 -1       145-2.72044E-06-3.05686E-06 1.26293E-07
 -1       146-1.96218E-06-1.63153E-06 1.58681E-07
 -1       147-1.18609E-06-6.65011E-07 1.82808E-07
 -1       148-3.90114E-07-1.48931E-07 1.67438E-07
 -1       149 0.00000E+00 0.00000E+00 0.00000E+00
 -1       150 0.00000E+00 0.00000E+00 0.00000E+00
 -1       151 0.00000E+00 0.00000E+00 0.00000E+00
 -1       152 0.00000E+00 0.00000E+00 0.00000E+00
 -1       153 0.00000E+00 0.00000E+00 0.00000E+00
 -1       154 0.00000E+00 0.00000E+00 0.00000E+00
 -1       155 0.00000E+00 0.00000E+00 0.00000E+00
 -1       156 0.00000E+00 0.00000E+00 0.00000E+00
 -1       157 0.00000E+00 0.00000E+00 0.00000E+00
 -1       158 7.90340E-07-3.55432E-07 1.86060E-07
 -1       159 1.57529E-06-1.08893E-06 1.70019E-07
 -1       160 2.34332E-06-2.28992E-06 1.40798E-07
 -1       161 3.09007E-06-3.93823E-06 1.03053E-07
 -1       162 3.81207E-06-6.02370E-06 5.65376E-08
 -1       163 4.50981E-06-8.53065E-06 2.06097E-09
 -1       164 5.18317E-06-1.14447E-05-5.99961E-08
 -1       165 5.83214E-06-1.47512E-05-1.29221E-07
 -1       166 6.45672E-06-1.84357E-05-2.05214E-07
 -1       167 7.05686E-06-2.24837E-05-2.87679E-07
 -1       168 7.63264E-06-2.68805E-05-3.76191E-07
 -1       169 8.18401E-06-3.16117E-05-4.70327E-07
 -1       170 8.71099E-06-3.66627E-05-5.69754E-07
 -1       171 9.21358E-06-4.20191E-05-6.74114E-07
 -1       172 9.69176E-06-4.76661E-05-7.83027E-07
 -1       173 1.01455E-05-5.35894E-05-8.96145E-07
 -1       174 1.05749E-05-5.97744E-05-1.01315E-06
 -1       175 1.09799E-05-6.62065E-05-1.13361E-06
 -1       176 1.13604E-05-7.28711E-05-1.25723E-06
 -1       177 1.17164E-05-7.97539E-05-1.38374E-06
 -1       178 1.20480E-05-8.68402E-05-1.51274E-06
 -1       179 1.23552E-05-9.41154E-05-1.64395E-06
 -1       180 1.26380E-05-1.01565E-04-1.77704E-06
 -1       181 1.28962E-05-1.09175E-04-1.91172E-06
 -1       182 1.31299E-05-1.16930E-04-2.04776E-06
 -1       183 1.33391E-05-1.24815E-04-2.18491E-06
 -1       184 1.35238E-05-1.32818E-04-2.32299E-06
 -1       185 1.36840E-05-1.40921E-04-2.46165E-06
 -1       186 1.38196E-05-1.49112E-04-2.60074E-06
 -1       187 1.39306E-05-1.57376E-04-2.74015E-06
 -1       188 1.40169E-05-1.65698E-04-2.87974E-06
 -1       189 1.40788E-05-1.74063E-04-3.01915E-06
 -1       190 1.41171E-05-1.82458E-04-3.15839E-06
 -1       191 3.89923E-07-1.49058E-07 1.67107E-07
 -1       192 1.18568E-06-6.65611E-07 1.81571E-07
 -1       193 1.96167E-06-1.63264E-06 1.56415E-07
 -1       194 2.71988E-06-3.05850E-06 1.22977E-07
 -1       195 3.45408E-06-4.92735E-06 8.08302E-08
 -1       196 4.16397E-06-7.22538E-06 3.02686E-08
 -1       197 4.84952E-06-9.93770E-06-2.80386E-08
 -1       198 5.51069E-06-1.30498E-05-9.37392E-08
 -1       199 6.14746E-06-1.65471E-05-1.66391E-07
 -1       200 6.75984E-06-2.04152E-05-2.45666E-07
 -1       201 7.34777E-06-2.46394E-05-3.31202E-07
 -1       202 7.91136E-06-2.92052E-05-4.22574E-07
 -1       203 8.45053E-06-3.40982E-05-5.19403E-07
 -1       204 8.96531E-06-3.93036E-05-6.21343E-07
 -1       205 9.45570E-06-4.48072E-05-7.28021E-07
 -1       206 9.92169E-06-5.05941E-05-8.39078E-07
 -1       207 1.03633E-05-5.66501E-05-9.54189E-07
 -1       208 1.07805E-05-6.29604E-05-1.07296E-06
 -1       209 1.11732E-05-6.95106E-05-1.19505E-06
 -1       210 1.15415E-05-7.62862E-05-1.32014E-06
 -1       211 1.18853E-05-8.32725E-05-1.44794E-06
 -1       212 1.22047E-05-9.04551E-05-1.57809E-06
 -1       213 1.24996E-05-9.78194E-05-1.71028E-06
 -1       214 1.27701E-05-1.05351E-04-1.84420E-06
 -1       215 1.30161E-05-1.13035E-04-1.97958E-06
 -1       216 1.32375E-05-1.20857E-04-2.11620E-06
 -1       217 1.34345E-05-1.28803E-04-2.25385E-06
 -1       218 1.36069E-05-1.36858E-04-2.39225E-06
 -1       219 1.37548E-05-1.45007E-04-2.53115E-06
 -1       220 1.38781E-05-1.53236E-04-2.67041E-06
 -1       221 1.39768E-05-1.61531E-04-2.80994E-06
 -1       222 1.40509E-05-1.69876E-04-2.94946E-06
 -1       223 1.41011E-05-1.78258E-04-3.08870E-06
 -1       224 1.41277E-05-1.86663E-04-3.22813E-06
 -1       225-1.14006E-07-1.90860E-04-3.28748E-06
 -1       226-7.22184E-06-1.90869E-04-3.27900E-06
 -1       227 6.99385E-06-1.90869E-04-3.29594E-06
 -1       228-8.05796E-07-3.61104E-07-1.93529E-07
 -1       229-1.60643E-06-1.09562E-06-2.04156E-07
 -1       230-2.38953E-06-2.29676E-06-2.20589E-07
 -1       231-3.15084E-06-3.94495E-06-2.46100E-07
 -1       232-3.88680E-06-6.03015E-06-2.79770E-07
 -1       233-4.59780E-06-8.53679E-06-3.21472E-07
 -1       234-5.28368E-06-1.14505E-05-3.70773E-07
 -1       235-5.94450E-06-1.47567E-05-4.27260E-07
 -1       236-6.58038E-06-1.84410E-05-4.90496E-07
 -1       237-7.19124E-06-2.24886E-05-5.60223E-07
 -1       238-7.77703E-06-2.68851E-05-6.36007E-07
 -1       239-8.33778E-06-3.16160E-05-7.17507E-07
 -1       240-8.87353E-06-3.66668E-05-8.04313E-07
 -1       241-9.38425E-06-4.20228E-05-8.96027E-07
 -1       242-9.86995E-06-4.76695E-05-9.92389E-07
 -1       243-1.03306E-05-5.35925E-05-1.09296E-06
 -1       244-1.07663E-05-5.97772E-05-1.19739E-06
 -1       245-1.11769E-05-6.62091E-05-1.30536E-06
 -1       246-1.15626E-05-7.28735E-05-1.41654E-06
 -1       247-1.19233E-05-7.97559E-05-1.53063E-06
 -1       248-1.22590E-05-8.68420E-05-1.64722E-06
 -1       249-1.25697E-05-9.41170E-05-1.76611E-06
 -1       250-1.28555E-05-1.01566E-04-1.88691E-06
 -1       251-1.31163E-05-1.09176E-04-2.00934E-06
 -1       252-1.33522E-05-1.16931E-04-2.13321E-06
 -1       253-1.35631E-05-1.24816E-04-2.25819E-06
 -1       254-1.37492E-05-1.32818E-04-2.38412E-06
 -1       255-1.39104E-05-1.40922E-04-2.51071E-06
 -1       256-1.40467E-05-1.49113E-04-2.63783E-06
 -1       257-1.41581E-05-1.57376E-04-2.76528E-06
 -1       258-1.42447E-05-1.65698E-04-2.89289E-06
 -1       259-1.43067E-05-1.74063E-04-3.02090E-06
 -1       260-1.43451E-05-1.82458E-04-3.14909E-06
 -1       261-3.97344E-07-1.52942E-07-1.69056E-07
 -1       262-1.20907E-06-6.72007E-07-1.99960E-07
 -1       263-2.00039E-06-1.63947E-06-2.11122E-07
 -1       264-2.77344E-06-3.06530E-06-2.32249E-07
 -1       265-3.52191E-06-4.93395E-06-2.61917E-07
 -1       266-4.24543E-06-7.23168E-06-2.99645E-07
 -1       267-4.94385E-06-9.94367E-06-3.45203E-07
 -1       268-5.61721E-06-1.30555E-05-3.98140E-07
 -1       269-6.26554E-06-1.65525E-05-4.58057E-07
 -1       270-6.88892E-06-2.04203E-05-5.24572E-07
 -1       271-7.48725E-06-2.46442E-05-5.97380E-07
 -1       272-8.06053E-06-2.92097E-05-6.76068E-07
 -1       273-8.60876E-06-3.41023E-05-7.60272E-07
 -1       274-9.13200E-06-3.93075E-05-8.49577E-07
 -1       275-9.63021E-06-4.48107E-05-9.43650E-07
 -1       276-1.01034E-05-5.05974E-05-1.04217E-06
 -1       277-1.05516E-05-5.66531E-05-1.14471E-06
 -1       278-1.09747E-05-6.29631E-05-1.25096E-06
 -1       279-1.13729E-05-6.95131E-05-1.36057E-06
 -1       280-1.17460E-05-7.62884E-05-1.47324E-06
 -1       281-1.20942E-05-8.32744E-05-1.58863E-06
 -1       282-1.24175E-05-9.04568E-05-1.70640E-06
 -1       283-1.27157E-05-9.78208E-05-1.82628E-06
 -1       284-1.29890E-05-1.05352E-04-1.94793E-06
 -1       285-1.32373E-05-1.13036E-04-2.07111E-06
 -1       286-1.34608E-05-1.20858E-04-2.19557E-06
 -1       287-1.36593E-05-1.28804E-04-2.32105E-06
 -1       288-1.38329E-05-1.36858E-04-2.44735E-06
 -1       289-1.39816E-05-1.45007E-04-2.57422E-06
 -1       290-1.41055E-05-1.53236E-04-2.70152E-06
 -1       291-1.42045E-05-1.61531E-04-2.82907E-06
 -1       292-1.42788E-05-1.69876E-04-2.95688E-06
 -1       293-1.43290E-05-1.78258E-04-3.08507E-06
 -1       294-1.43557E-05-1.86663E-04-3.21308E-06
 -1       295 1.42506E-05-1.90875E-04-3.29855E-06
 -1       296 1.41933E-05-1.90878E-04-3.29895E-06
 -1       297 1.43070E-05-1.90872E-04-3.29813E-06
 -1       298-1.42513E-05-1.90875E-04-3.27637E-06
 -1       299-1.43077E-05-1.90878E-04-3.27596E-06
 -1       300-1.41940E-05-1.90872E-04-3.27677E-06
 -1       301 1.13310E-07-1.82442E-04-3.15377E-06
 -1       302 1.13286E-07-1.74041E-04-3.02005E-06
 -1       303 1.13211E-07-1.65669E-04-2.88637E-06
 -1       304 1.13072E-07-1.57342E-04-2.75280E-06
 -1       305 1.12837E-07-1.49072E-04-2.61943E-06
 -1       306 1.12485E-07-1.40876E-04-2.48639E-06
 -1       307 1.11986E-07-1.32766E-04-2.35381E-06
 -1       308 1.11309E-07-1.24758E-04-2.22194E-06
 -1       309 1.10447E-07-1.16867E-04-2.09093E-06
 -1       310 1.09384E-07-1.09106E-04-1.96109E-06
 -1       311 1.08112E-07-1.01491E-04-1.83263E-06
 -1       312 1.06607E-07-9.40361E-05-1.70579E-06
 -1       313 1.04856E-07-8.67554E-05-1.58088E-06
 -1       314 1.02845E-07-7.96637E-05-1.45819E-06
 -1       315 1.00547E-07-7.27755E-05-1.33806E-06
 -1       316 9.79696E-08-6.61054E-05-1.22078E-06
 -1       317 9.51163E-08-5.96679E-05-1.10670E-06
 -1       318 9.19906E-08-5.34776E-05-9.96121E-07
 -1       319 8.85435E-08-4.75490E-05-8.89407E-07
 -1       320 8.48105E-08-4.18966E-05-7.86935E-07
 -1       321 8.07994E-08-3.65350E-05-6.89019E-07
 -1       322 7.64744E-08-3.14787E-05-5.96052E-07
 -1       323 7.18371E-08-2.67422E-05-5.08368E-07
 -1       324 6.68806E-08-2.23401E-05-4.26371E-07
 -1       325 6.15749E-08-1.82869E-05-3.50475E-07
 -1       326 5.59480E-08-1.45971E-05-2.80979E-07
 -1       327 5.00232E-08-1.12854E-05-2.18291E-07
 -1       328 4.37588E-08-8.36611E-06-1.62766E-07
 -1       329 3.71404E-08-5.85393E-06-1.14825E-07
 -1       330 3.01994E-08-3.76326E-06-7.48490E-08
 -1       331 2.29832E-08-2.10878E-06-4.32254E-08
 -1       332 1.55184E-08-9.02487E-07-2.02119E-08
 -1       333 7.92399E-09-1.79270E-07-6.01606E-09
 -1       334-6.99016E-06-1.82443E-04-3.14550E-06
 -1       335 1.13305E-07-1.86648E-04-3.22061E-06
 -1       336-6.97265E-06-1.74043E-04-3.00862E-06
 -1       337 1.13306E-07-1.78239E-04-3.08691E-06
 -1       338-6.94194E-06-1.65674E-04-2.87199E-06
 -1       339 1.13249E-07-1.69851E-04-2.95320E-06
 -1       340-6.89882E-06-1.57348E-04-2.73552E-06
 -1       341 1.13156E-07-1.61499E-04-2.81957E-06
 -1       342-6.84344E-06-1.49080E-04-2.59925E-06
 -1       343 1.12968E-07-1.53199E-04-2.68608E-06
 -1       344-6.77583E-06-1.40884E-04-2.46331E-06
 -1       345 1.12678E-07-1.44964E-04-2.55286E-06
 -1       346-6.69601E-06-1.32776E-04-2.32786E-06
 -1       347 1.12258E-07-1.36809E-04-2.42003E-06
 -1       348-6.60401E-06-1.24770E-04-2.19310E-06
 -1       349 1.11669E-07-1.28749E-04-2.28777E-06
 -1       350-6.49984E-06-1.16880E-04-2.05924E-06
 -1       351 1.10902E-07-1.20797E-04-2.15630E-06
 -1       352-6.38352E-06-1.09121E-04-1.92654E-06
 -1       353 1.09940E-07-1.12969E-04-2.02585E-06
 -1       354-6.25504E-06-1.01507E-04-1.79522E-06
 -1       355 1.08773E-07-1.05280E-04-1.89667E-06
 -1       356-6.11443E-06-9.40534E-05-1.66555E-06
 -1       357 1.07388E-07-9.77428E-05-1.76898E-06
 -1       358-5.96173E-06-8.67740E-05-1.53781E-06
 -1       359 1.05766E-07-9.03730E-05-1.64307E-06
 -1       360-5.79692E-06-7.96837E-05-1.41230E-06
 -1       361 1.03883E-07-8.31850E-05-1.51924E-06
 -1       362-5.62004E-06-7.27970E-05-1.28936E-06
 -1       363 1.01731E-07-7.61932E-05-1.39779E-06
 -1       364-5.43108E-06-6.61283E-05-1.16928E-06
 -1       365 9.92921E-08-6.94123E-05-1.27904E-06
 -1       366-5.23004E-06-5.96922E-05-1.05241E-06
 -1       367 9.65771E-08-6.28567E-05-1.16332E-06
 -1       368-5.01692E-06-5.35033E-05-9.39050E-07
 -1       369 9.35883E-08-5.65410E-05-1.05095E-06
 -1       370-4.79175E-06-4.75761E-05-8.29562E-07
 -1       371 9.03106E-08-5.04797E-05-9.42258E-07
 -1       372-4.55452E-06-4.19251E-05-7.24310E-07
 -1       373 8.67083E-08-4.46874E-05-8.37619E-07
 -1       374-4.30522E-06-3.65649E-05-6.23633E-07
 -1       375 8.28389E-08-3.91785E-05-7.37381E-07
 -1       376-4.04387E-06-3.15100E-05-5.27903E-07
 -1       377 7.86725E-08-3.39678E-05-6.41895E-07
 -1       378-3.77048E-06-2.67749E-05-4.37473E-07
 -1       379 7.41981E-08-2.90695E-05-5.51524E-07
 -1       380-3.48507E-06-2.23741E-05-3.52739E-07
 -1       381 6.94007E-08-2.44984E-05-4.66639E-07
 -1       382-3.18762E-06-1.83224E-05-2.74089E-07
 -1       383 6.42687E-08-2.02690E-05-3.87642E-07
 -1       384-2.87813E-06-1.46340E-05-2.01867E-07
 -1       385 5.88009E-08-1.63957E-05-3.14897E-07
 -1       386-2.55661E-06-1.13236E-05-1.36448E-07
 -1       387 5.30191E-08-1.28931E-05-2.48761E-07
 -1       388-2.22307E-06-8.40575E-06-7.81977E-08
 -1       389 4.69378E-08-9.77577E-06-1.89609E-07
 -1       390-1.87751E-06-5.89494E-06-2.75228E-08
 -1       391 4.04878E-08-7.05823E-06-1.37822E-07
 -1       392-1.51995E-06-3.80582E-06 1.51321E-08
 -1       393 3.37070E-08-4.75500E-06-9.38156E-08
 -1       394-1.15026E-06-2.15252E-06 4.94715E-08
 -1       395 2.66255E-08-2.88070E-06-5.79748E-08
 -1       396-7.67351E-07-9.51175E-07 7.59001E-08
 -1       397 1.92833E-08-1.44827E-06-3.06338E-08
 -1       398-3.77124E-07-2.07940E-07 8.98961E-08
 -1       399 1.17453E-08-4.78329E-07-1.20573E-08
 -1       400 3.78875E-09 1.09792E-08-2.26728E-09
 -1       401 7.21676E-06-1.82443E-04-3.16201E-06
 -1       402 7.19923E-06-1.74044E-04-3.03144E-06
 -1       403 7.16836E-06-1.65674E-04-2.90071E-06
 -1       404 7.12498E-06-1.57348E-04-2.77002E-06
 -1       405 7.06913E-06-1.49080E-04-2.63953E-06
 -1       406 7.00082E-06-1.40885E-04-2.50935E-06
 -1       407 6.92001E-06-1.32777E-04-2.37963E-06
 -1       408 6.82667E-06-1.24770E-04-2.25057E-06
 -1       409 6.72077E-06-1.16880E-04-2.12240E-06
 -1       410 6.60231E-06-1.09121E-04-1.99536E-06
 -1       411 6.47130E-06-1.01508E-04-1.86969E-06
 -1       412 6.32769E-06-9.40541E-05-1.74564E-06
 -1       413 6.17148E-06-8.67749E-05-1.62349E-06
 -1       414 6.00264E-06-7.96848E-05-1.50356E-06
 -1       415 5.82117E-06-7.27981E-05-1.38617E-06
 -1       416 5.62707E-06-6.61296E-05-1.27163E-06
 -1       417 5.42032E-06-5.96936E-05-1.16026E-06
 -1       418 5.20094E-06-5.35049E-05-1.05241E-06
 -1       419 4.96890E-06-4.75778E-05-9.48404E-07
 -1       420 4.72421E-06-4.19269E-05-8.48619E-07
 -1       421 4.46687E-06-3.65669E-05-7.53402E-07
 -1       422 4.19687E-06-3.15121E-05-6.63118E-07
 -1       423 3.91421E-06-2.67771E-05-5.78122E-07
 -1       424 3.61885E-06-2.23766E-05-4.98800E-07
 -1       425 3.31081E-06-1.83250E-05-4.25542E-07
 -1       426 2.99010E-06-1.46368E-05-3.58710E-07
 -1       427 2.65672E-06-1.13265E-05-2.98677E-07
 -1       428 2.31064E-06-8.40882E-06-2.45807E-07
 -1       429 1.95186E-06-5.89815E-06-2.00520E-07
 -1       430 1.58043E-06-3.80914E-06-1.63183E-07
 -1       431 1.19625E-06-2.15588E-06-1.34282E-07
 -1       432 7.98288E-07-9.54406E-07-1.14833E-07
 -1       433 3.92316E-07-2.10250E-07-1.01072E-07
 -1       434 0.00000E+00 0.00000E+00 0.00000E+00
 -1       435 0.00000E+00 0.00000E+00 0.00000E+00
 -1       436 0.00000E+00 0.00000E+00 0.00000E+00
 -1       437 0.00000E+00 0.00000E+00 0.00000E+00
 -1       438 0.00000E+00 0.00000E+00 0.00000E+00
 -1       439-7.94550E-09-1.79695E-07-6.03103E-09
 -1       440-1.55780E-08-9.03372E-07-2.02143E-08
 -1       441-2.31142E-08-2.11017E-06-4.32346E-08
 -1       442-3.04030E-08-3.76516E-06-7.48530E-08
 -1       443-3.73757E-08-5.85634E-06-1.14831E-07
 -1       444-4.39894E-08-8.36904E-06-1.62775E-07
 -1       445-5.02488E-08-1.12888E-05-2.18290E-07
 -1       446-5.61824E-08-1.46011E-05-2.80995E-07
 -1       447-6.18151E-08-1.82913E-05-3.50459E-07
 -1       448-6.71536E-08-2.23450E-05-4.26397E-07
 -1       449-7.21754E-08-2.67475E-05-5.08387E-07
 -1       450-7.68828E-08-3.14845E-05-5.96055E-07
 -1       451-8.12705E-08-3.65412E-05-6.89040E-07
 -1       452-8.53287E-08-4.19033E-05-7.86930E-07
 -1       453-8.90852E-08-4.75561E-05-8.89415E-07
 -1       454-9.25280E-08-5.34851E-05-9.96125E-07
 -1       455-9.56674E-08-5.96758E-05-1.10670E-06
 -1       456-9.85149E-08-6.61136E-05-1.22078E-06
 -1       457-1.01082E-07-7.27841E-05-1.33806E-06
 -1       458-1.03397E-07-7.96726E-05-1.45820E-06
 -1       459-1.05441E-07-8.67646E-05-1.58089E-06
 -1       460-1.07223E-07-9.40456E-05-1.70580E-06
 -1       461-1.08750E-07-1.01501E-04-1.83263E-06
 -1       462-1.10052E-07-1.09116E-04-1.96110E-06
 -1       463-1.11145E-07-1.16877E-04-2.09094E-06
 -1       464-1.12025E-07-1.24769E-04-2.22192E-06
 -1       465-1.12701E-07-1.32777E-04-2.35383E-06
 -1       466-1.13193E-07-1.40886E-04-2.48639E-06
 -1       467-1.13539E-07-1.49083E-04-2.61942E-06
 -1       468-1.13770E-07-1.57353E-04-2.75281E-06
 -1       469-1.13899E-07-1.65680E-04-2.88636E-06
 -1       470-1.13978E-07-1.74052E-04-3.02005E-06
 -1       471-1.13994E-07-1.82453E-04-3.15376E-06
 -1       472-3.92089E-07-2.10660E-07-1.00716E-07
 -1       473-3.80202E-09 1.07434E-08-2.28112E-09
 -1       474-7.98032E-07-9.55298E-07-1.13976E-07
 -1       475-1.17772E-08-4.78976E-07-1.20650E-08
 -1       476-1.19601E-06-2.15728E-06-1.32908E-07
 -1       477-1.93783E-08-1.44941E-06-3.06418E-08
 -1       478-1.58024E-06-3.81106E-06-1.61286E-07
 -1       479-2.67920E-08-2.88234E-06-5.79820E-08
 -1       480-1.95171E-06-5.90057E-06-1.98108E-07
 -1       481-3.39302E-08-4.75716E-06-9.38218E-08
 -1       482-2.31051E-06-8.41175E-06-2.42891E-07
 -1       483-4.07331E-08-7.06090E-06-1.37828E-07
 -1       484-2.65660E-06-1.13299E-05-2.95257E-07
 -1       485-4.71569E-08-9.77894E-06-1.89611E-07
 -1       486-2.98999E-06-1.46407E-05-3.54805E-07
 -1       487-5.32561E-08-1.28968E-05-2.48770E-07
 -1       488-3.31073E-06-1.83294E-05-4.21136E-07
 -1       489-5.90350E-08-1.63998E-05-3.14902E-07
 -1       490-3.61881E-06-2.23815E-05-4.93920E-07
 -1       491-6.45216E-08-2.02736E-05-3.87647E-07
 -1       492-3.91423E-06-2.67825E-05-5.72773E-07
 -1       493-6.97006E-08-2.45035E-05-4.66657E-07
 -1       494-4.19696E-06-3.15179E-05-6.57320E-07
 -1       495-7.45655E-08-2.90751E-05-5.51536E-07
 -1       496-4.46702E-06-3.65731E-05-7.47167E-07
 -1       497-7.91161E-08-3.39738E-05-6.41907E-07
 -1       498-4.72442E-06-4.19336E-05-8.41953E-07
 -1       499-8.33417E-08-3.91850E-05-7.37390E-07
 -1       500-4.96914E-06-4.75849E-05-9.41330E-07
 -1       501-8.72441E-08-4.46942E-05-8.37624E-07
 -1       502-5.20120E-06-5.35123E-05-1.04493E-06
 -1       503-9.08474E-08-5.04870E-05-9.42264E-07
 -1       504-5.42060E-06-5.97015E-05-1.15240E-06
 -1       505-9.41335E-08-5.65486E-05-1.05095E-06
 -1       506-5.62736E-06-6.61378E-05-1.26340E-06
 -1       507-9.71206E-08-6.28647E-05-1.16332E-06
 -1       508-5.82148E-06-7.28067E-05-1.37759E-06
 -1       509-9.98345E-08-6.94207E-05-1.27904E-06
 -1       510-6.00298E-06-7.96937E-05-1.49466E-06
 -1       511-1.02271E-07-7.62020E-05-1.39779E-06
 -1       512-6.17186E-06-8.67842E-05-1.61428E-06
 -1       513-1.04454E-07-8.31940E-05-1.51925E-06
 -1       514-6.32812E-06-9.40636E-05-1.73614E-06
 -1       515-1.06363E-07-9.03824E-05-1.64308E-06
 -1       516-6.47176E-06-1.01518E-04-1.85993E-06
 -1       517-1.08015E-07-9.77524E-05-1.76899E-06
 -1       518-6.60282E-06-1.09131E-04-1.98536E-06
 -1       519-1.09425E-07-1.05290E-04-1.89667E-06
 -1       520-6.72131E-06-1.16891E-04-2.11218E-06
 -1       521-1.10624E-07-1.12980E-04-2.02586E-06
 -1       522-6.82723E-06-1.24781E-04-2.24015E-06
 -1       523-1.11612E-07-1.20808E-04-2.15630E-06
 -1       524-6.92061E-06-1.32787E-04-2.36904E-06
 -1       525-1.12389E-07-1.28759E-04-2.28778E-06
 -1       526-7.00144E-06-1.40895E-04-2.49860E-06
 -1       527-1.12967E-07-1.36820E-04-2.42003E-06
 -1       528-7.06976E-06-1.49091E-04-2.62866E-06
 -1       529-1.13381E-07-1.44975E-04-2.55285E-06
 -1       530-7.12561E-06-1.57359E-04-2.75905E-06
 -1       531-1.13665E-07-1.53210E-04-2.68608E-06
 -1       532-7.16901E-06-1.65685E-04-2.88965E-06
 -1       533-1.13846E-07-1.61510E-04-2.81956E-06
 -1       534-7.19990E-06-1.74055E-04-3.02034E-06
 -1       535-1.13944E-07-1.69862E-04-2.95319E-06
 -1       536-7.21746E-06-1.82454E-04-3.15090E-06
 -1       537-1.13992E-07-1.78250E-04-3.08690E-06
 -1       538-1.14002E-07-1.86659E-04-3.22061E-06
 -1       539 3.76817E-07-2.08341E-07 8.95102E-08
 -1       540 7.66922E-07-9.52043E-07 7.50339E-08
 -1       541 1.14977E-06-2.15389E-06 4.80785E-08
 -1       542 1.51941E-06-3.80771E-06 1.32228E-08
 -1       543 1.87695E-06-5.89735E-06-2.99461E-08
 -1       544 2.22250E-06-8.40868E-06-8.11234E-08
 -1       545 2.55603E-06-1.13270E-05-1.39869E-07
 -1       546 2.87755E-06-1.46379E-05-2.05790E-07
 -1       547 3.18701E-06-1.83267E-05-2.78499E-07
 -1       548 3.48443E-06-2.23790E-05-3.57643E-07
 -1       549 3.76981E-06-2.67802E-05-4.42853E-07
 -1       550 4.04315E-06-3.15158E-05-5.33726E-07
 -1       551 4.30446E-06-3.65711E-05-6.29892E-07
 -1       552 4.55372E-06-4.19318E-05-7.30982E-07
 -1       553 4.79094E-06-4.75832E-05-8.36648E-07
 -1       554 5.01610E-06-5.35108E-05-9.46531E-07
 -1       555 5.22922E-06-5.97001E-05-1.06027E-06
 -1       556 5.43028E-06-6.61365E-05-1.17752E-06
 -1       557 5.61925E-06-7.28055E-05-1.29794E-06
 -1       558 5.79614E-06-7.96926E-05-1.42122E-06
 -1       559 5.96093E-06-8.67833E-05-1.54703E-06
 -1       560 6.11363E-06-9.40629E-05-1.67505E-06
 -1       561 6.25421E-06-1.01517E-04-1.80499E-06
 -1       562 6.38269E-06-1.09131E-04-1.93655E-06
 -1       563 6.49901E-06-1.16890E-04-2.06946E-06
 -1       564 6.60317E-06-1.24780E-04-2.20351E-06
 -1       565 6.69518E-06-1.32787E-04-2.33845E-06
 -1       566 6.77502E-06-1.40895E-04-2.47405E-06
 -1       567 6.84266E-06-1.49090E-04-2.61011E-06
 -1       568 6.89805E-06-1.57359E-04-2.74649E-06
 -1       569 6.94119E-06-1.65685E-04-2.88305E-06
 -1       570 6.97195E-06-1.74055E-04-3.01972E-06
 -1       571 6.98947E-06-1.82454E-04-3.15660E-06
 -1       572-3.47469E-10-1.90854E-04-3.28748E-06
 -1       573-7.11077E-06-1.90864E-04-3.28191E-06
 -1       574-5.71709E-08-1.90857E-04-3.28748E-06
 -1       575 5.64769E-08-1.90851E-04-3.28748E-06
 -1       576 7.11007E-06-1.90864E-04-3.29300E-06
 -1       577-1.42337E-05-1.82455E-04-3.14265E-06
 -1       578-1.41950E-05-1.74061E-04-3.00890E-06
 -1       579-1.41331E-05-1.65697E-04-2.87524E-06
 -1       580-1.40466E-05-1.57377E-04-2.74171E-06
 -1       581-1.39354E-05-1.49115E-04-2.60839E-06
 -1       582-1.37995E-05-1.40925E-04-2.47538E-06
 -1       583-1.36388E-05-1.32823E-04-2.34287E-06
 -1       584-1.34535E-05-1.24822E-04-2.21104E-06
 -1       585-1.32434E-05-1.16938E-04-2.08014E-06
 -1       586-1.30086E-05-1.09185E-04-1.95039E-06
 -1       587-1.27491E-05-1.01577E-04-1.82203E-06
 -1       588-1.24648E-05-9.41291E-05-1.69532E-06
 -1       589-1.21559E-05-8.68556E-05-1.57053E-06
 -1       590-1.18222E-05-7.97711E-05-1.44800E-06
 -1       591-1.14638E-05-7.28901E-05-1.32803E-06
 -1       592-1.10807E-05-6.62272E-05-1.21092E-06
 -1       593-1.06730E-05-5.97969E-05-1.09704E-06
 -1       594-1.02404E-05-5.36137E-05-9.86682E-07
 -1       595-9.78319E-06-4.76922E-05-8.80190E-07
 -1       596-9.30127E-06-4.20470E-05-7.77935E-07
 -1       597-8.79461E-06-3.66925E-05-6.80279E-07
 -1       598-8.26321E-06-3.16433E-05-5.87566E-07
 -1       599-7.70711E-06-2.69140E-05-5.00139E-07
 -1       600-7.12631E-06-2.25190E-05-4.18426E-07
 -1       601-6.52080E-06-1.84729E-05-3.42809E-07
 -1       602-5.89056E-06-1.47903E-05-2.73633E-07
 -1       603-5.23567E-06-1.14856E-05-2.11234E-07
 -1       604-4.55606E-06-8.57344E-06-1.56014E-07
 -1       605-3.85169E-06-6.06837E-06-1.08385E-07
 -1       606-3.12261E-06-3.98475E-06-6.87741E-08
 -1       607-2.36879E-06-2.33813E-06-3.76071E-08
 -1       608-1.59122E-06-1.13827E-06-1.53093E-08
 -1       609-7.93119E-07-4.09759E-07-2.44574E-09
 -1       610-1.42901E-05-1.82457E-04-3.14584E-06
 -1       611-1.42448E-05-1.86660E-04-3.20951E-06
 -1       612-1.42515E-05-1.74063E-04-3.01491E-06
 -1       613-1.42174E-05-1.78255E-04-3.07577E-06
 -1       614-1.41895E-05-1.65699E-04-2.88406E-06
 -1       615-1.41671E-05-1.69874E-04-2.94206E-06
 -1       616-1.41030E-05-1.57378E-04-2.75349E-06
 -1       617-1.40930E-05-1.61530E-04-2.80846E-06
 -1       618-1.39916E-05-1.49115E-04-2.62310E-06
 -1       619-1.39941E-05-1.53237E-04-2.67502E-06
 -1       620-1.38555E-05-1.40926E-04-2.49303E-06
 -1       621-1.38705E-05-1.45010E-04-2.54183E-06
 -1       622-1.36946E-05-1.32823E-04-2.36348E-06
 -1       623-1.37222E-05-1.36862E-04-2.40905E-06
 -1       624-1.35089E-05-1.24822E-04-2.23459E-06
 -1       625-1.35492E-05-1.28809E-04-2.27685E-06
 -1       626-1.32984E-05-1.16938E-04-2.10665E-06
 -1       627-1.33515E-05-1.20865E-04-2.14546E-06
 -1       628-1.30630E-05-1.09184E-04-1.97983E-06
 -1       629-1.31290E-05-1.13044E-04-2.01509E-06
 -1       630-1.28029E-05-1.01576E-04-1.85443E-06
 -1       631-1.28819E-05-1.05362E-04-1.88602E-06
 -1       632-1.25179E-05-9.41275E-05-1.73066E-06
 -1       633-1.26100E-05-9.78322E-05-1.75845E-06
 -1       634-1.22080E-05-8.68535E-05-1.60882E-06
 -1       635-1.23134E-05-9.04696E-05-1.63266E-06
 -1       636-1.18733E-05-7.97687E-05-1.48925E-06
 -1       637-1.19921E-05-8.32888E-05-1.50896E-06
 -1       638-1.15138E-05-7.28873E-05-1.37221E-06
 -1       639-1.16461E-05-7.63042E-05-1.38767E-06
 -1       640-1.11294E-05-6.62240E-05-1.25806E-06
 -1       641-1.12754E-05-6.95305E-05-1.26910E-06
 -1       642-1.07202E-05-5.97933E-05-1.14712E-06
 -1       643-1.08799E-05-6.29820E-05-1.15356E-06
 -1       644-1.02861E-05-5.36097E-05-1.03972E-06
 -1       645-1.04598E-05-5.66735E-05-1.04140E-06
 -1       646-9.82716E-06-4.76879E-05-9.36185E-07
 -1       647-1.00149E-05-5.06193E-05-9.32930E-07
 -1       648-9.34335E-06-4.20422E-05-8.36863E-07
 -1       649-9.54530E-06-4.48342E-05-8.28510E-07
 -1       650-8.83466E-06-3.66874E-05-7.42172E-07
 -1       651-9.05102E-06-3.93325E-05-7.28509E-07
 -1       652-8.30109E-06-3.16378E-05-6.52403E-07
 -1       653-8.53198E-06-3.41289E-05-6.33281E-07
 -1       654-7.74267E-06-2.69080E-05-5.67929E-07
 -1       655-7.98823E-06-2.92378E-05-5.43170E-07
 -1       656-7.15936E-06-2.25126E-05-4.89171E-07
 -1       657-7.41979E-06-2.46738E-05-4.58539E-07
 -1       658-6.55118E-06-1.84661E-05-4.16490E-07
 -1       659-6.82661E-06-2.04514E-05-3.79834E-07
 -1       660-5.91813E-06-1.47831E-05-3.50276E-07
 -1       661-6.20876E-06-1.65852E-05-3.07394E-07
 -1       662-5.26027E-06-1.14780E-05-2.90819E-07
 -1       663-5.56618E-06-1.30898E-05-2.41564E-07
 -1       664-4.57752E-06-8.56541E-06-2.38553E-07
 -1       665-4.89894E-06-9.97954E-06-1.82700E-07
 -1       666-3.86984E-06-6.05992E-06-1.93869E-07
 -1       667-4.20695E-06-7.26912E-06-1.31225E-07
 -1       668-3.13734E-06-3.97587E-06-1.57257E-07
 -1       669-3.49022E-06-4.97295E-06-8.75500E-08
 -1       670-2.37960E-06-2.32887E-06-1.28715E-07
 -1       671-2.74876E-06-3.10590E-06-5.21146E-08
 -1       672-1.60070E-06-1.12815E-06-1.10473E-07
 -1       673-1.98340E-06-1.68120E-06-2.53239E-08
 -1       674-7.92758E-07-3.99490E-07-9.52146E-08
 -1       675-1.19575E-06-7.17715E-07-7.65838E-09
 -1       676-3.62489E-07-1.86736E-07 2.88187E-10
 -1       677-1.41764E-05-1.82451E-04-3.13946E-06
 -1       678-1.41379E-05-1.74057E-04-3.00290E-06
 -1       679-1.40760E-05-1.65693E-04-2.86643E-06
 -1       680-1.39896E-05-1.57372E-04-2.72996E-06
 -1       681-1.38785E-05-1.49110E-04-2.59369E-06
 -1       682-1.37428E-05-1.40920E-04-2.45774E-06
 -1       683-1.35824E-05-1.32818E-04-2.32229E-06
 -1       684-1.33973E-05-1.24817E-04-2.18755E-06
 -1       685-1.31877E-05-1.16932E-04-2.05369E-06
 -1       686-1.29534E-05-1.09179E-04-1.92102E-06
 -1       687-1.26946E-05-1.01570E-04-1.78972E-06
 -1       688-1.24111E-05-9.41219E-05-1.66007E-06
 -1       689-1.21030E-05-8.68480E-05-1.53236E-06
 -1       690-1.17704E-05-7.97632E-05-1.40687E-06
 -1       691-1.14131E-05-7.28818E-05-1.28399E-06
 -1       692-1.10314E-05-6.62186E-05-1.16395E-06
 -1       693-1.06250E-05-5.97879E-05-1.04713E-06
 -1       694-1.01940E-05-5.36044E-05-9.33839E-07
 -1       695-9.73853E-06-4.76826E-05-8.24413E-07
 -1       696-9.25846E-06-4.20371E-05-7.19235E-07
 -1       697-8.75383E-06-3.66822E-05-6.18635E-07
 -1       698-8.22462E-06-3.16327E-05-5.22998E-07
 -1       699-7.67086E-06-2.69030E-05-4.32640E-07
 -1       700-7.09256E-06-2.25077E-05-3.47983E-07
 -1       701-6.48970E-06-1.84613E-05-2.69453E-07
 -1       702-5.86230E-06-1.47784E-05-1.97336E-07
 -1       703-5.21036E-06-1.14734E-05-1.32016E-07
 -1       704-4.53387E-06-8.56088E-06-7.38542E-08
 -1       705-3.83281E-06-6.05549E-06-2.33021E-08
 -1       706-3.10726E-06-3.97157E-06 1.92845E-08
 -1       707-2.35676E-06-2.32474E-06 5.30658E-08
 -1       708-1.58534E-06-1.12436E-06 7.93886E-08
 -1       709-7.84956E-07-3.96365E-07 9.00195E-08
 -1       710 1.42330E-05-1.82455E-04-3.16485E-06
 -1       711 1.41943E-05-1.74061E-04-3.03113E-06
 -1       712 1.41324E-05-1.65697E-04-2.89737E-06
 -1       713 1.40459E-05-1.57377E-04-2.76366E-06
 -1       714 1.39347E-05-1.49115E-04-2.63012E-06
 -1       715 1.37988E-05-1.40925E-04-2.49689E-06
 -1       716 1.36381E-05-1.32823E-04-2.36408E-06
 -1       717 1.34528E-05-1.24822E-04-2.23187E-06
 -1       718 1.32427E-05-1.16938E-04-2.10058E-06
 -1       719 1.30079E-05-1.09185E-04-1.97040E-06
 -1       720 1.27484E-05-1.01577E-04-1.84157E-06
 -1       721 1.24642E-05-9.41291E-05-1.71433E-06
 -1       722 1.21553E-05-8.68556E-05-1.58897E-06
 -1       723 1.18216E-05-7.97710E-05-1.46583E-06
 -1       724 1.14633E-05-7.28901E-05-1.34518E-06
 -1       725 1.10802E-05-6.62272E-05-1.22740E-06
 -1       726 1.06724E-05-5.97968E-05-1.11278E-06
 -1       727 1.02399E-05-5.36137E-05-1.00164E-06
 -1       728 9.78267E-06-4.76922E-05-8.94361E-07
 -1       729 9.30074E-06-4.20470E-05-7.91278E-07
 -1       730 8.79413E-06-3.66925E-05-6.92771E-07
 -1       731 8.26280E-06-3.16433E-05-5.99195E-07
 -1       732 7.70676E-06-2.69140E-05-5.10886E-07
 -1       733 7.12602E-06-2.25190E-05-4.28213E-07
 -1       734 6.52054E-06-1.84729E-05-3.51613E-07
 -1       735 5.89035E-06-1.47903E-05-2.81463E-07
 -1       736 5.23545E-06-1.14856E-05-2.18081E-07
 -1       737 4.55583E-06-8.57343E-06-1.61857E-07
 -1       738 3.85148E-06-6.06836E-06-1.13230E-07
 -1       739 3.12243E-06-3.98473E-06-7.25889E-08
 -1       740 2.36866E-06-2.33811E-06-4.03828E-08
 -1       741 1.59111E-06-1.13824E-06-1.70345E-08
 -1       742 7.93071E-07-4.09743E-07-3.17546E-09
 -1       743 1.42441E-05-1.86660E-04-3.23170E-06
 -1       744 1.41757E-05-1.82457E-04-3.16165E-06
 -1       745 1.42167E-05-1.78255E-04-3.09799E-06
 -1       746 1.41372E-05-1.74063E-04-3.02513E-06
 -1       747 1.41665E-05-1.69874E-04-2.96426E-06
 -1       748 1.40753E-05-1.65699E-04-2.88856E-06
 -1       749 1.40923E-05-1.61530E-04-2.83050E-06
 -1       750 1.39889E-05-1.57378E-04-2.75190E-06
 -1       751 1.39934E-05-1.53237E-04-2.69685E-06
 -1       752 1.38778E-05-1.49115E-04-2.61542E-06
 -1       753 1.38698E-05-1.45010E-04-2.56345E-06
 -1       754 1.37420E-05-1.40925E-04-2.47926E-06
 -1       755 1.37215E-05-1.36862E-04-2.43042E-06
 -1       756 1.35816E-05-1.32823E-04-2.34352E-06
 -1       757 1.35485E-05-1.28809E-04-2.29788E-06
 -1       758 1.33966E-05-1.24822E-04-2.20837E-06
 -1       759 1.33508E-05-1.20865E-04-2.16610E-06
 -1       760 1.31869E-05-1.16937E-04-2.07414E-06
 -1       761 1.31284E-05-1.13044E-04-2.03533E-06
 -1       762 1.29527E-05-1.09184E-04-1.94103E-06
 -1       763 1.28812E-05-1.05362E-04-1.90580E-06
 -1       764 1.26938E-05-1.01575E-04-1.80927E-06
 -1       765 1.26094E-05-9.78322E-05-1.77773E-06
 -1       766 1.24104E-05-9.41267E-05-1.67909E-06
 -1       767 1.23128E-05-9.04696E-05-1.65140E-06
 -1       768 1.21023E-05-8.68526E-05-1.55080E-06
 -1       769 1.19915E-05-8.32888E-05-1.52710E-06
 -1       770 1.17697E-05-7.97676E-05-1.42472E-06
 -1       771 1.16455E-05-7.63042E-05-1.40517E-06
 -1       772 1.14125E-05-7.28861E-05-1.30113E-06
 -1       773 1.12748E-05-6.95304E-05-1.28592E-06
 -1       774 1.10307E-05-6.62227E-05-1.18042E-06
 -1       775 1.08794E-05-6.29820E-05-1.16967E-06
 -1       776 1.06243E-05-5.97919E-05-1.06288E-06
 -1       777 1.04592E-05-5.66735E-05-1.05676E-06
 -1       778 1.01934E-05-5.36082E-05-9.48795E-07
 -1       779 1.00143E-05-5.06193E-05-9.47497E-07
 -1       780 9.73789E-06-4.76862E-05-8.38588E-07
 -1       781 9.54477E-06-4.48342E-05-8.42269E-07
 -1       782 9.25783E-06-4.20404E-05-7.32581E-07
 -1       783 9.05050E-06-3.93325E-05-7.41433E-07
 -1       784 8.75323E-06-3.66853E-05-6.31138E-07
 -1       785 8.53154E-06-3.41288E-05-6.45344E-07
 -1       786 8.22408E-06-3.16356E-05-5.34626E-07
 -1       787 7.98785E-06-2.92377E-05-5.54355E-07
 -1       788 7.67038E-06-2.69057E-05-4.43394E-07
 -1       789 7.41946E-06-2.46738E-05-4.68819E-07
 -1       790 7.09212E-06-2.25101E-05-3.57793E-07
 -1       791 6.82635E-06-2.04514E-05-3.89132E-07
 -1       792 6.48930E-06-1.84635E-05-2.78253E-07
 -1       793 6.20851E-06-1.65852E-05-3.15710E-07
 -1       794 5.86192E-06-1.47803E-05-2.05168E-07
 -1       795 5.56598E-06-1.30898E-05-2.48901E-07
 -1       796 5.20999E-06-1.14751E-05-1.38856E-07
 -1       797 4.89871E-06-9.97954E-06-1.89049E-07
 -1       798 4.53350E-06-8.56234E-06-7.97084E-08
 -1       799 4.20673E-06-7.26910E-06-1.36570E-07
 -1       800 3.83246E-06-6.05669E-06-2.81488E-08
 -1       801 3.49004E-06-4.97294E-06-9.18816E-08
 -1       802 3.10694E-06-3.97250E-06 1.54761E-08
 -1       803 2.74859E-06-3.10587E-06-5.54096E-08
 -1       804 2.35649E-06-2.32541E-06 5.02709E-08
 -1       805 1.98330E-06-1.68117E-06-2.75736E-08
 -1       806 1.58512E-06-1.12477E-06 7.76631E-08
 -1       807 1.19565E-06-7.17693E-07-8.86647E-09
 -1       808 7.84845E-07-3.96534E-07 8.92887E-08
 -1       809 3.62471E-07-1.86726E-07-1.36726E-11
 -1       810 1.42894E-05-1.82451E-04-3.16806E-06
 -1       811 1.42508E-05-1.74057E-04-3.03713E-06
 -1       812 1.41889E-05-1.65693E-04-2.90620E-06
 -1       813 1.41023E-05-1.57373E-04-2.77542E-06
 -1       814 1.39910E-05-1.49110E-04-2.64485E-06
 -1       815 1.38548E-05-1.40920E-04-2.51455E-06
 -1       816 1.36939E-05-1.32818E-04-2.38469E-06
 -1       817 1.35082E-05-1.24817E-04-2.25543E-06
 -1       818 1.32977E-05-1.16933E-04-2.12707E-06
 -1       819 1.30624E-05-1.09179E-04-1.99985E-06
 -1       820 1.28023E-05-1.01571E-04-1.87397E-06
 -1       821 1.25173E-05-9.41227E-05-1.74968E-06
 -1       822 1.22075E-05-8.68489E-05-1.62727E-06
 -1       823 1.18729E-05-7.97642E-05-1.50706E-06
 -1       824 1.15133E-05-7.28830E-05-1.38937E-06
 -1       825 1.11290E-05-6.62199E-05-1.27454E-06
 -1       826 1.07198E-05-5.97893E-05-1.16286E-06
 -1       827 1.02857E-05-5.36060E-05-1.05469E-06
 -1       828 9.82674E-06-4.76843E-05-9.50343E-07
 -1       829 9.34295E-06-4.20389E-05-8.50209E-07
 -1       830 8.83431E-06-3.66842E-05-7.54656E-07
 -1       831 8.30081E-06-3.16348E-05-6.64032E-07
 -1       832 7.74244E-06-2.69053E-05-5.78669E-07
 -1       833 7.15920E-06-2.25101E-05-4.98947E-07
 -1       834 6.55106E-06-1.84639E-05-4.25297E-07
 -1       835 5.91806E-06-1.47811E-05-3.58103E-07
 -1       836 5.26020E-06-1.14763E-05-2.97669E-07
 -1       837 4.57744E-06-8.56394E-06-2.44388E-07
 -1       838 3.86979E-06-6.05870E-06-1.98713E-07
 -1       839 3.13731E-06-3.97489E-06-1.61078E-07
 -1       840 2.37960E-06-2.32815E-06-1.31472E-07
 -1       841 1.60073E-06-1.12769E-06-1.12210E-07
 -1       842 7.92777E-07-3.99289E-07-9.59213E-08
 -1       843-3.47843E-10-1.82449E-04-3.15376E-06
 -1       844-3.47567E-10-1.74049E-04-3.02004E-06
 -1       845-3.47309E-10-1.65679E-04-2.88636E-06
 -1       846-3.49543E-10-1.57353E-04-2.75278E-06
 -1       847-3.51260E-10-1.49085E-04-2.61940E-06
 -1       848-3.58763E-10-1.40890E-04-2.48634E-06
 -1       849-3.66153E-10-1.32782E-04-2.35375E-06
 -1       850-3.64071E-10-1.24775E-04-2.22184E-06
 -1       851-3.50253E-10-1.16885E-04-2.09082E-06
 -1       852-3.33176E-10-1.09126E-04-1.96095E-06
 -1       853-3.21653E-10-1.01512E-04-1.83246E-06
 -1       854-3.09481E-10-9.40585E-05-1.70560E-06
 -1       855-2.87964E-10-8.67791E-05-1.58066E-06
 -1       856-2.75087E-10-7.96887E-05-1.45794E-06
 -1       857-2.66897E-10-7.28018E-05-1.33777E-06
 -1       858-2.71758E-10-6.61330E-05-1.22046E-06
 -1       859-2.78509E-10-5.96969E-05-1.10634E-06
 -1       860-2.70440E-10-5.35078E-05-9.95736E-07
 -1       861-2.71556E-10-4.75805E-05-8.88983E-07
 -1       862-2.66616E-10-4.19294E-05-7.86467E-07
 -1       863-2.38597E-10-3.65690E-05-6.88530E-07
 -1       864-2.06583E-10-3.15139E-05-5.95518E-07
 -1       865-1.62967E-10-2.67787E-05-5.07802E-07
 -1       866-1.31197E-10-2.23778E-05-4.25771E-07
 -1       867-1.19986E-10-1.83259E-05-3.49813E-07
 -1       868-1.12972E-10-1.46373E-05-2.80296E-07
 -1       869-1.16975E-10-1.13268E-05-2.17569E-07
 -1       870-1.17861E-10-8.40875E-06-1.62005E-07
 -1       871-1.22589E-10-5.89778E-06-1.14016E-07
 -1       872-9.84345E-11-3.80831E-06-7.39968E-08
 -1       873-6.10326E-11-2.15516E-06-4.23242E-08
 -1       874-3.24249E-11-9.49614E-07-1.92535E-08
 -1       875-1.30220E-11-2.21505E-07-4.97461E-09
 -1       876 5.64776E-08-1.82445E-04-3.15376E-06
 -1       877-3.46268E-10-1.86654E-04-3.22062E-06
 -1       878-7.10540E-06-1.82450E-04-3.14820E-06
 -1       879-5.71729E-08-1.82451E-04-3.15376E-06
 -1       880 5.64676E-08-1.74046E-04-3.02004E-06
 -1       881-3.49884E-10-1.78246E-04-3.08690E-06
 -1       882-7.08756E-06-1.74052E-04-3.01448E-06
 -1       883-5.71569E-08-1.74051E-04-3.02005E-06
 -1       884 5.64281E-08-1.65675E-04-2.88636E-06
 -1       885-3.41099E-10-1.69860E-04-2.95319E-06
 -1       886-7.05673E-06-1.65684E-04-2.88081E-06
 -1       887-5.71227E-08-1.65681E-04-2.88636E-06
 -1       888 5.63528E-08-1.57349E-04-2.75278E-06
 -1       889-3.52163E-10-1.61510E-04-2.81955E-06
 -1       890-7.01347E-06-1.57359E-04-2.74726E-06
 -1       891-5.70528E-08-1.57354E-04-2.75279E-06
 -1       892 5.62316E-08-1.49081E-04-2.61941E-06
 -1       893-3.46008E-10-1.53211E-04-2.68606E-06
 -1       894-6.95786E-06-1.49092E-04-2.61392E-06
 -1       895-5.69406E-08-1.49086E-04-2.61940E-06
 -1       896 5.60527E-08-1.40885E-04-2.48635E-06
 -1       897-3.56717E-10-1.44977E-04-2.55282E-06
 -1       898-6.88990E-06-1.40899E-04-2.48090E-06
 -1       899-5.67668E-08-1.40890E-04-2.48635E-06
 -1       900 5.58002E-08-1.32776E-04-2.35376E-06
 -1       901-3.67485E-10-1.36824E-04-2.41998E-06
 -1       902-6.80956E-06-1.32792E-04-2.34838E-06
 -1       903-5.65190E-08-1.32782E-04-2.35377E-06
 -1       904 5.54629E-08-1.24770E-04-2.22187E-06
 -1       905-3.59286E-10-1.28765E-04-2.28769E-06
 -1       906-6.71688E-06-1.24787E-04-2.21653E-06
 -1       907-5.61773E-08-1.24775E-04-2.22185E-06
 -1       908 5.50353E-08-1.16879E-04-2.09084E-06
 -1       909-3.63386E-10-1.20815E-04-2.15620E-06
 -1       910-6.61184E-06-1.16899E-04-2.08559E-06
 -1       911-5.57325E-08-1.16885E-04-2.09085E-06
 -1       912 5.45098E-08-1.09120E-04-1.96098E-06
 -1       913-3.42602E-10-1.12988E-04-2.02573E-06
 -1       914-6.49443E-06-1.09141E-04-1.95581E-06
 -1       915-5.51789E-08-1.09125E-04-1.96099E-06
 -1       916 5.38777E-08-1.01506E-04-1.83250E-06
 -1       917-3.28046E-10-1.05300E-04-1.89652E-06
 -1       918-6.36466E-06-1.01529E-04-1.82741E-06
 -1       919-5.45211E-08-1.01511E-04-1.83250E-06
 -1       920 5.31305E-08-9.40517E-05-1.70564E-06
 -1       921-3.19343E-10-9.77645E-05-1.76881E-06
 -1       922-6.22254E-06-9.40762E-05-1.70065E-06
 -1       923-5.37489E-08-9.40565E-05-1.70565E-06
 -1       924 5.22650E-08-8.67720E-05-1.58071E-06
 -1       925-2.99197E-10-9.03961E-05-1.64287E-06
 -1       926-6.06805E-06-8.67982E-05-1.57582E-06
 -1       927-5.28473E-08-8.67766E-05-1.58072E-06
 -1       928 5.12650E-08-7.96813E-05-1.45800E-06
 -1       929-2.78451E-10-8.32094E-05-1.51900E-06
 -1       930-5.90121E-06-7.97093E-05-1.45323E-06
 -1       931-5.18166E-08-7.96858E-05-1.45800E-06
 -1       932 5.01188E-08-7.27942E-05-1.33784E-06
 -1       933-2.65409E-10-7.62189E-05-1.39752E-06
 -1       934-5.72202E-06-7.28239E-05-1.33319E-06
 -1       935-5.06574E-08-7.27985E-05-1.33784E-06
 -1       936 4.88307E-08-6.61251E-05-1.22054E-06
 -1       937-2.67378E-10-6.94393E-05-1.27874E-06
 -1       938-5.53048E-06-6.61566E-05-1.21602E-06
 -1       939-4.93737E-08-6.61292E-05-1.22054E-06
 -1       940 4.74003E-08-5.96886E-05-1.10643E-06
 -1       941-2.76795E-10-6.28850E-05-1.16298E-06
 -1       942-5.32658E-06-5.97219E-05-1.10205E-06
 -1       943-4.79508E-08-5.96926E-05-1.10643E-06
 -1       944 4.58359E-08-5.34993E-05-9.95831E-07
 -1       945-2.78056E-10-5.65705E-05-1.05058E-06
 -1       946-5.11032E-06-5.35343E-05-9.91599E-07
 -1       947-4.63793E-08-5.35031E-05-9.95833E-07
 -1       948 4.41192E-08-4.75717E-05-8.89088E-07
 -1       949-2.71895E-10-5.05105E-05-9.41854E-07
 -1       950-4.88171E-06-4.76084E-05-8.85019E-07
 -1       951-4.46542E-08-4.75753E-05-8.89092E-07
 -1       952 4.22534E-08-4.19203E-05-7.86586E-07
 -1       953-2.69256E-10-4.47195E-05-8.37177E-07
 -1       954-4.64073E-06-4.19588E-05-7.82667E-07
 -1       955-4.27725E-08-4.19237E-05-7.86582E-07
 -1       956 4.02564E-08-3.65597E-05-6.88648E-07
 -1       957-2.59918E-10-3.92119E-05-7.36906E-07
 -1       958-4.38738E-06-3.65999E-05-6.84900E-07
 -1       959-4.07305E-08-3.65628E-05-6.88662E-07
 -1       960 3.81110E-08-3.15044E-05-5.95652E-07
 -1       961-2.22551E-10-3.40024E-05-6.41383E-07
 -1       962-4.12168E-06-3.15463E-05-5.92074E-07
 -1       963-3.85205E-08-3.15073E-05-5.95651E-07
 -1       964 3.58129E-08-2.67689E-05-5.07941E-07
 -1       965-1.88532E-10-2.91054E-05-5.50976E-07
 -1       966-3.84362E-06-2.68125E-05-5.04549E-07
 -1       967-3.61478E-08-2.67716E-05-5.07952E-07
 -1       968 3.33472E-08-2.23678E-05-4.25916E-07
 -1       969-1.41895E-10-2.45355E-05-4.66051E-07
 -1       970-3.55320E-06-2.24131E-05-4.22716E-07
 -1       971-3.36240E-08-2.23702E-05-4.25932E-07
 -1       972 3.07030E-08-1.83156E-05-3.49984E-07
 -1       973-1.15824E-10-2.03073E-05-3.87009E-07
 -1       974-3.25043E-06-1.83626E-05-3.46962E-07
 -1       975-3.09489E-08-1.83178E-05-3.49971E-07
 -1       976 2.78971E-08-1.46268E-05-2.80464E-07
 -1       977-1.21507E-10-1.64353E-05-3.14234E-07
 -1       978-2.93532E-06-1.46756E-05-2.77649E-07
 -1       979-2.81267E-08-1.46288E-05-2.80475E-07
 -1       980 2.49299E-08-1.13160E-05-2.17749E-07
 -1       981-1.07078E-10-1.29339E-05-2.48057E-07
 -1       982-2.60786E-06-1.13665E-05-2.15125E-07
 -1       983-2.51586E-08-1.13177E-05-2.17747E-07
 -1       984 2.17951E-08-8.39772E-06-1.62193E-07
 -1       985-1.22055E-10-9.81779E-06-1.88864E-07
 -1       986-2.26805E-06-8.44993E-06-1.59775E-07
 -1       987-2.20272E-08-8.39918E-06-1.62200E-07
 -1       988 1.84899E-08-5.88653E-06-1.14218E-07
 -1       989-1.21819E-10-7.10147E-06-1.37042E-07
 -1       990-1.91587E-06-5.94040E-06-1.12009E-07
 -1       991-1.87171E-08-5.88774E-06-1.14220E-07
 -1       992 1.50282E-08-3.79676E-06-7.42118E-08
 -1       993-1.16792E-10-4.79945E-06-9.29857E-08
 -1       994-1.55132E-06-3.85255E-06-7.22284E-08
 -1       995-1.52200E-08-3.79771E-06-7.42134E-08
 -1       996 1.14289E-08-2.14355E-06-4.25449E-08
 -1       997-8.22020E-11-2.92638E-06-5.71006E-08
 -1       998-1.17460E-06-2.20039E-06-4.08275E-08
 -1       999-1.15586E-08-2.14425E-06-4.25490E-08
 -1      1000 7.68033E-09-9.37374E-07-1.95162E-08
 -1      1001-4.40742E-11-1.49537E-06-2.97089E-08
 -1      1002-7.83183E-07-1.00037E-06-1.80966E-08
 -1      1003-7.75084E-09-9.37823E-07-1.95162E-08
 -1      1004 3.79144E-09-2.14483E-07-5.13288E-09
 -1      1005-2.28631E-11-5.25213E-07-1.10042E-08
 -1      1006-3.78757E-07-2.52780E-07-4.47030E-09
 -1      1007-3.81966E-09-2.14705E-07-5.14173E-09
 -1      1008-2.53380E-12-2.49466E-08-1.14672E-09
 -1      1009 7.10471E-06-1.82450E-04-3.15930E-06
 -1      1010 7.08686E-06-1.74052E-04-3.02558E-06
 -1      1011 7.05603E-06-1.65684E-04-2.89187E-06
 -1      1012 7.01278E-06-1.57359E-04-2.75824E-06
 -1      1013 6.95715E-06-1.49092E-04-2.62478E-06
 -1      1014 6.88918E-06-1.40899E-04-2.49165E-06
 -1      1015 6.80886E-06-1.32792E-04-2.35897E-06
 -1      1016 6.71618E-06-1.24787E-04-2.22695E-06
 -1      1017 6.61115E-06-1.16899E-04-2.09581E-06
 -1      1018 6.49376E-06-1.09141E-04-1.96581E-06
 -1      1019 6.36402E-06-1.01529E-04-1.83717E-06
 -1      1020 6.22192E-06-9.40761E-05-1.71015E-06
 -1      1021 6.06746E-06-8.67982E-05-1.58504E-06
 -1      1022 5.90065E-06-7.97093E-05-1.46213E-06
 -1      1023 5.72147E-06-7.28239E-05-1.34176E-06
 -1      1024 5.52993E-06-6.61566E-05-1.22425E-06
 -1      1025 5.32604E-06-5.97219E-05-1.10991E-06
 -1      1026 5.10978E-06-5.35343E-05-9.99075E-07
 -1      1027 4.88118E-06-4.76084E-05-8.92097E-07
 -1      1028 4.64022E-06-4.19588E-05-7.89337E-07
 -1      1029 4.38692E-06-3.65999E-05-6.91147E-07
 -1      1030 4.12127E-06-3.15463E-05-5.97886E-07
 -1      1031 3.84327E-06-2.68125E-05-5.09913E-07
 -1      1032 3.55290E-06-2.24131E-05-4.27608E-07
 -1      1033 3.25017E-06-1.83626E-05-3.51371E-07
 -1      1034 2.93508E-06-1.46756E-05-2.81563E-07
 -1      1035 2.60763E-06-1.13665E-05-2.18543E-07
 -1      1036 2.26783E-06-8.44992E-06-1.62699E-07
 -1      1037 1.91567E-06-5.94040E-06-1.14427E-07
 -1      1038 1.55114E-06-3.85254E-06-7.41315E-08
 -1      1039 1.17447E-06-2.20038E-06-4.22085E-08
 -1      1040 7.83099E-07-1.00035E-06-1.89542E-08
 -1      1041 3.78717E-07-2.52775E-07-4.82978E-09
 -3
    1PSTEP                         2           1           1          
  100CL  101 1.000000000        1041                     0    1           1
 -4  STRESS      6    1
 -5  SXX         1    4    1    1
 -5  SYY         1    4    2    2
 -5  SZZ         1    4    3    3
 -5  SXY         1    4    1    2
 -5  SYZ         1    4    2    3
 -5  SZX         1    4    3    1
 -1         1 1.17754E+04-4.37601E+04-3.62740E+03 3.28436E+04 7.92016E+02 9.92120E+02
 -1         2-1.17671E+04 4.35987E+04 3.61094E+03 3.29384E+04 8.27764E+02-1.04999E+03
 -1         3-3.57757E+06-1.39130E+06-1.39130E+06 3.49199E+05-1.68275E-01 6.73873E+05
 -1         4 3.51317E+06 1.36625E+06 1.36625E+06 3.35572E+05-1.46679E-01-6.73478E+05
 -1         5-3.51121E+06-1.36549E+06-1.36549E+06 3.35803E+05 1.48682E-01-6.72679E+05
 -1         6 3.57614E+06 1.39074E+06 1.39074E+06 3.49558E+05 1.70414E-01 6.73135E+05
 -1         7-1.18378E+04 4.36757E+04 3.74597E+03 3.29248E+04-8.58315E+02 1.01442E+03
 -1         8 1.17063E+04-4.37244E+04-3.68562E+03 3.28518E+04-7.61564E+02-1.05119E+03
 -1         9 1.33745E+01 8.43553E+01-1.98151E+01 7.27939E+04-5.19517E+03 5.09668E+01
 -1        10-1.49613E+04-4.53458E+04-3.95147E+03 5.39449E+04-2.11724E+03 1.77516E+03
 -1        11 1.49046E+04 4.53368E+04 3.95240E+03 5.40056E+04-2.09644E+03-1.79011E+03
 -1        12-9.24869E+04-2.07710E+03 1.14364E+03 5.39514E+03-1.77608E+01 1.03242E+03
 -1        13-1.79877E+05-1.91299E+03-7.32398E+02 1.34708E+04 1.12605E+02-5.25402E+02
 -1        14-2.65442E+05-4.15830E+02-1.19502E+02 1.47436E+04-6.44490E+00-8.96054E+02
 -1        15-3.53578E+05 2.21586E+01-1.10793E+01 1.47388E+04 3.82803E+01-9.42659E+02
 -1        16-4.42172E+05-6.90408E+01-8.90451E+01 1.47651E+04-4.95109E+00-9.10359E+02
 -1        17-5.30916E+05-7.14314E+01 3.47760E+01 1.46900E+04 8.66047E+00-8.92765E+02
 -1        18-6.19627E+05-4.20675E+01-3.12296E+01 1.46726E+04-3.25061E+01-8.53493E+02
 -1        19-7.08552E+05-4.00025E+00-1.58962E+01 1.45926E+04 3.93413E+01-8.39844E+02
 -1        20-7.97597E+05-4.30973E+01-5.14541E+01 1.46406E+04-2.48606E+00-7.94059E+02
 -1        21-8.86326E+05 5.26996E+01 7.84921E+00 1.46304E+04-7.05947E+00-8.40289E+02
 -1        22-9.75535E+05-8.78993E+01 3.80565E+01 1.46370E+04 1.59071E+01-8.02352E+02
 -1        23-1.06448E+06-3.42109E+01 5.55172E+01 1.45547E+04-2.85893E+01-7.84264E+02
 -1        24-1.15378E+06 1.97706E+01-4.58269E+01 1.45141E+04 3.35419E+01-6.95360E+02
 -1        25-1.24280E+06 3.11917E+01 4.76881E+00 1.44983E+04 7.30841E+00-7.83499E+02
 -1        26-1.33218E+06-4.69101E+01 8.85493E-02 1.45089E+04 9.32229E+00-7.39388E+02
 -1        27-1.42126E+06 4.78338E+00 8.40048E+01 1.45009E+04-6.95489E-01-7.50992E+02
 -1        28-1.51054E+06 1.16008E+00 1.71826E+01 1.44626E+04-1.00691E+01-7.60339E+02
 -1        29-1.60004E+06-6.28593E+01-6.30370E+01 1.44674E+04 3.32723E+01-6.44728E+02
 -1        30-1.68903E+06-5.23204E-01 5.28039E+00 1.44734E+04-9.04553E+00-7.12806E+02
 -1        31-1.77847E+06-4.07694E+01-2.57448E+01 1.44961E+04-1.73101E+01-6.75502E+02
 -1        32-1.86772E+06-1.75995E+01-1.21602E+01 1.45009E+04 2.77395E+00-6.57295E+02
 -1        33-1.95688E+06 1.31552E+01 1.72695E+01 1.44302E+04 1.06933E+01-6.71917E+02
 -1        34-2.04641E+06-3.38468E+01 2.62554E+01 1.44409E+04 1.75665E+01-6.27345E+02
 -1        35-2.13570E+06 1.77511E+01 5.52099E+00 1.43495E+04-1.10286E+01-6.67876E+02
 -1        36-2.22520E+06 3.33517E+00-3.12822E+00 1.44023E+04-6.03027E+00-6.49869E+02
 -1        37-2.31442E+06 1.14975E+01 3.79277E+01 1.44490E+04 1.66353E+01-6.56779E+02
 -1        38-2.40376E+06 1.58114E+01 2.81499E+01 1.43259E+04 5.99198E+00-6.86885E+02
 -1        39-2.49342E+06-1.22928E+02-5.93054E+01 1.43420E+04-1.64883E+01-6.70870E+02
 -1        40-2.58275E+06 2.53732E+02 1.28035E+02 1.44873E+04-3.32525E+01-7.25778E+02
 -1        41-2.67198E+06-1.31892E+03-7.34576E+02 1.42945E+04 2.05083E+02-3.54978E+02
 -1        42-2.75887E+06 8.67403E+03 4.91659E+03 1.45064E+04-5.90676E+02-9.85192E+02
 -1        43-2.83535E+06-2.45677E+04-2.00928E+04 5.56182E+02 1.50415E+03 4.44736E+01
 -1        44-2.88291E+06 9.49740E+04 6.86629E+04-1.97568E+04-2.13200E+04-1.20600E+05
 -1        45-5.86357E+04 8.57276E+02-1.53071E+03 1.50533E+04 1.17752E+03 5.87882E+02
 -1        46-1.37986E+05-3.32373E+03-3.47575E+02 8.98690E+03 1.65102E+02-3.59471E+02
 -1        47-2.21258E+05-3.70724E+02 1.15574E+02 1.17155E+04 7.15871E+01-8.54854E+02
 -1        48-3.09246E+05-4.92832E+01 5.12127E+01 1.21722E+04 1.97901E+01-9.68218E+02
 -1        49-3.97933E+05-3.21138E+01-6.17904E+01 1.22517E+04 2.00000E+01-9.66477E+02
 -1        50-4.86486E+05-2.40103E+01 3.56510E+01 1.22051E+04 5.24963E+00-9.27470E+02
 -1        51-5.75332E+05-8.06173E+01-1.67611E+01 1.21639E+04-1.34520E+01-9.03925E+02
 -1        52-6.64120E+05-4.18628E+01-1.06555E+01 1.21043E+04-4.24811E+00-8.66735E+02
 -1        53-7.53138E+05-3.92475E+01-4.58939E+01 1.21285E+04 2.73476E+01-8.86179E+02
 -1        54-8.41948E+05 4.19704E+01-7.89679E+00 1.21167E+04 9.92588E+00-8.55487E+02
 -1        55-9.31019E+05-3.51179E+01-1.73468E+01 1.21072E+04 5.97706E+00-8.85767E+02
 -1        56-1.02006E+06-8.83244E+01 2.48111E+01 1.20694E+04-2.40089E+01-8.26545E+02
 -1        57-1.10918E+06-3.34727E+01 5.46078E+00 1.20106E+04-1.32371E+01-7.93672E+02
 -1        58-1.19829E+06 5.19419E+01-4.89341E+00 1.20147E+04 2.03428E+01-7.88633E+02
 -1        59-1.28762E+06-3.02455E+01-3.46149E+01 1.19853E+04 1.70720E+01-8.09836E+02
 -1        60-1.37672E+06 1.06958E+00 5.59912E+01 1.19902E+04 1.61472E+01-8.02692E+02
 -1        61-1.46599E+06-1.03920E+01 3.76380E+01 1.19535E+04-1.29242E+01-8.06402E+02
 -1        62-1.55538E+06-5.59994E+01-2.47063E+01 1.19501E+04 7.98761E+00-7.73241E+02
 -1        63-1.64457E+06-1.87924E+01-1.61343E+01 1.19760E+04 1.07952E+01-7.28737E+02
 -1        64-1.73392E+06-4.56317E+01-4.96163E+01 1.19560E+04-7.25018E+00-7.65195E+02
 -1        65-1.82311E+06-8.99036E+00-1.34024E+00 1.19665E+04-2.77338E+00-7.32470E+02
 -1        66-1.91236E+06 6.87324E+00 1.41369E+01 1.19583E+04-6.67745E+00-7.27742E+02
 -1        67-2.00178E+06-3.27415E+01-4.78074E+00 1.19275E+04 1.84875E+01-7.22875E+02
 -1        68-2.09108E+06 1.85377E+01 3.49603E+01 1.18789E+04-3.22733E+00-6.82512E+02
 -1        69-2.18063E+06-1.94114E+01-3.54336E+01 1.18514E+04-5.90900E+00-7.29997E+02
 -1        70-2.26992E+06 1.60280E+00 1.27488E+01 1.19128E+04 1.14049E+01-7.36963E+02
 -1        71-2.35913E+06 3.72054E+01 6.99501E+01 1.18754E+04 5.25187E+00-7.14263E+02
 -1        72-2.44871E+06-4.42444E+01-1.20131E+01 1.18242E+04 1.02553E+00-7.40826E+02
 -1        73-2.53823E+06 4.99595E+01 1.49298E+01 1.18315E+04-2.67029E+01-7.57380E+02
 -1        74-2.62766E+06-5.97776E+02-3.09171E+02 1.20865E+04 8.13233E+01-7.07145E+02
 -1        75-2.71680E+06 2.63254E+03 1.34185E+03 1.09089E+04-2.34677E+02-9.92158E+02
 -1        76-2.80026E+06-7.80503E+03-8.90114E+03 1.13033E+04 7.85299E+02 3.08425E+03
 -1        77-2.82564E+06 6.53905E+04 5.19970E+04-3.94548E+03-8.22067E+03-2.24943E+04
 -1        78-3.01777E+06-3.04882E+05-1.95634E+05 1.56042E+05 3.37325E+04 1.91200E+05
 -1        79-3.30012E+04-1.28339E+04-1.28340E+04-3.11246E+05-2.12331E-01 4.25762E+03
 -1        80 1.67514E+06 6.51426E+05 6.51426E+05-7.04446E+04 4.87031E-01-3.33915E+05
 -1        81-1.73846E+06-6.76047E+05-6.76047E+05-6.43436E+04 5.14058E-01 3.40385E+05
 -1        82 9.24631E+04 2.10336E+03-1.15148E+03 5.44735E+03-4.96520E+00-1.03255E+03
 -1        83 1.79618E+05 1.92304E+03 7.15718E+02 1.35254E+04 1.19854E+02 5.53412E+02
 -1        84 2.64734E+05 3.76775E+02 1.53346E+02 1.48125E+04-4.36470E+01 9.59562E+02
 -1        85 3.52179E+05-1.03194E+02 2.11848E+01 1.48222E+04 1.05676E+01 1.10771E+03
 -1        86 4.40222E+05 9.13837E+01 8.17209E+01 1.48638E+04-2.29618E+01 1.04561E+03
 -1        87 5.27844E+05 1.12921E+01-4.62394E+01 1.48260E+04-1.27804E+01 1.09665E+03
 -1        88 6.15573E+05 4.43072E+01-2.54694E+01 1.48404E+04-3.69145E+01 1.05513E+03
 -1        89 7.03035E+05-3.27189E+01-1.51314E+01 1.47740E+04-2.24395E+01 1.08805E+03
 -1        90 7.90624E+05 1.93715E+01 7.48593E+00 1.48114E+04 1.84973E+01 1.08547E+03
 -1        91 8.78120E+05 2.44396E+01-3.78461E+01 1.48294E+04-4.92504E+01 1.05784E+03
 -1        92 9.65573E+05 3.45088E+01-4.56393E+00 1.48032E+04-2.00821E+00 1.08310E+03
 -1        93 1.05302E+06 1.63543E+01 7.28002E+01 1.47837E+04 2.20121E+01 1.06734E+03
 -1        94 1.14029E+06 5.45155E+00 1.72474E+01 1.48150E+04-2.12400E+01 1.10927E+03
 -1        95 1.22750E+06 2.24898E+01-2.92178E+01 1.47750E+04 7.88665E+00 1.09221E+03
 -1        96 1.31483E+06-1.78872E+00-2.91986E+01 1.47997E+04 5.17320E+00 1.07015E+03
 -1        97 1.40179E+06-3.55424E+01-5.10723E+01 1.47876E+04-1.21606E+01 1.13866E+03
 -1        98 1.48931E+06 4.99481E+01 1.65424E+01 1.47281E+04-1.77053E+01 1.05340E+03
 -1        99 1.57638E+06-2.19922E+01 5.51038E+00 1.47191E+04 2.02947E+01 1.08990E+03
 -1       100 1.66364E+06 1.33267E+01 1.98793E+01 1.47495E+04 2.07328E+01 1.06401E+03
 -1       101 1.75074E+06 3.02294E+01-1.22190E+01 1.47371E+04-1.22474E+01 1.07239E+03
 -1       102 1.83783E+06 1.30294E+00-3.07346E+01 1.47273E+04-2.16934E+00 1.06978E+03
 -1       103 1.92508E+06-9.05538E+00 5.00936E+01 1.47346E+04-8.74166E-01 1.02483E+03
 -1       104 2.01193E+06-3.55466E+00-4.10694E+01 1.47535E+04-2.29686E+01 1.14315E+03
 -1       105 2.09915E+06 5.00972E+01-2.80091E+01 1.46814E+04 1.13713E+01 1.08353E+03
 -1       106 2.18630E+06-1.85177E+01 5.89148E+01 1.46810E+04 2.13351E+01 1.02598E+03
 -1       107 2.27316E+06-2.52861E+01-1.68701E+01 1.47079E+04-1.29242E+01 1.07231E+03
 -1       108 2.36031E+06 4.90338E+00-5.15299E+01 1.46924E+04-2.51353E+01 1.12376E+03
 -1       109 2.44749E+06 1.17555E+02 6.71891E+01 1.46877E+04 1.62219E+01 1.04528E+03
 -1       110 2.53434E+06-3.32678E+02-1.61238E+02 1.47898E+04-9.24536E+00 1.05499E+03
 -1       111 2.62100E+06 1.17626E+03 5.59563E+02 1.44266E+04 1.80283E+02 7.90659E+02
 -1       112 2.70607E+06-8.67146E+03-4.66274E+03 1.43980E+04-6.12415E+02 1.32802E+03
 -1       113 2.78087E+06 2.37450E+04 1.92692E+04 3.04242E+02 1.33101E+03-3.43934E+02
 -1       114 2.82547E+06-9.43014E+04-6.64765E+04-2.11725E+04-2.13639E+04 1.18433E+05
 -1       115 5.86743E+04-9.05076E+02 1.59521E+03 1.50371E+04 1.15803E+03-6.20577E+02
 -1       116 1.37809E+05 3.32455E+03 3.44667E+02 9.03320E+03 1.94507E+02 3.92186E+02
 -1       117 2.20802E+05 3.79170E+02-8.50248E+01 1.17727E+04 4.49962E+01 8.50232E+02
 -1       118 3.08152E+05-4.58995E+01-6.85500E+01 1.22735E+04-2.95559E+00 1.04083E+03
 -1       119 3.96308E+05 1.22356E+01 6.67089E+01 1.23323E+04 1.17974E+00 1.05563E+03
 -1       120 4.83959E+05-1.16414E+01-3.29525E+01 1.23251E+04-1.62558E+01 1.05817E+03
 -1       121 5.71778E+05 4.00309E+01-1.80792E+01 1.23012E+04-2.57306E+01 1.04119E+03
 -1       122 6.59285E+05 3.22201E-01-3.20360E+01 1.22889E+04-3.26302E+01 1.01945E+03
 -1       123 7.46925E+05 1.86669E+01 2.31272E+01 1.22970E+04 1.00908E+01 1.06775E+03
 -1       124 8.34411E+05 1.66278E+01 1.96582E+01 1.22968E+04-5.12425E+00 1.03292E+03
 -1       125 9.21856E+05 6.98966E+00-5.34406E+01 1.22862E+04-2.55848E+01 1.02721E+03
 -1       126 1.00937E+06 5.02565E+01 4.61726E+01 1.22678E+04-6.60292E+00 1.03592E+03
 -1       127 1.09669E+06 1.74094E+01 5.39034E+01 1.22937E+04-2.25332E+00 1.03416E+03
 -1       128 1.18395E+06 1.41070E+01-3.26728E+00 1.22971E+04 2.04465E+00 1.05862E+03
 -1       129 1.27122E+06-3.97549E+00-2.52679E+00 1.22572E+04 1.89608E+01 1.03091E+03
 -1       130 1.35834E+06-3.64831E+01-3.86755E+01 1.22783E+04 4.35232E+00 1.01919E+03
 -1       131 1.44566E+06 3.81325E+01-2.90626E+00 1.22250E+04-3.33963E+01 1.04262E+03
 -1       132 1.53290E+06 2.34052E+01-1.53791E+01 1.22157E+04 3.31051E+00 1.02837E+03
 -1       133 1.62010E+06-6.86086E-01 2.24636E+01 1.22196E+04 3.11005E+01 1.03371E+03
 -1       134 1.70722E+06 6.84960E-01-3.59875E+00 1.22292E+04-1.16011E+00 1.00306E+03
 -1       135 1.79438E+06 2.92589E+01-3.61791E+00 1.22189E+04-1.60767E+01 9.94898E+02
 -1       136 1.88157E+06 8.41671E-01 1.37299E+01 1.22043E+04-3.38912E+00 9.77398E+02
 -1       137 1.96858E+06-1.90204E+01-2.50592E+00 1.22442E+04-4.88578E+00 1.01881E+03
 -1       138 2.05564E+06 2.30464E+01-3.18163E+01 1.21981E+04-3.16542E+00 1.06302E+03
 -1       139 2.14282E+06 2.61997E+01 2.28571E+01 1.21482E+04 1.41113E+01 9.89393E+02
 -1       140 2.22984E+06-2.41982E+01 4.85339E+01 1.21955E+04 2.83937E+00 9.76294E+02
 -1       141 2.31686E+06-1.31746E+01-5.04393E+01 1.21781E+04-1.30356E+01 1.03242E+03
 -1       142 2.40400E+06 6.16476E+01-3.97156E+00 1.21753E+04 1.81125E+00 1.04423E+03
 -1       143 2.49102E+06-9.97486E+01-2.85856E+01 1.21622E+04-1.25197E+01 9.57432E+02
 -1       144 2.57792E+06 4.91274E+02 2.25737E+02 1.23124E+04 8.64938E+01 9.46614E+02
 -1       145 2.66500E+06-2.62214E+03-1.28831E+03 1.09118E+04-2.75656E+02 1.25649E+03
 -1       146 2.74679E+06 7.63028E+03 8.77367E+03 1.09886E+04 6.52586E+02-3.05589E+03
 -1       147 2.77057E+06-6.45572E+04-5.06560E+04-4.73850E+03-8.44867E+03 2.18581E+04
 -1       148 2.95996E+06 2.97912E+05 1.91988E+05 1.48679E+05 3.22631E+04-1.92417E+05
 -1       149-2.99759E+06-1.16575E+06-1.16575E+06 4.70180E+05-9.77385E-03-4.35206E+03
 -1       150-3.25678E+06-1.26651E+06-1.26651E+06 4.29290E+05 3.99393E-01 3.30877E+05
 -1       151-3.22322E+06-1.25346E+06-1.25346E+06 4.22445E+05-3.69507E-01-3.35515E+05
 -1       152 3.31454E+04 1.28900E+04 1.28901E+04-3.10524E+05 2.14510E-01 4.31394E+03
 -1       153 1.73728E+06 6.75590E+05 6.75590E+05-6.37874E+04-5.16722E-01 3.40033E+05
 -1       154-1.67350E+06-6.50787E+05-6.50787E+05-6.99440E+04-4.89531E-01-3.33482E+05
 -1       155 2.99769E+06 1.16579E+06 1.16579E+06 4.70218E+05 1.22093E-02-5.01824E+03
 -1       156 3.22388E+06 1.25372E+06 1.25371E+06 4.22342E+05 3.67194E-01-3.36235E+05
 -1       157 3.25647E+06 1.26639E+06 1.26639E+06 4.29499E+05-4.01898E-01 3.30195E+05
 -1       158-2.82480E+06 9.41460E+04 6.63752E+04-2.06088E+04 2.14000E+04 1.18754E+05
 -1       159-2.78044E+06-2.37210E+04-1.92222E+04 7.87496E+02-1.32776E+03 8.28949E+01
 -1       160-2.70598E+06 8.72686E+03 4.64672E+03 1.49754E+04 6.14829E+02 1.76748E+03
 -1       161-2.62093E+06-1.14653E+03-5.93472E+02 1.49460E+04-2.08082E+02 1.18084E+03
 -1       162-2.53418E+06 3.27525E+02 2.16999E+02 1.53516E+04 2.64965E+01 1.47030E+03
 -1       163-2.44737E+06-1.13107E+02-3.82147E+01 1.52221E+04 3.27113E+01 1.40499E+03
 -1       164-2.36040E+06 3.02772E+01-2.23773E+01 1.52409E+04-1.11308E+01 1.49018E+03
 -1       165-2.27321E+06 1.05809E+00-1.01560E+01 1.51666E+04-3.55382E+00 1.41506E+03
 -1       166-2.18621E+06-7.15622E+01 4.88147E+00 1.51454E+04-2.35595E+01 1.47278E+03
 -1       167-2.09880E+06 5.44266E+01 1.58989E+01 1.52187E+04 5.33228E+01 1.43339E+03
 -1       168-2.01206E+06 1.67173E+01-7.83688E+01 1.52037E+04-6.45909E-01 1.45613E+03
 -1       169-1.92472E+06 6.34973E+01 5.79611E+01 1.51978E+04-3.32845E+01 1.38606E+03
 -1       170-1.83775E+06 2.06204E+00 1.40113E+01 1.52136E+04 2.12691E+01 1.39011E+03
 -1       171-1.75064E+06-4.76948E+00-3.65926E+01 1.52091E+04 1.63457E+01 1.39464E+03
 -1       172-1.66358E+06 3.07117E+01 1.99698E+01 1.51706E+04-1.25571E+00 1.36646E+03
 -1       173-1.57640E+06 2.47298E+01 3.10091E+01 1.51832E+04-1.76887E+01 1.38431E+03
 -1       174-1.48937E+06-4.38160E+01-3.45767E+01 1.51221E+04 2.02537E+01 1.40395E+03
 -1       175-1.40204E+06 2.43574E+01-1.33816E+01 1.50942E+04-1.51094E+01 1.38368E+03
 -1       176-1.31463E+06-1.65241E+01 2.38582E+00 1.50972E+04 1.45512E+01 1.34847E+03
 -1       177-1.22754E+06-3.02794E+00 1.39804E+01 1.51553E+04 2.83416E+01 1.34548E+03
 -1       178-1.14011E+06 1.28429E+02 1.47492E+01 1.51450E+04-2.61175E+01 1.27078E+03
 -1       179-1.05302E+06 4.60719E+01-6.50665E+01 1.51125E+04-1.77600E+01 1.29850E+03
 -1       180-9.65667E+05-5.30178E+01-6.94575E+00 1.50008E+04 3.96090E+01 1.27082E+03
 -1       181-8.77995E+05 9.56118E+00 1.50898E+01 1.50237E+04 7.62825E+00 1.26829E+03
 -1       182-7.90646E+05-2.20498E+01-1.83798E+01 1.50369E+04 1.31593E+01 1.25708E+03
 -1       183-7.02968E+05 4.73798E+01 3.47991E+01 1.50697E+04 2.47908E+01 1.22878E+03
 -1       184-6.15648E+05 6.68701E+01-4.51847E+01 1.50409E+04 4.76065E+01 1.20275E+03
 -1       185-5.28108E+05-1.42598E+01-3.72115E+01 1.49396E+04 2.87063E+01 1.20361E+03
 -1       186-4.40033E+05 2.59519E+01 3.43319E+01 1.49266E+04-5.97902E+00 1.12665E+03
 -1       187-3.52445E+05 2.57704E+01-4.80758E+01 1.49484E+04 9.36494E+00 1.20677E+03
 -1       188-2.64728E+05-2.92717E+02-1.28713E+02 1.49493E+04 2.98512E+01 9.97447E+02
 -1       189-1.79896E+05-1.91054E+03-8.27855E+02 1.34923E+04-1.21765E+02 6.29221E+02
 -1       190-9.24355E+04-1.95696E+03 1.15515E+03 5.36417E+03 6.52429E-01-1.05842E+03
 -1       191-2.95868E+06-2.97800E+05-1.91799E+05 1.49094E+05-3.22180E+04-1.91919E+05
 -1       192-2.77018E+06 6.44430E+04 5.05113E+04-4.21188E+03 8.45339E+03 2.22351E+04
 -1       193-2.74651E+06-7.58181E+03-8.73967E+03 1.15549E+04-6.43245E+02-2.63676E+03
 -1       194-2.66483E+06 2.70650E+03 1.26840E+03 1.14432E+04 2.53641E+02 1.65309E+03
 -1       195-2.57781E+06-4.89180E+02-2.21403E+02 1.28449E+04-8.40158E+01 1.37596E+03
 -1       196-2.49098E+06 7.15196E+01 3.34003E+01 1.27096E+04 2.95097E+01 1.35265E+03
 -1       197-2.40397E+06-3.52478E+01 1.53411E+01 1.27546E+04 1.82651E+01 1.37048E+03
 -1       198-2.31686E+06 3.39993E+01-3.50866E+00 1.26662E+04-4.73787E+00 1.38186E+03
 -1       199-2.22983E+06-5.22144E+01-1.76740E+01 1.26327E+04-1.91333E+01 1.36472E+03
 -1       200-2.14258E+06 1.45992E+00 1.86089E+01 1.26604E+04 1.23259E+01 1.42433E+03
 -1       201-2.05558E+06 2.41908E+01-3.86887E+01 1.27191E+04 2.70290E+01 1.37470E+03
 -1       202-1.96840E+06 6.97572E+01 2.13251E+01 1.26722E+04-2.64186E+01 1.34965E+03
 -1       203-1.88136E+06 2.56051E+01 1.24029E+01 1.26812E+04-7.97024E-01 1.31711E+03
 -1       204-1.79432E+06-2.13363E+01-3.09174E+01 1.26996E+04 1.76257E+01 1.34084E+03
 -1       205-1.70714E+06 3.25012E+01 6.23692E+00 1.26881E+04-1.50814E+00 1.31943E+03
 -1       206-1.62002E+06 3.07681E+01 4.68303E+01 1.26523E+04-2.37146E+00 1.31461E+03
 -1       207-1.53298E+06-2.95343E+01-8.90691E+00 1.26414E+04 1.05150E+00 1.34303E+03
 -1       208-1.44574E+06 2.24595E+00-1.50622E+00 1.25971E+04 1.07332E+01 1.33192E+03
 -1       209-1.35843E+06 7.90072E-01-1.28897E+01 1.25500E+04-5.45891E+00 1.31238E+03
 -1       210-1.27110E+06 2.25034E+01 4.97014E+01 1.26161E+04 1.34271E+00 1.30039E+03
 -1       211-1.18383E+06 9.94817E+01 3.82461E+01 1.26372E+04-1.21824E+01 1.24676E+03
 -1       212-1.09669E+06 4.97521E+01-5.99662E+01 1.26173E+04-1.23198E+01 1.22131E+03
 -1       213-1.00935E+06 2.08956E+01-3.87393E+01 1.25322E+04 7.77110E+00 1.24264E+03
 -1       214-9.21928E+05-4.57484E+01-1.55981E+01 1.25093E+04 2.53824E+01 1.24302E+03
 -1       215-8.34331E+05 1.79236E+01 3.07181E+01 1.25135E+04-4.81081E+00 1.21818E+03
 -1       216-7.46767E+05 6.34849E+01 6.34383E+01 1.25276E+04 3.14626E+00 1.20698E+03
 -1       217-6.59399E+05 2.60739E+01-1.38664E+01 1.25637E+04 3.20814E+01 1.19797E+03
 -1       218-5.71903E+05 3.25071E+01-4.39209E+01 1.24505E+04 2.70929E+01 1.14095E+03
 -1       219-4.84057E+05 4.46934E+01 6.06184E-01 1.24093E+04-3.29445E+00 1.14276E+03
 -1       220-3.96252E+05 4.51901E+01-1.45958E+01 1.24316E+04-8.65773E+00 1.12973E+03
 -1       221-3.08266E+05 6.19560E+01 4.50767E+01 1.23982E+04 1.39361E+01 1.16702E+03
 -1       222-2.21026E+05-3.15304E+02 5.41469E+01 1.18437E+04-6.22312E+01 9.11256E+02
 -1       223-1.37850E+05-3.19544E+03-3.30423E+02 8.97096E+03-1.81226E+02 3.84264E+02
 -1       224-5.87265E+04 8.79026E+02-1.56135E+03 1.50262E+04-1.16373E+03-6.24217E+02
 -1       225 4.17782E+01 7.11408E+01 5.43635E+01 7.27409E+04 5.13739E+03 2.53985E+01
 -1       226-1.49393E+04-4.53349E+04-4.00813E+03 5.39369E+04 2.11595E+03-1.77012E+03
 -1       227 1.48276E+04 4.53065E+04 3.91177E+03 5.39743E+04 2.04100E+03 1.83519E+03
 -1       228 2.88238E+06-9.49100E+04-6.86288E+04-1.92255E+04 2.13506E+04-1.20928E+05
 -1       229 2.83560E+06 2.46403E+04 2.01630E+04 1.09874E+03-1.48733E+03-3.84904E+02
 -1       230 2.75892E+06-8.66144E+03-4.87004E+03 1.49524E+04 5.88687E+02-1.46277E+03
 -1       231 2.67196E+06 1.24898E+03 7.19547E+02 1.48193E+04-1.86430E+02-8.11098E+02
 -1       232 2.58291E+06-2.98687E+02-1.82418E+02 1.49717E+04 1.61482E+01-1.04943E+03
 -1       233 2.49331E+06 7.70611E+01 5.42153E+01 1.48551E+04 2.31694E+01-1.03860E+03
 -1       234 2.40386E+06-2.65658E+01-7.75333E+01 1.49826E+04-8.46276E+00-1.00154E+03
 -1       235 2.31438E+06-3.14384E+01-7.11429E+01 1.49748E+04-1.41688E+01-9.08705E+02
 -1       236 2.22554E+06 4.32193E+01 1.59586E+02 1.49836E+04-5.86214E+00-1.07813E+03
 -1       237 2.13601E+06 4.65674E+01-1.76690E+01 1.48466E+04 1.72065E+01-1.06008E+03
 -1       238 2.04660E+06-3.84828E+01-2.38145E+01 1.49058E+04-2.07788E+01-1.03049E+03
 -1       239 1.95710E+06-3.06584E+01-1.01920E+01 1.48839E+04 9.09906E+00-9.59332E+02
 -1       240 1.86796E+06 5.04992E+01 2.30840E+01 1.48786E+04-2.44419E+00-1.02712E+03
 -1       241 1.77859E+06-3.03128E+01 3.67577E+01 1.49126E+04 1.38336E+01-1.03735E+03
 -1       242 1.68926E+06-1.95990E+00 9.03188E+00 1.47991E+04-1.25872E+01-1.01247E+03
 -1       243 1.59989E+06 2.57749E+01-2.63154E+01 1.48665E+04-1.07502E+01-1.02504E+03
 -1       244 1.51052E+06-3.18020E+01-5.96613E+01 1.48899E+04 3.07581E+01-9.50938E+02
 -1       245 1.42148E+06-5.43079E+01 4.37624E+01 1.49018E+04-2.57834E+01-1.02012E+03
 -1       246 1.33213E+06 1.08055E+01-7.79024E+00 1.48583E+04 2.57015E+01-9.80700E+02
 -1       247 1.24305E+06 4.08500E+01-1.17772E+01 1.48484E+04-1.11375E+01-9.71102E+02
 -1       248 1.15393E+06-5.40085E+01 5.58932E+00 1.48460E+04-2.87200E+01-1.00161E+03
 -1       249 1.06463E+06-4.23697E+01-1.13528E+01 1.48263E+04-1.93322E+01-9.77116E+02
 -1       250 9.75699E+05 4.63758E+01 5.39936E+01 1.48454E+04 1.27179E+01-9.85320E+02
 -1       251 8.86584E+05 1.28665E+01 2.95979E+01 1.48387E+04 7.92914E+00-1.00791E+03
 -1       252 7.97561E+05-2.99846E+00-1.33368E+01 1.48103E+04-3.12346E+01-9.72610E+02
 -1       253 7.08686E+05-1.41687E+01-1.22310E+01 1.48256E+04-6.15052E+00-9.89800E+02
 -1       254 6.19674E+05-2.38823E+01-5.08060E+01 1.48174E+04 9.99325E-01-9.50456E+02
 -1       255 5.31036E+05 2.92396E+01 5.66396E+01 1.48348E+04-1.98885E+01-1.01853E+03
 -1       256 4.42158E+05 9.92657E+00 2.97212E+01 1.48128E+04-2.18755E+01-1.02445E+03
 -1       257 3.53459E+05-1.18816E+02-1.05469E+02 1.48683E+04-4.20712E+01-1.03481E+03
 -1       258 2.65650E+05 3.87772E+02 2.65608E+02 1.48332E+04 7.31302E+01-9.70951E+02
 -1       259 1.80059E+05 2.00588E+03 7.84677E+02 1.34268E+04-8.54448E+01-5.72000E+02
 -1       260 9.25372E+04 2.05376E+03-1.10707E+03 5.37143E+03-4.62170E+01 1.02431E+03
 -1       261 3.01685E+06 3.04799E+05 1.95508E+05 1.56496E+05-3.36976E+04 1.90716E+05
 -1       262 2.82552E+06-6.53158E+04-5.19064E+04-3.37445E+03 8.24251E+03-2.28618E+04
 -1       263 2.80046E+06 7.85967E+03 8.95993E+03 1.17823E+04-7.77439E+02 2.62934E+03
 -1       264 2.71682E+06-2.66572E+03-1.34725E+03 1.13931E+04 2.48622E+02-1.45747E+03
 -1       265 2.62768E+06 5.11941E+02 2.64228E+02 1.26001E+04-9.79937E+01-1.07150E+03
 -1       266 2.53832E+06-6.40822E+01-1.50954E+01 1.23424E+04 3.68185E+01-1.10633E+03
 -1       267 2.44863E+06-4.66909E+00-5.82727E+01 1.23951E+04 3.67599E+00-1.06933E+03
 -1       268 2.35916E+06-6.45930E+01-7.46024E+01 1.24631E+04-3.22375E+01-1.02857E+03
 -1       269 2.27017E+06 6.92025E+01 6.60802E+01 1.25010E+04 7.70087E+00-1.05606E+03
 -1       270 2.18086E+06 3.61942E+01 8.04544E+01 1.23674E+04 2.10181E-01-1.11600E+03
 -1       271 2.09132E+06-3.95292E+01-8.89519E+01 1.23785E+04 3.97763E+00-1.11222E+03
 -1       272 2.00192E+06-3.36821E+01 4.43288E+00 1.23590E+04-1.22478E+01-1.06802E+03
 -1       273 1.91268E+06 3.18473E+01 1.76621E+01 1.23743E+04 2.17624E+00-1.04887E+03
 -1       274 1.82331E+06 5.55493E-01-6.89389E+00 1.23891E+04 1.91693E+01-1.09422E+03
 -1       275 1.73402E+06-1.24063E+01 5.26443E+01 1.23268E+04 1.87321E+00-1.06741E+03
 -1       276 1.64460E+06 6.43602E+00-2.35589E+01 1.23125E+04-1.62593E+01-1.08607E+03
 -1       277 1.55530E+06 1.19929E+01-1.27149E+01 1.23608E+04-3.77522E+00-1.08120E+03
 -1       278 1.46609E+06-4.27130E+01-5.20617E+01 1.24018E+04 1.86038E+01-1.04853E+03
 -1       279 1.37682E+06-4.90335E+01-8.46087E+00 1.23402E+04-9.56607E+00-1.05190E+03
 -1       280 1.28769E+06 3.24985E+01-6.87560E+00 1.23298E+04-1.37239E+00-9.99411E+02
 -1       281 1.19852E+06-1.42712E+01-1.34660E+01 1.23661E+04-2.45821E+01-1.05040E+03
 -1       282 1.10935E+06-2.40211E+01 2.02619E+01 1.23029E+04-1.53104E+01-1.02936E+03
 -1       283 1.02018E+06-6.11643E+00 1.36714E+01 1.23144E+04 2.56741E+00-1.02733E+03
 -1       284 9.31197E+05 4.61749E+01 7.08296E+01 1.23301E+04 1.98005E+01-1.06073E+03
 -1       285 8.42091E+05-1.80878E+01-3.45880E+01 1.22996E+04-1.19262E+01-1.03051E+03
 -1       286 7.53113E+05-3.63083E+01-3.58577E+01 1.23096E+04-2.45874E+01-1.03322E+03
 -1       287 6.64254E+05 9.72683E+00-1.12817E+01 1.22977E+04 1.13540E+00-1.01510E+03
 -1       288 5.75369E+05 4.57998E+00-1.77221E+01 1.23178E+04-7.17232E+00-1.02897E+03
 -1       289 4.86635E+05 2.17020E+01 5.37820E+01 1.22919E+04-1.60457E+01-1.05001E+03
 -1       290 3.97838E+05-6.23703E+01-3.07150E+01 1.23122E+04-3.69404E+01-1.03882E+03
 -1       291 3.09279E+05-3.94382E+01-3.44943E+01 1.23149E+04-7.66152E+00-1.08097E+03
 -1       292 2.21437E+05 3.60509E+02-7.02328E+01 1.17312E+04-4.06208E+01-8.91935E+02
 -1       293 1.38066E+05 3.32991E+03 3.48348E+02 8.96258E+03-1.92397E+02-3.85704E+02
 -1       294 5.86466E+04-9.15541E+02 1.52630E+03 1.49899E+04-1.18494E+03 5.73642E+02
 -1       295-1.40535E+04 4.85176E+04 6.81413E+03 3.25841E+04-2.96663E+01-1.19652E+01
 -1       296-1.44441E+04 4.79207E+04 5.40837E+03 3.17493E+04-8.48461E+02 1.64236E+03
 -1       297-1.45517E+04 4.77701E+04 5.19566E+03 3.17181E+04 8.00659E+02-1.67240E+03
 -1       298 1.40536E+04-4.84564E+04-6.83684E+03 3.26578E+04-3.33380E+01 2.13107E+01
 -1       299 1.45037E+04-4.78586E+04-5.29344E+03 3.17486E+04-8.31062E+02-1.67262E+03
 -1       300 1.44993E+04-4.78797E+04-5.29319E+03 3.17392E+04 8.17482E+02 1.66259E+03
 -1       301 7.09438E+01 2.36174E+01 8.28830E+01 1.00986E+05-2.11113E+02-4.92581E+01
 -1       302-2.45632E+02-2.91175E+01-5.57109E+00 9.19508E+04-1.31590E+02 2.84775E+01
 -1       303-2.70383E+02 2.45000E+01 1.57516E+01 9.06457E+04-1.98155E+01 4.28797E+01
 -1       304-6.58015E+02 3.92484E+01 1.02768E+01 9.06166E+04 2.84064E+01 2.86704E+01
 -1       305-1.01670E+03 1.50285E+01-2.44276E+00 9.06412E+04 4.04545E+00 3.66939E+01
 -1       306-1.48360E+03 1.61706E+01-2.41680E+01 9.05818E+04-2.60703E+01 6.54953E+01
 -1       307-2.12017E+03-1.77104E+01-1.97004E+01 9.05355E+04 4.27711E+01 7.55812E+01
 -1       308-2.70642E+03 3.54533E+01 2.41099E+01 9.04994E+04 2.96412E+01 1.00897E+02
 -1       309-3.42253E+03 1.81264E+01 2.46359E+01 9.04843E+04 7.79416E-01 9.42990E+01
 -1       310-4.16606E+03-9.52961E+00 5.68471E+00 9.04514E+04 8.54878E+00 8.61257E+01
 -1       311-4.92865E+03-9.73184E+00 1.27757E+01 9.04218E+04-1.96247E+01 9.89784E+01
 -1       312-5.77189E+03-4.26734E+00-7.07808E+00 9.03622E+04-1.51431E+00 1.04465E+02
 -1       313-6.74032E+03-1.46901E+01-1.96486E+01 9.03271E+04 6.18730E+00 1.22431E+02
 -1       314-7.66756E+03 2.46076E+01 7.90823E-01 9.02881E+04 3.91850E+00 1.09301E+02
 -1       315-8.70616E+03 1.03859E+01 1.12926E+01 9.02372E+04-9.96850E+00 1.12106E+02
 -1       316-9.69066E+03-2.19484E+00 3.77219E+00 9.02511E+04 2.05182E+00 1.36851E+02
 -1       317-1.06608E+04 1.80160E+01 5.43932E+00 9.02141E+04 1.04141E+01 1.35685E+02
 -1       318-1.16749E+04 4.16053E+00-2.20906E+01 9.01847E+04-1.24484E+01 1.11002E+02
 -1       319-1.29212E+04-2.47797E+01-3.83177E+01 9.01613E+04 7.96685E+00 1.63557E+02
 -1       320-1.37833E+04 3.49212E+01 4.01642E+01 9.01213E+04 1.20597E+01 1.44088E+02
 -1       321-1.48526E+04 2.47339E+01 2.81373E+01 9.01255E+04-1.07698E+01 1.11368E+02
 -1       322-1.59414E+04 1.42587E+01 1.51321E+01 9.00868E+04 1.14336E+01 1.32791E+02
 -1       323-1.71451E+04-4.03375E+01-1.97986E+01 9.00922E+04-1.47702E+01 1.53711E+02
 -1       324-1.83247E+04-1.40384E+00-1.14983E-01 9.00277E+04-7.61959E+00 1.14551E+02
 -1       325-1.95224E+04 7.90399E+00 8.69249E-01 9.00009E+04 9.69650E+00 1.33232E+02
 -1       326-2.06675E+04-1.81157E+01-2.66958E+00 9.00168E+04 5.58993E+00 1.80518E+02
 -1       327-2.16388E+04 5.27387E+01 3.14505E+01 9.00174E+04-1.40192E+01 1.40458E+02
 -1       328-2.30793E+04-3.03606E+01-4.83668E+01 8.99847E+04 1.62442E+01 1.40620E+02
 -1       329-2.42220E+04-4.76478E+01 6.54276E+00 8.99564E+04-5.89483E+01 1.77420E+02
 -1       330-2.53508E+04-1.88209E+02-2.57453E+01 8.96655E+04 2.55062E+02 1.84384E+02
 -1       331-2.62568E+04-3.40585E+02 1.99154E+02 9.22109E+04-1.15279E+03 1.41446E+02
 -1       332-2.73486E+04-1.14338E+03-3.15546E+02 9.65393E+04 6.39965E+03-5.77458E+01
 -1       333-3.01332E+04-4.43944E+03 7.82833E+02 1.27976E+05-4.77292E+03-8.86371E+02
 -1       334 3.53568E+04-1.46466E+03-2.09574E+03 5.47964E+04 5.05717E+01 2.71275E+02
 -1       335 2.30666E+01 2.68944E+01-1.99084E+01 8.75176E+04-1.20225E+03-1.26223E+01
 -1       336 8.62478E+04 6.09794E+02-1.39584E+02 5.47594E+04-6.86868E+00 1.27753E+02
 -1       337-7.56217E+01-6.21081E+00 3.27741E+01 9.14583E+04-1.62129E+02-4.78081E+00
 -1       338 1.31923E+05 7.83840E+01-6.54769E+01 5.47635E+04-3.86488E+00 1.19110E+02
 -1       339-2.73110E+02-4.39145E+00-3.30555E+00 8.86822E+04-1.00219E+02 3.44154E+01
 -1       340 1.75829E+05 2.78196E+00 4.84163E+01 5.47930E+04 4.46296E+00 6.67832E+01
 -1       341-4.91935E+02 1.19726E+01-7.56902E+00 8.81143E+04 8.35619E-01 1.21198E+01
 -1       342 2.19626E+05 5.37746E+01 5.39807E+01 5.48152E+04 9.75903E-01 5.72124E+01
 -1       343-8.40715E+02 1.86394E+01-1.34159E+01 8.81099E+04 1.12422E+01 1.45106E+01
 -1       344 2.63198E+05 2.25154E+01-3.19226E+01 5.47772E+04 3.51724E+00 8.46327E+01
 -1       345-1.26899E+03-5.49646E+00-4.24023E+01 8.80992E+04-2.21337E+01 1.10761E+01
 -1       346 3.06767E+05 5.95605E+01 2.65314E+01 5.47674E+04 1.37455E+01 8.75551E+01
 -1       347-1.79947E+03-1.62082E+01-5.48551E+01 8.80454E+04 1.58004E+01 4.10032E+01
 -1       348 3.50170E+05-7.10403E+00-3.33453E+01 5.47216E+04 9.64413E+00 1.05440E+02
 -1       349-2.41969E+03-2.75134E-01-4.75010E+00 8.80130E+04 3.87493E+01 4.56260E+01
 -1       350 3.93612E+05 3.04871E+01 2.91195E+01 5.47292E+04-5.27278E-01 8.90513E+01
 -1       351-3.07135E+03 1.75357E+01 4.34621E+00 8.79676E+04 1.87923E+01 7.30882E+01
 -1       352 4.37017E+05 3.55542E+01 1.22174E+01 5.47130E+04-1.79544E+01 9.97417E+01
 -1       353-3.79239E+03 3.53372E+00 4.50292E+00 8.79394E+04-2.52964E+00 4.42269E+01
 -1       354 4.80347E+05-7.74277E+00-9.40621E-01 5.46942E+04 1.55051E+01 1.13797E+02
 -1       355-4.54105E+03-7.86594E+00 5.16324E+00 8.79337E+04-1.99660E+01 3.74373E+01
 -1       356 5.23631E+05-8.19590E+00 1.95652E+01 5.46651E+04 1.64080E+01 1.08660E+02
 -1       357-5.39259E+03-3.14108E+01-3.07393E+01 8.78780E+04-1.54324E+00 5.23373E+01
 -1       358 5.66775E+05-1.23566E+01-3.30159E+01 5.46579E+04-1.21524E+01 1.29670E+02
 -1       359-6.26052E+03-2.00475E+01-1.58618E+01 8.78230E+04 1.28334E+01 5.60438E+01
 -1       360 6.09946E+05 3.22483E+01 9.85993E+00 5.46077E+04 3.63554E+00 1.14881E+02
 -1       361-7.17167E+03 2.07343E+01 7.39824E+00 8.77823E+04 4.89065E+00 7.46418E+01
 -1       362 6.53124E+05 1.35731E+01 2.44175E+00 5.45974E+04 5.91968E+00 1.23125E+02
 -1       363-8.20534E+03 2.22302E+00-1.12412E+01 8.77435E+04-1.56542E+01 5.30201E+01
 -1       364 6.96116E+05-2.45103E+01-2.41014E+01 5.46123E+04 7.39789E+00 1.48817E+02
 -1       365-9.21202E+03-1.14574E+01-2.30408E+01 8.77422E+04-5.43295E+00 7.28984E+01
 -1       366 7.39356E+05 3.18979E+01 1.78622E+01 5.45697E+04 3.97600E+00 1.20708E+02
 -1       367-1.01796E+04 1.35533E+01 1.15583E+01 8.77196E+04 1.06802E+01 7.69409E+01
 -1       368 7.82398E+05 5.68135E+00 7.93615E+00 5.45410E+04 4.80513E+00 1.36746E+02
 -1       369-1.11522E+04 1.92554E+01 5.18352E+00 8.76849E+04 1.23103E+01 6.24496E+01
 -1       370 8.25423E+05 9.34599E+00-1.69401E+00 5.45563E+04 3.66396E+00 1.40182E+02
 -1       371-1.23248E+04-2.28619E+01-4.27687E+01 8.76455E+04-4.33054E+00 6.88600E+01
 -1       372 8.68512E+05 2.07163E+01-1.19182E+01 5.45302E+04 4.89969E+00 1.59769E+02
 -1       373-1.33253E+04 1.32045E+01-6.35519E+00 8.76232E+04 4.14863E+00 8.80227E+01
 -1       374 9.11538E+05 8.90924E+00 2.41864E+01 5.45236E+04 7.22064E-01 1.54434E+02
 -1       375-1.43040E+04 3.20903E+01 2.54940E+01 8.76113E+04 4.13687E+00 7.25154E+01
 -1       376 9.54632E+05 1.46952E+01 2.05002E+01 5.44960E+04 9.93530E+00 1.31487E+02
 -1       377-1.54376E+04 2.58360E+00 8.51989E+00 8.75780E+04 1.06072E+00 5.49792E+01
 -1       378 9.97450E+05-4.02603E+01-5.20046E+01 5.45120E+04-1.38579E+01 1.57722E+02
 -1       379-1.65699E+04-3.01365E+01-2.10404E+01 8.75859E+04-1.56088E+01 8.29714E+01
 -1       380 1.04047E+06 2.08665E+01 2.58179E+01 5.44429E+04-6.54944E+00 1.38070E+02
 -1       381-1.76826E+04 7.39425E+00 3.63451E+01 8.75457E+04-3.76718E+00 8.42727E+01
 -1       382 1.08346E+06-1.03150E+01-1.33638E+01 5.44281E+04 1.40578E+01 1.44724E+02
 -1       383-1.89395E+04 5.74927E+00 3.79192E+00 8.74923E+04 1.99258E+00 3.80967E+01
 -1       384 1.12635E+06-8.99776E+00-4.52440E+00 5.44695E+04 7.12788E+00 1.32912E+02
 -1       385-2.01116E+04-3.06211E+01-5.17690E+01 8.74918E+04 3.32408E+00 9.76714E+01
 -1       386 1.16939E+06 2.02670E+01-5.47385E+00 5.44482E+04-1.07588E+01 1.64432E+02
 -1       387-2.11384E+04 2.12765E+01 2.75424E+01 8.75056E+04-7.86318E-01 1.17444E+02
 -1       388 1.21224E+06 1.14210E+01 2.48279E+01 5.44464E+04 5.71275E+00 1.68875E+02
 -1       389-2.23541E+04 2.59397E+01 1.11163E+01 8.74880E+04 4.22459E+00 6.45978E+01
 -1       390 1.25521E+06-3.23867E+01-3.90740E+01 5.43832E+04-3.21679E+01 1.80221E+02
 -1       391-2.36523E+04-4.32634E+01-4.24335E+01 8.74207E+04-1.97749E+01 8.43250E+01
 -1       392 1.29757E+06-1.23290E+02 1.36150E+02 5.45297E+04 2.09152E+02 1.57833E+02
 -1       393-2.48222E+04-1.26057E+02-2.42889E+01 8.75167E+04 1.02114E+02 1.20154E+02
 -1       394 1.34618E+06-5.79724E+02-6.84731E+00 5.34320E+04-7.33230E+02 8.54807E+02
 -1       395-2.58066E+04-2.40076E+02 8.28686E+01 8.72421E+04-4.12005E+02 1.04115E+02
 -1       396 1.37775E+06-3.56422E+03 1.59341E+03 5.74942E+04 2.91425E+03-5.87720E+02
 -1       397-2.68683E+04-6.95561E+02-8.36609E+01 9.44948E+04 1.94946E+03 7.30395E+01
 -1       398 1.39906E+06 1.84180E+04-1.45869E+04 2.22088E+04-7.38309E+03 6.45171E+04
 -1       399-2.73463E+04-1.92484E+03 1.09037E+03 7.07650E+04-9.01498E+02-2.54476E+02
 -1       400-3.08337E+04-6.40976E+03-2.67695E+03-4.93169E+04 3.33163E+04 1.63126E+03
 -1       401-3.53402E+04 1.47002E+03 2.10512E+03 5.48010E+04-4.94859E+00-2.91601E+02
 -1       402-8.65911E+04-6.16208E+02 1.56780E+02 5.47221E+04-3.79538E+01-1.21395E+02
 -1       403-1.32534E+05-7.54241E+01 7.78726E+01 5.47158E+04-1.00767E+01-6.91557E+01
 -1       404-1.77151E+05 1.43927E+01-3.12411E+00 5.47290E+04 2.20290E+01-1.57209E+01
 -1       405-2.21607E+05-1.86862E+01-3.93289E+01 5.47416E+04-7.13268E+00-8.92421E+00
 -1       406-2.66196E+05-2.86696E+01 8.40194E+00 5.46783E+04-9.65297E+00 1.29736E+01
 -1       407-3.10862E+05-4.26231E+01-6.97087E+00 5.46395E+04 3.87623E+00 1.43195E+01
 -1       408-3.55642E+05 3.94571E+00-2.27805E+01 5.45719E+04 1.69478E+01 1.93294E+01
 -1       409-4.00524E+05-1.40179E+01 1.22052E+01 5.45919E+04 4.44867E+00 1.77236E+01
 -1       410-4.45261E+05 2.19218E+01 5.44529E+01 5.45699E+04-2.53278E+00 7.62695E+00
 -1       411-4.90238E+05-2.76097E+01 1.48319E+01 5.45538E+04 2.98612E+00 2.37399E+01
 -1       412-5.35140E+05-1.55452E+01 3.37350E+00 5.44886E+04-1.22817E+01 2.99776E+00
 -1       413-5.80306E+05-1.49269E+01-4.61125E+01 5.44459E+04-6.20569E+00 3.07400E+01
 -1       414-6.25254E+05 4.33478E+01 5.44788E+01 5.44223E+04 1.17150E+01-1.13106E+01
 -1       415-6.70466E+05-1.51608E+01-9.53267E-01 5.43999E+04 7.82444E+00 2.39775E+00
 -1       416-7.15532E+05-5.85878E-01 7.08526E+00 5.43930E+04-9.12670E-01 1.25682E+01
 -1       417-7.60638E+05 1.31925E+01 1.14088E+01 5.43583E+04-6.08933E+00 1.45963E+01
 -1       418-8.05875E+05-2.92599E+01-3.59823E+01 5.43496E+04 5.22714E+00 4.07389E+01
 -1       419-8.50995E+05-2.09420E+00 2.14852E+01 5.43219E+04 5.82476E+00 2.50000E+01
 -1       420-8.96181E+05-2.98397E+00 7.79865E+00 5.43139E+04-2.53544E+00 4.14663E+01
 -1       421-9.41362E+05 8.59825E+00 1.15653E+01 5.43307E+04-3.28113E+00 3.21783E+01
 -1       422-9.86487E+05-1.17116E+01-8.20831E+00 5.42806E+04-1.93965E+00 2.95198E+01
 -1       423-1.03185E+06-2.98260E+01-2.94310E+00 5.42799E+04 3.57552E+00 1.67111E+01
 -1       424-1.07707E+06 3.43777E+01 4.11493E+01 5.42199E+04 1.22439E+01-7.17356E+00
 -1       425-1.12240E+06 1.54351E+00-2.06206E+01 5.42280E+04-6.23484E+00 2.20914E+01
 -1       426-1.16764E+06-2.23924E+01-1.60413E+01 5.42282E+04-2.09034E+00 9.53865E+00
 -1       427-1.21281E+06 2.94412E+01 3.58963E+01 5.41793E+04-6.73200E+00-6.05613E+00
 -1       428-1.25827E+06-1.91787E+01-2.26399E+00 5.42081E+04 1.06887E+01 2.14305E+01
 -1       429-1.30356E+06-3.34173E+01 3.14253E+01 5.41558E+04-4.59726E+01 4.71377E+01
 -1       430-1.34841E+06-1.47928E+02-2.90534E+02 5.43748E+04 2.13360E+02 7.71012E+01
 -1       431-1.39913E+06 1.25671E+02 2.14435E+02 5.34749E+04-7.35145E+02-6.12501E+02
 -1       432-1.43335E+06 1.64830E+03-2.60439E+03 5.80728E+04 2.99118E+03 6.69581E+02
 -1       433-1.45793E+06-2.26148E+04 1.61402E+04 2.37341E+04-7.72165E+03-6.46632E+04
 -1       434-1.31787E+01-5.12423E+00-5.12389E+00-1.69745E+05 1.05962E-03-5.40747E+02
 -1       435 1.41766E+06 5.51293E+05 5.51293E+05 6.25916E+04-1.37707E-02-1.71945E+03
 -1       436-1.57595E+04-6.12854E+03-6.12848E+03-2.20835E+05 3.28128E-01 1.35301E+03
 -1       437 1.58387E+04 6.15934E+03 6.15927E+03-2.20459E+05-3.30641E-01 1.38307E+03
 -1       438-1.41761E+06-5.51274E+05-5.51274E+05 6.25772E+04 1.13407E-02-1.39384E+03
 -1       439 3.01444E+04 4.42593E+03-8.23497E+02 1.29145E+05 4.76007E+03-8.68555E+02
 -1       440 2.76354E+04 1.19316E+03 3.78862E+02 9.80365E+04-6.40789E+03 9.58456E+00
 -1       441 2.65202E+04 3.47212E+02-1.70497E+02 9.37936E+04 1.14535E+03 1.43906E+02
 -1       442 2.55782E+04 1.82831E+02 6.28971E+01 9.12598E+04-2.72753E+02 1.17874E+02
 -1       443 2.43425E+04 7.38188E+01 4.04047E+00 9.15020E+04 8.24508E+01 1.02688E+02
 -1       444 2.28588E+04-5.56472E+01-4.37973E+01 9.15113E+04-2.83935E+01 1.36157E+02
 -1       445 2.17749E+04-2.54567E+01-5.37743E+00 9.15254E+04 2.01636E+01 1.60649E+02
 -1       446 2.05954E+04-3.39582E+01-3.71783E+01 9.15050E+04-1.46897E+01 1.63258E+02
 -1       447 1.96064E+04 4.35483E+01 1.30474E+01 9.15058E+04 1.27954E+00 1.64881E+02
 -1       448 1.84859E+04 1.34412E+01-9.20781E+00 9.14919E+04 8.55991E+00 1.68074E+02
 -1       449 1.73745E+04 1.27852E+01 9.85384E+00 9.14967E+04-1.66054E+00 1.48251E+02
 -1       450 1.62733E+04 3.40453E+01 2.78476E+01 9.14373E+04 1.33170E+01 1.31592E+02
 -1       451 1.50944E+04-5.62016E+00 5.19493E+00 9.14343E+04-4.11748E+00 1.18630E+02
 -1       452 1.39067E+04-2.14159E+01-3.36289E+00 9.13972E+04-1.51187E+01 1.24762E+02
 -1       453 1.28681E+04-1.45495E+01-1.67519E+01 9.13970E+04-1.70461E+00 1.12242E+02
 -1       454 1.17034E+04-3.44803E+01-8.92770E-01 9.13949E+04 1.15576E+01 1.34447E+02
 -1       455 1.06285E+04-2.82795E+01-1.54390E+01 9.13589E+04-6.08867E+00 1.27757E+02
 -1       456 9.70843E+03 2.97599E+00-1.66325E+01 9.13430E+04-4.87843E+00 1.19588E+02
 -1       457 8.68716E+03-1.14432E+01 2.74371E+01 9.12850E+04 1.75843E+01 1.48084E+02
 -1       458 7.80749E+03 1.39205E+01-1.77478E+01 9.12657E+04 9.73615E+00 1.16203E+02
 -1       459 6.79385E+03-8.80504E+00 1.67333E+00 9.12333E+04-3.32749E+01 1.14921E+02
 -1       460 5.87708E+03-3.11252E+01-2.15376E+01 9.11862E+04 2.03977E+01 1.16867E+02
 -1       461 4.99996E+03-1.18755E+01-3.96808E+01 9.11961E+04 3.04496E+01 1.22443E+02
 -1       462 4.30043E+03 2.36317E+01 3.92809E+01 9.11613E+04-1.17877E+01 9.55596E+01
 -1       463 3.53403E+03-8.27090E+00-7.36842E-01 9.11006E+04-6.03941E+00 7.71438E+01
 -1       464 2.76657E+03-1.41105E+01 7.17603E+00 9.10905E+04-8.12507E+00 7.50157E+01
 -1       465 2.02398E+03-4.26250E+01-2.39890E+01 9.10407E+04-6.50815E+00 7.54088E+01
 -1       466 1.44116E+03-3.38913E+01-3.23878E+01 9.09942E+04 6.38393E+00 7.23937E+01
 -1       467 1.00960E+03 3.77436E+00 2.70955E+01 9.09667E+04 9.41655E+00 8.83742E+01
 -1       468 6.36136E+02-1.92963E+01-1.51817E+01 9.09185E+04-9.41251E+00 2.79561E+01
 -1       469 3.42718E+02 1.96222E+01 2.46761E+01 9.08354E+04-4.30963E+01 6.39296E+01
 -1       470 1.48781E+02-4.57453E+01-4.95017E+01 9.20264E+04 1.26129E+02 1.42384E+01
 -1       471 1.08728E+01-5.06097E+01 1.16711E+01 1.01031E+05 2.53818E+02 1.31505E+01
 -1       472 1.45738E+06 2.25561E+04-1.61921E+04 2.45651E+04 7.70949E+03-6.46141E+04
 -1       473 3.08991E+04 6.40026E+03 2.64594E+03-4.83878E+04-3.33979E+04 1.65325E+03
 -1       474 1.43346E+06-1.64991E+03 2.58173E+03 5.90565E+04-2.99219E+03 7.22693E+02
 -1       475 2.74961E+04 1.95419E+03-1.07154E+03 7.21475E+04 8.96479E+02-2.07641E+02
 -1       476 1.39923E+06-1.33408E+02-1.61667E+02 5.45026E+04 7.33954E+02-5.47634E+02
 -1       477 2.71385E+04 7.17703E+02 1.17447E+02 9.60444E+04-1.95423E+03 1.08639E+02
 -1       478 1.34853E+06 9.64237E+01 2.65584E+02 5.54654E+04-2.19351E+02 8.92925E+01
 -1       479 2.60845E+04 2.60925E+02-3.72677E+01 8.88275E+04 4.04310E+02 7.60581E+01
 -1       480 1.30374E+06 1.37719E+01-4.43951E+01 5.52022E+04 5.13805E+01 6.60158E+01
 -1       481 2.49236E+04 9.79993E+01 1.09104E+01 8.90793E+04-1.01684E+02 6.86353E+01
 -1       482 1.25818E+06-5.14823E+00-3.72183E+00 5.52426E+04-2.40078E-01 6.77918E+01
 -1       483 2.36267E+04 3.33741E+01 2.05407E+01 8.89741E+04 2.75219E+01 3.96958E+01
 -1       484 1.21298E+06-5.11989E+00-2.13029E+01 5.52571E+04 9.31286E-01 7.45673E+01
 -1       485 2.23262E+04-4.51891E+01-2.81938E+01 8.89952E+04-7.39560E+00 8.58001E+01
 -1       486 1.16758E+06-1.32328E+01-1.58858E+01 5.52211E+04-6.67472E+00 1.33375E+02
 -1       487 2.11539E+04-5.59450E+01-4.98745E+01 8.90021E+04-1.34446E+00 9.64926E+01
 -1       488 1.12257E+06 2.61997E+01 2.53076E+01 5.52340E+04 2.63846E-01 6.02880E+01
 -1       489 2.01220E+04 2.85464E+01 1.72629E+01 8.89998E+04-9.99554E+00 8.52655E+01
 -1       490 1.07731E+06 1.43925E+01 1.25636E+01 5.51837E+04 1.15130E+01 9.24848E+01
 -1       491 1.90673E+04 3.05897E+01-3.81467E-01 8.89745E+04 5.61113E+00 1.11532E+02
 -1       492 1.03209E+06 1.07512E+00 1.69242E+01 5.52103E+04 4.62664E-01 9.07499E+01
 -1       493 1.79318E+04 1.51592E+01-3.11047E+00 8.89895E+04-3.85975E-01 8.67729E+01
 -1       494 9.86727E+05-3.11467E+01-3.70253E+01 5.51827E+04 5.23713E+00 8.34541E+01
 -1       495 1.68181E+04 2.04953E+01 2.25258E+01 8.89397E+04 1.41441E+01 8.14809E+01
 -1       496 9.41603E+05 3.95932E+01 4.31779E+01 5.51890E+04 7.35980E+00 5.25831E+01
 -1       497 1.56717E+04 1.43384E+01 1.22585E+01 8.89263E+04 1.40666E+00 7.78463E+01
 -1       498 8.96289E+05-4.24774E+01-2.73924E+01 5.51797E+04 2.78193E+00 4.12175E+01
 -1       499 1.44886E+04-8.84926E+00 9.66635E+00 8.88944E+04-1.12603E+01 4.27696E+01
 -1       500 8.51121E+05 2.14118E+00 1.88248E+01 5.51343E+04-7.59438E+00 6.44087E+01
 -1       501 1.34066E+04-1.38402E+01-2.01059E+00 8.88816E+04-7.01327E+00 6.38570E+01
 -1       502 8.05888E+05 5.62302E+00 2.74324E+00 5.51604E+04-4.09552E+00 6.51470E+01
 -1       503 1.22818E+04-2.63575E+01-6.97744E+00 8.88700E+04 2.45602E+00 6.56997E+01
 -1       504 7.60646E+05-3.88568E+01-4.90100E+01 5.51350E+04 1.58784E+01 8.11566E+01
 -1       505 1.12049E+04-1.97529E+01 8.05030E+00 8.88640E+04-6.28796E+00 7.60637E+01
 -1       506 7.15676E+05 8.82847E+00 3.83084E+01 5.51366E+04 3.42612E+00 5.61486E+01
 -1       507 1.01506E+04-2.01019E+01-3.38552E+01 8.88538E+04-7.73875E+00 7.76729E+01
 -1       508 6.70435E+05-3.50933E+01-4.03687E+01 5.50892E+04 4.51808E+00 7.20319E+01
 -1       509 9.16762E+03-7.75866E+00 2.03634E+01 8.87881E+04 1.15565E+01 6.78080E+01
 -1       510 6.25484E+05 2.95004E+01 4.09056E+01 5.50719E+04 2.14976E+00 7.75796E+01
 -1       511 8.27729E+03 1.68590E+01 2.53830E+01 8.87509E+04 1.57870E+01 7.12799E+01
 -1       512 5.80412E+05-7.64490E+00-6.11907E+00 5.50638E+04 8.84223E-01 5.37923E+01
 -1       513 7.29588E+03 8.89648E+00-1.05188E+01 8.87445E+04-1.45756E+01 5.61521E+01
 -1       514 5.35297E+05-4.23635E+01-1.81383E+01 5.50391E+04 9.54355E+00 4.95642E+01
 -1       515 6.36298E+03-5.75813E+00 5.07591E+00 8.86819E+04-1.03880E+01 6.57199E+01
 -1       516 4.90373E+05-2.33860E+01-3.71317E+00 5.50392E+04 1.45888E+01 4.46328E+01
 -1       517 5.44564E+03-7.45119E+00-1.77417E+01 8.86704E+04 1.73494E+01 7.53027E+01
 -1       518 4.45447E+05-2.75260E+00-4.94170E+00 5.50281E+04-3.37123E+00 2.69963E+01
 -1       519 4.65350E+03 1.03015E+01 9.45311E+00 8.86801E+04 2.27955E+01 7.26925E+01
 -1       520 4.00603E+05 2.20633E+01 3.34583E+01 5.50007E+04-1.31976E+01 5.45392E+01
 -1       521 3.91810E+03 1.47480E+01 4.09103E+01 8.86196E+04-5.16887E+00 4.36827E+01
 -1       522 3.55770E+05-2.85616E+00-1.19822E+01 5.50059E+04 6.63133E-01 2.15579E+01
 -1       523 3.13794E+03-1.20080E+01 2.89012E+00 8.85687E+04-1.06580E-01 3.22123E+01
 -1       524 3.10892E+05-3.53349E+01-1.83935E+01 5.49676E+04 3.23688E+00 3.81494E+01
 -1       525 2.39979E+03-3.11275E+01-2.08743E+01 8.85334E+04-1.09231E+01 4.31141E+01
 -1       526 2.66250E+05-1.19521E+01-1.63910E+01 5.49473E+04 9.19993E-01 2.64167E+00
 -1       527 1.75223E+03-1.39259E+01 7.70947E+00 8.85251E+04-1.32391E+01 5.14856E+01
 -1       528 2.21586E+05-3.56803E+01-2.75287E+01 5.49278E+04-4.94602E+00 6.23181E+00
 -1       529 1.24944E+03 1.26676E+01 3.11655E+01 8.84625E+04 1.88338E+01 4.86160E+01
 -1       530 1.77161E+05 4.06840E-01 1.88416E+01 5.49352E+04 1.03284E+01-1.04727E+01
 -1       531 8.32813E+02 3.52569E+00 2.37816E+01 8.84375E+04 9.05139E+00 5.28977E+01
 -1       532 1.32674E+05 7.62211E+01-4.85254E+01 5.48572E+04 1.82906E+01-6.17633E+01
 -1       533 4.63253E+02-2.87058E+00 1.40348E+01 8.83726E+04-1.35910E+01 1.99973E+01
 -1       534 8.66671E+04 6.06392E+02-1.10234E+02 5.47547E+04 3.95155E+01-1.19860E+02
 -1       535 2.97292E+02 1.67925E+01 3.46255E+01 8.88069E+04 7.65718E+01 3.55095E+01
 -1       536 3.54015E+04-1.51192E+03-2.11580E+03 5.47871E+04-1.89036E+01-2.86072E+02
 -1       537 3.47831E+01-5.43258E+01-1.50301E+01 9.14901E+04 1.89754E+02-1.72533E+00
 -1       538 7.53459E+01 3.03910E+01 8.69032E+01 8.75198E+04 1.18678E+03 2.74786E+00
 -1       539-1.39837E+06-1.83870E+04 1.46121E+04 2.30977E+04 7.36980E+03 6.44796E+04
 -1       540-1.37734E+06 3.60966E+03-1.53858E+03 5.84999E+04-2.91800E+03-6.29053E+02
 -1       541-1.34603E+06 6.17155E+02 4.13076E+01 5.44938E+04 7.30261E+02 8.28578E+02
 -1       542-1.29746E+06 1.20503E+02-1.74685E+02 5.55604E+04-2.20440E+02 6.37770E+01
 -1       543-1.25506E+06 6.76877E+01 7.58072E+01 5.54073E+04 4.20950E+01 6.92342E+01
 -1       544-1.21226E+06-3.62068E+01-2.31729E+00 5.54554E+04 5.29738E-01 8.75602E+01
 -1       545-1.16936E+06 1.45567E+01-3.07174E+01 5.54819E+04 1.17203E+01 1.18795E+02
 -1       546-1.12635E+06-5.07968E+00-5.46797E+00 5.54599E+04-1.55410E+01 9.79474E+01
 -1       547-1.08341E+06-5.74280E+01-3.08100E+01 5.54496E+04-2.32958E+00 1.01269E+02
 -1       548-1.04024E+06 6.30615E+01 5.29903E+01 5.54514E+04 1.85354E+01 1.02881E+02
 -1       549-9.97430E+05 1.57590E+01-1.98586E+01 5.54481E+04 3.48573E+00 1.22241E+02
 -1       550-9.54343E+05 3.50141E+01-6.19624E-01 5.54100E+04-6.56808E+00 8.15207E+01
 -1       551-9.11405E+05-1.17261E+01 1.00754E+01 5.53969E+04-3.15978E+00 8.09911E+01
 -1       552-8.68411E+05-2.20265E+00 8.53411E+00 5.53854E+04 3.12095E+00 7.67848E+01
 -1       553-8.25413E+05 7.08351E-01-9.12666E+00 5.53618E+04 8.39593E+00 6.91685E+01
 -1       554-7.82401E+05-1.42678E+01-3.25740E+01 5.53746E+04-3.50495E+00 8.16981E+01
 -1       555-7.39387E+05-5.85028E+00 1.09875E+01 5.53303E+04 1.28263E+00 8.62799E+01
 -1       556-6.96226E+05-5.54624E+00-4.20047E+00 5.53183E+04-6.09938E+00 9.28161E+01
 -1       557-6.53075E+05-2.74298E+01-3.13961E+01 5.52960E+04 6.18577E+00 1.04947E+02
 -1       558-6.09957E+05 6.65287E+00-1.15533E+01 5.52886E+04 6.73984E+00 1.02036E+02
 -1       559-5.66709E+05 3.82319E+01 2.78149E+01 5.52678E+04-1.23809E+01 8.01734E+01
 -1       560-5.23555E+05 4.72559E+01 2.00721E+01 5.52447E+04-7.94866E-03 8.63303E+01
 -1       561-4.80353E+05 8.43221E+00-1.44754E+01 5.51956E+04 1.58618E+01 7.15727E+01
 -1       562-4.36947E+05-1.79722E+01-3.68080E+01 5.51678E+04-5.44594E+00 8.02305E+01
 -1       563-3.93641E+05-4.50426E+01-2.77357E+01 5.51302E+04 3.87772E+00 8.01489E+01
 -1       564-3.50146E+05-3.31907E+00 7.20107E-01 5.51416E+04 1.61604E+01 5.28647E+01
 -1       565-3.06794E+05 4.99941E+01 1.38258E+01 5.51120E+04 9.46927E+00 4.09626E+01
 -1       566-2.63357E+05-1.82476E+01-8.28356E+00 5.50517E+04 3.83984E+00 7.19140E+01
 -1       567-2.19568E+05 1.84376E+01 2.23428E+00 5.50136E+04-3.14876E+00 6.73244E+01
 -1       568-1.76008E+05-4.66494E+01-5.08162E+01 5.50064E+04-2.78077E+00 5.98317E+01
 -1       569-1.31940E+05-4.84122E+01 6.98258E+01 5.49309E+04-1.68258E+01 1.01564E+02
 -1       570-8.64290E+04-5.88705E+02 8.79101E+01 5.47654E+04 5.42039E+00 1.66254E+02
 -1       571-3.53461E+04 1.50331E+03 2.13498E+03 5.47983E+04 2.26982E+00 2.75774E+02
 -1       572 2.28530E+01 1.22965E+01 3.26843E+00 6.79511E+04-7.95627E-01 4.65059E+01
 -1       573-1.29742E+04-4.94047E+04-5.81566E+03 5.14733E+04 5.18659E+00 2.29620E+01
 -1       574-8.46621E+00 2.00087E+01 3.12743E+00 6.82326E+04 3.97565E+03 3.96247E+01
 -1       575 7.34376E+00 3.47846E+01-6.88921E+00 6.82670E+04-4.00450E+03 4.78513E+01
 -1       576 1.31209E+04 4.94833E+04 5.81125E+03 5.14464E+04-3.69401E+01 1.48309E+00
 -1       577 9.59668E+04 9.28730E+02 5.77937E+02 4.19465E+03-2.97241E+01 8.08791E+01
 -1       578 1.79535E+05 1.23990E+03 3.74749E+01 1.13098E+04 1.28849E+01 1.00923E+02
 -1       579 2.64810E+05 2.28045E+02 1.87220E+02 1.22644E+04-1.26492E+01 8.68951E+01
 -1       580 3.52950E+05 1.81163E+01-2.65326E+01 1.21971E+04-1.19361E+01 1.41146E+02
 -1       581 4.41176E+05 3.63789E+01 1.80957E+01 1.21490E+04-1.01912E+01 2.05742E+02
 -1       582 5.29351E+05-4.85053E+01 1.12279E+01 1.21474E+04 1.00706E+01 2.47356E+02
 -1       583 6.17771E+05-3.05939E+00-7.46854E+00 1.21788E+04 8.48910E+00 2.82410E+02
 -1       584 7.05777E+05 3.44627E+01 6.38227E+01 1.21691E+04-7.54574E+00 2.84049E+02
 -1       585 7.94217E+05 3.08853E+01-4.51825E+01 1.21637E+04-1.90963E+01 3.13166E+02
 -1       586 8.82189E+05-7.13850E+01 1.71871E+01 1.21380E+04-7.19630E+00 2.72606E+02
 -1       587 9.70602E+05-5.32289E+01-2.62328E+01 1.21349E+04-1.14564E+01 3.19744E+02
 -1       588 1.05886E+06 3.47030E+00-4.69416E+01 1.21555E+04-2.56205E+01 3.55334E+02
 -1       589 1.14706E+06 8.48338E+01 8.33322E+01 1.21680E+04-3.57527E+00 3.37051E+02
 -1       590 1.23545E+06 1.93552E+01-8.87938E+01 1.21800E+04-2.93468E+00 3.21430E+02
 -1       591 1.32330E+06-7.04247E+01 2.82271E+01 1.21711E+04-1.07882E+00 3.15062E+02
 -1       592 1.41177E+06 2.03782E+01 2.17699E+01 1.21558E+04 2.36273E+01 3.45606E+02
 -1       593 1.49992E+06 1.68657E+01 4.09911E+01 1.21846E+04-4.66073E+00 3.13827E+02
 -1       594 1.58809E+06-4.74310E+01-6.02869E+01 1.21331E+04 2.43177E+00 3.43401E+02
 -1       595 1.67648E+06 9.82911E-01-3.46382E+01 1.21514E+04 1.09971E+01 3.46479E+02
 -1       596 1.76446E+06-1.65392E+01 3.89149E+01 1.21077E+04 1.54060E+01 3.13998E+02
 -1       597 1.85301E+06 2.20323E+01-5.80067E+00 1.21190E+04-1.13685E+01 3.05798E+02
 -1       598 1.94114E+06 1.29708E+01 2.36730E+01 1.21535E+04-2.33722E+01 3.18086E+02
 -1       599 2.02926E+06 3.35138E+00 1.22774E+00 1.21694E+04 2.47249E+01 3.54093E+02
 -1       600 2.11766E+06 1.26721E+01-3.71978E+01 1.21785E+04 1.50742E+01 2.67848E+02
 -1       601 2.20568E+06 2.75350E+01 5.42346E+01 1.21426E+04-8.79719E+00 2.69830E+02
 -1       602 2.29400E+06 5.99548E+00-2.62590E+01 1.22233E+04-1.39880E+01 2.99941E+02
 -1       603 2.38194E+06-7.70196E+01-1.11833E+01 1.21476E+04 2.16894E+00 3.28167E+02
 -1       604 2.47037E+06 7.00487E+01-1.83666E+01 1.20574E+04-2.84259E+00 3.02544E+02
 -1       605 2.55859E+06-2.66522E+02 7.72865E+00 1.22026E+04-2.37070E+00 2.88958E+02
 -1       606 2.64739E+06 1.32372E+03-7.09249E+01 1.19992E+04-1.39506E+01 1.71284E+02
 -1       607 2.72838E+06-9.00540E+03-7.18951E+02 1.34892E+04-9.18026E+01-3.24637E+01
 -1       608 2.81452E+06 2.28338E+04-1.09577E+04-3.47391E+03-3.56614E+02-4.85254E+02
 -1       609 3.13922E+06-1.10790E+04 1.18636E+05-2.17744E+04-7.51928E+02-1.70615E+03
 -1       610 9.55441E+04 1.41774E+03 9.49275E+01 4.09051E+03-1.74011E+01 2.10048E+02
 -1       611 6.17553E+04-4.77847E+03 6.19507E+02 1.43811E+04-2.75290E+01 1.99240E+01
 -1       612 1.79893E+05 1.54701E+03 4.03904E+02 1.14934E+04-3.12007E+01-6.13045E+02
 -1       613 1.38734E+05 2.26021E+03 5.87548E+02 7.34072E+03 4.26130E+00 1.13465E+02
 -1       614 2.65183E+05 2.72919E+02 1.94380E+02 1.25764E+04 3.92726E+01-8.47994E+02
 -1       615 2.20933E+05 5.80386E+01-3.65762E+02 9.38806E+03-6.54878E+00 8.41083E+01
 -1       616 3.53225E+05-5.35788E+01-7.22031E+01 1.25283E+04-2.94570E+01-8.70882E+02
 -1       617 3.08762E+05 4.56008E+01 2.14071E+01 9.66059E+03-1.76670E+01 1.02102E+02
 -1       618 4.41715E+05 4.97094E+01 5.04430E+01 1.24863E+04-1.44708E+01-8.12811E+02
 -1       619 3.96999E+05-1.82651E+00-3.95489E+01 9.66322E+03-9.38723E+00 1.43830E+02
 -1       620 5.30217E+05 1.27815E+01 4.54640E+01 1.24848E+04 1.31456E+01-7.86751E+02
 -1       621 4.85293E+05-4.58904E+00 1.68310E+01 9.63296E+03 5.67917E+00 2.01399E+02
 -1       622 6.18748E+05-1.94577E+01-2.62942E+01 1.24805E+04 2.44361E+00-7.67386E+02
 -1       623 5.73604E+05-3.55893E+01-3.98719E+00 9.63665E+03 1.71005E+01 2.22741E+02
 -1       624 7.07266E+05 7.21812E+00 2.04694E+01 1.24869E+04-1.53903E+01-7.71714E+02
 -1       625 6.61773E+05 1.19725E+01 2.00672E+01 9.66267E+03 2.00939E-01 2.41094E+02
 -1       626 7.95933E+05 1.32990E+01-3.70422E+01 1.24778E+04-2.17718E+01-7.57750E+02
 -1       627 7.50062E+05 5.82144E+01 2.51456E+01 9.64452E+03-7.84401E+00 2.52812E+02
 -1       628 8.84437E+05-2.56752E+01 2.77163E+01 1.24843E+04 2.97153E+00-7.67390E+02
 -1       629 8.38185E+05-3.79603E+01-3.19802E+01 9.65385E+03 1.35439E+00 2.54269E+02
 -1       630 9.73194E+05-6.13043E+00 4.97882E+00 1.24829E+04 1.94401E+00-7.33721E+02
 -1       631 9.26499E+05-2.63637E+01 2.44610E+01 9.62453E+03-6.88450E+00 2.60396E+02
 -1       632 1.06180E+06-4.89726E+00-9.34059E+00 1.24891E+04-2.27837E+01-7.05913E+02
 -1       633 1.01474E+06-5.91755E+01-5.64064E+01 9.63121E+03-2.24681E+01 2.85824E+02
 -1       634 1.15053E+06 1.53903E+01 4.65958E+01 1.24975E+04-2.07993E+01-7.34676E+02
 -1       635 1.10305E+06 5.68398E+01 4.36352E+01 9.64274E+03-1.12240E+01 2.96725E+02
 -1       636 1.23929E+06 7.18193E+00-7.91799E+01 1.25001E+04-1.38350E+01-7.52196E+02
 -1       637 1.19133E+06 6.67353E+01 7.01307E+00 9.63537E+03-1.58645E+00 2.76564E+02
 -1       638 1.32779E+06-1.33371E+01 2.81535E+01 1.25121E+04 2.35125E+01-7.44806E+02
 -1       639 1.27940E+06-2.09480E+01-2.66203E+01 9.66350E+03 5.50397E+00 2.68292E+02
 -1       640 1.41669E+06-7.49709E+00 3.53196E+01 1.25153E+04-1.73255E+00-7.53919E+02
 -1       641 1.36763E+06-4.51214E+00 4.34959E+01 9.65566E+03 1.70835E+01 2.68919E+02
 -1       642 1.50530E+06-9.13954E+00 4.20756E+00 1.25223E+04 6.69452E+00-7.27879E+02
 -1       643 1.45580E+06-5.23373E+01-4.74504E+01 9.66450E+03 1.07174E+01 2.77596E+02
 -1       644 1.59408E+06-4.92769E-01-3.75914E+01 1.24951E+04 4.87853E+00-7.41557E+02
 -1       645 1.54411E+06 6.44937E+00 5.34069E+00 9.62851E+03-1.19640E+01 2.71285E+02
 -1       646 1.68294E+06-3.99253E+00-2.87441E+01 1.24646E+04 2.81674E+00-7.55400E+02
 -1       647 1.63241E+06 1.33142E+01-2.04507E+01 9.62858E+03 1.08148E+01 2.84609E+02
 -1       648 1.77161E+06-1.58417E+01 4.95592E+01 1.24954E+04 1.27849E+01-7.53787E+02
 -1       649 1.72053E+06-1.59202E+01 1.08255E+01 9.63803E+03 1.18920E+01 2.65341E+02
 -1       650 1.86056E+06 2.58025E+01 9.58945E+00 1.24868E+04-7.24675E+00-7.46589E+02
 -1       651 1.80883E+06-6.06953E+00 1.07403E+01 9.58451E+03 9.88863E+00 2.41808E+02
 -1       652 1.94920E+06-9.42393E+00 5.15856E+00 1.25071E+04-5.74633E+00-7.27008E+02
 -1       653 1.89713E+06-4.70477E+00-1.51328E+01 9.61105E+03-1.82543E+01 2.57380E+02
 -1       654 2.03804E+06-8.57401E+00-1.34187E+01 1.25236E+04-2.58675E-01-7.51846E+02
 -1       655 1.98535E+06 5.63847E+01 5.50710E+01 9.65660E+03-2.64176E-01 2.66741E+02
 -1       656 2.12694E+06 2.94391E+01-1.34036E+01 1.25070E+04 9.93152E+00-8.03633E+02
 -1       657 2.07350E+06-3.42785E+01-6.07741E+01 9.64823E+03 2.48939E+01 2.44959E+02
 -1       658 2.21568E+06 2.87571E+01 9.54968E+01 1.25578E+04-6.90950E+00-7.97933E+02
 -1       659 2.16174E+06 1.63818E+01 1.00584E+01 9.64600E+03-3.34433E+00 2.10431E+02
 -1       660 2.30428E+06-2.58663E+01-5.89576E+01 1.25773E+04-1.00073E+01-7.42537E+02
 -1       661 2.25004E+06 5.16183E+01 5.01075E+01 9.65808E+03 7.55041E+00 2.25531E+02
 -1       662 2.39305E+06-2.99361E+01-3.37752E+01 1.25510E+04 2.06776E-01-7.32179E+02
 -1       663 2.33798E+06-6.98391E+01-5.27284E+01 9.66627E+03-1.98219E+01 2.51949E+02
 -1       664 2.48194E+06 6.06436E+01 1.83224E+01 1.24438E+04 5.90741E+00-7.44015E+02
 -1       665 2.42628E+06 4.25164E+00-2.28408E+01 9.61360E+03 1.71131E-03 2.55942E+02
 -1       666 2.57082E+06-2.70923E+02-8.18169E+01 1.25716E+04 6.92148E+00-7.92956E+02
 -1       667 2.51465E+06-9.05379E+01 2.65274E+01 9.55484E+03 3.49448E+00 2.23695E+02
 -1       668 2.66010E+06 1.29402E+03 3.98359E+02 1.23592E+04-1.11184E+02-7.10902E+02
 -1       669 2.60298E+06 4.85149E+02-1.19898E+02 9.77428E+03-1.22342E+01 1.69418E+02
 -1       670 2.74108E+06-9.48572E+03-3.69941E+03 1.37110E+04 2.36985E+02-1.10399E+03
 -1       671 2.69081E+06-2.29928E+03 8.99651E+02 8.90202E+03-5.81933E+01 1.54839E+01
 -1       672 2.84157E+06 3.03569E+04 1.09623E+04-4.60736E+03-3.73392E+02-4.78051E+03
 -1       673 2.77788E+06 9.50147E+03-2.82787E+03 9.75022E+03-2.32757E+02-2.94967E+02
 -1       674 3.01558E+06-5.08784E+04 2.75464E+04-7.31402E+03 8.71806E+03-4.26156E+04
 -1       675 2.82604E+06-6.50162E+04-1.80314E+04-1.45716E+04-6.46299E+02-1.34486E+03
 -1       676 2.97865E+06 2.94855E+05 2.30658E+05 2.44855E+05-1.05917E+03-2.91507E+03
 -1       677 9.54545E+04 1.39304E+03 5.62226E+00 4.11865E+03-3.60814E+01-1.34260E+02
 -1       678 1.79679E+05 1.52233E+03 3.97032E+02 1.15396E+04 5.74907E+01 7.06452E+02
 -1       679 2.64744E+05 2.97408E+02 1.63318E+02 1.25561E+04-3.75107E+01 9.37882E+02
 -1       680 3.52566E+05-4.51555E+01-7.18336E-01 1.25029E+04 4.63455E+00 1.05869E+03
 -1       681 4.40698E+05 4.85083E+01 2.87178E+01 1.24967E+04-1.67550E+01 1.03669E+03
 -1       682 5.28603E+05-1.84906E+01-2.79600E+01 1.24743E+04-1.83036E+01 1.08480E+03
 -1       683 6.16672E+05-2.22519E+01-4.16218E+01 1.24916E+04-1.16640E+01 1.11765E+03
 -1       684 7.04441E+05-3.13481E+00 2.93678E+01 1.24639E+04-6.08332E+00 1.12030E+03
 -1       685 7.92462E+05 4.07295E+01-2.72425E+00 1.24721E+04-5.39479E+00 1.14267E+03
 -1       686 8.80199E+05-2.49729E+01-9.71959E+00 1.24724E+04-3.29209E+01 1.08224E+03
 -1       687 9.68134E+05-1.36455E+00-4.27466E+00 1.24668E+04-1.02011E+01 1.12453E+03
 -1       688 1.05598E+06 1.04707E+01-5.15781E-01 1.24596E+04 1.86866E+00 1.12907E+03
 -1       689 1.14372E+06 4.25165E+01 4.25022E+01 1.24812E+04-5.46002E+00 1.14436E+03
 -1       690 1.23153E+06 2.49909E+01-3.95542E+01 1.24721E+04 6.69529E+00 1.15538E+03
 -1       691 1.31912E+06-3.34910E+01-8.23870E+00 1.24786E+04-8.53201E+00 1.12828E+03
 -1       692 1.40683E+06-1.95529E+01-1.95765E+01 1.24605E+04 6.09042E+00 1.18327E+03
 -1       693 1.49467E+06 1.54914E+01 1.06780E+01 1.24497E+04-3.47288E+00 1.11822E+03
 -1       694 1.58230E+06-2.48480E+01-2.40817E+01 1.24277E+04 4.62440E+00 1.14002E+03
 -1       695 1.67014E+06 1.83324E+01 1.08794E+01 1.24346E+04 1.01128E+01 1.15121E+03
 -1       696 1.75769E+06 1.71570E+00 7.69350E+00 1.24144E+04 3.92034E+00 1.11219E+03
 -1       697 1.84549E+06 2.23223E+00-3.13745E+01 1.24262E+04-6.22260E+00 1.09994E+03
 -1       698 1.93319E+06 6.62404E+00 3.62168E+01 1.24367E+04-1.38479E+01 1.10341E+03
 -1       699 2.02071E+06 7.21349E+00-4.21938E+00 1.24534E+04 3.55410E+00 1.18996E+03
 -1       700 2.10850E+06 1.65976E+01-4.88710E+01 1.24396E+04 1.98514E+01 1.10925E+03
 -1       701 2.19607E+06 9.15241E+00 5.23515E+01 1.24166E+04 5.36864E+00 1.06708E+03
 -1       702 2.28369E+06-5.86292E+00-1.55978E+01 1.24493E+04-1.70951E+01 1.15087E+03
 -1       703 2.37126E+06-2.30619E+01-1.25298E+01 1.24189E+04-1.55781E+01 1.14802E+03
 -1       704 2.45902E+06 7.25343E+01 6.84866E+00 1.23758E+04 1.10611E+01 1.08116E+03
 -1       705 2.54656E+06-2.89117E+02-9.40123E+01 1.24943E+04-4.52365E+00 1.11023E+03
 -1       706 2.63471E+06 1.30822E+03 3.83817E+02 1.21963E+04 9.12877E+01 9.01977E+02
 -1       707 2.71474E+06-9.45362E+03-3.62406E+03 1.35049E+04-3.48767E+02 1.01004E+03
 -1       708 2.81484E+06 3.02539E+04 1.09513E+04-4.81517E+03-6.69137E+01 4.04212E+03
 -1       709 2.98654E+06-5.09474E+04 2.70681E+04-7.84282E+03-9.56992E+03 3.93639E+04
 -1       710-9.61020E+04-9.62071E+02-4.69878E+02 4.26353E+03 1.63886E+01 4.70230E+01
 -1       711-1.79409E+05-1.25532E+03-7.24544E+01 1.12869E+04 7.43123E+01 1.08789E+02
 -1       712-2.65023E+05-2.80602E+02-2.14481E+02 1.22687E+04 6.03369E+01 2.80520E+02
 -1       713-3.52873E+05 2.21160E+01-3.41576E+00 1.22136E+04 6.15418E+00 3.76357E+02
 -1       714-4.41171E+05 6.95445E+00 1.08226E+02 1.21743E+04 5.22892E+01 4.11163E+02
 -1       715-5.29435E+05-6.75525E+00-6.67645E+01 1.21910E+04 4.00377E+01 5.03055E+02
 -1       716-6.17630E+05-1.08441E+01-2.27112E+01 1.21908E+04 7.44023E+01 6.50657E+02
 -1       717-7.05886E+05-1.46354E+01 2.58278E+01 1.22028E+04-2.36425E+01 7.22437E+02
 -1       718-7.93932E+05 4.68671E+01 1.09946E+01 1.21719E+04-4.36353E+00 7.32999E+02
 -1       719-8.82282E+05 1.36254E+01 2.75974E+01 1.21537E+04 4.75473E+01 7.77806E+02
 -1       720-9.70548E+05 8.20429E+00-2.93188E+01 1.21858E+04 4.73846E+01 8.85749E+02
 -1       721-1.05867E+06 3.60650E+01 4.69823E+01 1.21757E+04 4.32668E+01 9.53919E+02
 -1       722-1.14698E+06-6.69125E+01 3.26384E+00 1.21631E+04 2.39027E+01 9.95960E+02
 -1       723-1.23514E+06 1.26184E+01-4.22321E+01 1.21188E+04 3.41835E+01 1.04190E+03
 -1       724-1.32347E+06 6.37713E+01 5.95750E+01 1.21079E+04-1.15864E+01 1.07116E+03
 -1       725-1.41173E+06-3.44612E+01-1.94463E+01 1.21468E+04 9.58071E+00 1.12121E+03
 -1       726-1.49986E+06-2.21599E+01-5.96751E+01 1.21754E+04 3.09149E+01 1.14230E+03
 -1       727-1.58825E+06-1.66173E+00 4.80421E+01 1.21755E+04 8.15472E+00 1.19818E+03
 -1       728-1.67633E+06-1.77845E+01-1.65678E+01 1.22008E+04 2.58554E+00 1.24380E+03
 -1       729-1.76452E+06-9.02042E-01-4.38086E+01 1.22026E+04-8.07795E+00 1.24012E+03
 -1       730-1.85268E+06 4.63404E-01 1.17683E+01 1.21658E+04 6.96077E+00 1.24993E+03
 -1       731-1.94087E+06 3.17323E+01 7.62587E+01 1.21856E+04 4.68063E+01 1.27756E+03
 -1       732-2.02913E+06-3.33082E+00-2.40084E+01 1.21353E+04 2.81649E+01 1.33004E+03
 -1       733-2.11739E+06-1.94747E+01-3.73745E+01 1.21154E+04-2.80417E+01 1.39027E+03
 -1       734-2.20565E+06 2.13449E+01-1.68626E+01 1.21256E+04-6.11954E+00 1.34893E+03
 -1       735-2.29375E+06 1.94949E+01 7.92928E+01 1.21068E+04 3.38954E+01 1.35089E+03
 -1       736-2.38212E+06-1.31429E+01 1.09755E+01 1.21380E+04 1.31323E+01 1.40353E+03
 -1       737-2.47041E+06-1.29823E+02-1.28523E+02 1.21292E+04-1.79808E+01 1.40573E+03
 -1       738-2.55838E+06 3.22792E+02 6.29993E+01 1.22267E+04 2.30843E+01 1.38809E+03
 -1       739-2.64740E+06-1.32958E+03 1.44297E+02 1.20619E+04 2.66869E+01 1.31354E+03
 -1       740-2.72806E+06 9.02348E+03 6.00871E+02 1.34667E+04 1.08391E+02 1.15477E+03
 -1       741-2.81462E+06-2.28836E+04 1.10007E+04-3.42900E+03 3.62782E+02 7.68542E+02
 -1       742-3.13883E+06 1.11253E+04-1.18638E+05-2.17793E+04 7.40589E+02-3.38201E+02
 -1       743-6.19054E+04 4.77163E+03-6.03760E+02 1.43968E+04-7.87425E-01 1.32034E+01
 -1       744-9.55212E+04-1.35251E+03 1.55940E+01 4.10798E+03-4.86799E+00-1.26077E+02
 -1       745-1.38592E+05-2.21097E+03-4.86724E+02 7.35808E+03 4.19718E+01 7.24594E+01
 -1       746-1.79737E+05-1.52500E+03-4.49436E+02 1.15303E+04-2.26986E+01 7.19627E+02
 -1       747-2.21041E+05-1.12170E+02 3.08698E+02 9.37549E+03 6.81885E+01 1.78958E+02
 -1       748-2.64814E+05-2.73231E+02-1.67453E+02 1.26101E+04 6.59627E+01 1.06594E+03
 -1       749-3.08735E+05-9.04386E+00-2.05409E+01 9.66785E+03 2.87202E+01 3.18878E+02
 -1       750-3.52652E+05 3.45666E+01-8.37933E+00 1.25646E+04 1.16227E+01 1.20911E+03
 -1       751-3.97051E+05 1.86895E+00 3.93768E+01 9.67788E+03 2.15890E+01 3.53448E+02
 -1       752-4.40610E+05 3.94793E+00 5.11275E+01 1.25275E+04 1.95935E+01 1.20221E+03
 -1       753-4.85339E+05-1.26391E+01 1.76525E+01 9.66401E+03 3.23783E+01 4.37244E+02
 -1       754-5.28776E+05-2.01230E+01-5.95742E+01 1.25420E+04 4.31524E+01 1.28844E+03
 -1       755-5.73557E+05-3.58861E+00-4.63218E+01 9.67314E+03 4.54949E+01 5.36572E+02
 -1       756-6.16642E+05 3.43305E+01-4.25297E+01 1.25833E+04 4.06418E+01 1.36633E+03
 -1       757-6.61767E+05-6.09071E+00 2.70173E+01 9.68432E+03 2.03624E+01 6.72481E+02
 -1       758-7.04464E+05 2.00420E+01 1.73257E+01 1.26098E+04-5.93318E-01 1.40797E+03
 -1       759-7.49923E+05 1.63515E+01 3.44925E+01 9.66483E+03-1.73828E+01 6.78654E+02
 -1       760-7.92327E+05 1.02204E+01-2.44411E+00 1.25827E+04 1.81549E+01 1.42173E+03
 -1       761-8.38177E+05 4.20099E+00 6.38767E+00 9.64800E+03 2.11902E+01 7.11756E+02
 -1       762-8.80151E+05 2.33752E+01 3.63300E+01 1.25596E+04 3.08520E+01 1.45061E+03
 -1       763-9.26485E+05-2.14000E+01-2.76443E+01 9.66986E+03 5.02106E+01 7.85494E+02
 -1       764-9.68136E+05-2.64033E+01-3.33299E+01 1.25617E+04 4.72308E+01 1.52245E+03
 -1       765-1.01464E+06 4.33428E+01 4.16521E+00 9.66716E+03 3.19576E+01 8.77370E+02
 -1       766-1.05589E+06 1.31706E+01-3.65693E+01 1.26118E+04 8.46614E+00 1.55657E+03
 -1       767-1.10290E+06-1.05674E+01 2.40469E+01 9.65289E+03 2.92437E+01 9.17725E+02
 -1       768-1.14361E+06 1.48290E+01-1.30929E+01 1.26099E+04-1.33834E+01 1.56455E+03
 -1       769-1.19110E+06-2.08770E+01-1.92746E+01 9.61096E+03 2.35401E+01 9.61907E+02
 -1       770-1.23140E+06 5.00290E+00-6.90648E+00 1.25989E+04 3.54860E+01 1.60424E+03
 -1       771-1.27937E+06 1.89865E+01 6.93639E+00 9.58223E+03 6.90655E+00 1.01862E+03
 -1       772-1.31910E+06 2.75481E+01 3.39017E+01 1.25671E+04 1.36313E+01 1.63216E+03
 -1       773-1.36764E+06 1.26703E+01 2.36532E+01 9.63719E+03-1.21850E+00 1.03963E+03
 -1       774-1.40695E+06-1.75216E+01-3.55287E+01 1.25840E+04-1.75144E+00 1.68409E+03
 -1       775-1.45588E+06-2.39317E+01-3.89316E+01 9.65369E+03 2.36604E+01 1.06930E+03
 -1       776-1.49467E+06-3.24649E+01-5.57040E+01 1.26100E+04 1.91450E+01 1.70575E+03
 -1       777-1.54415E+06-1.54600E+01-3.85081E+00 9.64087E+03 1.79074E+01 1.10925E+03
 -1       778-1.58238E+06 1.73424E+01 4.80310E+01 1.26329E+04-8.86298E-01 1.74419E+03
 -1       779-1.63230E+06 1.75688E+01 4.72322E+01 9.67811E+03 8.79886E+00 1.16308E+03
 -1       780-1.67002E+06 1.19261E+01 1.32909E+01 1.26453E+04 2.72533E-01 1.73582E+03
 -1       781-1.72054E+06-3.00034E+01-5.21243E+01 9.68138E+03-5.64968E+00 1.18253E+03
 -1       782-1.75766E+06-7.13663E-01-4.27412E+01 1.26644E+04 4.57562E+00 1.76015E+03
 -1       783-1.80867E+06-2.96508E+00-1.88916E+01 9.67455E+03-6.73759E-01 1.18025E+03
 -1       784-1.84529E+06 8.13951E+00 6.52695E+00 1.26512E+04 8.53963E+00 1.75549E+03
 -1       785-1.89687E+06 3.11762E+01 4.23665E+01 9.65103E+03 2.18379E+01 1.19173E+03
 -1       786-1.93289E+06 2.99206E+01 6.13573E+01 1.26519E+04 1.24551E+01 1.76771E+03
 -1       787-1.98510E+06-1.60135E+01 1.19349E+01 9.63957E+03 3.42417E+01 1.24394E+03
 -1       788-2.02069E+06-3.79085E+00-5.72559E+01 1.26190E+04 1.38877E+01 1.82134E+03
 -1       789-2.07333E+06 1.34221E+01-1.37352E+01 9.62335E+03 1.81553E+00 1.30873E+03
 -1       790-2.10819E+06 2.13208E+01-2.82585E+01 1.26147E+04 2.38585E+00 1.83413E+03
 -1       791-2.16163E+06-4.92988E+00-3.56231E+01 9.59478E+03-1.50928E+01 1.30721E+03
 -1       792-2.19604E+06-3.21675E+01-8.67256E+00 1.25929E+04-1.81926E+00 1.84478E+03
 -1       793-2.24982E+06 3.57502E+00 2.03309E+01 9.60596E+03 8.37376E+00 1.27176E+03
 -1       794-2.28358E+06 1.07370E+01 3.40548E+01 1.25885E+04 1.35212E+01 1.80559E+03
 -1       795-2.33805E+06 9.17343E+00 4.59246E+01 9.61350E+03 2.19292E+01 1.32324E+03
 -1       796-2.37136E+06 5.57152E+00-5.14255E+00 1.26404E+04-1.79066E+00 1.86480E+03
 -1       797-2.42634E+06-4.94624E+01-2.32585E+01 9.62272E+03 9.53433E+00 1.33708E+03
 -1       798-2.45898E+06-9.60753E+01-6.74346E+01 1.26307E+04 1.45039E+00 1.83074E+03
 -1       799-2.51457E+06 7.29678E+01-6.92675E+01 9.60370E+03-4.31711E+00 1.31339E+03
 -1       800-2.54639E+06 2.98472E+02 1.35713E+02 1.27575E+04 2.84293E+01 1.86956E+03
 -1       801-2.60286E+06-4.36258E+02 2.11496E+02 9.80898E+03 2.28875E+01 1.29525E+03
 -1       802-2.63467E+06-1.28680E+03-3.49267E+02 1.24515E+04-1.03564E+02 1.67467E+03
 -1       803-2.69065E+06 2.29054E+03-9.51289E+02 8.92635E+03 7.01742E+01 1.17298E+03
 -1       804-2.71452E+06 9.48556E+03 3.56860E+03 1.37318E+04 3.62073E+02 1.81211E+03
 -1       805-2.77782E+06-9.53304E+03 2.76935E+03 9.75334E+03 2.50180E+02 9.13260E+02
 -1       806-2.81464E+06-3.02754E+04-1.09303E+04-4.61714E+03 6.73775E+01 4.92141E+03
 -1       807-2.82581E+06 6.50376E+04 1.80669E+04-1.45416E+04 6.26153E+02-7.57827E+01
 -1       808-2.98612E+06 5.08698E+04-2.70601E+04-7.63223E+03 9.57560E+03 4.02132E+04
 -1       809-2.97848E+06-2.94847E+05-2.30671E+05 2.44838E+05 1.06202E+03-1.91035E+03
 -1       810-9.55667E+04-1.38785E+03 2.57821E+01 4.11536E+03 1.16532E+01 1.62199E+02
 -1       811-1.79772E+05-1.52261E+03-4.24978E+02 1.15176E+04 9.42920E+01-5.55686E+02
 -1       812-2.65211E+05-3.31050E+02-1.32709E+02 1.25397E+04 5.47175E+00-7.29070E+02
 -1       813-3.53251E+05 9.34964E+00-2.11943E+01 1.24769E+04 1.71288E+01-6.95300E+02
 -1       814-4.41685E+05-9.83984E+00 3.72304E+01 1.24618E+04 3.05805E+01-6.73612E+02
 -1       815-5.30228E+05-5.05046E+01-1.69892E+01 1.24408E+04 1.40726E+01-6.16074E+02
 -1       816-6.18657E+05 1.91172E+01 2.78340E+00 1.24437E+04 4.31566E+01-5.27648E+02
 -1       817-7.07258E+05-9.27813E+00 1.56864E+01 1.24226E+04 1.07697E+01-4.73629E+02
 -1       818-7.95815E+05-1.69779E+01-3.17959E+01 1.24139E+04-1.57597E+01-4.39491E+02
 -1       819-8.84363E+05 2.19593E+01 5.33576E+00 1.23989E+04 1.83738E+01-4.41818E+02
 -1       820-9.73093E+05-3.01171E+01 2.31692E+01 1.24185E+04 3.01505E+01-3.82779E+02
 -1       821-1.06162E+06 3.05941E+01 8.10183E+01 1.23848E+04 1.05047E+01-3.24899E+02
 -1       822-1.15045E+06-2.28774E+01-9.62925E+00 1.23608E+04 4.12648E+01-2.59846E+02
 -1       823-1.23905E+06 6.08996E+00-3.79159E+01 1.23354E+04 1.87497E+01-2.56864E+02
 -1       824-1.32789E+06-5.26160E-01 2.74710E+01 1.23250E+04-1.51751E+01-2.32790E+02
 -1       825-1.41656E+06-3.12942E-01 5.09875E+01 1.23445E+04 3.43971E+00-2.25584E+02
 -1       826-1.50525E+06 1.82357E+01 5.81331E+00 1.23493E+04 1.84011E+01-2.18043E+02
 -1       827-1.59423E+06-4.80857E+01-1.87906E+01 1.23424E+04 1.62570E+01-1.50468E+02
 -1       828-1.68278E+06-2.17281E+01-2.31132E+01 1.23693E+04-1.43631E+00-1.39351E+02
 -1       829-1.77156E+06-9.93970E+00-2.32170E+01 1.23745E+04-1.45703E+01-1.35946E+02
 -1       830-1.86029E+06-6.13907E+00 8.60224E+00 1.23536E+04 1.23364E+01-1.14532E+02
 -1       831-1.94897E+06 2.57679E+01 4.36610E+01 1.23345E+04 2.43773E+01-1.04225E+02
 -1       832-2.03788E+06-2.52927E+01-2.73903E+00 1.23174E+04 2.05687E+01-5.03704E+01
 -1       833-2.12663E+06 4.21008E+00 5.21864E+00 1.22646E+04-7.31888E+00-3.67429E+01
 -1       834-2.21551E+06 1.18402E+01-9.33508E+00 1.22889E+04-1.83281E+01-5.68856E+01
 -1       835-2.30421E+06 1.65963E+01 5.47893E+01 1.23103E+04 2.64215E+01-4.84166E+01
 -1       836-2.39306E+06-8.39009E+00 1.29831E+01 1.22719E+04 1.27814E+01-3.22740E+01
 -1       837-2.48201E+06-1.15762E+02-9.20426E+01 1.22661E+04-1.23772E+01-3.00205E+01
 -1       838-2.57063E+06 2.93657E+02 1.09531E+02 1.23965E+04-6.39023E+00-8.22883E+01
 -1       839-2.66010E+06-1.33000E+03-3.75417E+02 1.21817E+04 1.29089E+02 8.74038E+01
 -1       840-2.74091E+06 9.49577E+03 3.65182E+03 1.35194E+04-2.36374E+02-2.63775E+02
 -1       841-2.84152E+06-3.03268E+04-1.08771E+04-4.81366E+03 3.90718E+02-3.96392E+03
 -1       842-3.01557E+06 5.09437E+04-2.75997E+04-7.52094E+03-8.72098E+03-4.17713E+04
 -1       843-3.23422E+01-1.05924E+01-1.33145E+01 9.39076E+04-2.87671E+00 1.16216E+01
 -1       844 6.81404E+01 2.53221E+01-2.57644E+00 8.72128E+04-2.27220E-01 7.62896E+01
 -1       845-7.86525E+01-2.85414E+01 1.71631E+01 8.61435E+04 1.97647E+01 9.30702E+01
 -1       846 4.54290E+01 2.93865E+00-2.28202E+01 8.61573E+04 1.27121E+01 1.45617E+02
 -1       847-6.35951E+01-8.02439E+00-4.81265E+00 8.61840E+04-3.74619E+00 1.80713E+02
 -1       848-4.78060E+01-4.58773E+00 1.35017E+01 8.62135E+04 2.68647E+00 2.16461E+02
 -1       849 6.21866E+01 1.37706E+01-3.46021E+01 8.61751E+04-1.28192E+01 2.86119E+02
 -1       850-4.76921E+01-1.21054E+01 4.77085E+01 8.61873E+04-2.53675E+00 2.87092E+02
 -1       851 9.59509E+01 1.37381E+01-4.10611E+00 8.61795E+04 6.70063E+00 3.00680E+02
 -1       852 4.50919E+01 4.63985E+00-3.24319E+01 8.61842E+04 1.53730E+01 3.26568E+02
 -1       853 2.49276E+01-3.80662E+00 2.19585E+01 8.62293E+04 3.28241E+00 3.63361E+02
 -1       854 9.04225E+01 1.72198E+00 2.22655E+01 8.61750E+04-5.41078E+00 3.90894E+02
 -1       855 9.31747E+01 1.47394E+01 8.27221E+00 8.61811E+04 2.49960E+00 3.99908E+02
 -1       856 6.31798E+01 1.68450E+01 1.05525E+01 8.61582E+04 6.35854E+00 4.08027E+02
 -1       857-3.51369E+01-2.19358E+01-3.21382E+01 8.61774E+04 2.30861E+00 4.19456E+02
 -1       858-5.55174E+01-1.92207E+01-1.29462E+01 8.61908E+04-6.29116E+00 4.43518E+02
 -1       859-1.47907E+01-5.96239E+00-6.28583E+00 8.61932E+04 8.41090E-01 4.37292E+02
 -1       860 3.36956E+01 4.25207E+00 3.30536E+00 8.61672E+04 1.55811E+00 4.59992E+02
 -1       861 4.90705E+00-7.91783E+00-1.74613E+01 8.61619E+04-2.33706E+00 4.56711E+02
 -1       862 6.17777E+00-2.25381E+01 1.66053E+01 8.61637E+04 3.33094E+00 4.69403E+02
 -1       863 1.59829E+02 1.92981E+01-1.86345E+01 8.61841E+04 1.02113E+01 4.87770E+02
 -1       864 1.31195E+02 2.31358E+01 6.01042E+01 8.61453E+04 2.56302E+00 4.88727E+02
 -1       865 2.09906E+02 2.31588E+01 1.78553E+01 8.62083E+04-2.83582E+00 5.17679E+02
 -1       866 9.31192E+01-2.30365E+00-5.59344E+01 8.61490E+04 5.57719E-02 4.93457E+02
 -1       867-6.41188E+01-2.35005E+01 5.56194E+01 8.61521E+04 9.38220E+00 4.61798E+02
 -1       868 1.00937E+02 3.55811E+01-2.38359E+01 8.61671E+04 7.88753E+00 5.16408E+02
 -1       869-1.14291E+02-2.90736E+01-2.83577E+01 8.61633E+04-1.36114E+00 5.13482E+02
 -1       870-7.89480E+00-2.65554E+01-4.34361E+01 8.61556E+04-2.26439E+00 5.18830E+02
 -1       871-9.30171E+00-2.09951E+01-1.65677E+01 8.61256E+04-3.88848E+00 5.53109E+02
 -1       872 1.55751E+02 2.15555E+01 4.50833E+01 8.59564E+04 2.24440E+00 5.58584E+02
 -1       873 1.70363E+02 1.92513E+01 3.77494E+01 8.70580E+04-1.83695E+01 6.12971E+02
 -1       874 7.09972E+01-4.89460E+00 2.36531E+01 9.31361E+04-4.69660E+01 1.00113E+03
 -1       875 8.85983E+01 1.78404E+01-1.30956E+01 1.40994E+05-9.12272E+01 2.11242E+03
 -1       876 3.25506E+01 2.94758E+01 6.22163E+01 9.60449E+04-2.28550E+02-1.09206E+01
 -1       877-4.14291E-01 7.29148E+00-4.00036E+00 8.09862E+04-6.14778E+00 3.33711E+01
 -1       878 3.80045E+04-2.37478E+03-1.11008E+03 5.06146E+04-4.96301E+00 4.13869E+01
 -1       879-1.47493E+01-3.01873E+01-1.91216E+01 9.60660E+04 2.47417E+02 1.05983E+01
 -1       880-9.16465E+01-6.79485E-01-1.50027E+01 8.85240E+04-3.95665E+01 4.40398E+01
 -1       881 2.19604E+00 1.07145E+01-6.39256E+00 8.61984E+04 5.72381E+00 2.72655E+01
 -1       882 8.66791E+04 1.20320E+02-4.24458E+02 5.12230E+04 1.26104E+01 8.79476E+01
 -1       883 1.14973E+02-1.48782E+01-1.50637E+01 8.85731E+04 3.56399E+01 5.72247E+01
 -1       884-1.85818E+02-1.21018E+00 1.92887E+01 8.73869E+04-7.02033E+00 7.20614E+01
 -1       885 1.11182E+01 1.07441E+01 2.56688E+01 8.40600E+04 1.84712E+01 8.04502E+01
 -1       886 1.32116E+05 1.96037E+01-3.88311E+01 5.12309E+04 2.24314E+01 9.50085E+01
 -1       887 1.27204E+02-1.76694E+01 1.01011E+01 8.74746E+04-5.13893E+00 7.74383E+01
 -1       888-3.20710E+02 1.51103E+01-3.28858E+00 8.73881E+04 2.59495E+01 9.43022E+01
 -1       889-6.65221E+00-3.06739E+00 7.79639E+00 8.36609E+04 1.87420E+01 9.96898E+01
 -1       890 1.76561E+05 5.96832E+00 7.69161E+00 5.12374E+04 7.53071E+00 1.40279E+02
 -1       891 3.45067E+02-1.11236E+01-2.73205E+01 8.75238E+04-2.92042E+00 8.83894E+01
 -1       892-5.45055E+02 3.99980E+00-1.10920E+01 8.74031E+04 4.01447E+00 1.22063E+02
 -1       893-1.22379E+01-5.27856E+00-1.65323E+01 8.36479E+04 4.68896E+00 1.46071E+02
 -1       894 2.20589E+05 8.59934E+00-4.23888E+00 5.12270E+04 7.14049E+00 1.92485E+02
 -1       895 4.80313E+02 3.20857E+00 2.09123E+01 8.75609E+04 1.33727E+00 1.30239E+02
 -1       896-7.56721E+02 1.51772E+01 1.01212E+01 8.73999E+04-7.02991E+00 1.46900E+02
 -1       897-2.13444E+01 2.34720E+00 1.70861E+01 8.36780E+04-3.44363E+00 1.73198E+02
 -1       898 2.64682E+05-3.29668E+00 1.07296E+01 5.12450E+04 2.10545E+01 2.18651E+02
 -1       899 7.16240E+02-1.12694E+01-1.20457E+01 8.75939E+04-3.21944E-01 1.51109E+02
 -1       900-1.02595E+03 3.74182E+00-2.66679E+01 8.73550E+04-2.02633E+00 1.73588E+02
 -1       901-4.11802E+01-1.92321E+01-3.36128E+01 8.36727E+04-7.08125E+00 2.14795E+02
 -1       902 3.08957E+05 3.82660E+01 1.57756E+01 5.12418E+04 7.29190E+00 2.80113E+02
 -1       903 1.06217E+03-8.64358E+00-2.03663E+01 8.75899E+04 8.38560E+00 2.04176E+02
 -1       904-1.38776E+03 2.50600E+00 2.71024E+01 8.73376E+04 1.39932E+01 1.84439E+02
 -1       905 6.45270E+00-1.42529E+00-2.08199E+00 8.36836E+04-8.09754E+00 2.44183E+02
 -1       906 3.52853E+05-2.14866E+01 1.24455E+01 5.12456E+04 6.34180E-01 2.78199E+02
 -1       907 1.36414E+03-6.72791E+00 3.37885E+01 8.76190E+04-4.71186E+00 2.07684E+02
 -1       908-1.68044E+03 6.45414E+00-2.37197E+00 8.73273E+04 1.17215E+01 2.03787E+02
 -1       909 6.19763E+01 1.48960E+01 3.02668E+01 8.36627E+04 8.59491E+00 2.68773E+02
 -1       910 3.97187E+05 2.23854E+01-4.17794E+00 5.12350E+04-7.85975E+00 3.12294E+02
 -1       911 1.80928E+03 4.57877E-01 5.20735E-01 8.76229E+04-7.79068E+00 2.00038E+02
 -1       912-2.07756E+03-1.50364E+01-3.16401E+01 8.73195E+04 1.85056E+01 2.17471E+02
 -1       913 5.45192E+01-1.49932E+00-2.15238E+01 8.36796E+04 1.39935E+01 2.63879E+02
 -1       914 4.41165E+05-3.14767E+01-6.53753E+00 5.12198E+04 1.62761E+01 3.05906E+02
 -1       915 2.17665E+03 1.82143E+01 1.56129E+01 8.76557E+04-5.10124E+00 2.17613E+02
 -1       916-2.45567E+03-2.72744E+00 1.63525E+01 8.73301E+04-1.02991E+01 2.40925E+02
 -1       917 3.98475E+01-9.36193E-01-3.67908E+00 8.36829E+04 8.22959E+00 3.01997E+02
 -1       918 4.85353E+05-1.27573E+01 7.26812E+00 5.12385E+04 4.36459E+00 3.37405E+02
 -1       919 2.52029E+03-6.70457E+00-5.26850E+00 8.76890E+04 1.90355E+01 2.50688E+02
 -1       920-2.83293E+03 1.83703E+01 2.51242E+01 8.72731E+04-2.81095E+00 2.58209E+02
 -1       921 4.45773E+01-8.39966E+00 1.24039E+01 8.36698E+04-1.34922E+00 3.27305E+02
 -1       922 5.29493E+05 1.05686E+00-1.94455E+01 5.12158E+04-1.32859E+01 3.74387E+02
 -1       923 2.98037E+03-2.68823E+01-1.38429E+01 8.76624E+04 7.96393E+00 2.62294E+02
 -1       924-3.32473E+03 2.14435E+00 3.88492E-01 8.72575E+04 1.13479E+01 2.80001E+02
 -1       925 8.34812E+01 8.31914E+00 1.54758E+01 8.36738E+04 1.33912E+00 3.36176E+02
 -1       926 5.73562E+05-3.59052E+00-3.05929E+00 5.12233E+04 1.03831E+01 3.71667E+02
 -1       927 3.44448E+03-4.66096E-01-1.52531E+00 8.76861E+04-2.11109E+01 2.62453E+02
 -1       928-3.81287E+03 1.10608E+01-7.15439E+00 8.72317E+04 5.40991E+00 2.72293E+02
 -1       929 4.84263E+01 9.27101E+00-5.15992E-01 8.36526E+04 3.35481E+00 3.56556E+02
 -1       930 6.17801E+05 3.13420E+01 3.98720E+00 5.12184E+04 3.01062E+00 3.77505E+02
 -1       931 3.93648E+03 1.22754E+01 2.98153E+00 8.76866E+04 7.59974E+00 2.71119E+02
 -1       932-4.36602E+03-4.13166E+00-5.38673E+00 8.72155E+04-3.81203E+00 2.84215E+02
 -1       933 2.75431E+01 2.10377E-01-6.26443E+00 8.36519E+04 2.53435E+00 3.61883E+02
 -1       934 6.61690E+05-3.18478E+01-1.09282E+01 5.12161E+04 1.23077E+00 3.78763E+02
 -1       935 4.32691E+03-1.38819E+01-4.59241E+00 8.77082E+04 9.29240E+00 2.87104E+02
 -1       936-4.86316E+03-3.67602E+00 7.70816E+00 8.72320E+04-4.07165E+00 2.99764E+02
 -1       937-2.50274E+01-1.35221E+01-1.38879E+01 8.36645E+04 1.42626E+00 3.72076E+02
 -1       938 7.05931E+05 7.26384E+00 1.43785E+01 5.12225E+04 1.79559E+01 4.02340E+02
 -1       939 4.83534E+03-6.21581E+00-1.93121E+01 8.77442E+04-3.77655E+00 2.95838E+02
 -1       940-5.35247E+03 1.29136E+00-9.16794E+00 8.72097E+04-1.43144E+00 2.90029E+02
 -1       941-3.25010E+01-1.75813E+01-1.24163E+01 8.36775E+04 1.12622E+00 3.74668E+02
 -1       942 7.50020E+05 1.16642E+01 2.29189E+01 5.12529E+04 4.63899E+00 3.86720E+02
 -1       943 5.30736E+03-2.08614E+01-8.46182E+00 8.77505E+04 5.88268E+00 3.02076E+02
 -1       944-5.81890E+03 4.16630E+00-1.38167E+01 8.71819E+04 4.00220E+00 3.03786E+02
 -1       945 3.75122E+01 1.56468E+01 1.54447E+01 8.36701E+04 1.01575E+00 3.92483E+02
 -1       946 7.94102E+05-2.79490E+01-2.53269E+01 5.12109E+04 7.46511E+00 4.21357E+02
 -1       947 5.87686E+03-8.44412E+00 1.02835E+01 8.77539E+04-2.02793E+00 3.04549E+02
 -1       948-6.44704E+03-1.20152E+01-2.64543E+01 8.71740E+04 7.54403E+00 3.09574E+02
 -1       949-9.82377E+00-5.54704E+00-1.53199E+01 8.36486E+04-1.84975E+00 4.03844E+02
 -1       950 8.38317E+05 3.62689E-01-9.55920E+00 5.12204E+04-6.38538E-01 4.22746E+02
 -1       951 6.45134E+03-2.61280E+00-7.64914E+00 8.77550E+04-7.11947E+00 3.10136E+02
 -1       952-6.90157E+03 2.25262E+00 3.38328E+01 8.71526E+04 1.02742E+00 3.03194E+02
 -1       953 9.59911E+00-2.02292E+01-8.48215E+00 8.36455E+04-2.02315E+00 4.05981E+02
 -1       954 8.82314E+05-1.39678E+01 9.90625E+00 5.12144E+04 1.17771E+01 4.18536E+02
 -1       955 6.95268E+03-2.43047E+01-5.28622E+00 8.77552E+04 3.09845E-01 3.25540E+02
 -1       956-7.35831E+03 1.64686E+01-3.03803E+00 8.71651E+04-3.02936E+00 3.10017E+02
 -1       957 9.99061E+01-2.67389E+00 2.23356E+00 8.36492E+04 9.59359E+00 4.05710E+02
 -1       958 9.26642E+05 3.02619E+01 1.41639E+01 5.12231E+04 9.12037E+00 4.31827E+02
 -1       959 7.62672E+03 6.98942E+00-3.89276E+00 8.77812E+04 6.84682E+00 3.19703E+02
 -1       960-7.90564E+03 2.38073E+01 3.31445E+01 8.71256E+04 9.95160E+00 3.18665E+02
 -1       961 1.23745E+02 1.87461E+01 1.49998E+01 8.36576E+04 4.99498E+00 4.28296E+02
 -1       962 9.70646E+05-1.33823E+01-5.18317E+00 5.12054E+04-8.51639E+00 4.25550E+02
 -1       963 8.19693E+03 2.17766E+01 4.63355E+01 8.77605E+04 5.48026E+00 3.27632E+02
 -1       964-8.47724E+03-1.23454E+01 1.31104E-01 8.71620E+04-6.65873E+00 3.60838E+02
 -1       965 1.72567E+02 2.13238E+01 3.88652E+01 8.36630E+04-3.92393E+00 4.42413E+02
 -1       966 1.01478E+06-7.07682E+00-5.90194E+00 5.12301E+04 1.57786E+01 4.56146E+02
 -1       967 8.77659E+03 8.75071E+00 2.03814E+00 8.78255E+04-5.25472E+00 3.34891E+02
 -1       968-9.12226E+03-1.18535E+01-3.69049E+01 8.71064E+04-6.56189E+00 3.34534E+02
 -1       969 1.03981E+02-6.33614E+00-2.73892E+01 8.36477E+04 3.13235E+00 4.38197E+02
 -1       970 1.05898E+06 3.39557E+01 8.04119E+00 5.11981E+04 2.62453E+00 4.20826E+02
 -1       971 9.28651E+03 6.70354E+00-2.88368E+01 8.77924E+04 8.27850E+00 3.27076E+02
 -1       972-9.77147E+03 8.13557E+00 4.68671E+01 8.70912E+04 1.30188E+01 3.20032E+02
 -1       973 4.29889E+01-2.82540E-02 1.06110E+01 8.36463E+04 5.20410E+00 4.23503E+02
 -1       974 1.10285E+06-2.01687E+01 2.60802E+00 5.11873E+04-3.10365E+00 4.03219E+02
 -1       975 9.77421E+03 9.40131E+00 2.69600E+01 8.78036E+04 1.99491E+00 3.16224E+02
 -1       976-1.02760E+04 1.83878E+01-2.17493E+00 8.71018E+04 4.45291E+00 3.65814E+02
 -1       977 2.62809E+01-6.47026E-01 5.06932E+00 8.36365E+04 7.32552E+00 4.20239E+02
 -1       978 1.14715E+06 2.64775E+01-7.37071E+00 5.12393E+04 2.91496E-02 4.16954E+02
 -1       979 1.03569E+04-2.03393E+00-3.51864E+01 8.78008E+04-1.14600E+00 3.49314E+02
 -1       980-1.08948E+04-4.52611E-01-1.72132E+01 8.71116E+04-1.23176E+00 3.34601E+02
 -1       981-2.27336E+01 2.84215E+00-3.30027E+01 8.36557E+04-2.15615E-01 4.41969E+02
 -1       982 1.19105E+06-3.45770E+01 3.80794E+00 5.12055E+04 1.12314E+01 4.40812E+02
 -1       983 1.08492E+04-1.56261E+01 1.87397E+00 8.78161E+04 2.78612E+00 3.56288E+02
 -1       984-1.15355E+04-2.69222E+01-4.27651E+01 8.70820E+04-3.83237E+00 3.40965E+02
 -1       985-5.66087E+00-7.05042E-01-8.21526E+00 8.36428E+04 1.66742E-01 4.60862E+02
 -1       986 1.23526E+06 1.18594E+00-2.18086E+01 5.11935E+04-1.53894E+00 4.54153E+02
 -1       987 1.14451E+04-3.10285E+01-3.57355E+01 8.77985E+04-4.97769E+00 3.45787E+02
 -1       988-1.21072E+04-2.59504E+01 4.38494E-01 8.70887E+04 9.30621E-01 3.52995E+02
 -1       989-4.02171E+01-4.24925E+01-4.08568E+01 8.35937E+04-2.23135E+00 4.64451E+02
 -1       990 1.27942E+06 6.10181E+00 3.87123E+01 5.11590E+04-7.76343E+00 4.68951E+02
 -1       991 1.21759E+04 2.69706E+01-4.22245E+00 8.78172E+04 8.75710E+00 3.68260E+02
 -1       992-1.26175E+04-8.15362E+01 2.34672E+01 8.66888E+04-4.08992E+00 3.79376E+02
 -1       993 9.63872E+01 1.45919E+01 2.16656E+01 8.37283E+04-2.67286E+00 4.95258E+02
 -1       994 1.32320E+06-1.20326E+02-2.82345E+02 5.14899E+04-1.01997E+01 4.16665E+02
 -1       995 1.28508E+04 8.83004E+01 2.66823E+01 8.74416E+04-3.77880E+00 3.68378E+02
 -1       996-1.31460E+04-1.97657E+02 4.88711E+01 8.90616E+04-1.74622E+02 3.89855E+02
 -1       997 1.44896E+02 8.60823E+00 3.19873E+01 8.31832E+04-6.04180E+00 5.36794E+02
 -1       998 1.37064E+06 1.01802E+02 2.11791E+03 4.99896E+04-6.21627E+01 4.16942E+02
 -1       999 1.34068E+04 1.97342E+02-1.47460E+01 8.98017E+04 1.51092E+02 3.73937E+02
 -1      1000-1.38305E+04-5.57334E+02-3.40100E+00 9.15867E+04 2.83166E+03 5.75569E+02
 -1      1001 1.09313E+02 3.67536E+00 2.19627E+01 9.07420E+04-2.98445E+01 7.50463E+02
 -1      1002 1.41611E+06-2.76643E+03-1.10322E+04 5.64036E+04-2.00908E+02 4.94135E+02
 -1      1003 1.40437E+04 5.80655E+02 5.93082E+01 9.22805E+04-2.88195E+03 5.85160E+02
 -1      1004-1.52384E+04-2.42281E+03-5.70873E+02 1.48012E+05 7.33215E+03 4.67516E+02
 -1      1005 7.05260E+01 1.20305E+00 3.27439E+00 8.41561E+04-7.08956E+01 1.33954E+03
 -1      1006 1.57387E+06 6.77567E+04 8.00778E+04 2.92256E+04-3.66409E+02 1.20645E+03
 -1      1007 1.53504E+04 2.43856E+03 5.43729E+02 1.48537E+05-7.43945E+03 4.64713E+02
 -1      1008 3.98656E+01-2.85518E-02-2.36371E+01 4.07716E+04-9.05787E+01 1.24146E+03
 -1      1009-3.80953E+04 2.34165E+03 1.12077E+03 5.06270E+04 5.63375E+00 2.77559E+01
 -1      1010-8.65596E+04-9.81534E+01 4.32156E+02 5.12200E+04 2.72360E+01 8.14016E+01
 -1      1011-1.32295E+05-8.20459E+01 9.36697E+00 5.12361E+04 3.31723E+01 1.49752E+02
 -1      1012-1.76465E+05 3.20602E+01-4.55119E+00 5.12387E+04 5.77779E+00 2.06315E+02
 -1      1013-2.20649E+05-9.12741E-01 3.98355E+01 5.12403E+04 1.02474E+01 2.38439E+02
 -1      1014-2.64742E+05-1.74911E+01-1.33501E+01 5.12559E+04 1.46668E+01 2.87079E+02
 -1      1015-3.08785E+05-3.41624E+00-4.58229E+00 5.12186E+04 2.35707E+01 3.71904E+02
 -1      1016-3.53007E+05-1.37141E+01 1.43183E+01 5.12322E+04-1.67009E+01 4.02140E+02
 -1      1017-3.96966E+05 3.38506E+01 1.30840E+01 5.12276E+04 3.27724E+00 4.15128E+02
 -1      1018-4.41144E+05 1.60453E+01 5.17826E+00 5.12272E+04 1.64277E+01 4.40886E+02
 -1      1019-4.85295E+05-1.47867E+01-2.38004E+01 5.12613E+04 1.93840E+01 4.87738E+02
 -1      1020-5.29340E+05 9.98733E+00 3.32449E+01 5.12209E+04 2.50049E+01 5.31723E+02
 -1      1021-5.73493E+05 1.09044E+00 2.22722E+01 5.12335E+04 1.15306E+01 5.58869E+02
 -1      1022-6.17584E+05 1.93368E+01 6.05013E+00 5.12146E+04 1.61653E+01 5.77515E+02
 -1      1023-6.61798E+05 1.26026E-01-1.17203E+01 5.12095E+04-1.05257E+01 5.74063E+02
 -1      1024-7.05912E+05-1.45255E+01-1.18944E+01 5.12231E+04 9.11341E+00 6.09658E+02
 -1      1025-7.49970E+05-3.78647E+00-1.77580E+01 5.12325E+04 8.88100E+00 6.21327E+02
 -1      1026-7.94155E+05 3.89711E-01 3.37141E+00 5.12208E+04-5.23448E+00 6.48674E+02
 -1      1027-8.38192E+05 6.64440E+00 4.23334E+00 5.12271E+04 7.64572E+00 6.59662E+02
 -1      1028-8.82314E+05-1.40287E+01-4.10460E+00 5.12160E+04 7.25468E-01 6.64029E+02
 -1      1029-9.26349E+05-2.75573E+00-7.63220E+00 5.12123E+04 2.29376E+00 6.87487E+02
 -1      1030-9.70477E+05 8.21026E+00 3.16056E+01 5.12166E+04 1.73451E+01 6.92012E+02
 -1      1031-1.01455E+06 1.16548E+01-2.88536E+00 5.12422E+04 1.95856E+01 7.08195E+02
 -1      1032-1.05871E+06-2.07230E+00-4.80669E+00 5.12105E+04-9.36923E+00 7.29091E+02
 -1      1033-1.10293E+06-1.06278E+01-6.95933E+00 5.12058E+04 5.94730E+00 6.86024E+02
 -1      1034-1.14690E+06 3.31899E+01 2.31895E+01 5.12020E+04 1.72757E+01 7.16540E+02
 -1      1035-1.19118E+06-1.10287E+01-6.55827E+00 5.12027E+04-7.49498E-01 7.42223E+02
 -1      1036-1.23522E+06-2.17457E+01-3.96188E+01 5.12087E+04-1.06205E+01 7.58539E+02
 -1      1037-1.27933E+06-5.91211E-01-2.25689E+01 5.11145E+04 1.01113E+01 7.70481E+02
 -1      1038-1.32313E+06 9.81687E+01 2.99652E+02 5.14963E+04 2.13046E+01 7.23087E+02
 -1      1039-1.37032E+06-6.49568E+01-2.10352E+03 4.99882E+04 5.36203E+01 7.35712E+02
 -1      1040-1.41610E+06 2.72660E+03 1.10496E+04 5.64360E+04 1.53747E+02 8.66989E+02
 -1      1041-1.57359E+06-6.77125E+04-8.00805E+04 2.92358E+04 2.46528E+02 1.68602E+03
 -3
    1PSTEP                         3           1           1          
  100CL  101 1.000000000        1041                     0    1           1
 -4  TOSTRAIN    6    1
 -5  EXX         1    4    1    1
 -5  EYY         1    4    2    2
 -5  EZZ         1    4    3    3
 -5  EXY         1    4    1    2
 -5  EYZ         1    4    2    3
 -5  EZX         1    4    3    1
 -1         1 1.19257E-07-2.19245E-07 2.53728E-08 2.00189E-07 4.82752E-09 6.04721E-09
 -1         2-1.18980E-07 2.18488E-07-2.52471E-08 2.00768E-07 5.04542E-09-6.39995E-09
 -1         3-1.33259E-05-6.24224E-11-6.16139E-11 2.12845E-06-1.02568E-12 4.10741E-06
 -1         4 1.30861E-05 6.16405E-11 6.00658E-11 2.04539E-06-8.94043E-13-4.10501E-06
 -1         5-1.30787E-05-6.16212E-11-6.00507E-11 2.04680E-06 9.06250E-13-4.10014E-06
 -1         6 1.33206E-05 6.24129E-11 6.16162E-11 2.13064E-06 1.03871E-12 4.10292E-06
 -1         7-1.19599E-07 2.18769E-07-2.46127E-08 2.00684E-07-5.23163E-09 6.18314E-09
 -1         8 1.18958E-07-2.18906E-07 2.51403E-08 2.00239E-07-4.64191E-09-6.40728E-09
 -1         9-2.23656E-11 4.10280E-10-2.24664E-10 4.43696E-07-3.16658E-08 3.10655E-10
 -1        10-5.51445E-09-1.90715E-07 6.15928E-08 3.28807E-07-1.29051E-08 1.08200E-08
 -1        11 5.25557E-09 1.90747E-07-6.15009E-08 3.29177E-07-1.27783E-08-1.09112E-08
 -1        12-4.39169E-07 1.11900E-07 1.31531E-07 3.28846E-08-1.08256E-10 6.29283E-09
 -1        13-8.53032E-07 2.31703E-07 2.38900E-07 8.21078E-08 6.86353E-10-3.20245E-09
 -1        14-1.26329E-06 3.52102E-07 3.53908E-07 8.98660E-08-3.92832E-11-5.46166E-09
 -1        15-1.68372E-06 4.71558E-07 4.71355E-07 8.98363E-08 2.33328E-10-5.74573E-09
 -1        16-2.10537E-06 5.89352E-07 5.89230E-07 8.99966E-08-3.01781E-11-5.54886E-09
 -1        17-2.52812E-06 7.07501E-07 7.08149E-07 8.95388E-08 5.27876E-11-5.44161E-09
 -1        18-2.95051E-06 8.26011E-07 8.26077E-07 8.94330E-08-1.98133E-10-5.20225E-09
 -1        19-3.37403E-06 9.44738E-07 9.44665E-07 8.89454E-08 2.39795E-10-5.11905E-09
 -1        20-3.79796E-06 1.06333E-06 1.06328E-06 8.92380E-08-1.51531E-11-4.83998E-09
 -1        21-4.22068E-06 1.18201E-06 1.18174E-06 8.91759E-08-4.30292E-11-5.12176E-09
 -1        22-4.64534E-06 1.30024E-06 1.30101E-06 8.92163E-08 9.69575E-11-4.89053E-09
 -1        23-5.06899E-06 1.41907E-06 1.41962E-06 8.87141E-08-1.74259E-10-4.78028E-09
 -1        24-5.49414E-06 1.53852E-06 1.53812E-06 8.84666E-08 2.04446E-10-4.23838E-09
 -1        25-5.91814E-06 1.65721E-06 1.65705E-06 8.83706E-08 4.45465E-11-4.77561E-09
 -1        26-6.34363E-06 1.77601E-06 1.77630E-06 8.84355E-08 5.68216E-11-4.50675E-09
 -1        27-6.76800E-06 1.89492E-06 1.89540E-06 8.83865E-08-4.23917E-12-4.57748E-09
 -1        28-7.19309E-06 2.01404E-06 2.01414E-06 8.81530E-08-6.13738E-11-4.63445E-09
 -1        29-7.61906E-06 2.13317E-06 2.13317E-06 8.81820E-08 2.02802E-10-3.92977E-09
 -1        30-8.04302E-06 2.25203E-06 2.25207E-06 8.82191E-08-5.51346E-11-4.34472E-09
 -1        31-8.46883E-06 2.37114E-06 2.37123E-06 8.83569E-08-1.05509E-10-4.11735E-09
 -1        32-8.89387E-06 2.49023E-06 2.49026E-06 8.83863E-08 1.69079E-11-4.00637E-09
 -1        33-9.31851E-06 2.60921E-06 2.60924E-06 8.79557E-08 6.51781E-11-4.09549E-09
 -1        34-9.74478E-06 2.72834E-06 2.72871E-06 8.80205E-08 1.07072E-10-3.82382E-09
 -1        35-1.01700E-05 2.84767E-06 2.84760E-06 8.74633E-08-6.72222E-11-4.07086E-09
 -1        36-1.05962E-05 2.96695E-06 2.96691E-06 8.77857E-08-3.67559E-11-3.96111E-09
 -1        37-1.10211E-05 3.08590E-06 3.08606E-06 8.80701E-08 1.01396E-10-4.00322E-09
 -1        38-1.14465E-05 3.20505E-06 3.20512E-06 8.73199E-08 3.65225E-11-4.18673E-09
 -1        39-1.18732E-05 3.32406E-06 3.32444E-06 8.74177E-08-1.00500E-10-4.08911E-09
 -1        40-1.22993E-05 3.44470E-06 3.44393E-06 8.83036E-08-2.02682E-10-4.42379E-09
 -1        41-1.27210E-05 3.55734E-06 3.56090E-06 8.71284E-08 1.25003E-09-2.16367E-09
 -1        42-1.31556E-05 3.71324E-06 3.69034E-06 8.84198E-08-3.60031E-09-6.00498E-09
 -1        43-1.34421E-05 3.69027E-06 3.71754E-06 3.39006E-09 9.16815E-09 2.71077E-10
 -1        44-1.39463E-05 4.20459E-06 4.04421E-06-1.20422E-07-1.29950E-07-7.35087E-07
 -1        45-2.78320E-07 8.43041E-08 6.97488E-08 9.17537E-08 7.17724E-09 3.58328E-09
 -1        46-6.52180E-07 1.68617E-07 1.86757E-07 5.47773E-08 1.00634E-09-2.19106E-09
 -1        47-1.05327E-06 2.93091E-07 2.96055E-07 7.14087E-08 4.36341E-10-5.21054E-09
 -1        48-1.47260E-06 4.12025E-07 4.12638E-07 7.41926E-08 1.20626E-10-5.90152E-09
 -1        49-1.89479E-06 5.30506E-07 5.30326E-07 7.46771E-08 1.21905E-10-5.89091E-09
 -1        50-2.31662E-06 6.48487E-07 6.48850E-07 7.43928E-08 3.19977E-11-5.65315E-09
 -1        51-2.73955E-06 7.66748E-07 7.67138E-07 7.41416E-08-8.19930E-11-5.50964E-09
 -1        52-3.16241E-06 8.85308E-07 8.85499E-07 7.37783E-08-2.58933E-11-5.28296E-09
 -1        53-3.58626E-06 1.00406E-06 1.00402E-06 7.39262E-08 1.66690E-10-5.40147E-09
 -1        54-4.00932E-06 1.12281E-06 1.12250E-06 7.38542E-08 6.05006E-11-5.21440E-09
 -1        55-4.43336E-06 1.24122E-06 1.24132E-06 7.37962E-08 3.64316E-11-5.39896E-09
 -1        56-4.85736E-06 1.35963E-06 1.36032E-06 7.35659E-08-1.46340E-10-5.03799E-09
 -1        57-5.28179E-06 1.47875E-06 1.47898E-06 7.32074E-08-8.06831E-11-4.83762E-09
 -1        58-5.70619E-06 1.59797E-06 1.59762E-06 7.32324E-08 1.23994E-10-4.80691E-09
 -1        59-6.13146E-06 1.71674E-06 1.71671E-06 7.30530E-08 1.04058E-10-4.93614E-09
 -1        60-6.55591E-06 1.83556E-06 1.83590E-06 7.30832E-08 9.84213E-11-4.89260E-09
 -1        61-6.98094E-06 1.95455E-06 1.95485E-06 7.28596E-08-7.87761E-11-4.91521E-09
 -1        62-7.40645E-06 2.07360E-06 2.07379E-06 7.28386E-08 4.86864E-11-4.71309E-09
 -1        63-7.83126E-06 2.19270E-06 2.19271E-06 7.29964E-08 6.57994E-11-4.44182E-09
 -1        64-8.25663E-06 2.31174E-06 2.31172E-06 7.28745E-08-4.41916E-11-4.66404E-09
 -1        65-8.68147E-06 2.43077E-06 2.43082E-06 7.29388E-08-1.69044E-11-4.46458E-09
 -1        66-9.10653E-06 2.54983E-06 2.54988E-06 7.28884E-08-4.07006E-11-4.43576E-09
 -1        67-9.53224E-06 2.66889E-06 2.66906E-06 7.27007E-08 1.12686E-10-4.40610E-09
 -1        68-9.95759E-06 2.78815E-06 2.78825E-06 7.24050E-08-1.96714E-11-4.16007E-09
 -1        69-1.03839E-05 2.90746E-06 2.90736E-06 7.22371E-08-3.60168E-11-4.44951E-09
 -1        70-1.08092E-05 3.02655E-06 3.02662E-06 7.26111E-08 6.95154E-11-4.49196E-09
 -1        71-1.12341E-05 3.14559E-06 3.14579E-06 7.23835E-08 3.20114E-11-4.35360E-09
 -1        72-1.16604E-05 3.26475E-06 3.26494E-06 7.20713E-08 6.25084E-12-4.51551E-09
 -1        73-1.20869E-05 3.38453E-06 3.38432E-06 7.21157E-08-1.62760E-10-4.61641E-09
 -1        74-1.25114E-05 3.50111E-06 3.50287E-06 7.36701E-08 4.95685E-10-4.31021E-09
 -1        75-1.29424E-05 3.63314E-06 3.62527E-06 6.64921E-08-1.43041E-09-6.04744E-09
 -1        76-1.33123E-05 3.70838E-06 3.70170E-06 6.88962E-08 4.78659E-09 1.87993E-08
 -1        77-1.36119E-05 4.00957E-06 3.92793E-06-2.40486E-08-5.01070E-08-1.37108E-07
 -1        78-1.37030E-05 2.83273E-06 3.49862E-06 9.51115E-07 2.05607E-07 1.16541E-06
 -1        79-1.22925E-07-4.07110E-13-7.68447E-13-1.89712E-06-1.29421E-12 2.59512E-08
 -1        80 6.23973E-06-6.27063E-11-6.45377E-11-4.29376E-07 2.96857E-12-2.03529E-06
 -1        81-6.47557E-06 6.34822E-11 6.60531E-11-3.92190E-07 3.13330E-12 2.07473E-06
 -1        82 4.39032E-07-1.11733E-07-1.31572E-07 3.32029E-08-3.02641E-11-6.29363E-09
 -1        83 8.51806E-07-2.31288E-07-2.38647E-07 8.24407E-08 7.30537E-10 3.37318E-09
 -1        84 1.25993E-06-3.51388E-07-3.52750E-07 9.02856E-08-2.66039E-10 5.84876E-09
 -1        85 1.67715E-06-4.70092E-07-4.69334E-07 9.03448E-08 6.44122E-11 6.75178E-09
 -1        86 2.09606E-06-5.86636E-07-5.86695E-07 9.05984E-08-1.39957E-10 6.37327E-09
 -1        87 2.51359E-06-7.03677E-07-7.04028E-07 9.03682E-08-7.78995E-11 6.68435E-09
 -1        88 2.93127E-06-8.20519E-07-8.20944E-07 9.04559E-08-2.25003E-10 6.43124E-09
 -1        89 3.34785E-06-9.37516E-07-9.37409E-07 9.00509E-08-1.36774E-10 6.63193E-09
 -1        90 3.76484E-06-1.05408E-06-1.05416E-06 9.02788E-08 1.12745E-10 6.61621E-09
 -1        91 4.18154E-06-1.17066E-06-1.17104E-06 9.03884E-08-3.00193E-10 6.44776E-09
 -1        92 4.59793E-06-1.28726E-06-1.28750E-06 9.02293E-08-1.22405E-11 6.60176E-09
 -1        93 5.01425E-06-1.40404E-06-1.40370E-06 9.01104E-08 1.34169E-10 6.50568E-09
 -1        94 5.42991E-06-1.52038E-06-1.52031E-06 9.03010E-08-1.29463E-10 6.76129E-09
 -1        95 5.84525E-06-1.63652E-06-1.63684E-06 9.00574E-08 4.80710E-11 6.65727E-09
 -1        96 6.26112E-06-1.75307E-06-1.75324E-06 9.02077E-08 3.15319E-11 6.52281E-09
 -1        97 6.67529E-06-1.86915E-06-1.86924E-06 9.01342E-08-7.41218E-11 6.94039E-09
 -1        98 7.09185E-06-1.98553E-06-1.98573E-06 8.97715E-08-1.07918E-10 6.42071E-09
 -1        99 7.50658E-06-2.10195E-06-2.10178E-06 8.97167E-08 1.23701E-10 6.64321E-09
 -1       100 7.92206E-06-2.21815E-06-2.21811E-06 8.99018E-08 1.26372E-10 6.48540E-09
 -1       101 8.33683E-06-2.33416E-06-2.33442E-06 8.98259E-08-7.46507E-11 6.53645E-09
 -1       102 8.75162E-06-2.45040E-06-2.45059E-06 8.97662E-08-1.32226E-11 6.52058E-09
 -1       103 9.16698E-06-2.56688E-06-2.56652E-06 8.98107E-08-5.32825E-12 6.24660E-09
 -1       104 9.58068E-06-2.68253E-06-2.68276E-06 8.99259E-08-1.39999E-10 6.96778E-09
 -1       105 9.99592E-06-2.79859E-06-2.79907E-06 8.94864E-08 6.93109E-11 6.60440E-09
 -1       106 1.04109E-05-2.91523E-06-2.91476E-06 8.94844E-08 1.30043E-10 6.25359E-09
 -1       107 1.08246E-05-3.03098E-06-3.03093E-06 8.96481E-08-7.87762E-11 6.53600E-09
 -1       108 1.12396E-05-3.14699E-06-3.14733E-06 8.95535E-08-1.53206E-10 6.84957E-09
 -1       109 1.16544E-05-3.26284E-06-3.26315E-06 8.95249E-08 9.88766E-11 6.37125E-09
 -1       110 1.20690E-05-3.38050E-06-3.37945E-06 9.01475E-08-5.63526E-11 6.43041E-09
 -1       111 1.24786E-05-3.48981E-06-3.49357E-06 8.79337E-08 1.09887E-09 4.81925E-09
 -1       112 1.29038E-05-3.64317E-06-3.61874E-06 8.77595E-08-3.73282E-09 8.09459E-09
 -1       113 1.31849E-05-3.62044E-06-3.64772E-06 1.85443E-09 8.11284E-09-2.09636E-09
 -1       114 1.36690E-05-4.12771E-06-3.95811E-06-1.29051E-07-1.30218E-07 7.21876E-07
 -1       115 2.78481E-07-8.46692E-08-6.94294E-08 9.16546E-08 7.05849E-09-3.78256E-09
 -1       116 6.51343E-07-1.68374E-07-1.86537E-07 5.50595E-08 1.18556E-09 2.39047E-09
 -1       117 1.05105E-06-2.92484E-07-2.95313E-07 7.17571E-08 2.74262E-10 5.18236E-09
 -1       118 1.46754E-06-4.10996E-07-4.11134E-07 7.48096E-08-1.80150E-11 6.34412E-09
 -1       119 1.88707E-06-5.28441E-07-5.28109E-07 7.51680E-08 7.19081E-12 6.43430E-09
 -1       120 2.30462E-06-6.45290E-07-6.45419E-07 7.51244E-08-9.90832E-11 6.44980E-09
 -1       121 2.72272E-06-7.62156E-07-7.62510E-07 7.49789E-08-1.56834E-10 6.34627E-09
 -1       122 3.13950E-06-8.79003E-07-8.79200E-07 7.49037E-08-1.98889E-10 6.21382E-09
 -1       123 3.55673E-06-9.95842E-07-9.95815E-07 7.49529E-08 6.15059E-11 6.50821E-09
 -1       124 3.97334E-06-1.11249E-06-1.11248E-06 7.49521E-08-3.12336E-11 6.29592E-09
 -1       125 4.38985E-06-1.22904E-06-1.22941E-06 7.48875E-08-1.55945E-10 6.26106E-09
 -1       126 4.80641E-06-1.34565E-06-1.34568E-06 7.47753E-08-4.02464E-11 6.31416E-09
 -1       127 5.22223E-06-1.46224E-06-1.46202E-06 7.49328E-08-1.37345E-11 6.30344E-09
 -1       128 5.63786E-06-1.57853E-06-1.57864E-06 7.49538E-08 1.24626E-11 6.45251E-09
 -1       129 6.05343E-06-1.69497E-06-1.69496E-06 7.47105E-08 1.15571E-10 6.28361E-09
 -1       130 6.46837E-06-1.81124E-06-1.81125E-06 7.48391E-08 2.65284E-11 6.21219E-09
 -1       131 6.88407E-06-1.92737E-06-1.92762E-06 7.45142E-08-2.03559E-10 6.35501E-09
 -1       132 7.29951E-06-2.04373E-06-2.04397E-06 7.44578E-08 2.01783E-11 6.26817E-09
 -1       133 7.71471E-06-2.16016E-06-2.16002E-06 7.44815E-08 1.89565E-10 6.30073E-09
 -1       134 8.12963E-06-2.27629E-06-2.27631E-06 7.45402E-08-7.07116E-12 6.11392E-09
 -1       135 8.54463E-06-2.39236E-06-2.39256E-06 7.44774E-08-9.79914E-11 6.06414E-09
 -1       136 8.95983E-06-2.50877E-06-2.50869E-06 7.43880E-08-2.06575E-11 5.95747E-09
 -1       137 9.37423E-06-2.62486E-06-2.62476E-06 7.46315E-08-2.97800E-11 6.20990E-09
 -1       138 9.78876E-06-2.74070E-06-2.74103E-06 7.43503E-08-1.92940E-11 6.47937E-09
 -1       139 1.02038E-05-2.85700E-06-2.85702E-06 7.40463E-08 8.60115E-11 6.03059E-09
 -1       140 1.06182E-05-2.97329E-06-2.97285E-06 7.43346E-08 1.73066E-11 5.95075E-09
 -1       141 1.10327E-05-3.08914E-06-3.08936E-06 7.42283E-08-7.94553E-11 6.29282E-09
 -1       142 1.14475E-05-3.20504E-06-3.20544E-06 7.42111E-08 1.10400E-11 6.36482E-09
 -1       143 1.18622E-05-3.32180E-06-3.32137E-06 7.41315E-08-7.63108E-11 5.83577E-09
 -1       144 1.22749E-05-3.43519E-06-3.43681E-06 7.50471E-08 5.27200E-10 5.76984E-09
 -1       145 1.26957E-05-3.56410E-06-3.55597E-06 6.65102E-08-1.68019E-09 7.65860E-09
 -1       146 1.30581E-05-3.63775E-06-3.63078E-06 6.69778E-08 3.97767E-09-1.86264E-08
 -1       147 1.33468E-05-3.93397E-06-3.84923E-06-2.88823E-08-5.14966E-08 1.33230E-07
 -1       148 1.34418E-05-2.78396E-06-3.42960E-06 9.06234E-07 1.96651E-07-1.17282E-06
 -1       149-1.11656E-05-6.18924E-11-6.11382E-11 2.86586E-06-5.95739E-14-2.65268E-08
 -1       150-1.21311E-05 5.87986E-11 6.50264E-11 2.61663E-06 2.43439E-12 2.01677E-06
 -1       151-1.20061E-05 5.79797E-11 6.33801E-11 2.57490E-06-2.25223E-12-2.04504E-06
 -1       152 1.23462E-07 4.11548E-13 7.76389E-13-1.89271E-06 1.30749E-12 2.62945E-08
 -1       153 6.47119E-06-6.34700E-11-6.60539E-11-3.88799E-07-3.14955E-12 2.07258E-06
 -1       154-6.23362E-06 6.26836E-11 6.45197E-11-4.26325E-07-2.98381E-12-2.03265E-06
 -1       155 1.11659E-05 6.18975E-11 6.11472E-11 2.86609E-06 7.44188E-14-3.05874E-08
 -1       156 1.20086E-05-5.80015E-11-6.33984E-11 2.57427E-06 2.23813E-12-2.04943E-06
 -1       157 1.21300E-05-5.87869E-11-6.50262E-11 2.61790E-06-2.44966E-12 2.01262E-06
 -1       158-1.36655E-05 4.12622E-06 3.95695E-06-1.25615E-07 1.30438E-07 7.23833E-07
 -1       159-1.31829E-05 3.61993E-06 3.64735E-06 4.79998E-09-8.09299E-09 5.05264E-10
 -1       160-1.29035E-05 3.64334E-06 3.61847E-06 9.12789E-08 3.74753E-09 1.07732E-08
 -1       161-1.24783E-05 3.48990E-06 3.49327E-06 9.10997E-08-1.26831E-09 7.19748E-09
 -1       162-1.20682E-05 3.38018E-06 3.37950E-06 9.35714E-08 1.61503E-10 8.96180E-09
 -1       163-1.16539E-05 3.26267E-06 3.26313E-06 9.27825E-08 1.99383E-10 8.56374E-09
 -1       164-1.12400E-05 3.14737E-06 3.14705E-06 9.28969E-08-6.78450E-11 9.08299E-09
 -1       165-1.08248E-05 3.03096E-06 3.03090E-06 9.24443E-08-2.16614E-11 8.62515E-09
 -1       166-1.04105E-05 2.91460E-06 2.91507E-06 9.23149E-08-1.43601E-10 8.97696E-09
 -1       167-9.99436E-06 2.79863E-06 2.79840E-06 9.27616E-08 3.25015E-10 8.73684E-09
 -1       168-9.58116E-06 2.68293E-06 2.68235E-06 9.26699E-08-3.93697E-12 8.87545E-09
 -1       169-9.16551E-06 2.56652E-06 2.56649E-06 9.26339E-08-2.02877E-10 8.44838E-09
 -1       170-8.75119E-06 2.45032E-06 2.45039E-06 9.27305E-08 1.29640E-10 8.47303E-09
 -1       171-8.33632E-06 2.33421E-06 2.33402E-06 9.27034E-08 9.96311E-11 8.50069E-09
 -1       172-7.92186E-06 2.21822E-06 2.21816E-06 9.24686E-08-7.65385E-12 8.32893E-09
 -1       173-7.50673E-06 2.10194E-06 2.10198E-06 9.25455E-08-1.07817E-10 8.43771E-09
 -1       174-7.09211E-06 1.98566E-06 1.98571E-06 9.21729E-08 1.23451E-10 8.55741E-09
 -1       175-6.67638E-06 1.86952E-06 1.86929E-06 9.20027E-08-9.20951E-11 8.43386E-09
 -1       176-6.26015E-06 1.75276E-06 1.75288E-06 9.20211E-08 8.86927E-11 8.21925E-09
 -1       177-5.84546E-06 1.63669E-06 1.63679E-06 9.23751E-08 1.72749E-10 8.20102E-09
 -1       178-5.42928E-06 1.52074E-06 1.52005E-06 9.23124E-08-1.59192E-10 7.74570E-09
 -1       179-5.01435E-06 1.40433E-06 1.40365E-06 9.21145E-08-1.08252E-10 7.91467E-09
 -1       180-4.59833E-06 1.28731E-06 1.28759E-06 9.14333E-08 2.41426E-10 7.74596E-09
 -1       181-4.18096E-06 1.17069E-06 1.17072E-06 9.15733E-08 4.64960E-11 7.73053E-09
 -1       182-3.76493E-06 1.05411E-06 1.05414E-06 9.16532E-08 8.02090E-11 7.66217E-09
 -1       183-3.34758E-06 9.37470E-07 9.37394E-07 9.18537E-08 1.51106E-10 7.48968E-09
 -1       184-2.93169E-06 8.21242E-07 8.20559E-07 9.16776E-08 2.90173E-10 7.33107E-09
 -1       185-2.51473E-06 7.04126E-07 7.03986E-07 9.10602E-08 1.74972E-10 7.33630E-09
 -1       186-2.09548E-06 5.86788E-07 5.86839E-07 9.09810E-08-3.64435E-11 6.86717E-09
 -1       187-1.67828E-06 4.70113E-07 4.69663E-07 9.11140E-08 5.70816E-11 7.35552E-09
 -1       188-1.26005E-06 3.51749E-07 3.52748E-07 9.11194E-08 1.81950E-10 6.07968E-09
 -1       189-8.52995E-07 2.31867E-07 2.38466E-07 8.22391E-08-7.42188E-10 3.83525E-09
 -1       190-4.39100E-07 1.12388E-07 1.31357E-07 3.26959E-08 3.97671E-12-6.45131E-09
 -1       191-1.34361E-05 2.78254E-06 3.42864E-06 9.08763E-07-1.96376E-07-1.16979E-06
 -1       192-1.33446E-05 3.93309E-06 3.84817E-06-2.56724E-08 5.15254E-08 1.35528E-07
 -1       193-1.30569E-05 3.63757E-06 3.63051E-06 7.04299E-08-3.92073E-09-1.60717E-08
 -1       194-1.26950E-05 3.56430E-06 3.55553E-06 6.97493E-08 1.54600E-09 1.00760E-08
 -1       195-1.22744E-05 3.43505E-06 3.43668E-06 7.82926E-08-5.12097E-10 8.38680E-09
 -1       196-1.18620E-05 3.32161E-06 3.32138E-06 7.74683E-08 1.79868E-10 8.24474E-09
 -1       197-1.14474E-05 3.20510E-06 3.20541E-06 7.77426E-08 1.11330E-10 8.35341E-09
 -1       198-1.10327E-05 3.08931E-06 3.08908E-06 7.72036E-08-2.88785E-11 8.42279E-09
 -1       199-1.06182E-05 2.97289E-06 2.97310E-06 7.69995E-08-1.16622E-10 8.31832E-09
 -1       200-1.02028E-05 2.85676E-06 2.85686E-06 7.71684E-08 7.51293E-11 8.68160E-09
 -1       201-9.78848E-06 2.74095E-06 2.74056E-06 7.75258E-08 1.64748E-10 8.37913E-09
 -1       202-9.37343E-06 2.62483E-06 2.62454E-06 7.72400E-08-1.61028E-10 8.22643E-09
 -1       203-8.95891E-06 2.50859E-06 2.50851E-06 7.72950E-08-4.85805E-12 8.02809E-09
 -1       204-8.54431E-06 2.39237E-06 2.39231E-06 7.74069E-08 1.07433E-10 8.17273E-09
 -1       205-8.12931E-06 2.27634E-06 2.27618E-06 7.73371E-08-9.19248E-12 8.04222E-09
 -1       206-7.71450E-06 2.16011E-06 2.16021E-06 7.71190E-08-1.44546E-11 8.01284E-09
 -1       207-7.29988E-06 2.04385E-06 2.04398E-06 7.70524E-08 6.40912E-12 8.18611E-09
 -1       208-6.88449E-06 1.92767E-06 1.92765E-06 7.67826E-08 6.54214E-11 8.11838E-09
 -1       209-6.46871E-06 1.81126E-06 1.81118E-06 7.64953E-08-3.32734E-11 7.99926E-09
 -1       210-6.05297E-06 1.69485E-06 1.69501E-06 7.68980E-08 8.18413E-12 7.92621E-09
 -1       211-5.63746E-06 1.57886E-06 1.57849E-06 7.70266E-08-7.42547E-11 7.59930E-09
 -1       212-5.22233E-06 1.46257E-06 1.46190E-06 7.69056E-08-7.50922E-11 7.44417E-09
 -1       213-4.80641E-06 1.34595E-06 1.34559E-06 7.63868E-08 4.73667E-11 7.57417E-09
 -1       214-4.39005E-06 1.22904E-06 1.22922E-06 7.62471E-08 1.54712E-10 7.57652E-09
 -1       215-3.97307E-06 1.11249E-06 1.11256E-06 7.62731E-08-2.93230E-11 7.42512E-09
 -1       216-3.55620E-06 9.95906E-07 9.95906E-07 7.63588E-08 1.91772E-11 7.35681E-09
 -1       217-3.14001E-06 8.79341E-07 8.79097E-07 7.65787E-08 1.95544E-10 7.30192E-09
 -1       218-2.72333E-06 7.62750E-07 7.62285E-07 7.58885E-08 1.65138E-10 6.95438E-09
 -1       219-2.30510E-06 6.45622E-07 6.45353E-07 7.56376E-08-2.00805E-11 6.96538E-09
 -1       220-1.88695E-06 5.28571E-07 5.28206E-07 7.57735E-08-5.27709E-11 6.88596E-09
 -1       221-1.46807E-06 4.11256E-07 4.11153E-07 7.55698E-08 8.49441E-11 7.11324E-09
 -1       222-1.05216E-06 2.93127E-07 2.95379E-07 7.21901E-08-3.79314E-10 5.55432E-09
 -1       223-6.51729E-07 1.69025E-07 1.86488E-07 5.46802E-08-1.10462E-09 2.34218E-09
 -1       224-2.78740E-07 8.45696E-08 6.96950E-08 9.15882E-08-7.09319E-09-3.80475E-09
 -1       225 3.16046E-11 2.10577E-10 1.08315E-10 4.43373E-07 3.13136E-08 1.54810E-10
 -1       226-5.34898E-09-1.90617E-07 6.12794E-08 3.28758E-07 1.28972E-08-1.07893E-08
 -1       227 4.98338E-09 1.90759E-07-6.15514E-08 3.28986E-07 1.24404E-08 1.11859E-08
 -1       228 1.39437E-05-4.20362E-06-4.04343E-06-1.17184E-07 1.30137E-07-7.37083E-07
 -1       229 1.34431E-05-3.69035E-06-3.71764E-06 6.69707E-09-9.06563E-09-2.34608E-09
 -1       230 1.31557E-05-3.71331E-06-3.69020E-06 9.11386E-08 3.58819E-09-8.91591E-09
 -1       231 1.27210E-05-3.55763E-06-3.56086E-06 9.03272E-08-1.13634E-09-4.94384E-09
 -1       232 1.23002E-05-3.44506E-06-3.44435E-06 9.12560E-08 9.84270E-11-6.39654E-09
 -1       233 1.18727E-05-3.32412E-06-3.32425E-06 9.05453E-08 1.41223E-10-6.33054E-09
 -1       234 1.14471E-05-3.20517E-06-3.20548E-06 9.13225E-08-5.15825E-11-6.10460E-09
 -1       235 1.10210E-05-3.08589E-06-3.08613E-06 9.12748E-08-8.63620E-11-5.53877E-09
 -1       236 1.05975E-05-2.96739E-06-2.96668E-06 9.13285E-08-3.57312E-11-6.57148E-09
 -1       237 1.01714E-05-2.84776E-06-2.84816E-06 9.04936E-08 1.04878E-10-6.46141E-09
 -1       238 9.74581E-06-2.72895E-06-2.72886E-06 9.08543E-08-1.26652E-10-6.28108E-09
 -1       239 9.31955E-06-2.60959E-06-2.60947E-06 9.07209E-08 5.54609E-11-5.84736E-09
 -1       240 8.89493E-06-2.49040E-06-2.49057E-06 9.06887E-08-1.48979E-11-6.26056E-09
 -1       241 8.46946E-06-2.37164E-06-2.37124E-06 9.08958E-08 8.43191E-11-6.32287E-09
 -1       242 8.04406E-06-2.25236E-06-2.25229E-06 9.02041E-08-7.67221E-11-6.17127E-09
 -1       243 7.61855E-06-2.13303E-06-2.13335E-06 9.06148E-08-6.55251E-11-6.24784E-09
 -1       244 7.19307E-06-2.01410E-06-2.01427E-06 9.07575E-08 1.87478E-10-5.79619E-09
 -1       245 6.76896E-06-1.89562E-06-1.89502E-06 9.08300E-08-1.57156E-10-6.21790E-09
 -1       246 6.34347E-06-1.77611E-06-1.77622E-06 9.05648E-08 1.56657E-10-5.97760E-09
 -1       247 5.91924E-06-1.65719E-06-1.65751E-06 9.05043E-08-6.78858E-11-5.91910E-09
 -1       248 5.49497E-06-1.53884E-06-1.53848E-06 9.04898E-08-1.75055E-10-6.10505E-09
 -1       249 5.06972E-06-1.41969E-06-1.41950E-06 9.03698E-08-1.17834E-10-5.95575E-09
 -1       250 4.64605E-06-1.30078E-06-1.30074E-06 9.04864E-08 7.75185E-11-6.00576E-09
 -1       251 4.22177E-06-1.18209E-06-1.18199E-06 9.04455E-08 4.83300E-11-6.14344E-09
 -1       252 3.79793E-06-1.06341E-06-1.06347E-06 9.02722E-08-1.90382E-10-5.92829E-09
 -1       253 3.37473E-06-9.44965E-07-9.44954E-07 9.03657E-08-3.74889E-11-6.03306E-09
 -1       254 2.95093E-06-8.26278E-07-8.26442E-07 9.03156E-08 6.09113E-12-5.79326E-09
 -1       255 2.52863E-06-7.07984E-07-7.07817E-07 9.04219E-08-1.21225E-10-6.20816E-09
 -1       256 2.10546E-06-5.89537E-07-5.89416E-07 9.02877E-08-1.33337E-10-6.24427E-09
 -1       257 1.68344E-06-4.71704E-07-4.71622E-07 9.06258E-08-2.56434E-10-6.30742E-09
 -1       258 1.26413E-06-3.52708E-07-3.53452E-07 9.04121E-08 4.45746E-10-5.91818E-09
 -1       259 8.53704E-07-2.31573E-07-2.39017E-07 8.18393E-08-5.20806E-10-3.48647E-09
 -1       260 4.39391E-07-1.12127E-07-1.31393E-07 3.27402E-08-2.81703E-10 6.24344E-09
 -1       261 1.36989E-05-2.83172E-06-3.49788E-06 9.53879E-07-2.05395E-07 1.16246E-06
 -1       262 1.36111E-05-4.00917E-06-3.92744E-06-2.05681E-08 5.02401E-08-1.39348E-07
 -1       263 1.33131E-05-3.70846E-06-3.70176E-06 7.18159E-08-4.73867E-09 1.60265E-08
 -1       264 1.29426E-05-3.63333E-06-3.62529E-06 6.94439E-08 1.51541E-09-8.88364E-09
 -1       265 1.25117E-05-3.50149E-06-3.50300E-06 7.68006E-08-5.97295E-10-6.53107E-09
 -1       266 1.20874E-05-3.38472E-06-3.38442E-06 7.52299E-08 2.24418E-10-6.74332E-09
 -1       267 1.16602E-05-3.26478E-06-3.26511E-06 7.55510E-08 2.24061E-11-6.51784E-09
 -1       268 1.12343E-05-3.14576E-06-3.14582E-06 7.59658E-08-1.96496E-10-6.26936E-09
 -1       269 1.08101E-05-3.02665E-06-3.02667E-06 7.61963E-08 4.69386E-11-6.43694E-09
 -1       270 1.03849E-05-2.90775E-06-2.90748E-06 7.53825E-08 1.28110E-12-6.80231E-09
 -1       271 9.95884E-06-2.78850E-06-2.78880E-06 7.54497E-08 2.42446E-11-6.77927E-09
 -1       272 9.53301E-06-2.66940E-06-2.66917E-06 7.53309E-08-7.46535E-11-6.50986E-09
 -1       273 9.10795E-06-2.55012E-06-2.55020E-06 7.54241E-08 1.32647E-11-6.39312E-09
 -1       274 8.68244E-06-2.43107E-06-2.43112E-06 7.55147E-08 1.16841E-10-6.66953E-09
 -1       275 8.25719E-06-2.31216E-06-2.31176E-06 7.51346E-08 1.14176E-11-6.50609E-09
 -1       276 7.83148E-06-2.19274E-06-2.19293E-06 7.50475E-08-9.91042E-11-6.61983E-09
 -1       277 7.40618E-06-2.07365E-06-2.07381E-06 7.53423E-08-2.30108E-11-6.59019E-09
 -1       278 6.98150E-06-1.95492E-06-1.95497E-06 7.55916E-08 1.13395E-10-6.39106E-09
 -1       279 6.55637E-06-1.83598E-06-1.83574E-06 7.52165E-08-5.83075E-11-6.41161E-09
 -1       280 6.13181E-06-1.71675E-06-1.71699E-06 7.51529E-08-8.36504E-12-6.09165E-09
 -1       281 5.70728E-06-1.59808E-06-1.59807E-06 7.53741E-08-1.49834E-10-6.40243E-09
 -1       282 5.28265E-06-1.47928E-06-1.47901E-06 7.49892E-08-9.33205E-11-6.27417E-09
 -1       283 4.85798E-06-1.36029E-06-1.36016E-06 7.50592E-08 1.56490E-11-6.26180E-09
 -1       284 4.43412E-06-1.24147E-06-1.24132E-06 7.51551E-08 1.20689E-10-6.46542E-09
 -1       285 4.01003E-06-1.12283E-06-1.12293E-06 7.49688E-08-7.26929E-11-6.28123E-09
 -1       286 3.58635E-06-1.00428E-06-1.00427E-06 7.50297E-08-1.49866E-10-6.29771E-09
 -1       287 3.16312E-06-8.85611E-07-8.85739E-07 7.49573E-08 6.92056E-12-6.18729E-09
 -1       288 2.73987E-06-7.67113E-07-7.67249E-07 7.50797E-08-4.37170E-11-6.27184E-09
 -1       289 2.31721E-06-6.48815E-07-6.48620E-07 7.49221E-08-9.78023E-11-6.40009E-09
 -1       290 1.89459E-06-5.30707E-07-5.30514E-07 7.50459E-08-2.25161E-10-6.33187E-09
 -1       291 1.47286E-06-4.12514E-07-4.12484E-07 7.50625E-08-4.66988E-11-6.58879E-09
 -1       292 1.05407E-06-2.93439E-07-2.96064E-07 7.15044E-08-2.47593E-10-5.43656E-09
 -1       293 6.52554E-07-1.68696E-07-1.86870E-07 5.46290E-08-1.17270E-09-2.35096E-09
 -1       294 2.78455E-07-8.45903E-08-6.97067E-08 9.13669E-08-7.22247E-09 3.49649E-09
 -1       295-1.40697E-07 2.40689E-07-1.35039E-08 1.98608E-07-1.80823E-10-7.29309E-11
 -1       296-1.39887E-07 2.40241E-07-1.88812E-08 1.93520E-07-5.17157E-09 1.00106E-08
 -1       297-1.39915E-07 2.39952E-07-1.95500E-08 1.93329E-07 4.88021E-09-1.01937E-08
 -1       298 1.40646E-07-2.40367E-07 1.33140E-08 1.99057E-07-2.03203E-10 1.29894E-10
 -1       299 1.39934E-07-2.40179E-07 1.92664E-08 1.93515E-07-5.06552E-09-1.01950E-08
 -1       300 1.39942E-07-2.40273E-07 1.93015E-08 1.93458E-07 4.98275E-09 1.01339E-08
 -1       301 1.95827E-10-9.26387E-11 2.68600E-10 6.15532E-07-1.28679E-09-3.00240E-10
 -1       302-1.12342E-09 1.96282E-10 3.39803E-10 5.60462E-07-8.02070E-10 1.73577E-10
 -1       303-1.34121E-09 4.56175E-10 4.02852E-10 5.52507E-07-1.20780E-10 2.61362E-10
 -1       304-3.19944E-09 1.05055E-09 8.73959E-10 5.52330E-07 1.73144E-10 1.74753E-10
 -1       305-4.85820E-09 1.43042E-09 1.32393E-09 5.52480E-07 2.46580E-11 2.23658E-10
 -1       306-7.05409E-09 2.08736E-09 1.84148E-09 5.52117E-07-1.58905E-10 3.99209E-10
 -1       307-1.00462E-08 2.76883E-09 2.75670E-09 5.51836E-07 2.60700E-10 4.60685E-10
 -1       308-1.29671E-08 3.74523E-09 3.67609E-09 5.51615E-07 1.80670E-10 6.14989E-10
 -1       309-1.63548E-08 4.61684E-09 4.65652E-09 5.51523E-07 4.75072E-12 5.74775E-10
 -1       310-1.98333E-08 5.50179E-09 5.59452E-09 5.51323E-07 5.21068E-11 5.24957E-10
 -1       311-2.34738E-08 6.50816E-09 6.64535E-09 5.51142E-07-1.19617E-10 6.03297E-10
 -1       312-2.74700E-08 7.68496E-09 7.66783E-09 5.50779E-07-9.23006E-12 6.36739E-10
 -1       313-3.20510E-08 8.94334E-09 8.91312E-09 5.50565E-07 3.77131E-11 7.46246E-10
 -1       314-3.65461E-08 1.03395E-08 1.01944E-08 5.50328E-07 2.38842E-11 6.66218E-10
 -1       315-4.14868E-08 1.16426E-08 1.16481E-08 5.50017E-07-6.07604E-11 6.83316E-10
 -1       316-4.61481E-08 1.29054E-08 1.29418E-08 5.50102E-07 1.25064E-11 8.34142E-10
 -1       317-5.07969E-08 1.42929E-08 1.42163E-08 5.49876E-07 6.34761E-11 8.27034E-10
 -1       318-5.55709E-08 1.56158E-08 1.54558E-08 5.49697E-07-7.58760E-11 6.76586E-10
 -1       319-6.14455E-08 1.71614E-08 1.70789E-08 5.49554E-07 4.85598E-11 9.96920E-10
 -1       320-6.57347E-08 1.84904E-08 1.85224E-08 5.49311E-07 7.35070E-11 8.78250E-10
 -1       321-7.07974E-08 1.98838E-08 1.99045E-08 5.49337E-07-6.56447E-11 6.78812E-10
 -1       322-7.59508E-08 2.13030E-08 2.13083E-08 5.49100E-07 6.96904E-11 8.09390E-10
 -1       323-8.15629E-08 2.26944E-08 2.28196E-08 5.49133E-07-9.00280E-11 9.36902E-10
 -1       324-8.72583E-08 2.44264E-08 2.44342E-08 5.48740E-07-4.64432E-11 6.98215E-10
 -1       325-9.29755E-08 2.60664E-08 2.60235E-08 5.48577E-07 5.91024E-11 8.12084E-10
 -1       326-9.83890E-08 2.74740E-08 2.75681E-08 5.48674E-07 3.40719E-11 1.10030E-09
 -1       327-1.03154E-07 2.90609E-08 2.89311E-08 5.48678E-07-8.54505E-11 8.56126E-10
 -1       328-1.09796E-07 3.06923E-08 3.05825E-08 5.48478E-07 9.90123E-11 8.57111E-10
 -1       329-1.15288E-07 3.20604E-08 3.23907E-08 5.48306E-07-3.59304E-10 1.08142E-09
 -1       330-1.20433E-07 3.29392E-08 3.39294E-08 5.46532E-07 1.55467E-09 1.12386E-09
 -1       331-1.24844E-07 3.31217E-08 3.64116E-08 5.62047E-07-7.02651E-09 8.62150E-10
 -1       332-1.28286E-07 3.14408E-08 3.64867E-08 5.88430E-07 3.90074E-08-3.51974E-10
 -1       333-1.38616E-07 1.79936E-08 4.98246E-08 7.80044E-07-2.90921E-08-5.40264E-09
 -1       334 1.73113E-07-5.13227E-08-5.51693E-08 3.33997E-07 3.08247E-10 1.65349E-09
 -1       335 1.00526E-10 1.23858E-10-1.61417E-10 5.33440E-07-7.32801E-09-7.69359E-11
 -1       336 4.10077E-07-1.11907E-07-1.16475E-07 3.33772E-07-4.18663E-11 7.78683E-10
 -1       337-3.95521E-10 2.75548E-11 2.65177E-10 5.57460E-07-9.88216E-10-2.91401E-11
 -1       338 6.28187E-07-1.75437E-07-1.76313E-07 3.33797E-07-2.35574E-11 7.26002E-10
 -1       339-1.29026E-09 3.47642E-10 3.54261E-10 5.40539E-07-6.10861E-10 2.09770E-10
 -1       340 8.37212E-07-2.34490E-07-2.34212E-07 3.33976E-07 2.72028E-11 4.07059E-10
 -1       341-2.34842E-09 7.23018E-10 6.03907E-10 5.37078E-07 5.09330E-12 7.38731E-11
 -1       342 1.04570E-06-2.92651E-07-2.92650E-07 3.34111E-07 5.94836E-12 3.48723E-10
 -1       343-4.01037E-09 1.22760E-09 1.03222E-09 5.37051E-07 6.85240E-11 8.84455E-11
 -1       344 1.25333E-06-3.50780E-07-3.51112E-07 3.33880E-07 2.14384E-11 5.15856E-10
 -1       345-5.97893E-09 1.72235E-09 1.49740E-09 5.36985E-07-1.34910E-10 6.75113E-11
 -1       346 1.46068E-06-4.08774E-07-4.08975E-07 3.33820E-07 8.37820E-11 5.33669E-10
 -1       347-8.47414E-09 2.39525E-09 2.15968E-09 5.36658E-07 9.63071E-11 2.49924E-10
 -1       348 1.66753E-06-4.66882E-07-4.67042E-07 3.33541E-07 5.87833E-11 6.42684E-10
 -1       349-1.15156E-08 3.23128E-09 3.20400E-09 5.36460E-07 2.36186E-10 2.78101E-10
 -1       350 1.87427E-06-5.24710E-07-5.24719E-07 3.33587E-07-3.21388E-12 5.42789E-10
 -1       351-1.46547E-08 4.17285E-09 4.09245E-09 5.36183E-07 1.14543E-10 4.45490E-10
 -1       352 2.08097E-06-5.82536E-07-5.82678E-07 3.33489E-07-1.09436E-10 6.07949E-10
 -1       353-1.80697E-08 5.06734E-09 5.07325E-09 5.36012E-07-1.54187E-11 2.69573E-10
 -1       354 2.28738E-06-6.40498E-07-6.40457E-07 3.33374E-07 9.45074E-11 6.93618E-10
 -1       355-2.16205E-08 6.01040E-09 6.08981E-09 5.35977E-07-1.21697E-10 2.28189E-10
 -1       356 2.49346E-06-6.98240E-07-6.98070E-07 3.33197E-07 1.00010E-10 6.62307E-10
 -1       357-2.55961E-08 7.08153E-09 7.08563E-09 5.35638E-07-9.40643E-12 3.19008E-10
 -1       358 2.69899E-06-7.55715E-07-7.55841E-07 3.33153E-07-7.40720E-11 7.90372E-10
 -1       359-2.97641E-08 8.27305E-09 8.29856E-09 5.35302E-07 7.82225E-11 3.41600E-10
 -1       360 2.90445E-06-8.13121E-07-8.13258E-07 3.32847E-07 2.21595E-11 7.00230E-10
 -1       361-3.41883E-08 9.65109E-09 9.56981E-09 5.35054E-07 2.98097E-11 4.54959E-10
 -1       362 3.11009E-06-8.70771E-07-8.70839E-07 3.32784E-07 3.60819E-11 7.50473E-10
 -1       363-3.90610E-08 1.09660E-08 1.08840E-08 5.34818E-07-9.54163E-11 3.23170E-10
 -1       364 3.31490E-06-9.28239E-07-9.28237E-07 3.32875E-07 4.50919E-11 9.07076E-10
 -1       365-4.38207E-08 1.22588E-08 1.21882E-08 5.34810E-07-3.31151E-11 4.44333E-10
 -1       366 3.52068E-06-9.85680E-07-9.85766E-07 3.32615E-07 2.42347E-11 7.35746E-10
 -1       367-4.85076E-08 1.36219E-08 1.36097E-08 5.34672E-07 6.50983E-11 4.68973E-10
 -1       368 3.72569E-06-1.04318E-06-1.04317E-06 3.32440E-07 2.92884E-11 8.33499E-10
 -1       369-5.31384E-08 1.49544E-08 1.48686E-08 5.34460E-07 7.50342E-11 3.80645E-10
 -1       370 3.93058E-06-1.10052E-06-1.10058E-06 3.32534E-07 2.23327E-11 8.54445E-10
 -1       371-5.86022E-08 1.63813E-08 1.62599E-08 5.34220E-07-2.63957E-11 4.19718E-10
 -1       372 4.13576E-06-1.15790E-06-1.15810E-06 3.32375E-07 2.98648E-11 9.73827E-10
 -1       373-6.34629E-08 1.78384E-08 1.77192E-08 5.34084E-07 2.52869E-11 5.36519E-10
 -1       374 4.34061E-06-1.21537E-06-1.21528E-06 3.32334E-07 4.40115E-12 9.41313E-10
 -1       375-6.81913E-08 1.91909E-08 1.91507E-08 5.34012E-07 2.52152E-11 4.41999E-10
 -1       376 4.54582E-06-1.27280E-06-1.27277E-06 3.32166E-07 6.05580E-11 8.01443E-10
 -1       377-7.35273E-08 2.05844E-08 2.06206E-08 5.33809E-07 6.46535E-12 3.35111E-10
 -1       378 4.74988E-06-1.33006E-06-1.33013E-06 3.32264E-07-8.44670E-11 9.61353E-10
 -1       379-7.88360E-08 2.19777E-08 2.20332E-08 5.33857E-07-9.51393E-11 5.05730E-10
 -1       380 4.95456E-06-1.38723E-06-1.38720E-06 3.31843E-07-3.99204E-11 8.41571E-10
 -1       381-8.42614E-08 2.35636E-08 2.37401E-08 5.33612E-07-2.29619E-11 5.13662E-10
 -1       382 5.15935E-06-1.44464E-06-1.44466E-06 3.31752E-07 8.56859E-11 8.82129E-10
 -1       383-9.02006E-08 2.52749E-08 2.52630E-08 5.33287E-07 1.21452E-11 2.32208E-10
 -1       384 5.36359E-06-1.50184E-06-1.50181E-06 3.32005E-07 4.34461E-11 8.10127E-10
 -1       385-9.56595E-08 2.67386E-08 2.66097E-08 5.33284E-07 2.02611E-11 5.95331E-10
 -1       386 5.56851E-06-1.55908E-06-1.55924E-06 3.31875E-07-6.55775E-11 1.00225E-09
 -1       387-1.00724E-07 2.82492E-08 2.82874E-08 5.33368E-07-4.79280E-12 7.15849E-10
 -1       388 5.77254E-06-1.61630E-06-1.61622E-06 3.31864E-07 3.48206E-11 1.02933E-09
 -1       389-1.06498E-07 2.99142E-08 2.98239E-08 5.33260E-07 2.57499E-11 3.93739E-10
 -1       390 5.97728E-06-1.67371E-06-1.67376E-06 3.31479E-07-1.96071E-10 1.09849E-09
 -1       391-1.12516E-07 3.13870E-08 3.13920E-08 5.32850E-07-1.20532E-10 5.13981E-10
 -1       392 6.17890E-06-1.73087E-06-1.72928E-06 3.32372E-07 1.27483E-09 9.62030E-10
 -1       393-1.18001E-07 3.25284E-08 3.31487E-08 5.33435E-07 6.22407E-10 7.32367E-10
 -1       394 6.41119E-06-1.79766E-06-1.79417E-06 3.25680E-07-4.46921E-09 5.21025E-09
 -1       395-1.22679E-07 3.31551E-08 3.51235E-08 5.31761E-07-2.51127E-09 6.34607E-10
 -1       396 6.56334E-06-1.85610E-06-1.82466E-06 3.50441E-07 1.77630E-08-3.58229E-09
 -1       397-1.26905E-07 3.26237E-08 3.63534E-08 5.75968E-07 1.18824E-08 4.45193E-10
 -1       398 6.65708E-06-1.75826E-06-1.95943E-06 1.35368E-07-4.50017E-08 3.93247E-07
 -1       399-1.29108E-07 2.58420E-08 4.42204E-08 4.31330E-07-5.49484E-09-1.55109E-09
 -1       400-1.34711E-07 1.41581E-08 3.69105E-08-3.00598E-07 2.03071E-07 9.94293E-09
 -1       401-1.73054E-07 5.13136E-08 5.51847E-08 3.34025E-07-3.01628E-11-1.77738E-09
 -1       402-4.11726E-07 1.12311E-07 1.17023E-07 3.33544E-07-2.31337E-10-7.39929E-10
 -1       403-6.31119E-07 1.76249E-07 1.77184E-07 3.33506E-07-6.14199E-11-4.21521E-10
 -1       404-8.43590E-07 2.36274E-07 2.36167E-07 3.33586E-07 1.34272E-10-9.58223E-11
 -1       405-1.05519E-06 2.95439E-07 2.95314E-07 3.33663E-07-4.34754E-11-5.43952E-11
 -1       406-1.26757E-06 3.54780E-07 3.55006E-07 3.33277E-07-5.88371E-11 7.90773E-11
 -1       407-1.48023E-06 4.14289E-07 4.14506E-07 3.33041E-07 2.36265E-11 8.72808E-11
 -1       408-1.69351E-06 4.74239E-07 4.74076E-07 3.32629E-07 1.03301E-10 1.17817E-10
 -1       409-1.90726E-06 5.33949E-07 5.34109E-07 3.32751E-07 2.71157E-11 1.08030E-10
 -1       410-2.12039E-06 5.93713E-07 5.93911E-07 3.32616E-07-1.54379E-11 4.64880E-11
 -1       411-2.33445E-06 6.53499E-07 6.53758E-07 3.32519E-07 1.82011E-11 1.44701E-10
 -1       412-2.54827E-06 7.13441E-07 7.13556E-07 3.32121E-07-7.48598E-11 1.82721E-11
 -1       413-2.76328E-06 7.73731E-07 7.73541E-07 3.31861E-07-3.78251E-11 1.87368E-10
 -1       414-2.97753E-06 8.33805E-07 8.33873E-07 3.31717E-07 7.14058E-11-6.89409E-11
 -1       415-3.19268E-06 8.93884E-07 8.93971E-07 3.31580E-07 4.76918E-11 1.46148E-11
 -1       416-3.40730E-06 9.54030E-07 9.54077E-07 3.31538E-07-5.56294E-12 7.66060E-11
 -1       417-3.62212E-06 1.01423E-06 1.01422E-06 3.31327E-07-3.71159E-11 8.89681E-11
 -1       418-3.83741E-06 1.07441E-06 1.07437E-06 3.31274E-07 3.18607E-11 2.48313E-10
 -1       419-4.05238E-06 1.13462E-06 1.13476E-06 3.31105E-07 3.55033E-11 1.52381E-10
 -1       420-4.26753E-06 1.19488E-06 1.19495E-06 3.31056E-07-1.54541E-11 2.52747E-10
 -1       421-4.48270E-06 1.25517E-06 1.25519E-06 3.31159E-07-1.99993E-11 1.96135E-10
 -1       422-4.69753E-06 1.31527E-06 1.31529E-06 3.30853E-07-1.18226E-11 1.79930E-10
 -1       423-4.91351E-06 1.37566E-06 1.37582E-06 3.30849E-07 2.17936E-11 1.01858E-10
 -1       424-5.12899E-06 1.43620E-06 1.43624E-06 3.30483E-07 7.46295E-11-4.37246E-11
 -1       425-5.34474E-06 1.49657E-06 1.49643E-06 3.30532E-07-3.80028E-11 1.34652E-10
 -1       426-5.56016E-06 1.55677E-06 1.55681E-06 3.30534E-07-1.27411E-11 5.81403E-11
 -1       427-5.77539E-06 1.61718E-06 1.61722E-06 3.30236E-07-4.10332E-11-3.69135E-11
 -1       428-5.99173E-06 1.67760E-06 1.67771E-06 3.30411E-07 6.51502E-11 1.30624E-10
 -1       429-6.20743E-06 1.73788E-06 1.73828E-06 3.30092E-07-2.80214E-10 2.87316E-10
 -1       430-6.42044E-06 1.79757E-06 1.79670E-06 3.31427E-07 1.30048E-09 4.69950E-10
 -1       431-6.66299E-06 1.86582E-06 1.86636E-06 3.25942E-07-4.48088E-09-3.73334E-09
 -1       432-6.82419E-06 1.92245E-06 1.89653E-06 3.53968E-07 1.82320E-08 4.08126E-09
 -1       433-6.93388E-06 1.81469E-06 2.05092E-06 1.44665E-07-4.70653E-08-3.94137E-07
 -1       434-4.90914E-11 2.32483E-15 4.39673E-15-1.03463E-06 6.45865E-15-3.29598E-09
 -1       435 5.28064E-06-6.27602E-11-6.56609E-11 3.81511E-07-8.39354E-14-1.04805E-08
 -1       436-5.87024E-08 4.17374E-13 8.05904E-13-1.34604E-06 2.00002E-12 8.24690E-09
 -1       437 5.89975E-08-4.22833E-13-8.15449E-13-1.34375E-06-2.01534E-12 8.43014E-09
 -1       438-5.28046E-06 6.27551E-11 6.56521E-11 3.81423E-07 6.91240E-14-8.49580E-09
 -1       439 1.38741E-07-1.80186E-08-5.00151E-08 7.87172E-07 2.90137E-08-5.29405E-09
 -1       440 1.29501E-07-3.16706E-08-3.66339E-08 5.97556E-07-3.90576E-08 5.84202E-11
 -1       441 1.26051E-07-3.34796E-08-3.66351E-08 5.71694E-07 6.98118E-09 8.77139E-10
 -1       442 1.21473E-07-3.33175E-08-3.40485E-08 5.56250E-07-1.66250E-09 7.18468E-10
 -1       443 1.15813E-07-3.21105E-08-3.25358E-08 5.57726E-07 5.02558E-10 6.25909E-10
 -1       444 1.08984E-07-3.06850E-08-3.06128E-08 5.57783E-07-1.73065E-10 8.29908E-10
 -1       445 1.03731E-07-2.91473E-08-2.90249E-08 5.57869E-07 1.22902E-10 9.79193E-10
 -1       446 9.81681E-08-2.75726E-08-2.75923E-08 5.57744E-07-8.95375E-11 9.95095E-10
 -1       447 9.32883E-08-2.59519E-08-2.61378E-08 5.57749E-07 7.79910E-12 1.00499E-09
 -1       448 8.80226E-08-2.45716E-08-2.47097E-08 5.57665E-07 5.21747E-11 1.02445E-09
 -1       449 8.27054E-08-2.31182E-08-2.31361E-08 5.57694E-07-1.01214E-11 9.03627E-10
 -1       450 7.74093E-08-2.15727E-08-2.16105E-08 5.57332E-07 8.11701E-11 8.02087E-10
 -1       451 7.18788E-08-2.01596E-08-2.00937E-08 5.57314E-07-2.50970E-11 7.23080E-10
 -1       452 6.62554E-08-1.86398E-08-1.85297E-08 5.57087E-07-9.21521E-11 7.60452E-10
 -1       453 6.13184E-08-1.72044E-08-1.72178E-08 5.57086E-07-1.03900E-11 6.84142E-10
 -1       454 5.57779E-08-1.57676E-08-1.55629E-08 5.57073E-07 7.04465E-11 8.19488E-10
 -1       455 5.06702E-08-1.42854E-08-1.42072E-08 5.56854E-07-3.71119E-11 7.78711E-10
 -1       456 4.62488E-08-1.29082E-08-1.30277E-08 5.56757E-07-2.97352E-11 7.28919E-10
 -1       457 4.13461E-08-1.16740E-08-1.14370E-08 5.56404E-07 1.07181E-10 9.02610E-10
 -1       458 3.71836E-08-1.03200E-08-1.05131E-08 5.56286E-07 5.93442E-11 7.08283E-10
 -1       459 3.23612E-08-9.10262E-09-9.03875E-09 5.56089E-07-2.02819E-10 7.00474E-10
 -1       460 2.80563E-08-7.95560E-09-7.89716E-09 5.55802E-07 1.24329E-10 7.12335E-10
 -1       461 2.38781E-08-6.67025E-09-6.83973E-09 5.55862E-07 1.85598E-10 7.46319E-10
 -1       462 2.03944E-08-5.67375E-09-5.57837E-09 5.55650E-07-7.18486E-11 5.82458E-10
 -1       463 1.68407E-08-4.75044E-09-4.70452E-09 5.55280E-07-3.68116E-11 4.70210E-10
 -1       464 1.31834E-08-3.76552E-09-3.63578E-09 5.55219E-07-4.95242E-11 4.57239E-10
 -1       465 9.72680E-09-2.86963E-09-2.75604E-09 5.54914E-07-3.96687E-11 4.59635E-10
 -1       466 6.95105E-09-2.03975E-09-2.03059E-09 5.54631E-07 3.89116E-11 4.41257E-10
 -1       467 4.76645E-09-1.36428E-09-1.22214E-09 5.54463E-07 5.73961E-11 5.38662E-10
 -1       468 3.07519E-09-9.19827E-10-8.94748E-10 5.54170E-07-5.73715E-11 1.70399E-10
 -1       469 1.57293E-09-3.96420E-10-3.65615E-10 5.53663E-07-2.62682E-10 3.89666E-10
 -1       470 8.35478E-10-3.50207E-10-3.73103E-10 5.60923E-07 7.68785E-10 8.67863E-11
 -1       471 1.03693E-10-2.71057E-10 1.08559E-10 6.15806E-07 1.54708E-09 8.01556E-11
 -1       472 6.93141E-06-1.81417E-06-2.05035E-06 1.49730E-07 4.69912E-08-3.93839E-07
 -1       473 1.35077E-07-1.42493E-08-3.71328E-08-2.94935E-07-2.03568E-07 1.00769E-08
 -1       474 6.82477E-06-1.92258E-06-1.89679E-06 3.59964E-07-1.82381E-08 4.40499E-09
 -1       475 1.29757E-07-2.59270E-08-4.43696E-08 4.39756E-07 5.46425E-09-1.26562E-09
 -1       476 6.66338E-06-1.86606E-06-1.86623E-06 3.32206E-07 4.47363E-09-3.33796E-09
 -1       477 1.28117E-07-3.29237E-08-3.65824E-08 5.85413E-07-1.19115E-08 6.62183E-10
 -1       478 6.42111E-06-1.79794E-06-1.79691E-06 3.38075E-07-1.33700E-09 5.44259E-10
 -1       479 1.23914E-07-3.34872E-08-3.53048E-08 5.41425E-07 2.46436E-09 4.63592E-10
 -1       480 6.20833E-06-1.73820E-06-1.73855E-06 3.36470E-07 3.13176E-10 4.02382E-10
 -1       481 1.18539E-07-3.27794E-08-3.33102E-08 5.42959E-07-6.19789E-10 4.18348E-10
 -1       482 5.99133E-06-1.67759E-06-1.67758E-06 3.36717E-07-1.46333E-12 4.13207E-10
 -1       483 1.12436E-07-3.13707E-08-3.14489E-08 5.42318E-07 1.67753E-10 2.41956E-10
 -1       484 5.77614E-06-1.61731E-06-1.61740E-06 3.36805E-07 5.67641E-12 4.54505E-10
 -1       485 1.06413E-07-2.99459E-08-2.98423E-08 5.42447E-07-4.50779E-11 5.22972E-10
 -1       486 5.55997E-06-1.55682E-06-1.55684E-06 3.36586E-07-4.06840E-11 8.12954E-10
 -1       487 1.00874E-07-2.84052E-08-2.83682E-08 5.42489E-07-8.19481E-12 5.88145E-10
 -1       488 5.34549E-06-1.49666E-06-1.49667E-06 3.36665E-07 1.60820E-12 3.67470E-10
 -1       489 9.57579E-08-2.67164E-08-2.67852E-08 5.42475E-07-6.09252E-11 5.19714E-10
 -1       490 5.13000E-06-1.43636E-06-1.43637E-06 3.36358E-07 7.01746E-11 5.63717E-10
 -1       491 9.07562E-08-2.52769E-08-2.54656E-08 5.42321E-07 3.42012E-11 6.79811E-10
 -1       492 4.91469E-06-1.37614E-06-1.37604E-06 3.36520E-07 2.82005E-12 5.53142E-10
 -1       493 8.53735E-08-2.38327E-08-2.39441E-08 5.42412E-07-2.35261E-12 5.28902E-10
 -1       494 4.69879E-06-1.31573E-06-1.31577E-06 3.36352E-07 3.19215E-11 5.08672E-10
 -1       495 8.00286E-08-2.23565E-08-2.23441E-08 5.42109E-07 8.62119E-11 4.96645E-10
 -1       496 4.48371E-06-1.25534E-06-1.25532E-06 3.36390E-07 4.48597E-11 3.20506E-10
 -1       497 7.45915E-08-2.08436E-08-2.08563E-08 5.42027E-07 8.57393E-12 4.74491E-10
 -1       498 4.26813E-06-1.19522E-06-1.19513E-06 3.36333E-07 1.69565E-11 2.51231E-10
 -1       499 6.89920E-08-1.93731E-08-1.92602E-08 5.41833E-07-6.86341E-11 2.60691E-10
 -1       500 4.05293E-06-1.13484E-06-1.13474E-06 3.36057E-07-4.62895E-11 3.92586E-10
 -1       501 6.38619E-08-1.79386E-08-1.78665E-08 5.41755E-07-4.27476E-11 3.89224E-10
 -1       502 3.83755E-06-1.07449E-06-1.07451E-06 3.36216E-07-2.49632E-11 3.97086E-10
 -1       503 5.85294E-08-1.64920E-08-1.63739E-08 5.41684E-07 1.49700E-11 4.00455E-10
 -1       504 3.62224E-06-1.01431E-06-1.01438E-06 3.36061E-07 9.67829E-11 4.94669E-10
 -1       505 5.33722E-08-1.50446E-08-1.48752E-08 5.41647E-07-3.83266E-11 4.63626E-10
 -1       506 3.40792E-06-9.54243E-07-9.54064E-07 3.36071E-07 2.08830E-11 3.42239E-10
 -1       507 4.84083E-08-1.35848E-08-1.36686E-08 5.41585E-07-4.71695E-11 4.73435E-10
 -1       508 3.19265E-06-8.94026E-07-8.94059E-07 3.35782E-07 2.75388E-11 4.39051E-10
 -1       509 4.36385E-08-1.22876E-08-1.21162E-08 5.41185E-07 7.04397E-11 4.13306E-10
 -1       510 2.97840E-06-8.33893E-07-8.33823E-07 3.35676E-07 1.31033E-11 4.72866E-10
 -1       511 3.93593E-08-1.09900E-08-1.09380E-08 5.40958E-07 9.62253E-11 4.34468E-10
 -1       512 2.76388E-06-7.73911E-07-7.73902E-07 3.35627E-07 5.38955E-12 3.27877E-10
 -1       513 3.47444E-08-9.67145E-09-9.78979E-09 5.40919E-07-8.88418E-11 3.42260E-10
 -1       514 2.54912E-06-7.13907E-07-7.13760E-07 3.35476E-07 5.81702E-11 3.02106E-10
 -1       515 3.03008E-08-8.51816E-09-8.45213E-09 5.40537E-07-6.33172E-11 4.00579E-10
 -1       516 2.33514E-06-6.53936E-07-6.53817E-07 3.35477E-07 8.89223E-11 2.72048E-10
 -1       517 2.59652E-08-7.27267E-09-7.33540E-09 5.40468E-07 1.05748E-10 4.58988E-10
 -1       518 2.12119E-06-5.93936E-07-5.93949E-07 3.35409E-07-2.05484E-11 1.64549E-10
 -1       519 2.21332E-08-6.16822E-09-6.17339E-09 5.40526E-07 1.38944E-10 4.43078E-10
 -1       520 1.90756E-06-5.34077E-07-5.34007E-07 3.35242E-07-8.04423E-11 3.32429E-10
 -1       521 1.85834E-08-5.20846E-09-5.04899E-09 5.40158E-07-3.15055E-11 2.66256E-10
 -1       522 1.69416E-06-4.74358E-07-4.74413E-07 3.35274E-07 4.04195E-12 1.31401E-10
 -1       523 1.49547E-08-4.24495E-09-4.15414E-09 5.39847E-07-6.49628E-13 1.96342E-10
 -1       524 1.48051E-06-4.14666E-07-4.14563E-07 3.35040E-07 1.97295E-11 2.32530E-10
 -1       525 1.14969E-08-3.32011E-09-3.25761E-09 5.39632E-07-6.65788E-11 2.62791E-10
 -1       526 1.26790E-06-3.55036E-07-3.55063E-07 3.34917E-07 5.60758E-12 1.61016E-11
 -1       527 8.35226E-09-2.41291E-09-2.28103E-09 5.39581E-07-8.06955E-11 3.13817E-10
 -1       528 1.05525E-06-2.95581E-07-2.95531E-07 3.34798E-07-3.01472E-11 3.79844E-11
 -1       529 5.89125E-09-1.64715E-09-1.53440E-09 5.39200E-07 1.14797E-10 2.96326E-10
 -1       530 8.43599E-07-2.36238E-07-2.36126E-07 3.34843E-07 6.29539E-11-6.38339E-11
 -1       531 3.92937E-09-1.12534E-09-1.00187E-09 5.39048E-07 5.51704E-11 3.22424E-10
 -1       532 6.31746E-07-1.76472E-07-1.77232E-07 3.34368E-07 1.11486E-10-3.76462E-10
 -1       533 2.19108E-09-6.50053E-10-5.47010E-10 5.38652E-07-8.28406E-11 1.21888E-10
 -1       534 4.12039E-07-1.12522E-07-1.16890E-07 3.33743E-07 2.40856E-10-7.30578E-10
 -1       535 1.34712E-09-3.62592E-10-2.53896E-10 5.41299E-07 4.66723E-10 2.16439E-10
 -1       536 1.73415E-07-5.15805E-08-5.52613E-08 3.33941E-07-1.15222E-10-1.74368E-09
 -1       537 2.58108E-10-2.85032E-10-4.55148E-11 5.57654E-07 1.15660E-09-1.05163E-11
 -1       538 2.02398E-10-7.16130E-11 2.72842E-10 5.33454E-07 7.23371E-09 1.67489E-11
 -1       539-6.65385E-06 1.75745E-06 1.95858E-06 1.40786E-07 4.49207E-08 3.93019E-07
 -1       540-6.56153E-06 1.85570E-06 1.82432E-06 3.56571E-07-1.77859E-08-3.83423E-09
 -1       541-6.41054E-06 1.79759E-06 1.79408E-06 3.32153E-07 4.45112E-09 5.05038E-09
 -1       542-6.17831E-06 1.73075E-06 1.72896E-06 3.38654E-07-1.34363E-09 3.88736E-10
 -1       543-5.97669E-06 1.67364E-06 1.67369E-06 3.37720E-07 2.56579E-10 4.21999E-10
 -1       544-5.77263E-06 1.61618E-06 1.61639E-06 3.38014E-07 3.22888E-12 5.33700E-10
 -1       545-5.56836E-06 1.55926E-06 1.55898E-06 3.38175E-07 7.14380E-11 7.24083E-10
 -1       546-5.36356E-06 1.50178E-06 1.50178E-06 3.38041E-07-9.47262E-11 5.97012E-10
 -1       547-5.15899E-06 1.44432E-06 1.44448E-06 3.37978E-07-1.41994E-11 6.17256E-10
 -1       548-4.95369E-06 1.38722E-06 1.38716E-06 3.37990E-07 1.12978E-10 6.27082E-10
 -1       549-4.74966E-06 1.33001E-06 1.32979E-06 3.37969E-07 2.12464E-11 7.45090E-10
 -1       550-4.54454E-06 1.27263E-06 1.27241E-06 3.37737E-07-4.00340E-11 4.96888E-10
 -1       551-4.34002E-06 1.21514E-06 1.21527E-06 3.37658E-07-1.92596E-11 4.93660E-10
 -1       552-4.13530E-06 1.15786E-06 1.15792E-06 3.37587E-07 1.90229E-11 4.68022E-10
 -1       553-3.93053E-06 1.10057E-06 1.10051E-06 3.37443E-07 5.11752E-11 4.21599E-10
 -1       554-3.72566E-06 1.04318E-06 1.04307E-06 3.37521E-07-2.13635E-11 4.97969E-10
 -1       555-3.52090E-06 9.85807E-07 9.85910E-07 3.37251E-07 7.81791E-12 5.25896E-10
 -1       556-3.31535E-06 9.28281E-07 9.28289E-07 3.37178E-07-3.71772E-11 5.65736E-10
 -1       557-3.10980E-06 8.70678E-07 8.70654E-07 3.37042E-07 3.77037E-11 6.39676E-10
 -1       558-2.90455E-06 8.13323E-07 8.13212E-07 3.36997E-07 4.10810E-11 6.21933E-10
 -1       559-2.69870E-06 7.55757E-07 7.55693E-07 3.36870E-07-7.54643E-11 4.88676E-10
 -1       560-2.49321E-06 6.98272E-07 6.98106E-07 3.36730E-07-4.84490E-14 5.26204E-10
 -1       561-2.28739E-06 6.40530E-07 6.40391E-07 3.36431E-07 9.66816E-11 4.36253E-10
 -1       562-2.08063E-06 5.82559E-07 5.82445E-07 3.36261E-07-3.31943E-11 4.89024E-10
 -1       563-1.87439E-06 5.24678E-07 5.24783E-07 3.36032E-07 2.36356E-11 4.88527E-10
 -1       564-1.66736E-06 4.66844E-07 4.66869E-07 3.36101E-07 9.85016E-11 3.22223E-10
 -1       565-1.46101E-06 4.09279E-07 4.09058E-07 3.35921E-07 5.77175E-11 2.49677E-10
 -1       566-1.25405E-06 3.51067E-07 3.51127E-07 3.35553E-07 2.34047E-11 4.38333E-10
 -1       567-1.04559E-06 2.92842E-07 2.92744E-07 3.35321E-07-1.91924E-11 4.10358E-10
 -1       568-8.38003E-07 2.34523E-07 2.34497E-07 3.35277E-07-1.69494E-11 3.64689E-10
 -1       569-6.28312E-07 1.75596E-07 1.76316E-07 3.34817E-07-1.02557E-10 6.19059E-10
 -1       570-4.10899E-07 1.12318E-07 1.16442E-07 3.33808E-07 3.30386E-11 1.01336E-09
 -1       571-1.73166E-07 5.14401E-08 5.52903E-08 3.34008E-07 1.38351E-11 1.68091E-09
 -1       572 8.80705E-11 2.37260E-11-3.13019E-11 4.14178E-07-4.84954E-12 2.83464E-10
 -1       573 1.18454E-08-2.10207E-07 5.54782E-08 3.13742E-07 3.16135E-11 1.39959E-10
 -1       574-7.11634E-11 1.02398E-10-4.97399E-13 4.15894E-07 2.42325E-08 2.41522E-10
 -1       575-2.22362E-12 1.65035E-10-8.89770E-11 4.16103E-07-2.44084E-08 2.91665E-10
 -1       576-1.12455E-08 2.10392E-07-5.57997E-08 3.13578E-07-2.25159E-10 9.03976E-12
 -1       577 4.54976E-07-1.24304E-07-1.26442E-07 2.55674E-08-1.81176E-10 4.92977E-10
 -1       578 8.53225E-07-2.33525E-07-2.40855E-07 6.89357E-08 7.85366E-11 6.15152E-10
 -1       579 1.26045E-06-3.52244E-07-3.52493E-07 7.47545E-08-7.70999E-11 5.29647E-10
 -1       580 1.68073E-06-4.70479E-07-4.70751E-07 7.43444E-08-7.27533E-11 8.60318E-10
 -1       581 2.10076E-06-5.88085E-07-5.88197E-07 7.40511E-08-6.21175E-11 1.25404E-09
 -1       582 2.52077E-06-7.06048E-07-7.05683E-07 7.40411E-08 6.13826E-11 1.50769E-09
 -1       583 2.94178E-06-8.23700E-07-8.23727E-07 7.42326E-08 5.17431E-11 1.72136E-09
 -1       584 3.36071E-06-9.40957E-07-9.40778E-07 7.41733E-08-4.59931E-11 1.73135E-09
 -1       585 3.78200E-06-1.05875E-06-1.05921E-06 7.41404E-08-1.16397E-10 1.90882E-09
 -1       586 4.20097E-06-1.17661E-06-1.17607E-06 7.39841E-08-4.38632E-11 1.66160E-09
 -1       587 4.62202E-06-1.29435E-06-1.29419E-06 7.39649E-08-6.98297E-11 1.94892E-09
 -1       588 5.04223E-06-1.41173E-06-1.41204E-06 7.40907E-08-1.56163E-10 2.16585E-09
 -1       589 5.46195E-06-1.52912E-06-1.52912E-06 7.41671E-08-2.17921E-11 2.05440E-09
 -1       590 5.88317E-06-1.64705E-06-1.64771E-06 7.42400E-08-1.78876E-11 1.95919E-09
 -1       591 6.30151E-06-1.76478E-06-1.76418E-06 7.41859E-08-6.57566E-12 1.92038E-09
 -1       592 6.72265E-06-1.88229E-06-1.88228E-06 7.40928E-08 1.44014E-10 2.10655E-09
 -1       593 7.14239E-06-1.99986E-06-1.99972E-06 7.42683E-08-2.84083E-11 1.91285E-09
 -1       594 7.56248E-06-2.11760E-06-2.11768E-06 7.39539E-08 1.48222E-11 2.09311E-09
 -1       595 7.98328E-06-2.23525E-06-2.23547E-06 7.40659E-08 6.70299E-11 2.11187E-09
 -1       596 8.40217E-06-2.35275E-06-2.35241E-06 7.37996E-08 9.39030E-11 1.91389E-09
 -1       597 8.82384E-06-2.47057E-06-2.47074E-06 7.38683E-08-6.92939E-11 1.86391E-09
 -1       598 9.24348E-06-2.58816E-06-2.58809E-06 7.40787E-08-1.42459E-10 1.93881E-09
 -1       599 9.66316E-06-2.70567E-06-2.70569E-06 7.41751E-08 1.50704E-10 2.15828E-09
 -1       600 1.00841E-05-2.82344E-06-2.82374E-06 7.42308E-08 9.18811E-11 1.63260E-09
 -1       601 1.05031E-05-2.94085E-06-2.94069E-06 7.40122E-08-5.36210E-11 1.64468E-09
 -1       602 1.09238E-05-3.05861E-06-3.05880E-06 7.45036E-08-8.52604E-11 1.82821E-09
 -1       603 1.13427E-05-3.17628E-06-3.17588E-06 7.40425E-08 1.32202E-11 2.00025E-09
 -1       604 1.17636E-05-3.29346E-06-3.29400E-06 7.34927E-08-1.73263E-11 1.84408E-09
 -1       605 1.21841E-05-3.41273E-06-3.41106E-06 7.43776E-08-1.44500E-11 1.76127E-09
 -1       606 1.26050E-05-3.52346E-06-3.53196E-06 7.31378E-08-8.50322E-11 1.04401E-09
 -1       607 1.30053E-05-3.67976E-06-3.62926E-06 8.22196E-08-5.59559E-10-1.97874E-10
 -1       608 1.33866E-05-3.62935E-06-3.83532E-06-2.11743E-08-2.17365E-09-2.95774E-09
 -1       609 1.48052E-05-4.39656E-06-3.60591E-06-1.32720E-07-4.58318E-09-1.03994E-08
 -1       610 4.52955E-07-1.20768E-07-1.28830E-07 2.49326E-08-1.06064E-10 1.28029E-09
 -1       611 2.99618E-07-1.05921E-07-7.30191E-08 8.76560E-08-1.67796E-10 1.21442E-10
 -1       612 8.54031E-07-2.33029E-07-2.39996E-07 7.00553E-08-1.90176E-10-3.73666E-09
 -1       613 6.56841E-07-1.74999E-07-1.85195E-07 4.47434E-08 2.59736E-11 6.91598E-10
 -1       614 1.26215E-06-3.52537E-07-3.53015E-07 7.66559E-08 2.39376E-10-5.16873E-09
 -1       615 1.05247E-06-2.93813E-07-2.96396E-07 5.72225E-08-3.99164E-11 5.12660E-10
 -1       616 1.68219E-06-4.71126E-07-4.71240E-07 7.63632E-08-1.79547E-10-5.30823E-09
 -1       617 1.47021E-06-4.11494E-07-4.11641E-07 5.88836E-08-1.07685E-10 6.22336E-10
 -1       618 2.10327E-06-5.88784E-07-5.88780E-07 7.61072E-08-8.82028E-11-4.95428E-09
 -1       619 1.89053E-06-5.29288E-07-5.29518E-07 5.88996E-08-5.72174E-11 8.76678E-10
 -1       620 2.52476E-06-7.06956E-07-7.06756E-07 7.60976E-08 8.01255E-11-4.79543E-09
 -1       621 2.31090E-06-6.47101E-07-6.46971E-07 5.87152E-08 3.46159E-11 1.22757E-09
 -1       622 2.94648E-06-8.25054E-07-8.25096E-07 7.60716E-08 1.48944E-11-4.67740E-09
 -1       623 2.73150E-06-7.64970E-07-7.64777E-07 5.87377E-08 1.04232E-10 1.35766E-09
 -1       624 3.36789E-06-9.43014E-07-9.42933E-07 7.61105E-08-9.38072E-11-4.70378E-09
 -1       625 3.15126E-06-8.82334E-07-8.82285E-07 5.88962E-08 1.22477E-12 1.46953E-09
 -1       626 3.79019E-06-1.06113E-06-1.06144E-06 7.60549E-08-1.32704E-10-4.61867E-09
 -1       627 3.57161E-06-9.99839E-07-1.00004E-06 5.87857E-08-4.78111E-11 1.54095E-09
 -1       628 4.21160E-06-1.17941E-06-1.17908E-06 7.60950E-08 1.81122E-11-4.67742E-09
 -1       629 3.99145E-06-1.11772E-06-1.11768E-06 5.88425E-08 8.25532E-12 1.54983E-09
 -1       630 4.63426E-06-1.29763E-06-1.29756E-06 7.60860E-08 1.18492E-11-4.47221E-09
 -1       631 4.41190E-06-1.23549E-06-1.23518E-06 5.86638E-08-4.19627E-11 1.58717E-09
 -1       632 5.05622E-06-1.41575E-06-1.41577E-06 7.61238E-08-1.38872E-10-4.30271E-09
 -1       633 4.83225E-06-1.35319E-06-1.35318E-06 5.87045E-08-1.36949E-10 1.74217E-09
 -1       634 5.47863E-06-1.53403E-06-1.53384E-06 7.61752E-08-1.26776E-10-4.47803E-09
 -1       635 5.25248E-06-1.47052E-06-1.47060E-06 5.87748E-08-6.84129E-11 1.80861E-09
 -1       636 5.90145E-06-1.65224E-06-1.65277E-06 7.61912E-08-8.43276E-11-4.58482E-09
 -1       637 5.67289E-06-1.58813E-06-1.58849E-06 5.87299E-08-9.66981E-12 1.68573E-09
 -1       638 6.32281E-06-1.77049E-06-1.77024E-06 7.62642E-08 1.43314E-10-4.53977E-09
 -1       639 6.09246E-06-1.70594E-06-1.70597E-06 5.89013E-08 3.35480E-11 1.63530E-09
 -1       640 6.74610E-06-1.88900E-06-1.88874E-06 7.62837E-08-1.05603E-11-4.59531E-09
 -1       641 6.51246E-06-1.82358E-06-1.82329E-06 5.88535E-08 1.04128E-10 1.63912E-09
 -1       642 7.16808E-06-2.00711E-06-2.00703E-06 7.63263E-08 4.08047E-11-4.43659E-09
 -1       643 6.93253E-06-1.94126E-06-1.94123E-06 5.89074E-08 6.53250E-11 1.69201E-09
 -1       644 7.59089E-06-2.12539E-06-2.12561E-06 7.61608E-08 2.97358E-11-4.51997E-09
 -1       645 7.35291E-06-2.05880E-06-2.05880E-06 5.86881E-08-7.29236E-11 1.65354E-09
 -1       646 8.01402E-06-2.24389E-06-2.24405E-06 7.59746E-08 1.71687E-11-4.60434E-09
 -1       647 7.77340E-06-2.17646E-06-2.17666E-06 5.86885E-08 6.59186E-11 1.73476E-09
 -1       648 8.43621E-06-2.36229E-06-2.36189E-06 7.61622E-08 7.79269E-11-4.59451E-09
 -1       649 8.19299E-06-2.29413E-06-2.29396E-06 5.87461E-08 7.24846E-11 1.61731E-09
 -1       650 8.85975E-06-2.48063E-06-2.48073E-06 7.61103E-08-4.41707E-11-4.55064E-09
 -1       651 8.61346E-06-2.41181E-06-2.41171E-06 5.84199E-08 6.02735E-11 1.47388E-09
 -1       652 9.28190E-06-2.59898E-06-2.59889E-06 7.62340E-08-3.50253E-11-4.43128E-09
 -1       653 9.03399E-06-2.52951E-06-2.52958E-06 5.85817E-08-1.11265E-10 1.56879E-09
 -1       654 9.70497E-06-2.71740E-06-2.71743E-06 7.63343E-08-1.57668E-12-4.58268E-09
 -1       655 9.45391E-06-2.64694E-06-2.64695E-06 5.88593E-08-1.61021E-12 1.62585E-09
 -1       656 1.01283E-05-2.83576E-06-2.83602E-06 7.62329E-08 6.05350E-11-4.89834E-09
 -1       657 9.87396E-06-2.76475E-06-2.76492E-06 5.88083E-08 1.51734E-10 1.49308E-09
 -1       658 1.05507E-05-2.95423E-06-2.95382E-06 7.65425E-08-4.21150E-11-4.86359E-09
 -1       659 1.02940E-05-2.88226E-06-2.88230E-06 5.87947E-08-2.03845E-11 1.28262E-09
 -1       660 1.09729E-05-3.07242E-06-3.07262E-06 7.66615E-08-6.09971E-11-4.52594E-09
 -1       661 1.07143E-05-2.99987E-06-2.99988E-06 5.88683E-08 4.60216E-11 1.37466E-09
 -1       662 1.13956E-05-3.19083E-06-3.19086E-06 7.65011E-08 1.26035E-12-4.46281E-09
 -1       663 1.11334E-05-3.11757E-06-3.11746E-06 5.89182E-08-1.20819E-10 1.53569E-09
 -1       664 1.18187E-05-3.30899E-06-3.30925E-06 7.58478E-08 3.60071E-11-4.53495E-09
 -1       665 1.15537E-05-3.23499E-06-3.23515E-06 5.85972E-08 1.04308E-14 1.56003E-09
 -1       666 1.22425E-05-3.42894E-06-3.42779E-06 7.66270E-08 4.21881E-11-4.83326E-09
 -1       667 1.19746E-05-3.35334E-06-3.35262E-06 5.82390E-08 2.12997E-11 1.36348E-09
 -1       668 1.26649E-05-3.54116E-06-3.54662E-06 7.53320E-08-6.77693E-10-4.33312E-09
 -1       669 1.23946E-05-3.46817E-06-3.47186E-06 5.95766E-08-7.45705E-11 1.03264E-09
 -1       670 1.30704E-05-3.69501E-06-3.65975E-06 8.35716E-08 1.44448E-09-6.72911E-09
 -1       671 1.28152E-05-3.59989E-06-3.58039E-06 5.42599E-08-3.54702E-10 9.43783E-11
 -1       672 1.34762E-05-3.65882E-06-3.77703E-06-2.80830E-08-2.27591E-09-2.91384E-08
 -1       673 1.32191E-05-3.65483E-06-3.72998E-06 5.94299E-08-1.41871E-09-1.79790E-09
 -1       674 1.43910E-05-4.29978E-06-3.82176E-06-4.45807E-08 5.31387E-08-2.59752E-07
 -1       675 1.35681E-05-4.05361E-06-3.76723E-06-8.88171E-08-3.93935E-09-8.19726E-09
 -1       676 1.34834E-05-2.87501E-06-3.26631E-06 1.49245E-06-6.45589E-09-1.77680E-08
 -1       677 4.52680E-07-1.20647E-07-1.29103E-07 2.51042E-08-2.19925E-10-8.18346E-10
 -1       678 8.53056E-07-2.32852E-07-2.39711E-07 7.03366E-08 3.50420E-10 4.30599E-09
 -1       679 1.26007E-06-3.51793E-07-3.52610E-07 7.65321E-08-2.28636E-10 5.71662E-09
 -1       680 1.67895E-06-4.70302E-07-4.70032E-07 7.62079E-08 2.82487E-11 6.45299E-09
 -1       681 2.09846E-06-5.87405E-07-5.87526E-07 7.61706E-08-1.02126E-10 6.31887E-09
 -1       682 2.51722E-06-7.04855E-07-7.04913E-07 7.60339E-08-1.11565E-10 6.61212E-09
 -1       683 2.93662E-06-8.22280E-07-8.22398E-07 7.61391E-08-7.10947E-11 6.81232E-09
 -1       684 3.35445E-06-9.39309E-07-9.39111E-07 7.59705E-08-3.70793E-11 6.82849E-09
 -1       685 3.77358E-06-1.05642E-06-1.05668E-06 7.60204E-08-3.28826E-11 6.96485E-09
 -1       686 4.19147E-06-1.17370E-06-1.17361E-06 7.60225E-08-2.00660E-10 6.59650E-09
 -1       687 4.61017E-06-1.29085E-06-1.29086E-06 7.59883E-08-6.21781E-11 6.85426E-09
 -1       688 5.02846E-06-1.40792E-06-1.40799E-06 7.59441E-08 1.13899E-11 6.88197E-09
 -1       689 5.44618E-06-1.52482E-06-1.52482E-06 7.60760E-08-3.32801E-11 6.97517E-09
 -1       690 5.86445E-06-1.64187E-06-1.64226E-06 7.60202E-08 4.08094E-11 7.04229E-09
 -1       691 6.28160E-06-1.75898E-06-1.75883E-06 7.60602E-08-5.20046E-11 6.87716E-09
 -1       692 6.69925E-06-1.87584E-06-1.87584E-06 7.59500E-08 3.71226E-11 7.21229E-09
 -1       693 7.11746E-06-1.99284E-06-1.99287E-06 7.58837E-08-2.11680E-11 6.81582E-09
 -1       694 7.53485E-06-2.10983E-06-2.10982E-06 7.57499E-08 2.81868E-11 6.94870E-09
 -1       695 7.95302E-06-2.22678E-06-2.22683E-06 7.57916E-08 6.16402E-11 7.01688E-09
 -1       696 8.36995E-06-2.34359E-06-2.34355E-06 7.56685E-08 2.38954E-11 6.77906E-09
 -1       697 8.78808E-06-2.46060E-06-2.46081E-06 7.57407E-08-3.79282E-11 6.70437E-09
 -1       698 9.20562E-06-2.57761E-06-2.57743E-06 7.58047E-08-8.44062E-11 6.72554E-09
 -1       699 9.62242E-06-2.69424E-06-2.69431E-06 7.59063E-08 2.16631E-11 7.25309E-09
 -1       700 1.00405E-05-2.81119E-06-2.81159E-06 7.58222E-08 1.20999E-10 6.76112E-09
 -1       701 1.04574E-05-2.92812E-06-2.92785E-06 7.56820E-08 3.27231E-11 6.50410E-09
 -1       702 1.08747E-05-3.04493E-06-3.04499E-06 7.58812E-08-1.04199E-10 7.01484E-09
 -1       703 1.12918E-05-3.16178E-06-3.16171E-06 7.56961E-08-9.49522E-11 6.99747E-09
 -1       704 1.17095E-05-3.27835E-06-3.27875E-06 7.54333E-08 6.74203E-11 6.58995E-09
 -1       705 1.21270E-05-3.39667E-06-3.39548E-06 7.61555E-08-2.75727E-11 6.76711E-09
 -1       706 1.25440E-05-3.50723E-06-3.51287E-06 7.43395E-08 5.56420E-10 5.49776E-09
 -1       707 1.29448E-05-3.65984E-06-3.62431E-06 8.23155E-08-2.12582E-09 6.15642E-09
 -1       708 1.33491E-05-3.62366E-06-3.74131E-06-2.93496E-08-4.07855E-10 2.46377E-08
 -1       709 1.42534E-05-4.26075E-06-3.78522E-06-4.78039E-08-5.83309E-08 2.39933E-07
 -1       710-4.55719E-07 1.24181E-07 1.27181E-07 2.59872E-08 9.98924E-11 2.86617E-10
 -1       711-8.52559E-07 2.33331E-07 2.40541E-07 6.87963E-08 4.52951E-10 6.63093E-10
 -1       712-1.26135E-06 3.52313E-07 3.52717E-07 7.47809E-08 3.67768E-10 1.70984E-09
 -1       713-1.68037E-06 4.70608E-07 4.70452E-07 7.44450E-08 3.75112E-11 2.29399E-09
 -1       714-2.10097E-06 5.88116E-07 5.88734E-07 7.42052E-08 3.18715E-10 2.50613E-09
 -1       715-2.52102E-06 7.05971E-07 7.05605E-07 7.43070E-08 2.44039E-10 3.06624E-09
 -1       716-2.94105E-06 8.23486E-07 8.23413E-07 7.43056E-08 4.53500E-10 3.96591E-09
 -1       717-3.36138E-06 9.41078E-07 9.41324E-07 7.43787E-08-1.44106E-10 4.40343E-09
 -1       718-3.78071E-06 1.05879E-06 1.05857E-06 7.41906E-08-2.65968E-11 4.46781E-09
 -1       719-4.20140E-06 1.17640E-06 1.17649E-06 7.40797E-08 2.89812E-10 4.74091E-09
 -1       720-4.62163E-06 1.29414E-06 1.29391E-06 7.42751E-08 2.88820E-10 5.39885E-09
 -1       721-5.04141E-06 1.41167E-06 1.41174E-06 7.42136E-08 2.63721E-10 5.81437E-09
 -1       722-5.46174E-06 1.52899E-06 1.52942E-06 7.41369E-08 1.45693E-10 6.07061E-09
 -1       723-5.88156E-06 1.64696E-06 1.64663E-06 7.38670E-08 2.08357E-10 6.35063E-09
 -1       724-6.30241E-06 1.76485E-06 1.76483E-06 7.38004E-08-7.06217E-11 6.52897E-09
 -1       725-6.72243E-06 1.88216E-06 1.88225E-06 7.40376E-08 5.83967E-11 6.83402E-09
 -1       726-7.14210E-06 1.99979E-06 1.99956E-06 7.42122E-08 1.88434E-10 6.96257E-09
 -1       727-7.56316E-06 2.11760E-06 2.11790E-06 7.42127E-08 4.97049E-11 7.30317E-09
 -1       728-7.98248E-06 2.23505E-06 2.23505E-06 7.43670E-08 1.57595E-11 7.58125E-09
 -1       729-8.40240E-06 2.35274E-06 2.35248E-06 7.43776E-08-4.92370E-11 7.55885E-09
 -1       730-8.82230E-06 2.47022E-06 2.47029E-06 7.41532E-08 4.24275E-11 7.61860E-09
 -1       731-9.24239E-06 2.58788E-06 2.58815E-06 7.42739E-08 2.85296E-10 7.78706E-09
 -1       732-9.66250E-06 2.70553E-06 2.70540E-06 7.39676E-08 1.71672E-10 8.10690E-09
 -1       733-1.00827E-05 2.82314E-06 2.82303E-06 7.38460E-08-1.70921E-10 8.47403E-09
 -1       734-1.05031E-05 2.94099E-06 2.94076E-06 7.39086E-08-3.73001E-11 8.22203E-09
 -1       735-1.09228E-05 3.05833E-06 3.05869E-06 7.37939E-08 2.06601E-10 8.23398E-09
 -1       736-1.13434E-05 3.17608E-06 3.17623E-06 7.39839E-08 8.00445E-11 8.55484E-09
 -1       737-1.17635E-05 3.29343E-06 3.29344E-06 7.39302E-08-1.09597E-10 8.56824E-09
 -1       738-1.21833E-05 3.41263E-06 3.41105E-06 7.45244E-08 1.40705E-10 8.46071E-09
 -1       739-1.26051E-05 3.52334E-06 3.53233E-06 7.35203E-08 1.62663E-10 8.00633E-09
 -1       740-1.30036E-05 3.67959E-06 3.62825E-06 8.20829E-08 6.60668E-10 7.03860E-09
 -1       741-1.33871E-05 3.62919E-06 3.83572E-06-2.09006E-08 2.21124E-09 4.68444E-09
 -1       742-1.48035E-05 4.39627E-06 3.60533E-06-1.32750E-07 4.51406E-09-2.06141E-09
 -1       743-3.00345E-07 1.06068E-07 7.33033E-08 8.77519E-08-4.79954E-12 8.04779E-11
 -1       744-4.53080E-07 1.20900E-07 1.29239E-07 2.50391E-08-2.96716E-11-7.68470E-10
 -1       745-6.56367E-07 1.74910E-07 1.85420E-07 4.48493E-08 2.55828E-10 4.41657E-10
 -1       746-8.53260E-07 2.32987E-07 2.39543E-07 7.02799E-08-1.38353E-10 4.38630E-09
 -1       747-1.05284E-06 2.93775E-07 2.96341E-07 5.71458E-08 4.15625E-10 1.09079E-09
 -1       748-1.26043E-06 3.52008E-07 3.52653E-07 7.68616E-08 4.02058E-10 6.49715E-09
 -1       749-1.47013E-06 4.11631E-07 4.11561E-07 5.89279E-08 1.75057E-10 1.94364E-09
 -1       750-1.67933E-06 4.70378E-07 4.70116E-07 7.65841E-08 7.08434E-11 7.36982E-09
 -1       751-1.89078E-06 5.29358E-07 5.29587E-07 5.89890E-08 1.31590E-10 2.15435E-09
 -1       752-2.09822E-06 5.87431E-07 5.87718E-07 7.63579E-08 1.19427E-10 7.32774E-09
 -1       753-2.31115E-06 6.47035E-07 6.47220E-07 5.89045E-08 1.97354E-10 2.66511E-09
 -1       754-2.51788E-06 7.05019E-07 7.04778E-07 7.64463E-08 2.63024E-10 7.85334E-09
 -1       755-2.73116E-06 7.64788E-07 7.64527E-07 5.89601E-08 2.77302E-10 3.27053E-09
 -1       756-2.93638E-06 8.22410E-07 8.21942E-07 7.66979E-08 2.47722E-10 8.32810E-09
 -1       757-3.15130E-06 8.82291E-07 8.82493E-07 5.90282E-08 1.24114E-10 4.09893E-09
 -1       758-3.35464E-06 9.39358E-07 9.39341E-07 7.68600E-08-3.61641E-12 8.58194E-09
 -1       759-3.57113E-06 9.99929E-07 1.00004E-06 5.89094E-08-1.05952E-10 4.13656E-09
 -1       760-3.77300E-06 1.05649E-06 1.05641E-06 7.66943E-08 1.10658E-10 8.66581E-09
 -1       761-3.99133E-06 1.11758E-06 1.11759E-06 5.88069E-08 1.29159E-10 4.33832E-09
 -1       762-4.19127E-06 1.17360E-06 1.17368E-06 7.65536E-08 1.88050E-10 8.84183E-09
 -1       763-4.41177E-06 1.23525E-06 1.23521E-06 5.89401E-08 3.06045E-10 4.78777E-09
 -1       764-4.61009E-06 1.29077E-06 1.29072E-06 7.65663E-08 2.87883E-10 9.27971E-09
 -1       765-4.83167E-06 1.35305E-06 1.35281E-06 5.89236E-08 1.94789E-10 5.34778E-09
 -1       766-5.02803E-06 1.40797E-06 1.40767E-06 7.68721E-08 5.16031E-11 9.48764E-09
 -1       767-5.25192E-06 1.47045E-06 1.47066E-06 5.88367E-08 1.78248E-10 5.59375E-09
 -1       768-5.44575E-06 1.52490E-06 1.52473E-06 7.68602E-08-8.15752E-11 9.53631E-09
 -1       769-5.67187E-06 1.58807E-06 1.58808E-06 5.85811E-08 1.43483E-10 5.86305E-09
 -1       770-5.86380E-06 1.64190E-06 1.64183E-06 7.67936E-08 2.16296E-10 9.77821E-09
 -1       771-6.09227E-06 1.70591E-06 1.70583E-06 5.84060E-08 4.20971E-11 6.20871E-09
 -1       772-6.28152E-06 1.75889E-06 1.75893E-06 7.65995E-08 8.30861E-11 9.94838E-09
 -1       773-6.51261E-06 1.82355E-06 1.82361E-06 5.87410E-08-7.42702E-12 6.33678E-09
 -1       774-6.69967E-06 1.87589E-06 1.87578E-06 7.67023E-08-1.06755E-11 1.02650E-08
 -1       775-6.93268E-06 1.94111E-06 1.94102E-06 5.88415E-08 1.44216E-10 6.51764E-09
 -1       776-7.11735E-06 1.99281E-06 1.99267E-06 7.68612E-08 1.16693E-10 1.03970E-08
 -1       777-7.35306E-06 2.05880E-06 2.05887E-06 5.87634E-08 1.09150E-10 6.76117E-09
 -1       778-7.53522E-06 2.10985E-06 2.11004E-06 7.70005E-08-5.40220E-12 1.06312E-08
 -1       779-7.77293E-06 2.17642E-06 2.17660E-06 5.89904E-08 5.36311E-11 7.08926E-09
 -1       780-7.95253E-06 2.22674E-06 2.22675E-06 7.70762E-08 1.66115E-12 1.05803E-08
 -1       781-8.19294E-06 2.29398E-06 2.29385E-06 5.90103E-08-3.44362E-11 7.20782E-09
 -1       782-8.36973E-06 2.34359E-06 2.34334E-06 7.71927E-08 2.78895E-11 1.07285E-08
 -1       783-8.61270E-06 2.41157E-06 2.41148E-06 5.89687E-08-4.10672E-12 7.19390E-09
 -1       784-8.78712E-06 2.46042E-06 2.46041E-06 7.71120E-08 5.20511E-11 1.07001E-08
 -1       785-9.03281E-06 2.52925E-06 2.52932E-06 5.88253E-08 1.33107E-10 7.26390E-09
 -1       786-9.20437E-06 2.57725E-06 2.57744E-06 7.71166E-08 7.59165E-11 1.07746E-08
 -1       787-9.45284E-06 2.64671E-06 2.64688E-06 5.87555E-08 2.08712E-10 7.58208E-09
 -1       788-9.62223E-06 2.69431E-06 2.69398E-06 7.69157E-08 8.46491E-11 1.11015E-08
 -1       789-9.87300E-06 2.76452E-06 2.76436E-06 5.86566E-08 1.10661E-11 7.97705E-09
 -1       790-1.00390E-05 2.81105E-06 2.81075E-06 7.68894E-08 1.45424E-11 1.11795E-08
 -1       791-1.02934E-05 2.88220E-06 2.88201E-06 5.84825E-08-9.19943E-11 7.96776E-09
 -1       792-1.04573E-05 2.92791E-06 2.92805E-06 7.67570E-08-1.10888E-11 1.12443E-08
 -1       793-1.07134E-05 2.99974E-06 2.99985E-06 5.85506E-08 5.10401E-11 7.75169E-09
 -1       794-1.08743E-05 3.04478E-06 3.04492E-06 7.67296E-08 8.24147E-11 1.10055E-08
 -1       795-1.11337E-05 3.11738E-06 3.11761E-06 5.85966E-08 1.33664E-10 8.06548E-09
 -1       796-1.12922E-05 3.16185E-06 3.16178E-06 7.70460E-08-1.09145E-11 1.13664E-08
 -1       797-1.15539E-05 3.23491E-06 3.23507E-06 5.86528E-08 5.81140E-11 8.14985E-09
 -1       798-1.17092E-05 3.27828E-06 3.27845E-06 7.69870E-08 8.84050E-12 1.11588E-08
 -1       799-1.19742E-05 3.35320E-06 3.35234E-06 5.85369E-08-2.63138E-11 8.00543E-09
 -1       800-1.21262E-05 3.39643E-06 3.39544E-06 7.77600E-08 1.73283E-10 1.13954E-08
 -1       801-1.23942E-05 3.46811E-06 3.47206E-06 5.97881E-08 1.39505E-10 7.89485E-09
 -1       802-1.25438E-05 3.50723E-06 3.51294E-06 7.58952E-08-6.31248E-10 1.02075E-08
 -1       803-1.28144E-05 3.59971E-06 3.57995E-06 5.44082E-08 4.27729E-10 7.14958E-09
 -1       804-1.29437E-05 3.65977E-06 3.62371E-06 8.36983E-08 2.20692E-09 1.10452E-08
 -1       805-1.32187E-05 3.65468E-06 3.72966E-06 5.94490E-08 1.52491E-09 5.56654E-09
 -1       806-1.33481E-05 3.62326E-06 3.74118E-06-2.81425E-08 4.10682E-10 2.99971E-08
 -1       807-1.35671E-05 4.05336E-06 3.76707E-06-8.86348E-08 3.81655E-09-4.61914E-10
 -1       808-1.42514E-05 4.25981E-06 3.78481E-06-4.65203E-08 5.83656E-08 2.45109E-07
 -1       809-1.34826E-05 2.87484E-06 3.26600E-06 1.49235E-06 6.47329E-09-1.16440E-08
 -1       810-4.53264E-07 1.20779E-07 1.29396E-07 2.50841E-08 7.10289E-11 9.88644E-10
 -1       811-8.53458E-07 2.33012E-07 2.39702E-07 7.02028E-08 5.74732E-10-3.38704E-09
 -1       812-1.26229E-06 3.52215E-07 3.53424E-07 7.64325E-08 3.33516E-11-4.44386E-09
 -1       813-1.68213E-06 4.71074E-07 4.70887E-07 7.60495E-08 1.04404E-10-4.23802E-09
 -1       814-2.10330E-06 5.88816E-07 5.89103E-07 7.59576E-08 1.86396E-10-4.10582E-09
 -1       815-2.52481E-06 7.06753E-07 7.06957E-07 7.58299E-08 8.57758E-11-3.75512E-09
 -1       816-2.94602E-06 8.24963E-07 8.24864E-07 7.58472E-08 2.63050E-10-3.21614E-09
 -1       817-3.36790E-06 9.42945E-07 9.43097E-07 7.57185E-08 6.56441E-11-2.88688E-09
 -1       818-3.78953E-06 1.06105E-06 1.06096E-06 7.56659E-08-9.60594E-11-2.67880E-09
 -1       819-4.21129E-06 1.17925E-06 1.17915E-06 7.55742E-08 1.11992E-10-2.69299E-09
 -1       820-4.63377E-06 1.29728E-06 1.29761E-06 7.56938E-08 1.83775E-10-2.33313E-09
 -1       821-5.05547E-06 1.41553E-06 1.41584E-06 7.54886E-08 6.40284E-11-1.98034E-09
 -1       822-5.47827E-06 1.53383E-06 1.53391E-06 7.53419E-08 2.51519E-10-1.58382E-09
 -1       823-5.90018E-06 1.65214E-06 1.65187E-06 7.51870E-08 1.14284E-10-1.56565E-09
 -1       824-6.32331E-06 1.77048E-06 1.77065E-06 7.51235E-08-9.24960E-11-1.41891E-09
 -1       825-6.74557E-06 1.88867E-06 1.88898E-06 7.52427E-08 2.09659E-11-1.37499E-09
 -1       826-7.16788E-06 2.00708E-06 2.00700E-06 7.52720E-08 1.12159E-10-1.32902E-09
 -1       827-7.59150E-06 2.12544E-06 2.12562E-06 7.52298E-08 9.90902E-11-9.17137E-10
 -1       828-8.01316E-06 2.24363E-06 2.24362E-06 7.53937E-08-8.75462E-12-8.49379E-10
 -1       829-8.43594E-06 2.36206E-06 2.36198E-06 7.54254E-08-8.88096E-11-8.28621E-10
 -1       830-8.85852E-06 2.48034E-06 2.48043E-06 7.52984E-08 7.51936E-11-6.98101E-10
 -1       831-9.28092E-06 2.59870E-06 2.59880E-06 7.51818E-08 1.48585E-10-6.35276E-10
 -1       832-9.70415E-06 2.71706E-06 2.71719E-06 7.50772E-08 1.25371E-10-3.07020E-10
 -1       833-1.01268E-05 2.83552E-06 2.83553E-06 7.47554E-08-4.46103E-11-2.23957E-10
 -1       834-1.05501E-05 2.95409E-06 2.95396E-06 7.49039E-08-1.11714E-10-3.46732E-10
 -1       835-1.09725E-05 3.07229E-06 3.07252E-06 7.50344E-08 1.61045E-10-2.95111E-10
 -1       836-1.13955E-05 3.19069E-06 3.19082E-06 7.48004E-08 7.79058E-11-1.96717E-10
 -1       837-1.18188E-05 3.30892E-06 3.30907E-06 7.47649E-08-7.54418E-11-1.82982E-10
 -1       838-1.22416E-05 3.42876E-06 3.42764E-06 7.55596E-08-3.89500E-11-5.01567E-10
 -1       839-1.26649E-05 3.54097E-06 3.54679E-06 7.42502E-08 7.86826E-10 5.32747E-10
 -1       840-1.30695E-05 3.69489E-06 3.65927E-06 8.24037E-08-1.44075E-09-1.60777E-09
 -1       841-1.34761E-05 3.65878E-06 3.77733E-06-2.93404E-08 2.38152E-09-2.41610E-08
 -1       842-1.43910E-05 4.30015E-06 3.82141E-06-4.58419E-08-5.31565E-08-2.54606E-07
 -1       843-1.22135E-10 1.04357E-11-6.15648E-12 5.72389E-07-1.75342E-11 7.08365E-11
 -1       844 2.94151E-10 3.31626E-11-1.36885E-10 5.31583E-07-1.38496E-12 4.65003E-10
 -1       845-3.59365E-10-5.39254E-11 2.24654E-10 5.25065E-07 1.20470E-10 5.67285E-10
 -1       846 2.42837E-10-1.61515E-11-1.73158E-10 5.25150E-07 7.74830E-11 8.87572E-10
 -1       847-2.85718E-10 5.29990E-11 7.25752E-11 5.25312E-07-2.28339E-11 1.10149E-09
 -1       848-2.39533E-10 2.38926E-11 1.34152E-10 5.25492E-07 1.63747E-11 1.31938E-09
 -1       849 3.23902E-10 2.87948E-11-2.66048E-10 5.25258E-07-7.81363E-11 1.74397E-09
 -1       850-2.74576E-10-5.76664E-11 3.06913E-10 5.25332E-07-1.54621E-11 1.74989E-09
 -1       851 4.44066E-10-5.70400E-11-1.65805E-10 5.25285E-07 4.08420E-11 1.83272E-09
 -1       852 2.51780E-10 5.21449E-12-2.20747E-10 5.25313E-07 9.37020E-11 1.99051E-09
 -1       853 9.45005E-11-8.06416E-11 7.64031E-11 5.25588E-07 2.00071E-11 2.21477E-09
 -1       854 3.98600E-10-1.42051E-10-1.68333E-11 5.25257E-07-3.29800E-11 2.38259E-09
 -1       855 4.13007E-10-6.50749E-11-1.04494E-10 5.25294E-07 1.52356E-11 2.43753E-09
 -1       856 2.64326E-10-1.80956E-11-5.64495E-11 5.25155E-07 3.87568E-11 2.48702E-09
 -1       857-9.52199E-11-1.47561E-11-7.69420E-11 5.25272E-07 1.40715E-11 2.55668E-09
 -1       858-2.21479E-10-2.42198E-13 3.80024E-11 5.25354E-07-3.83461E-11 2.70335E-09
 -1       859-5.41010E-11-2.90247E-13-2.26171E-12 5.25368E-07 5.12664E-12 2.66540E-09
 -1       860 1.50379E-10-2.90866E-11-3.48570E-11 5.25210E-07 9.49706E-12 2.80376E-09
 -1       861 5.72057E-11-2.09650E-11-7.91346E-11 5.25177E-07-1.42449E-11 2.78376E-09
 -1       862 3.73284E-11-1.37702E-10 1.00887E-10 5.25188E-07 2.03029E-11 2.86112E-09
 -1       863 7.60206E-10-9.63638E-11-3.27572E-10 5.25312E-07 6.22400E-11 2.97308E-09
 -1       864 5.13752E-10-1.44895E-10 8.04360E-11 5.25076E-07 1.56222E-11 2.97890E-09
 -1       865 9.44868E-10-1.93402E-10-2.25728E-10 5.25460E-07-1.72850E-11 3.15538E-09
 -1       866 5.21076E-10-6.05496E-11-3.87442E-10 5.25099E-07 3.39943E-13 3.00774E-09
 -1       867-3.48153E-10-1.00575E-10 3.81680E-10 5.25118E-07 5.71868E-11 2.81477E-09
 -1       868 4.64990E-10 6.66327E-11-2.95528E-10 5.25209E-07 4.80763E-11 3.14763E-09
 -1       869-4.67669E-10 5.17531E-11 5.61164E-11 5.25186E-07-8.29646E-12 3.12979E-09
 -1       870 5.57277E-11-5.80132E-11-1.60905E-10 5.25139E-07-1.38020E-11 3.16239E-09
 -1       871 5.78993E-12-6.54842E-11-3.84981E-11 5.24956E-07-2.37012E-11 3.37133E-09
 -1       872 6.52820E-10-1.65134E-10-2.17264E-11 5.23925E-07 1.36802E-11 3.40470E-09
 -1       873 7.35251E-10-1.85810E-10-7.30598E-11 5.30639E-07-1.11966E-10 3.73621E-09
 -1       874 3.13071E-10-1.49508E-10 2.44972E-11 5.67687E-07-2.86269E-10 6.10215E-09
 -1       875 4.15570E-10-1.57160E-11-2.04278E-10 8.59392E-07-5.56051E-10 1.28757E-08
 -1       876 3.27465E-11 1.40053E-11 2.13566E-10 5.85416E-07-1.39307E-09-6.65639E-11
 -1       877-6.36097E-12 4.06076E-11-2.82189E-11 4.93630E-07-3.74722E-11 2.03405E-10
 -1       878 1.85620E-07-6.05010E-08-5.27924E-08 3.08508E-07-3.02507E-11 2.52263E-10
 -1       879-4.48967E-12-9.85876E-11-3.11399E-11 5.85545E-07 1.50807E-09 6.45991E-11
 -1       880-4.15502E-10 1.38963E-10 5.16599E-11 5.39575E-07-2.41167E-10 2.68433E-10
 -1       881 4.69474E-12 5.66168E-11-4.76548E-11 5.25400E-07 3.48880E-11 1.66190E-10
 -1       882 4.13163E-07-1.14433E-07-1.17754E-07 3.12216E-07 7.68631E-11 5.36061E-10
 -1       883 5.87412E-10-2.04061E-10-2.05191E-10 5.39874E-07 2.17233E-10 3.48798E-10
 -1       884-9.08954E-10 2.16277E-10 3.41222E-10 5.32644E-07-4.27906E-11 4.39232E-10
 -1       885 4.39317E-12 2.11278E-12 9.30830E-11 5.12366E-07 1.12586E-10 4.90363E-10
 -1       886 6.29148E-07-1.76009E-07-1.76365E-07 3.12264E-07 1.36725E-10 5.79099E-10
 -1       887 6.15825E-10-2.67214E-10-9.79459E-11 5.33178E-07-3.13230E-11 4.72005E-10
 -1       888-1.54295E-09 5.03952E-10 3.91806E-10 5.32651E-07 1.58168E-10 5.74794E-10
 -1       889-3.79825E-11-1.61322E-11 5.00851E-11 5.09933E-07 1.14237E-10 6.07633E-10
 -1       890 8.40750E-07-2.35397E-07-2.35386E-07 3.12304E-07 4.59015E-11 8.55035E-10
 -1       891 1.69444E-09-4.76632E-10-5.75356E-10 5.33478E-07-1.78006E-11 5.38755E-10
 -1       892-2.58604E-09 7.60576E-10 6.68588E-10 5.32743E-07 2.44692E-11 7.44003E-10
 -1       893-2.91946E-11 1.32242E-11-5.53697E-11 5.09854E-07 2.85803E-11 8.90336E-10
 -1       894 1.05042E-06-2.94072E-07-2.94150E-07 3.12241E-07 4.35230E-11 1.17324E-09
 -1       895 2.25504E-09-6.53022E-10-5.45113E-10 5.33704E-07 8.15101E-12 7.93837E-10
 -1       896-3.63717E-09 1.06774E-09 1.03692E-09 5.32723E-07-4.28490E-11 8.95390E-10
 -1       897-1.27551E-10 1.68548E-11 1.06692E-10 5.10037E-07-2.09897E-11 1.05568E-09
 -1       898 1.26038E-06-3.52939E-07-3.52854E-07 3.12350E-07 1.28332E-10 1.33273E-09
 -1       899 3.44175E-09-9.92589E-10-9.97321E-10 5.33906E-07-1.96232E-12 9.21046E-10
 -1       900-4.85492E-09 1.42131E-09 1.23596E-09 5.32450E-07-1.23510E-11 1.05806E-09
 -1       901-1.25636E-10 8.14254E-12-7.95111E-11 5.10005E-07-4.31619E-11 1.30923E-09
 -1       902 1.47115E-06-4.11782E-07-4.11919E-07 3.12331E-07 4.44459E-11 1.70736E-09
 -1       903 5.09661E-09-1.43023E-09-1.50168E-09 5.33881E-07 5.11122E-11 1.24450E-09
 -1       904-6.64784E-09 1.82614E-09 1.97606E-09 5.32344E-07 8.52917E-11 1.12420E-09
 -1       905 3.54035E-11-1.26147E-11-1.66174E-11 5.10072E-07-4.93565E-11 1.48835E-09
 -1       906 1.68026E-06-4.70589E-07-4.70383E-07 3.12354E-07 3.86548E-12 1.69569E-09
 -1       907 6.45984E-09-1.89595E-09-1.64899E-09 5.34059E-07-2.87199E-11 1.26588E-09
 -1       908-8.00756E-09 2.27449E-09 2.22069E-09 5.32281E-07 7.14455E-11 1.24213E-09
 -1       909 2.34908E-10-5.20575E-11 4.16311E-11 5.09944E-07 5.23880E-11 1.63824E-09
 -1       910 1.89134E-06-5.29471E-07-5.29633E-07 3.12290E-07-4.79070E-11 1.90351E-09
 -1       911 8.61431E-09-2.41089E-09-2.41050E-09 5.34082E-07-4.74860E-11 1.21928E-09
 -1       912-9.83090E-09 2.74066E-09 2.63946E-09 5.32233E-07 1.12796E-10 1.32554E-09
 -1       913 2.90313E-10-5.11336E-11-1.73187E-10 5.10047E-07 8.52939E-11 1.60841E-09
 -1       914 2.10084E-06-5.88361E-07-5.88209E-07 3.12197E-07 9.92069E-11 1.86457E-09
 -1       915 1.03199E-08-2.83628E-09-2.85214E-09 5.34282E-07-3.10933E-11 1.32640E-09
 -1       916-1.17118E-08 3.23944E-09 3.35573E-09 5.32298E-07-6.27752E-11 1.46849E-09
 -1       917 1.95903E-10-5.26826E-11-6.94011E-11 5.10067E-07 5.01613E-11 1.84074E-09
 -1       918 2.31121E-06-6.47208E-07-6.47086E-07 3.12311E-07 2.66032E-11 2.05656E-09
 -1       919 1.20173E-08-3.38528E-09-3.37653E-09 5.34485E-07 1.16026E-10 1.52800E-09
 -1       920-1.35481E-08 3.83122E-09 3.87239E-09 5.31951E-07-1.71334E-11 1.57384E-09
 -1       921 2.06934E-10-1.15973E-10 1.08296E-11 5.09987E-07-8.22385E-12 1.99500E-09
 -1       922 2.52142E-06-7.05960E-07-7.06085E-07 3.12173E-07-8.09807E-11 2.28198E-09
 -1       923 1.42465E-08-4.08338E-09-4.00390E-09 5.34323E-07 4.85420E-11 1.59874E-09
 -1       924-1.58354E-08 4.44266E-09 4.43196E-09 5.31855E-07 6.91683E-11 1.70667E-09
 -1       925 3.65803E-10-9.23277E-11-4.87064E-11 5.10011E-07 8.16225E-12 2.04907E-09
 -1       926 2.73125E-06-7.64762E-07-7.64758E-07 3.12218E-07 6.32874E-11 2.26540E-09
 -1       927 1.64050E-08-4.59283E-09-4.59928E-09 5.34468E-07-1.28676E-10 1.59971E-09
 -1       928-1.81617E-08 5.14604E-09 5.03501E-09 5.31698E-07 3.29747E-11 1.65969E-09
 -1       929 2.18928E-10-1.97327E-11-7.93868E-11 5.09883E-07 2.04484E-11 2.17330E-09
 -1       930 2.94186E-06-8.23591E-07-8.23758E-07 3.12188E-07 1.83505E-11 2.30098E-09
 -1       931 1.87248E-08-5.19416E-09-5.25081E-09 5.34471E-07 4.63222E-11 1.65253E-09
 -1       932-2.07779E-08 5.80886E-09 5.80121E-09 5.31599E-07-2.32352E-11 1.73236E-09
 -1       933 1.39230E-10-2.73697E-11-6.68352E-11 5.09878E-07 1.54475E-11 2.20576E-09
 -1       934 3.15096E-06-8.82391E-07-8.82263E-07 3.12174E-07 7.50185E-12 2.30865E-09
 -1       935 2.06290E-08-5.82920E-09-5.77257E-09 5.34602E-07 5.66394E-11 1.74997E-09
 -1       936-2.31633E-08 6.45643E-09 6.52582E-09 5.31700E-07-2.48177E-11 1.82713E-09
 -1       937-8.26315E-11-1.25037E-11-1.47336E-11 5.09955E-07 8.69339E-12 2.26789E-09
 -1       938 3.36155E-06-9.41226E-07-9.41183E-07 3.12213E-07 1.09446E-10 2.45236E-09
 -1       939 2.30595E-08-6.45097E-09-6.53080E-09 5.34822E-07-2.30190E-11 1.80321E-09
 -1       940-2.54774E-08 7.15499E-09 7.09124E-09 5.31564E-07-8.72499E-12 1.76780E-09
 -1       941-1.14770E-10-2.38310E-11 7.65131E-12 5.10034E-07 6.86458E-12 2.28369E-09
 -1       942 3.57148E-06-1.00000E-06-9.99933E-07 3.12398E-07 2.82758E-11 2.35715E-09
 -1       943 2.53122E-08-7.16454E-09-7.08896E-09 5.34860E-07 3.58563E-11 1.84122E-09
 -1       944-2.76962E-08 7.79680E-09 7.68719E-09 5.31395E-07 2.43944E-11 1.85165E-09
 -1       945 1.37174E-10 3.89917E-12 2.66758E-12 5.09989E-07 6.19122E-12 2.39228E-09
 -1       946 3.78151E-06-1.05890E-06-1.05889E-06 3.12143E-07 4.55016E-11 2.56827E-09
 -1       947 2.79826E-08-7.88974E-09-7.77559E-09 5.34881E-07-1.23607E-11 1.85630E-09
 -1       948-3.06489E-08 8.57411E-09 8.48610E-09 5.31346E-07 4.59826E-11 1.88693E-09
 -1       949-1.89572E-11 7.11044E-12-5.24576E-11 5.09858E-07-1.12747E-11 2.46152E-09
 -1       950 3.99200E-06-1.11774E-06-1.11780E-06 3.12201E-07-3.89204E-12 2.57674E-09
 -1       951 3.07343E-08-8.60403E-09-8.63472E-09 5.34888E-07-4.33949E-11 1.89035E-09
 -1       952-3.29127E-08 9.16771E-09 9.36020E-09 5.31216E-07 6.26234E-12 1.84804E-09
 -1       953 8.39918E-11-9.78186E-11-2.62178E-11 5.09839E-07-1.23316E-11 2.47455E-09
 -1       954 4.20150E-06-1.17650E-06-1.17635E-06 3.12164E-07 7.17840E-11 2.55108E-09
 -1       955 3.31474E-08-9.37892E-09-9.26300E-09 5.34889E-07 1.88858E-12 1.98424E-09
 -1       956-3.50575E-08 9.89355E-09 9.77466E-09 5.31292E-07-1.84646E-11 1.88963E-09
 -1       957 4.76330E-10-1.48919E-10-1.19007E-10 5.09862E-07 5.84752E-11 2.47290E-09
 -1       958 4.41252E-06-1.23540E-06-1.23550E-06 3.12217E-07 5.55908E-11 2.63209E-09
 -1       959 3.63136E-08-1.01305E-08-1.01968E-08 5.35048E-07 4.17330E-11 1.94867E-09
 -1       960-3.77218E-08 1.06100E-08 1.06669E-08 5.31051E-07 6.06574E-11 1.94234E-09
 -1       961 5.44266E-10-9.57255E-11-1.18560E-10 5.09913E-07 3.04456E-11 2.61056E-09
 -1       962 4.62215E-06-1.29425E-06-1.29420E-06 3.12109E-07-5.19094E-11 2.59383E-09
 -1       963 3.89422E-08-1.08873E-08-1.07376E-08 5.34921E-07 3.34035E-11 1.99699E-09
 -1       964-4.03515E-08 1.12440E-08 1.13201E-08 5.31273E-07-4.05865E-11 2.19939E-09
 -1       965 7.41496E-10-1.80368E-10-7.34489E-11 5.09946E-07-2.39173E-11 2.69662E-09
 -1       966 4.83229E-06-1.35306E-06-1.35305E-06 3.12260E-07 9.61742E-11 2.78032E-09
 -1       967 4.17789E-08-1.16632E-08-1.17041E-08 5.35317E-07-3.20287E-11 2.04124E-09
 -1       968-4.33743E-08 1.21558E-08 1.20031E-08 5.30934E-07-3.99963E-11 2.03907E-09
 -1       969 5.40113E-10-1.32294E-10-2.60618E-10 5.09853E-07 1.90924E-11 2.67092E-09
 -1       970 5.04269E-06-1.41182E-06-1.41197E-06 3.12065E-07 1.59972E-11 2.56504E-09
 -1       971 4.42510E-08-1.23116E-08-1.25283E-08 5.35116E-07 5.04594E-11 1.99360E-09
 -1       972-4.66041E-08 1.30049E-08 1.32410E-08 5.30842E-07 7.93526E-11 1.95067E-09
 -1       973 1.90599E-10-7.16011E-11-6.75211E-12 5.09844E-07 3.17202E-11 2.58135E-09
 -1       974 5.25170E-06-1.47057E-06-1.47043E-06 3.11999E-07-1.89175E-11 2.45771E-09
 -1       975 4.64954E-08-1.30235E-08-1.29164E-08 5.35184E-07 1.21595E-11 1.92746E-09
 -1       976-4.89550E-08 1.37918E-08 1.36665E-08 5.30906E-07 2.71415E-11 2.22973E-09
 -1       977 1.19251E-10-4.48814E-11-1.00389E-11 5.09785E-07 4.46508E-11 2.56146E-09
 -1       978 5.46259E-06-1.52940E-06-1.52960E-06 3.12316E-07 1.77674E-13 2.54143E-09
 -1       979 4.93683E-08-1.37720E-08-1.39741E-08 5.35166E-07-6.98516E-12 2.12915E-09
 -1       980-5.18564E-08 1.45472E-08 1.44450E-08 5.30966E-07-7.50789E-12 2.03947E-09
 -1       981-6.80411E-11 8.78490E-11-1.30634E-10 5.09901E-07-1.31422E-12 2.69391E-09
 -1       982 5.67172E-06-1.58824E-06-1.58801E-06 3.12110E-07 6.84582E-11 2.68686E-09
 -1       983 5.16811E-08-1.45425E-08-1.44358E-08 5.35260E-07 1.69821E-11 2.17166E-09
 -1       984-5.48381E-08 1.53095E-08 1.52129E-08 5.30786E-07-2.33592E-11 2.07826E-09
 -1       985-1.50628E-11 1.51442E-11-3.06324E-11 5.09823E-07 1.01633E-12 2.80907E-09
 -1       986 5.88224E-06-1.64698E-06-1.64712E-06 3.12037E-07-9.38021E-12 2.76817E-09
 -1       987 5.45897E-08-1.53603E-08-1.53890E-08 5.35153E-07-3.03402E-11 2.10766E-09
 -1       988-5.76191E-08 1.60187E-08 1.61796E-08 5.30826E-07 5.67235E-12 2.15159E-09
 -1       989-8.03775E-11-9.42466E-11-8.42766E-11 5.09523E-07-1.36006E-11 2.83094E-09
 -1       990 6.09241E-06-1.70591E-06-1.70572E-06 3.11826E-07-4.73200E-11 2.85837E-09
 -1       991 5.79503E-08-1.61005E-08-1.62906E-08 5.35267E-07 5.33766E-11 2.24463E-09
 -1       992-6.00059E-08 1.64038E-08 1.70438E-08 5.28389E-07-2.49291E-11 2.31239E-09
 -1       993 4.10643E-10-8.79183E-11-4.48028E-11 5.10344E-07-1.62917E-11 3.01871E-09
 -1       994 6.30149E-06-1.76446E-06-1.76545E-06 3.13843E-07-6.21694E-11 2.53967E-09
 -1       995 6.10411E-08-1.67495E-08-1.71251E-08 5.32977E-07-2.30327E-11 2.24535E-09
 -1       996-6.24014E-08 1.65216E-08 1.80242E-08 5.42852E-07-1.06436E-09 2.37626E-09
 -1       997 6.35852E-10-1.94852E-10-5.23513E-11 5.07021E-07-3.68262E-11 3.27189E-09
 -1       998 6.52391E-06-1.82986E-06-1.81757E-06 3.04699E-07-3.78896E-10 2.54136E-09
 -1       999 6.35984E-08-1.69163E-08-1.82091E-08 5.47363E-07 9.20944E-10 2.27923E-09
 -1      1000-6.51120E-08 1.57913E-08 1.91676E-08 5.58243E-07 1.72596E-08 3.50823E-09
 -1      1001 4.86352E-10-1.57532E-10-4.60662E-11 5.53094E-07-1.81910E-10 4.57425E-09
 -1      1002 6.76178E-06-1.88661E-06-1.93699E-06 3.43794E-07-1.22458E-09 3.01187E-09
 -1      1003 6.60216E-08-1.60390E-08-1.92168E-08 5.62471E-07-1.75662E-08 3.56669E-09
 -1      1004-6.85723E-08 9.54186E-09 2.08298E-08 9.02168E-07 4.46912E-08 2.84962E-09
 -1      1005 3.29868E-10-9.26717E-11-8.00464E-11 5.12951E-07-4.32126E-10 8.16484E-09
 -1      1006 7.29752E-06-1.88262E-06-1.80752E-06 1.78137E-07-2.23335E-09 7.35358E-09
 -1      1007 6.91206E-08-9.57991E-09-2.11294E-08 9.05366E-07-4.53452E-08 2.83254E-09
 -1      1008 2.21390E-10-2.17739E-11-1.65674E-10 2.48512E-07-5.52099E-10 7.56697E-09
 -1      1009-1.86023E-07 6.04501E-08 5.30086E-08 3.08584E-07 3.43390E-11 1.69179E-10
 -1      1010-4.12634E-07 1.14369E-07 1.17602E-07 3.12198E-07 1.66010E-10 4.96162E-10
 -1      1011-6.29879E-07 1.75990E-07 1.76547E-07 3.12296E-07 2.02193E-10 9.12774E-10
 -1      1012-8.40346E-07 2.35445E-07 2.35222E-07 3.12312E-07 3.52170E-11 1.25754E-09
 -1      1013-1.05076E-06 2.94141E-07 2.94389E-07 3.12322E-07 6.24603E-11 1.45334E-09
 -1      1014-1.26064E-06 3.52925E-07 3.52950E-07 3.12417E-07 8.93979E-11 1.74982E-09
 -1      1015-1.47040E-06 4.11704E-07 4.11697E-07 3.12190E-07 1.43669E-10 2.26684E-09
 -1      1016-1.68099E-06 4.70592E-07 4.70763E-07 3.12273E-07-1.01796E-10 2.45114E-09
 -1      1017-1.89038E-06 5.29432E-07 5.29305E-07 3.12245E-07 1.99756E-11 2.53030E-09
 -1      1018-2.10071E-06 5.88261E-07 5.88195E-07 3.12242E-07 1.00131E-10 2.68730E-09
 -1      1019-2.31088E-06 6.47021E-07 6.46966E-07 3.12450E-07 1.18150E-10 2.97288E-09
 -1      1020-2.52072E-06 7.05790E-07 7.05931E-07 3.12204E-07 1.52411E-10 3.24098E-09
 -1      1021-2.73095E-06 7.64633E-07 7.64763E-07 3.12280E-07 7.02815E-11 3.40644E-09
 -1      1022-2.94091E-06 8.23530E-07 8.23449E-07 3.12165E-07 9.85314E-11 3.52009E-09
 -1      1023-3.15140E-06 8.82413E-07 8.82341E-07 3.12134E-07-6.41567E-11 3.49905E-09
 -1      1024-3.36145E-06 9.41163E-07 9.41179E-07 3.12217E-07 5.55484E-11 3.71601E-09
 -1      1025-3.57126E-06 9.99966E-07 9.99881E-07 3.12274E-07 5.41318E-11 3.78713E-09
 -1      1026-3.78170E-06 1.05887E-06 1.05889E-06 3.12203E-07-3.19054E-11 3.95382E-09
 -1      1027-3.99141E-06 1.11762E-06 1.11760E-06 3.12241E-07 4.66025E-11 4.02080E-09
 -1      1028-4.20147E-06 1.17636E-06 1.17642E-06 3.12173E-07 4.42190E-12 4.04742E-09
 -1      1029-4.41117E-06 1.23513E-06 1.23510E-06 3.12151E-07 1.39810E-11 4.19040E-09
 -1      1030-4.62137E-06 1.29397E-06 1.29411E-06 3.12178E-07 1.05723E-10 4.21798E-09
 -1      1031-4.83121E-06 1.35279E-06 1.35271E-06 3.12333E-07 1.19379E-10 4.31661E-09
 -1      1032-5.04146E-06 1.41161E-06 1.41159E-06 3.12140E-07-5.71077E-11 4.44398E-09
 -1      1033-5.25204E-06 1.47054E-06 1.47056E-06 3.12112E-07 3.62502E-11 4.18148E-09
 -1      1034-5.46148E-06 1.52932E-06 1.52926E-06 3.12089E-07 1.05300E-10 4.36748E-09
 -1      1035-5.67225E-06 1.58819E-06 1.58822E-06 3.12093E-07-4.56837E-12 4.52402E-09
 -1      1036-5.88192E-06 1.64691E-06 1.64680E-06 3.12129E-07-6.47346E-11 4.62347E-09
 -1      1037-6.09201E-06 1.70580E-06 1.70567E-06 3.11555E-07 6.16310E-11 4.69626E-09
 -1      1038-6.30114E-06 1.76424E-06 1.76547E-06 3.13882E-07 1.29857E-10 4.40739E-09
 -1      1039-6.52244E-06 1.82959E-06 1.81716E-06 3.04690E-07 3.26828E-10 4.48434E-09
 -1      1040-6.76168E-06 1.88638E-06 1.93711E-06 3.43991E-07 9.37127E-10 5.28451E-09
 -1      1041-7.29624E-06 1.88246E-06 1.80707E-06 1.78199E-07 1.50265E-09 1.02767E-08
 -3
    1PSTEP                         4           1           1          
  100CL  101 1.000000000        1041                     0    1           1
 -4  FORC        4    1
 -5  F1          1    2    1    0
 -5  F2          1    2    2    0
 -5  F3          1    2    3    0
 -5  ALL         1    2    0    0    1ALL
 -1         1-7.11784E-12 2.08204E+01 6.54605E-11
 -1         2-2.24576E-10 2.08204E+01-1.96584E-10
 -1         3 1.01173E+02 2.15785E+02 2.85551E+02
 -1         4-9.67202E+01 2.13135E+02-2.77793E+02
 -1         5 9.68337E+01 2.12901E+02-2.77654E+02
 -1         6-1.01317E+02 2.15623E+02 2.85492E+02
 -1         7-2.75679E-10 2.08204E+01 1.87641E-10
 -1         8-1.16665E-10 2.08204E+01 1.27995E-10
 -1         9 2.75825E-10 4.16409E+01 4.41755E-10
 -1        10 2.45273E-02-8.32975E+01-3.61734E-02
 -1        11 1.40174E-02-8.33443E+01 7.31349E-02
 -1        12 1.51925E-02 1.78104E-02 5.34281E-03
 -1        13-9.25704E-03 6.93814E-03 2.58525E-02
 -1        14 2.35981E-02 2.24817E-02 2.95807E-03
 -1        15-4.83582E-03-7.03081E-04 2.83291E-02
 -1        16-3.92971E-02 2.16831E-02 7.01297E-02
 -1        17 2.01386E-02-5.82949E-03 1.18531E-02
 -1        18 6.91078E-03-2.85897E-02 2.80585E-02
 -1        19-7.74175E-03-5.55953E-02 5.89553E-02
 -1        20 1.19902E-02-3.01527E-03 3.18094E-02
 -1        21 4.29898E-02 1.09706E-02-1.48714E-02
 -1        22 9.89834E-03 2.26619E-02-1.13559E-02
 -1        23-4.92802E-03 7.98208E-03 4.17983E-02
 -1        24-3.94275E-02-9.35658E-03 6.08281E-02
 -1        25 4.36491E-02-2.77658E-02-2.70302E-02
 -1        26-2.51240E-02-1.83848E-02-6.61623E-03
 -1        27 5.53651E-02 5.86168E-03-3.25524E-02
 -1        28-1.18923E-02 4.26163E-03 4.79546E-03
 -1        29-4.80371E-02 3.43872E-03 4.69881E-02
 -1        30 3.53495E-02 2.75336E-03-6.41694E-03
 -1        31-3.87309E-02 1.30475E-02 1.15216E-03
 -1        32 2.03441E-02-3.11167E-03 5.70435E-03
 -1        33 1.63532E-02-9.99272E-03 2.81318E-03
 -1        34-1.32020E-02 3.34541E-03-1.01495E-02
 -1        35 4.19242E-02-1.14818E-02 3.79934E-04
 -1        36-4.08043E-02-3.85379E-03 1.45154E-02
 -1        37-1.41759E-03-1.39507E-02-1.15892E-02
 -1        38 2.20319E-02 1.32657E-02-7.00871E-03
 -1        39-1.65990E-02 1.71731E-02-1.09449E-03
 -1        40-5.08781E-02-1.53383E-02 2.47264E-02
 -1        41-6.77631E-02 1.42536E-02 3.67088E-02
 -1        42 3.55173E-02 2.31447E-02-1.73834E-02
 -1        43 5.31284E-02-3.90506E-03-3.01142E-02
 -1        44 4.75385E-02-3.12417E-02 4.49857E-03
 -1        45 1.36119E-03 1.90357E-02 4.77929E-02
 -1        46 9.67474E-03 2.18021E-03-3.38444E-02
 -1        47-1.86443E-02 8.34531E-04-2.42404E-02
 -1        48 2.66951E-02-1.42863E-02-4.32745E-02
 -1        49-3.59004E-03-3.05375E-02-9.78865E-05
 -1        50 9.59381E-03 2.52773E-02-4.70184E-02
 -1        51-9.58953E-02 2.86748E-02 9.58427E-03
 -1        52-1.03697E-02 5.08930E-02-3.34813E-02
 -1        53-1.21249E-02-3.03585E-03-1.68113E-02
 -1        54-1.13702E-01-1.58861E-02 4.67452E-03
 -1        55 4.31736E-02-2.98987E-02-1.05097E-02
 -1        56-8.90413E-02 4.81347E-02-1.15018E-02
 -1        57 1.02989E-01 2.61539E-02-6.69160E-02
 -1        58-1.06059E-01-1.78119E-02 2.97944E-02
 -1        59 1.19889E-01 9.38124E-03-3.52327E-03
 -1        60-3.37628E-02-6.78080E-03-3.61199E-02
 -1        61-1.68777E-02 6.55512E-03-3.95083E-04
 -1        62 1.35311E-01-1.14996E-03-4.22300E-02
 -1        63-1.33317E-01-5.74211E-03 1.75454E-02
 -1        64 3.53603E-02 7.23250E-03 3.35921E-02
 -1        65-3.64817E-02-6.04529E-03-7.06225E-03
 -1        66-1.06471E-01 3.20467E-02-1.06268E-02
 -1        67 6.52303E-02-3.57643E-03 8.67423E-03
 -1        68-7.22758E-02 1.59651E-02-2.68040E-02
 -1        69 1.19155E-01-1.29313E-02-8.72071E-03
 -1        70 7.30678E-03 3.06697E-03 2.38092E-02
 -1        71-2.98422E-03 1.81970E-02-4.16218E-02
 -1        72 1.35567E-01-3.26211E-02-2.36817E-02
 -1        73 1.26059E-02 3.11751E-02 2.87013E-02
 -1        74 1.38055E-01-8.55006E-03-4.70100E-03
 -1        75-1.59099E-01-4.89232E-03 2.19195E-02
 -1        76-1.44030E-01-4.08169E-03 1.26157E-02
 -1        77-3.93424E-02 1.44664E-02-3.04928E-02
 -1        78-1.84891E-03-1.43455E-02 9.46570E-03
 -1        79 3.34391E+00 1.05740E+02 8.85144E+00
 -1        80 2.37802E+03-3.18487E+02-5.75310E+02
 -1        81-2.44215E+03-3.14552E+02 5.85590E+02
 -1        82 1.49146E-02-1.05169E-02 2.49938E-02
 -1        83 1.15173E-02-2.28704E-02 2.93964E-02
 -1        84-6.40663E-03 3.57664E-03 3.67650E-02
 -1        85 1.27942E-02 1.21590E-03-1.15989E-02
 -1        86 5.20779E-02 5.02850E-02-5.26793E-02
 -1        87-2.67706E-02 5.33241E-03 4.20641E-02
 -1        88-1.00841E-02-1.46773E-03-2.27168E-03
 -1        89-4.19290E-02-2.34336E-02-1.61684E-03
 -1        90 3.42851E-02 1.24509E-02-9.90755E-03
 -1        91 1.51161E-02 3.91224E-02 7.54121E-03
 -1        92 5.48877E-03-3.21148E-03-2.69058E-03
 -1        93 1.31422E-02-2.06008E-02-5.69001E-02
 -1        94 3.67138E-03 7.43059E-03-8.83597E-03
 -1        95 4.14749E-03 9.50172E-04 2.89363E-02
 -1        96-3.50111E-02 8.76724E-03 4.72980E-02
 -1        97-3.80573E-02 1.60278E-02 1.91857E-02
 -1        98 2.30418E-02-6.72804E-03-4.98683E-02
 -1        99-5.53431E-03-3.23670E-02-1.89151E-02
 -1       100 1.78033E-02 5.34148E-04 1.15209E-03
 -1       101-6.90120E-03 8.88360E-03 1.81307E-02
 -1       102 2.67265E-02-7.52292E-03-1.16261E-02
 -1       103 2.83434E-03-1.80782E-02-1.33738E-02
 -1       104-1.86572E-02 2.03156E-02 2.41594E-02
 -1       105 1.07345E-02 3.34845E-04-1.63140E-02
 -1       106-2.05329E-02-1.04680E-02 6.81727E-03
 -1       107 1.49772E-02 9.28031E-03 4.10606E-03
 -1       108 1.17394E-02 1.89811E-03-1.31810E-02
 -1       109 3.90451E-02 9.82169E-03-1.38160E-02
 -1       110 3.39169E-03-1.26367E-02-5.69159E-03
 -1       111-3.08482E-02-3.50018E-03 2.40221E-02
 -1       112 4.87475E-02 1.35259E-02-1.61429E-02
 -1       113 4.38566E-02-5.92592E-03-2.51348E-02
 -1       114-4.63653E-02-1.98959E-02 1.09661E-02
 -1       115 3.62929E-02-5.18717E-03-5.21192E-02
 -1       116-2.84829E-02-4.67098E-04-1.92201E-02
 -1       117 4.94106E-02 4.83268E-02-4.70431E-02
 -1       118-7.68134E-03-1.39370E-02-2.16387E-02
 -1       119-6.39056E-02-2.96224E-02 1.12068E-02
 -1       120 6.99633E-02 1.06702E-02-8.66817E-03
 -1       121-3.60245E-02-3.75426E-03 3.11524E-02
 -1       122 1.22978E-01 4.79121E-02 2.00590E-02
 -1       123-7.88001E-02-8.83854E-03-4.45834E-03
 -1       124 4.28465E-02 1.81655E-03-2.39506E-02
 -1       125-1.08799E-03 1.56215E-02-1.48241E-02
 -1       126-2.98107E-02 2.01887E-02 3.23214E-02
 -1       127 5.84159E-02 2.52847E-03-2.40525E-02
 -1       128-3.66946E-02 2.25381E-02 4.73996E-03
 -1       129 3.80702E-02-2.19356E-02-1.49315E-02
 -1       130 1.06853E-01-3.03691E-02-3.00145E-02
 -1       131-8.73579E-02 2.70473E-02 6.08432E-02
 -1       132 3.53767E-02 3.02926E-02 1.92894E-02
 -1       133-7.19091E-02-2.17592E-02 2.57247E-03
 -1       134 3.52420E-02 5.39803E-03-1.01045E-02
 -1       135-3.42305E-02 3.67127E-03-7.38865E-03
 -1       136-3.11213E-02 2.63011E-02 2.48842E-02
 -1       137 1.00820E-01-9.61905E-03-4.83404E-02
 -1       138-1.22167E-01 7.90301E-03 5.63724E-02
 -1       139 4.15245E-02 8.76835E-03 4.18055E-05
 -1       140 3.74943E-02-3.20526E-02-4.74423E-02
 -1       141-6.54927E-02 2.30964E-02 3.34045E-02
 -1       142-1.00855E-01 1.28015E-02 1.61864E-02
 -1       143-2.79497E-02-1.09345E-02 8.73245E-03
 -1       144 2.32235E-02-2.43589E-02-1.01220E-02
 -1       145-8.83770E-02 2.01093E-02 1.51752E-02
 -1       146-7.34518E-02-3.84766E-03-1.82474E-02
 -1       147 7.72620E-02 1.64041E-02 9.74777E-03
 -1       148 9.29729E-03-5.95095E-02-3.28316E-02
 -1       149 4.73655E+02 4.33726E+02 3.59815E+00
 -1       150-3.11130E+03 4.26400E+02 5.47948E+01
 -1       151-3.06497E+03 4.16898E+02-6.92711E+01
 -1       152-3.41390E+00 1.05571E+02 8.91644E+00
 -1       153 2.44105E+03-3.13824E+02 5.84977E+02
 -1       154-2.37644E+03-3.17727E+02-5.74601E+02
 -1       155-4.73794E+02 4.33770E+02 3.48699E+00
 -1       156 3.06571E+03 4.16543E+02-6.96583E+01
 -1       157 3.11106E+03 4.26818E+02 5.43177E+01
 -1       158 4.23839E-12-1.58813E-12 1.18394E-12
 -1       159-1.24794E-02 3.08248E-02-2.20171E-03
 -1       160 1.12827E-02 2.38953E-03 5.13122E-03
 -1       161-1.92905E-02-4.28161E-03 2.15971E-02
 -1       162-4.79197E-02 1.07233E-02 2.05822E-02
 -1       163 4.92652E-02 2.13757E-02-5.53217E-03
 -1       164 7.15966E-03-2.36305E-02-1.52213E-02
 -1       165-2.04160E-02-1.91759E-02-6.90162E-03
 -1       166-6.66573E-03 5.25776E-03 8.67752E-03
 -1       167-4.75229E-02 2.13564E-02 2.52482E-02
 -1       168 4.01977E-02-6.60607E-03-2.96189E-02
 -1       169-6.25356E-02-2.01508E-02 1.61392E-02
 -1       170 1.74253E-02 1.46497E-02 8.43787E-03
 -1       171 4.77051E-02 7.55500E-03 7.29556E-03
 -1       172 1.26120E-02-5.83618E-03-4.48521E-04
 -1       173-1.59650E-02-3.36993E-03-7.60889E-03
 -1       174-2.68264E-03 9.35110E-03 1.73674E-03
 -1       175-6.17328E-03-2.38801E-02 1.88918E-02
 -1       176 1.88329E-02 1.53859E-02 9.89942E-03
 -1       177-2.38404E-02 1.72468E-02-5.73288E-03
 -1       178-6.40007E-02-2.62220E-02 7.05008E-03
 -1       179 2.31608E-02-2.13153E-03-5.22506E-03
 -1       180 6.52739E-03 5.07680E-02 3.85669E-02
 -1       181 3.99106E-02 3.83763E-03 2.40275E-02
 -1       182 5.27827E-02-4.95986E-03-3.40742E-02
 -1       183-1.12656E-02 4.13602E-03-7.82182E-03
 -1       184 5.13687E-02 6.70779E-03-2.27424E-02
 -1       185 5.07581E-02 3.92488E-02-1.56252E-03
 -1       186-1.41176E-02 2.46311E-02 1.89725E-02
 -1       187-4.40759E-03 3.94120E-04-3.79264E-03
 -1       188-5.86244E-02-2.30710E-02 1.72542E-02
 -1       189 4.77232E-02-2.33983E-02-6.35357E-02
 -1       190-3.46357E-02-2.78465E-02 5.77879E-03
 -1       191 1.53190E-05-7.45991E-03-2.85998E-02
 -1       192 5.45430E-03-3.66364E-02 1.06095E-02
 -1       193 3.85031E-02 1.03942E-02-2.29406E-02
 -1       194 3.83668E-02-2.66535E-02-3.37544E-02
 -1       195 1.06671E-01-2.95342E-02-9.09401E-03
 -1       196-1.27725E-01-9.34740E-03 4.58728E-03
 -1       197-6.76499E-02 3.51566E-02 3.98797E-02
 -1       198 1.08107E-01-9.81266E-03-3.01840E-02
 -1       199-2.82764E-02 1.03435E-02 1.78824E-02
 -1       200 2.41479E-01 9.00378E-03-3.62267E-02
 -1       201-1.10188E-01-6.57660E-03 7.65106E-04
 -1       202 1.10127E-01-9.01707E-03-9.54707E-03
 -1       203-4.01290E-02-4.03155E-03 2.46695E-03
 -1       204-9.68269E-02 3.20593E-03-2.09662E-02
 -1       205-9.11012E-02-2.27100E-02-1.48629E-02
 -1       206-2.41099E-02 7.02142E-03 4.54698E-02
 -1       207 2.13718E-02-1.38737E-02 7.07939E-04
 -1       208 5.43429E-02 2.84577E-02-2.27745E-02
 -1       209 5.40165E-02 8.03328E-03-2.62439E-02
 -1       210-1.87054E-02-3.81447E-03 2.62600E-02
 -1       211 4.80888E-02-4.25870E-02 6.89141E-03
 -1       212-8.14379E-02-2.21665E-02-7.06680E-03
 -1       213-4.43619E-02-5.68177E-02-4.92185E-02
 -1       214 7.97647E-02 3.75892E-02-7.46269E-02
 -1       215-1.11934E-01 1.93383E-02 1.45186E-02
 -1       216-1.92650E-02 7.02498E-03 4.09892E-02
 -1       217-1.02703E-01-1.64171E-03-1.03745E-03
 -1       218-1.43951E-01-2.94705E-02 1.35718E-04
 -1       219 8.94661E-02-3.19107E-02-2.74046E-02
 -1       220-8.10260E-02-1.67004E-02 1.75316E-02
 -1       221 1.56920E-01-1.08484E-03-3.75847E-02
 -1       222-9.53873E-02-1.64661E-02-2.60457E-03
 -1       223 7.45917E-02-1.53189E-03 1.34585E-03
 -1       224-9.35346E-03-2.65788E-03-4.80350E-03
 -1       225 2.57491E-03 4.16428E+01-2.10845E-03
 -1       226-3.50074E-03-8.32865E+01-5.28750E-03
 -1       227 5.97344E-02-8.33647E+01-5.42742E-02
 -1       228-7.15364E-12 4.42354E-13 1.11799E-13
 -1       229-6.60873E-03-5.60534E-03 4.01736E-03
 -1       230-4.38771E-02 6.32118E-04 3.35089E-02
 -1       231-2.90419E-02-5.60312E-03 2.95540E-02
 -1       232 3.81094E-02 8.36926E-03-2.48537E-02
 -1       233-2.61390E-03 2.75838E-03 8.40217E-03
 -1       234 6.33383E-03 1.11118E-02-1.74595E-02
 -1       235 5.67464E-02-3.24748E-03-8.02485E-03
 -1       236-1.02426E-01-9.28694E-03 6.36790E-02
 -1       237-5.78430E-02 2.42048E-02-1.20617E-02
 -1       238 5.03709E-02-2.60098E-02-1.30650E-02
 -1       239 3.16421E-02-1.68616E-03-2.25207E-02
 -1       240-2.78337E-02-6.04796E-04 1.89698E-02
 -1       241 1.14660E-02-4.40948E-03 3.22819E-03
 -1       242-1.80382E-02 5.38886E-03 1.68946E-03
 -1       243 4.81722E-02 6.23982E-03-1.77632E-02
 -1       244-6.42930E-03 1.57031E-02-1.83807E-02
 -1       245-1.12701E-02-2.92994E-02 4.20915E-02
 -1       246 3.80968E-02 1.08463E-02-2.29195E-03
 -1       247-2.10843E-02 1.17510E-02-7.91280E-03
 -1       248 2.98800E-02-1.99107E-02-1.87580E-02
 -1       249-2.41231E-02 1.95177E-02-1.46759E-02
 -1       250-3.00824E-02 4.20684E-02 2.56674E-02
 -1       251-4.17394E-02-2.09843E-03 1.23051E-02
 -1       252 1.07089E-02-1.67407E-02-7.01032E-03
 -1       253 5.55251E-02-1.66153E-03-2.57559E-02
 -1       254 2.02696E-02-1.16543E-02-3.00796E-02
 -1       255-4.16346E-04-3.49053E-02 1.60803E-02
 -1       256-1.65234E-02-1.56094E-02 5.99385E-03
 -1       257-7.79922E-03-2.33488E-02-1.79982E-02
 -1       258-4.59760E-02 2.70884E-02 8.82448E-02
 -1       259-6.07447E-02 2.62329E-02 4.76009E-02
 -1       260-1.61493E-02-3.50272E-02-1.54385E-02
 -1       261-5.60970E-02-4.03406E-02-1.77534E-03
 -1       262 5.02549E-02 2.58769E-02-2.51651E-02
 -1       263 4.76937E-02 1.18984E-02 1.55317E-03
 -1       264 6.50550E-02 1.80919E-02-2.35609E-02
 -1       265-1.15525E-02-6.95711E-02 2.41550E-02
 -1       266-1.63896E-01 3.59133E-02 3.18186E-02
 -1       267 6.33463E-02 2.91815E-02-3.28130E-02
 -1       268 9.22687E-03-7.70586E-02-2.26085E-02
 -1       269 1.79012E-01 5.15428E-02-3.32067E-02
 -1       270 5.56817E-02-2.36416E-02 6.02829E-02
 -1       271-2.59125E-02 2.64656E-02-3.96284E-02
 -1       272-9.56395E-02-1.44834E-02 3.79428E-02
 -1       273 9.60189E-02 4.30828E-03-2.57872E-02
 -1       274-1.15948E-01 3.44331E-02 9.40078E-03
 -1       275 2.93939E-02-4.10955E-02 4.20472E-02
 -1       276-1.14402E-01 1.14384E-02-1.55568E-02
 -1       277-6.64854E-02-1.52624E-02 3.81974E-02
 -1       278 1.59799E-01 1.19482E-02-8.57518E-02
 -1       279-1.29380E-01-3.69290E-03 1.05700E-02
 -1       280 1.27021E-01-9.54662E-03-1.16014E-02
 -1       281-2.20148E-02-5.35161E-03-9.38999E-03
 -1       282-1.89824E-02-5.24216E-03 4.83174E-02
 -1       283 8.05954E-02-3.57820E-02-1.08068E-02
 -1       284-2.90401E-02 1.16892E-03 4.11565E-02
 -1       285 6.43884E-02-1.10974E-02-1.61718E-02
 -1       286-7.64593E-02-3.79245E-03-2.60315E-02
 -1       287-3.76414E-02-8.09111E-03 2.40573E-02
 -1       288 1.98208E-02 1.66342E-02-3.29481E-02
 -1       289-2.73233E-02 1.45960E-02 3.07700E-02
 -1       290 1.66201E-02-1.29420E-02-3.18424E-02
 -1       291-3.71748E-03-3.28068E-02-2.82900E-02
 -1       292 6.82398E-02-1.29929E-02-3.80473E-02
 -1       293-7.92461E-02 3.77170E-02 2.61639E-02
 -1       294-1.66088E-02-1.23968E-02 1.41925E-02
 -1       295-2.65324E-02 4.16409E+01-1.99637E-02
 -1       296 8.57277E-03-8.33062E+01 3.40903E-02
 -1       297 2.37969E-02-8.32670E+01-8.33358E-03
 -1       298-3.04374E-03 4.16178E+01-2.04573E-02
 -1       299-8.68378E-03-8.32970E+01-2.19955E-02
 -1       300-2.23035E-02-8.32964E+01 8.95333E-03
 -1       301 3.13333E-02 8.61803E-04-2.94733E-02
 -1       302-2.31982E-04 3.72025E-02 2.61167E-02
 -1       303-8.84470E-03 1.03376E-01 3.34216E-02
 -1       304-3.69052E-03 2.29955E-02 7.80647E-03
 -1       305-1.57361E-02 3.54847E-02 4.67227E-02
 -1       306-2.49020E-02-2.50637E-02 4.57033E-02
 -1       307-4.10324E-02-9.68678E-02 1.42334E-02
 -1       308-5.73512E-02-4.54979E-02 1.71705E-02
 -1       309 5.47093E-02 2.20865E-02 1.08357E-02
 -1       310 4.05474E-02 3.78820E-02-2.04368E-03
 -1       311 5.22610E-02 3.35198E-02-1.17392E-02
 -1       312-1.15184E-02-1.76932E-02 3.18906E-02
 -1       313-7.10752E-02 3.54873E-03 6.22028E-02
 -1       314 9.36879E-03-2.09525E-02-1.12990E-02
 -1       315-6.72274E-02-9.46158E-03 3.03384E-02
 -1       316-4.63108E-03 7.97982E-03-1.93546E-03
 -1       317 1.12960E-02-1.18463E-02-3.25319E-02
 -1       318-2.68539E-02 2.04473E-02 2.70100E-02
 -1       319-3.49923E-02 1.20062E-02 2.27149E-02
 -1       320 3.69355E-02 8.89253E-04-1.94516E-02
 -1       321 1.23015E-01-1.13363E-02-3.25273E-02
 -1       322 6.31582E-03-3.80866E-02-2.61489E-03
 -1       323-6.29918E-02 3.10621E-02 3.61702E-02
 -1       324 8.95649E-03-1.93306E-02-5.93610E-03
 -1       325-6.49883E-02-5.15113E-03 1.59478E-02
 -1       326-8.72479E-04-7.12590E-03-5.10750E-04
 -1       327 2.61086E-02 1.43405E-02-3.33498E-02
 -1       328 1.50814E-02 5.74725E-03 4.62184E-03
 -1       329-1.12740E-02-2.65659E-02 4.57308E-03
 -1       330-4.53465E-02 4.27232E-02 3.99919E-02
 -1       331 1.14636E-01 8.40148E-03-2.35893E-02
 -1       332 9.32362E-02-1.03551E-02-3.93748E-02
 -1       333-6.67523E-03-2.03471E-02-5.24586E-03
 -1       334-1.56123E-02-6.66703E-02-6.44497E-02
 -1       335-8.42831E-03 5.36109E-02 4.71765E-02
 -1       336 4.55898E-02-1.78669E-02-5.70725E-02
 -1       337 9.32752E-02-5.70746E-02-1.07321E-01
 -1       338 1.86977E-03-2.99957E-02-3.23109E-02
 -1       339-7.26542E-02-2.83285E-02-5.98726E-02
 -1       340-4.64311E-02 7.46495E-03-1.67662E-02
 -1       341 5.63865E-02-5.21276E-02-2.51287E-02
 -1       342 8.20960E-03-5.68526E-02-5.20042E-03
 -1       343 2.52239E-02-4.32757E-02 1.93974E-02
 -1       344 2.05727E-02 3.75364E-02 4.01227E-02
 -1       345 7.39966E-02 4.80175E-02-2.48180E-02
 -1       346-1.11675E-03 8.32986E-03 3.69943E-02
 -1       347-3.60724E-02-7.00588E-03 6.94457E-02
 -1       348 5.06047E-03 1.74471E-02 2.57106E-02
 -1       349 9.10896E-02-1.20109E-02-1.87683E-03
 -1       350-1.97820E-02 3.60891E-04-1.93138E-02
 -1       351-9.64184E-02-8.60270E-02-8.08840E-03
 -1       352-1.03895E-02 3.98567E-03-1.94449E-03
 -1       353-3.07378E-02-3.09129E-02-2.31368E-02
 -1       354 2.69734E-02-1.39258E-02 1.93005E-03
 -1       355-7.21590E-03-2.40382E-02-3.05473E-02
 -1       356 9.82358E-03-1.69114E-02 2.37099E-02
 -1       357-8.70679E-02 3.60317E-02 3.03450E-02
 -1       358-1.62393E-02-1.04611E-02 2.03353E-02
 -1       359 1.55382E-01-8.28383E-03-5.13159E-02
 -1       360-1.62458E-03-1.29347E-03-1.37563E-02
 -1       361-5.99106E-02 1.63488E-02 2.01066E-02
 -1       362-1.00947E-02-1.36181E-02-2.16992E-02
 -1       363 1.74708E-01 3.67275E-02-2.31524E-02
 -1       364-1.11435E-02-2.05082E-02 1.21880E-02
 -1       365 4.91582E-02-1.08903E-02-1.53506E-02
 -1       366-4.21004E-03 2.27080E-03 1.41346E-02
 -1       367-8.08133E-02 3.41116E-02 2.73772E-02
 -1       368 9.54742E-03 1.88601E-02 8.13484E-03
 -1       369 4.73495E-02-4.91917E-02-1.30131E-02
 -1       370 2.54675E-03-1.61818E-02-5.27230E-03
 -1       371 4.28364E-02-6.24565E-02 1.93819E-02
 -1       372-8.31108E-03 5.57839E-03-1.10982E-02
 -1       373-7.59418E-02 7.17346E-03 1.33245E-02
 -1       374 6.88858E-03 1.49096E-02-2.22751E-03
 -1       375-1.64383E-01-2.69040E-02-1.20013E-02
 -1       376 1.60914E-03 1.12298E-02-6.12033E-03
 -1       377-9.94341E-02 7.44318E-02-6.10368E-03
 -1       378-3.56189E-03-8.61553E-03 2.24281E-02
 -1       379 1.31126E-01-2.41084E-02-1.52365E-02
 -1       380-3.79390E-03 2.47953E-03-5.61285E-03
 -1       381-1.45719E-02 8.14585E-02-4.84937E-04
 -1       382 3.30629E-03-1.60289E-02-1.42511E-02
 -1       383 2.22806E-01 9.76350E-04-4.33740E-02
 -1       384 5.43408E-03-1.68335E-02 2.03710E-02
 -1       385-1.29778E-02-3.21871E-02 3.31386E-02
 -1       386 3.18284E-03 9.41243E-03 6.91109E-03
 -1       387-1.19256E-01 1.94678E-02 2.15975E-02
 -1       388 1.79342E-02-1.01048E-02-1.19021E-04
 -1       389 9.37248E-02-5.44048E-03-4.14743E-02
 -1       390 2.15481E-02 3.57433E-03 1.50618E-02
 -1       391-1.21280E-01 3.44025E-02 5.67703E-02
 -1       392-3.40118E-02-1.12356E-02-8.16418E-03
 -1       393-5.40492E-02-8.90940E-02-2.53928E-03
 -1       394 1.18750E-02 1.31729E-02-1.96756E-02
 -1       395-2.44932E-01-1.17177E-02 1.28228E-02
 -1       396-6.13865E-03 1.26903E-02-8.14311E-03
 -1       397-1.33398E-01 2.80451E-02-3.96411E-02
 -1       398-8.92716E-03 1.25719E-02 9.95077E-03
 -1       399 5.82200E-02 1.99140E-02 5.33907E-03
 -1       400 3.73802E-02-5.41893E-02 2.63936E-02
 -1       401 3.19925E-04-8.54282E-03-1.92462E-02
 -1       402 2.33825E-02 4.97663E-02 4.59726E-02
 -1       403-2.79983E-02-3.17816E-02 3.62619E-02
 -1       404 2.52022E-02-5.70387E-02 1.15563E-02
 -1       405 8.74209E-03-3.41434E-02-3.43669E-02
 -1       406-3.10660E-03 2.65270E-02 4.06082E-03
 -1       407 1.32340E-02 3.72603E-02 2.37820E-03
 -1       408 3.13990E-02 6.05994E-03 1.22531E-02
 -1       409 9.54235E-03 3.20089E-03-1.05451E-02
 -1       410-5.61259E-03 6.01175E-03-3.48107E-02
 -1       411 1.50590E-02-1.72033E-02 1.16862E-02
 -1       412-7.20955E-03 2.43493E-02-6.04415E-02
 -1       413 3.30472E-02 8.28394E-03-1.76758E-03
 -1       414-2.71406E-03 3.40972E-03 4.88001E-03
 -1       415 5.12232E-03-2.78568E-03 2.30622E-02
 -1       416 2.40401E-02-8.86120E-04 6.40248E-03
 -1       417-5.22380E-03 7.15842E-04-1.00152E-02
 -1       418 2.64841E-02-1.32530E-02 1.73110E-02
 -1       419 1.19992E-02 9.31177E-03 2.00352E-03
 -1       420-1.94923E-02-1.26070E-02-5.59677E-03
 -1       421 2.90272E-02-1.21706E-02-3.55341E-03
 -1       422-1.64033E-02 7.34179E-03-4.20263E-03
 -1       423-6.30115E-03-1.13400E-02 1.28676E-02
 -1       424-5.97132E-03 9.23853E-03-3.37283E-02
 -1       425-8.72082E-03 7.49793E-03 9.76841E-03
 -1       426 1.11056E-02 7.78594E-03 2.47433E-03
 -1       427-8.33883E-03-8.22825E-03-2.82290E-02
 -1       428 3.87405E-02-5.04892E-03 1.29132E-02
 -1       429-6.68370E-03 9.23367E-03 1.28988E-02
 -1       430 2.86738E-02-2.69219E-02 3.35105E-02
 -1       431 1.11608E-02-1.16890E-02-1.90012E-02
 -1       432-2.24782E-02 3.68036E-03-1.52805E-02
 -1       433 3.09032E-03 9.71808E-03 3.13929E-03
 -1       434-1.79133E-01 2.90385E+02 9.59047E+00
 -1       435 4.16983E+03-4.53943E+02-6.28269E+00
 -1       436-4.20275E+01-3.70969E+02-1.08497E+01
 -1       437 4.23865E+01-3.69737E+02-1.09233E+01
 -1       438-4.16939E+03-4.53930E+02-5.44469E+00
 -1       439-5.69159E-04-2.42064E-03 2.51795E-04
 -1       440-8.17325E-02 4.11221E-02 4.91907E-03
 -1       441-5.89347E-02-2.49684E-02 3.41722E-02
 -1       442-6.85245E-02 5.04452E-03 3.42171E-02
 -1       443 3.59003E-02 4.26439E-02 1.18111E-03
 -1       444 6.30288E-02-2.70900E-02-3.95111E-03
 -1       445-1.49130E-02 9.00764E-03-1.80231E-02
 -1       446 5.43955E-02-9.04205E-03-1.72920E-02
 -1       447-5.35108E-02 2.99944E-04 4.17698E-02
 -1       448-1.02540E-01 2.08149E-02 6.53041E-03
 -1       449-7.12990E-03-3.16533E-02 7.03706E-03
 -1       450-3.63782E-02 1.74594E-02-1.13542E-02
 -1       451 2.44818E-02-3.06388E-02 6.73307E-03
 -1       452 5.93402E-02-1.05290E-02 2.27496E-02
 -1       453-1.70108E-03 7.57785E-03 6.22111E-03
 -1       454 6.26394E-02 3.83438E-02-3.06438E-02
 -1       455-2.99485E-02 1.96151E-02-1.62199E-02
 -1       456-2.74191E-02-5.84728E-02 4.24365E-02
 -1       457 4.09408E-02 3.10917E-02 1.97421E-02
 -1       458-4.69836E-02 2.21991E-02 1.12715E-02
 -1       459 1.25300E-02-4.76356E-02-1.93470E-02
 -1       460 3.04493E-03 2.77304E-02-1.97781E-02
 -1       461-1.85561E-02 8.94174E-02 2.06757E-02
 -1       462-2.02838E-02 6.86006E-03 3.84586E-02
 -1       463 3.48370E-02-4.42587E-02-5.63778E-03
 -1       464 2.50167E-02-1.14440E-02-2.47353E-02
 -1       465 4.87477E-02 1.41392E-02-1.80976E-03
 -1       466 5.07659E-02-1.30935E-02 1.36849E-02
 -1       467-1.80412E-02 3.27484E-02 3.74393E-02
 -1       468-3.56544E-02-5.75351E-02-7.11860E-03
 -1       469-2.22189E-02-5.60881E-02 3.76805E-02
 -1       470-4.57532E-02-9.77884E-03-5.46440E-02
 -1       471 2.36490E-02 3.91257E-03 5.29170E-03
 -1       472-8.49186E-03-3.43861E-03-1.28552E-02
 -1       473-5.54598E-02 3.39194E-03-3.39522E-02
 -1       474-4.71570E-03 5.38255E-03 1.42647E-02
 -1       475 1.99362E-01-4.66830E-02 2.49459E-02
 -1       476 9.39575E-03 4.39309E-03-1.34421E-03
 -1       477 1.50302E-01 3.70656E-02-2.08377E-03
 -1       478-1.99815E-02 1.89558E-02 7.13788E-04
 -1       479 1.42170E-01 3.57172E-02-1.38323E-02
 -1       480 6.21211E-02-8.27767E-03 3.79166E-02
 -1       481-3.78407E-02-1.09672E-01-1.16405E-04
 -1       482-3.45452E-02-3.29146E-03-3.10474E-02
 -1       483-3.67692E-01 3.97752E-02 3.51427E-02
 -1       484-5.50556E-02-2.45012E-03-3.19410E-02
 -1       485 4.45829E-02 3.72282E-02 5.28238E-04
 -1       486 1.51202E-02-7.68153E-03-1.88272E-02
 -1       487 9.47574E-02-3.50137E-02-5.79185E-02
 -1       488-1.16594E-02-1.18567E-02 2.99828E-02
 -1       489 5.72333E-02-3.15948E-02-3.57013E-02
 -1       490-9.37563E-04-1.66111E-02 1.02825E-02
 -1       491 2.73974E-01-2.58868E-02 2.18353E-02
 -1       492-1.16907E-03 2.80293E-02 4.00897E-03
 -1       493 7.31884E-02 1.03670E-01-2.53229E-02
 -1       494 1.18942E-02 1.17682E-02-7.61090E-03
 -1       495 5.68017E-02-2.72300E-02 3.21608E-02
 -1       496 3.25884E-02 1.18774E-02 1.64071E-02
 -1       497 4.36993E-03 4.42468E-02-4.41168E-03
 -1       498-4.01818E-02 1.86526E-02-3.28837E-03
 -1       499-2.81062E-01-1.11150E-02-3.05270E-03
 -1       500 1.83136E-02-2.05502E-02 9.94326E-03
 -1       501-2.11550E-02-1.15175E-02-1.09706E-02
 -1       502 3.15484E-02-2.14517E-02 7.37445E-03
 -1       503-1.40240E-01-3.01259E-02 1.61741E-02
 -1       504-3.67980E-02 1.46630E-02-4.01323E-02
 -1       505-6.20481E-02-7.77209E-02 4.58646E-02
 -1       506-4.59926E-03 3.90939E-02-9.11271E-03
 -1       507 1.80246E-01 5.36528E-02-9.19926E-02
 -1       508 6.66692E-03-2.43093E-02-9.65745E-03
 -1       509-7.15927E-02 3.45515E-03-1.60992E-03
 -1       510 1.82005E-02-1.96189E-02 2.30550E-02
 -1       511 1.41521E-01 6.19480E-03-4.51819E-03
 -1       512-1.98376E-02-1.04477E-02 1.89674E-02
 -1       513 1.26106E-03-5.85222E-03-9.66783E-03
 -1       514-7.58036E-03-2.48058E-02-2.08901E-03
 -1       515-3.48964E-02-1.74689E-02 2.99755E-02
 -1       516 3.78754E-02-1.32759E-03 1.78000E-03
 -1       517 2.53342E-02 4.41805E-02-2.41443E-02
 -1       518 1.72851E-03 1.67586E-02 1.23576E-02
 -1       519 1.00690E-01-8.97876E-03-4.04167E-02
 -1       520 2.37239E-02-2.45862E-02 2.13753E-02
 -1       521-4.41213E-02-1.96198E-02-1.09148E-03
 -1       522 1.93435E-02-2.41650E-02 2.10448E-02
 -1       523-1.38138E-01 3.47396E-02 2.62556E-02
 -1       524-2.94167E-03 1.13855E-02-6.06852E-03
 -1       525-6.46208E-02-3.71569E-02-7.99529E-04
 -1       526-7.03456E-03 2.21692E-02 5.34024E-03
 -1       527-8.73873E-02-4.06469E-03-2.17384E-02
 -1       528 5.96310E-03-2.39468E-02 1.83584E-02
 -1       529 5.27417E-02 1.19136E-02 2.90395E-02
 -1       530-1.29478E-02 5.45103E-02 3.29193E-02
 -1       531 6.78479E-02 5.02508E-02-4.05906E-02
 -1       532 1.92014E-02-8.15596E-03-1.31210E-02
 -1       533 2.07094E-02 3.26545E-03 1.58312E-02
 -1       534 7.24270E-02-5.55558E-02 4.93550E-02
 -1       535 9.44043E-02 5.41924E-02 2.67246E-02
 -1       536 2.71869E-02-2.22541E-02 3.70531E-02
 -1       537-7.81120E-02 5.66339E-02-9.63468E-03
 -1       538 1.27547E-02-4.81748E-02 5.74547E-02
 -1       539 6.18384E-03 5.55102E-03 6.57846E-03
 -1       540-3.11664E-02-2.34212E-02 1.05205E-02
 -1       541 1.93829E-02 1.11147E-02 7.72403E-03
 -1       542-9.56177E-03-1.75531E-02-2.67517E-02
 -1       543 6.42675E-03-1.47474E-02 1.81519E-02
 -1       544 2.15572E-02 1.66918E-02 2.21941E-02
 -1       545-2.96669E-03 2.23089E-02-3.20683E-02
 -1       546-1.07590E-02-1.21957E-03 6.56052E-03
 -1       547-6.07797E-02-1.33278E-02-2.65856E-02
 -1       548 4.58149E-02 1.07449E-02 2.65607E-02
 -1       549 2.61903E-02-1.89199E-03-6.24117E-03
 -1       550-2.57037E-02-7.01538E-03-2.11179E-03
 -1       551 2.22223E-02-6.43720E-03 1.55993E-02
 -1       552 6.04041E-02 1.41977E-02 4.33071E-03
 -1       553 3.38219E-03 2.00691E-02 4.56765E-03
 -1       554-3.29732E-02 7.22582E-03-5.57683E-03
 -1       555-2.85480E-02-1.95989E-02 1.05155E-03
 -1       556-1.03529E-02-3.21077E-03-1.89770E-02
 -1       557 2.46416E-02-1.84462E-02-2.81683E-02
 -1       558 1.54432E-02 1.81927E-04 1.06031E-02
 -1       559 2.09401E-02 2.21645E-02 4.24659E-02
 -1       560 3.94696E-02 2.19286E-02 4.76307E-02
 -1       561-7.01313E-02-1.74458E-02-4.36421E-02
 -1       562 4.98225E-03-4.21757E-02-5.48574E-02
 -1       563 5.97606E-02 2.97329E-03 3.05329E-02
 -1       564 2.61451E-02 4.09398E-02 3.90891E-02
 -1       565-1.44557E-02 1.89268E-02 4.24913E-02
 -1       566-3.97570E-02-1.92393E-02 1.71709E-02
 -1       567 3.40267E-02-5.09437E-02 1.01972E-02
 -1       568-8.53048E-03 1.58927E-02-8.12338E-03
 -1       569 4.26432E-02-5.73271E-03-1.32270E-02
 -1       570 1.94804E-02-2.80815E-02-3.82070E-03
 -1       571-1.44833E-03 6.71675E-02 2.68064E-02
 -1       572-4.46100E-02 8.32748E+01-3.14369E-02
 -1       573-2.50563E-02-1.66652E+02 6.22946E-02
 -1       574-4.51141E-03-1.66645E+02-1.08771E-01
 -1       575-4.36075E-02-1.66671E+02-9.40978E-02
 -1       576-5.82515E-02-1.66682E+02 8.75065E-03
 -1       577-3.83093E-02-7.22319E-02-7.94052E-02
 -1       578-4.19481E-02-5.26510E-02 3.46365E-02
 -1       579-7.26393E-02 1.39151E-02 9.25053E-02
 -1       580 1.51654E-01 3.31078E-02 3.46036E-02
 -1       581-4.50985E-02 5.90684E-02-5.34476E-03
 -1       582-2.29500E-03-5.66617E-02 8.40687E-02
 -1       583 2.61645E-04-3.65380E-02 5.15959E-03
 -1       584-3.14586E-02-2.04472E-02-1.28163E-02
 -1       585 3.61726E-02-1.87266E-02-2.22644E-02
 -1       586-1.21069E-01 8.29081E-03 4.34298E-03
 -1       587-5.90169E-03 1.53685E-02 4.36471E-02
 -1       588-4.30274E-02 1.13042E-02-6.28021E-02
 -1       589 5.61555E-02 2.66238E-02-2.39872E-02
 -1       590 1.12299E-02-1.64626E-02 2.81226E-02
 -1       591-3.73695E-02-3.95082E-02 2.88553E-02
 -1       592 3.37498E-02 3.69033E-02 1.17185E-02
 -1       593-8.11748E-02 1.57704E-02-7.70333E-02
 -1       594-3.75848E-03-9.32755E-02-2.96318E-03
 -1       595 2.62839E-02-8.08443E-03 3.59744E-02
 -1       596 2.29956E-02 3.23822E-02 1.02666E-02
 -1       597 4.39831E-02 8.47773E-03-3.59452E-02
 -1       598-9.26373E-03-1.76326E-02-8.41146E-03
 -1       599 1.09857E-01 1.50566E-02 2.28995E-02
 -1       600-5.20514E-02 1.51477E-02-6.69830E-02
 -1       601-1.21431E-01 2.91404E-03 5.21940E-02
 -1       602 1.00810E-01-1.14260E-02 2.35470E-02
 -1       603-7.09281E-02-5.80393E-02-3.46569E-02
 -1       604 2.16328E-02 3.84161E-02-6.77655E-03
 -1       605 6.19009E-02 1.12417E-02-2.14493E-02
 -1       606 2.88986E-02-3.03540E-02 3.03035E-02
 -1       607 2.74424E-02 6.22460E-02 1.62729E-02
 -1       608-1.36843E-02-3.74801E-02-1.52867E-02
 -1       609 2.86128E-02-3.36336E-03 2.44439E-02
 -1       610 2.63447E-02 3.33314E-02-5.54459E-02
 -1       611 1.20317E-01 6.83160E-02 4.35048E-02
 -1       612 8.36751E-02 9.52044E-03-8.71133E-02
 -1       613-1.69739E-01 1.70720E-02 2.50523E-02
 -1       614 4.03203E-02-8.58556E-02-8.79631E-02
 -1       615 2.44547E-01-2.82405E-02 2.73798E-02
 -1       616 4.55154E-02 5.12324E-04-5.39294E-03
 -1       617-2.27304E-01-8.35289E-03-8.57196E-02
 -1       618 2.13506E-02 3.42689E-02-2.15215E-02
 -1       619 6.85717E-03-1.00534E-02-4.16885E-02
 -1       620 3.51983E-02 7.47656E-02 5.01429E-03
 -1       621 7.15765E-02-3.00924E-02-8.27251E-02
 -1       622-3.94554E-02 5.45871E-03 4.17034E-02
 -1       623-1.45370E-01-1.84113E-02-6.53405E-02
 -1       624 2.83225E-02-1.13434E-02 3.93313E-02
 -1       625 3.11145E-01 2.82484E-02 2.98708E-02
 -1       626-1.18473E-02 1.23638E-02-5.68902E-02
 -1       627-2.02014E-01 7.51023E-02 4.40274E-03
 -1       628-3.73140E-03-1.47065E-02-2.14637E-02
 -1       629 2.85427E-01 3.97945E-03 1.24112E-01
 -1       630 3.18240E-02-4.88893E-02-6.98859E-02
 -1       631-7.99436E-02-7.16727E-02-8.09653E-02
 -1       632-2.02132E-02-5.56611E-02-2.74151E-02
 -1       633-2.24918E-02-4.26807E-02-3.37351E-02
 -1       634-2.23020E-02 1.50816E-03 4.10944E-02
 -1       635 2.22323E-02 1.03783E-02 2.12445E-02
 -1       636-4.11206E-02 6.76377E-03-7.70862E-02
 -1       637-1.69352E-01 7.55473E-02 2.53057E-02
 -1       638-3.45816E-02-3.39634E-02 3.81921E-02
 -1       639 3.43897E-01 4.42295E-02 4.45386E-02
 -1       640 2.41807E-02-1.34039E-02 1.14279E-02
 -1       641-1.46737E-01 6.01486E-03-4.40283E-02
 -1       642-5.32215E-02-3.49044E-02 1.02218E-01
 -1       643 1.44078E-01-1.15011E-01 1.06310E-01
 -1       644 3.89079E-02 5.22853E-02-2.84793E-02
 -1       645 1.01888E-01 8.69457E-02-5.40871E-02
 -1       646-8.84519E-03 1.58191E-02-5.21842E-02
 -1       647-1.77488E-01 3.75899E-02 3.12977E-02
 -1       648 6.93983E-03-1.37194E-02 3.06166E-02
 -1       649 1.59693E-01-2.92541E-02-2.39437E-04
 -1       650 5.15245E-02-3.98698E-03-2.02644E-02
 -1       651-4.03419E-01-5.08675E-02 2.16410E-02
 -1       652-2.27727E-02-3.55157E-02 2.92609E-02
 -1       653 3.94574E-02 5.75860E-03 2.10895E-02
 -1       654-1.65108E-02 1.39491E-02 2.86751E-02
 -1       655-4.57621E-03 5.46115E-03-6.81135E-02
 -1       656-5.22454E-02-1.92160E-02 2.21962E-02
 -1       657-1.45494E-01 1.08187E-02 1.30108E-01
 -1       658 6.85969E-02-2.51699E-03-8.02888E-02
 -1       659 3.01088E-01 4.17283E-02-1.98122E-02
 -1       660 1.58193E-02 9.98739E-03-8.07354E-03
 -1       661-8.82992E-02-4.69481E-02-3.78773E-02
 -1       662-3.89441E-02 3.37909E-02 1.12435E-02
 -1       663 2.24922E-01 5.11334E-02-1.25282E-02
 -1       664-7.10648E-02-2.60682E-02 2.28065E-02
 -1       665-1.36285E-01 5.65804E-02 7.63729E-02
 -1       666 5.46250E-02-1.76429E-02 2.65450E-02
 -1       667-2.56112E-01-9.43231E-02-5.31075E-02
 -1       668 1.45926E-02 2.09208E-03-1.63059E-02
 -1       669-6.89767E-02 4.72443E-02 5.44202E-02
 -1       670-9.73823E-03-1.67557E-02-4.47087E-02
 -1       671-1.67221E-01-8.27135E-02 1.12947E-02
 -1       672 1.74937E-02 7.69674E-03-3.53471E-02
 -1       673 2.08548E-01 2.63201E-02-1.06382E-02
 -1       674-2.97156E-02-5.81047E-03-8.93240E-02
 -1       675-2.47681E-01 2.28345E-02-8.69449E-02
 -1       676 2.86335E-02-7.91845E-02-8.39044E-02
 -1       677-4.15359E-02 4.87151E-02-3.56426E-02
 -1       678-4.72639E-03 1.09011E-01 5.82355E-02
 -1       679-6.53289E-04-3.90639E-03-4.51546E-02
 -1       680-2.37127E-02-4.98732E-04 1.67960E-02
 -1       681 5.35822E-03 4.90344E-04 4.89540E-02
 -1       682 1.23742E-03 2.62839E-02-9.20376E-02
 -1       683-2.09672E-02-1.20014E-02-4.65667E-02
 -1       684-1.35598E-02 2.22049E-02-6.74532E-02
 -1       685-2.00348E-02 5.52236E-02 3.59106E-02
 -1       686-3.24303E-02-4.17255E-02-2.89229E-02
 -1       687 1.28575E-02 1.47226E-02-1.70545E-02
 -1       688-3.11372E-02 4.74190E-02 9.84980E-02
 -1       689 3.35738E-02 7.45107E-03-3.20412E-02
 -1       690 4.00140E-02 3.37223E-02 1.08076E-03
 -1       691 2.56356E-02-5.09629E-03-3.46406E-02
 -1       692 3.08864E-02-4.25296E-02-5.70695E-02
 -1       693-4.97302E-02 2.04276E-02 2.22339E-02
 -1       694-2.32420E-02 5.24355E-02 6.01332E-02
 -1       695-2.07446E-02 2.37833E-02 2.76895E-02
 -1       696 4.29841E-03 5.46714E-03-2.27527E-02
 -1       697-4.93271E-03 6.20516E-03 1.25781E-02
 -1       698-3.60577E-02 1.12234E-02-1.11898E-02
 -1       699 6.21504E-02-4.76697E-02-4.82126E-02
 -1       700-1.20810E-02 1.24997E-02 8.44775E-02
 -1       701-2.24540E-02 3.48214E-02-6.10057E-03
 -1       702 1.68166E-02-7.75016E-04-3.83046E-02
 -1       703 1.40750E-02-8.69845E-06-1.30284E-02
 -1       704 9.69796E-03-1.99949E-03 4.65487E-02
 -1       705 3.36408E-03 2.43561E-02 5.65507E-02
 -1       706-1.80757E-02 9.49955E-04-3.28088E-02
 -1       707-2.89658E-02-2.05488E-02 4.04702E-02
 -1       708-3.73543E-03 6.79518E-03-2.64180E-02
 -1       709-8.77044E-03-9.11407E-03-5.51606E-02
 -1       710-4.93639E-02 4.77941E-02 2.58488E-02
 -1       711 2.45669E-02 1.56938E-02-1.05470E-03
 -1       712 1.58451E-02 2.44248E-02 6.62915E-02
 -1       713 2.73894E-02-3.59546E-03 3.02896E-02
 -1       714-2.00415E-02 3.70200E-02 6.81858E-02
 -1       715 5.06065E-02-1.80557E-02 5.05667E-02
 -1       716 1.85462E-02-3.34667E-02 5.42509E-02
 -1       717 3.96241E-02-3.19282E-02 1.01584E-01
 -1       718 1.56349E-01-7.80442E-02 3.06574E-02
 -1       719 6.22812E-02-1.74408E-03-1.35129E-02
 -1       720 5.65793E-02 5.08137E-02 4.23165E-02
 -1       721 6.70214E-02 8.26018E-03 7.70602E-02
 -1       722-6.46477E-02 3.84602E-02 5.78841E-02
 -1       723-2.01125E-02-4.76092E-02-2.68985E-02
 -1       724-1.32447E-02-9.01861E-02 4.08089E-02
 -1       725 8.08463E-02 6.20601E-03 2.81975E-02
 -1       726-1.74116E-02 2.89442E-02 1.86919E-02
 -1       727-6.94457E-02-1.19289E-02 2.04344E-02
 -1       728 6.54578E-02-3.04931E-04 2.53068E-03
 -1       729 2.03767E-02-8.66420E-03 4.02157E-02
 -1       730 5.45536E-02 1.70321E-02 1.36647E-02
 -1       731-1.12550E-02 1.60889E-03-7.43751E-03
 -1       732 1.23390E-02-3.84786E-04-6.78694E-03
 -1       733-3.01601E-02 3.69318E-03 3.85382E-02
 -1       734 7.95999E-04-3.55122E-02 3.20683E-02
 -1       735-1.28912E-02-3.71984E-02-2.20328E-02
 -1       736-5.58402E-02 2.71834E-02-4.24161E-02
 -1       737 1.46711E-02 3.09397E-02 2.32943E-02
 -1       738-1.15726E-01-4.11958E-02 4.24572E-02
 -1       739-2.93710E-02 9.53061E-03 2.27995E-02
 -1       740 3.57119E-02 7.72841E-02-7.04170E-03
 -1       741-1.59142E-03 1.04163E-02-1.27565E-02
 -1       742 9.27683E-02-5.31084E-02 3.73918E-02
 -1       743 3.76380E-02-4.22241E-02-1.77905E-03
 -1       744 2.79061E-02-4.83275E-03 6.45936E-03
 -1       745-2.03117E-02-6.19680E-02-1.02815E-01
 -1       746-1.91546E-02 5.74942E-02 5.75755E-02
 -1       747 6.95781E-02-5.69458E-02-1.48682E-01
 -1       748-2.25792E-02 4.79701E-02-1.63320E-01
 -1       749-5.83976E-02-4.20292E-02-8.10206E-02
 -1       750-8.42657E-02 4.88726E-03-1.13760E-02
 -1       751-1.33895E-02 7.85557E-03-1.15015E-02
 -1       752 2.07603E-02 3.73822E-03-6.24666E-02
 -1       753-1.51207E-02 5.21489E-03 2.72517E-02
 -1       754-5.58237E-02-2.01768E-03-1.20054E-01
 -1       755-2.01227E-01 5.61562E-02-7.87627E-02
 -1       756 1.81132E-02-7.94714E-02-1.27747E-01
 -1       757-1.76785E-02 1.93091E-02-1.88794E-02
 -1       758-4.17352E-02-4.78730E-02-3.16486E-02
 -1       759-3.01267E-01 3.55405E-02-8.40308E-02
 -1       760 6.00406E-03 6.78871E-03 1.53661E-02
 -1       761-1.05894E-01 4.30792E-02-4.94809E-02
 -1       762 4.81055E-03 1.62799E-02-5.47770E-02
 -1       763-9.13436E-03-4.00026E-02-6.06221E-02
 -1       764-3.68788E-02-1.18843E-02-1.10912E-01
 -1       765-2.19038E-01-2.10828E-02-3.88569E-02
 -1       766 1.53021E-02 6.77446E-04-4.99314E-03
 -1       767 5.27579E-02-2.30725E-02-1.13562E-02
 -1       768 3.43388E-03 2.25315E-02-4.47563E-02
 -1       769 1.64226E-02 3.48265E-02-3.40067E-02
 -1       770-2.74455E-02 6.09135E-03-7.21096E-02
 -1       771 2.27197E-01 5.94364E-02-5.18210E-02
 -1       772 6.62236E-03-1.91127E-02 2.78024E-03
 -1       773-2.04665E-02 1.81607E-02-5.21029E-02
 -1       774 1.84137E-02 1.29853E-02-4.84129E-02
 -1       775-1.27761E-01-2.64835E-02 5.82407E-03
 -1       776-3.50302E-02 1.33782E-02-8.84568E-02
 -1       777 1.63137E-01 1.17649E-02-2.70149E-02
 -1       778-4.29579E-02 5.36940E-03 1.39108E-02
 -1       779-1.86675E-01-2.77636E-02-3.90539E-02
 -1       780 3.04126E-02-2.94260E-02-2.06371E-02
 -1       781-1.08552E-01 1.81935E-02-3.56483E-02
 -1       782 2.05384E-02-4.89912E-03-4.30774E-02
 -1       783-1.70168E-01 2.35544E-02-1.95805E-02
 -1       784-2.76289E-03-2.06364E-03-1.39352E-02
 -1       785-6.15164E-02-3.07375E-02 1.57477E-02
 -1       786-2.29278E-02 3.84295E-02-2.37174E-02
 -1       787 5.69737E-02 2.56024E-02-4.95114E-02
 -1       788-3.78580E-02-6.67293E-03-2.15145E-02
 -1       789-9.16329E-03 2.15591E-02-1.16203E-02
 -1       790 3.72940E-02-7.94993E-02-8.47355E-02
 -1       791 2.55773E-01 2.50221E-03 2.96675E-02
 -1       792-3.53159E-02 6.15913E-02 1.80726E-02
 -1       793-1.08035E-01 3.38598E-02-4.36200E-02
 -1       794 1.87714E-02 3.05600E-02 4.43132E-02
 -1       795 2.79442E-01-1.50404E-02 2.76274E-02
 -1       796-1.80292E-02-1.60250E-02 4.43883E-03
 -1       797 5.94139E-02-1.08970E-02-1.76265E-02
 -1       798 4.03919E-02-3.93663E-02-8.02002E-02
 -1       799-3.45207E-02 1.33303E-02-4.16156E-02
 -1       800 1.94610E-02 1.23450E-02-9.03279E-03
 -1       801 1.84096E-01-8.83446E-03 2.38636E-02
 -1       802-2.87218E-03 2.39812E-02 5.17420E-02
 -1       803-1.90025E-01-3.98161E-02-1.94908E-02
 -1       804-6.16197E-03-3.22648E-02-4.64573E-02
 -1       805 6.99178E-02-1.33921E-02-9.46550E-03
 -1       806-6.00553E-02 2.25405E-04-7.19683E-02
 -1       807-1.27751E-01 4.67470E-02 1.20561E-02
 -1       808 5.65631E-03-8.28204E-03 1.53645E-02
 -1       809 1.01148E-01-4.77268E-02-2.55118E-02
 -1       810-7.07484E-02-4.87069E-02-1.17209E-01
 -1       811 1.36368E-02 1.87002E-02-9.71909E-02
 -1       812-2.21427E-02 1.51409E-02-6.77824E-02
 -1       813-3.46520E-02 1.98685E-02-7.77690E-02
 -1       814-1.44481E-02-3.31407E-02-2.44979E-01
 -1       815 1.31516E-02 2.39245E-02-7.84005E-02
 -1       816-6.47830E-04-2.88967E-02-1.48331E-01
 -1       817 1.58118E-02 8.90268E-02-1.08252E-01
 -1       818 1.82184E-03 6.46515E-02-6.77838E-02
 -1       819-1.48148E-02-4.48545E-02-6.80608E-03
 -1       820-5.51822E-02-2.49411E-03-6.01560E-02
 -1       821-4.19359E-02-4.83535E-02-1.24303E-01
 -1       822 8.30811E-02-9.36441E-03-1.40508E-01
 -1       823-3.63381E-02 1.44041E-02 6.99132E-03
 -1       824-2.15086E-02 3.60109E-02-6.11032E-05
 -1       825-5.13195E-03-7.73571E-03 3.26991E-02
 -1       826-3.33395E-03-3.14219E-02-1.40440E-02
 -1       827 4.91154E-02 3.91496E-02-1.24573E-01
 -1       828-4.57154E-02 2.88208E-02-8.84283E-03
 -1       829-3.86581E-02 1.62646E-02 1.12713E-02
 -1       830 1.27558E-02-1.65007E-02-2.94939E-02
 -1       831 6.13804E-03-1.97545E-02-8.65890E-02
 -1       832 2.23875E-03 2.51266E-02-2.91477E-02
 -1       833-1.24771E-02 2.58372E-02 4.68161E-02
 -1       834 2.35749E-03-1.32133E-02-3.16961E-03
 -1       835-1.64489E-02-2.52541E-02-7.77116E-02
 -1       836-1.03708E-02 7.52149E-03 2.81556E-02
 -1       837 2.59855E-02 8.74889E-03 8.93849E-02
 -1       838 9.21416E-03-6.24086E-04-1.02932E-01
 -1       839 6.61102E-02 9.42439E-03-1.06113E-01
 -1       840-2.66965E-02-1.26580E-02 4.01748E-02
 -1       841-4.00383E-02 4.99618E-06-3.39304E-02
 -1       842-2.39730E-03 6.77363E-03-4.60137E-02
 -1       843 4.99149E-02-3.56368E-02 6.72139E-02
 -1       844-1.52358E-01 5.14273E-02-2.41022E-02
 -1       845-3.04406E-02 2.55221E-02 1.03775E-01
 -1       846 7.52673E-02 7.14256E-02 6.04927E-02
 -1       847-4.79813E-02 8.13863E-02 7.95659E-02
 -1       848 1.51594E-01-6.91888E-02 1.66118E-01
 -1       849-1.30131E-01-1.53600E-01 7.79913E-02
 -1       850-7.65875E-02-2.31153E-02 1.98849E-02
 -1       851 1.58320E-01-1.30120E-02 2.13439E-02
 -1       852 2.56515E-02 1.22489E-01-2.31245E-02
 -1       853 1.41705E-01 4.75025E-02 5.55508E-02
 -1       854 6.49828E-02-4.74559E-02 6.32986E-02
 -1       855-8.11633E-03 4.36208E-02 4.06877E-02
 -1       856-1.70833E-01-6.08188E-02-1.48513E-03
 -1       857-1.19014E-01-5.49918E-02 8.23509E-02
 -1       858 5.52094E-02-5.57597E-03 4.40834E-02
 -1       859 5.86736E-03-4.40594E-03-7.55775E-02
 -1       860 5.84292E-02 2.11291E-02 1.94236E-03
 -1       861-3.29985E-02 3.74104E-02 4.79793E-02
 -1       862 1.03999E-01-9.45035E-03 8.02165E-02
 -1       863 1.84660E-01-4.09742E-02-5.03725E-02
 -1       864 1.89199E-02 2.51217E-02-1.13726E-02
 -1       865 2.83640E-02 1.99158E-02 3.95691E-02
 -1       866-2.30020E-01-8.33460E-02-4.92163E-02
 -1       867-4.61870E-02 2.63528E-02 1.18755E-01
 -1       868 6.19050E-03-2.11614E-02 1.94985E-02
 -1       869-1.34170E-01-1.36852E-02-1.41538E-01
 -1       870 1.40681E-01 8.49316E-03 3.37713E-02
 -1       871-1.30080E-02-1.89949E-02 4.90986E-02
 -1       872 9.14553E-02 5.35038E-02 3.86210E-02
 -1       873 3.37589E-02 4.26004E-02 1.24511E-02
 -1       874 2.98983E-02 3.92990E-03-4.30909E-02
 -1       875 3.48487E-02-3.31384E-02 3.80456E-02
 -1       876-5.82888E-02 4.78789E-02-7.17549E-02
 -1       877 8.07832E-02-4.10501E-02 1.57435E-02
 -1       878 6.06796E-02 7.40256E-02 2.38766E-02
 -1       879 1.60332E-02-1.22628E-03-1.24191E-01
 -1       880 7.94645E-02-9.62701E-02-5.34995E-02
 -1       881-1.72584E-01-2.77740E-02-1.25341E-01
 -1       882 4.82265E-03 3.76224E-02-9.16805E-03
 -1       883 1.59190E-02-5.41640E-02-1.42032E-02
 -1       884 1.84909E-02-1.23079E-01-8.80476E-02
 -1       885 3.52374E-01 8.25369E-03-1.13991E-01
 -1       886 2.82900E-02 1.15868E-03 7.06047E-02
 -1       887-2.16383E-02 6.73942E-02-1.17301E-01
 -1       888-3.32964E-02 7.52590E-02-7.05975E-02
 -1       889-2.50400E-01-8.49409E-02-1.17672E-01
 -1       890-2.53822E-02-4.31634E-02-4.17172E-03
 -1       891-2.72198E-02 6.27812E-02-1.10840E-01
 -1       892-7.12200E-02-4.20904E-02-1.18851E-01
 -1       893 1.93990E-01 3.48988E-03-1.39848E-01
 -1       894-5.20123E-02-9.93746E-02-1.90010E-02
 -1       895-6.30957E-02-5.15961E-02-1.08047E-01
 -1       896 5.61418E-02-4.61813E-02-2.22600E-01
 -1       897-2.46892E-02-9.83741E-02-1.54513E-01
 -1       898-1.53189E-02 6.84395E-02-9.92573E-02
 -1       899-5.63419E-02-5.68022E-02-1.29375E-01
 -1       900 9.55018E-03 9.80604E-02-8.20779E-02
 -1       901-3.42504E-01 1.05245E-01-2.72264E-01
 -1       902 3.96828E-02 3.15748E-02-4.45765E-02
 -1       903 9.20594E-03 4.22646E-02-8.18225E-02
 -1       904 6.94676E-02 1.21080E-01-1.42829E-01
 -1       905 2.61983E-01-2.59157E-02-1.80495E-02
 -1       906 3.20624E-02 1.29573E-02-2.21224E-02
 -1       907 2.46324E-02-1.44189E-02 4.11579E-02
 -1       908 2.24480E-02-4.77309E-02 5.41309E-02
 -1       909-5.28706E-01 3.83484E-02-1.48432E-01
 -1       910-3.73118E-02 2.30352E-03 5.11259E-02
 -1       911-3.17653E-02-4.84995E-02 3.81183E-02
 -1       912-4.77293E-02-1.03676E-01 7.51389E-02
 -1       913 4.02373E-02 1.34365E-02-1.00322E-01
 -1       914-5.57746E-03 4.80272E-02 5.09658E-02
 -1       915-1.82985E-02-2.13013E-02-9.40215E-02
 -1       916 2.42383E-02 6.94847E-03-5.50660E-02
 -1       917-4.62478E-02-2.01544E-01-1.10769E-01
 -1       918 5.36422E-02 5.26119E-02-5.37954E-02
 -1       919-2.99542E-02 1.59376E-04-1.43497E-02
 -1       920-6.81510E-02 5.97817E-02-1.10791E-01
 -1       921-2.30087E-01 1.43602E-01-9.20927E-02
 -1       922-9.35124E-02-1.12891E-02 2.59788E-02
 -1       923-5.01227E-03-7.74716E-03-1.01372E-03
 -1       924 7.96408E-02 1.21663E-02-1.55929E-01
 -1       925 7.29896E-02 3.22229E-02-7.06540E-03
 -1       926-3.77999E-02-7.97160E-02 3.16364E-04
 -1       927 1.74783E-02 3.66537E-02-6.01773E-02
 -1       928 2.11988E-02 1.67132E-02 2.84578E-02
 -1       929 1.94047E-02 9.13672E-02-1.14703E-02
 -1       930 3.74284E-02 1.41351E-02 6.38978E-03
 -1       931-3.58573E-03 2.67357E-02-1.40699E-02
 -1       932-4.81885E-03-2.59156E-02-5.95991E-03
 -1       933 5.57863E-01 1.06977E-02-7.53567E-02
 -1       934 2.75399E-02 3.72660E-02 4.72460E-02
 -1       935-7.78630E-04-8.02811E-02-6.91178E-02
 -1       936 3.36447E-02 3.86679E-02-2.64463E-02
 -1       937-3.37556E-02-2.33207E-02-1.65702E-01
 -1       938 2.71153E-02-6.72081E-02-3.92909E-02
 -1       939 7.36424E-03-5.10262E-02-5.79520E-02
 -1       940-6.79155E-02 6.89670E-02-1.23945E-02
 -1       941-5.37855E-02 4.29339E-04 9.29164E-02
 -1       942-9.54943E-02 8.24646E-03 6.54860E-02
 -1       943-1.10952E-01 2.82889E-02 1.20445E-02
 -1       944 5.46615E-02-7.57661E-03-6.82653E-02
 -1       945-3.31604E-02 5.24893E-02-4.79767E-02
 -1       946 5.39361E-02 1.04305E-01-3.25634E-02
 -1       947-6.01999E-03-1.08823E-02-2.07782E-02
 -1       948 1.90356E-02-1.00369E-02-5.42792E-03
 -1       949-1.95229E-01-1.82694E-02-3.73242E-02
 -1       950-2.46028E-03-2.17885E-02-3.16233E-02
 -1       951 3.82086E-02-1.32403E-02-9.67658E-03
 -1       952-5.03069E-02 1.43247E-02-1.85492E-02
 -1       953-5.79683E-02-9.39693E-03-6.83890E-02
 -1       954-2.66805E-02-1.02214E-02 6.69777E-03
 -1       955 4.14354E-02 4.01336E-02-2.50196E-02
 -1       956-1.87119E-02-2.13826E-03 3.17722E-02
 -1       957-6.23144E-01-5.27580E-02-5.24921E-02
 -1       958 3.74579E-02-1.39716E-02 1.14714E-02
 -1       959 2.86104E-02 1.08167E-04-8.43426E-02
 -1       960-5.06682E-02-2.10267E-02-8.82774E-02
 -1       961-7.29897E-02 1.13703E-01 3.63980E-02
 -1       962-5.14437E-02-4.76814E-03 4.10150E-02
 -1       963-3.97974E-02-3.86704E-03 5.92194E-02
 -1       964 6.06425E-02-2.11103E-03-5.01507E-02
 -1       965-2.80754E-02-1.78462E-01-1.21143E-01
 -1       966 2.77995E-02 1.04529E-02-5.52755E-02
 -1       967 2.60641E-02 9.86630E-03-4.95270E-03
 -1       968-1.44889E-02 7.44323E-02 1.54102E-01
 -1       969 2.36554E-01 2.03257E-01 8.75658E-02
 -1       970-2.25365E-02 7.82659E-03 3.06703E-02
 -1       971 1.05926E-02 4.93526E-03-5.77012E-02
 -1       972 2.05356E-02-7.00362E-04-1.08130E-01
 -1       973 6.84926E-01-9.40565E-04 7.51622E-02
 -1       974 2.85643E-03-5.16311E-02-2.99844E-02
 -1       975-3.93705E-02-6.29553E-02 1.52487E-02
 -1       976 1.13274E-02-3.97964E-02-5.35489E-02
 -1       977-2.20236E-01-5.30707E-02-2.06626E-01
 -1       978 2.29181E-02-1.39734E-03-8.93084E-03
 -1       979 7.22985E-03 4.01573E-02 5.68390E-03
 -1       980-1.82915E-02 1.95569E-02 7.95471E-02
 -1       981 4.60800E-01 8.18759E-02 9.45722E-02
 -1       982-2.32879E-02 9.50741E-02 4.10337E-02
 -1       983-5.49778E-02 3.73557E-02 2.52533E-03
 -1       984 5.42664E-02 4.58016E-02 3.69835E-02
 -1       985-1.64842E-01 3.97576E-02 5.07302E-02
 -1       986-2.02955E-02-5.26848E-02 3.20036E-02
 -1       987 9.31615E-04-9.33352E-03-6.05967E-02
 -1       988-7.92405E-03 2.90209E-03-1.89880E-02
 -1       989-3.56984E-01 4.53011E-02-1.89776E-01
 -1       990 7.23873E-02-3.25625E-02-4.37125E-02
 -1       991 7.43037E-02-3.69668E-02-5.10700E-02
 -1       992 1.16808E-02-9.67876E-02-1.02670E-01
 -1       993-2.79685E-01-1.22226E-01 8.25733E-02
 -1       994-5.19429E-02 3.18739E-02 5.07166E-03
 -1       995-2.38055E-02 4.72540E-03 2.55423E-02
 -1       996-1.82475E-02-6.11381E-03 9.20191E-03
 -1       997-2.81094E-01-7.00773E-02 3.85429E-02
 -1       998-1.52765E-02-2.73839E-02 2.03908E-02
 -1       999-1.40954E-02 8.92408E-03 2.10903E-02
 -1      1000-4.14875E-02 3.08439E-02 1.27404E-02
 -1      1001 2.89473E-01 2.44183E-02-9.12831E-03
 -1      1002 5.73441E-03 3.75035E-02 5.16489E-03
 -1      1003-8.31905E-03-2.51832E-02-3.01354E-02
 -1      1004 7.48743E-03 6.60451E-03 4.54257E-02
 -1      1005-5.39703E-02 2.62094E-02-9.94561E-02
 -1      1006-4.80385E-02-1.68284E-02-3.41392E-02
 -1      1007 1.58333E-02-2.42832E-02 3.05301E-02
 -1      1008 1.74202E-01-6.37291E-02-5.50050E-02
 -1      1009-3.88545E-02 3.88340E-02-7.84207E-02
 -1      1010 3.48111E-02 7.82953E-03-4.43869E-02
 -1      1011-4.83994E-02 5.52568E-03-4.74849E-02
 -1      1012 7.81126E-02-3.50820E-02-4.34269E-02
 -1      1013 2.88749E-02-5.54599E-02-1.68538E-03
 -1      1014-4.44327E-02 5.75221E-02-3.63856E-02
 -1      1015 5.41570E-02 6.88057E-02-4.51363E-02
 -1      1016 1.98746E-02 4.23433E-02-9.49085E-02
 -1      1017 2.99147E-02 2.14938E-02-6.55940E-02
 -1      1018-7.54498E-03-3.88997E-02 6.18488E-02
 -1      1019-6.84451E-02 1.23238E-02 2.44992E-02
 -1      1020-5.03661E-04 4.03894E-02-9.32763E-03
 -1      1021 6.68050E-02-2.65674E-02-5.86432E-02
 -1      1022-2.34272E-02 6.01872E-02 2.22269E-02
 -1      1023-3.72062E-02 4.44956E-02-1.29037E-02
 -1      1024-3.64356E-02-3.94690E-02-5.73621E-03
 -1      1025-5.04515E-02-1.30283E-02 7.08487E-03
 -1      1026 1.37524E-02 1.72942E-02-1.53431E-02
 -1      1027 4.01148E-02 1.67222E-02-2.50897E-02
 -1      1028 9.61665E-03 3.28995E-02-3.50334E-02
 -1      1029 5.45638E-02-2.01656E-02 1.01374E-02
 -1      1030-2.85315E-02-5.02163E-02-1.38413E-02
 -1      1031-2.67712E-02-2.44207E-02-6.75954E-03
 -1      1032 3.66255E-02 6.10822E-02 2.89222E-02
 -1      1033-9.10149E-02 2.83781E-02-2.20633E-02
 -1      1034 6.38107E-03-2.78891E-02-3.23946E-02
 -1      1035-4.10115E-02 3.40111E-03 1.16467E-01
 -1      1036 6.13609E-02 1.02719E-02-5.14411E-02
 -1      1037 2.83935E-02 4.29121E-02-6.56281E-02
 -1      1038 8.09952E-04-4.04228E-02-1.21284E-02
 -1      1039 2.20044E-02-5.73457E-02 1.81226E-02
 -1      1040-5.27485E-02 5.02289E-03 1.82165E-02
 -1      1041 1.50060E-02 3.13652E-02-1.98214E-02
 -3
 9999
