    1C
    1UHash: Py4bzQnP, Date: 04/20/2026, Unit system: M_KG_S_C           
    1UUSER                                                              
    1UDATE              20.april.2026                                   
    1UTIME              12:46:00                                        
    1UHOST                                                              
    1UPGM               CalculiX                                        
    1UVERSION           Version 2.23                             
    1UCOMPILETIME       Thu Apr  9 09:51:55 CEST 2026                    
    1UDIR                                                               
    1UDBN                                                               
    1UMAT    1S235                                                      
    2C                          1041                                     1
 -1         1-1.00000E+00 5.00000E-02-5.00000E-02
 -1         2-1.00000E+00-5.00000E-02-5.00000E-02
 -1         3 1.00000E+00-5.00000E-02-5.00000E-02
 -1         4 1.00000E+00 5.00000E-02-5.00000E-02
 -1         5 1.00000E+00-5.00000E-02 5.00000E-02
 -1         6 1.00000E+00 5.00000E-02 5.00000E-02
 -1         7-1.00000E+00-5.00000E-02 5.00000E-02
 -1         8-1.00000E+00 5.00000E-02 5.00000E-02
 -1         9-1.00000E+00-3.46945E-17-5.00000E-02
 -1        10-1.00000E+00 2.50000E-02-5.00000E-02
 -1        11-1.00000E+00-2.50000E-02-5.00000E-02
 -1        12-9.41176E-01-5.00000E-02-5.00000E-02
 -1        13-8.82353E-01-5.00000E-02-5.00000E-02
 -1        14-8.23529E-01-5.00000E-02-5.00000E-02
 -1        15-7.64706E-01-5.00000E-02-5.00000E-02
 -1        16-7.05882E-01-5.00000E-02-5.00000E-02
 -1        17-6.47059E-01-5.00000E-02-5.00000E-02
 -1        18-5.88235E-01-5.00000E-02-5.00000E-02
 -1        19-5.29412E-01-5.00000E-02-5.00000E-02
 -1        20-4.70588E-01-5.00000E-02-5.00000E-02
 -1        21-4.11765E-01-5.00000E-02-5.00000E-02
 -1        22-3.52941E-01-5.00000E-02-5.00000E-02
 -1        23-2.94118E-01-5.00000E-02-5.00000E-02
 -1        24-2.35294E-01-5.00000E-02-5.00000E-02
 -1        25-1.76471E-01-5.00000E-02-5.00000E-02
 -1        26-1.17647E-01-5.00000E-02-5.00000E-02
 -1        27-5.88235E-02-5.00000E-02-5.00000E-02
 -1        28 0.00000E+00-5.00000E-02-5.00000E-02
 -1        29 5.88235E-02-5.00000E-02-5.00000E-02
 -1        30 1.17647E-01-5.00000E-02-5.00000E-02
 -1        31 1.76471E-01-5.00000E-02-5.00000E-02
 -1        32 2.35294E-01-5.00000E-02-5.00000E-02
 -1        33 2.94118E-01-5.00000E-02-5.00000E-02
 -1        34 3.52941E-01-5.00000E-02-5.00000E-02
 -1        35 4.11765E-01-5.00000E-02-5.00000E-02
 -1        36 4.70588E-01-5.00000E-02-5.00000E-02
 -1        37 5.29412E-01-5.00000E-02-5.00000E-02
 -1        38 5.88235E-01-5.00000E-02-5.00000E-02
 -1        39 6.47059E-01-5.00000E-02-5.00000E-02
 -1        40 7.05882E-01-5.00000E-02-5.00000E-02
 -1        41 7.64706E-01-5.00000E-02-5.00000E-02
 -1        42 8.23529E-01-5.00000E-02-5.00000E-02
 -1        43 8.82353E-01-5.00000E-02-5.00000E-02
 -1        44 9.41176E-01-5.00000E-02-5.00000E-02
 -1        45-9.70588E-01-5.00000E-02-5.00000E-02
 -1        46-9.11765E-01-5.00000E-02-5.00000E-02
 -1        47-8.52941E-01-5.00000E-02-5.00000E-02
 -1        48-7.94118E-01-5.00000E-02-5.00000E-02
 -1        49-7.35294E-01-5.00000E-02-5.00000E-02
 -1        50-6.76471E-01-5.00000E-02-5.00000E-02
 -1        51-6.17647E-01-5.00000E-02-5.00000E-02
 -1        52-5.58824E-01-5.00000E-02-5.00000E-02
 -1        53-5.00000E-01-5.00000E-02-5.00000E-02
 -1        54-4.41176E-01-5.00000E-02-5.00000E-02
 -1        55-3.82353E-01-5.00000E-02-5.00000E-02
 -1        56-3.23529E-01-5.00000E-02-5.00000E-02
 -1        57-2.64706E-01-5.00000E-02-5.00000E-02
 -1        58-2.05882E-01-5.00000E-02-5.00000E-02
 -1        59-1.47059E-01-5.00000E-02-5.00000E-02
 -1        60-8.82353E-02-5.00000E-02-5.00000E-02
 -1        61-2.94118E-02-5.00000E-02-5.00000E-02
 -1        62 2.94118E-02-5.00000E-02-5.00000E-02
 -1        63 8.82353E-02-5.00000E-02-5.00000E-02
 -1        64 1.47059E-01-5.00000E-02-5.00000E-02
 -1        65 2.05882E-01-5.00000E-02-5.00000E-02
 -1        66 2.64706E-01-5.00000E-02-5.00000E-02
 -1        67 3.23529E-01-5.00000E-02-5.00000E-02
 -1        68 3.82353E-01-5.00000E-02-5.00000E-02
 -1        69 4.41176E-01-5.00000E-02-5.00000E-02
 -1        70 5.00000E-01-5.00000E-02-5.00000E-02
 -1        71 5.58824E-01-5.00000E-02-5.00000E-02
 -1        72 6.17647E-01-5.00000E-02-5.00000E-02
 -1        73 6.76471E-01-5.00000E-02-5.00000E-02
 -1        74 7.35294E-01-5.00000E-02-5.00000E-02
 -1        75 7.94118E-01-5.00000E-02-5.00000E-02
 -1        76 8.52941E-01-5.00000E-02-5.00000E-02
 -1        77 9.11765E-01-5.00000E-02-5.00000E-02
 -1        78 9.70588E-01-5.00000E-02-5.00000E-02
 -1        79 1.00000E+00-3.46945E-17-5.00000E-02
 -1        80 1.00000E+00 2.50000E-02-5.00000E-02
 -1        81 1.00000E+00-2.50000E-02-5.00000E-02
 -1        82-9.41176E-01 5.00000E-02-5.00000E-02
 -1        83-8.82353E-01 5.00000E-02-5.00000E-02
 -1        84-8.23529E-01 5.00000E-02-5.00000E-02
 -1        85-7.64706E-01 5.00000E-02-5.00000E-02
 -1        86-7.05882E-01 5.00000E-02-5.00000E-02
 -1        87-6.47059E-01 5.00000E-02-5.00000E-02
 -1        88-5.88235E-01 5.00000E-02-5.00000E-02
 -1        89-5.29412E-01 5.00000E-02-5.00000E-02
 -1        90-4.70588E-01 5.00000E-02-5.00000E-02
 -1        91-4.11765E-01 5.00000E-02-5.00000E-02
 -1        92-3.52941E-01 5.00000E-02-5.00000E-02
 -1        93-2.94118E-01 5.00000E-02-5.00000E-02
 -1        94-2.35294E-01 5.00000E-02-5.00000E-02
 -1        95-1.76471E-01 5.00000E-02-5.00000E-02
 -1        96-1.17647E-01 5.00000E-02-5.00000E-02
 -1        97-5.88235E-02 5.00000E-02-5.00000E-02
 -1        98 0.00000E+00 5.00000E-02-5.00000E-02
 -1        99 5.88235E-02 5.00000E-02-5.00000E-02
 -1       100 1.17647E-01 5.00000E-02-5.00000E-02
 -1       101 1.76471E-01 5.00000E-02-5.00000E-02
 -1       102 2.35294E-01 5.00000E-02-5.00000E-02
 -1       103 2.94118E-01 5.00000E-02-5.00000E-02
 -1       104 3.52941E-01 5.00000E-02-5.00000E-02
 -1       105 4.11765E-01 5.00000E-02-5.00000E-02
 -1       106 4.70588E-01 5.00000E-02-5.00000E-02
 -1       107 5.29412E-01 5.00000E-02-5.00000E-02
 -1       108 5.88235E-01 5.00000E-02-5.00000E-02
 -1       109 6.47059E-01 5.00000E-02-5.00000E-02
 -1       110 7.05882E-01 5.00000E-02-5.00000E-02
 -1       111 7.64706E-01 5.00000E-02-5.00000E-02
 -1       112 8.23529E-01 5.00000E-02-5.00000E-02
 -1       113 8.82353E-01 5.00000E-02-5.00000E-02
 -1       114 9.41176E-01 5.00000E-02-5.00000E-02
 -1       115-9.70588E-01 5.00000E-02-5.00000E-02
 -1       116-9.11765E-01 5.00000E-02-5.00000E-02
 -1       117-8.52941E-01 5.00000E-02-5.00000E-02
 -1       118-7.94118E-01 5.00000E-02-5.00000E-02
 -1       119-7.35294E-01 5.00000E-02-5.00000E-02
 -1       120-6.76471E-01 5.00000E-02-5.00000E-02
 -1       121-6.17647E-01 5.00000E-02-5.00000E-02
 -1       122-5.58824E-01 5.00000E-02-5.00000E-02
 -1       123-5.00000E-01 5.00000E-02-5.00000E-02
 -1       124-4.41176E-01 5.00000E-02-5.00000E-02
 -1       125-3.82353E-01 5.00000E-02-5.00000E-02
 -1       126-3.23529E-01 5.00000E-02-5.00000E-02
 -1       127-2.64706E-01 5.00000E-02-5.00000E-02
 -1       128-2.05882E-01 5.00000E-02-5.00000E-02
 -1       129-1.47059E-01 5.00000E-02-5.00000E-02
 -1       130-8.82353E-02 5.00000E-02-5.00000E-02
 -1       131-2.94118E-02 5.00000E-02-5.00000E-02
 -1       132 2.94118E-02 5.00000E-02-5.00000E-02
 -1       133 8.82353E-02 5.00000E-02-5.00000E-02
 -1       134 1.47059E-01 5.00000E-02-5.00000E-02
 -1       135 2.05882E-01 5.00000E-02-5.00000E-02
 -1       136 2.64706E-01 5.00000E-02-5.00000E-02
 -1       137 3.23529E-01 5.00000E-02-5.00000E-02
 -1       138 3.82353E-01 5.00000E-02-5.00000E-02
 -1       139 4.41176E-01 5.00000E-02-5.00000E-02
 -1       140 5.00000E-01 5.00000E-02-5.00000E-02
 -1       141 5.58824E-01 5.00000E-02-5.00000E-02
 -1       142 6.17647E-01 5.00000E-02-5.00000E-02
 -1       143 6.76471E-01 5.00000E-02-5.00000E-02
 -1       144 7.35294E-01 5.00000E-02-5.00000E-02
 -1       145 7.94118E-01 5.00000E-02-5.00000E-02
 -1       146 8.52941E-01 5.00000E-02-5.00000E-02
 -1       147 9.11765E-01 5.00000E-02-5.00000E-02
 -1       148 9.70588E-01 5.00000E-02-5.00000E-02
 -1       149 1.00000E+00-5.00000E-02 3.46945E-17
 -1       150 1.00000E+00-5.00000E-02-2.50000E-02
 -1       151 1.00000E+00-5.00000E-02 2.50000E-02
 -1       152 1.00000E+00-3.46945E-17 5.00000E-02
 -1       153 1.00000E+00 2.50000E-02 5.00000E-02
 -1       154 1.00000E+00-2.50000E-02 5.00000E-02
 -1       155 1.00000E+00 5.00000E-02 3.46945E-17
 -1       156 1.00000E+00 5.00000E-02-2.50000E-02
 -1       157 1.00000E+00 5.00000E-02 2.50000E-02
 -1       158 9.41176E-01-5.00000E-02 5.00000E-02
 -1       159 8.82353E-01-5.00000E-02 5.00000E-02
 -1       160 8.23529E-01-5.00000E-02 5.00000E-02
 -1       161 7.64706E-01-5.00000E-02 5.00000E-02
 -1       162 7.05882E-01-5.00000E-02 5.00000E-02
 -1       163 6.47059E-01-5.00000E-02 5.00000E-02
 -1       164 5.88235E-01-5.00000E-02 5.00000E-02
 -1       165 5.29412E-01-5.00000E-02 5.00000E-02
 -1       166 4.70588E-01-5.00000E-02 5.00000E-02
 -1       167 4.11765E-01-5.00000E-02 5.00000E-02
 -1       168 3.52941E-01-5.00000E-02 5.00000E-02
 -1       169 2.94118E-01-5.00000E-02 5.00000E-02
 -1       170 2.35294E-01-5.00000E-02 5.00000E-02
 -1       171 1.76471E-01-5.00000E-02 5.00000E-02
 -1       172 1.17647E-01-5.00000E-02 5.00000E-02
 -1       173 5.88235E-02-5.00000E-02 5.00000E-02
 -1       174 0.00000E+00-5.00000E-02 5.00000E-02
 -1       175-5.88235E-02-5.00000E-02 5.00000E-02
 -1       176-1.17647E-01-5.00000E-02 5.00000E-02
 -1       177-1.76471E-01-5.00000E-02 5.00000E-02
 -1       178-2.35294E-01-5.00000E-02 5.00000E-02
 -1       179-2.94118E-01-5.00000E-02 5.00000E-02
 -1       180-3.52941E-01-5.00000E-02 5.00000E-02
 -1       181-4.11765E-01-5.00000E-02 5.00000E-02
 -1       182-4.70588E-01-5.00000E-02 5.00000E-02
 -1       183-5.29412E-01-5.00000E-02 5.00000E-02
 -1       184-5.88235E-01-5.00000E-02 5.00000E-02
 -1       185-6.47059E-01-5.00000E-02 5.00000E-02
 -1       186-7.05882E-01-5.00000E-02 5.00000E-02
 -1       187-7.64706E-01-5.00000E-02 5.00000E-02
 -1       188-8.23529E-01-5.00000E-02 5.00000E-02
 -1       189-8.82353E-01-5.00000E-02 5.00000E-02
 -1       190-9.41176E-01-5.00000E-02 5.00000E-02
 -1       191 9.70588E-01-5.00000E-02 5.00000E-02
 -1       192 9.11765E-01-5.00000E-02 5.00000E-02
 -1       193 8.52941E-01-5.00000E-02 5.00000E-02
 -1       194 7.94118E-01-5.00000E-02 5.00000E-02
 -1       195 7.35294E-01-5.00000E-02 5.00000E-02
 -1       196 6.76471E-01-5.00000E-02 5.00000E-02
 -1       197 6.17647E-01-5.00000E-02 5.00000E-02
 -1       198 5.58824E-01-5.00000E-02 5.00000E-02
 -1       199 5.00000E-01-5.00000E-02 5.00000E-02
 -1       200 4.41176E-01-5.00000E-02 5.00000E-02
 -1       201 3.82353E-01-5.00000E-02 5.00000E-02
 -1       202 3.23529E-01-5.00000E-02 5.00000E-02
 -1       203 2.64706E-01-5.00000E-02 5.00000E-02
 -1       204 2.05882E-01-5.00000E-02 5.00000E-02
 -1       205 1.47059E-01-5.00000E-02 5.00000E-02
 -1       206 8.82353E-02-5.00000E-02 5.00000E-02
 -1       207 2.94118E-02-5.00000E-02 5.00000E-02
 -1       208-2.94118E-02-5.00000E-02 5.00000E-02
 -1       209-8.82353E-02-5.00000E-02 5.00000E-02
 -1       210-1.47059E-01-5.00000E-02 5.00000E-02
 -1       211-2.05882E-01-5.00000E-02 5.00000E-02
 -1       212-2.64706E-01-5.00000E-02 5.00000E-02
 -1       213-3.23529E-01-5.00000E-02 5.00000E-02
 -1       214-3.82353E-01-5.00000E-02 5.00000E-02
 -1       215-4.41176E-01-5.00000E-02 5.00000E-02
 -1       216-5.00000E-01-5.00000E-02 5.00000E-02
 -1       217-5.58824E-01-5.00000E-02 5.00000E-02
 -1       218-6.17647E-01-5.00000E-02 5.00000E-02
 -1       219-6.76471E-01-5.00000E-02 5.00000E-02
 -1       220-7.35294E-01-5.00000E-02 5.00000E-02
 -1       221-7.94118E-01-5.00000E-02 5.00000E-02
 -1       222-8.52941E-01-5.00000E-02 5.00000E-02
 -1       223-9.11765E-01-5.00000E-02 5.00000E-02
 -1       224-9.70588E-01-5.00000E-02 5.00000E-02
 -1       225-1.00000E+00-3.46945E-17 5.00000E-02
 -1       226-1.00000E+00 2.50000E-02 5.00000E-02
 -1       227-1.00000E+00-2.50000E-02 5.00000E-02
 -1       228 9.41176E-01 5.00000E-02 5.00000E-02
 -1       229 8.82353E-01 5.00000E-02 5.00000E-02
 -1       230 8.23529E-01 5.00000E-02 5.00000E-02
 -1       231 7.64706E-01 5.00000E-02 5.00000E-02
 -1       232 7.05882E-01 5.00000E-02 5.00000E-02
 -1       233 6.47059E-01 5.00000E-02 5.00000E-02
 -1       234 5.88235E-01 5.00000E-02 5.00000E-02
 -1       235 5.29412E-01 5.00000E-02 5.00000E-02
 -1       236 4.70588E-01 5.00000E-02 5.00000E-02
 -1       237 4.11765E-01 5.00000E-02 5.00000E-02
 -1       238 3.52941E-01 5.00000E-02 5.00000E-02
 -1       239 2.94118E-01 5.00000E-02 5.00000E-02
 -1       240 2.35294E-01 5.00000E-02 5.00000E-02
 -1       241 1.76471E-01 5.00000E-02 5.00000E-02
 -1       242 1.17647E-01 5.00000E-02 5.00000E-02
 -1       243 5.88235E-02 5.00000E-02 5.00000E-02
 -1       244 0.00000E+00 5.00000E-02 5.00000E-02
 -1       245-5.88235E-02 5.00000E-02 5.00000E-02
 -1       246-1.17647E-01 5.00000E-02 5.00000E-02
 -1       247-1.76471E-01 5.00000E-02 5.00000E-02
 -1       248-2.35294E-01 5.00000E-02 5.00000E-02
 -1       249-2.94118E-01 5.00000E-02 5.00000E-02
 -1       250-3.52941E-01 5.00000E-02 5.00000E-02
 -1       251-4.11765E-01 5.00000E-02 5.00000E-02
 -1       252-4.70588E-01 5.00000E-02 5.00000E-02
 -1       253-5.29412E-01 5.00000E-02 5.00000E-02
 -1       254-5.88235E-01 5.00000E-02 5.00000E-02
 -1       255-6.47059E-01 5.00000E-02 5.00000E-02
 -1       256-7.05882E-01 5.00000E-02 5.00000E-02
 -1       257-7.64706E-01 5.00000E-02 5.00000E-02
 -1       258-8.23529E-01 5.00000E-02 5.00000E-02
 -1       259-8.82353E-01 5.00000E-02 5.00000E-02
 -1       260-9.41176E-01 5.00000E-02 5.00000E-02
 -1       261 9.70588E-01 5.00000E-02 5.00000E-02
 -1       262 9.11765E-01 5.00000E-02 5.00000E-02
 -1       263 8.52941E-01 5.00000E-02 5.00000E-02
 -1       264 7.94118E-01 5.00000E-02 5.00000E-02
 -1       265 7.35294E-01 5.00000E-02 5.00000E-02
 -1       266 6.76471E-01 5.00000E-02 5.00000E-02
 -1       267 6.17647E-01 5.00000E-02 5.00000E-02
 -1       268 5.58824E-01 5.00000E-02 5.00000E-02
 -1       269 5.00000E-01 5.00000E-02 5.00000E-02
 -1       270 4.41176E-01 5.00000E-02 5.00000E-02
 -1       271 3.82353E-01 5.00000E-02 5.00000E-02
 -1       272 3.23529E-01 5.00000E-02 5.00000E-02
 -1       273 2.64706E-01 5.00000E-02 5.00000E-02
 -1       274 2.05882E-01 5.00000E-02 5.00000E-02
 -1       275 1.47059E-01 5.00000E-02 5.00000E-02
 -1       276 8.82353E-02 5.00000E-02 5.00000E-02
 -1       277 2.94118E-02 5.00000E-02 5.00000E-02
 -1       278-2.94118E-02 5.00000E-02 5.00000E-02
 -1       279-8.82353E-02 5.00000E-02 5.00000E-02
 -1       280-1.47059E-01 5.00000E-02 5.00000E-02
 -1       281-2.05882E-01 5.00000E-02 5.00000E-02
 -1       282-2.64706E-01 5.00000E-02 5.00000E-02
 -1       283-3.23529E-01 5.00000E-02 5.00000E-02
 -1       284-3.82353E-01 5.00000E-02 5.00000E-02
 -1       285-4.41176E-01 5.00000E-02 5.00000E-02
 -1       286-5.00000E-01 5.00000E-02 5.00000E-02
 -1       287-5.58824E-01 5.00000E-02 5.00000E-02
 -1       288-6.17647E-01 5.00000E-02 5.00000E-02
 -1       289-6.76471E-01 5.00000E-02 5.00000E-02
 -1       290-7.35294E-01 5.00000E-02 5.00000E-02
 -1       291-7.94118E-01 5.00000E-02 5.00000E-02
 -1       292-8.52941E-01 5.00000E-02 5.00000E-02
 -1       293-9.11765E-01 5.00000E-02 5.00000E-02
 -1       294-9.70588E-01 5.00000E-02 5.00000E-02
 -1       295-1.00000E+00-5.00000E-02-3.46945E-17
 -1       296-1.00000E+00-5.00000E-02 2.50000E-02
 -1       297-1.00000E+00-5.00000E-02-2.50000E-02
 -1       298-1.00000E+00 5.00000E-02-3.46945E-17
 -1       299-1.00000E+00 5.00000E-02 2.50000E-02
 -1       300-1.00000E+00 5.00000E-02-2.50000E-02
 -1       301-9.41176E-01-2.08167E-17-5.00000E-02
 -1       302-8.82353E-01-3.46945E-17-5.00000E-02
 -1       303-8.23529E-01-3.46945E-17-5.00000E-02
 -1       304-7.64706E-01-3.46945E-17-5.00000E-02
 -1       305-7.05882E-01-2.08167E-17-5.00000E-02
 -1       306-6.47059E-01-4.16334E-17-5.00000E-02
 -1       307-5.88235E-01-3.46945E-17-5.00000E-02
 -1       308-5.29412E-01-3.46945E-17-5.00000E-02
 -1       309-4.70588E-01-3.46945E-17-5.00000E-02
 -1       310-4.11765E-01-4.16334E-17-5.00000E-02
 -1       311-3.52941E-01-3.46945E-17-5.00000E-02
 -1       312-2.94118E-01-4.16334E-17-5.00000E-02
 -1       313-2.35294E-01-2.77556E-17-5.00000E-02
 -1       314-1.76471E-01-3.46945E-17-5.00000E-02
 -1       315-1.17647E-01-4.16334E-17-5.00000E-02
 -1       316-5.88235E-02-4.16334E-17-5.00000E-02
 -1       317 0.00000E+00-3.46945E-17-5.00000E-02
 -1       318 5.88235E-02-4.16334E-17-5.00000E-02
 -1       319 1.17647E-01-4.16334E-17-5.00000E-02
 -1       320 1.76471E-01-3.46945E-17-5.00000E-02
 -1       321 2.35294E-01-2.77556E-17-5.00000E-02
 -1       322 2.94118E-01-4.16334E-17-5.00000E-02
 -1       323 3.52941E-01-2.77556E-17-5.00000E-02
 -1       324 4.11765E-01-2.08167E-17-5.00000E-02
 -1       325 4.70588E-01-4.16334E-17-5.00000E-02
 -1       326 5.29412E-01-2.77556E-17-5.00000E-02
 -1       327 5.88235E-01-3.46945E-17-5.00000E-02
 -1       328 6.47059E-01-3.46945E-17-5.00000E-02
 -1       329 7.05882E-01-3.46945E-17-5.00000E-02
 -1       330 7.64706E-01-3.46945E-17-5.00000E-02
 -1       331 8.23529E-01-3.46945E-17-5.00000E-02
 -1       332 8.82353E-01-3.46945E-17-5.00000E-02
 -1       333 9.41176E-01-3.46945E-17-5.00000E-02
 -1       334-9.41176E-01 2.50000E-02-5.00000E-02
 -1       335-9.70588E-01-2.77556E-17-5.00000E-02
 -1       336-8.82353E-01 2.50000E-02-5.00000E-02
 -1       337-9.11765E-01-2.77556E-17-5.00000E-02
 -1       338-8.23529E-01 2.50000E-02-5.00000E-02
 -1       339-8.52941E-01-3.46945E-17-5.00000E-02
 -1       340-7.64706E-01 2.50000E-02-5.00000E-02
 -1       341-7.94118E-01-3.46945E-17-5.00000E-02
 -1       342-7.05882E-01 2.50000E-02-5.00000E-02
 -1       343-7.35294E-01-2.77556E-17-5.00000E-02
 -1       344-6.47059E-01 2.50000E-02-5.00000E-02
 -1       345-6.76471E-01-3.12250E-17-5.00000E-02
 -1       346-5.88235E-01 2.50000E-02-5.00000E-02
 -1       347-6.17647E-01-3.81639E-17-5.00000E-02
 -1       348-5.29412E-01 2.50000E-02-5.00000E-02
 -1       349-5.58824E-01-3.46945E-17-5.00000E-02
 -1       350-4.70588E-01 2.50000E-02-5.00000E-02
 -1       351-5.00000E-01-3.46945E-17-5.00000E-02
 -1       352-4.11765E-01 2.50000E-02-5.00000E-02
 -1       353-4.41176E-01-3.81639E-17-5.00000E-02
 -1       354-3.52941E-01 2.50000E-02-5.00000E-02
 -1       355-3.82353E-01-3.81639E-17-5.00000E-02
 -1       356-2.94118E-01 2.50000E-02-5.00000E-02
 -1       357-3.23529E-01-3.81639E-17-5.00000E-02
 -1       358-2.35294E-01 2.50000E-02-5.00000E-02
 -1       359-2.64706E-01-3.46945E-17-5.00000E-02
 -1       360-1.76471E-01 2.50000E-02-5.00000E-02
 -1       361-2.05882E-01-3.12250E-17-5.00000E-02
 -1       362-1.17647E-01 2.50000E-02-5.00000E-02
 -1       363-1.47059E-01-3.81639E-17-5.00000E-02
 -1       364-5.88235E-02 2.50000E-02-5.00000E-02
 -1       365-8.82353E-02-4.16334E-17-5.00000E-02
 -1       366 0.00000E+00 2.50000E-02-5.00000E-02
 -1       367-2.94118E-02-3.81639E-17-5.00000E-02
 -1       368 5.88235E-02 2.50000E-02-5.00000E-02
 -1       369 2.94118E-02-3.81639E-17-5.00000E-02
 -1       370 1.17647E-01 2.50000E-02-5.00000E-02
 -1       371 8.82353E-02-4.16334E-17-5.00000E-02
 -1       372 1.76471E-01 2.50000E-02-5.00000E-02
 -1       373 1.47059E-01-3.81639E-17-5.00000E-02
 -1       374 2.35294E-01 2.50000E-02-5.00000E-02
 -1       375 2.05882E-01-3.12250E-17-5.00000E-02
 -1       376 2.94118E-01 2.50000E-02-5.00000E-02
 -1       377 2.64706E-01-3.46945E-17-5.00000E-02
 -1       378 3.52941E-01 2.50000E-02-5.00000E-02
 -1       379 3.23529E-01-3.46945E-17-5.00000E-02
 -1       380 4.11765E-01 2.50000E-02-5.00000E-02
 -1       381 3.82353E-01-2.42861E-17-5.00000E-02
 -1       382 4.70588E-01 2.50000E-02-5.00000E-02
 -1       383 4.41176E-01-3.12250E-17-5.00000E-02
 -1       384 5.29412E-01 2.50000E-02-5.00000E-02
 -1       385 5.00000E-01-3.46945E-17-5.00000E-02
 -1       386 5.88235E-01 2.50000E-02-5.00000E-02
 -1       387 5.58824E-01-3.12250E-17-5.00000E-02
 -1       388 6.47059E-01 2.50000E-02-5.00000E-02
 -1       389 6.17647E-01-3.46945E-17-5.00000E-02
 -1       390 7.05882E-01 2.50000E-02-5.00000E-02
 -1       391 6.76471E-01-3.46945E-17-5.00000E-02
 -1       392 7.64706E-01 2.50000E-02-5.00000E-02
 -1       393 7.35294E-01-3.46945E-17-5.00000E-02
 -1       394 8.23529E-01 2.50000E-02-5.00000E-02
 -1       395 7.94118E-01-3.46945E-17-5.00000E-02
 -1       396 8.82353E-01 2.50000E-02-5.00000E-02
 -1       397 8.52941E-01-3.46945E-17-5.00000E-02
 -1       398 9.41176E-01 2.50000E-02-5.00000E-02
 -1       399 9.11765E-01-3.46945E-17-5.00000E-02
 -1       400 9.70588E-01-3.46945E-17-5.00000E-02
 -1       401-9.41176E-01-2.50000E-02-5.00000E-02
 -1       402-8.82353E-01-2.50000E-02-5.00000E-02
 -1       403-8.23529E-01-2.50000E-02-5.00000E-02
 -1       404-7.64706E-01-2.50000E-02-5.00000E-02
 -1       405-7.05882E-01-2.50000E-02-5.00000E-02
 -1       406-6.47059E-01-2.50000E-02-5.00000E-02
 -1       407-5.88235E-01-2.50000E-02-5.00000E-02
 -1       408-5.29412E-01-2.50000E-02-5.00000E-02
 -1       409-4.70588E-01-2.50000E-02-5.00000E-02
 -1       410-4.11765E-01-2.50000E-02-5.00000E-02
 -1       411-3.52941E-01-2.50000E-02-5.00000E-02
 -1       412-2.94118E-01-2.50000E-02-5.00000E-02
 -1       413-2.35294E-01-2.50000E-02-5.00000E-02
 -1       414-1.76471E-01-2.50000E-02-5.00000E-02
 -1       415-1.17647E-01-2.50000E-02-5.00000E-02
 -1       416-5.88235E-02-2.50000E-02-5.00000E-02
 -1       417 0.00000E+00-2.50000E-02-5.00000E-02
 -1       418 5.88235E-02-2.50000E-02-5.00000E-02
 -1       419 1.17647E-01-2.50000E-02-5.00000E-02
 -1       420 1.76471E-01-2.50000E-02-5.00000E-02
 -1       421 2.35294E-01-2.50000E-02-5.00000E-02
 -1       422 2.94118E-01-2.50000E-02-5.00000E-02
 -1       423 3.52941E-01-2.50000E-02-5.00000E-02
 -1       424 4.11765E-01-2.50000E-02-5.00000E-02
 -1       425 4.70588E-01-2.50000E-02-5.00000E-02
 -1       426 5.29412E-01-2.50000E-02-5.00000E-02
 -1       427 5.88235E-01-2.50000E-02-5.00000E-02
 -1       428 6.47059E-01-2.50000E-02-5.00000E-02
 -1       429 7.05882E-01-2.50000E-02-5.00000E-02
 -1       430 7.64706E-01-2.50000E-02-5.00000E-02
 -1       431 8.23529E-01-2.50000E-02-5.00000E-02
 -1       432 8.82353E-01-2.50000E-02-5.00000E-02
 -1       433 9.41176E-01-2.50000E-02-5.00000E-02
 -1       434 1.00000E+00-2.77556E-17 4.16334E-17
 -1       435 1.00000E+00 2.50000E-02 3.81639E-17
 -1       436 1.00000E+00-3.12250E-17-2.50000E-02
 -1       437 1.00000E+00-3.12250E-17 2.50000E-02
 -1       438 1.00000E+00-2.50000E-02 3.81639E-17
 -1       439 9.41176E-01-2.08167E-17 5.00000E-02
 -1       440 8.82353E-01-3.46945E-17 5.00000E-02
 -1       441 8.23529E-01-3.46945E-17 5.00000E-02
 -1       442 7.64706E-01-3.46945E-17 5.00000E-02
 -1       443 7.05882E-01-2.08167E-17 5.00000E-02
 -1       444 6.47059E-01-4.16334E-17 5.00000E-02
 -1       445 5.88235E-01-3.46945E-17 5.00000E-02
 -1       446 5.29412E-01-3.46945E-17 5.00000E-02
 -1       447 4.70588E-01-3.46945E-17 5.00000E-02
 -1       448 4.11765E-01-4.16334E-17 5.00000E-02
 -1       449 3.52941E-01-3.46945E-17 5.00000E-02
 -1       450 2.94118E-01-4.16334E-17 5.00000E-02
 -1       451 2.35294E-01-2.77556E-17 5.00000E-02
 -1       452 1.76471E-01-3.46945E-17 5.00000E-02
 -1       453 1.17647E-01-4.16334E-17 5.00000E-02
 -1       454 5.88235E-02-4.16334E-17 5.00000E-02
 -1       455 0.00000E+00-3.46945E-17 5.00000E-02
 -1       456-5.88235E-02-4.16334E-17 5.00000E-02
 -1       457-1.17647E-01-4.16334E-17 5.00000E-02
 -1       458-1.76471E-01-3.46945E-17 5.00000E-02
 -1       459-2.35294E-01-2.77556E-17 5.00000E-02
 -1       460-2.94118E-01-4.16334E-17 5.00000E-02
 -1       461-3.52941E-01-2.77556E-17 5.00000E-02
 -1       462-4.11765E-01-2.08167E-17 5.00000E-02
 -1       463-4.70588E-01-4.16334E-17 5.00000E-02
 -1       464-5.29412E-01-2.77556E-17 5.00000E-02
 -1       465-5.88235E-01-3.46945E-17 5.00000E-02
 -1       466-6.47059E-01-3.46945E-17 5.00000E-02
 -1       467-7.05882E-01-3.46945E-17 5.00000E-02
 -1       468-7.64706E-01-3.46945E-17 5.00000E-02
 -1       469-8.23529E-01-3.46945E-17 5.00000E-02
 -1       470-8.82353E-01-3.46945E-17 5.00000E-02
 -1       471-9.41176E-01-3.46945E-17 5.00000E-02
 -1       472 9.41176E-01 2.50000E-02 5.00000E-02
 -1       473 9.70588E-01-2.77556E-17 5.00000E-02
 -1       474 8.82353E-01 2.50000E-02 5.00000E-02
 -1       475 9.11765E-01-2.77556E-17 5.00000E-02
 -1       476 8.23529E-01 2.50000E-02 5.00000E-02
 -1       477 8.52941E-01-3.46945E-17 5.00000E-02
 -1       478 7.64706E-01 2.50000E-02 5.00000E-02
 -1       479 7.94118E-01-3.46945E-17 5.00000E-02
 -1       480 7.05882E-01 2.50000E-02 5.00000E-02
 -1       481 7.35294E-01-2.77556E-17 5.00000E-02
 -1       482 6.47059E-01 2.50000E-02 5.00000E-02
 -1       483 6.76471E-01-3.12250E-17 5.00000E-02
 -1       484 5.88235E-01 2.50000E-02 5.00000E-02
 -1       485 6.17647E-01-3.81639E-17 5.00000E-02
 -1       486 5.29412E-01 2.50000E-02 5.00000E-02
 -1       487 5.58824E-01-3.46945E-17 5.00000E-02
 -1       488 4.70588E-01 2.50000E-02 5.00000E-02
 -1       489 5.00000E-01-3.46945E-17 5.00000E-02
 -1       490 4.11765E-01 2.50000E-02 5.00000E-02
 -1       491 4.41176E-01-3.81639E-17 5.00000E-02
 -1       492 3.52941E-01 2.50000E-02 5.00000E-02
 -1       493 3.82353E-01-3.81639E-17 5.00000E-02
 -1       494 2.94118E-01 2.50000E-02 5.00000E-02
 -1       495 3.23529E-01-3.81639E-17 5.00000E-02
 -1       496 2.35294E-01 2.50000E-02 5.00000E-02
 -1       497 2.64706E-01-3.46945E-17 5.00000E-02
 -1       498 1.76471E-01 2.50000E-02 5.00000E-02
 -1       499 2.05882E-01-3.12250E-17 5.00000E-02
 -1       500 1.17647E-01 2.50000E-02 5.00000E-02
 -1       501 1.47059E-01-3.81639E-17 5.00000E-02
 -1       502 5.88235E-02 2.50000E-02 5.00000E-02
 -1       503 8.82353E-02-4.16334E-17 5.00000E-02
 -1       504 0.00000E+00 2.50000E-02 5.00000E-02
 -1       505 2.94118E-02-3.81639E-17 5.00000E-02
 -1       506-5.88235E-02 2.50000E-02 5.00000E-02
 -1       507-2.94118E-02-3.81639E-17 5.00000E-02
 -1       508-1.17647E-01 2.50000E-02 5.00000E-02
 -1       509-8.82353E-02-4.16334E-17 5.00000E-02
 -1       510-1.76471E-01 2.50000E-02 5.00000E-02
 -1       511-1.47059E-01-3.81639E-17 5.00000E-02
 -1       512-2.35294E-01 2.50000E-02 5.00000E-02
 -1       513-2.05882E-01-3.12250E-17 5.00000E-02
 -1       514-2.94118E-01 2.50000E-02 5.00000E-02
 -1       515-2.64706E-01-3.46945E-17 5.00000E-02
 -1       516-3.52941E-01 2.50000E-02 5.00000E-02
 -1       517-3.23529E-01-3.46945E-17 5.00000E-02
 -1       518-4.11765E-01 2.50000E-02 5.00000E-02
 -1       519-3.82353E-01-2.42861E-17 5.00000E-02
 -1       520-4.70588E-01 2.50000E-02 5.00000E-02
 -1       521-4.41176E-01-3.12250E-17 5.00000E-02
 -1       522-5.29412E-01 2.50000E-02 5.00000E-02
 -1       523-5.00000E-01-3.46945E-17 5.00000E-02
 -1       524-5.88235E-01 2.50000E-02 5.00000E-02
 -1       525-5.58824E-01-3.12250E-17 5.00000E-02
 -1       526-6.47059E-01 2.50000E-02 5.00000E-02
 -1       527-6.17647E-01-3.46945E-17 5.00000E-02
 -1       528-7.05882E-01 2.50000E-02 5.00000E-02
 -1       529-6.76471E-01-3.46945E-17 5.00000E-02
 -1       530-7.64706E-01 2.50000E-02 5.00000E-02
 -1       531-7.35294E-01-3.46945E-17 5.00000E-02
 -1       532-8.23529E-01 2.50000E-02 5.00000E-02
 -1       533-7.94118E-01-3.46945E-17 5.00000E-02
 -1       534-8.82353E-01 2.50000E-02 5.00000E-02
 -1       535-8.52941E-01-3.46945E-17 5.00000E-02
 -1       536-9.41176E-01 2.50000E-02 5.00000E-02
 -1       537-9.11765E-01-3.46945E-17 5.00000E-02
 -1       538-9.70588E-01-3.46945E-17 5.00000E-02
 -1       539 9.41176E-01-2.50000E-02 5.00000E-02
 -1       540 8.82353E-01-2.50000E-02 5.00000E-02
 -1       541 8.23529E-01-2.50000E-02 5.00000E-02
 -1       542 7.64706E-01-2.50000E-02 5.00000E-02
 -1       543 7.05882E-01-2.50000E-02 5.00000E-02
 -1       544 6.47059E-01-2.50000E-02 5.00000E-02
 -1       545 5.88235E-01-2.50000E-02 5.00000E-02
 -1       546 5.29412E-01-2.50000E-02 5.00000E-02
 -1       547 4.70588E-01-2.50000E-02 5.00000E-02
 -1       548 4.11765E-01-2.50000E-02 5.00000E-02
 -1       549 3.52941E-01-2.50000E-02 5.00000E-02
 -1       550 2.94118E-01-2.50000E-02 5.00000E-02
 -1       551 2.35294E-01-2.50000E-02 5.00000E-02
 -1       552 1.76471E-01-2.50000E-02 5.00000E-02
 -1       553 1.17647E-01-2.50000E-02 5.00000E-02
 -1       554 5.88235E-02-2.50000E-02 5.00000E-02
 -1       555 0.00000E+00-2.50000E-02 5.00000E-02
 -1       556-5.88235E-02-2.50000E-02 5.00000E-02
 -1       557-1.17647E-01-2.50000E-02 5.00000E-02
 -1       558-1.76471E-01-2.50000E-02 5.00000E-02
 -1       559-2.35294E-01-2.50000E-02 5.00000E-02
 -1       560-2.94118E-01-2.50000E-02 5.00000E-02
 -1       561-3.52941E-01-2.50000E-02 5.00000E-02
 -1       562-4.11765E-01-2.50000E-02 5.00000E-02
 -1       563-4.70588E-01-2.50000E-02 5.00000E-02
 -1       564-5.29412E-01-2.50000E-02 5.00000E-02
 -1       565-5.88235E-01-2.50000E-02 5.00000E-02
 -1       566-6.47059E-01-2.50000E-02 5.00000E-02
 -1       567-7.05882E-01-2.50000E-02 5.00000E-02
 -1       568-7.64706E-01-2.50000E-02 5.00000E-02
 -1       569-8.23529E-01-2.50000E-02 5.00000E-02
 -1       570-8.82353E-01-2.50000E-02 5.00000E-02
 -1       571-9.41176E-01-2.50000E-02 5.00000E-02
 -1       572-1.00000E+00-4.85723E-17-3.46945E-17
 -1       573-1.00000E+00 2.50000E-02-3.46945E-17
 -1       574-1.00000E+00-4.16334E-17 2.50000E-02
 -1       575-1.00000E+00-4.16334E-17-2.50000E-02
 -1       576-1.00000E+00-2.50000E-02-3.46945E-17
 -1       577-9.41176E-01 5.00000E-02-3.30873E-17
 -1       578-8.82353E-01 5.00000E-02-3.14801E-17
 -1       579-8.23529E-01 5.00000E-02-2.64035E-17
 -1       580-7.64706E-01 5.00000E-02-2.82658E-17
 -1       581-7.05882E-01 5.00000E-02-2.66586E-17
 -1       582-6.47059E-01 5.00000E-02-2.50514E-17
 -1       583-5.88235E-01 5.00000E-02-2.04085E-17
 -1       584-5.29412E-01 5.00000E-02-1.83677E-17
 -1       585-4.70588E-01 5.00000E-02-1.63268E-17
 -1       586-4.11765E-01 5.00000E-02-1.51533E-17
 -1       587-3.52941E-01 5.00000E-02-8.77566E-18
 -1       588-2.94118E-01 5.00000E-02-8.46953E-18
 -1       589-2.35294E-01 5.00000E-02-8.16340E-18
 -1       590-1.76471E-01 5.00000E-02-6.12255E-18
 -1       591-1.17647E-01 5.00000E-02-4.08170E-18
 -1       592-5.88235E-02 5.00000E-02-2.04085E-18
 -1       593 2.64339E-17 5.00000E-02 4.45737E-30
 -1       594 5.88235E-02 5.00000E-02 2.04085E-18
 -1       595 1.17647E-01 5.00000E-02 4.08170E-18
 -1       596 1.76471E-01 5.00000E-02 6.12255E-18
 -1       597 2.35294E-01 5.00000E-02 8.16340E-18
 -1       598 2.94118E-01 5.00000E-02 1.02043E-17
 -1       599 3.52941E-01 5.00000E-02 1.57146E-17
 -1       600 4.11765E-01 5.00000E-02 1.42860E-17
 -1       601 4.70588E-01 5.00000E-02 1.63268E-17
 -1       602 5.29412E-01 5.00000E-02 1.83677E-17
 -1       603 5.88235E-01 5.00000E-02 2.04085E-17
 -1       604 6.47059E-01 5.00000E-02 1.89799E-17
 -1       605 7.05882E-01 5.00000E-02 2.10208E-17
 -1       606 7.64706E-01 5.00000E-02 2.30616E-17
 -1       607 8.23529E-01 5.00000E-02 3.20414E-17
 -1       608 8.82353E-01 5.00000E-02 3.06128E-17
 -1       609 9.41176E-01 5.00000E-02 3.26536E-17
 -1       610-9.41176E-01 5.00000E-02 2.50000E-02
 -1       611-9.70588E-01 5.00000E-02-3.38909E-17
 -1       612-8.82353E-01 5.00000E-02 2.50000E-02
 -1       613-9.11765E-01 5.00000E-02-3.22837E-17
 -1       614-8.23529E-01 5.00000E-02 2.50000E-02
 -1       615-8.52941E-01 5.00000E-02-2.89418E-17
 -1       616-7.64706E-01 5.00000E-02 2.50000E-02
 -1       617-7.94118E-01 5.00000E-02-2.73346E-17
 -1       618-7.05882E-01 5.00000E-02 2.50000E-02
 -1       619-7.35294E-01 5.00000E-02-2.74622E-17
 -1       620-6.47059E-01 5.00000E-02 2.50000E-02
 -1       621-6.76471E-01 5.00000E-02-2.58550E-17
 -1       622-5.88235E-01 5.00000E-02 2.50000E-02
 -1       623-6.17647E-01 5.00000E-02-2.27300E-17
 -1       624-5.29412E-01 5.00000E-02 2.50000E-02
 -1       625-5.58824E-01 5.00000E-02-1.93881E-17
 -1       626-4.70588E-01 5.00000E-02 2.50000E-02
 -1       627-5.00000E-01 5.00000E-02-1.73472E-17
 -1       628-4.11765E-01 5.00000E-02 2.50000E-02
 -1       629-4.41176E-01 5.00000E-02-1.57401E-17
 -1       630-3.52941E-01 5.00000E-02 2.50000E-02
 -1       631-3.82353E-01 5.00000E-02-1.19645E-17
 -1       632-2.94118E-01 5.00000E-02 2.50000E-02
 -1       633-3.23529E-01 5.00000E-02-8.62260E-18
 -1       634-2.35294E-01 5.00000E-02 2.50000E-02
 -1       635-2.64706E-01 5.00000E-02-8.31647E-18
 -1       636-1.76471E-01 5.00000E-02 2.50000E-02
 -1       637-2.05882E-01 5.00000E-02-7.14298E-18
 -1       638-1.17647E-01 5.00000E-02 2.50000E-02
 -1       639-1.47059E-01 5.00000E-02-5.10213E-18
 -1       640-5.88235E-02 5.00000E-02 2.50000E-02
 -1       641-8.82353E-02 5.00000E-02-3.06128E-18
 -1       642 1.32169E-17 5.00000E-02 2.50000E-02
 -1       643-2.94118E-02 5.00000E-02-1.02043E-18
 -1       644 5.88235E-02 5.00000E-02 2.50000E-02
 -1       645 2.94118E-02 5.00000E-02 1.02043E-18
 -1       646 1.17647E-01 5.00000E-02 2.50000E-02
 -1       647 8.82353E-02 5.00000E-02 3.06128E-18
 -1       648 1.76471E-01 5.00000E-02 2.50000E-02
 -1       649 1.47059E-01 5.00000E-02 5.10213E-18
 -1       650 2.35294E-01 5.00000E-02 2.50000E-02
 -1       651 2.05882E-01 5.00000E-02 7.14298E-18
 -1       652 2.94118E-01 5.00000E-02 2.50000E-02
 -1       653 2.64706E-01 5.00000E-02 9.18383E-18
 -1       654 3.52941E-01 5.00000E-02 2.50000E-02
 -1       655 3.23529E-01 5.00000E-02 1.29594E-17
 -1       656 4.11765E-01 5.00000E-02 2.50000E-02
 -1       657 3.82353E-01 5.00000E-02 1.50003E-17
 -1       658 4.70588E-01 5.00000E-02 2.50000E-02
 -1       659 4.41176E-01 5.00000E-02 1.53064E-17
 -1       660 5.29412E-01 5.00000E-02 2.50000E-02
 -1       661 5.00000E-01 5.00000E-02 1.73472E-17
 -1       662 5.88235E-01 5.00000E-02 2.50000E-02
 -1       663 5.58824E-01 5.00000E-02 1.93881E-17
 -1       664 6.47059E-01 5.00000E-02 2.50000E-02
 -1       665 6.17647E-01 5.00000E-02 1.96942E-17
 -1       666 7.05882E-01 5.00000E-02 2.50000E-02
 -1       667 6.76471E-01 5.00000E-02 2.00003E-17
 -1       668 7.64706E-01 5.00000E-02 2.50000E-02
 -1       669 7.35294E-01 5.00000E-02 2.20412E-17
 -1       670 8.23529E-01 5.00000E-02 2.50000E-02
 -1       671 7.94118E-01 5.00000E-02 2.75515E-17
 -1       672 8.82353E-01 5.00000E-02 2.50000E-02
 -1       673 8.52941E-01 5.00000E-02 3.13271E-17
 -1       674 9.41176E-01 5.00000E-02 2.50000E-02
 -1       675 9.11765E-01 5.00000E-02 3.16332E-17
 -1       676 9.70588E-01 5.00000E-02 3.36740E-17
 -1       677-9.41176E-01 5.00000E-02-2.50000E-02
 -1       678-8.82353E-01 5.00000E-02-2.50000E-02
 -1       679-8.23529E-01 5.00000E-02-2.50000E-02
 -1       680-7.64706E-01 5.00000E-02-2.50000E-02
 -1       681-7.05882E-01 5.00000E-02-2.50000E-02
 -1       682-6.47059E-01 5.00000E-02-2.50000E-02
 -1       683-5.88235E-01 5.00000E-02-2.50000E-02
 -1       684-5.29412E-01 5.00000E-02-2.50000E-02
 -1       685-4.70588E-01 5.00000E-02-2.50000E-02
 -1       686-4.11765E-01 5.00000E-02-2.50000E-02
 -1       687-3.52941E-01 5.00000E-02-2.50000E-02
 -1       688-2.94118E-01 5.00000E-02-2.50000E-02
 -1       689-2.35294E-01 5.00000E-02-2.50000E-02
 -1       690-1.76471E-01 5.00000E-02-2.50000E-02
 -1       691-1.17647E-01 5.00000E-02-2.50000E-02
 -1       692-5.88235E-02 5.00000E-02-2.50000E-02
 -1       693 1.32169E-17 5.00000E-02-2.50000E-02
 -1       694 5.88235E-02 5.00000E-02-2.50000E-02
 -1       695 1.17647E-01 5.00000E-02-2.50000E-02
 -1       696 1.76471E-01 5.00000E-02-2.50000E-02
 -1       697 2.35294E-01 5.00000E-02-2.50000E-02
 -1       698 2.94118E-01 5.00000E-02-2.50000E-02
 -1       699 3.52941E-01 5.00000E-02-2.50000E-02
 -1       700 4.11765E-01 5.00000E-02-2.50000E-02
 -1       701 4.70588E-01 5.00000E-02-2.50000E-02
 -1       702 5.29412E-01 5.00000E-02-2.50000E-02
 -1       703 5.88235E-01 5.00000E-02-2.50000E-02
 -1       704 6.47059E-01 5.00000E-02-2.50000E-02
 -1       705 7.05882E-01 5.00000E-02-2.50000E-02
 -1       706 7.64706E-01 5.00000E-02-2.50000E-02
 -1       707 8.23529E-01 5.00000E-02-2.50000E-02
 -1       708 8.82353E-01 5.00000E-02-2.50000E-02
 -1       709 9.41176E-01 5.00000E-02-2.50000E-02
 -1       710-9.41176E-01-5.00000E-02-3.22199E-17
 -1       711-8.82353E-01-5.00000E-02-2.97454E-17
 -1       712-8.23529E-01-5.00000E-02-3.07403E-17
 -1       713-7.64706E-01-5.00000E-02-2.47963E-17
 -1       714-7.05882E-01-5.00000E-02-2.23218E-17
 -1       715-6.47059E-01-5.00000E-02-1.98473E-17
 -1       716-5.88235E-01-5.00000E-02-2.04085E-17
 -1       717-5.29412E-01-5.00000E-02-1.83677E-17
 -1       718-4.70588E-01-5.00000E-02-1.63268E-17
 -1       719-4.11765E-01-5.00000E-02-1.34186E-17
 -1       720-3.52941E-01-5.00000E-02-1.57146E-17
 -1       721-2.94118E-01-5.00000E-02-1.19390E-17
 -1       722-2.35294E-01-5.00000E-02-8.16340E-18
 -1       723-1.76471E-01-5.00000E-02-6.12255E-18
 -1       724-1.17647E-01-5.00000E-02-4.08170E-18
 -1       725-5.88235E-02-5.00000E-02-2.04085E-18
 -1       726 2.64339E-17-5.00000E-02-4.45737E-30
 -1       727 5.88235E-02-5.00000E-02 2.04085E-18
 -1       728 1.17647E-01-5.00000E-02 4.08170E-18
 -1       729 1.76471E-01-5.00000E-02 6.12255E-18
 -1       730 2.35294E-01-5.00000E-02 8.16340E-18
 -1       731 2.94118E-01-5.00000E-02 1.02043E-17
 -1       732 3.52941E-01-5.00000E-02 8.77566E-18
 -1       733 4.11765E-01-5.00000E-02 1.42860E-17
 -1       734 4.70588E-01-5.00000E-02 1.63268E-17
 -1       735 5.29412E-01-5.00000E-02 1.83677E-17
 -1       736 5.88235E-01-5.00000E-02 2.04085E-17
 -1       737 6.47059E-01-5.00000E-02 2.59188E-17
 -1       738 7.05882E-01-5.00000E-02 2.79597E-17
 -1       739 7.64706E-01-5.00000E-02 3.00005E-17
 -1       740 8.23529E-01-5.00000E-02 2.51025E-17
 -1       741 8.82353E-01-5.00000E-02 3.06128E-17
 -1       742 9.41176E-01-5.00000E-02 3.26536E-17
 -1       743-9.70588E-01-5.00000E-02-3.34572E-17
 -1       744-9.41176E-01-5.00000E-02 2.50000E-02
 -1       745-9.11765E-01-5.00000E-02-3.09827E-17
 -1       746-8.82353E-01-5.00000E-02 2.50000E-02
 -1       747-8.52941E-01-5.00000E-02-3.02429E-17
 -1       748-8.23529E-01-5.00000E-02 2.50000E-02
 -1       749-7.94118E-01-5.00000E-02-2.77683E-17
 -1       750-7.64706E-01-5.00000E-02 2.50000E-02
 -1       751-7.35294E-01-5.00000E-02-2.35591E-17
 -1       752-7.05882E-01-5.00000E-02 2.50000E-02
 -1       753-6.76471E-01-5.00000E-02-2.10845E-17
 -1       754-6.47059E-01-5.00000E-02 2.50000E-02
 -1       755-6.17647E-01-5.00000E-02-2.01279E-17
 -1       756-5.88235E-01-5.00000E-02 2.50000E-02
 -1       757-5.58824E-01-5.00000E-02-1.93881E-17
 -1       758-5.29412E-01-5.00000E-02 2.50000E-02
 -1       759-5.00000E-01-5.00000E-02-1.73472E-17
 -1       760-4.70588E-01-5.00000E-02 2.50000E-02
 -1       761-4.41176E-01-5.00000E-02-1.48727E-17
 -1       762-4.11765E-01-5.00000E-02 2.50000E-02
 -1       763-3.82353E-01-5.00000E-02-1.45666E-17
 -1       764-3.52941E-01-5.00000E-02 2.50000E-02
 -1       765-3.23529E-01-5.00000E-02-1.38268E-17
 -1       766-2.94118E-01-5.00000E-02 2.50000E-02
 -1       767-2.64706E-01-5.00000E-02-1.00512E-17
 -1       768-2.35294E-01-5.00000E-02 2.50000E-02
 -1       769-2.05882E-01-5.00000E-02-7.14298E-18
 -1       770-1.76471E-01-5.00000E-02 2.50000E-02
 -1       771-1.47059E-01-5.00000E-02-5.10213E-18
 -1       772-1.17647E-01-5.00000E-02 2.50000E-02
 -1       773-8.82353E-02-5.00000E-02-3.06128E-18
 -1       774-5.88235E-02-5.00000E-02 2.50000E-02
 -1       775-2.94118E-02-5.00000E-02-1.02043E-18
 -1       776 1.32169E-17-5.00000E-02 2.50000E-02
 -1       777 2.94118E-02-5.00000E-02 1.02043E-18
 -1       778 5.88235E-02-5.00000E-02 2.50000E-02
 -1       779 8.82353E-02-5.00000E-02 3.06128E-18
 -1       780 1.17647E-01-5.00000E-02 2.50000E-02
 -1       781 1.47059E-01-5.00000E-02 5.10213E-18
 -1       782 1.76471E-01-5.00000E-02 2.50000E-02
 -1       783 2.05882E-01-5.00000E-02 7.14298E-18
 -1       784 2.35294E-01-5.00000E-02 2.50000E-02
 -1       785 2.64706E-01-5.00000E-02 9.18383E-18
 -1       786 2.94118E-01-5.00000E-02 2.50000E-02
 -1       787 3.23529E-01-5.00000E-02 9.48996E-18
 -1       788 3.52941E-01-5.00000E-02 2.50000E-02
 -1       789 3.82353E-01-5.00000E-02 1.15308E-17
 -1       790 4.11765E-01-5.00000E-02 2.50000E-02
 -1       791 4.41176E-01-5.00000E-02 1.53064E-17
 -1       792 4.70588E-01-5.00000E-02 2.50000E-02
 -1       793 5.00000E-01-5.00000E-02 1.73472E-17
 -1       794 5.29412E-01-5.00000E-02 2.50000E-02
 -1       795 5.58824E-01-5.00000E-02 1.93881E-17
 -1       796 5.88235E-01-5.00000E-02 2.50000E-02
 -1       797 6.17647E-01-5.00000E-02 2.31637E-17
 -1       798 6.47059E-01-5.00000E-02 2.50000E-02
 -1       799 6.76471E-01-5.00000E-02 2.69392E-17
 -1       800 7.05882E-01-5.00000E-02 2.50000E-02
 -1       801 7.35294E-01-5.00000E-02 2.89801E-17
 -1       802 7.64706E-01-5.00000E-02 2.50000E-02
 -1       803 7.94118E-01-5.00000E-02 2.75515E-17
 -1       804 8.23529E-01-5.00000E-02 2.50000E-02
 -1       805 8.52941E-01-5.00000E-02 2.78576E-17
 -1       806 8.82353E-01-5.00000E-02 2.50000E-02
 -1       807 9.11765E-01-5.00000E-02 3.16332E-17
 -1       808 9.41176E-01-5.00000E-02 2.50000E-02
 -1       809 9.70588E-01-5.00000E-02 3.36740E-17
 -1       810-9.41176E-01-5.00000E-02-2.50000E-02
 -1       811-8.82353E-01-5.00000E-02-2.50000E-02
 -1       812-8.23529E-01-5.00000E-02-2.50000E-02
 -1       813-7.64706E-01-5.00000E-02-2.50000E-02
 -1       814-7.05882E-01-5.00000E-02-2.50000E-02
 -1       815-6.47059E-01-5.00000E-02-2.50000E-02
 -1       816-5.88235E-01-5.00000E-02-2.50000E-02
 -1       817-5.29412E-01-5.00000E-02-2.50000E-02
 -1       818-4.70588E-01-5.00000E-02-2.50000E-02
 -1       819-4.11765E-01-5.00000E-02-2.50000E-02
 -1       820-3.52941E-01-5.00000E-02-2.50000E-02
 -1       821-2.94118E-01-5.00000E-02-2.50000E-02
 -1       822-2.35294E-01-5.00000E-02-2.50000E-02
 -1       823-1.76471E-01-5.00000E-02-2.50000E-02
 -1       824-1.17647E-01-5.00000E-02-2.50000E-02
 -1       825-5.88235E-02-5.00000E-02-2.50000E-02
 -1       826 1.32169E-17-5.00000E-02-2.50000E-02
 -1       827 5.88235E-02-5.00000E-02-2.50000E-02
 -1       828 1.17647E-01-5.00000E-02-2.50000E-02
 -1       829 1.76471E-01-5.00000E-02-2.50000E-02
 -1       830 2.35294E-01-5.00000E-02-2.50000E-02
 -1       831 2.94118E-01-5.00000E-02-2.50000E-02
 -1       832 3.52941E-01-5.00000E-02-2.50000E-02
 -1       833 4.11765E-01-5.00000E-02-2.50000E-02
 -1       834 4.70588E-01-5.00000E-02-2.50000E-02
 -1       835 5.29412E-01-5.00000E-02-2.50000E-02
 -1       836 5.88235E-01-5.00000E-02-2.50000E-02
 -1       837 6.47059E-01-5.00000E-02-2.50000E-02
 -1       838 7.05882E-01-5.00000E-02-2.50000E-02
 -1       839 7.64706E-01-5.00000E-02-2.50000E-02
 -1       840 8.23529E-01-5.00000E-02-2.50000E-02
 -1       841 8.82353E-01-5.00000E-02-2.50000E-02
 -1       842 9.41176E-01-5.00000E-02-2.50000E-02
 -1       843-9.41176E-01-2.65630E-17-3.41524E-17
 -1       844-8.82353E-01-3.57787E-17-3.18755E-17
 -1       845-8.23529E-01-3.77302E-17-2.42861E-17
 -1       846-7.64706E-01-3.33934E-17-2.90566E-17
 -1       847-7.05882E-01-2.86229E-17-2.68882E-17
 -1       848-6.47059E-01-3.59955E-17-2.21177E-17
 -1       849-5.88235E-01-3.81639E-17-1.99493E-17
 -1       850-5.29412E-01-3.16587E-17-1.43115E-17
 -1       851-4.70588E-01-4.07660E-17-1.64799E-17
 -1       852-4.11765E-01-3.51282E-17-9.97466E-18
 -1       853-3.52941E-01-3.12250E-17-6.93889E-18
 -1       854-2.94118E-01-4.25007E-17-8.67362E-19
 -1       855-2.35294E-01-2.94903E-17-6.93889E-18
 -1       856-1.76471E-01-3.64292E-17-5.20417E-18
 -1       857-1.17647E-01-4.68375E-17-1.73472E-18
 -1       858-5.88235E-02-4.42354E-17 2.60209E-18
 -1       859 0.00000E+00-3.81639E-17 3.46945E-18
 -1       860 5.88235E-02-4.77049E-17 5.20417E-18
 -1       861 1.17647E-01-4.51028E-17 7.80626E-18
 -1       862 1.76471E-01-3.81639E-17 7.80626E-18
 -1       863 2.35294E-01-3.46945E-17 1.38778E-17
 -1       864 2.94118E-01-4.68375E-17 2.08167E-17
 -1       865 3.52941E-01-3.81639E-17 1.56125E-17
 -1       866 4.11765E-01-3.64292E-17 2.25514E-17
 -1       867 4.70588E-01-4.33681E-17 1.90820E-17
 -1       868 5.29412E-01-3.81639E-17 2.42861E-17
 -1       869 5.88235E-01-3.81639E-17 2.42861E-17
 -1       870 6.47059E-01-4.68375E-17 2.77556E-17
 -1       871 7.05882E-01-3.46945E-17 2.77556E-17
 -1       872 7.64706E-01-4.16334E-17 3.46945E-17
 -1       873 8.23529E-01-3.98986E-17 3.46945E-17
 -1       874 8.82353E-01-3.98986E-17 3.64292E-17
 -1       875 9.41176E-01-3.46945E-17 3.64292E-17
 -1       876-9.41176E-01-2.36898E-17-2.50000E-02
 -1       877-9.70588E-01-3.75676E-17-3.44234E-17
 -1       878-9.41176E-01 2.50000E-02-3.36198E-17
 -1       879-9.41176E-01-3.06287E-17 2.50000E-02
 -1       880-8.82353E-01-3.52366E-17-2.50000E-02
 -1       881-9.11765E-01-3.11708E-17-3.30140E-17
 -1       882-8.82353E-01 2.50000E-02-3.16778E-17
 -1       883-8.82353E-01-3.52366E-17 2.50000E-02
 -1       884-8.23529E-01-3.62124E-17-2.50000E-02
 -1       885-8.52941E-01-3.67545E-17-2.80808E-17
 -1       886-8.23529E-01 2.50000E-02-2.53448E-17
 -1       887-8.23529E-01-3.62124E-17 2.50000E-02
 -1       888-7.64706E-01-3.40439E-17-2.50000E-02
 -1       889-7.94118E-01-3.55618E-17-2.66714E-17
 -1       890-7.64706E-01 2.50000E-02-2.86612E-17
 -1       891-7.64706E-01-3.40439E-17 2.50000E-02
 -1       892-7.05882E-01-2.47198E-17-2.50000E-02
 -1       893-7.35294E-01-3.10082E-17-2.79724E-17
 -1       894-7.05882E-01 2.50000E-02-2.67734E-17
 -1       895-7.05882E-01-3.16587E-17 2.50000E-02
 -1       896-6.47059E-01-3.88144E-17-2.50000E-02
 -1       897-6.76471E-01-3.23092E-17-2.45030E-17
 -1       898-6.47059E-01 2.50000E-02-2.35846E-17
 -1       899-6.47059E-01-3.53450E-17 2.50000E-02
 -1       900-5.88235E-01-3.64292E-17-2.50000E-02
 -1       901-6.17647E-01-3.70797E-17-2.10335E-17
 -1       902-5.88235E-01 2.50000E-02-2.01789E-17
 -1       903-5.88235E-01-3.64292E-17 2.50000E-02
 -1       904-5.29412E-01-3.31766E-17-2.50000E-02
 -1       905-5.58824E-01-3.49113E-17-1.71304E-17
 -1       906-5.29412E-01 2.50000E-02-1.63396E-17
 -1       907-5.29412E-01-2.97071E-17 2.50000E-02
 -1       908-4.70588E-01-3.77302E-17-2.50000E-02
 -1       909-5.00000E-01-3.62124E-17-1.53957E-17
 -1       910-4.70588E-01 2.50000E-02-1.64033E-17
 -1       911-4.70588E-01-4.11997E-17 2.50000E-02
 -1       912-4.11765E-01-3.83808E-17-2.50000E-02
 -1       913-4.41176E-01-3.79471E-17-1.32273E-17
 -1       914-4.11765E-01 2.50000E-02-1.25640E-17
 -1       915-4.11765E-01-2.79724E-17 2.50000E-02
 -1       916-3.52941E-01-3.29597E-17-2.50000E-02
 -1       917-3.82353E-01-3.31766E-17-8.45678E-18
 -1       918-3.52941E-01 2.50000E-02-7.85728E-18
 -1       919-3.52941E-01-2.94903E-17 2.50000E-02
 -1       920-2.94118E-01-4.20670E-17-2.50000E-02
 -1       921-3.23529E-01-3.68629E-17-3.90313E-18
 -1       922-2.94118E-01 2.50000E-02-4.66845E-18
 -1       923-2.94118E-01-4.20670E-17 2.50000E-02
 -1       924-2.35294E-01-2.86229E-17-2.50000E-02
 -1       925-2.64706E-01-3.59955E-17-3.90313E-18
 -1       926-2.35294E-01 2.50000E-02-7.55115E-18
 -1       927-2.35294E-01-2.86229E-17 2.50000E-02
 -1       928-1.76471E-01-3.55618E-17-2.50000E-02
 -1       929-2.05882E-01-3.29597E-17-6.07153E-18
 -1       930-1.76471E-01 2.50000E-02-5.66336E-18
 -1       931-1.76471E-01-3.55618E-17 2.50000E-02
 -1       932-1.17647E-01-4.42354E-17-2.50000E-02
 -1       933-1.47059E-01-4.16334E-17-3.46945E-18
 -1       934-1.17647E-01 2.50000E-02-2.90821E-18
 -1       935-1.17647E-01-4.42354E-17 2.50000E-02
 -1       936-5.88235E-02-4.29344E-17-2.50000E-02
 -1       937-8.82353E-02-4.55365E-17 4.33681E-19
 -1       938-5.88235E-02 2.50000E-02 2.80617E-19
 -1       939-5.88235E-02-4.29344E-17 2.50000E-02
 -1       940 0.00000E+00-3.64292E-17-2.50000E-02
 -1       941-2.94118E-02-4.11997E-17 3.03577E-18
 -1       942 1.32169E-17 2.50000E-02 1.73472E-18
 -1       943 0.00000E+00-3.64292E-17 2.50000E-02
 -1       944 5.88235E-02-4.46691E-17-2.50000E-02
 -1       945 2.94118E-02-4.29344E-17 4.33681E-18
 -1       946 5.88235E-02 2.50000E-02 3.62251E-18
 -1       947 5.88235E-02-4.46691E-17 2.50000E-02
 -1       948 1.17647E-01-4.33681E-17-2.50000E-02
 -1       949 8.82353E-02-4.64039E-17 6.50521E-18
 -1       950 1.17647E-01 2.50000E-02 5.94398E-18
 -1       951 1.17647E-01-4.33681E-17 2.50000E-02
 -1       952 1.76471E-01-3.64292E-17-2.50000E-02
 -1       953 1.47059E-01-4.16334E-17 7.80626E-18
 -1       954 1.76471E-01 2.50000E-02 6.96440E-18
 -1       955 1.76471E-01-3.64292E-17 2.50000E-02
 -1       956 2.35294E-01-3.12250E-17-2.50000E-02
 -1       957 2.05882E-01-3.64292E-17 1.08420E-17
 -1       958 2.35294E-01 2.50000E-02 1.10206E-17
 -1       959 2.35294E-01-3.12250E-17 2.50000E-02
 -1       960 2.94118E-01-4.42354E-17-2.50000E-02
 -1       961 2.64706E-01-4.07660E-17 1.73472E-17
 -1       962 2.94118E-01 2.50000E-02 1.55105E-17
 -1       963 2.94118E-01-4.42354E-17 2.50000E-02
 -1       964 3.52941E-01-3.29597E-17-2.50000E-02
 -1       965 3.23529E-01-4.25007E-17 1.82146E-17
 -1       966 3.52941E-01 2.50000E-02 1.56635E-17
 -1       967 3.52941E-01-3.64292E-17 2.50000E-02
 -1       968 4.11765E-01-2.86229E-17-2.50000E-02
 -1       969 3.82353E-01-3.72966E-17 1.90820E-17
 -1       970 4.11765E-01 2.50000E-02 1.84187E-17
 -1       971 4.11765E-01-3.90313E-17 2.50000E-02
 -1       972 4.70588E-01-4.25007E-17-2.50000E-02
 -1       973 4.41176E-01-3.98986E-17 2.08167E-17
 -1       974 4.70588E-01 2.50000E-02 1.77044E-17
 -1       975 4.70588E-01-3.90313E-17 2.50000E-02
 -1       976 5.29412E-01-3.29597E-17-2.50000E-02
 -1       977 5.00000E-01-4.07660E-17 2.16840E-17
 -1       978 5.29412E-01 2.50000E-02 2.13269E-17
 -1       979 5.29412E-01-3.64292E-17 2.50000E-02
 -1       980 5.88235E-01-3.64292E-17-2.50000E-02
 -1       981 5.58824E-01-3.81639E-17 2.42861E-17
 -1       982 5.88235E-01 2.50000E-02 2.23473E-17
 -1       983 5.88235E-01-3.64292E-17 2.50000E-02
 -1       984 6.47059E-01-4.07660E-17-2.50000E-02
 -1       985 6.17647E-01-4.25007E-17 2.60209E-17
 -1       986 6.47059E-01 2.50000E-02 2.33677E-17
 -1       987 6.47059E-01-4.42354E-17 2.50000E-02
 -1       988 7.05882E-01-3.46945E-17-2.50000E-02
 -1       989 6.76471E-01-4.07660E-17 2.77556E-17
 -1       990 7.05882E-01 2.50000E-02 2.43882E-17
 -1       991 7.05882E-01-2.77556E-17 2.50000E-02
 -1       992 7.64706E-01-3.81639E-17-2.50000E-02
 -1       993 7.35294E-01-3.81639E-17 3.12250E-17
 -1       994 7.64706E-01 2.50000E-02 2.88780E-17
 -1       995 7.64706E-01-3.81639E-17 2.50000E-02
 -1       996 8.23529E-01-3.72966E-17-2.50000E-02
 -1       997 7.94118E-01-4.07660E-17 3.46945E-17
 -1       998 8.23529E-01 2.50000E-02 3.33679E-17
 -1       999 8.23529E-01-3.72966E-17 2.50000E-02
 -1      1000 8.82353E-01-3.72966E-17-2.50000E-02
 -1      1001 8.52941E-01-3.98986E-17 3.55618E-17
 -1      1002 8.82353E-01 2.50000E-02 3.35210E-17
 -1      1003 8.82353E-01-3.72966E-17 2.50000E-02
 -1      1004 9.41176E-01-3.46945E-17-2.50000E-02
 -1      1005 9.11765E-01-3.72966E-17 3.64292E-17
 -1      1006 9.41176E-01 2.50000E-02 3.45414E-17
 -1      1007 9.41176E-01-2.77556E-17 2.50000E-02
 -1      1008 9.70588E-01-3.12250E-17 3.90313E-17
 -1      1009-9.41176E-01-2.50000E-02-3.31862E-17
 -1      1010-8.82353E-01-2.50000E-02-3.08105E-17
 -1      1011-8.23529E-01-2.50000E-02-2.75132E-17
 -1      1012-7.64706E-01-2.50000E-02-2.69265E-17
 -1      1013-7.05882E-01-2.50000E-02-2.46050E-17
 -1      1014-6.47059E-01-2.50000E-02-2.09825E-17
 -1      1015-5.88235E-01-2.50000E-02-2.01789E-17
 -1      1016-5.29412E-01-2.50000E-02-1.63396E-17
 -1      1017-4.70588E-01-2.50000E-02-1.64033E-17
 -1      1018-4.11765E-01-2.50000E-02-1.16966E-17
 -1      1019-3.52941E-01-2.50000E-02-1.13267E-17
 -1      1020-2.94118E-01-2.50000E-02-6.40317E-18
 -1      1021-2.35294E-01-2.50000E-02-7.55115E-18
 -1      1022-1.76471E-01-2.50000E-02-5.66336E-18
 -1      1023-1.17647E-01-2.50000E-02-2.90821E-18
 -1      1024-5.88235E-02-2.50000E-02 2.80617E-19
 -1      1025 1.32169E-17-2.50000E-02 1.73472E-18
 -1      1026 5.88235E-02-2.50000E-02 3.62251E-18
 -1      1027 1.17647E-01-2.50000E-02 5.94398E-18
 -1      1028 1.76471E-01-2.50000E-02 6.96440E-18
 -1      1029 2.35294E-01-2.50000E-02 1.10206E-17
 -1      1030 2.94118E-01-2.50000E-02 1.55105E-17
 -1      1031 3.52941E-01-2.50000E-02 1.21941E-17
 -1      1032 4.11765E-01-2.50000E-02 1.84187E-17
 -1      1033 4.70588E-01-2.50000E-02 1.77044E-17
 -1      1034 5.29412E-01-2.50000E-02 2.13269E-17
 -1      1035 5.88235E-01-2.50000E-02 2.23473E-17
 -1      1036 6.47059E-01-2.50000E-02 2.68372E-17
 -1      1037 7.05882E-01-2.50000E-02 2.78576E-17
 -1      1038 7.64706E-01-2.50000E-02 3.23475E-17
 -1      1039 8.23529E-01-2.50000E-02 2.98985E-17
 -1      1040 8.82353E-01-2.50000E-02 3.35210E-17
 -1      1041 9.41176E-01-2.50000E-02 3.45414E-17
 -3
    3C                           136                                     1
 -1         1    4    0    1
 -2         1         9       301        82       298       572       843       577        10       335
 -2       334       115       300       575       876       677       573       877       878       611
 -1         2    4    0    1
 -2       298       572       843       577         8       225       471       260       573       877
 -2       878       611       299       574       879       610       226       538       536       294
 -1         3    4    0    1
 -2        82       301       302        83       577       843       844       578       334       337
 -2       336       116       677       876       880       678       878       881       882       613
 -1         4    4    0    1
 -2       577       843       844       578       260       471       470       259       878       881
 -2       882       613       610       879       883       612       536       537       534       293
 -1         5    4    0    1
 -2        83       302       303        84       578       844       845       579       336       339
 -2       338       117       678       880       884       679       882       885       886       615
 -1         6    4    0    1
 -2       578       844       845       579       259       470       469       258       882       885
 -2       886       615       612       883       887       614       534       535       532       292
 -1         7    4    0    1
 -2        84       303       304        85       579       845       846       580       338       341
 -2       340       118       679       884       888       680       886       889       890       617
 -1         8    4    0    1
 -2       579       845       846       580       258       469       468       257       886       889
 -2       890       617       614       887       891       616       532       533       530       291
 -1         9    4    0    1
 -2        85       304       305        86       580       846       847       581       340       343
 -2       342       119       680       888       892       681       890       893       894       619
 -1        10    4    0    1
 -2       580       846       847       581       257       468       467       256       890       893
 -2       894       619       616       891       895       618       530       531       528       290
 -1        11    4    0    1
 -2        86       305       306        87       581       847       848       582       342       345
 -2       344       120       681       892       896       682       894       897       898       621
 -1        12    4    0    1
 -2       581       847       848       582       256       467       466       255       894       897
 -2       898       621       618       895       899       620       528       529       526       289
 -1        13    4    0    1
 -2        87       306       307        88       582       848       849       583       344       347
 -2       346       121       682       896       900       683       898       901       902       623
 -1        14    4    0    1
 -2       582       848       849       583       255       466       465       254       898       901
 -2       902       623       620       899       903       622       526       527       524       288
 -1        15    4    0    1
 -2        88       307       308        89       583       849       850       584       346       349
 -2       348       122       683       900       904       684       902       905       906       625
 -1        16    4    0    1
 -2       583       849       850       584       254       465       464       253       902       905
 -2       906       625       622       903       907       624       524       525       522       287
 -1        17    4    0    1
 -2        89       308       309        90       584       850       851       585       348       351
 -2       350       123       684       904       908       685       906       909       910       627
 -1        18    4    0    1
 -2       584       850       851       585       253       464       463       252       906       909
 -2       910       627       624       907       911       626       522       523       520       286
 -1        19    4    0    1
 -2        90       309       310        91       585       851       852       586       350       353
 -2       352       124       685       908       912       686       910       913       914       629
 -1        20    4    0    1
 -2       585       851       852       586       252       463       462       251       910       913
 -2       914       629       626       911       915       628       520       521       518       285
 -1        21    4    0    1
 -2        91       310       311        92       586       852       853       587       352       355
 -2       354       125       686       912       916       687       914       917       918       631
 -1        22    4    0    1
 -2       586       852       853       587       251       462       461       250       914       917
 -2       918       631       628       915       919       630       518       519       516       284
 -1        23    4    0    1
 -2        92       311       312        93       587       853       854       588       354       357
 -2       356       126       687       916       920       688       918       921       922       633
 -1        24    4    0    1
 -2       587       853       854       588       250       461       460       249       918       921
 -2       922       633       630       919       923       632       516       517       514       283
 -1        25    4    0    1
 -2        93       312       313        94       588       854       855       589       356       359
 -2       358       127       688       920       924       689       922       925       926       635
 -1        26    4    0    1
 -2       588       854       855       589       249       460       459       248       922       925
 -2       926       635       632       923       927       634       514       515       512       282
 -1        27    4    0    1
 -2        94       313       314        95       589       855       856       590       358       361
 -2       360       128       689       924       928       690       926       929       930       637
 -1        28    4    0    1
 -2       589       855       856       590       248       459       458       247       926       929
 -2       930       637       634       927       931       636       512       513       510       281
 -1        29    4    0    1
 -2        95       314       315        96       590       856       857       591       360       363
 -2       362       129       690       928       932       691       930       933       934       639
 -1        30    4    0    1
 -2       590       856       857       591       247       458       457       246       930       933
 -2       934       639       636       931       935       638       510       511       508       280
 -1        31    4    0    1
 -2        96       315       316        97       591       857       858       592       362       365
 -2       364       130       691       932       936       692       934       937       938       641
 -1        32    4    0    1
 -2       591       857       858       592       246       457       456       245       934       937
 -2       938       641       638       935       939       640       508       509       506       279
 -1        33    4    0    1
 -2        97       316       317        98       592       858       859       593       364       367
 -2       366       131       692       936       940       693       938       941       942       643
 -1        34    4    0    1
 -2       592       858       859       593       245       456       455       244       938       941
 -2       942       643       640       939       943       642       506       507       504       278
 -1        35    4    0    1
 -2        98       317       318        99       593       859       860       594       366       369
 -2       368       132       693       940       944       694       942       945       946       645
 -1        36    4    0    1
 -2       593       859       860       594       244       455       454       243       942       945
 -2       946       645       642       943       947       644       504       505       502       277
 -1        37    4    0    1
 -2        99       318       319       100       594       860       861       595       368       371
 -2       370       133       694       944       948       695       946       949       950       647
 -1        38    4    0    1
 -2       594       860       861       595       243       454       453       242       946       949
 -2       950       647       644       947       951       646       502       503       500       276
 -1        39    4    0    1
 -2       100       319       320       101       595       861       862       596       370       373
 -2       372       134       695       948       952       696       950       953       954       649
 -1        40    4    0    1
 -2       595       861       862       596       242       453       452       241       950       953
 -2       954       649       646       951       955       648       500       501       498       275
 -1        41    4    0    1
 -2       101       320       321       102       596       862       863       597       372       375
 -2       374       135       696       952       956       697       954       957       958       651
 -1        42    4    0    1
 -2       596       862       863       597       241       452       451       240       954       957
 -2       958       651       648       955       959       650       498       499       496       274
 -1        43    4    0    1
 -2       102       321       322       103       597       863       864       598       374       377
 -2       376       136       697       956       960       698       958       961       962       653
 -1        44    4    0    1
 -2       597       863       864       598       240       451       450       239       958       961
 -2       962       653       650       959       963       652       496       497       494       273
 -1        45    4    0    1
 -2       103       322       323       104       598       864       865       599       376       379
 -2       378       137       698       960       964       699       962       965       966       655
 -1        46    4    0    1
 -2       598       864       865       599       239       450       449       238       962       965
 -2       966       655       652       963       967       654       494       495       492       272
 -1        47    4    0    1
 -2       104       323       324       105       599       865       866       600       378       381
 -2       380       138       699       964       968       700       966       969       970       657
 -1        48    4    0    1
 -2       599       865       866       600       238       449       448       237       966       969
 -2       970       657       654       967       971       656       492       493       490       271
 -1        49    4    0    1
 -2       105       324       325       106       600       866       867       601       380       383
 -2       382       139       700       968       972       701       970       973       974       659
 -1        50    4    0    1
 -2       600       866       867       601       237       448       447       236       970       973
 -2       974       659       656       971       975       658       490       491       488       270
 -1        51    4    0    1
 -2       106       325       326       107       601       867       868       602       382       385
 -2       384       140       701       972       976       702       974       977       978       661
 -1        52    4    0    1
 -2       601       867       868       602       236       447       446       235       974       977
 -2       978       661       658       975       979       660       488       489       486       269
 -1        53    4    0    1
 -2       107       326       327       108       602       868       869       603       384       387
 -2       386       141       702       976       980       703       978       981       982       663
 -1        54    4    0    1
 -2       602       868       869       603       235       446       445       234       978       981
 -2       982       663       660       979       983       662       486       487       484       268
 -1        55    4    0    1
 -2       108       327       328       109       603       869       870       604       386       389
 -2       388       142       703       980       984       704       982       985       986       665
 -1        56    4    0    1
 -2       603       869       870       604       234       445       444       233       982       985
 -2       986       665       662       983       987       664       484       485       482       267
 -1        57    4    0    1
 -2       109       328       329       110       604       870       871       605       388       391
 -2       390       143       704       984       988       705       986       989       990       667
 -1        58    4    0    1
 -2       604       870       871       605       233       444       443       232       986       989
 -2       990       667       664       987       991       666       482       483       480       266
 -1        59    4    0    1
 -2       110       329       330       111       605       871       872       606       390       393
 -2       392       144       705       988       992       706       990       993       994       669
 -1        60    4    0    1
 -2       605       871       872       606       232       443       442       231       990       993
 -2       994       669       666       991       995       668       480       481       478       265
 -1        61    4    0    1
 -2       111       330       331       112       606       872       873       607       392       395
 -2       394       145       706       992       996       707       994       997       998       671
 -1        62    4    0    1
 -2       606       872       873       607       231       442       441       230       994       997
 -2       998       671       668       995       999       670       478       479       476       264
 -1        63    4    0    1
 -2       112       331       332       113       607       873       874       608       394       397
 -2       396       146       707       996      1000       708       998      1001      1002       673
 -1        64    4    0    1
 -2       607       873       874       608       230       441       440       229       998      1001
 -2      1002       673       670       999      1003       672       476       477       474       263
 -1        65    4    0    1
 -2       113       332       333       114       608       874       875       609       396       399
 -2       398       147       708      1000      1004       709      1002      1005      1006       675
 -1        66    4    0    1
 -2       608       874       875       609       229       440       439       228      1002      1005
 -2      1006       675       672      1003      1007       674       474       475       472       262
 -1        67    4    0    1
 -2       114       333        79         4       609       875       434       155       398       400
 -2        80       148       709      1004       436       156      1006      1008       435       676
 -1        68    4    0    1
 -2       609       875       434       155       228       439       152         6      1006      1008
 -2       435       676       674      1007       437       157       472       473       153       261
 -1        69    4    0    1
 -2         9         2        12       301       572       295       710       843        11        45
 -2       401       335       575       297       810       876       576       743      1009       877
 -1        70    4    0    1
 -2       572       295       710       843       225         7       190       471       576       743
 -2      1009       877       574       296       744       879       227       224       571       538
 -1        71    4    0    1
 -2       301        12        13       302       843       710       711       844       401        46
 -2       402       337       876       810       811       880      1009       745      1010       881
 -1        72    4    0    1
 -2       843       710       711       844       471       190       189       470      1009       745
 -2      1010       881       879       744       746       883       571       223       570       537
 -1        73    4    0    1
 -2       302        13        14       303       844       711       712       845       402        47
 -2       403       339       880       811       812       884      1010       747      1011       885
 -1        74    4    0    1
 -2       844       711       712       845       470       189       188       469      1010       747
 -2      1011       885       883       746       748       887       570       222       569       535
 -1        75    4    0    1
 -2       303        14        15       304       845       712       713       846       403        48
 -2       404       341       884       812       813       888      1011       749      1012       889
 -1        76    4    0    1
 -2       845       712       713       846       469       188       187       468      1011       749
 -2      1012       889       887       748       750       891       569       221       568       533
 -1        77    4    0    1
 -2       304        15        16       305       846       713       714       847       404        49
 -2       405       343       888       813       814       892      1012       751      1013       893
 -1        78    4    0    1
 -2       846       713       714       847       468       187       186       467      1012       751
 -2      1013       893       891       750       752       895       568       220       567       531
 -1        79    4    0    1
 -2       305        16        17       306       847       714       715       848       405        50
 -2       406       345       892       814       815       896      1013       753      1014       897
 -1        80    4    0    1
 -2       847       714       715       848       467       186       185       466      1013       753
 -2      1014       897       895       752       754       899       567       219       566       529
 -1        81    4    0    1
 -2       306        17        18       307       848       715       716       849       406        51
 -2       407       347       896       815       816       900      1014       755      1015       901
 -1        82    4    0    1
 -2       848       715       716       849       466       185       184       465      1014       755
 -2      1015       901       899       754       756       903       566       218       565       527
 -1        83    4    0    1
 -2       307        18        19       308       849       716       717       850       407        52
 -2       408       349       900       816       817       904      1015       757      1016       905
 -1        84    4    0    1
 -2       849       716       717       850       465       184       183       464      1015       757
 -2      1016       905       903       756       758       907       565       217       564       525
 -1        85    4    0    1
 -2       308        19        20       309       850       717       718       851       408        53
 -2       409       351       904       817       818       908      1016       759      1017       909
 -1        86    4    0    1
 -2       850       717       718       851       464       183       182       463      1016       759
 -2      1017       909       907       758       760       911       564       216       563       523
 -1        87    4    0    1
 -2       309        20        21       310       851       718       719       852       409        54
 -2       410       353       908       818       819       912      1017       761      1018       913
 -1        88    4    0    1
 -2       851       718       719       852       463       182       181       462      1017       761
 -2      1018       913       911       760       762       915       563       215       562       521
 -1        89    4    0    1
 -2       310        21        22       311       852       719       720       853       410        55
 -2       411       355       912       819       820       916      1018       763      1019       917
 -1        90    4    0    1
 -2       852       719       720       853       462       181       180       461      1018       763
 -2      1019       917       915       762       764       919       562       214       561       519
 -1        91    4    0    1
 -2       311        22        23       312       853       720       721       854       411        56
 -2       412       357       916       820       821       920      1019       765      1020       921
 -1        92    4    0    1
 -2       853       720       721       854       461       180       179       460      1019       765
 -2      1020       921       919       764       766       923       561       213       560       517
 -1        93    4    0    1
 -2       312        23        24       313       854       721       722       855       412        57
 -2       413       359       920       821       822       924      1020       767      1021       925
 -1        94    4    0    1
 -2       854       721       722       855       460       179       178       459      1020       767
 -2      1021       925       923       766       768       927       560       212       559       515
 -1        95    4    0    1
 -2       313        24        25       314       855       722       723       856       413        58
 -2       414       361       924       822       823       928      1021       769      1022       929
 -1        96    4    0    1
 -2       855       722       723       856       459       178       177       458      1021       769
 -2      1022       929       927       768       770       931       559       211       558       513
 -1        97    4    0    1
 -2       314        25        26       315       856       723       724       857       414        59
 -2       415       363       928       823       824       932      1022       771      1023       933
 -1        98    4    0    1
 -2       856       723       724       857       458       177       176       457      1022       771
 -2      1023       933       931       770       772       935       558       210       557       511
 -1        99    4    0    1
 -2       315        26        27       316       857       724       725       858       415        60
 -2       416       365       932       824       825       936      1023       773      1024       937
 -1       100    4    0    1
 -2       857       724       725       858       457       176       175       456      1023       773
 -2      1024       937       935       772       774       939       557       209       556       509
 -1       101    4    0    1
 -2       316        27        28       317       858       725       726       859       416        61
 -2       417       367       936       825       826       940      1024       775      1025       941
 -1       102    4    0    1
 -2       858       725       726       859       456       175       174       455      1024       775
 -2      1025       941       939       774       776       943       556       208       555       507
 -1       103    4    0    1
 -2       317        28        29       318       859       726       727       860       417        62
 -2       418       369       940       826       827       944      1025       777      1026       945
 -1       104    4    0    1
 -2       859       726       727       860       455       174       173       454      1025       777
 -2      1026       945       943       776       778       947       555       207       554       505
 -1       105    4    0    1
 -2       318        29        30       319       860       727       728       861       418        63
 -2       419       371       944       827       828       948      1026       779      1027       949
 -1       106    4    0    1
 -2       860       727       728       861       454       173       172       453      1026       779
 -2      1027       949       947       778       780       951       554       206       553       503
 -1       107    4    0    1
 -2       319        30        31       320       861       728       729       862       419        64
 -2       420       373       948       828       829       952      1027       781      1028       953
 -1       108    4    0    1
 -2       861       728       729       862       453       172       171       452      1027       781
 -2      1028       953       951       780       782       955       553       205       552       501
 -1       109    4    0    1
 -2       320        31        32       321       862       729       730       863       420        65
 -2       421       375       952       829       830       956      1028       783      1029       957
 -1       110    4    0    1
 -2       862       729       730       863       452       171       170       451      1028       783
 -2      1029       957       955       782       784       959       552       204       551       499
 -1       111    4    0    1
 -2       321        32        33       322       863       730       731       864       421        66
 -2       422       377       956       830       831       960      1029       785      1030       961
 -1       112    4    0    1
 -2       863       730       731       864       451       170       169       450      1029       785
 -2      1030       961       959       784       786       963       551       203       550       497
 -1       113    4    0    1
 -2       322        33        34       323       864       731       732       865       422        67
 -2       423       379       960       831       832       964      1030       787      1031       965
 -1       114    4    0    1
 -2       864       731       732       865       450       169       168       449      1030       787
 -2      1031       965       963       786       788       967       550       202       549       495
 -1       115    4    0    1
 -2       323        34        35       324       865       732       733       866       423        68
 -2       424       381       964       832       833       968      1031       789      1032       969
 -1       116    4    0    1
 -2       865       732       733       866       449       168       167       448      1031       789
 -2      1032       969       967       788       790       971       549       201       548       493
 -1       117    4    0    1
 -2       324        35        36       325       866       733       734       867       424        69
 -2       425       383       968       833       834       972      1032       791      1033       973
 -1       118    4    0    1
 -2       866       733       734       867       448       167       166       447      1032       791
 -2      1033       973       971       790       792       975       548       200       547       491
 -1       119    4    0    1
 -2       325        36        37       326       867       734       735       868       425        70
 -2       426       385       972       834       835       976      1033       793      1034       977
 -1       120    4    0    1
 -2       867       734       735       868       447       166       165       446      1033       793
 -2      1034       977       975       792       794       979       547       199       546       489
 -1       121    4    0    1
 -2       326        37        38       327       868       735       736       869       426        71
 -2       427       387       976       835       836       980      1034       795      1035       981
 -1       122    4    0    1
 -2       868       735       736       869       446       165       164       445      1034       795
 -2      1035       981       979       794       796       983       546       198       545       487
 -1       123    4    0    1
 -2       327        38        39       328       869       736       737       870       427        72
 -2       428       389       980       836       837       984      1035       797      1036       985
 -1       124    4    0    1
 -2       869       736       737       870       445       164       163       444      1035       797
 -2      1036       985       983       796       798       987       545       197       544       485
 -1       125    4    0    1
 -2       328        39        40       329       870       737       738       871       428        73
 -2       429       391       984       837       838       988      1036       799      1037       989
 -1       126    4    0    1
 -2       870       737       738       871       444       163       162       443      1036       799
 -2      1037       989       987       798       800       991       544       196       543       483
 -1       127    4    0    1
 -2       329        40        41       330       871       738       739       872       429        74
 -2       430       393       988       838       839       992      1037       801      1038       993
 -1       128    4    0    1
 -2       871       738       739       872       443       162       161       442      1037       801
 -2      1038       993       991       800       802       995       543       195       542       481
 -1       129    4    0    1
 -2       330        41        42       331       872       739       740       873       430        75
 -2       431       395       992       839       840       996      1038       803      1039       997
 -1       130    4    0    1
 -2       872       739       740       873       442       161       160       441      1038       803
 -2      1039       997       995       802       804       999       542       194       541       479
 -1       131    4    0    1
 -2       331        42        43       332       873       740       741       874       431        76
 -2       432       397       996       840       841      1000      1039       805      1040      1001
 -1       132    4    0    1
 -2       873       740       741       874       441       160       159       440      1039       805
 -2      1040      1001       999       804       806      1003       541       193       540       477
 -1       133    4    0    1
 -2       332        43        44       333       874       741       742       875       432        77
 -2       433       399      1000       841       842      1004      1040       807      1041      1005
 -1       134    4    0    1
 -2       874       741       742       875       440       159       158       439      1040       807
 -2      1041      1005      1003       806       808      1007       540       192       539       475
 -1       135    4    0    1
 -2       333        44         3        79       875       742       149       434       433        78
 -2        81       400      1004       842       150       436      1041       809       438      1008
 -1       136    4    0    1
 -2       875       742       149       434       439       158         5       152      1041       809
 -2       438      1008      1007       808       151       437       539       191       154       473
 -3
    1PSTEP                         1           1           1          
  100CL  101 1.000000000        1041                     0    1           1
 -4  DISP        4    1
 -5  D1          1    2    1    0
 -5  D2          1    2    2    0
 -5  D3          1    2    3    0
 -5  ALL         1    2    0    0    1ALL
 -1         1 0.00000E+00 0.00000E+00 0.00000E+00
 -1         2 0.00000E+00 0.00000E+00 0.00000E+00
 -1         3-5.72813E-05-1.51939E-03-9.07774E-06
 -1         4 5.66586E-05-1.51939E-03-9.08043E-06
 -1         5-5.66586E-05-1.51939E-03-9.07557E-06
 -1         6 5.72813E-05-1.51939E-03-9.08262E-06
 -1         7 0.00000E+00 0.00000E+00 0.00000E+00
 -1         8 0.00000E+00 0.00000E+00 0.00000E+00
 -1         9 0.00000E+00 0.00000E+00 0.00000E+00
 -1        10 0.00000E+00 0.00000E+00 0.00000E+00
 -1        11 0.00000E+00 0.00000E+00 0.00000E+00
 -1        12-3.18211E-06-1.87689E-06-7.47623E-07
 -1        13-6.40053E-06-7.52866E-06-8.05884E-07
 -1        14-9.52770E-06-1.69234E-05-8.46176E-07
 -1        15-1.25649E-05-2.99149E-05-9.12284E-07
 -1        16-1.55000E-05-4.63978E-05-1.00096E-06
 -1        17-1.83360E-05-6.62530E-05-1.11200E-06
 -1        18-2.10720E-05-8.93648E-05-1.24398E-06
 -1        19-2.37082E-05-1.15617E-04-1.39594E-06
 -1        20-2.62447E-05-1.44893E-04-1.56674E-06
 -1        21-2.86814E-05-1.77076E-04-1.75533E-06
 -1        22-3.10183E-05-2.12051E-04-1.96059E-06
 -1        23-3.32555E-05-2.49701E-04-2.18142E-06
 -1        24-3.53929E-05-2.89910E-04-2.41680E-06
 -1        25-3.74305E-05-3.32561E-04-2.66564E-06
 -1        26-3.93684E-05-3.77538E-04-2.92689E-06
 -1        27-4.12065E-05-4.24725E-04-3.19953E-06
 -1        28-4.29450E-05-4.74006E-04-3.48254E-06
 -1        29-4.45838E-05-5.25263E-04-3.77494E-06
 -1        30-4.61229E-05-5.78382E-04-4.07574E-06
 -1        31-4.75624E-05-6.33245E-04-4.38405E-06
 -1        32-4.89023E-05-6.89737E-04-4.69900E-06
 -1        33-5.01427E-05-7.47740E-04-5.01967E-06
 -1        34-5.12835E-05-8.07140E-04-5.34532E-06
 -1        35-5.23248E-05-8.67818E-04-5.67510E-06
 -1        36-5.32666E-05-9.29660E-04-6.00837E-06
 -1        37-5.41091E-05-9.92549E-04-6.34446E-06
 -1        38-5.48523E-05-1.05637E-03-6.68274E-06
 -1        39-5.54961E-05-1.12100E-03-7.02274E-06
 -1        40-5.60408E-05-1.18633E-03-7.36391E-06
 -1        41-5.64862E-05-1.25224E-03-7.70591E-06
 -1        42-5.68326E-05-1.31862E-03-8.04840E-06
 -1        43-5.70799E-05-1.38535E-03-8.39111E-06
 -1        44-5.72284E-05-1.45231E-03-8.73418E-06
 -1        45-1.55558E-06-5.55856E-07-6.31832E-07
 -1        46-4.80424E-06-4.23326E-06-7.89001E-07
 -1        47-7.97309E-06-1.17702E-05-8.23129E-07
 -1        48-1.10591E-05-2.29754E-05-8.76246E-07
 -1        49-1.40445E-05-3.77276E-05-9.53797E-07
 -1        50-1.69302E-05-5.59110E-05-1.05378E-06
 -1        51-1.97162E-05-7.74091E-05-1.17543E-06
 -1        52-2.24023E-05-1.02106E-04-1.31753E-06
 -1        53-2.49887E-05-1.29884E-04-1.47906E-06
 -1        54-2.74753E-05-1.60628E-04-1.65888E-06
 -1        55-2.98621E-05-1.94222E-04-1.85596E-06
 -1        56-3.21491E-05-2.30549E-04-2.06913E-06
 -1        57-3.43364E-05-2.69493E-04-2.29736E-06
 -1        58-3.64239E-05-3.10937E-04-2.53961E-06
 -1        59-3.84116E-05-3.54766E-04-2.79478E-06
 -1        60-4.02997E-05-4.00863E-04-3.06185E-06
 -1        61-4.20880E-05-4.49111E-04-3.33981E-06
 -1        62-4.37766E-05-4.99395E-04-3.62764E-06
 -1        63-4.53656E-05-5.51597E-04-3.92435E-06
 -1        64-4.68549E-05-6.05603E-04-4.22901E-06
 -1        65-4.82446E-05-6.61295E-04-4.54076E-06
 -1        66-4.95347E-05-7.18557E-04-4.85867E-06
 -1        67-5.07252E-05-7.77273E-04-5.18192E-06
 -1        68-5.18163E-05-8.37326E-04-5.50974E-06
 -1        69-5.28079E-05-8.98601E-04-5.84135E-06
 -1        70-5.37001E-05-9.60981E-04-6.17610E-06
 -1        71-5.44929E-05-1.02435E-03-6.51335E-06
 -1        72-5.51864E-05-1.08859E-03-6.85256E-06
 -1        73-5.57806E-05-1.15359E-03-7.19321E-06
 -1        74-5.62756E-05-1.21922E-03-7.53483E-06
 -1        75-5.66715E-05-1.28538E-03-7.87711E-06
 -1        76-5.69684E-05-1.35195E-03-8.21974E-06
 -1        77-5.71662E-05-1.41881E-03-8.56253E-06
 -1        78-5.72659E-05-1.48584E-03-8.90659E-06
 -1        79-3.11349E-07-1.51938E-03-9.07910E-06
 -1        80 2.81593E-05-1.51938E-03-9.08162E-06
 -1        81-2.87820E-05-1.51938E-03-9.07657E-06
 -1        82 3.13813E-06-1.86674E-06 7.21194E-07
 -1        83 6.31263E-06-7.51836E-06 7.00740E-07
 -1        84 9.39765E-06-1.69136E-05 6.11130E-07
 -1        85 1.23944E-05-2.99055E-05 4.98863E-07
 -1        86 1.52909E-05-4.63889E-05 3.62618E-07
 -1        87 1.80901E-05-6.62445E-05 2.04421E-07
 -1        88 2.07913E-05-8.93567E-05 2.51538E-08
 -1        89 2.33946E-05-1.15609E-04-1.74074E-07
 -1        90 2.59000E-05-1.44886E-04-3.92128E-07
 -1        91 2.83074E-05-1.77070E-04-6.27945E-07
 -1        92 3.06169E-05-2.12045E-04-8.80463E-07
 -1        93 3.28284E-05-2.49695E-04-1.14855E-06
 -1        94 3.49420E-05-2.89904E-04-1.43116E-06
 -1        95 3.69576E-05-3.32556E-04-1.72725E-06
 -1        96 3.88753E-05-3.77533E-04-2.03572E-06
 -1        97 4.06949E-05-4.24721E-04-2.35558E-06
 -1        98 4.24166E-05-4.74002E-04-2.68583E-06
 -1        99 4.40402E-05-5.25260E-04-3.02544E-06
 -1       100 4.55658E-05-5.78379E-04-3.37348E-06
 -1       101 4.69932E-05-6.33243E-04-3.72901E-06
 -1       102 4.83226E-05-6.89735E-04-4.09112E-06
 -1       103 4.95538E-05-7.47738E-04-4.45900E-06
 -1       104 5.06868E-05-8.07138E-04-4.83180E-06
 -1       105 5.17216E-05-8.67817E-04-5.20880E-06
 -1       106 5.26581E-05-9.29659E-04-5.58923E-06
 -1       107 5.34963E-05-9.92548E-04-5.97245E-06
 -1       108 5.42361E-05-1.05637E-03-6.35790E-06
 -1       109 5.48774E-05-1.12100E-03-6.74500E-06
 -1       110 5.54203E-05-1.18633E-03-7.13332E-06
 -1       111 5.58646E-05-1.25224E-03-7.52243E-06
 -1       112 5.62103E-05-1.31862E-03-7.91203E-06
 -1       113 5.64573E-05-1.38535E-03-8.30181E-06
 -1       114 5.66057E-05-1.45231E-03-8.69139E-06
 -1       115 1.53404E-06-5.47117E-07 6.23978E-07
 -1       116 4.73805E-06-4.22283E-06 7.29659E-07
 -1       117 7.86393E-06-1.17601E-05 6.59232E-07
 -1       118 1.09085E-05-2.29658E-05 5.57958E-07
 -1       119 1.38545E-05-3.77184E-05 4.33594E-07
 -1       120 1.67026E-05-5.59023E-05 2.86213E-07
 -1       121 1.94527E-05-7.74008E-05 1.17349E-07
 -1       122 2.21050E-05-1.02098E-04-7.20333E-08
 -1       123 2.46593E-05-1.29877E-04-2.80818E-07
 -1       124 2.71157E-05-1.60621E-04-5.07875E-07
 -1       125 2.94741E-05-1.94216E-04-7.52194E-07
 -1       126 3.17346E-05-2.30543E-04-1.01263E-06
 -1       127 3.38972E-05-2.69487E-04-1.28810E-06
 -1       128 3.59618E-05-3.10932E-04-1.57759E-06
 -1       129 3.79285E-05-3.54761E-04-1.88000E-06
 -1       130 3.97971E-05-4.00858E-04-2.19429E-06
 -1       131 4.15677E-05-4.49107E-04-2.51946E-06
 -1       132 4.32404E-05-4.99391E-04-2.85453E-06
 -1       133 4.48150E-05-5.51594E-04-3.19847E-06
 -1       134 4.62915E-05-6.05600E-04-3.55036E-06
 -1       135 4.76699E-05-6.61292E-04-3.90930E-06
 -1       136 4.89502E-05-7.18555E-04-4.27440E-06
 -1       137 5.01323E-05-7.77271E-04-4.64484E-06
 -1       138 5.12163E-05-8.37325E-04-5.01982E-06
 -1       139 5.22019E-05-8.98600E-04-5.39862E-06
 -1       140 5.30893E-05-9.60980E-04-5.78053E-06
 -1       141 5.38782E-05-1.02435E-03-6.16494E-06
 -1       142 5.45688E-05-1.08859E-03-6.55127E-06
 -1       143 5.51609E-05-1.15359E-03-6.93904E-06
 -1       144 5.56545E-05-1.21922E-03-7.32779E-06
 -1       145 5.60495E-05-1.28538E-03-7.71719E-06
 -1       146 5.63459E-05-1.35195E-03-8.10689E-06
 -1       147 5.65435E-05-1.41881E-03-8.49672E-06
 -1       148 5.66432E-05-1.48584E-03-8.88529E-06
 -1       149-5.69769E-05-1.51939E-03-9.07667E-06
 -1       150-5.71317E-05-1.51939E-03-9.07789E-06
 -1       151-5.68204E-05-1.51939E-03-9.07543E-06
 -1       152 3.11350E-07-1.51937E-03-9.07909E-06
 -1       153 2.87820E-05-1.51938E-03-9.07900E-06
 -1       154-2.81593E-05-1.51938E-03-9.07919E-06
 -1       155 5.69770E-05-1.51939E-03-9.08151E-06
 -1       156 5.68204E-05-1.51939E-03-9.08028E-06
 -1       157 5.71317E-05-1.51939E-03-9.08276E-06
 -1       158-5.66057E-05-1.45230E-03-8.68654E-06
 -1       159-5.64573E-05-1.38534E-03-8.29698E-06
 -1       160-5.62103E-05-1.31862E-03-7.90719E-06
 -1       161-5.58646E-05-1.25224E-03-7.51767E-06
 -1       162-5.54203E-05-1.18633E-03-7.12860E-06
 -1       163-5.48774E-05-1.12100E-03-6.74038E-06
 -1       164-5.42361E-05-1.05636E-03-6.35335E-06
 -1       165-5.34963E-05-9.92543E-04-5.96798E-06
 -1       166-5.26581E-05-9.29655E-04-5.58485E-06
 -1       167-5.17216E-05-8.67813E-04-5.20452E-06
 -1       168-5.06868E-05-8.07134E-04-4.82765E-06
 -1       169-4.95538E-05-7.47734E-04-4.45500E-06
 -1       170-4.83226E-05-6.89731E-04-4.08725E-06
 -1       171-4.69932E-05-6.33239E-04-3.72525E-06
 -1       172-4.55658E-05-5.78375E-04-3.36988E-06
 -1       173-4.40402E-05-5.25257E-04-3.02200E-06
 -1       174-4.24166E-05-4.73999E-04-2.68257E-06
 -1       175-4.06949E-05-4.24718E-04-2.35249E-06
 -1       176-3.88753E-05-3.77531E-04-2.03279E-06
 -1       177-3.69576E-05-3.32553E-04-1.72448E-06
 -1       178-3.49420E-05-2.89902E-04-1.42859E-06
 -1       179-3.28284E-05-2.49693E-04-1.14618E-06
 -1       180-3.06169E-05-2.12043E-04-8.78275E-07
 -1       181-2.83074E-05-1.77068E-04-6.25963E-07
 -1       182-2.59000E-05-1.44884E-04-3.90321E-07
 -1       183-2.33946E-05-1.15608E-04-1.72464E-07
 -1       184-2.07913E-05-8.93553E-05 2.65539E-08
 -1       185-1.80902E-05-6.62432E-05 2.05636E-07
 -1       186-1.52909E-05-4.63879E-05 3.63609E-07
 -1       187-1.23944E-05-2.99047E-05 4.99663E-07
 -1       188-9.39762E-06-1.69130E-05 6.11739E-07
 -1       189-6.31265E-06-7.51796E-06 7.01132E-07
 -1       190-3.13815E-06-1.86655E-06 7.21386E-07
 -1       191-5.66432E-05-1.48583E-03-8.88045E-06
 -1       192-5.65435E-05-1.41880E-03-8.49188E-06
 -1       193-5.63459E-05-1.35194E-03-8.10206E-06
 -1       194-5.60495E-05-1.28538E-03-7.71239E-06
 -1       195-5.56545E-05-1.21922E-03-7.32305E-06
 -1       196-5.51609E-05-1.15358E-03-6.93437E-06
 -1       197-5.45688E-05-1.08858E-03-6.54670E-06
 -1       198-5.38783E-05-1.02434E-03-6.16043E-06
 -1       199-5.30893E-05-9.60975E-04-5.77610E-06
 -1       200-5.22019E-05-8.98596E-04-5.39430E-06
 -1       201-5.12163E-05-8.37321E-04-5.01561E-06
 -1       202-5.01324E-05-7.77267E-04-4.64075E-06
 -1       203-4.89502E-05-7.18551E-04-4.27046E-06
 -1       204-4.76699E-05-6.61289E-04-3.90548E-06
 -1       205-4.62915E-05-6.05596E-04-3.54668E-06
 -1       206-4.48150E-05-5.51591E-04-3.19495E-06
 -1       207-4.32404E-05-4.99388E-04-2.85117E-06
 -1       208-4.15678E-05-4.49104E-04-2.51630E-06
 -1       209-3.97971E-05-4.00855E-04-2.19128E-06
 -1       210-3.79284E-05-3.54758E-04-1.87715E-06
 -1       211-3.59618E-05-3.10929E-04-1.57491E-06
 -1       212-3.38972E-05-2.69485E-04-1.28563E-06
 -1       213-3.17346E-05-2.30541E-04-1.01035E-06
 -1       214-2.94741E-05-1.94213E-04-7.50102E-07
 -1       215-2.71156E-05-1.60619E-04-5.05994E-07
 -1       216-2.46593E-05-1.29875E-04-2.79099E-07
 -1       217-2.21050E-05-1.02096E-04-7.05353E-08
 -1       218-1.94527E-05-7.73995E-05 1.18661E-07
 -1       219-1.67025E-05-5.59012E-05 2.87315E-07
 -1       220-1.38545E-05-3.77175E-05 4.34491E-07
 -1       221-1.09085E-05-2.29651E-05 5.58663E-07
 -1       222-7.86392E-06-1.17596E-05 6.59728E-07
 -1       223-4.73808E-06-4.22254E-06 7.29949E-07
 -1       224-1.53404E-06-5.47034E-07 6.24069E-07
 -1       225 0.00000E+00 0.00000E+00 0.00000E+00
 -1       226 0.00000E+00 0.00000E+00 0.00000E+00
 -1       227 0.00000E+00 0.00000E+00 0.00000E+00
 -1       228 5.72284E-05-1.45230E-03-8.73901E-06
 -1       229 5.70799E-05-1.38534E-03-8.39595E-06
 -1       230 5.68326E-05-1.31862E-03-8.05321E-06
 -1       231 5.64862E-05-1.25224E-03-7.71065E-06
 -1       232 5.60408E-05-1.18633E-03-7.36860E-06
 -1       233 5.54962E-05-1.12100E-03-7.02736E-06
 -1       234 5.48523E-05-1.05636E-03-6.68730E-06
 -1       235 5.41091E-05-9.92544E-04-6.34891E-06
 -1       236 5.32666E-05-9.29656E-04-6.01275E-06
 -1       237 5.23248E-05-8.67814E-04-5.67937E-06
 -1       238 5.12834E-05-8.07136E-04-5.34943E-06
 -1       239 5.01426E-05-7.47736E-04-5.02368E-06
 -1       240 4.89023E-05-6.89733E-04-4.70289E-06
 -1       241 4.75624E-05-6.33242E-04-4.38781E-06
 -1       242 4.61229E-05-5.78378E-04-4.07933E-06
 -1       243 4.45838E-05-5.25260E-04-3.77837E-06
 -1       244 4.29450E-05-4.74002E-04-3.48580E-06
 -1       245 4.12065E-05-4.24722E-04-3.20262E-06
 -1       246 3.93684E-05-3.77535E-04-2.92982E-06
 -1       247 3.74305E-05-3.32558E-04-2.66840E-06
 -1       248 3.53929E-05-2.89907E-04-2.41937E-06
 -1       249 3.32555E-05-2.49699E-04-2.18379E-06
 -1       250 3.10183E-05-2.12049E-04-1.96277E-06
 -1       251 2.86814E-05-1.77074E-04-1.75734E-06
 -1       252 2.62447E-05-1.44891E-04-1.56855E-06
 -1       253 2.37082E-05-1.15615E-04-1.39754E-06
 -1       254 2.10720E-05-8.93634E-05-1.24539E-06
 -1       255 1.83360E-05-6.62518E-05-1.11319E-06
 -1       256 1.55000E-05-4.63968E-05-1.00197E-06
 -1       257 1.25649E-05-2.99141E-05-9.13098E-07
 -1       258 9.52773E-06-1.69228E-05-8.46769E-07
 -1       259 6.40052E-06-7.52825E-06-8.06291E-07
 -1       260 3.18208E-06-1.87671E-06-7.47797E-07
 -1       261 5.72659E-05-1.48583E-03-8.91143E-06
 -1       262 5.71662E-05-1.41880E-03-8.56737E-06
 -1       263 5.69684E-05-1.35194E-03-8.22457E-06
 -1       264 5.66715E-05-1.28538E-03-7.88190E-06
 -1       265 5.62756E-05-1.21922E-03-7.53956E-06
 -1       266 5.57806E-05-1.15358E-03-7.19786E-06
 -1       267 5.51864E-05-1.08859E-03-6.85717E-06
 -1       268 5.44929E-05-1.02434E-03-6.51787E-06
 -1       269 5.37001E-05-9.60976E-04-6.18051E-06
 -1       270 5.28079E-05-8.98597E-04-5.84568E-06
 -1       271 5.18163E-05-8.37322E-04-5.51394E-06
 -1       272 5.07252E-05-7.77269E-04-5.18599E-06
 -1       273 4.95347E-05-7.18553E-04-4.86262E-06
 -1       274 4.82446E-05-6.61291E-04-4.54458E-06
 -1       275 4.68549E-05-6.05599E-04-4.23270E-06
 -1       276 4.53655E-05-5.51594E-04-3.92786E-06
 -1       277 4.37766E-05-4.99391E-04-3.63097E-06
 -1       278 4.20880E-05-4.49108E-04-3.34297E-06
 -1       279 4.02997E-05-4.00860E-04-3.06487E-06
 -1       280 3.84116E-05-3.54763E-04-2.79762E-06
 -1       281 3.64239E-05-3.10935E-04-2.54227E-06
 -1       282 3.43364E-05-2.69490E-04-2.29983E-06
 -1       283 3.21491E-05-2.30547E-04-2.07140E-06
 -1       284 2.98621E-05-1.94220E-04-1.85804E-06
 -1       285 2.74753E-05-1.60626E-04-1.66079E-06
 -1       286 2.49887E-05-1.29882E-04-1.48076E-06
 -1       287 2.24023E-05-1.02104E-04-1.31904E-06
 -1       288 1.97162E-05-7.74078E-05-1.17673E-06
 -1       289 1.69302E-05-5.59099E-05-1.05487E-06
 -1       290 1.40446E-05-3.77267E-05-9.54715E-07
 -1       291 1.10591E-05-2.29747E-05-8.76948E-07
 -1       292 7.97311E-06-1.17697E-05-8.23632E-07
 -1       293 4.80422E-06-4.23297E-06-7.89294E-07
 -1       294 1.55557E-06-5.55769E-07-6.31913E-07
 -1       295 0.00000E+00 0.00000E+00 0.00000E+00
 -1       296 0.00000E+00 0.00000E+00 0.00000E+00
 -1       297 0.00000E+00 0.00000E+00 0.00000E+00
 -1       298 0.00000E+00 0.00000E+00 0.00000E+00
 -1       299 0.00000E+00 0.00000E+00 0.00000E+00
 -1       300 0.00000E+00 0.00000E+00 0.00000E+00
 -1       301-2.19917E-08-1.52163E-06-1.57468E-08
 -1       302-4.39357E-08-7.15271E-06-5.51473E-08
 -1       303-6.50757E-08-1.65530E-05-1.19977E-07
 -1       304-8.52886E-08-2.95576E-05-2.09067E-07
 -1       305-1.04586E-07-4.60521E-05-3.21416E-07
 -1       306-1.22945E-07-6.59193E-05-4.55911E-07
 -1       307-1.40375E-07-8.90431E-05-6.11436E-07
 -1       308-1.56848E-07-1.15307E-04-7.86908E-07
 -1       309-1.72410E-07-1.44595E-04-9.81231E-07
 -1       310-1.87063E-07-1.76791E-04-1.19333E-06
 -1       311-2.00762E-07-2.11777E-04-1.42211E-06
 -1       312-2.13571E-07-2.49439E-04-1.66645E-06
 -1       313-2.25485E-07-2.89660E-04-1.92535E-06
 -1       314-2.36464E-07-3.32323E-04-2.19771E-06
 -1       315-2.46584E-07-3.77312E-04-2.48246E-06
 -1       316-2.55850E-07-4.24511E-04-2.77860E-06
 -1       317-2.64267E-07-4.73804E-04-3.08512E-06
 -1       318-2.71840E-07-5.25073E-04-3.40104E-06
 -1       319-2.78606E-07-5.78204E-04-3.72537E-06
 -1       320-2.84634E-07-6.33079E-04-4.05721E-06
 -1       321-2.89888E-07-6.89583E-04-4.39565E-06
 -1       322-2.94453E-07-7.47598E-04-4.73984E-06
 -1       323-2.98348E-07-8.07009E-04-5.08898E-06
 -1       324-3.01595E-07-8.67700E-04-5.44230E-06
 -1       325-3.04292E-07-9.29554E-04-5.79909E-06
 -1       326-3.06442E-07-9.92454E-04-6.15869E-06
 -1       327-3.08110E-07-1.05628E-03-6.52050E-06
 -1       328-3.09360E-07-1.12093E-03-6.88400E-06
 -1       329-3.10231E-07-1.18627E-03-7.24870E-06
 -1       330-3.10815E-07-1.25220E-03-7.61422E-06
 -1       331-3.11145E-07-1.31859E-03-7.98024E-06
 -1       332-3.11292E-07-1.38533E-03-8.34648E-06
 -1       333-3.11346E-07-1.45230E-03-8.71280E-06
 -1       334 1.55872E-06-1.57192E-06 3.57179E-07
 -1       335-1.02002E-08-1.34970E-07-5.73469E-09
 -1       336 3.11956E-06-7.24818E-06 3.21735E-07
 -1       337-3.30855E-08-3.84906E-06-3.22761E-08
 -1       338 4.65608E-06-1.66404E-05 2.45254E-07
 -1       339-5.46286E-08-1.13938E-05-8.44626E-08
 -1       340 6.14316E-06-2.96437E-05 1.44204E-07
 -1       341-7.52934E-08-2.26118E-05-1.61547E-07
 -1       342 7.58207E-06-4.61351E-05 2.00716E-08
 -1       343-9.50486E-08-3.73760E-05-2.62406E-07
 -1       344 8.97244E-06-6.59996E-05-1.26284E-07
 -1       345-1.13883E-07-5.55714E-05-3.85963E-07
 -1       346 1.03143E-05-8.91205E-05-2.93645E-07
 -1       347-1.31773E-07-7.70814E-05-5.31109E-07
 -1       348 1.16077E-05-1.15382E-04-4.80965E-07
 -1       349-1.48732E-07-1.01790E-04-6.96749E-07
 -1       350 1.28526E-05-1.44667E-04-6.87128E-07
 -1       351-1.64737E-07-1.29580E-04-8.81780E-07
 -1       352 1.40490E-05-1.76859E-04-9.11065E-07
 -1       353-1.79852E-07-1.60337E-04-1.08513E-06
 -1       354 1.51969E-05-2.11844E-04-1.15168E-06
 -1       355-1.94029E-07-1.93942E-04-1.30570E-06
 -1       356 1.62963E-05-2.49503E-04-1.40787E-06
 -1       357-2.07276E-07-2.30281E-04-1.54239E-06
 -1       358 1.73471E-05-2.89720E-04-1.67860E-06
 -1       359-2.19639E-07-2.69237E-04-1.79415E-06
 -1       360 1.83494E-05-3.32381E-04-1.96279E-06
 -1       361-2.31089E-07-3.10694E-04-2.05992E-06
 -1       362 1.93032E-05-3.77367E-04-2.25938E-06
 -1       363-2.41627E-07-3.54534E-04-2.33860E-06
 -1       364 2.02084E-05-4.24563E-04-2.56735E-06
 -1       365-2.51315E-07-4.00643E-04-2.62917E-06
 -1       366 2.10650E-05-4.73853E-04-2.88572E-06
 -1       367-2.60166E-07-4.48903E-04-2.93063E-06
 -1       368 2.18730E-05-5.25120E-04-3.21345E-06
 -1       369-2.68149E-07-4.99199E-04-3.24197E-06
 -1       370 2.26324E-05-5.78247E-04-3.54961E-06
 -1       371-2.75323E-07-5.51413E-04-3.56221E-06
 -1       372 2.33432E-05-6.33120E-04-3.89327E-06
 -1       373-2.81712E-07-6.05431E-04-3.89040E-06
 -1       374 2.40052E-05-6.89620E-04-4.24354E-06
 -1       375-2.87354E-07-6.61135E-04-4.22565E-06
 -1       376 2.46185E-05-7.47633E-04-4.59954E-06
 -1       377-2.92250E-07-7.18409E-04-4.56708E-06
 -1       378 2.51831E-05-8.07041E-04-4.96050E-06
 -1       379-2.96488E-07-7.77137E-04-4.91384E-06
 -1       380 2.56989E-05-8.67729E-04-5.32563E-06
 -1       381-3.00043E-07-8.37202E-04-5.26516E-06
 -1       382 2.61658E-05-9.29580E-04-5.69423E-06
 -1       383-3.03006E-07-8.98489E-04-5.62031E-06
 -1       384 2.65838E-05-9.92477E-04-6.06562E-06
 -1       385-3.05435E-07-9.60880E-04-5.97858E-06
 -1       386 2.69528E-05-1.05631E-03-6.43924E-06
 -1       387-3.07327E-07-1.02426E-03-6.33935E-06
 -1       388 2.72729E-05-1.12095E-03-6.81453E-06
 -1       389-3.08790E-07-1.08851E-03-6.70207E-06
 -1       390 2.75439E-05-1.18629E-03-7.19102E-06
 -1       391-3.09843E-07-1.15352E-03-7.06622E-06
 -1       392 2.77658E-05-1.25221E-03-7.56834E-06
 -1       393-3.10548E-07-1.21917E-03-7.43138E-06
 -1       394 2.79385E-05-1.31860E-03-7.94613E-06
 -1       395-3.11010E-07-1.28534E-03-7.79718E-06
 -1       396 2.80619E-05-1.38533E-03-8.32417E-06
 -1       397-3.11226E-07-1.35192E-03-8.16334E-06
 -1       398 2.81362E-05-1.45230E-03-8.70204E-06
 -1       399-3.11331E-07-1.41879E-03-8.52963E-06
 -1       400-3.11350E-07-1.48583E-03-8.89594E-06
 -1       401-1.60232E-06-1.57679E-06-3.87607E-07
 -1       402-3.20753E-06-7.25338E-06-4.30711E-07
 -1       403-4.78622E-06-1.66453E-05-4.83985E-07
 -1       404-6.31374E-06-2.96484E-05-5.61161E-07
 -1       405-7.79124E-06-4.61396E-05-6.61781E-07
 -1       406-9.21834E-06-6.60038E-05-7.84472E-07
 -1       407-1.05951E-05-8.91245E-05-9.28215E-07
 -1       408-1.19214E-05-1.15385E-04-1.09190E-06
 -1       409-1.31975E-05-1.44670E-04-1.27444E-06
 -1       410-1.44231E-05-1.76863E-04-1.47475E-06
 -1       411-1.55984E-05-2.11847E-04-1.69174E-06
 -1       412-1.67234E-05-2.49506E-04-1.92431E-06
 -1       413-1.77981E-05-2.89723E-04-2.17142E-06
 -1       414-1.88224E-05-3.32383E-04-2.43199E-06
 -1       415-1.97964E-05-3.77369E-04-2.70497E-06
 -1       416-2.07201E-05-4.24565E-04-2.98933E-06
 -1       417-2.15935E-05-4.73855E-04-3.28406E-06
 -1       418-2.24167E-05-5.25121E-04-3.58820E-06
 -1       419-2.31897E-05-5.78249E-04-3.90075E-06
 -1       420-2.39124E-05-6.33121E-04-4.22080E-06
 -1       421-2.45850E-05-6.89622E-04-4.54747E-06
 -1       422-2.52074E-05-7.47634E-04-4.87988E-06
 -1       423-2.57798E-05-8.07042E-04-5.21725E-06
 -1       424-2.63021E-05-8.67730E-04-5.55878E-06
 -1       425-2.67744E-05-9.29580E-04-5.90380E-06
 -1       426-2.71967E-05-9.92478E-04-6.25163E-06
 -1       427-2.75691E-05-1.05631E-03-6.60166E-06
 -1       428-2.78916E-05-1.12095E-03-6.95339E-06
 -1       429-2.81644E-05-1.18629E-03-7.30632E-06
 -1       430-2.83874E-05-1.25221E-03-7.66007E-06
 -1       431-2.85607E-05-1.31860E-03-8.01432E-06
 -1       432-2.86845E-05-1.38533E-03-8.36878E-06
 -1       433-2.87588E-05-1.45230E-03-8.72353E-06
 -1       434-1.09535E-12-1.51938E-03-9.07910E-06
 -1       435 2.84757E-05-1.51939E-03-9.08030E-06
 -1       436-1.55669E-07-1.51938E-03-9.07910E-06
 -1       437 1.55682E-07-1.51938E-03-9.07910E-06
 -1       438-2.84757E-05-1.51939E-03-9.07788E-06
 -1       439 3.11350E-07-1.45229E-03-8.71279E-06
 -1       440 3.11306E-07-1.38532E-03-8.34647E-06
 -1       441 3.11160E-07-1.31858E-03-7.98023E-06
 -1       442 3.10828E-07-1.25219E-03-7.61423E-06
 -1       443 3.10249E-07-1.18627E-03-7.24870E-06
 -1       444 3.09361E-07-1.12093E-03-6.88400E-06
 -1       445 3.08115E-07-1.05628E-03-6.52051E-06
 -1       446 3.06436E-07-9.92450E-04-6.15869E-06
 -1       447 3.04288E-07-9.29549E-04-5.79909E-06
 -1       448 3.01602E-07-8.67696E-04-5.44230E-06
 -1       449 2.98319E-07-8.07005E-04-5.08897E-06
 -1       450 2.94427E-07-7.47594E-04-4.73985E-06
 -1       451 2.89873E-07-6.89579E-04-4.39565E-06
 -1       452 2.84621E-07-6.33076E-04-4.05721E-06
 -1       453 2.78599E-07-5.78200E-04-3.72537E-06
 -1       454 2.71807E-07-5.25070E-04-3.40104E-06
 -1       455 2.64250E-07-4.73800E-04-3.08513E-06
 -1       456 2.55839E-07-4.24508E-04-2.77860E-06
 -1       457 2.46595E-07-3.77309E-04-2.48247E-06
 -1       458 2.36478E-07-3.32320E-04-2.19771E-06
 -1       459 2.25462E-07-2.89657E-04-1.92534E-06
 -1       460 2.13574E-07-2.49437E-04-1.66646E-06
 -1       461 2.00779E-07-2.11775E-04-1.42210E-06
 -1       462 1.87069E-07-1.76789E-04-1.19333E-06
 -1       463 1.72437E-07-1.44593E-04-9.81237E-07
 -1       464 1.56853E-07-1.15305E-04-7.86908E-07
 -1       465 1.40347E-07-8.90417E-05-6.11438E-07
 -1       466 1.22943E-07-6.59181E-05-4.55905E-07
 -1       467 1.04598E-07-4.60511E-05-3.21414E-07
 -1       468 8.53174E-08-2.95568E-05-2.09066E-07
 -1       469 6.50918E-08-1.65524E-05-1.19982E-07
 -1       470 4.39145E-08-7.15231E-06-5.51483E-08
 -1       471 2.19599E-08-1.52144E-06-1.57473E-08
 -1       472 2.87589E-05-1.45229E-03-8.72595E-06
 -1       473 3.11351E-07-1.48583E-03-8.89595E-06
 -1       474 2.86845E-05-1.38533E-03-8.37119E-06
 -1       475 3.11335E-07-1.41878E-03-8.52963E-06
 -1       476 2.85608E-05-1.31859E-03-8.01672E-06
 -1       477 3.11254E-07-1.35192E-03-8.16333E-06
 -1       478 2.83874E-05-1.25220E-03-7.66246E-06
 -1       479 3.11019E-07-1.28534E-03-7.79718E-06
 -1       480 2.81644E-05-1.18628E-03-7.30867E-06
 -1       481 3.10581E-07-1.21917E-03-7.43138E-06
 -1       482 2.78916E-05-1.12094E-03-6.95571E-06
 -1       483 3.09843E-07-1.15352E-03-7.06622E-06
 -1       484 2.75691E-05-1.05630E-03-6.60394E-06
 -1       485 3.08780E-07-1.08851E-03-6.70207E-06
 -1       486 2.71967E-05-9.92473E-04-6.25386E-06
 -1       487 3.07338E-07-1.02426E-03-6.33934E-06
 -1       488 2.67744E-05-9.29576E-04-5.90600E-06
 -1       489 3.05419E-07-9.60876E-04-5.97858E-06
 -1       490 2.63021E-05-8.67726E-04-5.56092E-06
 -1       491 3.03011E-07-8.98484E-04-5.62030E-06
 -1       492 2.57798E-05-8.07038E-04-5.21931E-06
 -1       493 3.00051E-07-8.37198E-04-5.26516E-06
 -1       494 2.52074E-05-7.47630E-04-4.88190E-06
 -1       495 2.96440E-07-7.77133E-04-4.91384E-06
 -1       496 2.45850E-05-6.89618E-04-4.54941E-06
 -1       497 2.92238E-07-7.18405E-04-4.56708E-06
 -1       498 2.39124E-05-6.33117E-04-4.22267E-06
 -1       499 2.87337E-07-6.61131E-04-4.22566E-06
 -1       500 2.31897E-05-5.78245E-04-3.90254E-06
 -1       501 2.81698E-07-6.05427E-04-3.89040E-06
 -1       502 2.24167E-05-5.25118E-04-3.58992E-06
 -1       503 2.75304E-07-5.51410E-04-3.56221E-06
 -1       504 2.15935E-05-4.73851E-04-3.28570E-06
 -1       505 2.68126E-07-4.99195E-04-3.24197E-06
 -1       506 2.07201E-05-4.24562E-04-2.99087E-06
 -1       507 2.60146E-07-4.48900E-04-2.93063E-06
 -1       508 1.97964E-05-3.77366E-04-2.70643E-06
 -1       509 2.51319E-07-4.00640E-04-2.62917E-06
 -1       510 1.88224E-05-3.32380E-04-2.43336E-06
 -1       511 2.41646E-07-3.54531E-04-2.33859E-06
 -1       512 1.77981E-05-2.89721E-04-2.17270E-06
 -1       513 2.31077E-07-3.10691E-04-2.05991E-06
 -1       514 1.67234E-05-2.49503E-04-1.92550E-06
 -1       515 2.19622E-07-2.69235E-04-1.79415E-06
 -1       516 1.55985E-05-2.11845E-04-1.69283E-06
 -1       517 2.07290E-07-2.30279E-04-1.54240E-06
 -1       518 1.44232E-05-1.76861E-04-1.47575E-06
 -1       519 1.94037E-07-1.93940E-04-1.30570E-06
 -1       520 1.31975E-05-1.44669E-04-1.27534E-06
 -1       521 1.79873E-07-1.60335E-04-1.08513E-06
 -1       522 1.19215E-05-1.15384E-04-1.09270E-06
 -1       523 1.64767E-07-1.29579E-04-8.81785E-07
 -1       524 1.05951E-05-8.91231E-05-9.28922E-07
 -1       525 1.48707E-07-1.01788E-04-6.96746E-07
 -1       526 9.21835E-06-6.60026E-05-7.85067E-07
 -1       527 1.31758E-07-7.70801E-05-5.31111E-07
 -1       528 7.79128E-06-4.61386E-05-6.62286E-07
 -1       529 1.13885E-07-5.55703E-05-3.85962E-07
 -1       530 6.31379E-06-2.96476E-05-5.61562E-07
 -1       531 9.50741E-08-3.73751E-05-2.62405E-07
 -1       532 4.78626E-06-1.66447E-05-4.84288E-07
 -1       533 7.53241E-08-2.26111E-05-1.61550E-07
 -1       534 3.20755E-06-7.25298E-06-4.30911E-07
 -1       535 5.46192E-08-1.13933E-05-8.44593E-08
 -1       536 1.60233E-06-1.57661E-06-3.87700E-07
 -1       537 3.30563E-08-3.84877E-06-3.22809E-08
 -1       538 1.01784E-08-1.34877E-07-5.73196E-09
 -1       539-2.81362E-05-1.45229E-03-8.69962E-06
 -1       540-2.80619E-05-1.38533E-03-8.32175E-06
 -1       541-2.79385E-05-1.31859E-03-7.94372E-06
 -1       542-2.77658E-05-1.25220E-03-7.56596E-06
 -1       543-2.75439E-05-1.18628E-03-7.18867E-06
 -1       544-2.72729E-05-1.12094E-03-6.81222E-06
 -1       545-2.69529E-05-1.05630E-03-6.43696E-06
 -1       546-2.65838E-05-9.92473E-04-6.06338E-06
 -1       547-2.61658E-05-9.29576E-04-5.69204E-06
 -1       548-2.56989E-05-8.67725E-04-5.32350E-06
 -1       549-2.51831E-05-8.07037E-04-4.95842E-06
 -1       550-2.46186E-05-7.47629E-04-4.59754E-06
 -1       551-2.40052E-05-6.89617E-04-4.24159E-06
 -1       552-2.33432E-05-6.33116E-04-3.89140E-06
 -1       553-2.26325E-05-5.78244E-04-3.54781E-06
 -1       554-2.18731E-05-5.25116E-04-3.21173E-06
 -1       555-2.10650E-05-4.73850E-04-2.88408E-06
 -1       556-2.02084E-05-4.24560E-04-2.56581E-06
 -1       557-1.93032E-05-3.77364E-04-2.25792E-06
 -1       558-1.83494E-05-3.32378E-04-1.96141E-06
 -1       559-1.73471E-05-2.89718E-04-1.67731E-06
 -1       560-1.62963E-05-2.49500E-04-1.40668E-06
 -1       561-1.51969E-05-2.11841E-04-1.15058E-06
 -1       562-1.40490E-05-1.76858E-04-9.10068E-07
 -1       563-1.28526E-05-1.44665E-04-6.86228E-07
 -1       564-1.16078E-05-1.15380E-04-4.80161E-07
 -1       565-1.03144E-05-8.91191E-05-2.92946E-07
 -1       566-8.97247E-06-6.59984E-05-1.25678E-07
 -1       567-7.58208E-06-4.61341E-05 2.05722E-08
 -1       568-6.14316E-06-2.96429E-05 1.44605E-07
 -1       569-4.65609E-06-1.66398E-05 2.45557E-07
 -1       570-3.11959E-06-7.24779E-06 3.21929E-07
 -1       571-1.55877E-06-1.57173E-06 3.57273E-07
 -1       572 0.00000E+00 0.00000E+00 0.00000E+00
 -1       573 0.00000E+00 0.00000E+00 0.00000E+00
 -1       574 0.00000E+00 0.00000E+00 0.00000E+00
 -1       575 0.00000E+00 0.00000E+00 0.00000E+00
 -1       576 0.00000E+00 0.00000E+00 0.00000E+00
 -1       577 3.15839E-06-2.23864E-06-1.08899E-08
 -1       578 6.35174E-06-7.89973E-06-5.02407E-08
 -1       579 9.46811E-06-1.72830E-05-1.15353E-07
 -1       580 1.24839E-05-3.02627E-05-2.04766E-07
 -1       581 1.54000E-05-4.67340E-05-3.17439E-07
 -1       582 1.82175E-05-6.65775E-05-4.52252E-07
 -1       583 2.09361E-05-8.96777E-05-6.08104E-07
 -1       584 2.35559E-05-1.15918E-04-7.83897E-07
 -1       585 2.60769E-05-1.45182E-04-9.78543E-07
 -1       586 2.84989E-05-1.77354E-04-1.19095E-06
 -1       587 3.08221E-05-2.12318E-04-1.42004E-06
 -1       588 3.30464E-05-2.49956E-04-1.66470E-06
 -1       589 3.51719E-05-2.90153E-04-1.92390E-06
 -1       590 3.71985E-05-3.32792E-04-2.19656E-06
 -1       591 3.91263E-05-3.77758E-04-2.48162E-06
 -1       592 4.09552E-05-4.24933E-04-2.77805E-06
 -1       593 4.26853E-05-4.74202E-04-3.08486E-06
 -1       594 4.43165E-05-5.25448E-04-3.40104E-06
 -1       595 4.58488E-05-5.78555E-04-3.72564E-06
 -1       596 4.72823E-05-6.33407E-04-4.05774E-06
 -1       597 4.86170E-05-6.89887E-04-4.39642E-06
 -1       598 4.98527E-05-7.47879E-04-4.74084E-06
 -1       599 5.09896E-05-8.07266E-04-5.09020E-06
 -1       600 5.20277E-05-8.67933E-04-5.44373E-06
 -1       601 5.29669E-05-9.29763E-04-5.80071E-06
 -1       602 5.38072E-05-9.92640E-04-6.16045E-06
 -1       603 5.45487E-05-1.05645E-03-6.52243E-06
 -1       604 5.51913E-05-1.12107E-03-6.88605E-06
 -1       605 5.57350E-05-1.18639E-03-7.25087E-06
 -1       606 5.61799E-05-1.25229E-03-7.61650E-06
 -1       607 5.65260E-05-1.31866E-03-7.98258E-06
 -1       608 5.67732E-05-1.38537E-03-8.34887E-06
 -1       609 5.69215E-05-1.45232E-03-8.71521E-06
 -1       610 3.14251E-06-2.16371E-06-3.63723E-07
 -1       611 1.46086E-06-8.11253E-07-1.08856E-09
 -1       612 6.38214E-06-7.80591E-06-4.31157E-07
 -1       613 4.76715E-06-4.60801E-06-2.72065E-08
 -1       614 9.49951E-06-1.71944E-05-4.79764E-07
 -1       615 7.92267E-06-1.21344E-05-7.96831E-08
 -1       616 1.25266E-05-3.01766E-05-5.58486E-07
 -1       617 1.09882E-05-2.33291E-05-1.57087E-07
 -1       618 1.54521E-05-4.66507E-05-6.59117E-07
 -1       619 1.39541E-05-3.80696E-05-2.58267E-07
 -1       620 1.82789E-05-6.64970E-05-7.82192E-07
 -1       621 1.68209E-05-5.62414E-05-3.82143E-07
 -1       622 2.10062E-05-8.95999E-05-9.26244E-07
 -1       623 1.95889E-05-7.77278E-05-5.27619E-07
 -1       624 2.36342E-05-1.15843E-04-1.09024E-06
 -1       625 2.22581E-05-1.02413E-04-6.93572E-07
 -1       626 2.61629E-05-1.45110E-04-1.27310E-06
 -1       627 2.48285E-05-1.30179E-04-8.78935E-07
 -1       628 2.85923E-05-1.77285E-04-1.47373E-06
 -1       629 2.73000E-05-1.60912E-04-1.08259E-06
 -1       630 3.09224E-05-2.12251E-04-1.69101E-06
 -1       631 2.96726E-05-1.94494E-04-1.30348E-06
 -1       632 3.31531E-05-2.49892E-04-1.92388E-06
 -1       633 3.19464E-05-2.30810E-04-1.54049E-06
 -1       634 3.52845E-05-2.90092E-04-2.17130E-06
 -1       635 3.41213E-05-2.69742E-04-1.79255E-06
 -1       636 3.73167E-05-3.32734E-04-2.43217E-06
 -1       637 3.61973E-05-3.11175E-04-2.05862E-06
 -1       638 3.92495E-05-3.77702E-04-2.70543E-06
 -1       639 3.81745E-05-3.54992E-04-2.33760E-06
 -1       640 4.10831E-05-4.24881E-04-2.99007E-06
 -1       641 4.00529E-05-4.01077E-04-2.62848E-06
 -1       642 4.28173E-05-4.74152E-04-3.28509E-06
 -1       643 4.18324E-05-4.49313E-04-2.93022E-06
 -1       644 4.44523E-05-5.25401E-04-3.58949E-06
 -1       645 4.35130E-05-4.99585E-04-3.24185E-06
 -1       646 4.59880E-05-5.78511E-04-3.90229E-06
 -1       647 4.50948E-05-5.51776E-04-3.56235E-06
 -1       648 4.74245E-05-6.33365E-04-4.22261E-06
 -1       649 4.65777E-05-6.05770E-04-3.89080E-06
 -1       650 4.87618E-05-6.89848E-04-4.54951E-06
 -1       651 4.79617E-05-6.61450E-04-4.22631E-06
 -1       652 4.99999E-05-7.47843E-04-4.88214E-06
 -1       653 4.92469E-05-7.18701E-04-4.56796E-06
 -1       654 5.11387E-05-8.07233E-04-5.21971E-06
 -1       655 5.04333E-05-7.77405E-04-4.91495E-06
 -1       656 5.21784E-05-8.67903E-04-5.56146E-06
 -1       657 5.15208E-05-8.37447E-04-5.26649E-06
 -1       658 5.31190E-05-9.29736E-04-5.90666E-06
 -1       659 5.25094E-05-8.98710E-04-5.62183E-06
 -1       660 5.39604E-05-9.92616E-04-6.25463E-06
 -1       661 5.33991E-05-9.61078E-04-5.98027E-06
 -1       662 5.47027E-05-1.05643E-03-6.60482E-06
 -1       663 5.41900E-05-1.02443E-03-6.34120E-06
 -1       664 5.53459E-05-1.12105E-03-6.95667E-06
 -1       665 5.48821E-05-1.08866E-03-6.70407E-06
 -1       666 5.58901E-05-1.18637E-03-7.30971E-06
 -1       667 5.54753E-05-1.15365E-03-7.06834E-06
 -1       668 5.63353E-05-1.25228E-03-7.66356E-06
 -1       669 5.59696E-05-1.21927E-03-7.43361E-06
 -1       670 5.66815E-05-1.31865E-03-8.01788E-06
 -1       671 5.63650E-05-1.28542E-03-7.79949E-06
 -1       672 5.69288E-05-1.38536E-03-8.37243E-06
 -1       673 5.66616E-05-1.35198E-03-8.16571E-06
 -1       674 5.70771E-05-1.45231E-03-8.72702E-06
 -1       675 5.68594E-05-1.41882E-03-8.53204E-06
 -1       676 5.69599E-05-1.48584E-03-8.89836E-06
 -1       677 3.12062E-06-2.15865E-06 3.41228E-07
 -1       678 6.33848E-06-7.80096E-06 3.29333E-07
 -1       679 9.43470E-06-1.71898E-05 2.47845E-07
 -1       680 1.24416E-05-3.01723E-05 1.47772E-07
 -1       681 1.53478E-05-4.66467E-05 2.31220E-08
 -1       682 1.81562E-05-6.64933E-05-1.23377E-07
 -1       683 2.08661E-05-8.95966E-05-2.90972E-07
 -1       684 2.34777E-05-1.15840E-04-4.78509E-07
 -1       685 2.59908E-05-1.45107E-04-6.84887E-07
 -1       686 2.84055E-05-1.77283E-04-9.09026E-07
 -1       687 3.07219E-05-2.12249E-04-1.14986E-06
 -1       688 3.29398E-05-2.49890E-04-1.40626E-06
 -1       689 3.50593E-05-2.90090E-04-1.67719E-06
 -1       690 3.70805E-05-3.32733E-04-1.96159E-06
 -1       691 3.90032E-05-3.77702E-04-2.25838E-06
 -1       692 4.08275E-05-4.24880E-04-2.56655E-06
 -1       693 4.25533E-05-4.74152E-04-2.88511E-06
 -1       694 4.41807E-05-5.25401E-04-3.21303E-06
 -1       695 4.57097E-05-5.78511E-04-3.54937E-06
 -1       696 4.71401E-05-6.33366E-04-3.89320E-06
 -1       697 4.84721E-05-6.89849E-04-4.24363E-06
 -1       698 4.97056E-05-7.47844E-04-4.59980E-06
 -1       699 5.08406E-05-8.07234E-04-4.96089E-06
 -1       700 5.18770E-05-8.67905E-04-5.32617E-06
 -1       701 5.28148E-05-9.29738E-04-5.69490E-06
 -1       702 5.36541E-05-9.92617E-04-6.06640E-06
 -1       703 5.43947E-05-1.05643E-03-6.44012E-06
 -1       704 5.50367E-05-1.12105E-03-6.81550E-06
 -1       705 5.55800E-05-1.18637E-03-7.19207E-06
 -1       706 5.60246E-05-1.25228E-03-7.56945E-06
 -1       707 5.63704E-05-1.31865E-03-7.94730E-06
 -1       708 5.66175E-05-1.38537E-03-8.32531E-06
 -1       709 5.67658E-05-1.45232E-03-8.70338E-06
 -1       710-3.15841E-06-2.23866E-06-1.07024E-08
 -1       711-6.35174E-06-7.89974E-06-4.98458E-08
 -1       712-9.46809E-06-1.72830E-05-1.14750E-07
 -1       713-1.24839E-05-3.02627E-05-2.03966E-07
 -1       714-1.54000E-05-4.67340E-05-3.16432E-07
 -1       715-1.82176E-05-6.65775E-05-4.51051E-07
 -1       716-2.09362E-05-8.96777E-05-6.06699E-07
 -1       717-2.35559E-05-1.15918E-04-7.82292E-07
 -1       718-2.60768E-05-1.45182E-04-9.76738E-07
 -1       719-2.84989E-05-1.77354E-04-1.18896E-06
 -1       720-3.08221E-05-2.12318E-04-1.41786E-06
 -1       721-3.30464E-05-2.49956E-04-1.66233E-06
 -1       722-3.51719E-05-2.90153E-04-1.92134E-06
 -1       723-3.71985E-05-3.32792E-04-2.19381E-06
 -1       724-3.91263E-05-3.77758E-04-2.47869E-06
 -1       725-4.09552E-05-4.24933E-04-2.77496E-06
 -1       726-4.26853E-05-4.74202E-04-3.08160E-06
 -1       727-4.43165E-05-5.25448E-04-3.39761E-06
 -1       728-4.58489E-05-5.78555E-04-3.72205E-06
 -1       729-4.72823E-05-6.33407E-04-4.05399E-06
 -1       730-4.86170E-05-6.89887E-04-4.39254E-06
 -1       731-4.98527E-05-7.47879E-04-4.73683E-06
 -1       732-5.09896E-05-8.07266E-04-5.08605E-06
 -1       733-5.20277E-05-8.67933E-04-5.43946E-06
 -1       734-5.29669E-05-9.29763E-04-5.79632E-06
 -1       735-5.38072E-05-9.92640E-04-6.15598E-06
 -1       736-5.45487E-05-1.05645E-03-6.51788E-06
 -1       737-5.51913E-05-1.12107E-03-6.88144E-06
 -1       738-5.57350E-05-1.18639E-03-7.24617E-06
 -1       739-5.61799E-05-1.25229E-03-7.61172E-06
 -1       740-5.65259E-05-1.31866E-03-7.97777E-06
 -1       741-5.67731E-05-1.38537E-03-8.34403E-06
 -1       742-5.69215E-05-1.45232E-03-8.71036E-06
 -1       743-1.46086E-06-8.11261E-07-9.94689E-10
 -1       744-3.12061E-06-2.15856E-06 3.41416E-07
 -1       745-4.76718E-06-4.60801E-06-2.69171E-08
 -1       746-6.33846E-06-7.80077E-06 3.29726E-07
 -1       747-7.92264E-06-1.21344E-05-7.91793E-08
 -1       748-9.43465E-06-1.71895E-05 2.48453E-07
 -1       749-1.09882E-05-2.33291E-05-1.56384E-07
 -1       750-1.24415E-05-3.01719E-05 1.48572E-07
 -1       751-1.39540E-05-3.80696E-05-2.57363E-07
 -1       752-1.53478E-05-4.66462E-05 2.41174E-08
 -1       753-1.68209E-05-5.62414E-05-3.81041E-07
 -1       754-1.81562E-05-6.64927E-05-1.22166E-07
 -1       755-1.95890E-05-7.77278E-05-5.26314E-07
 -1       756-2.08661E-05-8.95959E-05-2.89571E-07
 -1       757-2.22581E-05-1.02413E-04-6.92071E-07
 -1       758-2.34776E-05-1.15839E-04-4.76902E-07
 -1       759-2.48285E-05-1.30179E-04-8.77225E-07
 -1       760-2.59907E-05-1.45107E-04-6.83079E-07
 -1       761-2.73000E-05-1.60912E-04-1.08069E-06
 -1       762-2.84055E-05-1.77282E-04-9.07040E-07
 -1       763-2.96726E-05-1.94494E-04-1.30139E-06
 -1       764-3.07218E-05-2.12248E-04-1.14767E-06
 -1       765-3.19464E-05-2.30810E-04-1.53821E-06
 -1       766-3.29398E-05-2.49889E-04-1.40389E-06
 -1       767-3.41213E-05-2.69742E-04-1.79008E-06
 -1       768-3.50593E-05-2.90089E-04-1.67462E-06
 -1       769-3.61973E-05-3.11175E-04-2.05596E-06
 -1       770-3.70804E-05-3.32731E-04-1.95883E-06
 -1       771-3.81745E-05-3.54992E-04-2.33476E-06
 -1       772-3.90031E-05-3.77700E-04-2.25545E-06
 -1       773-4.00529E-05-4.01077E-04-2.62546E-06
 -1       774-4.08274E-05-4.24878E-04-2.56346E-06
 -1       775-4.18324E-05-4.49313E-04-2.92703E-06
 -1       776-4.25533E-05-4.74150E-04-2.88184E-06
 -1       777-4.35130E-05-4.99585E-04-3.23849E-06
 -1       778-4.41807E-05-5.25399E-04-3.20959E-06
 -1       779-4.50948E-05-5.51776E-04-3.55884E-06
 -1       780-4.57097E-05-5.78509E-04-3.54577E-06
 -1       781-4.65777E-05-6.05770E-04-3.88713E-06
 -1       782-4.71401E-05-6.33364E-04-3.88945E-06
 -1       783-4.79618E-05-6.61450E-04-4.22249E-06
 -1       784-4.84721E-05-6.89847E-04-4.23975E-06
 -1       785-4.92470E-05-7.18701E-04-4.56401E-06
 -1       786-4.97056E-05-7.47842E-04-4.59579E-06
 -1       787-5.04333E-05-7.77405E-04-4.91087E-06
 -1       788-5.08406E-05-8.07232E-04-4.95674E-06
 -1       789-5.15208E-05-8.37447E-04-5.26228E-06
 -1       790-5.18770E-05-8.67902E-04-5.32190E-06
 -1       791-5.25094E-05-8.98710E-04-5.61750E-06
 -1       792-5.28148E-05-9.29735E-04-5.69052E-06
 -1       793-5.33991E-05-9.61078E-04-5.97583E-06
 -1       794-5.36541E-05-9.92615E-04-6.06192E-06
 -1       795-5.41901E-05-1.02443E-03-6.33668E-06
 -1       796-5.43947E-05-1.05643E-03-6.43557E-06
 -1       797-5.48821E-05-1.08866E-03-6.69947E-06
 -1       798-5.50367E-05-1.12105E-03-6.81087E-06
 -1       799-5.54753E-05-1.15365E-03-7.06368E-06
 -1       800-5.55800E-05-1.18637E-03-7.18736E-06
 -1       801-5.59696E-05-1.21927E-03-7.42886E-06
 -1       802-5.60245E-05-1.25228E-03-7.56468E-06
 -1       803-5.63650E-05-1.28542E-03-7.79470E-06
 -1       804-5.63704E-05-1.31865E-03-7.94248E-06
 -1       805-5.66616E-05-1.35198E-03-8.16088E-06
 -1       806-5.66175E-05-1.38536E-03-8.32048E-06
 -1       807-5.68594E-05-1.41882E-03-8.52720E-06
 -1       808-5.67658E-05-1.45231E-03-8.69853E-06
 -1       809-5.69599E-05-1.48584E-03-8.89351E-06
 -1       810-3.14256E-06-2.16380E-06-3.63540E-07
 -1       811-6.38217E-06-7.80611E-06-4.30761E-07
 -1       812-9.49952E-06-1.71947E-05-4.79165E-07
 -1       813-1.25266E-05-3.01770E-05-5.57680E-07
 -1       814-1.54522E-05-4.66512E-05-6.58103E-07
 -1       815-1.82789E-05-6.64976E-05-7.81000E-07
 -1       816-2.10062E-05-8.96006E-05-9.24835E-07
 -1       817-2.36342E-05-1.15844E-04-1.08864E-06
 -1       818-2.61629E-05-1.45111E-04-1.27129E-06
 -1       819-2.85923E-05-1.77286E-04-1.47172E-06
 -1       820-3.09224E-05-2.12252E-04-1.68883E-06
 -1       821-3.31531E-05-2.49893E-04-1.92151E-06
 -1       822-3.52846E-05-2.90093E-04-2.16873E-06
 -1       823-3.73167E-05-3.32735E-04-2.42941E-06
 -1       824-3.92495E-05-3.77704E-04-2.70250E-06
 -1       825-4.10831E-05-4.24882E-04-2.98698E-06
 -1       826-4.28173E-05-4.74154E-04-3.28183E-06
 -1       827-4.44523E-05-5.25403E-04-3.58606E-06
 -1       828-4.59881E-05-5.78513E-04-3.89871E-06
 -1       829-4.74246E-05-6.33367E-04-4.21885E-06
 -1       830-4.87618E-05-6.89850E-04-4.54562E-06
 -1       831-4.99999E-05-7.47845E-04-4.87812E-06
 -1       832-5.11388E-05-8.07235E-04-5.21558E-06
 -1       833-5.21784E-05-8.67905E-04-5.55719E-06
 -1       834-5.31190E-05-9.29738E-04-5.90227E-06
 -1       835-5.39604E-05-9.92618E-04-6.25016E-06
 -1       836-5.47027E-05-1.05643E-03-6.60027E-06
 -1       837-5.53459E-05-1.12105E-03-6.95205E-06
 -1       838-5.58901E-05-1.18637E-03-7.30502E-06
 -1       839-5.63353E-05-1.25228E-03-7.65880E-06
 -1       840-5.66815E-05-1.31865E-03-8.01307E-06
 -1       841-5.69288E-05-1.38537E-03-8.36760E-06
 -1       842-5.70771E-05-1.45232E-03-8.72219E-06
 -1       843-1.97855E-11-1.85488E-06-1.30957E-08
 -1       844-4.99142E-12-7.52499E-06-5.25878E-08
 -1       845 1.14641E-11-1.69174E-05-1.17514E-07
 -1       846 1.43777E-11-2.99101E-05-2.06716E-07
 -1       847 6.65951E-12-4.63928E-05-3.19176E-07
 -1       848-8.21750E-12-6.62481E-05-4.53778E-07
 -1       849-8.67190E-12-8.93600E-05-6.09421E-07
 -1       850 2.87784E-12-1.15612E-04-7.85002E-07
 -1       851 1.20166E-11-1.44888E-04-9.79434E-07
 -1       852 8.41722E-12-1.77072E-04-1.19165E-06
 -1       853 6.73890E-12-2.12047E-04-1.42052E-06
 -1       854-5.27897E-12-2.49697E-04-1.66498E-06
 -1       855-8.26701E-12-2.89906E-04-1.92399E-06
 -1       856 7.91475E-12-3.32557E-04-2.19645E-06
 -1       857 1.05520E-12-3.77534E-04-2.48131E-06
 -1       858-4.08231E-13-4.24721E-04-2.77756E-06
 -1       859-5.13017E-12-4.74002E-04-3.08418E-06
 -1       860-1.49738E-11-5.25260E-04-3.40018E-06
 -1       861-6.81334E-12-5.78379E-04-3.72461E-06
 -1       862 2.80413E-12-6.33242E-04-4.05654E-06
 -1       863-1.46018E-11-6.89734E-04-4.39507E-06
 -1       864-1.63423E-11-7.47737E-04-4.73935E-06
 -1       865-8.77883E-12-8.07137E-04-5.08856E-06
 -1       866-3.74433E-12-8.67816E-04-5.44195E-06
 -1       867-4.61438E-12-9.29657E-04-5.79881E-06
 -1       868-3.50231E-12-9.92546E-04-6.15845E-06
 -1       869-7.60148E-12-1.05637E-03-6.52033E-06
 -1       870-5.96159E-12-1.12100E-03-6.88388E-06
 -1       871 1.27434E-12-1.18633E-03-7.24861E-06
 -1       872 1.09828E-11-1.25224E-03-7.61417E-06
 -1       873 1.00267E-11-1.31862E-03-7.98021E-06
 -1       874 2.93194E-12-1.38535E-03-8.34647E-06
 -1       875 6.85150E-12-1.45231E-03-8.71280E-06
 -1       876-1.07938E-08-1.79738E-06-1.35128E-08
 -1       877-1.36234E-11-3.98235E-07-2.86604E-09
 -1       878 1.55352E-06-1.91592E-06-1.27488E-08
 -1       879 1.07743E-08-1.79728E-06-1.35149E-08
 -1       880-2.18713E-08-7.42900E-06-5.32822E-08
 -1       881-1.30768E-11-4.21623E-06-2.95865E-08
 -1       882 3.16554E-06-7.62667E-06-5.20298E-08
 -1       883 2.18628E-08-7.42880E-06-5.32852E-08
 -1       884-3.24538E-08-1.68275E-05-1.18116E-07
 -1       885-2.89944E-12-1.17646E-05-8.19477E-08
 -1       886 4.72546E-06-1.70069E-05-1.17054E-07
 -1       887 3.24667E-08-1.68272E-05-1.18118E-07
 -1       888-4.25507E-08-2.98218E-05-2.07308E-07
 -1       889 1.69917E-11-2.29701E-05-1.59143E-07
 -1       890 6.23252E-06-2.99987E-05-2.06328E-07
 -1       891 4.25745E-08-2.98214E-05-2.07307E-07
 -1       892-5.22042E-08-4.63078E-05-3.19736E-07
 -1       893 1.01088E-11-3.77226E-05-2.60109E-07
 -1       894 7.69082E-06-4.64780E-05-3.18867E-07
 -1       895 5.22132E-08-4.63073E-05-3.19733E-07
 -1       896-6.13890E-08-6.61661E-05-4.54313E-07
 -1       897 3.46634E-12-5.59061E-05-3.83777E-07
 -1       898 9.09952E-06-6.63305E-05-4.53549E-07
 -1       899 6.13826E-08-6.61654E-05-4.54310E-07
 -1       900-7.00993E-08-8.92810E-05-6.09922E-07
 -1       901-1.12689E-11-7.74043E-05-5.29042E-07
 -1       902 1.04588E-05-8.94394E-05-6.09266E-07
 -1       903 7.00860E-08-8.92803E-05-6.09925E-07
 -1       904-7.83395E-08-1.15536E-04-7.85479E-07
 -1       905-6.68637E-12-1.02101E-04-6.94781E-07
 -1       906 1.17687E-05-1.15689E-04-7.84925E-07
 -1       907 7.83431E-08-1.15535E-04-7.85478E-07
 -1       908-8.61128E-08-1.44815E-04-9.79882E-07
 -1       909 9.25418E-12-1.29879E-04-8.79933E-07
 -1       910 1.30292E-05-1.44962E-04-9.79441E-07
 -1       911 8.61346E-08-1.44814E-04-9.79888E-07
 -1       912-9.34386E-08-1.77002E-04-1.19207E-06
 -1       913 1.41032E-11-1.60624E-04-1.08339E-06
 -1       914 1.42402E-05-1.77143E-04-1.19172E-06
 -1       915 9.34514E-08-1.77001E-04-1.19207E-06
 -1       916-1.00298E-07-2.11980E-04-1.42092E-06
 -1       917 5.96362E-12-1.94218E-04-1.30407E-06
 -1       918 1.54018E-05-2.12115E-04-1.42067E-06
 -1       919 1.00305E-07-2.11979E-04-1.42092E-06
 -1       920-1.06700E-07-2.49633E-04-1.66535E-06
 -1       921-1.33447E-12-2.30545E-04-1.54087E-06
 -1       922 1.65140E-05-2.49762E-04-1.66521E-06
 -1       923 1.06699E-07-2.49632E-04-1.66536E-06
 -1       924-1.12657E-07-2.89845E-04-1.92433E-06
 -1       925-2.48400E-12-2.69489E-04-1.79273E-06
 -1       926 1.75767E-05-2.89968E-04-1.92429E-06
 -1       927 1.12648E-07-2.89843E-04-1.92433E-06
 -1       928-1.18155E-07-3.32499E-04-2.19677E-06
 -1       929-4.68981E-12-3.10933E-04-2.05860E-06
 -1       930 1.85900E-05-3.32616E-04-2.19682E-06
 -1       931 1.18160E-07-3.32497E-04-2.19676E-06
 -1       932-1.23214E-07-3.77479E-04-2.48160E-06
 -1       933 4.53222E-12-3.54762E-04-2.33739E-06
 -1       934 1.95539E-05-3.77590E-04-2.48175E-06
 -1       935 1.23219E-07-3.77478E-04-2.48160E-06
 -1       936-1.27844E-07-4.24669E-04-2.77782E-06
 -1       937 2.69510E-12-4.00859E-04-2.62808E-06
 -1       938 2.04684E-05-4.24774E-04-2.77806E-06
 -1       939 1.27843E-07-4.24668E-04-2.77782E-06
 -1       940-1.32054E-07-4.73953E-04-3.08441E-06
 -1       941-1.45711E-12-4.49107E-04-2.92963E-06
 -1       942 2.13334E-05-4.74052E-04-3.08476E-06
 -1       943 1.32041E-07-4.73951E-04-3.08442E-06
 -1       944-1.35847E-07-5.25214E-04-3.40040E-06
 -1       945-1.64575E-11-4.99391E-04-3.24107E-06
 -1       946 2.21490E-05-5.25307E-04-3.40082E-06
 -1       947 1.35825E-07-5.25212E-04-3.40040E-06
 -1       948-1.39240E-07-5.78335E-04-3.72480E-06
 -1       949-4.41155E-12-5.51594E-04-3.56140E-06
 -1       950 2.29152E-05-5.78423E-04-3.72532E-06
 -1       951 1.39225E-07-5.78334E-04-3.72480E-06
 -1       952-1.42251E-07-6.33202E-04-4.05671E-06
 -1       953-1.04622E-11-6.05600E-04-3.88969E-06
 -1       954 2.36319E-05-6.33283E-04-4.05731E-06
 -1       955 1.42238E-07-6.33200E-04-4.05671E-06
 -1       956-1.44885E-07-6.89697E-04-4.39522E-06
 -1       957 3.92337E-12-6.61292E-04-4.22504E-06
 -1       958 2.42992E-05-6.89772E-04-4.39589E-06
 -1       959 1.44864E-07-6.89695E-04-4.39522E-06
 -1       960-1.47170E-07-7.47703E-04-4.73947E-06
 -1       961-2.10778E-11-7.18554E-04-4.56654E-06
 -1       962 2.49171E-05-7.47773E-04-4.74022E-06
 -1       963 1.47147E-07-7.47701E-04-4.73948E-06
 -1       964-1.49118E-07-8.07106E-04-5.08867E-06
 -1       965-9.82489E-12-7.77270E-04-4.91338E-06
 -1       966 2.54856E-05-8.07169E-04-5.08949E-06
 -1       967 1.49101E-07-8.07103E-04-5.08866E-06
 -1       968-1.50749E-07-8.67787E-04-5.44204E-06
 -1       969-7.71416E-12-8.37324E-04-5.26477E-06
 -1       970 2.60046E-05-8.67845E-04-5.44293E-06
 -1       971 1.50739E-07-8.67785E-04-5.44204E-06
 -1       972-1.52098E-07-9.29632E-04-5.79888E-06
 -1       973-5.80051E-12-8.98598E-04-5.61999E-06
 -1       974 2.64742E-05-9.29684E-04-5.79982E-06
 -1       975 1.52085E-07-9.29630E-04-5.79888E-06
 -1       976-1.53181E-07-9.92524E-04-6.15851E-06
 -1       977-4.24780E-12-9.60978E-04-5.97832E-06
 -1       978 2.68944E-05-9.92570E-04-6.15951E-06
 -1       979 1.53171E-07-9.92521E-04-6.15851E-06
 -1       980-1.54014E-07-1.05635E-03-6.52037E-06
 -1       981-1.39215E-12-1.02435E-03-6.33915E-06
 -1       982 2.72651E-05-1.05639E-03-6.52142E-06
 -1       983 1.54013E-07-1.05634E-03-6.52038E-06
 -1       984-1.54651E-07-1.12098E-03-6.88391E-06
 -1       985-1.10833E-11-1.08859E-03-6.70192E-06
 -1       986 2.75864E-05-1.12102E-03-6.88499E-06
 -1       987 1.54651E-07-1.12098E-03-6.88391E-06
 -1       988-1.55090E-07-1.18632E-03-7.24864E-06
 -1       989-3.94232E-13-1.15358E-03-7.06612E-06
 -1       990 2.78583E-05-1.18634E-03-7.24976E-06
 -1       991 1.55095E-07-1.18631E-03-7.24864E-06
 -1       992-1.55382E-07-1.25223E-03-7.61418E-06
 -1       993 8.79711E-12-1.21922E-03-7.43131E-06
 -1       994 2.80807E-05-1.25225E-03-7.61535E-06
 -1       995 1.55393E-07-1.25223E-03-7.61419E-06
 -1       996-1.55556E-07-1.31861E-03-7.98022E-06
 -1       997 9.92866E-12-1.28538E-03-7.79715E-06
 -1       998 2.82537E-05-1.31863E-03-7.98139E-06
 -1       999 1.55568E-07-1.31861E-03-7.98021E-06
 -1      1000-1.55633E-07-1.38534E-03-8.34647E-06
 -1      1001 1.48890E-12-1.35195E-03-8.16332E-06
 -1      1002 2.83773E-05-1.38535E-03-8.34767E-06
 -1      1003 1.55650E-07-1.38534E-03-8.34647E-06
 -1      1004-1.55669E-07-1.45230E-03-8.71280E-06
 -1      1005 7.23136E-12-1.41880E-03-8.52963E-06
 -1      1006 2.84515E-05-1.45231E-03-8.71400E-06
 -1      1007 1.55670E-07-1.45230E-03-8.71279E-06
 -1      1008 4.66571E-12-1.48584E-03-8.89595E-06
 -1      1009-1.55354E-06-1.91593E-06-1.26558E-08
 -1      1010-3.16555E-06-7.62668E-06-5.18315E-08
 -1      1011-4.72544E-06-1.70069E-05-1.16754E-07
 -1      1012-6.23250E-06-2.99987E-05-2.05929E-07
 -1      1013-7.69081E-06-4.64780E-05-3.18364E-07
 -1      1014-9.09953E-06-6.63305E-05-4.52945E-07
 -1      1015-1.04588E-05-8.94394E-05-6.08564E-07
 -1      1016-1.17687E-05-1.15689E-04-7.84123E-07
 -1      1017-1.30292E-05-1.44962E-04-9.78537E-07
 -1      1018-1.42402E-05-1.77143E-04-1.19073E-06
 -1      1019-1.54018E-05-2.12115E-04-1.41958E-06
 -1      1020-1.65140E-05-2.49762E-04-1.66402E-06
 -1      1021-1.75767E-05-2.89968E-04-1.92300E-06
 -1      1022-1.85900E-05-3.32616E-04-2.19544E-06
 -1      1023-1.95539E-05-3.77590E-04-2.48029E-06
 -1      1024-2.04684E-05-4.24774E-04-2.77652E-06
 -1      1025-2.13334E-05-4.74052E-04-3.08312E-06
 -1      1026-2.21490E-05-5.25307E-04-3.39911E-06
 -1      1027-2.29152E-05-5.78423E-04-3.72352E-06
 -1      1028-2.36319E-05-6.33283E-04-4.05543E-06
 -1      1029-2.42993E-05-6.89772E-04-4.39395E-06
 -1      1030-2.49171E-05-7.47773E-04-4.73821E-06
 -1      1031-2.54856E-05-8.07169E-04-5.08741E-06
 -1      1032-2.60046E-05-8.67845E-04-5.44079E-06
 -1      1033-2.64742E-05-9.29684E-04-5.79764E-06
 -1      1034-2.68944E-05-9.92569E-04-6.15728E-06
 -1      1035-2.72651E-05-1.05639E-03-6.51915E-06
 -1      1036-2.75864E-05-1.12102E-03-6.88269E-06
 -1      1037-2.78583E-05-1.18634E-03-7.24742E-06
 -1      1038-2.80807E-05-1.25225E-03-7.61297E-06
 -1      1039-2.82537E-05-1.31863E-03-7.97899E-06
 -1      1040-2.83773E-05-1.38535E-03-8.34526E-06
 -1      1041-2.84515E-05-1.45231E-03-8.71157E-06
 -3
    1PSTEP                         2           1           1          
  100CL  101 1.000000000        1041                     0    1           1
 -4  STRESS      6    1
 -5  SXX         1    4    1    1
 -5  SYY         1    4    2    2
 -5  SZZ         1    4    3    3
 -5  SXY         1    4    1    2
 -5  SYZ         1    4    2    3
 -5  SZX         1    4    3    1
 -1         1 1.36825E+07 5.32105E+06 5.32104E+06-4.48668E+05-1.23530E+00 2.47490E+06
 -1         2-1.38751E+07-5.39594E+06-5.39593E+06-4.83252E+05-1.25261E+00-2.48186E+06
 -1         3-9.54486E+03 6.87887E+04 9.55331E+03-5.41478E+04-1.13399E+03 6.55462E+03
 -1         4 9.62157E+03-6.87177E+04-9.52673E+03-5.40726E+04-1.11811E+03-6.43747E+03
 -1         5-9.63031E+03 6.87351E+04 9.51423E+03-5.41657E+04 1.06330E+03-6.47107E+03
 -1         6 9.57135E+03-6.85850E+04-9.54536E+03-5.41592E+04 1.07451E+03 6.52923E+03
 -1         7-1.36825E+07-5.32104E+06-5.32103E+06-4.48463E+05 1.23507E+00 2.47515E+06
 -1         8 1.38750E+07 5.39592E+06 5.39591E+06-4.83011E+05 1.25288E+00-2.48207E+06
 -1         9-8.58414E+04-3.33833E+04-3.33833E+04 1.36910E+06-1.46594E+00-1.00295E+04
 -1        10 6.80170E+06 2.64502E+06 2.64503E+06 6.30711E+05 3.54316E+00 1.23866E+06
 -1        11-6.98209E+06-2.71517E+06-2.71518E+06 6.13707E+05 3.58099E+00-1.25422E+06
 -1        12-1.16134E+07 3.55256E+05 2.05201E+05 1.75769E+05-1.27480E+05 3.44227E+05
 -1        13-1.13754E+07-1.69058E+05-1.05805E+05-4.19008E+03 1.84340E+04 1.39480E+04
 -1        14-1.10142E+07 3.73413E+04 2.02369E+04-5.15138E+04-5.27198E+03 1.31751E+04
 -1        15-1.06596E+07-1.01639E+04-5.18747E+03-4.46789E+04 1.32103E+03 9.84540E+03
 -1        16-1.03015E+07 2.46555E+03 1.18343E+03-4.67734E+04-3.71974E+02 1.02738E+04
 -1        17-9.94570E+06-5.79880E+02-2.43271E+02-4.63131E+04 1.16225E+02 1.01854E+04
 -1        18-9.58933E+06 1.47519E+02 5.72506E+01-4.64358E+04-1.44629E+01 1.02327E+04
 -1        19-9.23318E+06-5.48120E+01 2.15243E+01-4.63953E+04-8.44272E+00 1.01517E+04
 -1        20-8.87698E+06 2.92449E+01-8.13820E+01-4.64280E+04 1.18537E+01 1.02620E+04
 -1        21-8.52076E+06-5.58666E+01 2.34553E+00-4.63156E+04-1.21088E+01 1.01868E+04
 -1        22-8.16456E+06 1.67855E+01 2.80018E+01-4.64264E+04-5.72094E+00 1.02374E+04
 -1        23-7.80846E+06-2.75455E+00 1.53588E+01-4.63748E+04-1.60126E+01 1.02704E+04
 -1        24-7.45209E+06 6.44447E+01 2.06717E+01-4.64240E+04 2.39321E+01 1.02236E+04
 -1        25-7.09616E+06 2.62798E+01-8.20728E-01-4.64218E+04 5.22351E+01 1.01962E+04
 -1        26-6.74011E+06 4.08390E+01 2.48814E+01-4.64051E+04-2.46121E+01 1.01671E+04
 -1        27-6.38418E+06-5.56648E+01 4.39293E+01-4.64172E+04-1.10911E+00 1.01781E+04
 -1        28-6.02829E+06-1.07464E+02-1.82946E+01-4.64714E+04-1.92381E+01 1.01648E+04
 -1        29-5.67254E+06-1.30048E+01 1.43426E+01-4.64039E+04 2.81022E+01 1.02880E+04
 -1        30-5.31659E+06 7.80006E+01-4.86086E+01-4.64874E+04 2.36921E+01 1.02896E+04
 -1        31-4.96123E+06-2.92647E+01-5.62324E+01-4.63481E+04 3.16866E+01 1.02723E+04
 -1        32-4.60546E+06 4.89333E+01 9.70858E+01-4.64558E+04 6.61441E+00 1.02207E+04
 -1        33-4.25040E+06-9.69300E+01-1.30522E+02-4.63766E+04-2.26997E+01 1.03350E+04
 -1        34-3.89496E+06-6.50017E+01 2.89593E+01-4.63588E+04-1.56669E+01 1.03383E+04
 -1        35-3.53996E+06 2.30835E+01-1.49406E+01-4.64161E+04 5.50950E+01 1.03706E+04
 -1        36-3.18489E+06-3.50100E+01 4.67652E+01-4.63919E+04 7.90872E+01 1.03897E+04
 -1        37-2.83023E+06 1.01383E+02 1.00208E+02-4.64247E+04 6.94250E+00 1.03900E+04
 -1        38-2.47577E+06 7.49978E+00-1.33355E+02-4.64094E+04 1.36772E+01 1.04071E+04
 -1        39-2.12127E+06-3.58720E+01 7.25720E+01-4.63473E+04 2.55545E+01 1.04446E+04
 -1        40-1.76724E+06-9.80062E+01-4.36648E+01-4.64996E+04 4.61149E+01 1.04886E+04
 -1        41-1.41335E+06-3.16995E+01 4.05129E+01-4.64070E+04 8.78720E+01 1.04367E+04
 -1        42-1.05966E+06-1.37071E+02 1.22565E+02-4.64214E+04-1.17896E+01 1.04871E+04
 -1        43-7.05767E+05 5.34273E+02-2.35518E+02-4.61096E+04 1.18221E+02 1.06034E+04
 -1        44-3.50085E+05 3.43249E+03 4.45194E+03-3.90480E+04-4.64674E+02 8.46836E+03
 -1        45-1.17504E+07-6.90283E+05-7.02586E+05-8.28857E+04 2.40826E+05-7.96309E+05
 -1        46-1.13662E+07 2.47810E+05 1.94587E+05-6.52611E+03-4.28818E+04 5.06416E+04
 -1        47-1.11875E+07-4.81714E+04-3.47409E+04-2.84204E+04 8.61952E+03 1.41987E+03
 -1        48-1.08377E+07 1.19931E+04 6.95184E+03-2.62731E+04-2.00764E+03 1.15025E+04
 -1        49-1.04799E+07-2.87999E+03-1.36332E+03-2.66506E+04 4.83440E+02 1.03565E+04
 -1        50-1.01244E+07 6.94949E+02 3.16408E+02-2.65136E+04-1.29054E+02 1.03590E+04
 -1        51-9.76790E+06-1.83373E+02-5.77036E+01-2.65676E+04 5.39163E+01 1.04054E+04
 -1        52-9.41165E+06 9.28600E+01 3.01686E+01-2.65597E+04-7.29766E+00 1.03778E+04
 -1        53-9.05552E+06-4.94482E+01-1.53094E+01-2.65846E+04 3.66793E+00 1.04148E+04
 -1        54-8.69930E+06-6.42941E+00-7.59614E+01-2.65200E+04-3.34716E+00 1.03929E+04
 -1        55-8.34294E+06 8.80389E+00 8.07277E+01-2.65318E+04-9.13397E+00 1.04144E+04
 -1        56-7.98690E+06-2.19151E+01 2.32314E+00-2.65548E+04-5.89478E+00 1.04178E+04
 -1        57-7.63067E+06-4.09889E+00-2.41887E+01-2.65449E+04-1.82793E+00 1.04309E+04
 -1        58-7.27445E+06 5.24742E+01 5.19822E+00-2.65958E+04 3.77899E+01 1.03832E+04
 -1        59-6.91843E+06 3.14291E+01 2.06252E+01-2.65589E+04 4.32552E+00 1.03641E+04
 -1        60-6.56246E+06-1.49977E+01 1.95757E+01-2.65582E+04-2.10743E+01 1.03598E+04
 -1        61-6.20650E+06-7.02149E+01 7.11123E+01-2.66168E+04 1.15745E+01 1.03620E+04
 -1        62-5.85067E+06-5.19931E+01 5.64273E+01-2.65936E+04 1.94677E+01 1.03737E+04
 -1        63-5.49479E+06 6.54063E-01-2.53780E+01-2.66133E+04-8.71558E+00 1.04540E+04
 -1        64-5.13925E+06-3.35295E+01-1.20929E+02-2.65675E+04 2.41879E+01 1.04069E+04
 -1        65-4.78342E+06 9.90712E+01 8.34895E+01-2.65407E+04 4.26775E+01 1.03920E+04
 -1        66-4.42820E+06-4.16291E+01-1.56976E+01-2.66069E+04-3.69940E+00 1.04182E+04
 -1        67-4.07285E+06-9.18174E+01-5.97930E+01-2.65180E+04-1.46518E+01 1.04646E+04
 -1        68-3.71756E+06-3.51888E+01 5.46093E+01-2.65673E+04 1.60543E+01 1.04871E+04
 -1        69-3.36255E+06-8.29479E+00 3.71324E+01-2.65119E+04 5.00218E+01 1.05035E+04
 -1        70-3.00772E+06 2.75894E+01 7.95159E+01-2.65628E+04 3.62500E+01 1.04941E+04
 -1        71-2.65315E+06 3.00013E+01-1.60797E+01-2.65829E+04 1.25355E+01 1.04938E+04
 -1        72-2.29865E+06-6.15676E+01-2.18942E+01-2.65154E+04 1.51416E+01 1.05154E+04
 -1        73-1.94434E+06-8.41128E+01 5.13420E+01-2.65895E+04 3.66596E+01 1.05302E+04
 -1        74-1.59035E+06-4.53243E+01 1.84425E+00-2.65901E+04 7.36870E+01 1.04912E+04
 -1        75-1.23652E+06-7.06743E+01 7.76870E+01-2.65739E+04 3.89188E+01 1.05474E+04
 -1        76-8.83104E+05-4.64232E+01-1.77464E+02-2.65427E+04 6.58628E+01 1.05380E+04
 -1        77-5.29934E+05-2.69675E+02 4.53299E+02-2.68752E+04-1.22090E+02 1.04274E+04
 -1        78-1.94340E+05-1.14315E+04-7.72030E+03-2.43684E+04 2.42345E+03 7.12050E+03
 -1        79 3.71756E+01 1.48903E+01 5.23642E+00-1.86730E+05-1.81873E+04-2.86767E+01
 -1        80-1.99832E+04-7.11058E+04-1.41792E+04-1.23872E+05-9.78781E+03-3.30137E+03
 -1        81 1.99947E+04 7.11507E+04 1.42423E+04-1.23854E+05-9.80450E+03 3.31215E+03
 -1        82 1.14536E+07-3.52503E+05-2.00323E+05 1.70814E+05-1.25725E+05-3.42001E+05
 -1        83 1.12213E+07 1.67765E+05 1.03477E+05-4.40634E+03 1.81797E+04-1.42080E+04
 -1        84 1.08665E+07-3.71340E+04-1.96859E+04-5.17790E+04-5.22800E+03-1.41527E+04
 -1        85 1.05186E+07 1.01508E+04 5.03516E+03-4.48299E+04 1.31238E+03-1.06745E+04
 -1        86 1.01670E+07-2.49704E+03-1.16244E+03-4.70255E+04-3.46626E+02-1.12022E+04
 -1        87 9.81786E+06 5.50095E+02 2.16822E+02-4.65336E+04 9.53339E+01-1.10225E+04
 -1        88 9.46844E+06-7.91580E+01-4.60243E+01-4.66453E+04-2.24208E+01-1.10471E+04
 -1        89 9.11876E+06 1.83074E+01 5.62687E+01-4.66208E+04 6.92028E+00-1.11026E+04
 -1        90 8.76911E+06-7.35804E+00-1.09568E+01-4.65904E+04-2.32427E+01-1.10258E+04
 -1        91 8.41960E+06 1.67032E+01 2.50225E+01-4.66244E+04 3.18858E+01-1.11016E+04
 -1        92 8.06989E+06 1.46119E+01 1.26064E+01-4.65798E+04-4.59734E+00-1.11098E+04
 -1        93 7.72007E+06-3.88644E+01-2.02155E+01-4.66171E+04-8.77789E+00-1.10347E+04
 -1        94 7.37068E+06 1.49180E+01 1.30922E+01-4.66141E+04-4.78503E+00-1.10828E+04
 -1        95 7.02076E+06-8.95834E+00-6.04657E+00-4.65700E+04-1.27387E+01-1.10328E+04
 -1        96 6.67098E+06 1.83053E+01-4.64007E-01-4.65544E+04 4.00245E+01-1.10427E+04
 -1        97 6.32104E+06 2.29478E-02-9.81699E+01-4.66329E+04-5.97931E+01-1.09614E+04
 -1        98 5.97129E+06 5.16682E+01 6.17115E+01-4.66080E+04 1.74812E+01-1.10427E+04
 -1        99 5.62125E+06 6.21880E+01 9.25742E+01-4.66042E+04 2.44968E+01-1.10085E+04
 -1       100 5.27121E+06-4.44782E+01 6.58543E+01-4.65329E+04-3.09534E+01-1.10474E+04
 -1       101 4.92072E+06-1.07426E+02-1.90613E+01-4.66557E+04 3.72147E+01-1.09184E+04
 -1       102 4.57069E+06 7.88254E+01 2.21290E+00-4.65767E+04 3.21272E+01-1.08931E+04
 -1       103 4.22014E+06 7.39778E+01 5.51721E+01-4.65319E+04-4.14154E+01-1.10254E+04
 -1       104 3.86949E+06 1.37205E+01-1.85481E+01-4.65399E+04-2.82578E+00-1.08821E+04
 -1       105 3.51876E+06 2.47484E+01 8.81606E+01-4.65340E+04-1.95744E+01-1.08839E+04
 -1       106 3.16792E+06 5.31878E+01 4.94134E+01-4.64246E+04 3.04715E+01-1.09440E+04
 -1       107 2.81648E+06-2.64442E+00-1.18151E+01-4.65811E+04 1.15532E+01-1.08111E+04
 -1       108 2.46556E+06 1.39922E+02 7.53656E+01-4.64339E+04 1.49450E+01-1.08276E+04
 -1       109 2.11376E+06-9.21062E+01-9.23051E+01-4.65646E+04-6.62590E+00-1.07514E+04
 -1       110 1.76219E+06 6.81043E+01 1.78368E+02-4.64714E+04 1.41773E+01-1.07883E+04
 -1       111 1.41015E+06-2.77938E+01 9.66604E+00-4.65235E+04 5.24029E+00-1.07057E+04
 -1       112 1.05806E+06 1.76032E+01-3.61845E+01-4.64609E+04 7.52326E+00-1.06390E+04
 -1       113 7.05173E+05-2.97382E+02 2.80391E+02-4.61808E+04 6.45080E+01-1.07348E+04
 -1       114 3.49960E+05-3.70164E+03-4.45904E+03-3.91084E+04-5.50781E+02-8.43699E+03
 -1       115 1.15880E+07 6.80507E+05 6.92861E+05-7.18520E+04 2.37475E+05 7.94988E+05
 -1       116 1.12112E+07-2.45070E+05-1.91079E+05-7.31311E+03-4.23240E+04-5.08197E+04
 -1       117 1.10367E+07 4.77584E+04 3.40561E+04-2.84951E+04 8.49935E+03-1.97347E+03
 -1       118 1.06934E+07-1.19259E+04-6.75360E+03-2.64654E+04-1.98167E+03-1.19659E+04
 -1       119 1.03421E+07 2.83818E+03 1.24415E+03-2.68609E+04 5.02224E+02-1.08783E+04
 -1       120 9.99325E+06-7.12637E+02-2.69564E+02-2.67393E+04-1.24017E+02-1.08753E+04
 -1       121 9.64353E+06 1.84922E+02 4.68858E+01-2.67886E+04 2.41953E+01-1.08526E+04
 -1       122 9.29401E+06-3.37648E+01 1.18601E+01-2.67777E+04 7.39008E+00-1.08978E+04
 -1       123 8.94434E+06-1.34308E+01 2.71014E+01-2.67721E+04-1.13577E+01-1.08874E+04
 -1       124 8.59472E+06 1.31626E+01-2.32980E+01-2.67679E+04 2.22476E+00-1.08639E+04
 -1       125 8.24515E+06 2.04927E+01 4.04645E+01-2.67389E+04 1.62361E+01-1.09121E+04
 -1       126 7.89533E+06-1.94844E+01-1.80903E+01-2.67587E+04-5.20346E+00-1.09042E+04
 -1       127 7.54567E+06-2.39050E+01-3.06508E+01-2.67775E+04-9.28017E+00-1.08578E+04
 -1       128 7.19604E+06-7.31367E+00 8.34400E+00-2.67342E+04-1.78137E+01-1.08912E+04
 -1       129 6.84624E+06 3.46843E+01 4.68077E+01-2.67286E+04 7.79333E+00-1.08672E+04
 -1       130 6.49628E+06-2.17214E+00-7.07269E+01-2.67340E+04-1.77404E+01-1.08541E+04
 -1       131 6.14646E+06 3.06254E+01-4.56640E+01-2.67969E+04 2.41895E-01-1.08396E+04
 -1       132 5.79650E+06 1.50284E+01 4.81764E+01-2.67531E+04 3.69442E+01-1.08380E+04
 -1       133 5.44650E+06 5.82611E+00 9.64282E+01-2.67269E+04-7.91589E+00-1.08777E+04
 -1       134 5.09609E+06-1.16561E+02 5.82273E-01-2.67453E+04-3.98645E+00-1.08311E+04
 -1       135 4.74595E+06-4.90131E+01 3.00675E+01-2.67443E+04 2.61297E+01-1.07464E+04
 -1       136 4.39567E+06 8.11091E+01 7.18951E+01-2.67209E+04-7.34072E+00-1.08515E+04
 -1       137 4.04491E+06-3.81157E+01-1.87250E+01-2.66788E+04-1.51681E+01-1.08103E+04
 -1       138 3.69434E+06 3.63989E+01 4.92867E+01-2.67167E+04-8.24296E+00-1.07886E+04
 -1       139 3.34354E+06 5.46445E+01 1.03305E+02-2.66616E+04 9.03276E+00-1.07828E+04
 -1       140 2.99220E+06-2.56554E+01-2.96649E+01-2.66190E+04 2.57923E+01-1.07828E+04
 -1       141 2.64123E+06 7.94401E+01 6.26267E+01-2.66748E+04-5.52637E+00-1.07340E+04
 -1       142 2.28962E+06-5.04626E+01-1.02440E+02-2.66228E+04 1.27230E+01-1.07222E+04
 -1       143 1.93824E+06 6.22258E+01 8.27384E+01-2.66865E+04-8.28550E+00-1.07209E+04
 -1       144 1.58610E+06-6.63469E+01-1.49441E+01-2.66257E+04 2.49849E+01-1.06811E+04
 -1       145 1.23419E+06-2.23241E+01 1.80124E+01-2.66929E+04 7.62728E+00-1.06391E+04
 -1       146 8.82000E+05 1.11556E+02 2.15635E+02-2.65756E+04 4.46363E+01-1.06078E+04
 -1       147 5.29515E+05 1.53730E+02-4.74786E+02-2.69595E+04-1.67774E+02-1.04213E+04
 -1       148 1.94324E+05 1.13463E+04 7.78699E+03-2.43673E+04 2.34037E+03-7.05170E+03
 -1       149-1.60777E+04 7.13394E+04 3.16013E+04-5.07349E+04-3.25364E+01-1.87828E+01
 -1       150-1.25892E+04 7.52361E+04 2.20441E+04-4.54053E+04-5.09417E+02 5.06149E+03
 -1       151-1.25145E+04 7.52991E+04 2.21742E+04-4.54281E+04 4.32178E+02-5.03682E+03
 -1       152 1.43581E+00 9.20257E-01 3.20727E+01-1.86740E+05 1.81885E+04-3.23193E+01
 -1       153-1.99576E+04-7.10707E+04-1.42018E+04-1.23894E+05 9.75671E+03 3.33810E+03
 -1       154 1.99290E+04 7.11421E+04 1.42027E+04-1.23911E+05 9.76424E+03-3.32837E+03
 -1       155 1.61573E+04-7.13681E+04-3.16519E+04-5.07087E+04 3.48420E+01-6.46739E+01
 -1       156 1.25585E+04-7.53391E+04-2.21341E+04-4.53946E+04-4.37571E+02-5.01836E+03
 -1       157 1.24879E+04-7.52563E+04-2.22176E+04-4.54679E+04 4.46606E+02 4.99272E+03
 -1       158-3.49939E+05 3.59384E+03 4.44314E+03-3.90758E+04 5.32984E+02-8.50673E+03
 -1       159-7.05191E+05 5.61239E+02-1.18310E+02-4.62073E+04-3.98828E+01-1.06834E+04
 -1       160-1.05798E+06-2.27815E+02 1.42677E+02-4.64642E+04 3.27378E+01-1.06143E+04
 -1       161-1.41024E+06 1.26692E+02-6.81964E+01-4.64538E+04 1.11791E+01-1.06315E+04
 -1       162-1.76205E+06-1.41100E+02-1.31504E+01-4.64568E+04 1.03620E+01-1.07499E+04
 -1       163-2.11390E+06 6.51949E+01 3.81085E+00-4.64749E+04-3.52935E+01-1.06626E+04
 -1       164-2.46523E+06 7.55508E+01 2.28910E+01-4.64316E+04 3.20329E+01-1.07803E+04
 -1       165-2.81665E+06 1.80972E+01 1.35139E+01-4.64268E+04 5.26351E+01-1.08231E+04
 -1       166-3.16778E+06 7.27203E+01-1.48917E+01-4.64335E+04-2.09659E+01-1.08685E+04
 -1       167-3.51882E+06-1.42506E+02-1.67857E+00-4.64866E+04 6.63115E+00-1.08322E+04
 -1       168-3.86938E+06-3.95065E+01 6.27516E+00-4.64247E+04 2.98239E+01-1.08373E+04
 -1       169-4.22026E+06 1.78575E+01-7.84673E+01-4.65094E+04 1.58136E+00-1.08488E+04
 -1       170-4.57051E+06 2.32435E+01 2.94278E+01-4.64771E+04 1.84171E+01-1.08599E+04
 -1       171-4.92098E+06-2.81807E+01-6.04296E+00-4.65480E+04 1.01352E+01-1.08768E+04
 -1       172-5.27100E+06 7.56958E+01-3.20802E+01-4.64783E+04-2.70200E+01-1.08730E+04
 -1       173-5.62128E+06-2.54586E+01 3.09130E+01-4.64862E+04 2.05103E+01-1.09193E+04
 -1       174-5.97119E+06 3.17298E+01-5.82571E+01-4.64699E+04 3.93945E+01-1.08934E+04
 -1       175-6.32127E+06 3.87653E+00 3.46055E+01-4.65824E+04 4.20572E+00-1.08734E+04
 -1       176-6.67084E+06 3.67918E+01 6.35722E+01-4.64903E+04-1.36768E+01-1.09462E+04
 -1       177-7.02083E+06-5.13394E+01-2.99091E+00-4.64771E+04-3.83503E+00-1.09568E+04
 -1       178-7.37050E+06 4.59331E+01 3.55406E+01-4.64250E+04-2.63993E+01-1.09549E+04
 -1       179-7.72019E+06 3.12759E+00-1.88115E+01-4.64570E+04 2.05989E+01-1.09674E+04
 -1       180-8.06999E+06-3.45074E+01-1.49999E+01-4.65353E+04 3.74065E+01-1.09740E+04
 -1       181-8.41957E+06-4.43582E+00-2.78489E+01-4.64867E+04-2.17341E+01-1.09376E+04
 -1       182-8.76907E+06-1.84297E+01-9.55271E+00-4.65523E+04 7.16185E+00-1.09440E+04
 -1       183-9.11879E+06 6.56737E+00-1.75523E+01-4.64749E+04 2.08910E+01-1.09110E+04
 -1       184-9.46818E+06 1.67960E+02 1.39239E+02-4.64907E+04 3.45338E+00-1.10196E+04
 -1       185-9.81811E+06-6.32511E+02-3.11148E+02-4.63828E+04-1.17682E+02-1.09289E+04
 -1       186-1.01670E+07 2.51949E+03 1.18168E+03-4.69391E+04 3.90257E+02-1.10395E+04
 -1       187-1.05188E+07-1.01873E+04-5.07202E+03-4.46989E+04-1.33134E+03-1.05590E+04
 -1       188-1.08664E+07 3.71335E+04 1.96942E+04-5.17261E+04 5.22541E+03-1.39701E+04
 -1       189-1.12211E+07-1.67649E+05-1.03388E+05-4.23625E+03-1.81975E+04-1.41124E+04
 -1       190-1.14538E+07 3.52494E+05 2.00303E+05 1.70948E+05 1.25709E+05-3.41916E+05
 -1       191-1.94283E+05-1.13235E+04-7.81545E+03-2.44101E+04-2.39333E+03-7.10055E+03
 -1       192-5.29643E+05-2.14015E+02 4.48076E+02-2.69310E+04 2.14841E+02-1.04475E+04
 -1       193-8.81991E+05-9.10564E+01-1.49781E+02-2.66372E+04-1.55627E+01-1.05728E+04
 -1       194-1.23411E+06-7.68063E+00 6.42185E+01-2.65832E+04 1.67580E+01-1.05981E+04
 -1       195-1.58614E+06 1.26468E+01-2.88269E+01-2.66326E+04-2.31469E+00-1.06524E+04
 -1       196-1.93820E+06-1.06398E+02-9.72928E+01-2.65878E+04 1.32783E+01-1.06373E+04
 -1       197-2.28960E+06 1.19202E+02-3.81959E+01-2.66426E+04 1.15583E+01-1.06431E+04
 -1       198-2.64109E+06 8.00863E+01-4.86016E+01-2.66009E+04 4.92019E+01-1.06996E+04
 -1       199-2.99234E+06 9.68900E+01 4.81867E+00-2.65524E+04 5.19865E+00-1.07280E+04
 -1       200-3.34342E+06 2.59871E+01-2.14746E+00-2.66260E+04-8.18997E+00-1.07630E+04
 -1       201-3.69430E+06-5.66963E+01-1.36366E+01-2.66038E+04 2.03847E+01-1.07144E+04
 -1       202-4.04497E+06 2.94026E+01-2.37463E+01-2.65866E+04 1.40374E+00-1.07153E+04
 -1       203-4.39553E+06 3.79965E+01-3.36948E+01-2.66785E+04 8.43220E+00-1.07224E+04
 -1       204-4.74603E+06-1.46158E+01-4.40770E+01-2.66456E+04 1.02548E+01-1.07223E+04
 -1       205-5.09616E+06 2.95855E+01 8.75115E+00-2.66540E+04 3.39334E+00-1.07012E+04
 -1       206-5.44639E+06 3.86211E+01-8.39256E+00-2.66713E+04 2.87836E+01-1.07530E+04
 -1       207-5.79656E+06-2.87627E+01-3.76743E+01-2.66403E+04 2.03347E+01-1.07228E+04
 -1       208-6.14651E+06 7.04387E+01-4.32476E+01-2.66774E+04-2.03720E+00-1.07661E+04
 -1       209-6.49630E+06 1.07407E+01 4.05631E+01-2.66745E+04 1.44142E+01-1.07358E+04
 -1       210-6.84623E+06-7.76352E+01-2.93514E+01-2.66336E+04 2.44468E+01-1.07729E+04
 -1       211-7.19591E+06 2.35910E+01 7.61066E+01-2.66232E+04-2.02496E+01-1.07739E+04
 -1       212-7.54570E+06 3.56376E+01 1.27723E+01-2.66256E+04-1.47863E+01-1.07749E+04
 -1       213-7.89547E+06 1.11398E+01-4.08034E+01-2.66400E+04 2.30080E+01-1.07848E+04
 -1       214-8.24510E+06-7.83172E+00 2.20636E+00-2.66485E+04 1.39839E+01-1.07787E+04
 -1       215-8.59477E+06-4.30450E+01-7.36821E+01-2.66842E+04-1.98745E+00-1.07468E+04
 -1       216-8.94430E+06 1.20344E+01 1.83643E+01-2.66518E+04 6.95598E+00-1.07505E+04
 -1       217-9.29388E+06 1.12882E+02 5.50664E+01-2.66473E+04 9.15158E+00-1.07744E+04
 -1       218-9.64356E+06-2.20358E+02-5.57352E+01-2.66271E+04-5.63119E+01-1.07961E+04
 -1       219-9.99335E+06 6.92541E+02 2.37661E+02-2.66294E+04 1.36119E+02-1.07344E+04
 -1       220-1.03421E+07-2.83996E+03-1.23904E+03-2.67371E+04-4.79919E+02-1.07568E+04
 -1       221-1.06934E+07 1.18753E+04 6.71708E+03-2.63847E+04 1.97347E+03-1.18188E+04
 -1       222-1.10365E+07-4.77168E+04-3.40534E+04-2.83900E+04-8.48526E+03-1.84503E+03
 -1       223-1.12111E+07 2.45134E+05 1.91125E+05-7.15594E+03 4.22726E+04-5.07249E+04
 -1       224-1.15880E+07-6.80478E+05-6.92876E+05-7.16927E+04-2.37485E+05 7.95163E+05
 -1       225 8.55896E+04 3.32853E+04 3.32854E+04 1.36935E+06 1.46596E+00-1.00135E+04
 -1       226 6.98209E+06 2.71517E+06 2.71518E+06 6.13953E+05-3.58123E+00-1.25432E+06
 -1       227-6.80190E+06-2.64510E+06-2.64511E+06 6.30943E+05-3.54290E+00 1.23879E+06
 -1       228 3.50041E+05-3.63868E+03-4.39893E+03-3.90559E+04 5.34831E+02 8.44396E+03
 -1       229 7.05665E+05-5.77505E+02 7.31125E+01-4.61518E+04-9.92491E+01 1.06329E+04
 -1       230 1.05963E+06 1.17850E+01-1.82128E+02-4.63764E+04-9.87995E+00 1.05276E+04
 -1       231 1.41336E+06-3.88596E+01 7.69819E+01-4.63779E+04 4.77500E+01 1.04557E+04
 -1       232 1.76719E+06-1.21350E+02-5.16411E+01-4.64062E+04-5.40385E+00 1.04455E+04
 -1       233 2.12130E+06 1.48704E+01-8.47273E+01-4.63367E+04-1.18951E+00 1.04473E+04
 -1       234 2.47583E+06-3.83196E+01 3.74050E+01-4.63618E+04-2.05917E+01 1.03603E+04
 -1       235 2.83011E+06-1.53054E+02-6.59159E+01-4.63174E+04 1.78390E+01 1.03172E+04
 -1       236 3.18505E+06 2.49909E+01 3.00492E+01-4.63638E+04 1.84236E+00 1.03500E+04
 -1       237 3.53991E+06 2.96631E+01-1.68471E-01-4.63334E+04 2.00424E+01 1.02842E+04
 -1       238 3.89502E+06-1.30169E+01 2.37151E+01-4.63220E+04-1.02600E+01 1.02473E+04
 -1       239 4.25021E+06 1.13263E+01 4.53491E+01-4.63365E+04 2.55662E+00 1.02655E+04
 -1       240 4.60557E+06-4.21517E+01-8.38318E+01-4.63674E+04 1.36593E+01 1.02144E+04
 -1       241 4.96102E+06 4.50767E+01-1.87672E+01-4.62964E+04-2.60884E+01 1.02310E+04
 -1       242 5.31698E+06 5.58043E+01 8.88108E+01-4.63579E+04 3.00512E+01 1.00762E+04
 -1       243 5.67220E+06-6.80948E+01-7.77799E+01-4.63110E+04 5.07662E+00 1.01777E+04
 -1       244 6.02844E+06 3.02539E+01 8.68581E+00-4.63643E+04-2.30029E+01 1.00994E+04
 -1       245 6.38399E+06-8.69714E+01-4.97817E+01-4.63056E+04 4.25824E+01 1.01130E+04
 -1       246 6.74018E+06-2.09187E+01 2.86595E+01-4.63028E+04 1.33929E+01 1.00674E+04
 -1       247 7.09608E+06-4.33557E+00-6.54347E+01-4.62982E+04-2.52544E+01 1.01258E+04
 -1       248 7.45227E+06 2.85252E+01-4.52066E+00-4.63403E+04 1.25548E+01 1.00931E+04
 -1       249 7.80837E+06-6.04262E+01-1.98335E+01-4.62600E+04-4.48626E+00 1.01076E+04
 -1       250 8.16444E+06-5.48974E+00-2.83503E+01-4.62275E+04-3.17315E+01 1.01562E+04
 -1       251 8.52081E+06 3.79735E+01 4.64081E+01-4.62768E+04-3.59378E+00 1.01167E+04
 -1       252 8.87690E+06-4.11990E+01-3.32131E+01-4.62554E+04 1.65786E+01 1.01286E+04
 -1       253 9.23340E+06 9.47447E+01 8.61129E+01-4.63235E+04-6.99805E+00 1.00437E+04
 -1       254 9.58923E+06-1.73418E+02-6.80611E+01-4.63311E+04 5.43223E+01 1.00759E+04
 -1       255 9.94588E+06 6.31548E+02 2.74186E+02-4.61755E+04-1.16117E+02 1.00212E+04
 -1       256 1.03010E+07-2.57998E+03-1.26398E+03-4.66631E+04 3.64408E+02 1.02307E+04
 -1       257 1.06600E+07 1.02628E+04 5.23332E+03-4.45192E+04-1.35926E+03 9.70943E+03
 -1       258 1.10139E+07-3.74397E+04-2.02767E+04-5.13795E+04 5.31167E+03 1.31127E+04
 -1       259 1.13758E+07 1.69230E+05 1.05817E+05-4.07079E+03-1.84378E+04 1.38013E+04
 -1       260 1.16133E+07-3.55340E+05-2.05175E+05 1.75844E+05 1.27489E+05 3.44075E+05
 -1       261 1.94335E+05 1.13985E+04 7.80343E+03-2.43680E+04-2.38727E+03 7.09092E+03
 -1       262 5.29896E+05 1.78340E+02-4.82054E+02-2.69035E+04 1.39569E+02 1.04322E+04
 -1       263 8.83034E+05 1.38926E+01 1.17508E+02-2.65367E+04-6.56760E+01 1.05775E+04
 -1       264 1.23651E+06-1.18357E+01-1.06826E+02-2.65563E+04-8.23703E+00 1.05068E+04
 -1       265 1.59030E+06-7.03803E+01-3.80892E+01-2.65352E+04-9.87798E-01 1.05128E+04
 -1       266 1.94436E+06-2.71424E+01-6.73666E+01-2.65334E+04-1.97058E+01 1.05139E+04
 -1       267 2.29866E+06 1.45647E+00-6.58473E+01-2.64583E+04-3.39617E+01 1.04867E+04
 -1       268 2.65311E+06-4.26691E+01-7.48629E-02-2.65451E+04-9.09204E+00 1.04577E+04
 -1       269 3.00771E+06-1.19649E+02-7.41874E+00-2.64924E+04-2.78490E+00 1.04562E+04
 -1       270 3.36264E+06 3.45198E+01-1.31002E+01-2.64831E+04 7.60355E+00 1.04045E+04
 -1       271 3.71759E+06-2.15416E+01-5.73148E+01-2.64948E+04-9.99287E+00 1.03802E+04
 -1       272 4.07277E+06-2.67152E+01 2.16850E+01-2.64736E+04-1.98627E+01 1.03870E+04
 -1       273 4.42815E+06 4.93495E+01-6.34679E+00-2.65226E+04 4.24552E+00 1.04028E+04
 -1       274 4.78344E+06-1.90747E+01-9.56899E+01-2.64645E+04-9.64518E+00 1.03608E+04
 -1       275 5.13928E+06 9.56708E+01 1.58960E+01-2.64566E+04 7.40542E+00 1.03026E+04
 -1       276 5.49479E+06-1.90973E+01-1.33552E+01-2.65452E+04 2.56505E+01 1.02965E+04
 -1       277 5.85060E+06-2.37385E+01-1.38452E+00-2.64664E+04-2.88579E+01 1.03258E+04
 -1       278 6.20643E+06-3.86710E+01-4.65090E+01-2.65002E+04-2.43095E+00 1.02349E+04
 -1       279 6.56245E+06 4.40613E+00-3.64361E+00-2.64606E+04 2.86380E+01 1.02746E+04
 -1       280 6.91842E+06-1.56552E+01-3.95906E+01-2.64761E+04-1.76190E+01 1.02927E+04
 -1       281 7.27459E+06 4.62480E+01 2.80935E+01-2.64661E+04 6.38938E+00 1.02880E+04
 -1       282 7.63061E+06-2.94319E+01-5.12072E+01-2.64303E+04 2.01568E+01 1.02740E+04
 -1       283 7.98675E+06-4.19996E+01-7.85290E+00-2.64208E+04-2.29014E+01 1.03094E+04
 -1       284 8.34305E+06 3.42445E+01 2.23172E+01-2.64077E+04-2.97735E+01 1.03198E+04
 -1       285 8.69923E+06-7.58741E+00-1.51066E+01-2.64211E+04 6.88327E+00 1.03015E+04
 -1       286 9.05556E+06 1.69630E+01 3.03823E+01-2.64396E+04 7.46465E+00 1.02969E+04
 -1       287 9.41177E+06-1.26917E+01 1.01643E+01-2.64847E+04 1.81654E+01 1.02267E+04
 -1       288 9.76784E+06 1.45131E+02 2.62483E+01-2.64422E+04-2.75252E+01 1.02895E+04
 -1       289 1.01243E+07-7.19791E+02-2.85611E+02-2.64174E+04 1.26848E+02 1.02116E+04
 -1       290 1.04799E+07 2.88808E+03 1.33381E+03-2.64793E+04-5.10925E+02 1.03035E+04
 -1       291 1.08376E+07-1.20657E+04-6.99019E+03-2.61649E+04 1.99290E+03 1.13605E+04
 -1       292 1.11877E+07 4.82747E+04 3.47886E+04-2.82611E+04-8.61551E+03 1.34401E+03
 -1       293 1.13663E+07-2.47785E+05-1.94607E+05-6.41986E+03 4.29133E+04 5.04752E+04
 -1       294 1.17504E+07 6.90254E+05 7.02629E+05-8.27326E+04-2.40819E+05-7.96478E+05
 -1       295-1.22541E+07-4.76557E+06-4.76556E+06-1.40345E+06-1.03075E-02 9.37637E+03
 -1       296-1.28425E+07-4.99424E+06-4.99424E+06-1.07373E+06-2.68761E+00 1.22285E+06
 -1       297-1.29387E+07-5.03164E+06-5.03164E+06-1.09122E+06 2.73763E+00-1.21447E+06
 -1       298 1.22541E+07 4.76556E+06 4.76555E+06-1.40342E+06 1.02870E-02 9.11427E+03
 -1       299 1.29385E+07 5.03158E+06 5.03158E+06-1.09109E+06-2.73784E+00-1.21471E+06
 -1       300 1.28427E+07 4.99429E+06 4.99430E+06-1.07382E+06 2.68779E+00 1.22260E+06
 -1       301-8.57677E+04-4.07363E+03 1.24160E+03-1.83892E+05-2.38812E+04 1.86530E+03
 -1       302-7.71483E+04 1.33454E+02-9.80490E+02-2.29995E+05 3.06589E+04-1.51561E+02
 -1       303-7.36316E+04 3.23089E+01 3.21508E+02-2.07732E+05-6.16526E+03-3.71210E+02
 -1       304-7.05475E+04-2.85230E+00-8.03967E+01-2.09569E+05 1.57934E+03-3.29343E+02
 -1       305-6.72545E+04 3.69857E+01-9.19379E+00-2.08839E+05-3.77238E+02-3.32338E+02
 -1       306-6.38608E+04-3.09559E+01-3.02473E+00-2.08990E+05 9.47748E+01-3.33320E+02
 -1       307-6.05522E+04 3.27848E+01 1.43864E+01-2.08951E+05-2.94764E+01-2.93336E+02
 -1       308-5.70950E+04-2.66416E+01 1.64301E+01-2.08989E+05-2.02813E+00-3.36502E+02
 -1       309-5.39967E+04-2.87868E+01-1.51335E+01-2.08941E+05 2.10145E+01-3.22851E+02
 -1       310-5.05916E+04 6.42559E+01 1.32648E+01-2.08939E+05 2.44141E+00-2.93012E+02
 -1       311-4.72864E+04-4.04417E+01-1.30488E+01-2.08958E+05-9.69734E+00-3.42128E+02
 -1       312-4.41577E+04-3.47299E+01-2.84770E+01-2.08921E+05 7.99783E+00-3.08940E+02
 -1       313-4.08482E+04 1.10101E+02 3.61709E+01-2.08950E+05-2.39909E+00-2.94765E+02
 -1       314-3.75421E+04 6.07639E+01 5.94852E+01-2.08962E+05-1.06454E+00-3.66281E+02
 -1       315-3.45895E+04-5.08798E+01-1.71268E+01-2.08947E+05-6.66068E+00-3.22992E+02
 -1       316-3.16197E+04 3.57991E+01-1.25921E+01-2.08957E+05-3.32109E+01-2.79699E+02
 -1       317-2.84498E+04 1.30636E+01 1.48963E+01-2.08953E+05 1.07402E+00-2.61135E+02
 -1       318-2.56711E+04-1.02311E+02-4.53946E+01-2.08923E+05 9.71853E+00-2.56422E+02
 -1       319-2.27220E+04 1.29308E+02 6.29675E+01-2.08948E+05 4.78041E+01-3.08283E+02
 -1       320-2.01370E+04 1.73344E+01 9.80196E+00-2.08896E+05 3.49795E+01-2.57674E+02
 -1       321-1.73987E+04 7.76666E+01 3.31124E+01-2.08881E+05-2.48742E+01-2.67718E+02
 -1       322-1.51594E+04 2.36732E+01-1.50558E+01-2.08894E+05 3.11280E+01-2.16884E+02
 -1       323-1.26227E+04 3.89815E+01-4.91870E+00-2.08859E+05 3.95446E+00-2.06182E+02
 -1       324-1.05429E+04 3.15274E+01-8.51310E+00-2.08908E+05-3.55423E+00-2.51520E+02
 -1       325-8.67650E+03 3.61176E+01 1.63369E+01-2.08874E+05 1.47281E+01-1.63718E+02
 -1       326-6.65441E+03 3.20019E+01 1.12058E+02-2.08825E+05 2.52949E+01-1.74864E+02
 -1       327-5.23536E+03 8.26650E+00-4.60613E+00-2.08852E+05 4.14455E+01-1.51989E+02
 -1       328-3.69928E+03 1.03959E+02-3.46905E+00-2.08800E+05-5.87814E+01-1.48040E+02
 -1       329-2.40822E+03 6.65056E+01 4.67501E+01-2.08847E+05 1.85600E+01-1.38247E+02
 -1       330-1.64739E+03 6.53643E+01 1.14359E+01-2.08831E+05-2.54609E+01-1.04347E+02
 -1       331-6.73746E+02 5.19389E+01 3.65962E+00-2.08776E+05 7.20580E+01-9.10012E+01
 -1       332-4.20905E+02-5.51309E+01-5.06621E+01-2.09164E+05-1.13873E+02-3.21236E+01
 -1       333 2.98419E+01 1.86256E+02 4.26302E+01-2.15199E+05 1.74771E+02-1.10034E+01
 -1       334 5.78512E+06 1.71676E+05 4.80088E+03 5.49909E+04-6.10537E+04-2.13976E+05
 -1       335-8.18936E+04-6.89526E+03-5.18051E+03 4.13993E+05 2.57225E+05-4.55176E+03
 -1       336 5.52618E+06 1.75821E+04 2.15812E+04-1.37879E+05 2.17433E+04-3.17655E+03
 -1       337-7.77438E+04 4.72611E+01 2.09034E+03-7.19351E+04 5.13442E+03 3.34555E+02
 -1       338 5.41012E+06-2.93680E+02-2.09267E+03-1.29462E+05-4.98608E+03-4.38025E+03
 -1       339-7.55621E+04 4.84059E+01-3.70637E+02-1.99502E+05 8.54785E+03-2.04720E+02
 -1       340 5.22120E+06 8.87984E+02 8.58664E+02-1.32447E+05 1.27632E+03-2.49795E+03
 -1       341-7.21475E+04-2.80809E+01 7.96970E+01-1.85753E+05-2.11733E+03-1.41502E+02
 -1       342 5.05102E+06-2.29202E+02-2.12982E+02-1.31801E+05-3.29608E+02-2.51722E+03
 -1       343-6.88953E+04 3.06928E+01-3.21933E+01-1.89837E+05 5.52475E+02-1.53408E+02
 -1       344 4.87715E+06 2.77074E+01 1.32123E+01-1.31979E+05 9.33881E+01-2.52686E+03
 -1       345-6.55406E+04 3.44551E+00 7.57630E-01-1.88950E+05-1.31985E+02-1.43444E+02
 -1       346 4.70430E+06 2.85520E+01 1.17734E+01-1.31909E+05-1.95826E+01-2.49390E+03
 -1       347-6.22445E+04-3.01142E+01-3.74579E+01-1.89156E+05 3.39945E+01-1.22324E+02
 -1       348 4.53113E+06-2.46959E+01 1.76947E+01-1.31960E+05 4.68581E+00-2.55111E+03
 -1       349-5.87790E+04 4.98843E+01 7.19163E+01-1.89121E+05-2.39357E+01-1.23721E+02
 -1       350 4.35786E+06-1.02596E+01-2.77866E+01-1.31903E+05-6.28573E+00-2.52341E+03
 -1       351-5.55899E+04-7.95161E+01-4.60636E+01-1.89124E+05 1.55144E+01-1.47495E+02
 -1       352 4.18479E+06 5.07494E+01 5.66657E+01-1.31909E+05 1.43284E+01-2.53430E+03
 -1       353-5.23011E+04 4.42618E+01 4.44384E+00-1.89099E+05 7.99567E+00-1.16924E+02
 -1       354 4.01158E+06-1.41143E+01-2.60028E+00-1.31922E+05-8.28276E-02-2.55062E+03
 -1       355-4.88999E+04 1.48152E+01 1.40039E+01-1.89092E+05-3.11543E+00-1.39871E+02
 -1       356 3.83822E+06-4.17686E+01-3.64808E+01-1.31908E+05-8.55356E+00-2.51205E+03
 -1       357-4.57633E+04-6.80247E+01-6.03314E+01-1.89095E+05 4.92299E+00-1.33399E+02
 -1       358 3.66515E+06 6.49278E+01 2.66678E+01-1.31921E+05-2.96339E+00-2.52310E+03
 -1       359-4.25224E+04 3.40643E+01 1.12237E+01-1.89095E+05 5.58392E-01-1.18053E+02
 -1       360 3.49182E+06 2.12603E-01-1.48363E+01-1.31934E+05 1.27180E+01-2.52789E+03
 -1       361-3.91394E+04 1.11911E+02 8.75851E+01-1.89114E+05-1.04223E+01-1.56223E+02
 -1       362 3.31844E+06-2.70881E+01-3.59352E-02-1.31894E+05 1.74343E+01-2.51438E+03
 -1       363-3.61453E+04-3.25298E+01-1.91218E+01-1.89103E+05 2.16325E+00-1.71000E+02
 -1       364 3.14494E+06 3.37706E+01-2.25190E+01-1.31925E+05-4.45998E+01-2.47087E+03
 -1       365-3.30904E+04-4.85092E+00-2.91257E+01-1.89103E+05-1.83325E+01-1.38369E+02
 -1       366 2.97165E+06 6.96821E+01 8.19457E+01-1.31925E+05 6.30972E+00-2.48680E+03
 -1       367-3.00406E+04 2.23924E+01 2.73742E+00-1.89132E+05-4.26137E+00-8.74227E+01
 -1       368 2.79797E+06-1.70130E+01 1.77145E+01-1.31893E+05 2.81243E+01-2.46388E+03
 -1       369-2.70730E+04-7.56229E+01-4.79574E+01-1.89086E+05 5.19402E+00-1.12536E+02
 -1       370 2.62442E+06 3.03926E+01 1.05270E+01-1.31901E+05 1.80745E+01-2.50220E+03
 -1       371-2.41382E+04 1.25414E+01 3.66670E+01-1.89092E+05 2.07897E+01-1.17494E+02
 -1       372 2.45046E+06-7.91081E+01-4.60166E+01-1.31891E+05 4.55702E+01-2.47408E+03
 -1       373-2.15137E+04 3.34563E+01 1.56825E+00-1.89087E+05 4.21254E+01-1.55512E+02
 -1       374 2.27679E+06 7.88107E+01 2.55698E+01-1.31876E+05 1.55715E+01-2.44030E+03
 -1       375-1.87582E+04 2.42597E+01-3.23629E+01-1.89038E+05-7.91306E+00-9.23994E+01
 -1       376 2.10264E+06 5.79534E+01 2.30196E+01-1.31848E+05 6.59987E+00-2.47084E+03
 -1       377-1.62859E+04 3.78694E+01 8.80270E+00-1.89053E+05-7.21003E+00-1.11749E+02
 -1       378 1.92856E+06 1.89255E+01-3.02511E+01-1.31824E+05 4.77969E+00-2.41825E+03
 -1       379-1.39247E+04-2.11744E+01-5.27640E+01-1.89013E+05 7.68203E+00-7.08616E+01
 -1       380 1.75421E+06 4.41586E+01 1.92418E+01-1.31865E+05-6.47691E+00-2.42253E+03
 -1       381-1.15902E+04 1.14361E+01-3.22493E+00-1.89054E+05 7.90898E+00-1.01200E+02
 -1       382 1.57977E+06 6.77178E+01 6.32635E+01-1.31770E+05 3.17115E+01-2.41289E+03
 -1       383-9.61741E+03 2.48765E+01 1.81496E+01-1.89048E+05 8.20617E+00-1.16423E+02
 -1       384 1.40499E+06-1.75277E+00-9.47220E-02-1.31830E+05 3.86476E+01-2.37903E+03
 -1       385-7.64861E+03 3.42518E+01 5.21600E+01-1.88982E+05 2.67366E+01-6.84319E+01
 -1       386 1.23026E+06 8.41625E+01 4.20634E+01-1.31801E+05 4.23412E+01-2.34368E+03
 -1       387-5.95919E+03-1.74897E+01 2.21025E+00-1.89003E+05 2.29968E+01-6.78186E+01
 -1       388 1.05512E+06-3.96162E+00-2.16424E+01-1.31792E+05-2.64147E+01-2.34849E+03
 -1       389-4.45332E+03 3.82209E+01 6.42134E+00-1.88945E+05-1.03366E+01-6.47373E+01
 -1       390 8.79912E+05 2.74740E+00 5.76405E+01-1.31797E+05 4.03088E+01-2.34370E+03
 -1       391-3.09095E+03 6.29483E+01 4.17281E+00-1.88999E+05 1.27396E+00-6.64241E+01
 -1       392 7.04360E+05 6.70644E+01 5.65692E+01-1.31790E+05 3.94727E+00-2.30515E+03
 -1       393-2.07211E+03 4.21537E+01-4.68723E+00-1.88991E+05-8.38856E-01-7.26058E+01
 -1       394 5.28660E+05-1.17198E+01-5.36210E+01-1.31716E+05 5.36841E+01-2.29661E+03
 -1       395-1.17653E+03 2.96805E+01-2.30413E+01-1.88954E+05 1.07291E+01-4.83004E+01
 -1       396 3.52680E+05-3.93952E+01 3.11647E+02-1.31821E+05-3.71746E+01-2.25936E+03
 -1       397-5.23047E+02 1.61437E+01-1.29590E+01-1.88975E+05-1.36882E+01-4.95811E+01
 -1       398 1.66819E+05-6.73363E+03-6.13317E+03-1.30953E+05-9.23205E+01-2.52355E+03
 -1       399-1.86243E+02 3.10549E+01-8.03502E+00-1.88036E+05 7.16776E+01-2.00251E+01
 -1       400 1.38824E+01 8.64586E+01 6.52747E-01-1.87466E+05-4.42729E+03 1.35842E+01
 -1       401-5.95107E+06-1.74550E+05-1.44864E+03 5.61769E+04-6.16152E+04 2.15469E+05
 -1       402-5.68129E+06-1.84126E+04-2.39564E+04-1.37595E+05 2.18353E+04 3.20365E+03
 -1       403-5.55752E+06 4.43102E+02 2.66067E+03-1.29257E+05-5.00743E+03 3.62622E+03
 -1       404-5.36225E+06-8.88763E+02-9.90509E+02-1.32297E+05 1.29398E+03 1.89150E+03
 -1       405-5.18549E+06 2.61038E+02 2.39181E+02-1.31612E+05-3.30790E+02 1.87213E+03
 -1       406-5.00494E+06-8.15052E+01-5.73403E+01-1.31789E+05 8.64816E+01 1.93866E+03
 -1       407-4.82531E+06 4.03701E+01 1.92823E+01-1.31772E+05-1.99824E+01 1.92557E+03
 -1       408-4.64545E+06-2.85726E+01 1.95314E+01-1.31763E+05-7.91422E+00 1.88693E+03
 -1       409-4.46577E+06-1.24664E+00-3.73884E+01-1.31767E+05 1.63385E+01 1.94341E+03
 -1       410-4.28598E+06 8.66038E-02 4.87990E-01-1.31723E+05-2.06215E-01 1.91409E+03
 -1       411-4.10621E+06-1.74847E+01-4.30695E+00-1.31759E+05-1.09924E+01 1.92763E+03
 -1       412-3.92656E+06-8.95651E+00 7.61791E+00-1.31728E+05 2.20615E+00 1.95823E+03
 -1       413-3.74674E+06 7.51578E+01 2.39640E+01-1.31769E+05 5.67441E+00 1.95419E+03
 -1       414-3.56710E+06 4.39170E+01 8.27169E+00-1.31748E+05 7.89880E+00 1.88852E+03
 -1       415-3.38756E+06 2.59046E+01 2.28078E+01-1.31756E+05-1.60999E+01 1.88310E+03
 -1       416-3.20813E+06-1.98725E+01 2.71747E+00-1.31777E+05-1.06129E+01 1.92506E+03
 -1       417-3.02860E+06-8.38193E+01-4.68839E+01-1.31785E+05-1.49355E+00 1.93669E+03
 -1       418-2.84932E+06-8.90368E+01-7.66465E+01-1.31750E+05 1.53775E+00 1.97468E+03
 -1       419-2.66981E+06 1.17241E+02 4.22454E+01-1.31779E+05 1.65985E+01 1.95863E+03
 -1       420-2.49084E+06 2.92016E+01 4.33629E+00-1.31732E+05 2.61637E+01 1.96111E+03
 -1       421-2.31161E+06 4.93702E+01 4.68699E+01-1.31743E+05-1.45226E+01 1.96217E+03
 -1       422-2.13290E+06-3.18024E+01-6.02837E+01-1.31722E+05-3.83809E+00 2.02492E+03
 -1       423-1.95393E+06-1.86806E+01-7.17803E+00-1.31701E+05-7.04500E+00 2.02515E+03
 -1       424-1.77538E+06-1.12268E+01-4.40414E+01-1.31739E+05 7.54575E+00 2.01644E+03
 -1       425-1.59692E+06-2.66166E+01-2.55670E+01-1.31736E+05 3.39033E+01 2.05868E+03
 -1       426-1.41857E+06 4.48309E+01 7.15922E+01-1.31717E+05-1.60760E-02 2.05272E+03
 -1       427-1.24056E+06 1.32168E+01-5.92382E+01-1.31698E+05 9.91762E+00 2.09203E+03
 -1       428-1.06255E+06 6.03754E+01 3.64740E+01-1.31691E+05-1.26044E+01 2.08389E+03
 -1       429-8.84883E+05 1.91943E+01-1.27709E+01-1.31752E+05 2.30332E+01 2.13287E+03
 -1       430-7.07582E+05-3.75010E+01-7.16199E+01-1.31728E+05 1.29861E+01 2.09495E+03
 -1       431-5.30139E+05-1.05049E-01 9.04907E+01-1.31708E+05 3.35611E+01 2.14096E+03
 -1       432-3.53379E+05 1.07864E+02-3.40669E+02-1.31773E+05-4.26489E+01 2.18646E+03
 -1       433-1.66883E+05 6.75951E+03 6.11179E+03-1.30963E+05-9.04697E+01 2.50862E+03
 -1       434-3.29354E+01 3.36211E+01 4.12441E+01-1.67398E+05 2.84366E+00-3.79221E+01
 -1       435-1.80880E+04-7.35439E+04-2.59322E+04-1.12663E+05 3.25400E+01-3.18016E+01
 -1       436 5.80265E+00-1.57619E+01 4.95026E+00-1.68484E+05-1.27566E+04-5.62065E+01
 -1       437 5.91361E+01 4.51415E+01 7.35469E+01-1.68510E+05 1.27533E+04-1.31112E+01
 -1       438 1.81047E+04 7.35746E+04 2.59789E+04-1.12707E+05-3.62252E+01-3.64115E+01
 -1       439 9.99768E+00-7.90314E+01-9.16293E+00-2.15158E+05-1.52005E+02-1.07699E+01
 -1       440 2.16099E+02-1.15871E+02 4.13316E+01-2.09091E+05 2.06131E+02-6.14431E+01
 -1       441 7.92759E+02-4.30328E+01-6.45298E+01-2.08704E+05-3.72726E+00-5.93806E+01
 -1       442 1.48459E+03-5.67053E+01-1.13085E+01-2.08695E+05 3.25258E+01-5.45626E+01
 -1       443 2.68186E+03 6.60154E+00 1.07959E+02-2.08700E+05 5.47171E+01-9.43912E+01
 -1       444 3.75619E+03-8.24765E+01-1.39372E+01-2.08645E+05 5.15097E+01-1.72518E+02
 -1       445 5.03722E+03-7.05414E+01-5.65731E+01-2.08668E+05-5.85941E+01-1.54072E+02
 -1       446 6.81659E+03-1.19621E+02-6.52694E+01-2.08664E+05 2.49217E+01-1.29864E+02
 -1       447 8.53613E+03-6.05009E+01-5.92917E+01-2.08627E+05-3.16932E+00-1.34652E+02
 -1       448 1.04773E+04-1.43593E+01 6.37132E+00-2.08635E+05 2.81922E+01-1.70130E+02
 -1       449 1.29709E+04-5.48051E+01 5.66564E+01-2.08575E+05-2.81178E+01-2.46942E+02
 -1       450 1.48857E+04-9.74622E+01-4.41653E+01-2.08582E+05-3.35537E+01-2.52088E+02
 -1       451 1.74970E+04 2.55756E+01-7.97072E+00-2.08616E+05 3.59314E+01-2.41426E+02
 -1       452 2.00973E+04-1.00785E+02-4.44793E+01-2.08603E+05 8.45744E+00-2.42302E+02
 -1       453 2.28084E+04 5.96762E+01 5.48870E+01-2.08570E+05-2.29301E+01-2.83805E+02
 -1       454 2.56102E+04-7.48244E+01-3.52171E+01-2.08574E+05 3.48359E+00-3.16158E+02
 -1       455 2.84559E+04-3.93913E+01-2.49337E+01-2.08562E+05-4.22318E+00-2.76018E+02
 -1       456 3.15189E+04 1.01256E+01 3.87265E+01-2.08581E+05 1.89702E+01-3.18116E+02
 -1       457 3.45171E+04 4.26267E+01-2.36432E+01-2.08590E+05 1.32893E+01-3.16224E+02
 -1       458 3.77227E+04-3.14032E+01-1.01700E+01-2.08574E+05 1.29093E+01-3.03472E+02
 -1       459 4.08973E+04-6.15589E+01 1.87522E+01-2.08516E+05 1.77152E+01-3.60407E+02
 -1       460 4.39519E+04-7.36609E+01-5.13489E+01-2.08521E+05-1.92671E+01-2.96219E+02
 -1       461 4.73027E+04-3.61775E+01-2.09723E+01-2.08535E+05-8.28861E+00-2.94579E+02
 -1       462 5.05492E+04 5.25638E+01-5.55398E+00-2.08508E+05 6.60246E+00-3.16870E+02
 -1       463 5.39237E+04-4.04690E+00 6.39865E+00-2.08525E+05-1.32287E+01-2.80560E+02
 -1       464 5.74004E+04-7.93730E-01 5.01830E+01-2.08530E+05 1.59729E+00-3.48640E+02
 -1       465 6.04860E+04 7.78018E+00-6.38453E+00-2.08525E+05 2.65894E+01-3.53446E+02
 -1       466 6.38000E+04 1.18194E+01 5.07587E+00-2.08542E+05-7.38034E+01-3.31310E+02
 -1       467 6.71270E+04-3.04668E+01-4.99744E+01-2.08417E+05 3.46615E+02-3.13691E+02
 -1       468 7.05153E+04 1.26661E+01 6.04791E+01-2.09115E+05-1.55675E+03-2.90052E+02
 -1       469 7.38471E+04-6.48093E+00-2.79961E+02-2.07285E+05 6.15052E+03-3.58106E+02
 -1       470 7.72430E+04-7.73678E+01 1.06128E+03-2.29537E+05-3.06459E+04-1.90613E+02
 -1       471 8.57450E+04 4.03616E+03-1.22846E+03-1.83431E+05 2.38847E+04 1.75169E+03
 -1       472 1.66866E+05-6.82467E+03-6.10745E+03-1.30928E+05 1.32045E+02 2.50811E+03
 -1       473-2.45279E+01-5.28459E+01-4.19384E+01-1.87451E+05 4.46770E+03-1.30703E+01
 -1       474 3.53231E+05-1.95240E+02 2.49434E+02-1.31760E+05 8.18639E+01 2.18945E+03
 -1       475 1.43966E+02-7.54809E+01 3.81660E+01-1.87990E+05-2.35869E+01-2.66736E+01
 -1       476 5.30152E+05-1.14673E+02-1.88052E+02-1.31646E+05-1.09508E+00 2.18915E+03
 -1       477 5.14223E+02-4.89112E+01 1.44860E+01-1.88905E+05 8.93052E+01-1.43159E+01
 -1       478 7.07450E+05-4.99923E+01 1.82054E+00-1.31639E+05 6.15946E+01 2.14581E+03
 -1       479 1.19057E+03 5.34282E+00 2.28090E+01-1.88849E+05 3.45920E+00-1.38635E+01
 -1       480 8.84971E+05-1.10090E+02 1.19152E+00-1.31646E+05 2.94907E+01 2.12634E+03
 -1       481 2.07812E+03-1.10315E+01 4.65974E+01-1.88851E+05 2.09489E+01-2.46630E+01
 -1       482 1.06260E+06-2.49550E+01-3.60067E+01-1.31598E+05 3.57842E+01 2.08990E+03
 -1       483 3.16740E+03-4.82787E+01 3.46815E+01-1.88803E+05 3.48474E+01-5.13555E+01
 -1       484 1.24051E+06-2.43712E+01 6.71542E+00-1.31615E+05-6.93417E+00 2.05845E+03
 -1       485 4.44543E+03-1.48516E+01 8.14775E+00-1.88798E+05 6.15329E+00-7.58525E+01
 -1       486 1.41856E+06-1.54987E+02-6.97473E+01-1.31577E+05 4.51871E+01 2.06716E+03
 -1       487 6.01918E+03 1.84364E+01 6.49723E+01-1.88849E+05-1.32888E+01-6.38631E+01
 -1       488 1.59689E+06-3.27302E+01-4.10755E+01-1.31609E+05 1.31975E+01 2.06582E+03
 -1       489 7.60977E+03-1.19635E+02-8.64739E+01-1.88776E+05 1.17450E+01-5.09535E+01
 -1       490 1.77528E+06-8.40995E+00 2.18693E+01-1.31588E+05 2.89808E+01 2.03182E+03
 -1       491 9.60242E+03 3.36473E+01 1.60917E+01-1.88785E+05 9.81086E+00-3.39825E+01
 -1       492 1.95413E+06-1.33712E+01 4.25696E+01-1.31513E+05-1.66400E+01 2.00475E+03
 -1       493 1.17333E+04-3.88620E+00 4.66233E+01-1.88760E+05 3.53631E+00-7.02995E+01
 -1       494 2.13268E+06-6.55606E+01-3.10613E+01-1.31557E+05-6.09444E+00 1.98409E+03
 -1       495 1.38676E+04-8.84568E+01-3.28527E+00-1.88737E+05-2.91166E+01-1.29756E+02
 -1       496 2.31170E+06 9.45536E-01-2.10927E+01-1.31564E+05 3.73866E+01 1.97761E+03
 -1       497 1.62741E+04 2.54013E+01 2.30050E+01-1.88775E+05-2.51551E+00-9.79091E+01
 -1       498 2.49073E+06-1.78913E+01 5.03677E+00-1.31549E+05 4.94182E+00 1.99769E+03
 -1       499 1.87397E+04-3.14760E+01-4.81269E+00-1.88740E+05 2.42392E+01-1.10534E+02
 -1       500 2.67003E+06 2.67610E+01 3.26418E+01-1.31547E+05 2.99682E+00 1.90315E+03
 -1       501 2.15048E+04 4.49411E+00 1.37371E+01-1.88736E+05-1.49757E+01-1.15082E+02
 -1       502 2.84911E+06-4.94871E+01-4.39919E+01-1.31498E+05 1.32969E+01 1.92513E+03
 -1       503 2.42633E+04 2.70635E+01 3.68439E+01-1.88746E+05 4.42005E+00-1.34918E+02
 -1       504 3.02868E+06 2.91363E+01 2.36083E+01-1.31554E+05 2.21199E+00 1.92360E+03
 -1       505 2.69449E+04-9.47891E+01-2.91675E+01-1.88714E+05 3.62373E-01-1.25169E+02
 -1       506 3.20796E+06-5.16493E+01-3.79035E+01-1.31517E+05 2.61931E+01 1.90762E+03
 -1       507 3.00614E+04 5.80941E+01 5.61081E+01-1.88743E+05 1.17053E+01-1.41178E+02
 -1       508 3.38757E+06 2.13183E+00 1.97196E+00-1.31522E+05 2.78248E+01 1.87092E+03
 -1       509 3.30219E+04 4.21309E+01 2.98269E+01-1.88747E+05 4.62642E+00-1.42960E+02
 -1       510 3.56712E+06-2.62438E+01-1.96662E+01-1.31509E+05-2.77989E+00 1.92505E+03
 -1       511 3.61205E+04 1.38488E+00 6.06599E+00-1.88732E+05 4.19103E+00-1.31941E+02
 -1       512 3.74684E+06-1.26231E+01-2.35980E+00-1.31486E+05 3.12788E+00 1.89765E+03
 -1       513 3.93062E+04-6.30681E+01-1.23740E+01-1.88699E+05 1.89160E+01-1.64572E+02
 -1       514 3.92646E+06-5.77623E+01-2.43052E+01-1.31478E+05-5.14345E+00 1.91102E+03
 -1       515 4.24137E+04-6.30365E+01-3.30787E+01-1.88671E+05 2.88752E+00-1.60417E+02
 -1       516 4.10614E+06-2.89478E+01-2.64601E+01-1.31478E+05-1.51808E+01 1.92715E+03
 -1       517 4.56733E+04-1.77210E+01-5.01732E+00-1.88686E+05-8.82202E+00-1.07162E+02
 -1       518 4.28596E+06 5.91109E+01 1.48150E+01-1.31474E+05 4.88578E+00 1.91726E+03
 -1       519 4.89465E+04 1.01085E+01-1.21351E+01-1.88676E+05-3.67729E+00-1.18953E+02
 -1       520 4.46572E+06-1.96431E+01-7.40447E-01-1.31484E+05 5.60101E+00 1.94173E+03
 -1       521 5.22495E+04 3.27102E+01 1.02235E+01-1.88675E+05-8.96156E-01-1.08482E+02
 -1       522 4.64568E+06 1.85522E+01 4.68225E+01-1.31502E+05 2.30528E-01 1.87441E+03
 -1       523 5.56399E+04-1.43574E+01 2.84972E+01-1.88674E+05-1.12590E+01-1.19094E+02
 -1       524 4.82522E+06-3.26326E+01-3.26203E+01-1.31467E+05 3.04319E+01 1.87138E+03
 -1       525 5.89382E+04 1.74256E+01 1.21193E+01-1.88691E+05 1.95280E+01-1.64808E+02
 -1       526 5.00503E+06 1.02285E+02 9.17446E+01-1.31508E+05-8.30371E+01 1.87778E+03
 -1       527 6.21311E+04-3.76066E+00 2.79726E+00-1.88707E+05-3.03580E+01-1.59835E+02
 -1       528 5.18520E+06-3.05329E+02-3.06926E+02-1.31354E+05 3.13561E+02 1.88638E+03
 -1       529 6.54846E+04-7.41345E+00-2.64014E+01-1.88524E+05 1.36188E+02-1.42731E+02
 -1       530 5.36242E+06 9.53114E+02 1.02787E+03-1.32001E+05-1.28942E+03 1.89396E+03
 -1       531 6.88307E+04-1.39150E+01-2.80330E-01-1.89384E+05-5.57363E+02-1.15668E+02
 -1       532 5.55747E+06-4.91757E+02-2.69358E+03-1.28976E+05 5.02825E+03 3.64389E+03
 -1       533 7.21778E+04-2.21525E+00-1.02685E+02-1.85322E+05 2.11818E+03-1.01303E+02
 -1       534 5.68148E+06 1.85058E+04 2.40057E+04-1.37275E+05-2.18444E+04 3.16721E+03
 -1       535 7.57431E+04 1.89909E+01 4.73456E+02-1.99039E+05-8.54675E+03-2.18287E+02
 -1       536 5.95104E+06 1.74478E+05 1.44945E+03 5.64747E+04 6.16122E+04 2.15378E+05
 -1       537 7.77961E+04-3.06203E+01-2.05406E+03-7.14721E+04-5.13130E+03 2.52552E+02
 -1       538 8.17629E+04 6.85381E+03 5.15978E+03 4.14347E+05-2.57219E+05-4.59640E+03
 -1       539-1.66813E+05 6.70962E+03 6.07931E+03-1.30946E+05 1.04457E+02-2.54104E+03
 -1       540-3.52768E+05 7.50954E+01-2.26261E+02-1.31788E+05 1.25286E+02-2.26895E+03
 -1       541-5.28567E+05-5.33745E+01 7.47039E+01-1.31684E+05-2.38670E+01-2.28545E+03
 -1       542-7.04432E+05 3.74098E+01 1.55026E+01-1.31700E+05 1.54252E+01-2.24476E+03
 -1       543-8.79713E+05-1.64218E+01 6.08156E+01-1.31702E+05 1.38385E+01-2.32367E+03
 -1       544-1.05515E+06-1.88546E+01-1.78257E+01-1.31683E+05-4.63590E+00-2.33744E+03
 -1       545-1.23021E+06-2.79168E+01-2.98833E+00-1.31671E+05-3.22833E+01-2.37395E+03
 -1       546-1.40497E+06-2.61065E+00 4.77421E+01-1.31677E+05 1.14849E+01-2.35635E+03
 -1       547-1.57969E+06 3.73664E+01 2.47175E+01-1.31633E+05-1.59570E+01-2.38933E+03
 -1       548-1.75431E+06-7.47300E+01-1.54087E+01-1.31678E+05 8.41769E+00-2.38690E+03
 -1       549-1.92834E+06-7.23224E+01 1.41250E+01-1.31661E+05 1.96373E+00-2.42724E+03
 -1       550-2.10281E+06-1.60980E+01-2.51000E+01-1.31668E+05-2.50181E+01-2.45196E+03
 -1       551-2.27666E+06 2.52789E+01 1.43734E+01-1.31693E+05 1.07366E+01-2.42575E+03
 -1       552-2.45059E+06-5.46327E+01-1.28551E+01-1.31698E+05-9.84654E+00-2.44410E+03
 -1       553-2.62429E+06 7.33009E+01 1.95607E+01-1.31664E+05-1.95906E+01-2.45756E+03
 -1       554-2.79802E+06-5.96999E+01 1.09928E+01-1.31697E+05 9.85859E+00-2.48563E+03
 -1       555-2.97155E+06-7.22798E+00-1.09981E+01-1.31646E+05 5.21163E+00-2.47168E+03
 -1       556-3.14511E+06-3.48689E+00 1.89727E+01-1.31726E+05 1.56536E+01-2.46374E+03
 -1       557-3.31839E+06 4.69916E+01 2.58052E+01-1.31683E+05-1.19109E+01-2.48385E+03
 -1       558-3.49179E+06-3.52879E+01-1.46365E+01-1.31675E+05-5.94204E+00-2.48958E+03
 -1       559-3.66505E+06-1.94306E+01 9.63318E+00-1.31636E+05 1.01600E+01-2.53740E+03
 -1       560-3.83835E+06-1.26582E+01-2.61609E-01-1.31621E+05-2.22690E+00-2.51518E+03
 -1       561-4.01161E+06-2.45510E+01-5.84677E+00-1.31660E+05 3.39999E+00-2.51180E+03
 -1       562-4.18480E+06 4.81409E+00-2.12804E+01-1.31637E+05-6.79987E+00-2.49673E+03
 -1       563-4.35787E+06-6.88198E+00 1.10136E+01-1.31663E+05-7.10241E+00-2.49672E+03
 -1       564-4.53103E+06 8.91669E+00 1.35923E+01-1.31655E+05 1.21577E+01-2.49916E+03
 -1       565-4.70421E+06 3.21261E+01 3.95496E+01-1.31656E+05 1.67100E+01-2.53009E+03
 -1       566-4.87729E+06-7.23992E+01-8.52927E+01-1.31667E+05-8.76155E+01-2.54086E+03
 -1       567-5.05105E+06 2.42556E+02 2.15814E+02-1.31541E+05 3.34275E+02-2.47382E+03
 -1       568-5.22125E+06-8.88511E+02-8.64711E+02-1.32143E+05-1.28575E+03-2.45078E+03
 -1       569-5.40999E+06 2.98969E+02 2.12189E+03-1.29199E+05 4.96946E+03-4.32541E+03
 -1       570-5.52604E+06-1.74962E+04-2.15140E+04-1.37597E+05-2.17368E+04-3.17287E+03
 -1       571-5.78525E+06-1.71693E+05-4.81545E+03 5.52558E+04 6.10584E+04-2.14044E+05
 -1       572-1.58404E+02-6.16020E+01-6.16018E+01 3.65294E+05-8.36345E-06 2.27532E+03
 -1       573 6.01023E+06 2.33723E+06 2.33724E+06-3.36603E+05-1.72215E-02 4.64039E+03
 -1       574 4.18249E+04 1.62647E+04 1.62646E+04 7.15145E+05-2.44464E+00-2.60489E+03
 -1       575-4.20354E+04-1.63466E+04-1.63465E+04 7.15019E+05 2.44463E+00-2.61019E+03
 -1       576-6.01036E+06-2.33728E+06-2.33729E+06-3.36619E+05 1.71962E-02 4.77038E+03
 -1       577 1.23803E+07-1.81329E+05 5.79043E+05 2.69013E+05 1.71823E+02-2.03485E+03
 -1       578 1.13036E+07 1.46780E+05-1.71799E+04-1.31920E+04-2.11977E+02-2.34965E+03
 -1       579 1.09288E+07-4.31057E+04-2.27068E+03-3.95145E+04 3.00528E+01-2.17116E+03
 -1       580 1.05912E+07 1.10316E+04 1.22792E+03-3.35301E+04 5.97823E+00-2.17915E+03
 -1       581 1.02335E+07-2.85157E+03-5.38572E+02-3.53420E+04-6.86076E+00-2.17089E+03
 -1       582 9.88193E+06 6.52818E+02 1.05832E+02-3.49231E+04 1.25492E+01-2.20457E+03
 -1       583 9.52890E+06-1.66024E+02-4.57824E+01-3.49754E+04-1.16416E+01-2.16571E+03
 -1       584 9.17598E+06 8.65649E+01 9.34874E+01-3.49604E+04-1.11876E+01-2.17411E+03
 -1       585 8.82311E+06 4.58313E+01 6.23189E+01-3.49472E+04 1.43347E+01-2.14185E+03
 -1       586 8.47018E+06-3.85178E+01-8.58337E+01-3.49386E+04-1.74716E+01-2.17580E+03
 -1       587 8.11715E+06-1.64398E+01-3.23407E+00-3.49556E+04 2.14755E+00-2.11996E+03
 -1       588 7.76425E+06 1.55661E+01 3.10766E+01-3.49791E+04 1.06097E+01-2.07362E+03
 -1       589 7.41141E+06-1.07233E+01 2.86223E-01-3.49550E+04-1.18482E+01-2.14048E+03
 -1       590 7.05841E+06-3.87386E+01-2.27996E+01-3.49793E+04 2.19638E+01-2.07438E+03
 -1       591 6.70559E+06 2.15442E+01-3.29910E+01-3.50235E+04 2.33397E+00-1.99887E+03
 -1       592 6.35268E+06-3.35767E+00 8.00412E+00-3.49315E+04-1.28870E+01-1.97377E+03
 -1       593 5.99967E+06-3.26648E+01 2.09809E+01-3.49734E+04-3.11497E+01-1.96337E+03
 -1       594 5.64681E+06 5.36076E-01-5.21565E+01-3.50344E+04-2.46403E+01-1.85520E+03
 -1       595 5.29412E+06 1.02420E+02 1.28192E+02-3.49900E+04 9.77986E+00-1.76482E+03
 -1       596 4.94087E+06-1.53642E+01-3.06152E+01-3.49339E+04-1.50677E+01-1.73681E+03
 -1       597 4.58808E+06-6.68712E+01-1.26962E+01-3.49683E+04-1.46896E+01-1.63968E+03
 -1       598 4.23523E+06 1.11729E+01 5.99141E+01-3.49293E+04-8.46345E+00-1.54066E+03
 -1       599 3.88221E+06 5.95483E+01 4.83660E+01-3.49433E+04 1.12335E+01-1.46360E+03
 -1       600 3.52934E+06 2.55060E+01 1.57284E+01-3.49913E+04-6.15984E+00-1.38270E+03
 -1       601 3.17644E+06 8.10070E+01 3.55180E+01-3.49341E+04-1.96228E+01-1.20643E+03
 -1       602 2.82339E+06-1.92468E+01-2.30711E+01-3.49923E+04 3.02860E+01-1.11719E+03
 -1       603 2.47059E+06 2.38148E+01 7.42225E+01-3.50084E+04-3.95201E+00-9.89826E+02
 -1       604 2.11765E+06-3.15235E+01 2.28810E+01-3.49578E+04-8.14120E+00-8.45507E+02
 -1       605 1.76466E+06 3.30199E+01 1.39864E+01-3.49580E+04-2.68384E+01-6.98686E+02
 -1       606 1.41183E+06-1.05045E+01 1.90628E+01-3.49745E+04-2.87858E+01-5.92383E+02
 -1       607 1.05880E+06 6.13807E+01 1.38185E+02-3.49690E+04-3.69217E+01-4.32040E+02
 -1       608 7.05533E+05-4.55283E+02-7.03902E+02-3.44664E+04-5.35403E+00-2.40978E+02
 -1       609 3.53479E+05-2.17141E+03-2.23578E+02-2.77144E+04 2.39082E+01-8.76235E+01
 -1       610 1.20185E+07-2.45361E+05 2.01388E+05 1.13165E+05 4.11603E+04 7.95717E+04
 -1       611 1.17566E+07 7.33496E+05 9.83889E+05-6.40915E+05-1.81131E+03 2.33923E+03
 -1       612 1.14033E+07 1.74405E+05 6.62550E+04 1.14715E+04-7.84089E+03 1.99034E+04
 -1       613 1.13134E+07-2.99841E+05-1.12811E+04 4.46456E+04-1.75240E+01-1.20163E+03
 -1       614 1.09647E+07-3.96315E+04-1.30017E+04-4.00873E+04 2.59929E+03 8.94185E+03
 -1       615 1.11436E+07 6.36156E+04 2.71629E+02-2.49644E+04-8.01675E+01-2.07082E+03
 -1       616 1.06268E+07 9.90016E+03 3.21255E+03-3.09222E+04-6.81946E+02 7.32146E+03
 -1       617 1.07631E+07-1.41365E+04 7.78356E+02-1.39599E+04 1.80423E+01-1.96974E+03
 -1       618 1.02678E+07-2.41656E+03-8.05915E+02-3.32925E+04 1.89622E+02 7.79435E+03
 -1       619 1.04113E+07 3.17042E+03-4.00529E+02-1.52026E+04-6.58659E-01-1.98261E+03
 -1       620 9.91433E+06 5.68055E+02 1.65164E+02-3.27899E+04-4.73807E+01 7.59576E+03
 -1       621 1.00588E+07-7.55168E+02 7.60946E+01-1.51420E+04 2.59040E+00-2.01925E+03
 -1       622 9.55951E+06-1.57095E+02-5.49192E+01-3.28989E+04 1.26375E+01 7.66443E+03
 -1       623 9.70568E+06 1.28741E+02-5.88647E+01-1.51495E+04 3.07815E+00-1.98632E+03
 -1       624 9.20509E+06 8.51290E+01 9.07814E+01-3.28810E+04-5.86531E+00 7.62905E+03
 -1       625 9.35292E+06 1.05080E+01 5.07498E+01-1.51109E+04-1.01177E+01-1.99108E+03
 -1       626 8.85038E+06-2.04004E+01 6.78668E+00-3.28499E+04 1.07833E+01 7.66884E+03
 -1       627 8.99996E+06 5.25027E+01 8.31242E+01-1.51097E+04 7.17472E+00-1.96163E+03
 -1       628 8.49589E+06 1.02562E+01-1.22807E+01-3.28524E+04-9.70869E+00 7.65743E+03
 -1       629 8.64694E+06-4.39229E+01-6.98631E+01-1.51203E+04-3.32071E+00-1.97398E+03
 -1       630 8.14117E+06 1.45243E+00-2.03815E+01-3.28334E+04-6.07866E+00 7.70461E+03
 -1       631 8.29406E+06 8.42751E+00-2.41581E+01-1.50919E+04-1.02465E+01-1.95180E+03
 -1       632 7.78667E+06-1.41666E+01 1.46799E+01-3.28672E+04 6.32371E+00 7.70315E+03
 -1       633 7.94110E+06 2.24631E+01 3.86458E+01-1.50978E+04 3.88841E+00-1.92441E+03
 -1       634 7.43218E+06 1.20994E+01 1.62815E+00-3.28985E+04-1.19456E+01 7.67453E+03
 -1       635 7.58814E+06-3.24103E+01-1.82982E+01-1.51221E+04 2.42627E+00-1.92548E+03
 -1       636 7.07759E+06-1.27092E+01-4.43829E+01-3.28797E+04 4.66367E+00 7.73487E+03
 -1       637 7.23526E+06-2.06680E+01 1.44871E+01-1.51339E+04-1.99738E+00-1.93250E+03
 -1       638 6.72321E+06 1.29834E+01 9.71748E+00-3.28956E+04 8.09492E+00 7.74873E+03
 -1       639 6.88232E+06-1.85335E+01-2.14426E+01-1.51590E+04 1.74579E+01-1.86439E+03
 -1       640 6.36862E+06-4.35020E+01-1.50887E+01-3.28566E+04 1.86557E+00 7.77594E+03
 -1       641 6.52943E+06-2.00287E+01-3.90477E+01-1.51471E+04 1.44945E+00-1.81284E+03
 -1       642 6.01432E+06-1.83210E+01 2.23809E+01-3.28948E+04-1.37424E+01 7.76956E+03
 -1       643 6.17644E+06 5.24968E+00-1.02356E+00-1.51377E+04-2.20583E+01-1.80797E+03
 -1       644 5.65979E+06-2.60555E+01-6.25374E+01-3.29170E+04-6.20034E+00 7.86717E+03
 -1       645 5.82350E+06 2.54546E+01 5.80091E+00-1.51392E+04-2.61566E+01-1.72872E+03
 -1       646 5.30579E+06 7.61035E+01 1.01588E+02-3.28954E+04 1.57574E+01 7.86818E+03
 -1       647 5.47068E+06 3.93450E+01 3.01576E+01-1.51655E+04-5.42747E+00-1.66776E+03
 -1       648 4.95116E+06 1.61752E+00-1.98398E+01-3.28525E+04-1.70458E+01 7.93986E+03
 -1       649 5.11775E+06 3.09870E+01 3.70440E+01-1.51029E+04 6.49263E+00-1.61010E+03
 -1       650 4.59705E+06-5.11968E+01-4.43854E+01-3.28963E+04 1.22393E+00 7.98877E+03
 -1       651 4.76469E+06-4.49742E+01-1.32727E+01-1.51262E+04 7.52154E+00-1.53660E+03
 -1       652 4.24293E+06 2.12791E+01 5.19983E+01-3.28707E+04 1.01909E+01 8.03447E+03
 -1       653 4.41188E+06-5.61143E+00 3.68487E+01-1.51105E+04-4.55204E+00-1.44412E+03
 -1       654 3.88883E+06 4.85626E+01 6.65661E+01-3.28812E+04 3.40513E+00 8.09900E+03
 -1       655 4.05885E+06 3.36264E+01 4.51191E+01-1.50884E+04 3.73536E+00-1.37119E+03
 -1       656 3.53481E+06 5.53683E+00 1.92359E+01-3.28787E+04 2.02466E+00 8.17738E+03
 -1       657 3.70595E+06 3.77903E+01 6.16735E+00-1.51160E+04 3.94597E+00-1.31747E+03
 -1       658 3.18093E+06 7.78956E+01 5.50239E+01-3.28519E+04-7.91996E+00 8.27670E+03
 -1       659 3.35308E+06 5.69514E+01 2.87437E+01-1.51279E+04-7.75607E+00-1.18046E+03
 -1       660 2.82692E+06-2.38174E+01-2.26181E+01-3.28740E+04 2.80908E+01 8.31733E+03
 -1       661 3.00004E+06 3.35443E+01 1.96503E+01-1.51089E+04 3.03158E-03-1.04068E+03
 -1       662 2.47334E+06-2.31072E+01 4.79551E+01-3.29111E+04-7.07959E+00 8.39903E+03
 -1       663 2.64712E+06-1.25847E+01 2.11743E+01-1.51574E+04 2.21467E+01-9.62628E+02
 -1       664 2.11962E+06 2.50643E+01-8.93175E+00-3.28774E+04-7.92144E+00 8.53321E+03
 -1       665 2.29416E+06-1.77474E+01-1.09090E+01-1.51361E+04-1.05482E+01-8.37782E+02
 -1       666 1.76604E+06-1.88458E+01 1.10990E+01-3.28897E+04-4.98641E+00 8.58745E+03
 -1       667 1.94128E+06-3.59818E+01-4.00025E+00-1.51141E+04-3.37014E+01-7.03934E+02
 -1       668 1.41271E+06 3.66196E+01 1.04257E+02-3.28851E+04 2.12147E+01 8.65878E+03
 -1       669 1.58827E+06-1.16954E+01-4.61630E+01-1.51332E+04-2.98968E+01-6.15498E+02
 -1       670 1.05929E+06 2.95673E+01-4.07712E+01-3.28866E+04-1.59346E+01 8.74990E+03
 -1       671 1.23536E+06 3.97719E+01 7.13631E+01-1.51217E+04-2.21129E+01-4.53671E+02
 -1       672 7.05505E+05-5.30132E+02-3.42082E+02-3.25085E+04-7.21223E+01 8.97083E+03
 -1       673 8.82502E+05 4.46269E+01-1.73347E+02-1.50915E+04-3.18724E+01-2.97488E+02
 -1       674 3.52598E+05-2.57042E+03-1.96400E+03-2.64046E+04 7.68572E+02 7.21772E+03
 -1       675 5.29734E+05 2.94418E+02 5.17715E+02-1.57663E+04 8.12054E+00-1.54109E+02
 -1       676 1.99442E+05 6.99693E+03-2.18867E+03-1.69582E+04 1.35540E+01-7.05109E+01
 -1       677 1.19374E+07-2.45379E+05 1.98938E+05 1.10118E+05-4.03017E+04-7.97383E+04
 -1       678 1.13267E+07 1.74088E+05 6.60065E+04 1.14082E+04 7.53936E+03-2.27650E+04
 -1       679 1.08908E+07-3.95740E+04-1.29557E+04-4.01855E+04-2.53831E+03-1.16485E+04
 -1       680 1.05562E+07 9.84432E+03 3.17003E+03-3.09896E+04 6.69090E+02-1.00769E+04
 -1       681 1.02008E+07-2.37097E+03-7.63957E+02-3.33736E+04-1.90455E+02-1.05240E+04
 -1       682 9.85032E+06 5.26087E+02 1.35153E+02-3.28638E+04 5.39497E+01-1.03804E+04
 -1       683 9.49909E+06-1.12387E+02-4.04098E+01-3.29594E+04-1.51697E+01-1.03925E+04
 -1       684 9.14776E+06 6.05469E+01 6.53678E+01-3.29350E+04-1.39292E+00-1.04072E+04
 -1       685 8.79650E+06 8.79923E-01 1.41449E+01-3.29242E+04 2.72803E+00-1.03382E+04
 -1       686 8.44525E+06-2.52255E+01-3.95652E+01-3.29311E+04 4.74466E+00-1.04037E+04
 -1       687 8.09388E+06 1.27587E+01 1.91676E+01-3.29162E+04-1.07886E+01-1.03762E+04
 -1       688 7.74252E+06-3.02339E+00 9.42533E+00-3.29624E+04-2.66826E-01-1.03151E+04
 -1       689 7.39139E+06 1.58174E+00 8.09939E+00-3.29398E+04 4.19064E+00-1.03851E+04
 -1       690 7.03989E+06-1.43777E+01-4.74108E+00-3.28976E+04 3.00655E-01-1.03362E+04
 -1       691 6.68858E+06 2.93542E+01-1.68768E+01-3.29453E+04 1.95456E+01-1.03088E+04
 -1       692 6.33713E+06-3.70448E+01-6.44192E+01-3.29286E+04-2.94725E+01-1.02413E+04
 -1       693 5.98572E+06-1.80529E+01 1.17806E+01-3.29374E+04-1.40482E+01-1.02712E+04
 -1       694 5.63426E+06 4.08282E+01 2.36863E+01-3.29819E+04 1.58440E+00-1.02066E+04
 -1       695 5.28290E+06 4.48587E+01 1.08042E+02-3.29140E+04-3.55089E+00-1.01812E+04
 -1       696 4.93103E+06-2.53363E+01-2.13514E+01-3.29417E+04 1.16548E+01-1.00825E+04
 -1       697 4.57955E+06 1.28960E+01-1.43018E+01-3.29326E+04 8.54859E+00-1.00298E+04
 -1       698 4.22784E+06 1.19602E+01 4.75071E+01-3.29184E+04-3.97035E+01-1.00105E+04
 -1       699 3.87604E+06 3.44856E+01 6.87226E+00-3.29055E+04 4.79320E+00-9.92847E+03
 -1       700 3.52415E+06 4.43381E+00 1.97264E+01-3.29104E+04 6.48378E-01-9.90804E+03
 -1       701 3.17229E+06 5.37800E+01 2.26137E+01-3.28652E+04-1.27833E+00-9.82692E+03
 -1       702 2.82006E+06 9.31296E+00-6.38559E+00-3.29489E+04 1.65842E+01-9.72307E+03
 -1       703 2.46815E+06 5.38603E+01 6.60760E+01-3.29146E+04-6.99809E-01-9.65727E+03
 -1       704 2.11577E+06-6.50780E+01-4.49195E+01-3.29246E+04 7.40983E-01-9.55582E+03
 -1       705 1.76348E+06 5.79291E+01 7.84698E+01-3.28949E+04-3.83647E-01-9.48272E+03
 -1       706 1.41102E+06-2.13162E+01-1.85424E+01-3.29195E+04-2.05087E+01-9.40002E+03
 -1       707 1.05844E+06 2.29771E+01 6.17670E+01-3.29002E+04-2.22969E+01-9.25021E+03
 -1       708 7.05146E+05-4.90458E+02-3.22799E+02-3.25144E+04 6.30330E+01-9.27119E+03
 -1       709 3.52508E+05-2.66307E+03-2.07187E+03-2.64294E+04-7.49650E+02-7.31031E+03
 -1       710-1.23804E+07 1.81300E+05-5.79081E+05 2.69096E+05-1.71524E+02-1.58872E+03
 -1       711-1.13032E+07-1.46641E+05 1.73374E+04-1.32638E+04 2.17833E+02-1.87946E+03
 -1       712-1.09290E+07 4.30596E+04 2.26339E+03-3.95339E+04-4.08599E+01-1.73130E+03
 -1       713-1.05912E+07-1.10064E+04-1.24347E+03-3.35537E+04-1.42157E+00-1.74026E+03
 -1       714-1.02336E+07 2.75808E+03 3.77992E+02-3.53357E+04-1.02444E+01-1.75267E+03
 -1       715-9.88218E+06-7.03369E+02-8.01711E+01-3.48452E+04 2.01534E+01-1.74643E+03
 -1       716-9.52864E+06 2.20199E+02 8.73226E+01-3.50014E+04-4.12701E+00-1.72522E+03
 -1       717-9.17593E+06-2.21777E+01-4.59036E+01-3.49881E+04 6.12526E+00-1.73223E+03
 -1       718-8.82314E+06-4.99007E+01-1.00371E+01-3.49596E+04-8.85626E+00-1.73404E+03
 -1       719-8.47010E+06-8.50579E+00 4.52866E+00-3.49784E+04 9.69680E+00-1.74550E+03
 -1       720-8.11740E+06-2.65867E+01-6.84456E+01-3.49153E+04-5.15206E+00-1.70258E+03
 -1       721-7.76425E+06-2.90129E+01-5.57650E+01-3.49327E+04 8.02254E+00-1.68254E+03
 -1       722-7.41129E+06 6.52070E+01 9.92734E+01-3.49346E+04 1.61521E+01-1.69729E+03
 -1       723-7.05839E+06 6.68114E+01 1.00059E+02-3.50245E+04-2.80889E+01-1.67331E+03
 -1       724-6.70552E+06-2.12256E+01 3.04611E+01-3.50429E+04-2.28689E+01-1.62082E+03
 -1       725-6.35278E+06-8.46238E+00-6.10935E+01-3.49586E+04 2.27476E+01-1.59541E+03
 -1       726-5.99969E+06 5.20816E+01 7.71440E+00-3.49552E+04 4.36939E+01-1.54989E+03
 -1       727-5.64690E+06-4.63341E+01 1.63226E+00-3.50312E+04-1.51684E+00-1.54113E+03
 -1       728-5.29393E+06-5.95260E+01 3.33155E+01-3.49533E+04 3.47958E+00-1.43948E+03
 -1       729-4.94104E+06-2.60291E+00-4.83335E+01-3.49528E+04-1.29308E+01-1.40388E+03
 -1       730-4.58811E+06 4.88983E+01-1.41858E+01-3.49543E+04 8.15932E+00-1.34243E+03
 -1       731-4.23505E+06-2.50418E+01-5.47048E+01-3.49298E+04 3.48115E+01-1.25712E+03
 -1       732-3.88231E+06 1.37586E+01 8.87115E+01-3.49820E+04 1.18406E+01-1.17846E+03
 -1       733-3.52926E+06-5.77538E+01-1.96872E+01-3.49740E+04 8.01780E+00-1.08973E+03
 -1       734-3.17638E+06-5.62671E+01-3.55034E+01-3.49492E+04-7.67127E+00-9.82074E+02
 -1       735-2.82359E+06 6.70772E+01 5.28091E-01-3.49661E+04 2.40478E+01-9.28651E+02
 -1       736-2.47039E+06 2.03460E+00 4.68442E+01-3.49281E+04 2.10350E+01-8.27538E+02
 -1       737-2.11763E+06 2.72150E+01 1.16770E+01-3.50009E+04 3.49958E+01-7.11228E+02
 -1       738-1.76461E+06 3.73516E+01 1.22783E+02-3.49548E+04-5.76662E+00-5.39228E+02
 -1       739-1.41160E+06 9.25616E+01 8.89156E+01-3.49756E+04-3.84415E+01-4.69998E+02
 -1       740-1.05897E+06 5.02111E+00-1.16910E+02-3.49015E+04 3.37038E+01-3.22677E+02
 -1       741-7.05422E+05 3.58601E+02 7.33514E+02-3.45082E+04-1.94144E+01-2.13096E+02
 -1       742-3.53541E+05 2.23511E+03 2.62600E+02-2.76898E+04 4.18693E+01-8.35519E+01
 -1       743-1.17567E+07-7.33509E+05-9.83908E+05-6.40929E+05 1.80263E+03 2.69359E+03
 -1       744-1.19375E+07 2.45360E+05-1.98960E+05 1.10205E+05 4.03096E+04-7.94582E+04
 -1       745-1.13134E+07 2.99816E+05 1.13059E+04 4.46760E+04 2.09890E+01-7.43442E+02
 -1       746-1.13264E+07-1.73997E+05-6.59171E+04 1.14253E+04-7.52598E+03-2.24941E+04
 -1       747-1.11436E+07-6.35759E+04-2.26403E+02-2.50115E+04 7.34190E+01-1.62852E+03
 -1       748-1.08909E+07 3.95659E+04 1.29691E+04-4.02120E+04 2.51768E+03-1.13532E+04
 -1       749-1.07631E+07 1.41632E+04-7.56354E+02-1.39790E+04-2.96617E+01-1.51155E+03
 -1       750-1.05563E+07-9.87062E+03-3.19409E+03-3.09813E+04-6.71880E+02-9.81448E+03
 -1       751-1.04114E+07-3.22533E+03 2.75594E+02-1.51984E+04 2.69981E+00-1.56807E+03
 -1       752-1.02007E+07 2.37347E+03 7.07483E+02-3.33693E+04 1.86922E+02-1.02291E+04
 -1       753-1.00588E+07 7.33258E+02-9.28057E+01-1.51314E+04 9.07343E-01-1.56773E+03
 -1       754-9.85055E+06-5.88946E+02-1.61229E+02-3.27951E+04-5.08783E+01-1.00735E+04
 -1       755-9.70564E+06-1.35307E+02 1.06854E+02-1.51024E+04 5.16238E+00-1.54522E+03
 -1       756-9.49887E+06 1.55864E+02 9.17865E+01-3.29322E+04 8.51740E+00-1.01586E+04
 -1       757-9.35283E+06 2.32489E+01-5.91893E+01-1.51471E+04 1.19319E+01-1.53845E+03
 -1       758-9.14778E+06-6.78990E+00-3.41614E+01-3.29112E+04 1.76154E+01-1.01008E+04
 -1       759-8.99990E+06-3.72307E+00 1.75665E+01-1.51423E+04-1.33194E+01-1.54972E+03
 -1       760-8.79649E+06-2.37239E+01-6.67001E+00-3.29413E+04-1.77051E+00-1.01159E+04
 -1       761-8.64702E+06-5.39205E+01-4.27765E+01-1.51067E+04 7.30095E-02-1.55624E+03
 -1       762-8.44519E+06-1.14355E+01 7.65492E-01-3.29232E+04-1.39282E+01-1.01123E+04
 -1       763-8.29410E+06 1.40163E+01 4.26572E+00-1.51147E+04 1.61246E+00-1.53839E+03
 -1       764-8.09403E+06-2.16810E+00-3.34339E+01-3.29231E+04 1.15171E+01-1.00867E+04
 -1       765-7.94114E+06-1.04731E+01-5.70979E+01-1.50714E+04-8.47269E+00-1.50561E+03
 -1       766-7.74257E+06-1.41256E+01-4.12530E+01-3.28912E+04 1.15653E+01-1.00743E+04
 -1       767-7.58820E+06-4.26782E+01-2.55095E+01-1.50871E+04 1.32022E+01-1.50135E+03
 -1       768-7.39127E+06 4.10811E+00 3.68358E+01-3.28698E+04 8.00427E+00-1.00862E+04
 -1       769-7.23513E+06 7.01588E+01 1.21966E+02-1.51259E+04 3.89303E+00-1.51347E+03
 -1       770-7.03992E+06 3.26606E+01 6.28340E+01-3.29343E+04-1.63011E+01-1.01090E+04
 -1       771-6.88230E+06 5.74318E+01 5.93537E+01-1.51777E+04-2.41153E+01-1.47572E+03
 -1       772-6.68847E+06 2.70768E+01 6.77249E+01-3.29415E+04-3.08489E+01-1.00833E+04
 -1       773-6.52946E+06 2.99595E+00-2.93265E+01-1.51970E+04-4.26863E+00-1.43943E+03
 -1       774-6.33730E+06-2.59817E+01-2.46384E+01-3.29338E+04 2.41541E+01-1.00107E+04
 -1       775-6.17652E+06-1.91820E+01-3.68289E+01-1.51346E+04 1.25082E+01-1.42073E+03
 -1       776-5.98570E+06 3.21293E+01-3.12472E+01-3.29121E+04 4.77339E+01-9.98996E+03
 -1       777-5.82354E+06-1.58870E+01 3.17268E+01-1.51270E+04 3.05175E+00-1.36808E+03
 -1       778-5.63434E+06-3.01778E+01 1.62591E+00-3.29359E+04-2.11687E+00-1.00076E+04
 -1       779-5.47060E+06 1.27803E+01 4.62436E+01-1.51330E+04 4.62730E-01-1.32407E+03
 -1       780-5.28270E+06-6.42111E+00 4.65602E-01-3.28978E+04-2.64630E+01-9.92824E+03
 -1       781-5.11772E+06-2.18388E+01-1.33431E+01-1.51524E+04 7.81804E+00-1.28061E+03
 -1       782-4.93121E+06 5.37161E+00 8.53252E-01-3.29435E+04 9.69171E+00-9.90420E+03
 -1       783-4.76479E+06-1.10714E+01-6.03548E+01-1.50979E+04-1.58047E+01-1.23316E+03
 -1       784-4.57950E+06 1.51625E+01 2.07049E+00-3.28967E+04 2.25765E+01-9.85798E+03
 -1       785-4.41182E+06-2.61725E+01-5.85013E+01-1.50920E+04 1.16920E+01-1.16306E+03
 -1       786-4.22783E+06-1.40727E+01-7.50273E+01-3.29095E+04 7.50284E+00-9.80486E+03
 -1       787-4.05886E+06-3.84594E+01-1.44318E-01-1.51169E+04 1.33826E+01-1.08491E+03
 -1       788-3.87600E+06 2.32121E+01 6.07585E+01-3.28899E+04 7.43825E+00-9.77362E+03
 -1       789-3.70595E+06-2.40303E+01 4.16872E+01-1.51195E+04 8.44961E-01-1.02216E+03
 -1       790-3.52415E+06-7.78887E+01-2.04277E+00-3.29194E+04 9.71643E+00-9.72365E+03
 -1       791-3.35299E+06-2.98685E+01-2.81905E+01-1.51148E+04-1.10977E+01-9.18488E+02
 -1       792-3.17223E+06-4.72070E+01-5.28270E+01-3.29047E+04 3.57982E+00-9.66346E+03
 -1       793-3.00003E+06 8.52937E+01 3.12555E+01-1.51330E+04-9.20587E+00-8.51378E+02
 -1       794-2.82027E+06-1.83722E+01-2.74368E+01-3.28892E+04 4.17123E+01-9.63570E+03
 -1       795-2.64718E+06-1.97913E+01-3.62271E+01-1.50989E+04-9.79227E+00-8.01844E+02
 -1       796-2.46789E+06 6.88279E+01 5.35574E+01-3.28733E+04 2.40494E+01-9.54221E+03
 -1       797-2.29409E+06-2.43869E+01-3.38397E+00-1.51154E+04 1.04220E+01-6.82223E+02
 -1       798-2.11582E+06 2.11498E+01 5.27305E+01-3.29116E+04 1.15918E+00-9.44388E+03
 -1       799-1.94119E+06 1.00083E+02 9.42954E+01-1.51150E+04 1.20750E+01-5.45368E+02
 -1       800-1.76338E+06-3.68354E+01 7.21532E+01-3.29094E+04-1.67796E+00-9.38930E+03
 -1       801-1.58822E+06 3.59464E+01 7.31678E+01-1.51243E+04-2.85482E+01-4.35225E+02
 -1       802-1.41101E+06 2.85131E+01-5.72491E+01-3.29003E+04-4.48528E+00-9.32593E+03
 -1       803-1.23539E+06 1.07325E+01-4.89029E+01-1.51206E+04-1.00917E+01-3.69078E+02
 -1       804-1.05849E+06-9.37595E+01 3.51236E+01-3.28950E+04 6.04902E+01-9.16732E+03
 -1       805-8.82443E+05-3.17963E+01 2.20013E+02-1.50512E+04-2.15109E+00-2.32748E+02
 -1       806-7.05120E+05 5.46681E+02 3.66564E+02-3.25255E+04-9.83141E+01-9.24931E+03
 -1       807-5.29756E+05-2.85618E+02-4.98249E+02-1.57888E+04 1.44508E+01-1.33802E+02
 -1       808-3.52515E+05 2.63208E+03 2.07347E+03-2.64126E+04 7.70081E+02-7.32302E+03
 -1       809-1.99386E+05-6.94720E+03 2.21379E+03-1.69619E+04 7.29822E+00-3.45517E+01
 -1       810-1.20187E+07 2.45296E+05-2.01405E+05 1.13238E+05-4.11725E+04 7.98527E+04
 -1       811-1.14029E+07-1.74288E+05-6.61764E+04 1.14292E+04 7.83104E+03 2.02253E+04
 -1       812-1.09649E+07 3.95668E+04 1.29721E+04-4.01274E+04-2.57602E+03 9.21132E+03
 -1       813-1.06267E+07-9.83573E+03-3.20221E+03-3.09776E+04 6.63422E+02 7.62277E+03
 -1       814-1.02680E+07 2.32656E+03 7.01440E+02-3.33126E+04-1.87978E+02 8.02132E+03
 -1       815-9.91436E+06-5.53672E+02-1.32737E+02-3.27781E+04 6.72260E+01 7.87548E+03
 -1       816-9.55945E+06 1.45281E+02 5.61384E+01-3.29112E+04-1.31450E+01 7.96295E+03
 -1       817-9.20496E+06-2.69728E+01-5.89251E+00-3.28956E+04-7.41041E+00 7.91159E+03
 -1       818-8.85045E+06-1.63144E+01-4.22790E+01-3.29012E+04 4.55151E+00 7.96451E+03
 -1       819-8.49580E+06-9.13317E+00 3.88300E+00-3.28576E+04 4.01306E+00 7.91564E+03
 -1       820-8.14134E+06 7.30475E+00-7.59299E+00-3.28885E+04-6.62473E-01 7.93940E+03
 -1       821-7.78670E+06-2.63776E+00-1.14375E+01-3.28569E+04-3.73470E+00 7.96695E+03
 -1       822-7.43206E+06 2.87424E+01 4.41719E+01-3.28760E+04 9.81192E+00 7.94757E+03
 -1       823-7.07764E+06 1.21222E+00 1.63899E+01-3.29399E+04 1.11334E+01 7.98458E+03
 -1       824-6.72312E+06 7.31149E+00 1.33189E+01-3.29224E+04-1.27406E+01 8.00055E+03
 -1       825-6.36876E+06-2.66659E+01-1.85783E-01-3.28893E+04 4.26748E+00 7.99778E+03
 -1       826-6.01424E+06 4.25357E+01 2.76380E+01-3.29009E+04 2.65008E+00 8.00606E+03
 -1       827-5.65995E+06 1.67350E+01 4.38797E+01-3.29029E+04 2.48729E+01 8.08246E+03
 -1       828-5.30552E+06-1.96781E+01-2.24626E+01-3.29197E+04 2.73158E+01 8.13499E+03
 -1       829-4.95139E+06-6.49727E+01-9.15099E+01-3.28677E+04-1.63352E+00 8.13730E+03
 -1       830-4.59702E+06 2.43970E+01 3.17786E+01-3.29117E+04-4.58173E+00 8.13577E+03
 -1       831-4.24290E+06-3.82685E+00-6.24463E+01-3.28604E+04 1.82124E+01 8.23567E+03
 -1       832-3.88882E+06 1.77352E+01 7.38216E+01-3.28704E+04 6.31780E+00 8.29227E+03
 -1       833-3.53478E+06-2.01813E+01-1.30289E+01-3.28947E+04 3.19037E+01 8.35460E+03
 -1       834-3.18080E+06-5.53281E+01 7.33992E+00-3.28778E+04 2.28749E+01 8.40040E+03
 -1       835-2.82705E+06 9.05066E+01 5.92098E+01-3.29021E+04 1.15710E+01 8.44842E+03
 -1       836-2.47320E+06 1.98429E+01-4.46051E+01-3.28657E+04 2.11825E+01 8.49705E+03
 -1       837-2.11962E+06-6.43109E+01-3.59419E+01-3.28817E+04 1.44459E+01 8.59482E+03
 -1       838-1.76605E+06-3.95369E+01 1.78553E+01-3.29276E+04 1.63586E+01 8.68904E+03
 -1       839-1.41254E+06 3.35812E+01 1.03569E+02-3.28861E+04 1.50998E+01 8.73822E+03
 -1       840-1.05938E+06-1.97548E+01 4.35620E+00-3.28761E+04-1.51692E+01 8.76183E+03
 -1       841-7.05431E+05 5.56690E+02 3.60918E+02-3.24887E+04 1.22515E+02 8.98963E+03
 -1       842-3.52652E+05 2.54004E+03 2.03259E+03-2.64029E+04-7.00390E+02 7.22520E+03
 -1       843 3.11438E+01 5.76720E+01 7.79689E+00-3.88405E+05 4.22259E+00-3.14100E+03
 -1       844 4.11869E+01 7.68868E+01 9.90703E+00-1.97273E+05 2.47523E+00-1.79333E+03
 -1       845 1.11314E+02-6.43280E+00 2.02390E+01-1.67429E+05 4.31978E+00-1.59168E+03
 -1       846-6.40699E+01-5.78094E+01-2.61264E+01-1.73937E+05 7.11131E+00-1.62270E+03
 -1       847-1.15800E+01-2.36118E+01 7.58801E+00-1.72329E+05 1.41826E+00-1.62572E+03
 -1       848-8.15553E+01 2.70331E-01-1.35306E+01-1.72715E+05-1.16849E+01-1.63611E+03
 -1       849 2.79600E+01 4.81103E+01 5.62809E+00-1.72620E+05-4.27908E-01-1.60425E+03
 -1       850 8.54841E+01-1.02980E-01 3.08113E+01-1.72664E+05 5.08966E+00-1.62092E+03
 -1       851 2.10427E+01 1.34809E+01-2.66656E+01-1.72669E+05-3.41761E+00-1.60132E+03
 -1       852-5.23133E+01-9.09182E+00-3.82681E+00-1.72626E+05 1.19206E+00-1.61247E+03
 -1       853-4.56637E+01-6.26217E+01-1.67689E+00-1.72631E+05 6.27900E+00-1.58113E+03
 -1       854 4.49385E+00-7.27517E+00-4.30281E+01-1.72649E+05 6.68609E-02-1.57931E+03
 -1       855-1.53395E+01 5.93817E+01 2.61950E+01-1.72672E+05-2.52388E+00-1.58601E+03
 -1       856 6.74600E+01 1.89829E+01 4.62137E+01-1.72657E+05 5.40221E+00-1.52466E+03
 -1       857-6.80204E+00-8.89523E+00-2.16108E+01-1.72647E+05 2.69948E+00-1.50278E+03
 -1       858-2.08923E+01 1.37870E+01-2.19555E+01-1.72665E+05-1.12149E-01-1.46481E+03
 -1       859-1.11631E+02-4.45214E+01-6.45060E+01-1.72672E+05 9.85254E+00-1.48980E+03
 -1       860 9.43457E+01-7.04238E+00 2.60863E+01-1.72657E+05 1.00161E+01-1.39552E+03
 -1       861-6.81924E+01 1.70687E+01 7.01678E+00-1.72642E+05 7.44244E-02-1.32823E+03
 -1       862 1.39240E+02 3.39357E+01 4.68616E+01-1.72662E+05-1.91341E+00-1.31655E+03
 -1       863-1.58246E+02-1.16590E+01-3.80323E+01-1.72660E+05 2.87832E+00-1.21356E+03
 -1       864 6.53386E+01 2.36850E+01-4.01620E+01-1.72650E+05-4.57845E+00-1.16398E+03
 -1       865-1.50323E+01-6.51199E+01 3.79238E+01-1.72650E+05-2.19885E+01-1.07274E+03
 -1       866 1.66506E+01 4.10795E+01-3.86142E+00-1.72655E+05-5.17866E+00-1.02651E+03
 -1       867 7.81174E+00-1.12715E+01 1.11982E+00-1.72639E+05 2.40667E+01-9.43431E+02
 -1       868-4.74473E+00-8.00927E+01-2.87163E+01-1.72658E+05-1.09713E+01-8.28301E+02
 -1       869-6.97681E+01 3.69837E+01-5.47064E+01-1.72648E+05 5.02288E+00-7.54136E+02
 -1       870 7.97340E+01 4.37324E+01 2.50460E+01-1.72625E+05-1.26210E+00-6.09213E+02
 -1       871 3.04390E+01-1.66806E+01-9.65802E-01-1.72708E+05 5.07527E+00-5.35270E+02
 -1       872-1.57141E+01 1.53116E+01-4.44909E+01-1.72650E+05 1.50673E+01-4.37543E+02
 -1       873-4.88522E+01-5.14356E+01 4.08542E+01-1.72687E+05-4.19168E+00-2.84331E+02
 -1       874 4.10656E+01-4.20983E+00-1.58039E+01-1.72907E+05-1.03319E+01-1.71318E+02
 -1       875-2.31946E+01-6.31875E+01 2.00995E+01-1.77577E+05-1.88430E+01-6.42514E+01
 -1       876-4.35942E+04-2.75518E+03-1.84282E+03-3.94416E+05 4.84233E+04-2.59490E+02
 -1       877-7.87008E+01-3.50159E+00-2.53020E+01-2.74199E+05 3.42590E-02-2.21452E+03
 -1       878 6.30190E+06 2.64175E+05 3.98267E+05 6.99827E+01-3.38843E+02-3.30204E+03
 -1       879 4.36291E+04 2.79736E+03 1.86230E+03-3.94229E+05-4.84182E+04-2.58637E+02
 -1       880-3.86392E+04 1.90173E+02-1.50752E+01-1.91794E+05 1.13189E+04-1.17370E+03
 -1       881 6.45115E+01 4.09915E+01 7.78345E-01-2.04117E+05 2.50365E+00-1.79828E+03
 -1       882 5.65865E+06 3.57875E+03-2.45178E+04-1.31429E+05-7.47261E+01-1.87786E+03
 -1       883 3.86645E+04-1.34355E+02 3.39247E+01-1.91606E+05-1.13058E+04-1.17767E+03
 -1       884-3.68404E+04-3.37046E+01 1.99974E+01-1.83219E+05-5.04919E+02-9.69308E+02
 -1       885 8.22014E+01 4.95316E+01 3.42298E+01-1.61982E+05-3.16102E-01-1.50586E+03
 -1       886 5.47408E+06-1.10599E+03 5.95056E+03-1.02077E+05 4.12691E+00-1.81480E+03
 -1       887 3.70370E+04 4.24906E+01 1.53774E+01-1.83038E+05 4.99320E+02-9.87723E+02
 -1       888-3.52806E+04-2.22662E+01-9.22295E+00-1.83114E+05 1.03380E+02-1.01702E+03
 -1       889-4.20013E+00-3.81463E+01-1.40042E+01-1.50495E+05 3.15389E+00-1.40064E+03
 -1       890 5.29294E+06 3.25883E+02-1.22776E+03-1.09242E+05 5.69705E+00-1.80259E+03
 -1       891 3.52024E+04-4.07616E+01-2.91438E+01-1.82926E+05-8.36130E+01-1.01250E+03
 -1       892-3.36339E+04 1.01708E+01-6.47277E+00-1.82958E+05-2.49003E-01-1.00865E+03
 -1       893-3.98633E+01-3.57048E+01-8.25341E+00-1.53498E+05 6.64177E+00-1.44784E+03
 -1       894 5.11797E+06-1.55942E+02 2.01109E+02-1.07609E+05-4.05782E+00-1.81235E+03
 -1       895 3.35827E+04-6.06584E+00-1.90806E+00-1.82783E+05-1.50520E+01-1.01294E+03
 -1       896-3.19523E+04 4.36646E-01 8.60763E+00-1.82978E+05-4.74596E+00-1.03293E+03
 -1       897-5.76138E+01-7.08704E+00-8.98957E+00-1.52626E+05-3.51541E+00-1.43645E+03
 -1       898 4.94104E+06 9.73667E+00-6.57015E+01-1.07995E+05 9.98719E-01-1.82805E+03
 -1       899 3.18712E+04 5.77798E+00-8.12756E+00-1.82799E+05 4.21390E+00-1.01325E+03
 -1       900-3.02824E+04 2.21908E+01-8.72593E+00-1.82969E+05-1.30274E+00-9.98271E+02
 -1       901 3.60265E+00 2.14784E+01-2.81667E+00-1.52836E+05-7.60970E+00-1.44098E+03
 -1       902 4.76483E+06 1.13577E+01 7.29200E-01-1.07886E+05-2.66399E+00-1.78934E+03
 -1       903 3.02597E+04 2.28519E+01 6.91402E+00-1.82798E+05-1.48728E+00-1.00595E+03
 -1       904-2.85169E+04-6.08430E+00 2.06358E+01-1.82997E+05-3.43267E+00-1.01429E+03
 -1       905 5.81878E+01 3.07213E+01 2.98278E+01-1.52794E+05 4.37688E+00-1.42486E+03
 -1       906 4.58831E+06 1.78580E+01 3.99083E+01-1.07930E+05-1.47723E-04-1.80440E+03
 -1       907 2.87311E+04-3.31632E+00 3.80083E+01-1.82802E+05 9.21885E+00-1.02773E+03
 -1       908-2.69777E+04-1.25403E+01-8.89461E+00-1.82984E+05 6.68789E+00-9.95413E+02
 -1       909 2.55617E+01-9.85926E+00-1.53724E+01-1.52836E+05-6.43863E-01-1.40997E+03
 -1       910 4.41187E+06 3.52747E+01 1.75149E+01-1.07924E+05-6.39364E+00-1.78346E+03
 -1       911 2.69618E+04-7.14669E+00-2.69536E+01-1.82816E+05-3.89352E+00-9.84199E+02
 -1       912-2.53378E+04 2.71508E+01-5.31597E+00-1.82963E+05 4.56062E+00-9.90617E+02
 -1       913-1.96927E+01-7.24606E+00-1.71911E+01-1.52796E+05-2.91352E+00-1.42823E+03
 -1       914 4.23536E+06-1.72535E+01-2.56529E+01-1.07899E+05 3.05323E-01-1.80179E+03
 -1       915 2.52553E+04 2.08651E+01 2.46514E+00-1.82786E+05-1.01108E+00-1.00336E+03
 -1       916-2.36624E+04-3.93571E+01 6.14083E-01-1.82979E+05-4.41215E+00-9.86096E+02
 -1       917 6.08499E-01 3.06368E+00 2.05094E+01-1.52785E+05 1.85014E+00-1.40757E+03
 -1       918 4.05883E+06-2.76439E+01 3.00645E+00-1.07907E+05 8.31713E+00-1.76897E+03
 -1       919 2.36396E+04-3.09462E+01-6.60558E+00-1.82801E+05 1.35491E+00-9.89759E+02
 -1       920-2.20519E+04-4.33878E+00-2.47094E+01-1.82970E+05-2.05973E+00-9.91421E+02
 -1       921-7.08851E+01-5.26930E+01-4.72365E+01-1.52785E+05 3.42094E+00-1.39406E+03
 -1       922 3.88239E+06 2.63932E+00-1.38199E+01-1.07913E+05 3.19157E+00-1.74208E+03
 -1       923 2.20001E+04-3.12727E+01-3.79217E+01-1.82810E+05-3.71095E+00-9.65637E+02
 -1       924-2.04760E+04 5.34248E+01 8.01408E+00-1.82990E+05 1.19482E+01-9.94158E+02
 -1       925-1.63608E+01-7.66184E-01-1.95658E+01-1.52807E+05 2.57540E+00-1.41909E+03
 -1       926 3.70594E+06 6.00801E+00 2.19432E+00-1.07913E+05-6.10577E+00-1.76828E+03
 -1       927 2.04414E+04-1.71456E+01 2.00921E+01-1.82813E+05-5.26097E+00-9.94639E+02
 -1       928-1.87632E+04 2.73393E+01 5.42837E+01-1.82978E+05 2.88339E+00-9.64097E+02
 -1       929 9.00514E+01 5.40926E+01 6.11975E+01-1.52835E+05 7.33612E-01-1.36968E+03
 -1       930 3.52949E+06-4.52191E+00 1.48664E+01-1.07943E+05 1.04984E+01-1.70797E+03
 -1       931 1.88966E+04 1.97347E+00 8.53539E+00-1.82824E+05 8.80032E+00-9.68225E+02
 -1       932-1.72757E+04-1.15642E+01-4.08468E+00-1.82970E+05-3.74503E+00-9.48027E+02
 -1       933-2.17205E+01 4.17596E+00 5.71007E+00-1.52817E+05 4.40123E+00-1.32736E+03
 -1       934 3.35302E+06 9.40937E+00-2.07227E+01-1.07947E+05 6.58698E+00-1.66041E+03
 -1       935 1.72735E+04 2.88609E+01-1.79970E+01-1.82826E+05 8.26970E+00-9.44442E+02
 -1       936-1.58273E+04 3.48444E+00-4.52059E+01-1.82979E+05-1.36007E+01-9.10641E+02
 -1       937-8.98874E+00 6.85965E+00-2.03021E+01-1.52811E+05-3.32996E+00-1.32706E+03
 -1       938 3.17653E+06 2.24504E+00-1.17384E+01-1.07910E+05 5.19831E+00-1.63856E+03
 -1       939 1.57494E+04 6.10780E+00 2.68964E+01-1.82824E+05 5.37374E+00-9.23696E+02
 -1       940-1.42728E+04 1.05635E+01-1.84946E+01-1.82981E+05-1.00652E+01-9.11088E+02
 -1       941-2.28275E+01-3.95138E-01-2.09229E+01-1.52832E+05 7.91360E-01-1.30101E+03
 -1       942 3.00001E+06-2.06940E+01 1.09527E+01-1.07934E+05-7.86684E+00-1.64281E+03
 -1       943 1.41792E+04-5.48575E+01-4.30617E+01-1.82827E+05 1.97091E+01-9.18789E+02
 -1       944-1.28028E+04-2.79991E+01 1.71937E+01-1.82972E+05 1.61772E+01-8.74816E+02
 -1       945-5.34226E+01-3.79485E+01-2.73375E+01-1.52815E+05 1.68056E+00-1.27997E+03
 -1       946 2.82364E+06-2.32077E+01-1.97684E+01-1.07947E+05-1.18458E+01-1.54747E+03
 -1       947 1.28674E+04-3.80885E+01-2.29703E+01-1.82828E+05 3.04215E+00-8.74389E+02
 -1       948-1.14326E+04 5.58614E+01 2.09941E+01-1.82978E+05 3.18798E+01-8.44064E+02
 -1       949 5.45785E+01 4.46096E+01 4.62658E+01-1.52819E+05 8.66698E+00-1.21824E+03
 -1       950 2.64717E+06 4.54341E+01 1.90744E+01-1.07922E+05 8.35864E+00-1.46004E+03
 -1       951 1.13597E+04 2.33917E+01 2.24823E+01-1.82807E+05-1.84109E+01-8.42235E+02
 -1       952-9.99747E+03 2.89311E+01 3.10963E+01-1.82962E+05 1.48339E+01-7.96554E+02
 -1       953 4.88646E+01 2.72617E+01 2.46311E+01-1.52811E+05 4.75728E+00-1.16304E+03
 -1       954 2.47067E+06 1.78408E+01 9.92297E+00-1.07929E+05-1.13306E+01-1.46599E+03
 -1       955 1.01295E+04-3.36111E+01 2.84023E+00-1.82848E+05 7.06689E+00-8.31495E+02
 -1       956-8.77626E+03 3.98791E+01 5.75621E+00-1.82944E+05 3.78364E+00-7.76376E+02
 -1       957-8.22244E+01-3.55759E+01-3.61543E+01-1.52799E+05-2.37079E+00-1.11310E+03
 -1       958 2.29414E+06-3.81547E+01-4.30286E+00-1.07916E+05 3.70591E+00-1.35406E+03
 -1       959 8.69540E+03 8.11462E-01-2.30941E+01-1.82846E+05 4.06752E+00-7.51346E+02
 -1       960-7.55623E+03 3.28623E+01-2.96827E+01-1.82963E+05-1.05743E+00-7.32228E+02
 -1       961-5.00240E+00 2.07134E+01-1.63864E+01-1.52821E+05-8.30943E+00-1.05957E+03
 -1       962 2.11778E+06 2.52780E+01-1.88057E+00-1.07891E+05 6.07708E+00-1.28883E+03
 -1       963 7.50173E+03-2.90160E+01-3.05520E+01-1.82826E+05-4.81234E+00-7.22484E+02
 -1       964-6.34165E+03-1.49023E+00 1.53151E+01-1.82942E+05-1.42706E+01-6.73120E+02
 -1       965 1.42752E+01-3.37619E+01-1.16916E+01-1.52806E+05-1.64437E+01-9.89288E+02
 -1       966 1.94123E+06-4.85497E+00 3.30242E+01-1.07914E+05-3.41275E+00-1.20878E+03
 -1       967 6.48115E+03-4.31391E+01 5.09547E+01-1.82825E+05-2.06272E+01-6.79010E+02
 -1       968-5.28693E+03 2.82875E+01-1.96640E+01-1.82960E+05-3.65834E+00-6.49254E+02
 -1       969 2.78259E+01-6.69794E-01 3.58561E+01-1.52813E+05-8.45982E+00-9.28087E+02
 -1       970 1.76480E+06 2.85342E+01 1.10739E+01-1.07935E+05-7.07062E+00-1.14108E+03
 -1       971 5.23816E+03-2.08485E+00-9.74821E-01-1.82854E+05 1.64677E+01-6.32235E+02
 -1       972-4.36411E+03-6.21508E+00-2.48131E+01-1.82953E+05 1.87089E+01-5.68036E+02
 -1       973 7.94360E+00 3.03336E+01 9.12773E+00-1.52817E+05 1.07972E+01-8.77071E+02
 -1       974 1.58832E+06 1.81231E+01 7.32333E+00-1.07895E+05 6.55235E+00-1.02453E+03
 -1       975 4.30755E+03-3.58292E+01 8.80264E-01-1.82852E+05 1.08037E+01-5.67581E+02
 -1       976-3.32627E+03-9.01556E-01 7.35394E+01-1.82923E+05 2.25167E+01-5.17682E+02
 -1       977-9.52724E+00-2.89547E+01-1.92484E+01-1.52794E+05 5.29496E+00-7.62576E+02
 -1       978 1.41180E+06-4.65911E+01-4.04285E+01-1.07940E+05 4.16703E+00-9.32437E+02
 -1       979 3.43064E+03-9.78013E+01-6.39575E+01-1.82860E+05-8.80984E+00-5.06616E+02
 -1       980-2.66706E+03 2.27112E+01-1.95982E+01-1.82947E+05 7.61782E+00-4.86885E+02
 -1       981-3.14417E+01-3.25218E+01-2.75063E+01-1.52801E+05-1.37148E+01-7.15683E+02
 -1       982 1.23534E+06 2.44153E+01 1.10213E+01-1.07919E+05 1.11219E+01-8.16640E+02
 -1       983 2.52004E+03-8.04447E+00-5.71196E+01-1.82865E+05-1.10004E+01-4.57211E+02
 -1       984-1.85359E+03 5.22367E+01-4.40303E+00-1.82902E+05-1.36780E+01-4.10895E+02
 -1       985 1.74441E+01 4.06320E+01 7.57398E-01-1.52794E+05-3.70532E+00-6.14477E+02
 -1       986 1.05892E+06 6.16159E+00 3.71502E+01-1.07902E+05 6.43243E+00-7.01375E+02
 -1       987 1.93070E+03-3.31934E+01 2.12238E+00-1.82840E+05 3.95367E+00-3.91344E+02
 -1       988-1.20114E+03 4.19838E+01 4.22479E+01-1.82968E+05 3.34670E+00-3.45143E+02
 -1       989 3.16855E+01 1.33566E+01 7.54447E+00-1.52839E+05-5.43441E+00-4.87620E+02
 -1       990 8.82417E+05 3.98301E+01 3.15397E+00-1.07937E+05-1.57974E+00-5.79615E+02
 -1       991 1.34854E+03-8.53886E+00 3.23810E+01-1.82912E+05 4.30123E+01-3.30832E+02
 -1       992-8.60004E+02 3.43110E+01-2.50382E+01-1.82918E+05 1.19170E+01-2.68069E+02
 -1       993 2.94335E+01 5.59578E+00-2.42608E+01-1.52799E+05-9.04437E-01-4.30283E+02
 -1       994 7.05942E+05-2.79976E+01-2.93860E+01-1.07924E+05-2.27483E+00-4.90262E+02
 -1       995 7.59012E+02-2.54853E+01-2.35027E+01-1.82868E+05 7.94628E+00-2.65441E+02
 -1       996-3.73831E+02 1.48244E+01 1.54313E+01-1.82926E+05 8.46879E+00-1.85768E+02
 -1       997 1.95462E+00-1.59722E-02 1.91862E+01-1.52824E+05 2.75446E+00-3.14296E+02
 -1       998 5.29347E+05-6.42380E+00 6.04803E+01-1.07944E+05-3.52306E+00-3.49404E+02
 -1       999 4.22971E+02-2.97261E+01 1.47482E+01-1.82903E+05 2.20107E+01-1.90881E+02
 -1      1000-2.10684E+02-3.10156E+01-3.13895E+01-1.83222E+05-1.30878E+01-1.20016E+02
 -1      1001-3.41642E+01-3.92025E+01 7.64714E+00-1.52889E+05-1.91574E+01-2.06678E+02
 -1      1002 3.52887E+05-3.39332E+02-2.91657E+02-1.07797E+05 2.67799E+00-1.93860E+02
 -1      1003 1.53134E+02-3.22206E+01 1.93954E+01-1.83184E+05 5.79259E+01-1.07829E+02
 -1      1004-1.29821E+01 5.70237E+01 1.52124E+01-1.88632E+05-4.16475E+02-2.26550E+01
 -1      1005 1.72136E+01-5.90245E+00 1.74062E+01-1.52618E+05-2.24065E+01-1.19826E+02
 -1      1006 1.68072E+05-5.87207E+03-4.09195E+03-1.06512E+05 2.06475E+01-7.71090E+01
 -1      1007 3.03450E+01-4.51694E+01 3.34006E+01-1.88608E+05 4.07343E+02-5.34363E+01
 -1      1008-3.38096E+01-1.96719E+01 2.46227E-01-1.57839E+05-3.90807E+00-2.28554E+01
 -1      1009-6.30196E+06-2.64142E+05-3.98301E+05 5.69641E+01 3.43776E+02-3.12426E+03
 -1      1010-5.65845E+06-3.44526E+03 2.45965E+04-1.31467E+05 7.77589E+01-1.68392E+03
 -1      1011-5.47405E+06 1.07028E+03-5.94507E+03-1.02064E+05-5.01760E+00-1.63944E+03
 -1      1012-5.29299E+06-3.57749E+02 1.21918E+03-1.09230E+05 4.25903E+00-1.62281E+03
 -1      1013-5.11797E+06 1.03786E+02-2.47421E+02-1.07605E+05-3.06234E+00-1.63724E+03
 -1      1014-4.94125E+06-4.14886E+01 4.89436E+01-1.07988E+05 3.35063E+00-1.63927E+03
 -1      1015-4.76470E+06 5.03875E+01 8.40728E+00-1.07904E+05-5.63931E+00-1.60958E+03
 -1      1016-4.58822E+06 7.17692E+00 1.94872E+00-1.07940E+05 4.26134E+00-1.62275E+03
 -1      1017-4.41186E+06-2.04160E+01-1.07710E+01-1.07917E+05 3.01016E+00-1.62287E+03
 -1      1018-4.23536E+06-5.00096E+00 1.15252E+00-1.07905E+05-3.08143E-02-1.63090E+03
 -1      1019-4.05899E+06-4.99554E+01-3.38092E+01-1.07881E+05-4.81462E+00-1.59121E+03
 -1      1020-3.88237E+06-8.75257E+00-2.79455E+01-1.07914E+05 7.13665E+00-1.58126E+03
 -1      1021-3.70592E+06 6.74975E+01 5.46679E+01-1.07924E+05 4.74959E+00-1.58658E+03
 -1      1022-3.52944E+06 2.19414E+01 4.19024E+01-1.07938E+05-1.07354E+01-1.54346E+03
 -1      1023-3.35298E+06-1.14476E+01 1.16998E+01-1.07953E+05-1.26272E+01-1.50655E+03
 -1      1024-3.17660E+06 5.60003E+00-4.29755E+01-1.07918E+05 3.58563E+00-1.48072E+03
 -1      1025-3.00010E+06 2.05941E+00-3.00416E+01-1.07927E+05 2.80273E+01-1.47599E+03
 -1      1026-2.82360E+06-1.41556E+01 4.56557E-01-1.07965E+05 9.04463E+00-1.41718E+03
 -1      1027-2.64718E+06-2.69438E+01 3.56368E+01-1.07910E+05-3.99434E+00-1.33380E+03
 -1      1028-2.47061E+06 1.31104E+01 1.06200E+01-1.07895E+05-6.12284E+00-1.32769E+03
 -1      1029-2.29427E+06 3.45987E+01-1.93842E+01-1.07926E+05-2.73982E+00-1.22513E+03
 -1      1030-2.11764E+06-1.36262E+01-3.83433E+01-1.07913E+05 4.55027E+00-1.17792E+03
 -1      1031-1.94131E+06-3.47809E+01 4.47939E+01-1.07924E+05-3.69565E+00-1.08724E+03
 -1      1032-1.76474E+06-5.42998E+00-2.72726E+01-1.07927E+05-5.81294E+00-1.02897E+03
 -1      1033-1.58830E+06-2.35849E+01-1.45318E+01-1.07902E+05 6.90681E+00-9.39174E+02
 -1      1034-1.41188E+06-1.05733E+00 5.71910E+00-1.07918E+05 1.23296E+01-8.41119E+02
 -1      1035-1.23530E+06 3.67107E+01 2.17927E+01-1.07919E+05 7.52155E+00-7.56351E+02
 -1      1036-1.05885E+06 3.05757E+01 7.16013E+00-1.07921E+05 9.82184E+00-6.51332E+02
 -1      1037-8.82372E+05-3.55699E+01 2.43767E+01-1.07951E+05-9.26300E+00-5.19762E+02
 -1      1038-7.05853E+05 7.81138E+01 2.19155E+01-1.07921E+05-1.08377E+01-4.38758E+02
 -1      1039-5.29489E+05-1.79479E+01-2.41469E+01-1.07907E+05-9.94923E+00-2.96742E+02
 -1      1040-3.52795E+05 2.83788E+02 2.84981E+02-1.07826E+05-1.87594E+01-1.89840E+02
 -1      1041-1.68145E+05 5.82172E+03 4.08146E+03-1.06499E+05-4.21857E+00-7.07318E+01
 -3
    1PSTEP                         3           1           1          
  100CL  101 1.000000000        1041                     0    1           1
 -4  TOSTRAIN    6    1
 -5  EXX         1    4    1    1
 -5  EYY         1    4    2    2
 -5  EZZ         1    4    3    3
 -5  EXY         1    4    1    2
 -5  EYZ         1    4    2    3
 -5  EZX         1    4    3    1
 -1         1 5.09653E-05 2.89773E-10 2.29243E-10-2.73474E-06-7.52947E-12 1.50851E-05
 -1         2-5.16826E-05-2.92985E-10-2.33281E-10-2.94554E-06-7.63498E-12-1.51275E-05
 -1         3-1.49908E-07 3.27554E-07-3.34998E-08-3.30044E-07-6.91193E-09 3.99520E-08
 -1         4 1.50143E-07-3.27354E-07 3.34295E-08-3.29585E-07-6.81516E-09-3.92379E-08
 -1         5-1.50191E-07 3.27465E-07-3.35006E-08-3.30153E-07 6.48108E-09-3.94427E-08
 -1         6 1.49752E-07-3.26630E-07 3.32308E-08-3.30113E-07 6.54940E-09 3.97972E-08
 -1         7-5.09651E-05-2.89778E-10-2.29244E-10-2.73349E-06 7.52805E-12 1.50866E-05
 -1         8 5.16824E-05 2.92985E-10 2.33277E-10-2.94407E-06 7.63661E-12-1.51288E-05
 -1         9-3.19746E-07-1.61886E-12-2.01959E-12 8.34498E-06-8.93526E-12-6.11319E-08
 -1        10 2.53356E-05-3.05203E-10-2.44713E-10 3.84433E-06 2.15964E-11 7.54995E-06
 -1        11-2.60076E-05 3.08570E-10 2.48686E-10 3.74069E-06 2.18270E-11-7.64475E-06
 -1        12-5.60492E-05 1.69026E-05 1.59880E-05 1.07135E-06-7.77019E-07 2.09815E-06
 -1        13-5.38021E-05 1.45032E-05 1.48888E-05-2.55395E-08 1.12360E-07 8.50163E-08
 -1        14-5.25252E-05 1.48364E-05 1.47321E-05-3.13989E-07-3.21340E-08 8.03056E-08
 -1        15-5.07397E-05 1.41714E-05 1.42017E-05-2.72328E-07 8.05197E-09 6.00100E-08
 -1        16-4.90596E-05 1.37455E-05 1.37377E-05-2.85095E-07-2.26727E-09 6.26215E-08
 -1        17-4.73594E-05 1.32585E-05 1.32606E-05-2.82289E-07 7.08417E-10 6.20826E-08
 -1        18-4.56638E-05 1.27864E-05 1.27859E-05-2.83037E-07-8.81550E-11 6.23705E-08
 -1        19-4.39675E-05 1.23106E-05 1.23111E-05-2.82790E-07-5.14604E-11 6.18772E-08
 -1        20-4.22713E-05 1.18362E-05 1.18355E-05-2.82990E-07 7.22513E-11 6.25490E-08
 -1        21-4.05750E-05 1.13607E-05 1.13611E-05-2.82305E-07-7.38063E-11 6.20913E-08
 -1        22-3.88789E-05 1.08861E-05 1.08862E-05-2.82980E-07-3.48705E-11 6.23993E-08
 -1        23-3.71832E-05 1.04112E-05 1.04114E-05-2.82666E-07-9.76007E-11 6.26005E-08
 -1        24-3.54863E-05 9.93640E-06 9.93614E-06-2.82965E-07 1.45872E-10 6.23155E-08
 -1        25-3.37913E-05 9.46167E-06 9.46151E-06-2.82952E-07 3.18386E-10 6.21483E-08
 -1        26-3.20958E-05 8.98697E-06 8.98688E-06-2.82850E-07-1.50016E-10 6.19710E-08
 -1        27-3.04008E-05 8.51192E-06 8.51252E-06-2.82924E-07-6.76028E-12 6.20382E-08
 -1        28-2.87060E-05 8.03724E-06 8.03778E-06-2.83254E-07-1.17261E-10 6.19567E-08
 -1        29-2.70121E-05 7.56331E-06 7.56347E-06-2.82843E-07 1.71289E-10 6.27081E-08
 -1        30-2.53171E-05 7.08922E-06 7.08845E-06-2.83352E-07 1.44409E-10 6.27176E-08
 -1        31-2.36248E-05 6.61491E-06 6.61474E-06-2.82503E-07 1.93137E-10 6.26120E-08
 -1        32-2.19309E-05 6.14071E-06 6.14101E-06-2.83159E-07 4.03164E-11 6.22975E-08
 -1        33-2.02397E-05 5.66692E-06 5.66671E-06-2.82676E-07-1.38360E-10 6.29946E-08
 -1        34-1.85474E-05 5.19294E-06 5.19351E-06-2.82568E-07-9.54936E-11 6.30143E-08
 -1        35-1.68569E-05 4.72007E-06 4.71984E-06-2.82917E-07 3.35817E-10 6.32110E-08
 -1        36-1.51662E-05 4.24629E-06 4.24679E-06-2.82770E-07 4.82055E-10 6.33277E-08
 -1        37-1.34776E-05 3.77399E-06 3.77398E-06-2.82969E-07 4.23162E-11 6.33293E-08
 -1        38-1.17892E-05 3.30124E-06 3.30038E-06-2.82877E-07 8.33660E-11 6.34336E-08
 -1        39-1.01014E-05 2.82810E-06 2.82876E-06-2.82498E-07 1.55761E-10 6.36624E-08
 -1        40-8.41526E-06 2.35592E-06 2.35625E-06-2.83426E-07 2.81082E-10 6.39303E-08
 -1        41-6.73027E-06 1.88427E-06 1.88471E-06-2.82861E-07 5.35601E-10 6.36142E-08
 -1        42-5.04599E-06 1.41207E-06 1.41365E-06-2.82950E-07-7.18606E-11 6.39213E-08
 -1        43-3.36119E-06 9.43881E-07 9.39189E-07-2.81049E-07 7.20585E-10 6.46301E-08
 -1        44-1.67758E-06 4.77189E-07 4.83403E-07-2.38007E-07-2.83230E-09 5.16167E-08
 -1        45-5.40972E-05 1.33170E-05 1.32420E-05-5.05208E-07 1.46789E-06-4.85369E-06
 -1        46-5.47147E-05 1.60756E-05 1.57511E-05-3.97782E-08-2.61375E-07 3.08673E-07
 -1        47-5.31633E-05 1.47336E-05 1.48155E-05-1.73229E-07 5.25380E-08 8.65444E-09
 -1        48-5.16333E-05 1.44981E-05 1.44674E-05-1.60141E-07-1.22371E-08 7.01102E-08
 -1        49-4.98986E-05 1.39613E-05 1.39706E-05-1.62442E-07 2.94668E-09 6.31255E-08
 -1        50-4.82126E-05 1.35020E-05 1.34997E-05-1.61607E-07-7.86612E-10 6.31404E-08
 -1        51-4.65135E-05 1.30231E-05 1.30238E-05-1.61936E-07 3.28633E-10 6.34237E-08
 -1        52-4.48175E-05 1.25493E-05 1.25489E-05-1.61888E-07-4.44810E-11 6.32553E-08
 -1        53-4.31214E-05 1.20738E-05 1.20740E-05-1.62039E-07 2.23569E-11 6.34809E-08
 -1        54-4.14251E-05 1.15991E-05 1.15987E-05-1.61645E-07-2.04018E-11 6.33474E-08
 -1        55-3.97284E-05 1.11239E-05 1.11243E-05-1.61718E-07-5.56737E-11 6.34784E-08
 -1        56-3.80328E-05 1.06491E-05 1.06492E-05-1.61858E-07-3.59301E-11 6.34991E-08
 -1        57-3.63365E-05 1.01742E-05 1.01741E-05-1.61798E-07-1.11417E-11 6.35790E-08
 -1        58-3.46403E-05 9.69951E-06 9.69922E-06-1.62108E-07 2.30339E-10 6.32878E-08
 -1        59-3.29450E-05 9.22470E-06 9.22463E-06-1.61883E-07 2.63651E-11 6.31718E-08
 -1        60-3.12498E-05 8.74986E-06 8.75007E-06-1.61879E-07-1.28453E-10 6.31456E-08
 -1        61-2.95548E-05 8.27490E-06 8.27577E-06-1.62236E-07 7.05492E-11 6.31589E-08
 -1        62-2.78603E-05 7.80057E-06 7.80123E-06-1.62094E-07 1.18660E-10 6.32300E-08
 -1        63-2.61656E-05 7.32643E-06 7.32627E-06-1.62214E-07-5.31236E-11 6.37198E-08
 -1        64-2.44724E-05 6.85233E-06 6.85180E-06-1.61935E-07 1.47431E-10 6.34326E-08
 -1        65-2.27784E-05 6.37825E-06 6.37815E-06-1.61772E-07 2.60129E-10 6.33414E-08
 -1        66-2.10866E-05 5.90408E-06 5.90424E-06-1.62176E-07-2.25487E-11 6.35017E-08
 -1        67-1.93943E-05 5.43011E-06 5.43030E-06-1.61634E-07-8.93061E-11 6.37845E-08
 -1        68-1.77027E-05 4.95651E-06 4.95706E-06-1.61934E-07 9.78547E-11 6.39214E-08
 -1        69-1.60122E-05 4.48331E-06 4.48359E-06-1.61596E-07 3.04895E-10 6.40212E-08
 -1        70-1.43226E-05 4.01031E-06 4.01063E-06-1.61907E-07 2.20952E-10 6.39640E-08
 -1        71-1.26341E-05 3.53770E-06 3.53742E-06-1.62029E-07 7.64068E-11 6.39623E-08
 -1        72-1.09458E-05 3.06460E-06 3.06484E-06-1.61618E-07 9.22917E-11 6.40937E-08
 -1        73-9.25874E-06 2.59199E-06 2.59281E-06-1.62070E-07 2.23449E-10 6.41843E-08
 -1        74-7.57303E-06 2.12025E-06 2.12053E-06-1.62073E-07 4.49140E-10 6.39463E-08
 -1        75-5.88818E-06 1.64825E-06 1.64915E-06-1.61974E-07 2.37219E-10 6.42892E-08
 -1        76-4.20496E-06 1.17749E-06 1.17669E-06-1.61784E-07 4.01449E-10 6.42316E-08
 -1        77-2.52374E-06 7.04690E-07 7.09097E-07-1.63811E-07-7.44167E-10 6.35575E-08
 -1        78-8.99895E-07 2.14979E-07 2.37599E-07-1.48531E-07 1.47715E-08 4.34011E-08
 -1        79 1.50191E-10 1.43570E-11-4.44860E-11-1.13816E-06-1.10856E-07-1.74791E-10
 -1        80 1.85551E-08-2.93049E-07 5.39319E-08-7.55027E-07-5.96590E-08-2.01227E-08
 -1        81-1.86447E-08 2.93163E-07-5.37065E-08-7.54919E-07-5.97608E-08 2.01883E-08
 -1        82 5.52783E-05-1.66830E-05-1.57554E-05 1.04115E-06-7.66325E-07-2.08458E-06
 -1        83 5.30731E-05-1.43008E-05-1.46927E-05-2.68577E-08 1.10810E-07-8.66012E-08
 -1        84 5.18210E-05-1.46392E-05-1.45329E-05-3.15605E-07-3.18659E-08-8.62641E-08
 -1        85 5.00685E-05-1.39832E-05-1.40144E-05-2.73249E-07 7.99929E-09-6.50636E-08
 -1        86 4.84194E-05-1.35664E-05-1.35583E-05-2.86631E-07-2.11277E-09-6.82803E-08
 -1        87 4.67507E-05-1.30881E-05-1.30902E-05-2.83633E-07 5.81083E-10-6.71847E-08
 -1        88 4.50880E-05-1.26249E-05-1.26247E-05-2.84314E-07-1.36660E-10-6.73349E-08
 -1        89 4.34226E-05-1.21583E-05-1.21581E-05-2.84165E-07 4.21808E-11-6.76730E-08
 -1        90 4.17577E-05-1.16922E-05-1.16922E-05-2.83980E-07-1.41670E-10-6.72048E-08
 -1        91 4.00933E-05-1.12261E-05-1.12260E-05-2.84187E-07 1.94352E-10-6.76670E-08
 -1        92 3.84280E-05-1.07598E-05-1.07598E-05-2.83915E-07-2.80219E-11-6.77170E-08
 -1        93 3.67623E-05-1.02936E-05-1.02935E-05-2.84142E-07-5.35033E-11-6.72592E-08
 -1        94 3.50984E-05-9.82752E-06-9.82753E-06-2.84124E-07-2.91659E-11-6.75525E-08
 -1        95 3.34322E-05-9.36104E-06-9.36103E-06-2.83855E-07-7.76456E-11-6.72474E-08
 -1        96 3.17666E-05-8.89456E-06-8.89467E-06-2.83760E-07 2.43959E-10-6.73079E-08
 -1        97 3.01003E-05-8.42792E-06-8.42852E-06-2.84239E-07-3.64453E-10-6.68121E-08
 -1        98 2.84346E-05-7.96156E-06-7.96150E-06-2.84087E-07 1.06552E-10-6.73076E-08
 -1        99 2.67677E-05-7.49483E-06-7.49464E-06-2.84064E-07 1.49314E-10-6.70993E-08
 -1       100 2.51010E-05-7.02858E-06-7.02790E-06-2.83629E-07-1.88668E-10-6.73368E-08
 -1       101 2.34322E-05-6.56144E-06-6.56090E-06-2.84377E-07 2.26833E-10-6.65503E-08
 -1       102 2.17651E-05-6.09389E-06-6.09435E-06-2.83896E-07 1.95823E-10-6.63962E-08
 -1       103 2.00957E-05-5.62657E-06-5.62668E-06-2.83623E-07-2.52437E-10-6.72024E-08
 -1       104 1.84261E-05-5.15923E-06-5.15942E-06-2.83672E-07-1.72238E-11-6.63288E-08
 -1       105 1.67558E-05-4.69168E-06-4.69129E-06-2.83636E-07-1.19311E-10-6.63400E-08
 -1       106 1.50852E-05-4.22371E-06-4.22373E-06-2.82969E-07 1.85731E-10-6.67061E-08
 -1       107 1.34118E-05-3.75530E-06-3.75536E-06-2.83923E-07 7.04198E-11-6.58962E-08
 -1       108 1.17405E-05-3.28685E-06-3.28724E-06-2.83025E-07 9.10936E-11-6.59969E-08
 -1       109 1.00658E-05-2.81867E-06-2.81867E-06-2.83823E-07-4.03865E-11-6.55323E-08
 -1       110 8.39106E-06-2.34950E-06-2.34883E-06-2.83254E-07 8.64139E-11-6.57571E-08
 -1       111 6.71500E-06-1.88034E-06-1.88011E-06-2.83572E-07 3.19408E-11-6.52539E-08
 -1       112 5.03841E-06-1.41062E-06-1.41094E-06-2.83190E-07 4.58561E-11-6.48470E-08
 -1       113 3.35799E-06-9.42020E-07-9.38498E-07-2.81483E-07 3.93191E-10-6.54313E-08
 -1       114 1.67736E-06-4.78294E-07-4.82911E-07-2.38375E-07-3.35714E-09-5.14255E-08
 -1       115 5.33496E-05-1.31339E-05-1.30586E-05-4.37955E-07 1.44747E-06 4.84564E-06
 -1       116 5.39681E-05-1.58605E-05-1.55314E-05-4.45751E-08-2.57975E-07-3.09758E-07
 -1       117 5.24466E-05-1.45336E-05-1.46171E-05-1.73684E-07 5.18056E-08-1.20287E-08
 -1       118 5.09457E-05-1.43056E-05-1.42741E-05-1.61313E-07-1.20788E-08-7.29349E-08
 -1       119 4.92427E-05-1.37776E-05-1.37873E-05-1.63724E-07 3.06118E-09-6.63060E-08
 -1       120 4.75882E-05-1.33274E-05-1.33247E-05-1.62982E-07-7.55911E-10-6.62877E-08
 -1       121 4.59213E-05-1.28572E-05-1.28581E-05-1.63283E-07 1.47476E-10-6.61489E-08
 -1       122 4.42572E-05-1.23922E-05-1.23919E-05-1.63216E-07 4.50443E-11-6.64244E-08
 -1       123 4.25921E-05-1.19259E-05-1.19256E-05-1.63182E-07-6.92281E-11-6.63615E-08
 -1       124 4.09272E-05-1.14595E-05-1.14597E-05-1.63157E-07 1.35604E-11-6.62182E-08
 -1       125 3.92625E-05-1.09935E-05-1.09934E-05-1.62980E-07 9.89627E-11-6.65116E-08
 -1       126 3.75969E-05-1.05272E-05-1.05272E-05-1.63101E-07-3.17163E-11-6.64635E-08
 -1       127 3.59319E-05-1.00610E-05-1.00610E-05-1.63215E-07-5.65648E-11-6.61807E-08
 -1       128 3.42668E-05-9.59476E-06-9.59466E-06-1.62952E-07-1.08579E-10-6.63842E-08
 -1       129 3.26010E-05-9.12821E-06-9.12814E-06-1.62917E-07 4.75022E-11-6.62383E-08
 -1       130 3.09348E-05-8.66162E-06-8.66204E-06-1.62950E-07-1.08132E-10-6.61583E-08
 -1       131 2.92689E-05-8.19507E-06-8.19554E-06-1.63333E-07 1.47441E-12-6.60700E-08
 -1       132 2.76023E-05-7.72866E-06-7.72846E-06-1.63067E-07 2.25184E-10-6.60603E-08
 -1       133 2.59356E-05-7.26211E-06-7.26155E-06-1.62907E-07-4.82492E-11-6.63020E-08
 -1       134 2.42672E-05-6.79534E-06-6.79463E-06-1.63019E-07-2.42984E-11-6.60181E-08
 -1       135 2.25998E-05-6.32821E-06-6.32772E-06-1.63013E-07 1.59267E-10-6.55019E-08
 -1       136 2.09316E-05-5.86060E-06-5.86066E-06-1.62871E-07-4.47434E-11-6.61424E-08
 -1       137 1.92616E-05-5.39338E-06-5.39326E-06-1.62613E-07-9.24529E-11-6.58913E-08
 -1       138 1.75920E-05-4.92567E-06-4.92560E-06-1.62845E-07-5.02428E-11-6.57589E-08
 -1       139 1.59214E-05-4.45793E-06-4.45763E-06-1.62509E-07 5.50568E-11-6.57237E-08
 -1       140 1.42487E-05-3.98969E-06-3.98971E-06-1.62249E-07 1.57210E-10-6.57236E-08
 -1       141 1.25771E-05-3.52134E-06-3.52145E-06-1.62589E-07-3.36845E-11-6.54262E-08
 -1       142 1.09031E-05-3.05292E-06-3.05324E-06-1.62272E-07 7.75499E-11-6.53541E-08
 -1       143 9.22951E-06-2.58413E-06-2.58401E-06-1.62661E-07-5.05021E-11-6.53466E-08
 -1       144 7.55295E-06-2.11509E-06-2.11478E-06-1.62290E-07 1.52289E-10-6.51039E-08
 -1       145 5.87708E-06-1.64571E-06-1.64547E-06-1.62700E-07 4.64901E-11-6.48479E-08
 -1       146 4.19956E-06-1.17576E-06-1.17512E-06-1.61984E-07 2.72069E-10-6.46572E-08
 -1       147 2.52193E-06-7.04655E-07-7.08486E-07-1.64324E-07-1.02262E-09-6.35201E-08
 -1       148 8.99841E-07-2.15451E-07-2.37146E-07-1.48524E-07 1.42651E-08-4.29818E-08
 -1       149-2.13815E-07 3.19013E-07 7.68001E-08-3.09241E-07-1.98317E-10-1.14486E-10
 -1       150-1.89655E-07 3.45661E-07 2.14426E-08-2.76756E-07-3.10502E-09 3.08510E-08
 -1       151-1.89557E-07 3.45687E-07 2.18784E-08-2.76895E-07 2.63423E-09-3.07006E-08
 -1       152-3.71535E-11-4.02959E-11 1.49586E-10-1.13822E-06 1.10863E-07-1.96994E-10
 -1       153 1.86605E-08-2.92886E-07 5.37435E-08-7.55164E-07 5.94694E-08 2.03465E-08
 -1       154-1.88932E-08 2.93263E-07-5.37964E-08-7.55265E-07 5.95154E-08-2.02872E-08
 -1       155 2.14299E-07-3.19188E-07-7.71091E-08-3.09081E-07 2.12370E-10-3.94203E-10
 -1       156 1.89767E-07-3.45990E-07-2.16931E-08-2.76691E-07-2.66710E-09-3.05881E-08
 -1       157 1.89431E-07-3.45390E-07-2.21069E-08-2.77137E-07 2.72217E-09 3.04318E-08
 -1       158-1.67709E-06 4.77775E-07 4.82952E-07-2.38177E-07 3.24867E-09-5.18505E-08
 -1       159-3.35864E-06 9.43084E-07 9.38942E-07-2.81645E-07-2.43095E-10-6.51178E-08
 -1       160-5.03789E-06 1.40937E-06 1.41162E-06-2.83211E-07 1.99545E-10-6.46966E-08
 -1       161-6.71552E-06 1.88102E-06 1.87983E-06-2.83147E-07 6.81391E-11-6.48016E-08
 -1       162-8.39051E-06 2.34874E-06 2.34952E-06-2.83165E-07 6.31589E-11-6.55233E-08
 -1       163-1.00663E-05 2.81884E-06 2.81846E-06-2.83276E-07-2.15122E-10-6.49908E-08
 -1       164-1.17393E-05 3.28730E-06 3.28698E-06-2.83011E-07 1.95248E-10-6.57087E-08
 -1       165-1.34127E-05 3.75560E-06 3.75558E-06-2.82982E-07 3.20824E-10-6.59696E-08
 -1       166-1.50847E-05 4.22407E-06 4.22353E-06-2.83023E-07-1.27792E-10-6.62458E-08
 -1       167-1.67561E-05 4.69108E-06 4.69194E-06-2.83347E-07 4.04184E-11-6.60249E-08
 -1       168-1.84256E-05 5.15898E-06 5.15926E-06-2.82970E-07 1.81784E-10-6.60560E-08
 -1       169-2.00964E-05 5.62720E-06 5.62661E-06-2.83486E-07 9.63875E-12-6.61262E-08
 -1       170-2.17644E-05 6.09409E-06 6.09412E-06-2.83289E-07 1.12257E-10-6.61937E-08
 -1       171-2.34332E-05 6.56118E-06 6.56132E-06-2.83721E-07 6.17764E-11-6.62966E-08
 -1       172-2.51001E-05 7.02841E-06 7.02775E-06-2.83296E-07-1.64693E-10-6.62736E-08
 -1       173-2.67680E-05 7.49487E-06 7.49522E-06-2.83345E-07 1.25015E-10-6.65558E-08
 -1       174-2.84342E-05 7.96182E-06 7.96127E-06-2.83245E-07 2.40119E-10-6.63976E-08
 -1       175-3.01013E-05 8.42833E-06 8.42852E-06-2.83931E-07 2.56348E-11-6.62761E-08
 -1       176-3.17660E-05 8.89455E-06 8.89471E-06-2.83369E-07-8.33637E-11-6.67197E-08
 -1       177-3.34325E-05 9.36087E-06 9.36116E-06-2.83289E-07-2.33754E-11-6.67841E-08
 -1       178-3.50977E-05 9.82751E-06 9.82745E-06-2.82971E-07-1.60910E-10-6.67726E-08
 -1       179-3.67628E-05 1.02936E-05 1.02935E-05-2.83166E-07 1.25555E-10-6.68490E-08
 -1       180-3.84285E-05 1.07598E-05 1.07600E-05-2.83644E-07 2.28002E-10-6.68892E-08
 -1       181-4.00931E-05 1.12261E-05 1.12260E-05-2.83348E-07-1.32475E-10-6.66674E-08
 -1       182-4.17574E-05 1.16920E-05 1.16921E-05-2.83747E-07 4.36532E-11-6.67065E-08
 -1       183-4.34228E-05 1.21584E-05 1.21583E-05-2.83275E-07 1.27336E-10-6.65054E-08
 -1       184-4.50870E-05 1.26249E-05 1.26247E-05-2.83372E-07 2.10492E-11-6.71669E-08
 -1       185-4.67517E-05 1.30882E-05 1.30902E-05-2.82714E-07-7.17300E-10-6.66140E-08
 -1       186-4.84192E-05 1.35664E-05 1.35583E-05-2.86105E-07 2.37871E-09-6.72881E-08
 -1       187-5.00690E-05 1.39833E-05 1.40145E-05-2.72450E-07-8.11482E-09-6.43594E-08
 -1       188-5.18206E-05 1.46391E-05 1.45328E-05-3.15283E-07 3.18501E-08-8.51509E-08
 -1       189-5.30722E-05 1.43009E-05 1.46926E-05-2.58209E-08-1.10918E-07-8.60186E-08
 -1       190-5.52790E-05 1.66832E-05 1.57556E-05 1.04197E-06 7.66229E-07-2.08406E-06
 -1       191-8.99640E-07 2.15544E-07 2.36926E-07-1.48786E-07-1.45879E-08-4.32795E-08
 -1       192-2.52242E-06 7.04574E-07 7.08610E-07-1.64151E-07 1.30951E-09-6.36798E-08
 -1       193-4.19963E-06 1.17575E-06 1.17540E-06-1.62360E-07-9.48583E-11-6.44436E-08
 -1       194-5.87680E-06 1.64536E-06 1.64580E-06-1.62031E-07 1.02144E-10-6.45979E-08
 -1       195-7.55304E-06 2.11496E-06 2.11470E-06-1.62332E-07-1.41086E-11-6.49287E-08
 -1       196-9.22925E-06 2.58389E-06 2.58395E-06-1.62059E-07 8.09345E-11-6.48371E-08
 -1       197-1.09030E-05 3.05342E-06 3.05246E-06-1.62393E-07 7.04508E-11-6.48724E-08
 -1       198-1.25767E-05 3.52190E-06 3.52112E-06-1.62139E-07 2.99897E-10-6.52168E-08
 -1       199-1.42494E-05 3.99024E-06 3.98968E-06-1.61843E-07 3.16870E-11-6.53900E-08
 -1       200-1.59211E-05 4.45802E-06 4.45785E-06-1.62292E-07-4.99198E-11-6.56031E-08
 -1       201-1.75918E-05 4.92548E-06 4.92574E-06-1.62157E-07 1.24250E-10-6.53066E-08
 -1       202-1.92618E-05 5.39347E-06 5.39315E-06-1.62052E-07 8.55611E-12-6.53120E-08
 -1       203-2.09311E-05 5.86093E-06 5.86050E-06-1.62612E-07 5.13963E-11-6.53558E-08
 -1       204-2.26000E-05 6.32802E-06 6.32784E-06-1.62411E-07 6.25054E-11-6.53548E-08
 -1       205-2.42675E-05 6.79501E-06 6.79488E-06-1.62463E-07 2.06832E-11-6.52263E-08
 -1       206-2.59352E-05 7.26205E-06 7.26177E-06-1.62568E-07 1.75443E-10-6.55423E-08
 -1       207-2.76026E-05 7.72866E-06 7.72861E-06-1.62379E-07 1.23945E-10-6.53579E-08
 -1       208-2.92691E-05 8.19574E-06 8.19505E-06-1.62605E-07-1.24172E-11-6.56219E-08
 -1       209-3.09348E-05 8.66173E-06 8.66191E-06-1.62588E-07 8.78583E-11-6.54371E-08
 -1       210-3.26009E-05 9.12797E-06 9.12827E-06-1.62338E-07 1.49009E-10-6.56633E-08
 -1       211-3.42664E-05 9.59456E-06 9.59488E-06-1.62275E-07-1.23426E-10-6.56696E-08
 -1       212-3.59320E-05 1.00611E-05 1.00609E-05-1.62290E-07-9.01259E-11-6.56756E-08
 -1       213-3.75975E-05 1.05274E-05 1.05271E-05-1.62377E-07 1.40239E-10-6.57357E-08
 -1       214-3.92624E-05 1.09934E-05 1.09935E-05-1.62429E-07 8.52354E-11-6.56987E-08
 -1       215-4.09273E-05 1.14596E-05 1.14594E-05-1.62647E-07-1.21140E-11-6.55043E-08
 -1       216-4.25919E-05 1.19258E-05 1.19258E-05-1.62449E-07 4.23984E-11-6.55267E-08
 -1       217-4.42568E-05 1.23923E-05 1.23920E-05-1.62422E-07 5.57811E-11-6.56725E-08
 -1       218-4.59214E-05 1.28571E-05 1.28581E-05-1.62299E-07-3.43235E-10-6.58051E-08
 -1       219-4.75886E-05 1.33274E-05 1.33247E-05-1.62313E-07 8.29675E-10-6.54289E-08
 -1       220-4.92427E-05 1.37776E-05 1.37874E-05-1.62969E-07-2.92522E-09-6.55650E-08
 -1       221-5.09459E-05 1.43055E-05 1.42741E-05-1.60821E-07 1.20287E-08-7.20384E-08
 -1       222-5.24460E-05 1.45336E-05 1.46169E-05-1.73044E-07-5.17197E-08-1.12459E-08
 -1       223-5.39679E-05 1.58606E-05 1.55314E-05-4.36172E-08 2.57661E-07-3.09181E-07
 -1       224-5.33500E-05 1.31342E-05 1.30586E-05-4.36984E-07-1.44753E-06 4.84670E-06
 -1       225 3.18809E-07 1.61565E-12 2.01803E-12 8.34653E-06 8.93536E-12-6.10349E-08
 -1       226 2.60076E-05-3.08569E-10-2.48682E-10 3.74219E-06-2.18284E-11-7.64538E-06
 -1       227-2.53364E-05 3.05210E-10 2.44713E-10 3.84575E-06-2.15948E-11 7.55072E-06
 -1       228 1.67758E-06-4.78184E-07-4.82817E-07-2.38055E-07 3.25992E-09 5.14680E-08
 -1       229 3.36098E-06-9.43735E-07-9.39769E-07-2.81306E-07-6.04947E-10 6.48101E-08
 -1       230 5.04607E-06-1.41254E-06-1.41372E-06-2.82675E-07-6.02206E-11 6.41684E-08
 -1       231 6.73021E-06-1.88476E-06-1.88406E-06-2.82685E-07 2.91048E-10 6.37299E-08
 -1       232 8.41541E-06-2.35676E-06-2.35634E-06-2.82857E-07-3.29377E-11 6.36676E-08
 -1       233 1.01015E-05-2.82821E-06-2.82882E-06-2.82433E-07-7.25032E-12 6.36788E-08
 -1       234 1.17897E-05-3.30134E-06-3.30088E-06-2.82586E-07-1.25511E-10 6.31483E-08
 -1       235 1.34770E-05-3.77412E-06-3.77359E-06-2.82315E-07 1.08733E-10 6.28861E-08
 -1       236 1.51669E-05-4.24666E-06-4.24663E-06-2.82598E-07 1.12296E-11 6.30855E-08
 -1       237 1.68567E-05-4.71973E-06-4.71992E-06-2.82413E-07 1.22163E-10 6.26845E-08
 -1       238 1.85477E-05-5.19345E-06-5.19322E-06-2.82344E-07-6.25372E-11 6.24599E-08
 -1       239 2.02390E-05-5.66696E-06-5.66675E-06-2.82432E-07 1.55832E-11 6.25704E-08
 -1       240 2.19314E-05-6.14085E-06-6.14110E-06-2.82620E-07 8.32569E-11 6.22593E-08
 -1       241 2.36239E-05-6.61445E-06-6.61484E-06-2.82188E-07-1.59015E-10 6.23602E-08
 -1       242 2.53187E-05-7.08915E-06-7.08895E-06-2.82562E-07 1.83169E-10 6.14166E-08
 -1       243 2.70107E-05-7.56316E-06-7.56322E-06-2.82276E-07 3.09432E-11 6.20353E-08
 -1       244 2.87068E-05-8.03779E-06-8.03792E-06-2.82601E-07-1.40208E-10 6.15583E-08
 -1       245 3.04002E-05-8.51234E-06-8.51211E-06-2.82244E-07 2.59550E-10 6.16414E-08
 -1       246 3.20961E-05-8.98704E-06-8.98674E-06-2.82226E-07 8.16327E-11 6.13633E-08
 -1       247 3.37909E-05-9.46137E-06-9.46174E-06-2.82198E-07-1.53932E-10 6.17192E-08
 -1       248 3.54870E-05-9.93622E-06-9.93642E-06-2.82455E-07 7.65244E-11 6.15199E-08
 -1       249 3.71828E-05-1.04114E-05-1.04112E-05-2.81966E-07-2.73448E-11 6.16080E-08
 -1       250 3.88783E-05-1.08859E-05-1.08860E-05-2.81768E-07-1.93411E-10 6.19048E-08
 -1       251 4.05752E-05-1.13610E-05-1.13609E-05-2.82068E-07-2.19049E-11 6.16637E-08
 -1       252 4.22711E-05-1.18360E-05-1.18360E-05-2.81937E-07 1.01051E-10 6.17365E-08
 -1       253 4.39683E-05-1.23109E-05-1.23109E-05-2.82353E-07-4.26548E-11 6.12185E-08
 -1       254 4.56633E-05-1.27864E-05-1.27857E-05-2.82399E-07 3.31107E-10 6.14151E-08
 -1       255 4.73601E-05-1.32585E-05-1.32607E-05-2.81451E-07-7.07760E-10 6.10819E-08
 -1       256 4.90577E-05-1.37453E-05-1.37373E-05-2.84423E-07 2.22115E-09 6.23584E-08
 -1       257 5.07413E-05-1.41715E-05-1.42021E-05-2.71355E-07-8.28504E-09 5.91813E-08
 -1       258 5.25241E-05-1.48365E-05-1.47318E-05-3.13170E-07 3.23759E-08 7.99251E-08
 -1       259 5.38036E-05-1.45029E-05-1.48894E-05-2.48125E-08-1.12383E-07 8.41222E-08
 -1       260 5.60486E-05-1.69029E-05-1.59876E-05 1.07181E-06 7.77078E-07 2.09722E-06
 -1       261 8.99800E-07-2.15239E-07-2.37151E-07-1.48529E-07-1.45510E-08 4.32208E-08
 -1       262 2.52372E-06-7.05035E-07-7.09061E-07-1.63983E-07 8.50705E-10 6.35868E-08
 -1       263 4.20475E-06-1.17747E-06-1.17684E-06-1.61748E-07-4.00311E-10 6.44725E-08
 -1       264 5.88830E-06-1.64859E-06-1.64917E-06-1.61867E-07-5.02067E-11 6.40415E-08
 -1       265 7.57300E-06-2.12068E-06-2.12049E-06-1.61738E-07-6.02087E-12 6.40783E-08
 -1       266 9.25897E-06-2.59252E-06-2.59276E-06-1.61727E-07-1.20112E-10 6.40844E-08
 -1       267 1.09461E-05-3.06479E-06-3.06520E-06-1.61269E-07-2.07005E-10 6.39192E-08
 -1       268 1.26339E-05-3.53768E-06-3.53742E-06-1.61799E-07-5.54181E-11 6.37420E-08
 -1       269 1.43226E-05-4.01084E-06-4.01015E-06-1.61477E-07-1.69746E-11 6.37328E-08
 -1       270 1.60125E-05-4.48334E-06-4.48363E-06-1.61421E-07 4.63455E-11 6.34179E-08
 -1       271 1.77029E-05-4.95681E-06-4.95703E-06-1.61492E-07-6.09089E-11 6.32696E-08
 -1       272 1.93941E-05-5.43051E-06-5.43022E-06-1.61363E-07-1.21068E-10 6.33111E-08
 -1       273 2.10864E-05-5.90396E-06-5.90430E-06-1.61662E-07 2.58775E-11 6.34073E-08
 -1       274 2.27784E-05-6.37788E-06-6.37835E-06-1.61307E-07-5.87897E-11 6.31515E-08
 -1       275 2.44726E-05-6.85194E-06-6.85242E-06-1.61260E-07 4.51378E-11 6.27970E-08
 -1       276 2.61657E-05-7.32645E-06-7.32642E-06-1.61800E-07 1.56346E-10 6.27594E-08
 -1       277 2.78600E-05-7.80092E-06-7.80078E-06-1.61319E-07-1.75896E-10 6.29383E-08
 -1       278 2.95546E-05-8.27537E-06-8.27541E-06-1.61525E-07-1.48172E-11 6.23839E-08
 -1       279 3.12498E-05-8.74991E-06-8.74995E-06-1.61284E-07 1.74555E-10 6.26261E-08
 -1       280 3.29449E-05-9.22458E-06-9.22472E-06-1.61378E-07-1.07392E-10 6.27365E-08
 -1       281 3.46408E-05-9.69927E-06-9.69938E-06-1.61317E-07 3.89448E-11 6.27081E-08
 -1       282 3.63364E-05-1.01742E-05-1.01744E-05-1.61099E-07 1.22860E-10 6.26228E-08
 -1       283 3.80322E-05-1.06492E-05-1.06490E-05-1.61041E-07-1.39590E-10 6.28384E-08
 -1       284 3.97287E-05-1.11239E-05-1.11240E-05-1.60961E-07-1.81477E-10 6.29015E-08
 -1       285 4.14249E-05-1.15990E-05-1.15990E-05-1.61043E-07 4.19552E-11 6.27902E-08
 -1       286 4.31216E-05-1.20740E-05-1.20740E-05-1.61156E-07 4.54988E-11 6.27620E-08
 -1       287 4.48180E-05-1.25491E-05-1.25490E-05-1.61431E-07 1.10722E-10 6.23341E-08
 -1       288 4.65133E-05-1.30231E-05-1.30239E-05-1.61172E-07-1.67773E-10 6.27169E-08
 -1       289 4.82122E-05-1.35021E-05-1.34994E-05-1.61020E-07 7.73167E-10 6.22419E-08
 -1       290 4.98986E-05-1.39612E-05-1.39707E-05-1.61397E-07-3.11421E-09 6.28020E-08
 -1       291 5.16332E-05-1.44983E-05-1.44674E-05-1.59481E-07 1.21472E-08 6.92451E-08
 -1       292 5.31639E-05-1.47334E-05-1.48156E-05-1.72258E-07-5.25136E-08 8.19207E-09
 -1       293 5.47149E-05-1.60755E-05-1.57513E-05-3.91305E-08 2.61567E-07 3.07658E-07
 -1       294 5.40969E-05-1.33171E-05-1.32416E-05-5.04275E-07-1.46785E-06-4.85473E-06
 -1       295-4.56448E-05-2.91577E-10-2.33093E-10-8.55434E-06-6.28267E-14 5.71512E-08
 -1       296-4.78369E-05 2.84977E-10 2.39802E-10-6.54461E-06-1.63816E-11 7.45359E-06
 -1       297-4.81952E-05 2.88402E-10 2.44055E-10-6.65125E-06 1.66865E-11-7.40247E-06
 -1       298 4.56446E-05 2.91573E-10 2.33091E-10-8.55418E-06 6.27018E-14 5.55536E-08
 -1       299 4.81946E-05-2.88401E-10-2.44052E-10-6.65043E-06-1.66878E-11-7.40392E-06
 -1       300 4.78375E-05-2.84971E-10-2.39803E-10-6.54519E-06 1.63827E-11 7.45206E-06
 -1       301-4.04641E-07 9.33032E-08 1.25701E-07-1.12086E-06-1.45562E-07 1.13694E-08
 -1       302-3.66244E-07 1.04807E-07 9.80175E-08-1.40188E-06 1.86873E-07-9.23803E-10
 -1       303-3.51098E-07 9.79007E-08 9.96634E-08-1.26618E-06-3.75787E-08-2.26261E-09
 -1       304-3.35830E-07 9.41570E-08 9.36844E-08-1.27737E-06 9.62643E-09-2.00742E-09
 -1       305-3.20297E-07 8.98611E-08 8.95796E-08-1.27292E-06-2.29936E-09-2.02568E-09
 -1       306-3.04054E-07 8.50043E-08 8.51746E-08-1.27384E-06 5.77675E-10-2.03167E-09
 -1       307-2.88407E-07 8.08733E-08 8.07611E-08-1.27361E-06-1.79666E-10-1.78795E-09
 -1       308-2.71867E-07 7.59779E-08 7.62405E-08-1.27384E-06-1.23620E-11-2.05106E-09
 -1       309-2.57069E-07 7.18787E-08 7.19619E-08-1.27355E-06 1.28089E-10-1.96786E-09
 -1       310-2.41016E-07 6.77437E-08 6.74329E-08-1.27353E-06 1.48810E-11-1.78598E-09
 -1       311-2.25102E-07 6.28734E-08 6.30403E-08-1.27365E-06-5.91076E-11-2.08535E-09
 -1       312-2.10191E-07 5.87496E-08 5.87877E-08-1.27342E-06 4.87487E-11-1.88307E-09
 -1       313-1.94710E-07 5.49403E-08 5.44897E-08-1.27360E-06-1.46231E-11-1.79666E-09
 -1       314-1.78932E-07 5.02661E-08 5.02583E-08-1.27367E-06-6.48864E-12-2.23257E-09
 -1       315-1.64621E-07 4.58999E-08 4.61056E-08-1.27358E-06-4.05984E-11-1.96872E-09
 -1       316-1.50601E-07 4.23469E-08 4.20519E-08-1.27364E-06-2.02428E-10-1.70483E-09
 -1       317-1.35513E-07 3.79755E-08 3.79866E-08-1.27362E-06 6.54639E-12-1.59168E-09
 -1       318-1.22046E-07 3.38015E-08 3.41484E-08-1.27343E-06 5.92367E-11-1.56295E-09
 -1       319-1.08456E-07 3.08278E-08 3.04234E-08-1.27359E-06 2.91378E-10-1.87906E-09
 -1       320-9.59265E-08 2.69188E-08 2.68728E-08-1.27327E-06 2.13208E-10-1.57059E-09
 -1       321-8.29989E-08 2.35240E-08 2.32525E-08-1.27318E-06-1.51614E-10-1.63181E-09
 -1       322-7.21990E-08 2.03453E-08 2.01093E-08-1.27326E-06 1.89732E-10-1.32196E-09
 -1       323-6.01533E-08 1.70224E-08 1.67548E-08-1.27304E-06 2.41033E-11-1.25673E-09
 -1       324-5.02348E-08 1.42186E-08 1.39746E-08-1.27335E-06-2.16639E-11-1.53308E-09
 -1       325-4.13866E-08 1.17189E-08 1.15983E-08-1.27314E-06 8.97710E-11-9.97900E-10
 -1       326-3.18797E-08 8.87552E-09 9.36349E-09-1.27284E-06 1.54178E-10-1.06584E-09
 -1       327-2.49352E-08 7.02599E-09 6.94753E-09-1.27300E-06 2.52620E-10-9.26408E-10
 -1       328-1.77496E-08 5.43204E-09 4.77724E-09-1.27269E-06-3.58287E-10-9.02340E-10
 -1       329-1.16187E-08 3.46532E-09 3.34490E-09-1.27297E-06 1.13128E-10-8.42645E-10
 -1       330-7.94710E-09 2.49253E-09 2.16382E-09-1.27288E-06-1.55190E-10-6.36022E-10
 -1       331-3.28245E-09 1.14078E-09 8.46503E-10-1.27254E-06 4.39211E-10-5.54674E-10
 -1       332-1.86325E-09 3.66229E-10 3.93467E-10-1.27490E-06-6.94083E-10-1.95801E-10
 -1       333-1.63078E-10 7.90305E-10-8.51297E-11-1.31169E-06 1.06527E-09-6.70681E-11
 -1       334 2.73129E-05-6.90239E-06-7.91953E-06 3.35183E-07-3.72137E-07-1.30423E-06
 -1       335-3.73869E-07 8.32643E-08 9.37161E-08 2.52338E-06 1.56785E-06-2.77441E-08
 -1       336 2.62629E-05-7.31329E-06-7.28891E-06-8.40408E-07 1.32530E-07-1.93618E-08
 -1       337-3.73059E-07 1.01096E-07 1.13549E-07-4.38461E-07 3.12955E-08 2.03919E-09
 -1       338 2.57657E-05-7.21211E-06-7.22307E-06-7.89103E-07-3.03914E-08-2.66987E-08
 -1       339-3.59390E-07 1.01474E-07 9.89200E-08-1.21601E-06 5.21012E-08-1.24782E-09
 -1       340 2.48605E-05-6.95851E-06-6.95869E-06-8.07298E-07 7.77946E-09-1.52256E-08
 -1       341-3.43628E-07 9.59567E-08 9.66137E-08-1.13221E-06-1.29056E-08-8.62489E-10
 -1       342 2.40531E-05-6.73550E-06-6.73540E-06-8.03360E-07-2.00904E-09-1.53430E-08
 -1       343-3.28071E-07 9.20494E-08 9.16661E-08-1.15710E-06 3.36747E-09-9.35060E-10
 -1       344 2.32245E-05-6.50275E-06-6.50284E-06-8.04444E-07 5.69223E-10-1.54018E-08
 -1       345-3.12104E-07 8.74029E-08 8.73865E-08-1.15169E-06-8.04483E-10-8.74324E-10
 -1       346 2.24014E-05-6.27228E-06-6.27238E-06-8.04015E-07-1.19361E-10-1.52009E-08
 -1       347-2.96312E-07 8.28992E-08 8.28544E-08-1.15295E-06 2.07204E-10-7.45595E-10
 -1       348 2.15768E-05-6.04164E-06-6.04138E-06-8.04327E-07 2.85611E-11-1.55496E-08
 -1       349-2.80062E-07 7.85136E-08 7.86479E-08-1.15274E-06-1.45894E-10-7.54109E-10
 -1       350 2.07518E-05-5.81050E-06-5.81060E-06-8.03981E-07-3.83130E-11-1.53808E-08
 -1       351-2.64546E-07 7.38026E-08 7.40065E-08-1.15276E-06 9.45639E-11-8.99018E-10
 -1       352 1.99274E-05-5.57956E-06-5.57952E-06-8.04015E-07 8.73352E-11-1.54471E-08
 -1       353-2.49118E-07 6.99396E-08 6.96969E-08-1.15260E-06 4.87355E-11-7.12677E-10
 -1       354 1.91028E-05-5.34883E-06-5.34876E-06-8.04097E-07-5.04854E-13-1.55466E-08
 -1       355-2.32895E-07 6.52517E-08 6.52468E-08-1.15256E-06-1.89893E-11-8.52544E-10
 -1       356 1.82773E-05-5.11778E-06-5.11775E-06-8.04009E-07-5.21360E-11-1.53116E-08
 -1       357-2.17749E-07 6.07742E-08 6.08211E-08-1.15258E-06 3.00068E-11-8.13096E-10
 -1       358 1.74530E-05-4.88659E-06-4.88682E-06-8.04093E-07-1.80626E-11-1.53789E-08
 -1       359-2.02548E-07 5.68438E-08 5.67046E-08-1.15258E-06 3.40353E-12-7.19560E-10
 -1       360 1.66277E-05-4.65574E-06-4.65583E-06-8.04171E-07 7.75195E-11-1.54081E-08
 -1       361-1.86644E-07 5.26021E-08 5.24538E-08-1.15270E-06-6.35261E-11-9.52214E-10
 -1       362 1.58022E-05-4.42472E-06-4.42456E-06-8.03925E-07 1.06266E-10-1.53257E-08
 -1       363-1.72052E-07 4.80643E-08 4.81460E-08-1.15263E-06 1.31855E-11-1.04228E-09
 -1       364 1.49759E-05-4.19306E-06-4.19340E-06-8.04112E-07-2.71847E-10-1.50606E-08
 -1       365-1.57528E-07 4.41362E-08 4.39883E-08-1.15263E-06-1.11741E-10-8.43393E-10
 -1       366 1.41505E-05-3.96197E-06-3.96190E-06-8.04117E-07 3.84593E-11-1.51576E-08
 -1       367-1.43084E-07 4.01571E-08 4.00373E-08-1.15280E-06-2.59740E-11-5.32862E-10
 -1       368 1.33237E-05-3.73073E-06-3.73052E-06-8.03921E-07 1.71424E-10-1.50179E-08
 -1       369-1.28754E-07 3.58012E-08 3.59698E-08-1.15252E-06 3.16588E-11-6.85931E-10
 -1       370 1.24972E-05-3.49909E-06-3.49922E-06-8.03968E-07 1.10169E-10-1.52515E-08
 -1       371-1.15009E-07 3.21951E-08 3.23421E-08-1.15256E-06 1.26718E-10-7.16153E-10
 -1       372 1.16690E-05-3.26760E-06-3.26740E-06-8.03909E-07 2.77762E-10-1.50801E-08
 -1       373-1.02493E-07 2.88422E-08 2.86479E-08-1.15253E-06 2.56764E-10-9.47884E-10
 -1       374 1.08417E-05-3.03537E-06-3.03570E-06-8.03819E-07 9.49118E-11-1.48742E-08
 -1       375-8.93139E-08 2.51696E-08 2.48245E-08-1.15223E-06-4.82320E-11-5.63196E-10
 -1       376 1.00125E-05-2.80328E-06-2.80349E-06-8.03645E-07 4.02278E-11-1.50603E-08
 -1       377-7.76139E-08 2.18831E-08 2.17059E-08-1.15232E-06-4.39468E-11-6.81137E-10
 -1       378 9.18363E-06-2.57128E-06-2.57158E-06-8.03499E-07 2.91333E-11-1.47398E-08
 -1       379-6.62095E-08 1.85358E-08 1.83432E-08-1.15208E-06 4.68238E-11-4.31918E-10
 -1       380 8.35330E-06-2.33876E-06-2.33892E-06-8.03751E-07-3.94783E-11-1.47659E-08
 -1       381-5.52024E-08 1.55124E-08 1.54230E-08-1.15233E-06 4.82071E-11-6.16837E-10
 -1       382 7.52254E-06-2.10612E-06-2.10615E-06-8.03172E-07 1.93289E-10-1.47071E-08
 -1       383-4.58545E-08 1.29175E-08 1.28765E-08-1.15229E-06 5.00186E-11-7.09628E-10
 -1       384 6.69041E-06-1.87332E-06-1.87331E-06-8.03537E-07 2.35566E-10-1.45008E-08
 -1       385-3.65372E-08 1.02917E-08 1.04009E-08-1.15189E-06 1.62966E-10-4.17109E-10
 -1       386 5.85823E-06-1.64001E-06-1.64026E-06-8.03358E-07 2.58080E-10-1.42853E-08
 -1       387-2.83567E-08 7.85936E-09 7.97943E-09-1.15202E-06 1.40171E-10-4.13370E-10
 -1       388 5.02443E-06-1.40682E-06-1.40693E-06-8.03304E-07-1.61004E-10-1.43146E-08
 -1       389-2.12658E-08 6.11120E-09 5.91737E-09-1.15167E-06-6.30041E-11-3.94589E-10
 -1       390 4.18998E-06-1.17328E-06-1.17294E-06-8.03335E-07 2.45692E-10-1.42854E-08
 -1       391-1.48083E-08 4.41545E-09 4.05720E-09-1.15199E-06 7.76510E-12-4.04871E-10
 -1       392 3.35393E-06-9.38903E-07-9.38967E-07-8.03292E-07 2.40595E-11-1.40504E-08
 -1       393-9.91713E-09 2.96979E-09 2.68428E-09-1.15194E-06-5.11303E-12-4.42550E-10
 -1       394 2.51752E-06-7.04864E-07-7.05120E-07-8.02839E-07 3.27217E-10-1.39984E-08
 -1       395-5.61136E-09 1.74076E-09 1.41941E-09-1.15172E-06 6.53965E-11-2.94402E-10
 -1       396 1.67906E-06-4.70843E-07-4.68703E-07-8.03480E-07-2.26588E-10-1.37713E-08
 -1       397-2.49495E-09 7.91549E-10 6.14161E-10-1.15185E-06-8.34329E-11-3.02209E-10
 -1       398 8.11531E-07-2.46312E-07-2.42652E-07-7.98188E-07-5.62715E-10-1.53816E-08
 -1       399-9.17566E-10 4.06918E-10 1.68656E-10-1.14612E-06 4.36892E-10-1.22058E-10
 -1       400-5.00416E-11 3.92327E-10-1.30680E-10-1.14265E-06-2.69854E-08 8.27992E-11
 -1       401-2.81038E-05 7.10550E-06 8.16059E-06 3.42411E-07-3.75559E-07 1.31334E-06
 -1       402-2.69973E-05 7.51932E-06 7.48553E-06-8.38674E-07 1.33092E-07 1.95270E-08
 -1       403-2.64685E-05 7.40860E-06 7.42211E-06-7.87850E-07-3.05215E-08 2.21027E-08
 -1       404-2.55320E-05 7.14675E-06 7.14613E-06-8.06379E-07 7.88711E-09 1.15291E-08
 -1       405-2.46935E-05 6.91492E-06 6.91478E-06-8.02208E-07-2.01625E-09 1.14111E-08
 -1       406-2.38329E-05 6.67295E-06 6.67309E-06-8.03285E-07 5.27126E-10 1.18166E-08
 -1       407-2.29777E-05 6.43391E-06 6.43378E-06-8.03184E-07-1.21797E-10 1.17368E-08
 -1       408-2.21212E-05 6.19377E-06 6.19406E-06-8.03127E-07-4.82390E-11 1.15013E-08
 -1       409-2.12655E-05 5.95441E-06 5.95419E-06-8.03153E-07 9.95869E-11 1.18455E-08
 -1       410-2.04094E-05 5.71464E-06 5.71464E-06-8.02885E-07-1.25693E-12 1.16669E-08
 -1       411-1.95534E-05 5.47487E-06 5.47495E-06-8.03102E-07-6.70011E-11 1.17494E-08
 -1       412-1.86979E-05 5.23536E-06 5.23546E-06-8.02916E-07 1.34470E-11 1.19359E-08
 -1       413-1.78417E-05 4.99598E-06 4.99566E-06-8.03163E-07 3.45869E-11 1.19113E-08
 -1       414-1.69862E-05 4.75633E-06 4.75611E-06-8.03033E-07 4.81451E-11 1.15110E-08
 -1       415-1.61313E-05 4.51683E-06 4.51681E-06-8.03085E-07-9.81326E-11 1.14780E-08
 -1       416-1.52768E-05 4.27741E-06 4.27755E-06-8.03214E-07-6.46884E-11 1.17337E-08
 -1       417-1.44217E-05 4.03779E-06 4.03802E-06-8.03263E-07-9.10355E-12 1.18046E-08
 -1       418-1.35680E-05 3.79878E-06 3.79885E-06-8.03050E-07 9.37293E-12 1.20361E-08
 -1       419-1.27136E-05 3.56025E-06 3.55979E-06-8.03226E-07 1.01172E-10 1.19383E-08
 -1       420-1.18612E-05 3.32125E-06 3.32110E-06-8.02940E-07 1.59474E-10 1.19534E-08
 -1       421-1.10078E-05 3.08231E-06 3.08230E-06-8.03003E-07-8.85185E-11 1.19599E-08
 -1       422-1.01565E-05 2.84380E-06 2.84362E-06-8.02879E-07-2.33941E-11 1.23424E-08
 -1       423-9.30439E-06 2.60516E-06 2.60523E-06-8.02751E-07-4.29410E-11 1.23438E-08
 -1       424-8.45412E-06 2.36718E-06 2.36698E-06-8.02978E-07 4.59931E-11 1.22907E-08
 -1       425-7.60431E-06 2.12913E-06 2.12914E-06-8.02960E-07 2.06649E-10 1.25482E-08
 -1       426-6.75525E-06 1.89154E-06 1.89171E-06-8.02848E-07-9.79870E-14 1.25118E-08
 -1       427-5.90739E-06 1.65423E-06 1.65379E-06-8.02728E-07 6.04503E-11 1.27514E-08
 -1       428-5.05988E-06 1.41697E-06 1.41682E-06-8.02685E-07-7.68270E-11 1.27018E-08
 -1       429-4.21374E-06 1.17995E-06 1.17976E-06-8.03062E-07 1.40393E-10 1.30003E-08
 -1       430-3.36929E-06 9.43360E-07 9.43152E-07-8.02912E-07 7.91535E-11 1.27692E-08
 -1       431-2.52459E-06 7.06730E-07 7.07282E-07-8.02793E-07 2.04563E-10 1.30497E-08
 -1       432-1.68245E-06 4.72139E-07 4.69406E-07-8.03191E-07-2.59955E-10 1.33270E-08
 -1       433-8.11844E-07 2.46550E-07 2.42602E-07-7.98251E-07-5.51434E-10 1.52907E-08
 -1       434-2.56655E-10 1.49022E-10 1.95486E-10-1.02033E-06 1.73328E-11-2.31144E-10
 -1       435 4.65013E-08-2.91516E-07-1.31051E-09-6.86710E-07 1.98339E-10-1.93839E-10
 -1       436 4.20472E-11-8.93941E-11 3.68517E-11-1.02695E-06-7.77545E-08-3.42592E-10
 -1       437 1.23349E-10 3.80486E-11 2.11187E-10-1.02711E-06 7.77345E-08-7.99157E-11
 -1       438-4.65253E-08 2.91577E-07 1.47020E-09-6.86974E-07-2.20801E-10-2.21937E-10
 -1       439 1.65200E-10-3.77453E-10 4.84119E-11-1.31144E-06-9.26508E-10-6.56448E-11
 -1       440 1.12843E-09-8.95008E-10 6.31798E-11-1.27446E-06 1.25642E-09-3.74511E-10
 -1       441 3.91846E-09-1.17589E-09-1.30692E-09-1.27210E-06-2.27185E-11-3.61939E-10
 -1       442 7.16014E-09-2.23440E-09-1.95769E-09-1.27204E-06 1.98252E-10-3.32572E-10
 -1       443 1.26180E-08-3.68832E-09-3.07053E-09-1.27208E-06 3.33514E-10-5.75337E-10
 -1       444 1.80152E-08-5.38241E-09-4.96465E-09-1.27174E-06 3.13964E-10-1.05154E-09
 -1       445 2.41562E-08-6.97677E-09-6.89163E-09-1.27188E-06-3.57145E-10-9.39108E-10
 -1       446 3.27065E-08-9.57138E-09-9.24009E-09-1.27186E-06 1.51904E-10-7.91550E-10
 -1       447 4.08080E-08-1.15905E-08-1.15832E-08-1.27163E-06-1.93178E-11-8.20737E-10
 -1       448 4.99026E-08-1.40466E-08-1.39203E-08-1.27168E-06 1.71838E-10-1.03698E-09
 -1       449 6.17635E-08-1.76310E-08-1.69516E-08-1.27131E-06-1.71384E-10-1.50517E-09
 -1       450 7.10730E-08-2.02528E-08-1.99279E-08-1.27135E-06-2.04518E-10-1.53654E-09
 -1       451 8.32953E-08-2.31969E-08-2.34013E-08-1.27157E-06 2.19011E-10-1.47155E-09
 -1       452 9.58952E-08-2.72170E-08-2.68738E-08-1.27148E-06 5.15501E-11-1.47689E-09
 -1       453 1.08459E-07-3.02002E-08-3.02294E-08-1.27128E-06-1.39764E-10-1.72986E-09
 -1       454 1.22100E-07-3.44563E-08-3.42149E-08-1.27131E-06 2.12333E-11-1.92706E-09
 -1       455 1.35590E-07-3.80955E-08-3.80074E-08-1.27123E-06-2.57413E-11-1.68239E-09
 -1       456 1.50025E-07-4.20286E-08-4.18542E-08-1.27135E-06 1.15628E-10-1.93899E-09
 -1       457 1.64342E-07-4.57883E-08-4.61923E-08-1.27141E-06 8.10014E-11-1.92746E-09
 -1       458 1.79688E-07-5.04330E-08-5.03035E-08-1.27131E-06 7.86852E-11-1.84973E-09
 -1       459 1.94806E-07-5.48479E-08-5.43584E-08-1.27095E-06 1.07978E-10-2.19676E-09
 -1       460 2.09461E-07-5.88848E-08-5.87488E-08-1.27098E-06-1.17438E-10-1.80553E-09
 -1       461 2.25327E-07-6.32145E-08-6.31218E-08-1.27107E-06-5.05211E-11-1.79553E-09
 -1       462 2.40648E-07-6.71412E-08-6.74954E-08-1.27091E-06 4.02436E-11-1.93140E-09
 -1       463 2.56776E-07-7.19261E-08-7.18624E-08-1.27101E-06-8.06323E-11-1.71008E-09
 -1       464 2.73270E-07-7.66046E-08-7.62939E-08-1.27104E-06 9.73584E-12-2.12504E-09
 -1       465 2.88027E-07-8.06025E-08-8.06888E-08-1.27101E-06 1.62069E-10-2.15434E-09
 -1       466 3.03787E-07-8.50171E-08-8.50583E-08-1.27111E-06-4.49850E-10-2.01941E-09
 -1       467 3.19760E-07-8.95811E-08-8.97000E-08-1.27035E-06 2.11270E-09-1.91202E-09
 -1       468 3.35690E-07-9.40407E-08-9.37493E-08-1.27460E-06-9.48876E-09-1.76794E-09
 -1       469 3.52035E-07-9.81203E-08-9.97872E-08-1.26345E-06 3.74889E-08-2.18274E-09
 -1       470 3.66512E-07-1.04774E-07-9.78338E-08-1.39908E-06-1.86794E-07-1.16183E-09
 -1       471 4.04566E-07-9.34689E-08-1.25558E-07-1.11806E-06 1.45583E-07 1.06770E-08
 -1       472 8.11844E-07-2.46844E-07-2.42472E-07-7.98040E-07 8.04847E-10 1.52875E-08
 -1       473 9.57975E-12-1.63026E-10-9.65415E-11-1.14256E-06 2.72317E-08-7.96664E-11
 -1       474 1.68198E-06-4.72237E-07-4.69526E-07-8.03108E-07 4.98980E-10 1.33452E-08
 -1       475 7.35306E-10-6.02276E-10 9.04291E-11-1.14584E-06-1.43768E-10-1.62582E-10
 -1       476 2.52494E-06-7.07164E-07-7.07612E-07-8.02412E-07-6.67475E-12 1.33434E-08
 -1       477 2.49458E-09-9.37856E-10-5.51435E-10-1.15142E-06 5.44336E-10-8.72586E-11
 -1       478 3.36887E-06-9.43507E-07-9.43191E-07-8.02370E-07 3.75434E-10 1.30792E-08
 -1       479 5.63183E-09-1.59239E-09-1.48593E-09-1.15108E-06 2.10847E-11-8.45016E-11
 -1       480 4.21429E-06-1.18049E-06-1.17981E-06-8.02413E-07 1.79753E-10 1.29606E-08
 -1       481 9.84840E-09-2.88549E-09-2.53423E-09-1.15109E-06 1.27689E-10-1.50327E-10
 -1       482 5.06009E-06-1.41687E-06-1.41694E-06-8.02124E-07 2.18113E-10 1.27384E-08
 -1       483 1.51010E-08-4.49935E-09-3.99368E-09-1.15080E-06 2.12403E-10-3.13024E-10
 -1       484 5.90724E-06-1.65414E-06-1.65395E-06-8.02225E-07-4.22654E-11 1.25467E-08
 -1       485 2.11777E-08-6.00883E-09-5.86864E-09-1.15077E-06 3.75057E-11-4.62339E-10
 -1       486 6.75534E-06-1.89206E-06-1.89154E-06-8.01992E-07 2.75426E-10 1.25998E-08
 -1       487 2.85515E-08-8.02441E-09-7.74076E-09-1.15108E-06-8.09984E-11-3.89261E-10
 -1       488 7.60435E-06-2.12929E-06-2.12934E-06-8.02188E-07 8.04417E-11 1.25916E-08
 -1       489 3.65118E-08-1.06007E-08-1.03986E-08-1.15064E-06 7.15887E-11-3.10574E-10
 -1       490 8.45371E-06-2.36711E-06-2.36693E-06-8.02059E-07 1.76645E-10 1.23844E-08
 -1       491 4.56595E-08-1.26645E-08-1.27715E-08-1.15069E-06 5.97995E-11-2.07131E-10
 -1       492 9.30533E-06-2.60562E-06-2.60528E-06-8.01605E-07-1.01425E-10 1.22194E-08
 -1       493 5.58161E-08-1.57251E-08-1.54173E-08-1.15053E-06 2.15546E-11-4.28492E-10
 -1       494 1.01557E-05-2.84384E-06-2.84363E-06-8.01873E-07-3.71471E-11 1.20935E-08
 -1       495 6.61587E-08-1.89070E-08-1.83879E-08-1.15040E-06-1.77473E-10-7.90893E-10
 -1       496 1.10081E-05-3.08223E-06-3.08237E-06-8.01914E-07 2.27880E-10 1.20540E-08
 -1       497 7.74312E-08-2.16085E-08-2.16231E-08-1.15063E-06-1.53326E-11-5.96780E-10
 -1       498 1.18606E-05-3.32107E-06-3.32093E-06-8.01820E-07 3.01216E-11 1.21764E-08
 -1       499 8.92852E-08-2.51298E-08-2.49673E-08-1.15042E-06 1.47744E-10-6.73730E-10
 -1       500 1.27143E-05-3.55995E-06-3.55992E-06-8.01812E-07 1.82664E-11 1.16002E-08
 -1       501 1.02379E-07-2.86700E-08-2.86136E-08-1.15039E-06-9.12806E-11-7.01454E-10
 -1       502 1.35673E-05-3.79899E-06-3.79896E-06-8.01513E-07 8.10477E-11 1.17341E-08
 -1       503 1.15454E-07-3.22713E-08-3.22117E-08-1.15045E-06 2.69412E-11-8.22357E-10
 -1       504 1.44222E-05-4.03813E-06-4.03817E-06-8.01854E-07 1.34826E-11 1.17248E-08
 -1       505 1.28474E-07-3.63390E-08-3.59390E-08-1.15026E-06 2.20875E-12-7.62934E-10
 -1       506 1.52761E-05-4.27748E-06-4.27739E-06-8.01629E-07 1.59653E-10 1.16274E-08
 -1       507 1.42997E-07-3.98800E-08-3.98921E-08-1.15043E-06 7.13468E-11-8.60516E-10
 -1       508 1.61313E-05-4.51675E-06-4.51675E-06-8.01656E-07 1.69599E-10 1.14037E-08
 -1       509 1.57151E-07-4.38683E-08-4.39433E-08-1.15046E-06 2.81991E-11-8.71374E-10
 -1       510 1.69864E-05-4.75627E-06-4.75623E-06-8.01581E-07-1.69441E-11 1.17336E-08
 -1       511 1.71992E-07-4.81622E-08-4.81336E-08-1.15037E-06 2.55454E-11-8.04213E-10
 -1       512 1.78421E-05-4.99584E-06-4.99578E-06-8.01438E-07 1.90652E-11 1.15666E-08
 -1       513 1.87273E-07-5.26921E-08-5.23831E-08-1.15016E-06 1.15297E-10-1.00311E-09
 -1       514 1.86975E-05-5.23553E-06-5.23532E-06-8.01389E-07-3.13505E-11 1.16481E-08
 -1       515 2.02098E-07-5.68076E-08-5.66250E-08-1.15000E-06 1.76001E-11-9.77777E-10
 -1       516 1.95531E-05-5.47496E-06-5.47494E-06-8.01392E-07-9.25309E-11 1.17465E-08
 -1       517 2.17522E-07-6.09754E-08-6.08980E-08-1.15009E-06-5.37723E-11-6.53178E-10
 -1       518 2.04092E-05-5.71435E-06-5.71462E-06-8.01365E-07 2.97800E-11 1.16861E-08
 -1       519 2.33081E-07-6.51977E-08-6.53333E-08-1.15002E-06-2.24139E-11-7.25045E-10
 -1       520 2.12653E-05-5.95438E-06-5.95427E-06-8.01429E-07 3.41395E-11 1.18353E-08
 -1       521 2.48750E-07-6.95239E-08-6.96609E-08-1.15002E-06-5.46229E-12-6.61226E-10
 -1       522 2.21222E-05-6.19422E-06-6.19405E-06-8.01538E-07 1.40512E-12 1.14250E-08
 -1       523 2.64933E-07-7.42928E-08-7.40316E-08-1.15001E-06-6.86262E-11-7.25904E-10
 -1       524 2.29773E-05-6.43374E-06-6.43374E-06-8.01321E-07 1.85489E-10 1.14065E-08
 -1       525 2.80619E-07-7.85174E-08-7.85498E-08-1.15012E-06 1.19028E-10-1.00454E-09
 -1       526 2.38332E-05-6.67301E-06-6.67307E-06-8.01573E-07-5.06131E-10 1.14455E-08
 -1       527 2.95864E-07-8.28631E-08-8.28231E-08-1.15021E-06-1.85039E-10-9.74235E-10
 -1       528 2.46923E-05-6.91465E-06-6.91466E-06-8.00631E-07 1.91123E-09 1.14979E-08
 -1       529 3.11877E-07-8.73129E-08-8.74287E-08-1.14910E-06 8.30101E-10-8.69979E-10
 -1       530 2.55327E-05-7.14673E-06-7.14627E-06-8.04580E-07-7.85935E-09 1.15441E-08
 -1       531 3.27784E-07-9.18402E-08-9.17571E-08-1.15434E-06-3.39726E-09-7.05025E-10
 -1       532 2.64684E-05-7.40872E-06-7.42214E-06-7.86141E-07 3.06484E-08 2.22103E-08
 -1       533 3.43844E-07-9.61107E-08-9.67231E-08-1.12958E-06 1.29108E-08-6.17466E-10
 -1       534 2.69980E-05-7.51920E-06-7.48567E-06-8.36722E-07-1.33147E-07 1.93049E-08
 -1       535 3.60025E-07-1.01532E-07-9.87616E-08-1.21319E-06-5.20945E-08-1.33051E-09
 -1       536 2.81037E-05-7.10581E-06-8.16046E-06 3.44226E-07 3.75541E-07 1.31278E-06
 -1       537 3.73237E-07-1.01135E-07-1.13469E-07-4.35640E-07-3.12765E-08 1.53936E-09
 -1       538 3.73329E-07-8.32597E-08-9.35852E-08 2.52554E-06-1.56781E-06-2.80162E-08
 -1       539-8.11398E-07 2.46262E-07 2.42420E-07-7.98148E-07 6.36691E-10-1.54883E-08
 -1       540-1.67965E-06 4.71017E-07 4.69180E-07-8.03279E-07 7.63648E-10-1.38298E-08
 -1       541-2.51701E-06 7.04403E-07 7.05183E-07-8.02646E-07-1.45475E-10-1.39304E-08
 -1       542-3.35451E-06 9.39400E-07 9.39266E-07-8.02743E-07 9.40205E-11-1.36824E-08
 -1       543-4.18917E-06 1.17279E-06 1.17326E-06-8.02755E-07 8.43491E-11-1.41633E-08
 -1       544-5.02448E-06 1.40680E-06 1.40681E-06-8.02637E-07-2.82569E-11-1.42473E-08
 -1       545-5.85810E-06 1.64015E-06 1.64030E-06-8.02566E-07-1.96774E-10-1.44698E-08
 -1       546-6.69041E-06 1.87322E-06 1.87353E-06-8.02605E-07 7.00035E-11-1.43625E-08
 -1       547-7.52243E-06 2.10640E-06 2.10633E-06-8.02332E-07-9.72620E-11-1.45636E-08
 -1       548-8.35372E-06 2.33874E-06 2.33910E-06-8.02607E-07 5.13078E-11-1.45487E-08
 -1       549-9.18250E-06 2.57076E-06 2.57129E-06-8.02506E-07 1.19694E-11-1.47946E-08
 -1       550-1.00133E-05 2.80371E-06 2.80365E-06-8.02548E-07-1.52491E-10-1.49453E-08
 -1       551-1.08413E-05 3.03565E-06 3.03559E-06-8.02701E-07 6.54422E-11-1.47855E-08
 -1       552-1.16694E-05 3.26722E-06 3.26747E-06-8.02733E-07-6.00170E-11-1.48974E-08
 -1       553-1.24968E-05 3.49938E-06 3.49905E-06-8.02524E-07-1.19409E-10-1.49794E-08
 -1       554-1.33238E-05 3.73039E-06 3.73082E-06-8.02726E-07 6.00905E-11-1.51505E-08
 -1       555-1.41502E-05 3.96205E-06 3.96203E-06-8.02416E-07 3.17661E-11-1.50655E-08
 -1       556-1.49768E-05 4.19344E-06 4.19358E-06-8.02901E-07 9.54123E-11-1.50171E-08
 -1       557-1.58020E-05 4.42471E-06 4.42458E-06-8.02637E-07-7.25996E-11-1.51397E-08
 -1       558-1.66275E-05 4.65558E-06 4.65570E-06-8.02588E-07-3.62181E-11-1.51746E-08
 -1       559-1.74526E-05 4.88663E-06 4.88681E-06-8.02356E-07 6.19277E-11-1.54661E-08
 -1       560-1.82778E-05 5.11774E-06 5.11781E-06-8.02260E-07-1.35735E-11-1.53306E-08
 -1       561-1.91029E-05 5.34870E-06 5.34882E-06-8.02496E-07 2.07237E-11-1.53100E-08
 -1       562-1.99276E-05 5.57978E-06 5.57962E-06-8.02362E-07-4.14468E-11-1.52181E-08
 -1       563-2.07518E-05 5.81045E-06 5.81056E-06-8.02516E-07-4.32909E-11-1.52181E-08
 -1       564-2.15763E-05 6.04139E-06 6.04142E-06-8.02469E-07 7.41043E-11-1.52330E-08
 -1       565-2.24011E-05 6.27238E-06 6.27242E-06-8.02478E-07 1.01851E-10-1.54215E-08
 -1       566-2.32250E-05 6.50283E-06 6.50275E-06-8.02544E-07-5.34038E-10-1.54872E-08
 -1       567-2.40532E-05 6.73560E-06 6.73544E-06-8.01772E-07 2.03749E-09-1.50785E-08
 -1       568-2.48608E-05 6.95859E-06 6.95874E-06-8.05444E-07-7.83693E-09-1.49381E-08
 -1       569-2.57651E-05 7.21192E-06 7.22303E-06-7.87499E-07 3.02900E-08-2.63644E-08
 -1       570-2.62624E-05 7.31342E-06 7.28893E-06-8.38684E-07-1.32491E-07-1.93394E-08
 -1       571-2.73135E-05 6.90250E-06 7.91966E-06 3.36797E-07 3.72165E-07-1.30465E-06
 -1       572-5.90033E-10-1.66076E-15-6.20614E-16 2.22656E-06-5.09773E-17 1.38686E-08
 -1       573 2.23875E-05-3.04386E-10-2.48884E-10-2.05168E-06-1.04969E-13 2.82843E-08
 -1       574 1.55794E-07-1.72702E-12-2.10730E-12 4.35898E-06-1.49007E-11-1.58775E-08
 -1       575-1.56578E-07 1.73046E-12 2.10946E-12 4.35821E-06 1.49006E-11-1.59097E-08
 -1       576-2.23880E-05 3.04390E-10 2.48886E-10-2.05177E-06 1.04815E-13 2.90766E-08
 -1       577 5.84233E-05-1.81425E-05-1.35079E-05 1.63970E-06 1.04730E-09-1.24029E-08
 -1       578 5.36540E-05-1.43497E-05-1.53490E-05-8.04082E-08-1.29205E-09-1.43217E-08
 -1       579 5.21025E-05-1.47740E-05-1.45251E-05-2.40850E-07 1.83179E-10-1.32337E-08
 -1       580 5.04179E-05-1.40707E-05-1.41304E-05-2.04374E-07 3.64387E-11-1.32824E-08
 -1       581 4.87356E-05-1.36576E-05-1.36435E-05-2.15418E-07-4.18179E-11-1.32321E-08
 -1       582 4.70558E-05-1.31729E-05-1.31763E-05-2.12864E-07 7.64902E-11-1.34374E-08
 -1       583 4.53760E-05-1.27059E-05-1.27052E-05-2.13183E-07-7.09581E-11-1.32005E-08
 -1       584 4.36949E-05-1.22344E-05-1.22343E-05-2.13092E-07-6.81912E-11-1.32517E-08
 -1       585 4.20147E-05-1.17640E-05-1.17639E-05-2.13011E-07 8.73735E-11-1.30551E-08
 -1       586 4.03343E-05-1.12936E-05-1.12939E-05-2.12959E-07-1.06494E-10-1.32620E-08
 -1       587 3.86531E-05-1.08229E-05-1.08229E-05-2.13063E-07 1.30898E-11-1.29216E-08
 -1       588 3.69725E-05-1.03523E-05-1.03522E-05-2.13206E-07 6.46689E-11-1.26392E-08
 -1       589 3.52925E-05-9.88194E-06-9.88187E-06-2.13059E-07-7.22174E-11-1.30467E-08
 -1       590 3.36115E-05-9.41136E-06-9.41127E-06-2.13207E-07 1.33875E-10-1.26438E-08
 -1       591 3.19314E-05-8.94064E-06-8.94097E-06-2.13476E-07 1.42261E-11-1.21836E-08
 -1       592 3.02508E-05-8.47026E-06-8.47019E-06-2.12916E-07-7.85496E-11-1.20306E-08
 -1       593 2.85699E-05-7.99974E-06-7.99941E-06-2.13171E-07-1.89865E-10-1.19672E-08
 -1       594 2.68897E-05-7.52901E-06-7.52933E-06-2.13543E-07-1.50189E-10-1.13079E-08
 -1       595 2.52098E-05-7.05851E-06-7.05835E-06-2.13272E-07 5.96106E-11-1.07570E-08
 -1       596 2.35280E-05-6.58786E-06-6.58796E-06-2.12930E-07-9.18410E-11-1.05863E-08
 -1       597 2.18481E-05-6.11775E-06-6.11742E-06-2.13140E-07-8.95364E-11-9.99424E-09
 -1       598 2.01677E-05-5.64700E-06-5.64671E-06-2.12902E-07-5.15868E-11-9.39070E-09
 -1       599 1.84866E-05-5.17606E-06-5.17613E-06-2.12988E-07 6.84711E-11-8.92100E-09
 -1       600 1.68063E-05-4.70568E-06-4.70574E-06-2.13281E-07-3.75457E-11-8.42788E-09
 -1       601 1.51258E-05-4.23492E-06-4.23520E-06-2.12932E-07-1.19606E-10-7.35348E-09
 -1       602 1.34448E-05-3.76458E-06-3.76461E-06-2.13287E-07 1.84600E-10-6.80953E-09
 -1       603 1.17646E-05-3.29411E-06-3.29380E-06-2.13384E-07-2.40884E-11-6.03322E-09
 -1       604 1.00841E-05-2.82372E-06-2.82339E-06-2.13076E-07-4.96226E-11-5.15357E-09
 -1       605 8.40308E-06-2.35274E-06-2.35286E-06-2.13078E-07-1.63586E-10-4.25866E-09
 -1       606 6.72297E-06-1.88251E-06-1.88233E-06-2.13178E-07-1.75456E-10-3.61071E-09
 -1       607 5.04164E-06-1.41163E-06-1.41116E-06-2.13144E-07-2.25047E-10-2.63339E-09
 -1       608 3.36123E-06-9.41940E-07-9.43456E-07-2.10081E-07-3.26341E-11-1.46882E-09
 -1       609 1.68643E-06-4.81347E-07-4.69474E-07-1.68926E-07 1.45726E-10-5.34086E-10
 -1       610 5.72895E-05-1.74616E-05-1.47385E-05 6.89770E-07 2.50882E-07 4.85008E-07
 -1       611 5.36941E-05-1.34945E-05-1.19683E-05-3.90653E-06-1.10404E-08 1.42582E-08
 -1       612 5.39804E-05-1.44622E-05-1.51214E-05 6.99215E-08-4.77921E-08 1.21316E-07
 -1       613 5.42884E-05-1.64974E-05-1.47385E-05 2.72126E-07-1.06813E-10-7.32421E-09
 -1       614 5.22832E-05-1.47910E-05-1.46287E-05-2.44342E-07 1.58433E-08 5.45027E-08
 -1       615 5.29798E-05-1.45556E-05-1.49417E-05-1.52164E-07-4.88640E-10-1.26221E-08
 -1       616 5.05865E-05-1.41263E-05-1.41670E-05-1.88478E-07-4.15662E-09 4.46261E-08
 -1       617 5.12705E-05-1.44191E-05-1.43282E-05-8.50892E-08 1.09972E-10-1.20060E-08
 -1       618 4.88984E-05-1.37008E-05-1.36910E-05-2.02925E-07 1.15579E-09 4.75084E-08
 -1       619 4.95741E-05-1.38662E-05-1.38879E-05-9.26634E-08-4.01468E-12-1.20845E-08
 -1       620 4.72101E-05-1.32166E-05-1.32191E-05-1.99862E-07-2.88796E-10 4.62980E-08
 -1       621 4.78997E-05-1.34154E-05-1.34103E-05-9.22941E-08 1.57891E-11-1.23078E-08
 -1       622 4.55217E-05-1.27467E-05-1.27461E-05-2.00527E-07 7.70286E-11 4.67166E-08
 -1       623 4.62175E-05-1.29402E-05-1.29414E-05-9.23395E-08 1.87620E-11-1.21071E-08
 -1       624 4.38335E-05-1.22732E-05-1.22731E-05-2.00418E-07-3.57505E-11 4.65009E-08
 -1       625 4.45376E-05-1.24706E-05-1.24703E-05-9.21043E-08-6.16697E-11-1.21361E-08
 -1       626 4.21447E-05-1.18006E-05-1.18005E-05-2.00228E-07 6.57270E-11 4.67434E-08
 -1       627 4.28568E-05-1.19998E-05-1.19996E-05-9.20971E-08 4.37316E-11-1.19566E-08
 -1       628 4.04566E-05-1.13278E-05-1.13279E-05-2.00243E-07-5.91768E-11 4.66738E-08
 -1       629 4.11761E-05-1.15294E-05-1.15295E-05-9.21617E-08-2.02405E-11-1.20318E-08
 -1       630 3.87675E-05-1.08549E-05-1.08550E-05-2.00127E-07-3.70509E-11 4.69614E-08
 -1       631 3.94955E-05-1.10587E-05-1.10589E-05-9.19889E-08-6.24547E-11-1.18967E-08
 -1       632 3.70794E-05-1.03823E-05-1.03821E-05-2.00334E-07 3.85445E-11 4.69525E-08
 -1       633 3.78147E-05-1.05881E-05-1.05880E-05-9.20249E-08 2.37008E-11-1.17298E-08
 -1       634 3.53913E-05-9.90952E-06-9.90959E-06-2.00524E-07-7.28113E-11 4.67781E-08
 -1       635 3.61341E-05-1.01177E-05-1.01176E-05-9.21729E-08 1.47887E-11-1.17363E-08
 -1       636 3.37029E-05-9.43678E-06-9.43698E-06-2.00409E-07 2.84262E-11 4.71459E-08
 -1       637 3.44536E-05-9.64712E-06-9.64691E-06-9.22448E-08-1.21745E-11-1.17791E-08
 -1       638 3.20153E-05-8.96424E-06-8.96426E-06-2.00506E-07 4.93405E-11 4.72304E-08
 -1       639 3.27730E-05-9.17649E-06-9.17651E-06-9.23977E-08 1.06410E-10-1.13639E-08
 -1       640 3.03269E-05-8.49168E-06-8.49151E-06-2.00269E-07 1.13711E-11 4.73962E-08
 -1       641 3.10926E-05-8.70595E-06-8.70607E-06-9.23254E-08 8.83471E-12-1.10497E-08
 -1       642 2.86396E-05-8.01921E-06-8.01897E-06-2.00502E-07-8.37631E-11 4.73573E-08
 -1       643 2.94116E-05-8.23523E-06-8.23527E-06-9.22676E-08-1.34451E-10-1.10200E-08
 -1       644 2.69515E-05-7.54643E-06-7.54665E-06-2.00637E-07-3.77925E-11 4.79523E-08
 -1       645 2.77309E-05-7.76455E-06-7.76467E-06-9.22771E-08-1.59431E-10-1.05369E-08
 -1       646 2.52654E-05-7.07416E-06-7.07400E-06-2.00505E-07 9.60454E-11 4.79584E-08
 -1       647 2.60508E-05-7.29409E-06-7.29415E-06-9.24371E-08-3.30817E-11-1.01654E-08
 -1       648 2.35770E-05-6.60152E-06-6.60165E-06-2.00244E-07-1.03898E-10 4.83953E-08
 -1       649 2.43701E-05-6.82356E-06-6.82353E-06-9.20559E-08 3.95741E-11-9.81393E-09
 -1       650 2.18909E-05-6.12959E-06-6.12955E-06-2.00511E-07 7.46014E-12 4.86935E-08
 -1       651 2.26891E-05-6.35312E-06-6.35292E-06-9.21978E-08 4.58456E-11-9.36593E-09
 -1       652 2.02043E-05-5.65721E-06-5.65702E-06-2.00355E-07 6.21157E-11 4.89720E-08
 -1       653 2.10089E-05-5.88258E-06-5.88232E-06-9.21021E-08-2.77457E-11-8.80226E-09
 -1       654 1.85181E-05-5.18497E-06-5.18486E-06-2.00419E-07 2.07551E-11 4.93653E-08
 -1       655 1.93278E-05-5.41170E-06-5.41163E-06-9.19677E-08 2.27679E-11-8.35773E-09
 -1       656 1.68324E-05-4.71307E-06-4.71299E-06-2.00403E-07 1.23408E-11 4.98431E-08
 -1       657 1.76473E-05-4.94109E-06-4.94128E-06-9.21358E-08 2.40516E-11-8.03029E-09
 -1       658 1.51471E-05-4.24094E-06-4.24108E-06-2.00240E-07-4.82741E-11 5.04484E-08
 -1       659 1.59669E-05-4.47053E-06-4.47071E-06-9.22082E-08-4.72751E-11-7.19518E-09
 -1       660 1.34616E-05-3.76931E-06-3.76930E-06-2.00375E-07 1.71220E-10 5.06961E-08
 -1       661 1.42859E-05-3.99993E-06-4.00001E-06-9.20923E-08 1.84782E-14-6.34317E-09
 -1       662 1.17778E-05-3.29796E-06-3.29753E-06-2.00601E-07-4.31518E-11 5.11941E-08
 -1       663 1.26053E-05-3.52958E-06-3.52937E-06-9.23881E-08 1.34990E-10-5.86744E-09
 -1       664 1.00934E-05-2.82602E-06-2.82623E-06-2.00396E-07-4.82831E-11 5.20119E-08
 -1       665 1.09246E-05-3.05895E-06-3.05891E-06-9.22583E-08-6.42937E-11-5.10648E-09
 -1       666 8.40973E-06-2.35483E-06-2.35464E-06-2.00471E-07-3.03934E-11 5.23425E-08
 -1       667 9.24423E-06-2.58854E-06-2.58834E-06-9.21238E-08-2.05418E-10-4.29065E-09
 -1       668 6.72700E-06-1.88358E-06-1.88317E-06-2.00442E-07 1.29308E-10 5.27774E-08
 -1       669 7.56325E-06-2.11768E-06-2.11789E-06-9.22405E-08-1.82228E-10-3.75161E-09
 -1       670 5.04427E-06-1.41220E-06-1.41263E-06-2.00452E-07-9.71251E-11 5.33327E-08
 -1       671 5.88250E-06-1.64705E-06-1.64686E-06-9.21706E-08-1.34783E-10-2.76523E-09
 -1       672 3.36071E-06-9.42742E-07-9.41596E-07-1.98147E-07-4.39602E-10 5.46794E-08
 -1       673 4.20256E-06-1.17623E-06-1.17755E-06-9.19863E-08-1.94270E-10-1.81326E-09
 -1       674 1.68508E-06-4.79752E-07-4.76055E-07-1.60942E-07 4.68463E-09 4.39937E-08
 -1       675 2.52146E-06-7.05600E-07-7.04239E-07-9.60994E-08 4.94966E-11-9.39330E-10
 -1       676 9.43311E-07-2.29685E-07-2.85674E-07-1.03364E-07 8.26151E-11-4.29781E-10
 -1       677 5.69067E-05-1.73503E-05-1.46421E-05 6.71195E-07-2.45648E-07-4.86024E-07
 -1       678 5.36164E-05-1.43612E-05-1.50200E-05 6.95360E-08 4.59542E-08-1.38758E-07
 -1       679 5.19312E-05-1.46923E-05-1.45301E-05-2.44940E-07-1.54716E-08-7.10006E-08
 -1       680 5.02502E-05-1.40323E-05-1.40729E-05-1.88889E-07 4.07826E-09-6.14208E-08
 -1       681 4.85793E-05-1.36113E-05-1.36015E-05-2.03420E-07-1.16087E-09-6.41461E-08
 -1       682 4.69054E-05-1.31314E-05-1.31338E-05-2.00313E-07 3.28836E-10-6.32710E-08
 -1       683 4.52340E-05-1.26659E-05-1.26655E-05-2.00896E-07-9.24629E-11-6.33450E-08
 -1       684 4.35606E-05-1.21968E-05-1.21968E-05-2.00747E-07-8.49020E-12-6.34343E-08
 -1       685 4.18881E-05-1.17287E-05-1.17286E-05-2.00681E-07 1.66280E-11-6.30140E-08
 -1       686 4.02156E-05-1.12604E-05-1.12605E-05-2.00723E-07 2.89198E-11-6.34129E-08
 -1       687 3.85422E-05-1.07918E-05-1.07918E-05-2.00632E-07-6.57589E-11-6.32451E-08
 -1       688 3.68691E-05-1.03234E-05-1.03233E-05-2.00914E-07-1.62637E-12-6.28728E-08
 -1       689 3.51971E-05-9.85519E-06-9.85515E-06-2.00776E-07 2.55430E-11-6.32998E-08
 -1       690 3.35233E-05-9.38658E-06-9.38652E-06-2.00518E-07 1.83256E-12-6.30017E-08
 -1       691 3.18504E-05-8.91795E-06-8.91823E-06-2.00809E-07 1.19135E-10-6.28345E-08
 -1       692 3.01769E-05-8.44959E-06-8.44976E-06-2.00707E-07-1.79642E-10-6.24232E-08
 -1       693 2.85034E-05-7.98106E-06-7.98087E-06-2.00761E-07-8.56270E-11-6.26057E-08
 -1       694 2.68297E-05-7.51218E-06-7.51229E-06-2.01032E-07 9.65730E-12-6.22114E-08
 -1       695 2.51565E-05-7.04379E-06-7.04341E-06-2.00619E-07-2.16435E-11-6.20566E-08
 -1       696 2.34812E-05-6.57480E-06-6.57477E-06-2.00787E-07 7.10386E-11-6.14550E-08
 -1       697 2.18074E-05-6.10598E-06-6.10615E-06-2.00732E-07 5.21057E-11-6.11343E-08
 -1       698 2.01325E-05-5.63713E-06-5.63691E-06-2.00646E-07-2.42002E-10-6.10166E-08
 -1       699 1.84573E-05-5.16789E-06-5.16806E-06-2.00567E-07 2.92157E-11-6.05164E-08
 -1       700 1.67816E-05-4.69887E-06-4.69878E-06-2.00597E-07 3.95202E-12-6.03918E-08
 -1       701 1.51060E-05-4.22949E-06-4.22968E-06-2.00321E-07-7.79170E-12-5.98974E-08
 -1       702 1.34288E-05-3.76002E-06-3.76012E-06-2.00831E-07 1.01085E-10-5.92644E-08
 -1       703 1.17530E-05-3.29070E-06-3.29063E-06-2.00622E-07-4.26550E-12-5.88633E-08
 -1       704 1.00752E-05-2.82128E-06-2.82115E-06-2.00683E-07 4.51647E-12-5.82450E-08
 -1       705 8.39734E-06-2.35113E-06-2.35101E-06-2.00502E-07-2.33842E-12-5.77994E-08
 -1       706 6.71918E-06-1.88143E-06-1.88142E-06-2.00652E-07-1.25006E-10-5.72953E-08
 -1       707 5.04008E-06-1.41123E-06-1.41099E-06-2.00534E-07-1.35905E-10-5.63822E-08
 -1       708 3.35892E-06-9.42100E-07-9.41078E-07-1.98183E-07 3.84201E-10-5.65101E-08
 -1       709 1.68492E-06-4.79929E-07-4.76326E-07-1.61094E-07-4.56930E-09-4.45581E-08
 -1       710-5.84240E-05 1.81427E-05 1.35080E-05 1.64020E-06-1.04548E-09-9.68363E-09
 -1       711-5.36526E-05 1.43496E-05 1.53491E-05-8.08463E-08 1.32774E-09-1.14558E-08
 -1       712-5.21031E-05 1.47740E-05 1.45253E-05-2.40969E-07-2.49051E-10-1.05527E-08
 -1       713-5.04179E-05 1.40708E-05 1.41303E-05-2.04518E-07-8.66480E-12-1.06073E-08
 -1       714-4.87355E-05 1.36574E-05 1.36429E-05-2.15379E-07-6.24419E-11-1.06829E-08
 -1       715-4.70569E-05 1.31730E-05 1.31768E-05-2.12390E-07 1.22840E-10-1.06449E-08
 -1       716-4.53749E-05 1.27058E-05 1.27050E-05-2.13342E-07-2.51551E-11-1.05156E-08
 -1       717-4.36948E-05 1.22345E-05 1.22344E-05-2.13261E-07 3.73349E-11-1.05584E-08
 -1       718-4.20149E-05 1.17640E-05 1.17642E-05-2.13087E-07-5.39810E-11-1.05694E-08
 -1       719-4.03338E-05 1.12934E-05 1.12935E-05-2.13202E-07 5.91043E-11-1.06393E-08
 -1       720-3.86542E-05 1.08232E-05 1.08229E-05-2.12817E-07-3.14030E-11-1.03777E-08
 -1       721-3.69725E-05 1.03523E-05 1.03521E-05-2.12923E-07 4.88993E-11-1.02555E-08
 -1       722-3.52921E-05 9.88190E-06 9.88211E-06-2.12934E-07 9.84506E-11-1.03454E-08
 -1       723-3.36116E-05 9.41137E-06 9.41157E-06-2.13483E-07-1.71209E-10-1.01992E-08
 -1       724-3.19310E-05 8.94055E-06 8.94086E-06-2.13595E-07-1.39391E-10-9.87926E-09
 -1       725-3.02512E-05 8.47041E-06 8.47009E-06-2.13081E-07 1.38652E-10-9.72438E-09
 -1       726-2.85700E-05 7.99983E-06 7.99956E-06-2.13060E-07 2.66325E-10-9.44692E-09
 -1       727-2.68899E-05 7.52897E-06 7.52927E-06-2.13524E-07-9.24553E-12-9.39353E-09
 -1       728-2.52092E-05 7.05825E-06 7.05882E-06-2.13049E-07 2.12089E-11-8.77400E-09
 -1       729-2.35287E-05 6.58810E-06 6.58782E-06-2.13045E-07-7.88161E-11-8.55698E-09
 -1       730-2.18482E-05 6.11773E-06 6.11735E-06-2.13055E-07 4.97330E-11-8.18242E-09
 -1       731-2.01668E-05 5.64669E-06 5.64651E-06-2.12905E-07 2.12184E-10-7.66244E-09
 -1       732-1.84873E-05 5.17637E-06 5.17682E-06-2.13224E-07 7.21710E-11-7.18302E-09
 -1       733-1.68059E-05 4.70543E-06 4.70566E-06-2.13175E-07 4.88704E-11-6.64214E-09
 -1       734-1.51255E-05 4.23496E-06 4.23508E-06-2.13024E-07-4.67582E-11-5.98598E-09
 -1       735-1.34457E-05 3.76510E-06 3.76469E-06-2.13127E-07 1.46577E-10-5.66035E-09
 -1       736-1.17638E-05 3.29380E-06 3.29408E-06-2.12895E-07 1.28213E-10-5.04404E-09
 -1       737-1.00840E-05 2.82362E-06 2.82353E-06-2.13339E-07 2.13308E-10-4.33511E-09
 -1       738-8.40311E-06 2.35283E-06 2.35335E-06-2.13058E-07-3.51489E-11-3.28672E-09
 -1       739-6.72217E-06 1.88246E-06 1.88244E-06-2.13184E-07-2.34310E-10-2.86475E-09
 -1       740-5.04258E-06 1.41214E-06 1.41140E-06-2.12733E-07 2.05433E-10-1.96679E-09
 -1       741-3.36061E-06 9.41292E-07 9.43577E-07-2.10336E-07-1.18335E-10-1.29887E-09
 -1       742-1.68686E-06 4.81681E-07 4.69658E-07-1.68776E-07 2.55203E-10-5.09269E-10
 -1       743-5.36945E-05 1.34946E-05 1.19684E-05-3.90661E-06 1.09874E-08 1.64181E-08
 -1       744-5.69072E-05 1.73504E-05 1.46421E-05 6.71728E-07 2.45696E-07-4.84317E-07
 -1       745-5.42879E-05 1.64971E-05 1.47386E-05 2.72311E-07 1.27933E-10-4.53146E-09
 -1       746-5.36153E-05 1.43612E-05 1.50200E-05 6.96402E-08-4.58727E-08-1.37107E-07
 -1       747-5.29795E-05 1.45556E-05 1.49418E-05-1.52451E-07 4.47506E-10-9.92620E-09
 -1       748-5.19313E-05 1.46923E-05 1.45302E-05-2.45102E-07 1.53459E-08-6.92002E-08
 -1       749-5.12705E-05 1.44192E-05 1.43283E-05-8.52054E-08-1.80795E-10-9.21327E-09
 -1       750-5.02505E-05 1.40323E-05 1.40730E-05-1.88839E-07-4.09527E-09-5.98216E-08
 -1       751-4.95744E-05 1.38662E-05 1.38875E-05-9.26380E-08 1.64560E-11-9.55779E-09
 -1       752-4.85790E-05 1.36113E-05 1.36012E-05-2.03394E-07 1.13934E-09-6.23490E-08
 -1       753-4.79001E-05 1.34154E-05 1.34104E-05-9.22292E-08 5.53047E-12-9.55572E-09
 -1       754-4.69064E-05 1.31315E-05 1.31341E-05-1.99894E-07-3.10115E-10-6.14002E-08
 -1       755-4.62173E-05 1.29401E-05 1.29415E-05-9.20525E-08 3.14659E-11-9.41848E-09
 -1       756-4.52330E-05 1.26658E-05 1.26654E-05-2.00729E-07 5.19156E-11-6.19190E-08
 -1       757-4.45372E-05 1.24706E-05 1.24701E-05-9.23250E-08 7.27277E-11-9.37722E-09
 -1       758-4.35608E-05 1.21971E-05 1.21969E-05-2.00602E-07 1.07370E-10-6.15666E-08
 -1       759-4.28567E-05 1.19998E-05 1.20000E-05-9.22957E-08-8.11851E-11-9.44590E-09
 -1       760-4.18880E-05 1.17286E-05 1.17287E-05-2.00785E-07-1.07917E-11-6.16590E-08
 -1       761-4.11762E-05 1.15292E-05 1.15292E-05-9.20788E-08 4.45010E-13-9.48564E-09
 -1       762-4.02152E-05 1.12602E-05 1.12603E-05-2.00675E-07-8.48958E-11-6.16366E-08
 -1       763-3.94957E-05 1.10589E-05 1.10588E-05-9.21275E-08 9.82833E-12-9.37685E-09
 -1       764-3.85430E-05 1.07921E-05 1.07919E-05-2.00674E-07 7.01993E-11-6.14811E-08
 -1       765-3.78149E-05 1.05882E-05 1.05879E-05-9.18638E-08-5.16431E-11-9.17703E-09
 -1       766-3.68693E-05 1.03234E-05 1.03232E-05-2.00480E-07 7.04934E-11-6.14053E-08
 -1       767-3.61342E-05 1.01174E-05 1.01175E-05-9.19597E-08 8.04708E-11-9.15108E-09
 -1       768-3.51966E-05 9.85500E-06 9.85520E-06-2.00349E-07 4.87880E-11-6.14778E-08
 -1       769-3.44533E-05 9.64701E-06 9.64733E-06-9.21962E-08 2.37290E-11-9.22497E-09
 -1       770-3.35236E-05 9.38663E-06 9.38682E-06-2.00742E-07-9.93592E-11-6.16170E-08
 -1       771-3.27730E-05 9.17659E-06 9.17660E-06-9.25116E-08-1.46989E-10-8.99487E-09
 -1       772-3.18500E-05 8.91799E-06 8.91824E-06-2.00786E-07-1.88031E-10-6.14600E-08
 -1       773-3.10927E-05 8.70601E-06 8.70581E-06-9.26292E-08-2.60183E-11-8.77365E-09
 -1       774-3.01776E-05 8.44965E-06 8.44966E-06-2.00740E-07 1.47225E-10-6.10174E-08
 -1       775-2.94119E-05 8.23532E-06 8.23521E-06-9.22490E-08 7.62404E-11-8.65967E-09
 -1       776-2.85033E-05 7.98113E-06 7.98074E-06-2.00607E-07 2.90949E-10-6.08912E-08
 -1       777-2.77312E-05 7.76460E-06 7.76489E-06-9.22024E-08 1.86012E-11-8.33876E-09
 -1       778-2.68301E-05 7.51230E-06 7.51250E-06-2.00752E-07-1.29028E-11-6.09990E-08
 -1       779-2.60506E-05 7.29413E-06 7.29434E-06-9.22394E-08 2.82045E-12-8.07054E-09
 -1       780-2.51557E-05 7.04357E-06 7.04361E-06-2.00520E-07-1.61298E-10-6.05150E-08
 -1       781-2.43701E-05 6.82354E-06 6.82359E-06-9.23574E-08 4.76528E-11-7.80564E-09
 -1       782-2.34819E-05 6.57497E-06 6.57494E-06-2.00799E-07 5.90733E-11-6.03684E-08
 -1       783-2.26894E-05 6.35309E-06 6.35279E-06-9.20253E-08-9.63335E-11-7.51642E-09
 -1       784-2.18072E-05 6.10607E-06 6.10599E-06-2.00513E-07 1.37609E-10-6.00867E-08
 -1       785-2.10086E-05 5.88238E-06 5.88218E-06-9.19895E-08 7.12655E-11-7.08914E-09
 -1       786-2.01324E-05 5.63714E-06 5.63677E-06-2.00592E-07 4.57316E-11-5.97630E-08
 -1       787-1.93279E-05 5.41163E-06 5.41187E-06-9.21414E-08 8.15701E-11-6.61280E-09
 -1       788-1.84572E-05 5.16803E-06 5.16826E-06-2.00472E-07 4.53379E-11-5.95725E-08
 -1       789-1.76474E-05 4.94110E-06 4.94150E-06-9.21571E-08 5.15024E-12-6.23028E-09
 -1       790-1.67816E-05 4.69850E-06 4.69897E-06-2.00651E-07 5.92240E-11-5.92680E-08
 -1       791-1.59666E-05 4.47055E-06 4.47057E-06-9.21284E-08-6.76433E-11-5.59840E-09
 -1       792-1.51057E-05 4.22949E-06 4.22945E-06-2.00562E-07 2.18198E-11-5.89011E-08
 -1       793-1.42860E-05 4.00040E-06 4.00007E-06-9.22391E-08-5.61120E-11-5.18935E-09
 -1       794-1.34298E-05 3.76031E-06 3.76025E-06-2.00468E-07 2.54246E-10-5.87319E-08
 -1       795-1.26055E-05 3.52952E-06 3.52942E-06-9.20314E-08-5.96862E-11-4.88743E-09
 -1       796-1.17520E-05 3.29078E-06 3.29069E-06-2.00371E-07 1.46587E-10-5.81620E-08
 -1       797-1.09242E-05 3.05868E-06 3.05881E-06-9.21320E-08 6.35244E-11-4.15831E-09
 -1       798-1.00755E-05 2.82113E-06 2.82132E-06-2.00604E-07 7.06548E-12-5.75627E-08
 -1       799-9.24402E-06 2.58860E-06 2.58857E-06-9.21296E-08 7.35999E-11-3.32415E-09
 -1       800-8.39710E-06 2.35090E-06 2.35157E-06-2.00591E-07-1.02276E-11-5.72300E-08
 -1       801-7.56312E-06 2.11771E-06 2.11793E-06-9.21863E-08-1.74008E-10-2.65280E-09
 -1       802-6.71905E-06 1.88156E-06 1.88104E-06-2.00535E-07-2.73389E-11-5.68437E-08
 -1       803-5.88278E-06 1.64731E-06 1.64694E-06-9.21634E-08-6.15114E-11-2.24962E-09
 -1       804-5.04036E-06 1.41083E-06 1.41162E-06-2.00503E-07 3.68702E-10-5.58770E-08
 -1       805-4.20236E-06 1.17615E-06 1.17768E-06-9.17409E-08-1.31114E-11-1.41866E-09
 -1       806-3.35893E-06 9.42274E-07 9.41176E-07-1.98251E-07-5.99248E-10-5.63767E-08
 -1       807-2.52160E-06 7.05645E-07 7.04349E-07-9.62362E-08 8.80811E-11-8.15553E-10
 -1       808-1.68491E-06 4.79788E-07 4.76384E-07-1.60991E-07 4.69383E-09-4.46355E-08
 -1       809-9.43147E-07 2.29815E-07 2.85653E-07-1.03387E-07 4.44844E-11-2.10601E-10
 -1       810-5.72904E-05 1.74615E-05 1.47388E-05 6.90211E-07-2.50956E-07 4.86721E-07
 -1       811-5.39791E-05 1.44622E-05 1.51212E-05 6.96639E-08 4.77320E-08 1.23278E-07
 -1       812-5.22840E-05 1.47910E-05 1.46289E-05-2.44586E-07-1.57015E-08 5.61452E-08
 -1       813-5.05857E-05 1.41263E-05 1.41667E-05-1.88816E-07 4.04372E-09 4.64626E-08
 -1       814-4.88993E-05 1.37008E-05 1.36909E-05-2.03048E-07-1.14577E-09 4.88919E-08
 -1       815-4.72103E-05 1.32167E-05 1.32193E-05-1.99790E-07 4.09759E-10 4.80029E-08
 -1       816-4.55214E-05 1.27465E-05 1.27460E-05-2.00601E-07-8.01219E-11 4.85361E-08
 -1       817-4.38331E-05 1.22732E-05 1.22733E-05-2.00507E-07-4.51682E-11 4.82231E-08
 -1       818-4.21449E-05 1.18006E-05 1.18004E-05-2.00541E-07 2.77425E-11 4.85456E-08
 -1       819-4.04562E-05 1.13277E-05 1.13278E-05-2.00275E-07 2.44606E-11 4.82477E-08
 -1       820-3.87683E-05 1.08552E-05 1.08551E-05-2.00463E-07-4.03793E-12 4.83925E-08
 -1       821-3.70795E-05 1.03823E-05 1.03822E-05-2.00271E-07-2.27639E-11 4.85605E-08
 -1       822-3.53909E-05 9.90949E-06 9.90959E-06-2.00387E-07 5.98060E-11 4.84424E-08
 -1       823-3.37031E-05 9.43684E-06 9.43694E-06-2.00776E-07 6.78609E-11 4.86679E-08
 -1       824-3.20149E-05 8.96418E-06 8.96422E-06-2.00670E-07-7.76567E-11 4.87652E-08
 -1       825-3.03274E-05 8.49155E-06 8.49172E-06-2.00468E-07 2.60113E-11 4.87483E-08
 -1       826-2.86393E-05 8.01915E-06 8.01906E-06-2.00539E-07 1.61529E-11 4.87989E-08
 -1       827-2.69522E-05 7.54663E-06 7.54679E-06-2.00551E-07 1.51606E-10 4.92645E-08
 -1       828-2.52643E-05 7.07396E-06 7.07394E-06-2.00654E-07 1.66496E-10 4.95847E-08
 -1       829-2.35778E-05 6.60167E-06 6.60151E-06-2.00337E-07-9.95672E-12 4.95988E-08
 -1       830-2.18906E-05 6.12943E-06 6.12947E-06-2.00604E-07-2.79267E-11 4.95894E-08
 -1       831-2.02042E-05 5.65726E-06 5.65691E-06-2.00292E-07 1.11009E-10 5.01984E-08
 -1       832-1.85183E-05 5.18508E-06 5.18542E-06-2.00353E-07 3.85085E-11 5.05434E-08
 -1       833-1.68322E-05 4.71296E-06 4.71301E-06-2.00501E-07 1.94461E-10 5.09233E-08
 -1       834-1.51466E-05 4.24079E-06 4.24117E-06-2.00398E-07 1.39428E-10 5.12025E-08
 -1       835-1.34623E-05 3.76975E-06 3.76956E-06-2.00546E-07 7.05281E-11 5.14951E-08
 -1       836-1.17771E-05 3.29776E-06 3.29737E-06-2.00324E-07 1.29113E-10 5.17916E-08
 -1       837-1.00933E-05 2.82590E-06 2.82607E-06-2.00422E-07 8.80515E-11 5.23875E-08
 -1       838-8.40975E-06 2.35453E-06 2.35488E-06-2.00702E-07 9.97094E-11 5.29618E-08
 -1       839-6.72658E-06 1.88341E-06 1.88384E-06-2.00448E-07 9.20367E-11 5.32615E-08
 -1       840-5.04463E-06 1.41240E-06 1.41255E-06-2.00388E-07-9.24600E-11 5.34055E-08
 -1       841-3.36042E-06 9.42744E-07 9.41551E-07-1.98026E-07 7.46759E-10 5.47940E-08
 -1       842-1.68539E-06 4.79588E-07 4.76495E-07-1.60932E-07-4.26905E-09 4.40393E-08
 -1       843 6.10119E-11 2.22708E-10-8.12930E-11-2.36742E-06 2.57377E-11-1.91451E-08
 -1       844 8.04028E-11 2.98002E-10-1.10255E-10-1.20243E-06 1.50871E-11-1.09308E-08
 -1       845 5.11659E-10-2.06037E-10-4.34657E-11-1.02052E-06 2.63301E-11-9.70164E-09
 -1       846-1.93180E-10-1.55021E-10 3.80942E-11-1.06019E-06 4.33451E-11-9.89074E-09
 -1       847-3.37777E-11-1.07115E-10 8.30558E-11-1.05039E-06 8.64465E-12-9.90917E-09
 -1       848-3.70678E-10 1.28069E-10 4.39484E-11-1.05274E-06-7.12220E-11-9.97249E-09
 -1       849 6.14918E-11 1.84313E-10-7.46267E-11-1.05216E-06-2.60820E-12-9.77829E-09
 -1       850 3.66123E-10-1.55551E-10 3.28788E-11-1.05243E-06 3.10227E-11-9.87989E-09
 -1       851 1.17783E-10 7.16919E-11-1.73011E-10-1.05246E-06-2.08312E-11-9.76045E-09
 -1       852-2.31886E-10 3.15591E-11 6.36506E-11-1.05220E-06 7.26588E-12-9.82837E-09
 -1       853-1.31715E-10-2.35078E-10 1.36395E-10-1.05223E-06 3.82720E-11-9.63734E-09
 -1       854 8.84703E-11 1.67353E-11-2.01187E-10-1.05233E-06 4.07533E-13-9.62629E-09
 -1       855-1.87147E-10 2.68296E-10 6.60151E-11-1.05248E-06-1.53837E-11-9.66709E-09
 -1       856 2.34309E-10-6.11699E-11 1.04808E-10-1.05238E-06 3.29277E-11-9.29318E-09
 -1       857 8.28398E-12-4.47448E-12-8.19787E-11-1.05232E-06 1.64540E-11-9.15982E-09
 -1       858-8.85956E-11 1.22783E-10-9.50763E-11-1.05243E-06-6.83575E-13-8.92836E-09
 -1       859-3.86205E-10 2.28426E-11-9.89687E-11-1.05248E-06 6.00535E-11-9.08068E-09
 -1       860 4.23873E-10-1.94111E-10 7.81606E-12-1.05239E-06 6.10508E-11-8.50602E-09
 -1       861-3.56840E-10 1.62847E-10 1.01578E-10-1.05230E-06 4.53634E-13-8.09589E-09
 -1       862 5.55316E-10-8.65365E-11-7.74978E-12-1.05242E-06-1.16627E-11-8.02471E-09
 -1       863-6.87297E-10 2.06185E-10 4.54337E-11-1.05240E-06 1.75440E-11-7.39695E-09
 -1       864 3.33106E-10 7.92168E-11-3.09946E-10-1.05234E-06-2.79068E-11-7.09475E-09
 -1       865-3.53210E-11-3.40617E-10 2.87459E-10-1.05234E-06-1.34025E-10-6.53860E-09
 -1       866 2.96643E-11 1.78565E-10-9.53612E-11-1.05238E-06-3.15652E-11-6.25680E-09
 -1       867 5.07344E-11-6.55827E-11 9.94552E-12-1.05227E-06 1.46692E-10-5.75044E-09
 -1       868 1.22485E-10-3.36779E-10-2.36275E-11-1.05239E-06-6.68725E-11-5.04869E-09
 -1       869-3.08599E-10 3.42079E-10-2.16794E-10-1.05233E-06 3.06156E-11-4.59664E-09
 -1       870 2.87981E-10 6.85427E-11-4.53553E-11-1.05219E-06-7.69280E-12-3.71330E-09
 -1       871 1.68476E-10-1.18729E-10-2.29436E-11-1.05270E-06 3.09350E-11-3.26260E-09
 -1       872-3.59232E-11 1.53186E-10-2.11325E-10-1.05234E-06 9.18388E-11-2.66693E-09
 -1       873-2.18521E-10-2.34267E-10 3.28261E-10-1.05257E-06-2.55493E-11-1.73306E-09
 -1       874 2.22236E-10-5.37292E-11-1.24398E-10-1.05391E-06-6.29755E-11-1.04423E-09
 -1       875-5.29996E-11-2.96766E-10 2.10888E-10-1.08237E-06-1.14853E-10-3.91628E-10
 -1       876-2.01461E-07 4.74629E-08 5.30239E-08-2.40406E-06 2.95152E-07-1.58165E-09
 -1       877-3.36361E-10 1.21996E-10-1.08824E-11-1.67131E-06 2.08817E-13-1.34980E-08
 -1       878 2.91258E-05-7.67558E-06-6.85826E-06 4.26561E-10-2.06533E-09-2.01267E-08
 -1       879 2.01545E-07-4.73344E-08-5.30338E-08-2.40292E-06-2.95120E-07-1.57645E-09
 -1       880-1.84229E-07 5.24446E-08 5.11935E-08-1.16903E-06 6.89915E-08-7.15398E-09
 -1       881 2.51504E-10 1.08144E-10-1.36964E-10-1.24414E-06 1.52603E-11-1.09609E-08
 -1       882 2.69739E-05-7.49513E-06-7.66639E-06-8.01091E-07-4.55473E-10-1.14460E-08
 -1       883 1.84250E-07-5.22376E-08-5.12119E-08-1.16788E-06-6.89113E-08-7.17818E-09
 -1       884-1.75412E-07 4.89334E-08 4.92607E-08-1.11676E-06-3.07760E-09-5.90817E-09
 -1       885 2.79753E-10 8.06234E-11-1.26449E-11-9.87320E-07-1.92672E-12-9.17859E-09
 -1       886 2.60606E-05-7.31198E-06-7.26897E-06-6.22186E-07 2.51545E-11-1.10616E-08
 -1       887 1.76290E-07-4.92009E-08-4.93661E-08-1.11566E-06 3.04347E-09-6.02041E-09
 -1       888-1.67961E-07 4.69470E-08 4.70265E-08-1.11612E-06 6.30129E-10-6.19896E-09
 -1       889 4.95334E-11-1.57377E-10-1.02246E-11-9.17300E-07 1.92237E-11-8.53721E-09
 -1       890 2.52057E-05-7.05407E-06-7.06354E-06-6.65857E-07 3.47248E-11-1.09872E-08
 -1       891 1.67723E-07-4.70917E-08-4.70209E-08-1.11498E-06-5.09641E-10-6.17145E-09
 -1       892-1.60166E-07 4.49023E-08 4.48008E-08-1.11517E-06-1.51773E-12-6.14798E-09
 -1       893-1.31214E-10-1.05867E-10 6.14555E-11-9.35610E-07 4.04832E-11-8.82490E-09
 -1       894 2.43712E-05-6.82497E-06-6.82279E-06-6.55900E-07-2.47334E-11-1.10467E-08
 -1       895 1.59928E-07-4.48033E-08-4.47780E-08-1.11411E-06-9.17458E-11-6.17411E-09
 -1       896-1.52166E-07 4.25937E-08 4.26435E-08-1.11530E-06-2.89277E-11-6.29596E-09
 -1       897-2.52916E-10 5.50567E-11 4.34603E-11-9.30294E-07-2.14273E-11-8.75549E-09
 -1       898 2.35288E-05-6.58792E-06-6.58838E-06-6.58254E-07 6.08743E-12-1.11424E-08
 -1       899 1.51771E-07-4.24566E-08-4.25414E-08-1.11420E-06 2.56847E-11-6.17598E-09
 -1       900-1.44220E-07 4.04938E-08 4.03054E-08-1.11524E-06-7.94049E-12-6.08470E-09
 -1       901-7.72681E-12 1.01230E-10-4.68541E-11-9.31572E-07-4.63829E-11-8.78314E-09
 -1       902 2.26896E-05-6.35305E-06-6.35311E-06-6.57589E-07-1.62376E-11-1.09064E-08
 -1       903 1.44054E-07-4.02467E-08-4.03438E-08-1.11420E-06-9.06533E-12-6.13148E-09
 -1       904-1.35814E-07 3.79661E-08 3.81289E-08-1.11541E-06-2.09230E-11-6.18232E-09
 -1       905 1.96353E-10 2.89379E-11 2.34916E-11-9.31318E-07 2.66781E-11-8.68489E-09
 -1       906 2.18490E-05-6.11772E-06-6.11759E-06-6.57858E-07-9.00406E-16-1.09983E-08
 -1       907 1.36769E-07-3.83746E-08-3.81228E-08-1.11422E-06 5.61911E-11-6.26424E-09
 -1       908-1.28437E-07 3.59224E-08 3.59447E-08-1.11533E-06 4.07643E-11-6.06728E-09
 -1       909 1.55364E-10-6.05346E-11-9.41383E-11-9.31570E-07-3.92450E-12-8.59407E-09
 -1       910 2.10089E-05-5.88235E-06-5.88246E-06-6.57820E-07-3.89708E-11-1.08706E-08
 -1       911 1.28435E-07-3.59472E-08-3.60679E-08-1.11431E-06-2.37320E-11-5.99893E-09
 -1       912-1.20685E-07 3.39201E-08 3.37222E-08-1.11520E-06 2.77980E-11-6.03805E-09
 -1       913-6.11918E-11 1.46734E-11-4.59442E-11-9.31328E-07-1.77586E-11-8.70543E-09
 -1       914 2.01684E-05-5.64720E-06-5.64725E-06-6.57667E-07 1.86102E-12-1.09823E-08
 -1       915 1.20232E-07-3.35776E-08-3.36898E-08-1.11412E-06-6.16279E-12-6.11570E-09
 -1       916-1.12627E-07 3.13617E-08 3.16053E-08-1.11530E-06-2.68931E-11-6.01049E-09
 -1       917-2.85332E-11-1.35682E-11 9.27676E-11-9.31262E-07 1.12770E-11-8.57947E-09
 -1       918 1.93278E-05-5.41191E-06-5.41173E-06-6.57720E-07 5.06949E-11-1.07823E-08
 -1       919 1.12620E-07-3.16580E-08-3.15097E-08-1.11422E-06 8.25851E-12-6.03282E-09
 -1       920-1.04970E-07 2.94148E-08 2.92906E-08-1.11524E-06-1.25546E-11-6.04295E-09
 -1       921-2.04309E-10-9.34236E-11-6.01647E-11-9.31258E-07 2.08514E-11-8.49713E-09
 -1       922 1.84876E-05-5.17648E-06-5.17658E-06-6.57756E-07 1.94534E-11-1.06184E-08
 -1       923 1.04855E-07-2.94319E-08-2.94724E-08-1.11427E-06-2.26191E-11-5.88579E-09
 -1       924-9.75867E-08 2.75451E-08 2.72683E-08-1.11537E-06 7.28269E-11-6.05963E-09
 -1       925-5.07993E-11 4.42536E-11-7.03343E-11-9.31393E-07 1.56977E-11-8.64967E-09
 -1       926 1.76473E-05-4.94122E-06-4.94125E-06-6.57755E-07-3.72161E-11-1.07781E-08
 -1       927 9.73359E-08-2.73636E-08-2.71366E-08-1.11429E-06-3.20669E-11-6.06256E-09
 -1       928-8.94573E-08 2.50754E-08 2.52396E-08-1.11530E-06 1.75749E-11-5.87640E-09
 -1       929 2.75096E-10 5.59187E-11 9.92247E-11-9.31568E-07 4.47154E-12-8.34851E-09
 -1       930 1.68071E-05-4.70603E-06-4.70591E-06-6.57936E-07 6.39902E-11-1.04105E-08
 -1       931 8.99696E-08-2.51974E-08-2.51574E-08-1.11436E-06 5.36400E-11-5.90156E-09
 -1       932-8.22444E-08 2.29847E-08 2.30302E-08-1.11524E-06-2.28268E-11-5.77845E-09
 -1       933-1.16612E-10 4.12328E-11 5.05835E-11-9.31455E-07 2.68265E-11-8.09057E-09
 -1       934 1.59668E-05-4.47062E-06-4.47081E-06-6.57965E-07 4.01492E-11-1.01206E-08
 -1       935 8.22404E-08-2.28699E-08-2.31555E-08-1.11437E-06 5.04058E-11-5.75660E-09
 -1       936-7.53123E-08 2.11799E-08 2.08831E-08-1.11530E-06-8.28993E-11-5.55057E-09
 -1       937-2.48802E-11 7.17195E-11-9.38379E-11-9.31418E-07-2.02969E-11-8.08872E-09
 -1       938 1.51264E-05-4.23535E-06-4.23544E-06-6.57737E-07 3.16849E-11-9.98744E-09
 -1       939 7.49534E-08-2.10060E-08-2.08793E-08-1.11435E-06 3.27542E-11-5.63015E-09
 -1       940-6.79549E-08 1.91053E-08 1.89282E-08-1.11531E-06-6.13498E-11-5.55330E-09
 -1       941-8.02783E-11 5.64523E-11-6.86695E-11-9.31550E-07 4.82353E-12-7.92999E-09
 -1       942 1.42858E-05-4.00012E-06-3.99993E-06-6.57885E-07-4.79503E-11-1.00133E-08
 -1       943 6.76506E-08-1.91094E-08-1.90375E-08-1.11438E-06 1.20132E-10-5.60024E-09
 -1       944-6.09515E-08 1.69142E-08 1.71897E-08-1.11526E-06 9.86039E-11-5.33221E-09
 -1       945-1.67346E-10-7.30269E-11-8.35043E-12-9.31445E-07 1.02434E-11-7.80170E-09
 -1       946 1.34460E-05-3.76494E-06-3.76492E-06-6.57964E-07-7.22031E-11-9.43218E-09
 -1       947 6.13547E-08-1.73073E-08-1.72151E-08-1.11438E-06 1.85426E-11-5.32961E-09
 -1       948-5.45434E-08 1.54815E-08 1.52690E-08-1.11529E-06 1.94315E-10-5.14477E-09
 -1       949 1.38731E-10 7.79673E-11 8.80626E-11-9.31469E-07 5.28273E-11-7.42547E-09
 -1       950 1.26055E-05-3.52936E-06-3.52952E-06-6.57811E-07 5.09479E-11-8.89926E-09
 -1       951 5.40326E-08-1.50648E-08-1.50704E-08-1.11425E-06-1.12219E-10-5.13363E-09
 -1       952-4.76870E-08 1.34263E-08 1.34395E-08-1.11520E-06 9.04164E-11-4.85518E-09
 -1       953 1.63498E-10 3.18235E-11 1.57891E-11-9.31418E-07 2.89967E-11-7.08902E-09
 -1       954 1.17651E-05-3.29416E-06-3.29421E-06-6.57850E-07-6.90629E-11-8.93557E-09
 -1       955 4.82769E-08-1.36699E-08-1.34477E-08-1.11450E-06 4.30744E-11-5.06816E-09
 -1       956-4.18525E-08 1.18839E-08 1.16759E-08-1.11509E-06 2.30622E-11-4.73220E-09
 -1       957-2.95904E-10-1.15710E-11-1.50961E-11-9.31345E-07-1.44505E-11-6.78459E-09
 -1       958 1.09245E-05-3.05902E-06-3.05882E-06-6.57774E-07 2.25884E-11-8.25333E-09
 -1       959 4.14364E-08-1.15592E-08-1.17049E-08-1.11449E-06 2.47925E-11-4.57963E-09
 -1       960-3.59863E-08 1.02710E-08 9.88982E-09-1.11520E-06-6.44526E-12-4.46310E-09
 -1       961-2.95902E-11 1.27153E-10-9.89785E-11-9.31480E-07-5.06480E-11-6.45832E-09
 -1       962 1.00847E-05-2.82359E-06-2.82375E-06-6.57619E-07 3.70413E-11-7.85571E-09
 -1       963 3.58019E-08-1.00997E-08-1.01091E-08-1.11437E-06-2.93323E-11-4.40371E-09
 -1       964-3.02167E-08 8.42801E-09 8.53044E-09-1.11508E-06-8.69827E-11-4.10283E-09
 -1       965 1.28582E-10-1.64216E-10-2.96922E-11-9.31387E-07-1.00228E-10-6.02994E-09
 -1       966 9.24391E-06-2.58837E-06-2.58814E-06-6.57760E-07-2.08015E-11-7.36777E-09
 -1       967 3.08522E-08-8.91490E-09-8.34138E-09-1.11436E-06-1.25728E-10-4.13873E-09
 -1       968-2.51873E-08 7.21016E-09 6.91788E-09-1.11518E-06-2.22984E-11-3.95736E-09
 -1       969 8.55892E-11-8.80989E-11 1.34535E-10-9.31430E-07-5.15646E-11-5.65691E-09
 -1       970 8.40375E-06-2.35294E-06-2.35305E-06-6.57888E-07-4.30971E-11-6.95514E-09
 -1       971 2.49477E-08-6.99284E-09-6.98608E-09-1.11454E-06 1.00375E-10-3.85362E-09
 -1       972-2.07401E-08 5.82231E-09 5.70895E-09-1.11514E-06 1.14035E-10-3.46231E-09
 -1       973-1.47884E-11 1.21684E-10-7.57088E-12-9.31454E-07 6.58117E-11-5.34596E-09
 -1       974 7.56341E-06-2.11769E-06-2.11775E-06-6.57645E-07 3.99381E-11-6.24474E-09
 -1       975 2.05588E-08-5.91519E-09-5.69144E-09-1.11452E-06 6.58509E-11-3.45954E-09
 -1       976-1.59362E-08 4.33268E-09 4.78642E-09-1.11496E-06 1.37244E-10-3.15540E-09
 -1       977 1.89031E-11-9.95122E-11-4.03498E-11-9.31315E-07 3.22740E-11-4.64808E-09
 -1       978 6.72299E-06-1.88257E-06-1.88253E-06-6.57918E-07 2.53991E-11-5.68343E-09
 -1       979 1.65521E-08-4.95463E-09-4.74834E-09-1.11457E-06-5.36981E-11-3.08794E-09
 -1       980-1.27044E-08 3.69036E-09 3.43247E-09-1.11510E-06 4.64324E-11-2.96768E-09
 -1       981-6.96849E-11-7.62682E-11-4.56980E-11-9.31356E-07-8.35948E-11-4.36226E-09
 -1       982 5.88253E-06-1.64702E-06-1.64710E-06-6.57793E-07 6.77907E-11-4.97761E-09
 -1       983 1.20871E-08-3.32220E-09-3.62132E-09-1.11461E-06-6.70498E-11-2.78681E-09
 -1       984-8.89041E-09 2.72607E-09 2.38084E-09-1.11483E-06-8.33706E-11-2.50450E-09
 -1       985 2.78812E-11 1.69217E-10-7.38281E-11-9.31313E-07-2.25848E-11-3.74538E-09
 -1       986 5.04244E-06-1.41192E-06-1.41173E-06-6.57691E-07 3.92072E-11-4.27505E-09
 -1       987 9.23525E-09-2.73516E-09-2.51991E-09-1.11445E-06 2.40986E-11-2.38533E-09
 -1       988-5.83201E-09 1.74511E-09 1.74672E-09-1.11523E-06 2.03990E-11-2.10373E-09
 -1       989 1.23015E-10 1.12963E-11-2.41300E-11-9.31593E-07-3.31240E-11-2.97216E-09
 -1       990 4.20193E-06-1.17637E-06-1.17659E-06-6.57905E-07-9.62889E-12-3.53289E-09
 -1       991 6.38983E-09-1.88189E-09-1.63247E-09-1.11489E-06 2.62170E-10-2.01650E-09
 -1       992-4.10762E-09 1.34344E-09 9.81694E-10-1.11493E-06 7.26367E-11-1.63395E-09
 -1       993 1.65046E-10 1.97497E-11-1.62233E-10-9.31345E-07-5.51276E-12-2.62268E-09
 -1       994 3.36171E-06-9.41350E-07-9.41359E-07-6.57823E-07-1.38657E-11-2.98826E-09
 -1       995 3.67966E-09-1.10204E-09-1.08995E-09-1.11462E-06 4.84345E-11-1.61792E-09
 -1       996-1.82049E-09 5.48459E-10 5.52158E-10-1.11498E-06 5.16193E-11-1.13230E-09
 -1       997-1.62526E-11-2.82638E-11 8.87780E-11-9.31496E-07 1.67891E-11-1.91571E-09
 -1       998 2.52063E-06-7.05907E-07-7.05499E-07-6.57947E-07-2.14739E-11-2.12970E-09
 -1       999 2.03412E-09-7.25179E-10-4.54097E-10-1.11484E-06 1.34160E-10-1.16346E-09
 -1      1000-9.20052E-10 1.75072E-10 1.72793E-10-1.11678E-06-7.97733E-11-7.31528E-10
 -1      1001-1.20613E-10-1.51323E-10 1.34237E-10-9.31897E-07-1.16769E-10-1.25975E-09
 -1      1002 1.68125E-06-4.71743E-07-4.71452E-07-6.57049E-07 1.63230E-11-1.18162E-09
 -1      1003 7.46308E-10-3.83470E-10-6.88584E-11-1.11655E-06 3.53072E-10-6.57246E-10
 -1      1004-1.58134E-10 2.68568E-10 1.37179E-11-1.14976E-06-2.53852E-09-1.38088E-10
 -1      1005 6.66309E-11-7.42666E-11 6.78053E-11-9.30242E-07-1.36573E-10-7.30371E-10
 -1      1006 8.13630E-07-2.46603E-07-2.35753E-07-6.49218E-07 1.25852E-10-4.69998E-10
 -1      1007 1.60192E-10-3.00086E-10 1.78816E-10-1.14961E-06 2.48285E-09-3.25707E-10
 -1      1008-1.35097E-10-4.89243E-11 7.24811E-11-9.62066E-07-2.38206E-11-1.39309E-10
 -1      1009-2.91261E-05 7.67586E-06 6.85813E-06 3.47210E-10 2.09540E-09-1.90431E-08
 -1      1010-2.69732E-05 7.49540E-06 7.66632E-06-8.01325E-07 4.73959E-10-1.02639E-08
 -1      1011-2.60604E-05 7.31175E-06 7.26899E-06-6.22106E-07-3.05835E-11-9.99277E-09
 -1      1012-2.52058E-05 7.05398E-06 7.06360E-06-6.65781E-07 2.59598E-11-9.89141E-09
 -1      1013-2.43711E-05 6.82478E-06 6.82264E-06-6.55878E-07-1.86657E-11-9.97936E-09
 -1      1014-2.35298E-05 6.58808E-06 6.58863E-06-6.58210E-07 2.04229E-11-9.99174E-09
 -1      1015-2.26891E-05 6.35316E-06 6.35290E-06-6.57699E-07-3.43730E-11-9.81079E-09
 -1      1016-2.18487E-05 6.11765E-06 6.11762E-06-6.57920E-07 2.59739E-11-9.89107E-09
 -1      1017-2.10088E-05 5.88240E-06 5.88246E-06-6.57782E-07 1.83476E-11-9.89178E-09
 -1      1018-2.01684E-05 5.64712E-06 5.64716E-06-6.57706E-07-1.87821E-13-9.94072E-09
 -1      1019-1.93284E-05 5.41180E-06 5.41189E-06-6.57561E-07-2.93463E-11-9.69879E-09
 -1      1020-1.84874E-05 5.17649E-06 5.17637E-06-6.57764E-07 4.34996E-11-9.63818E-09
 -1      1021-1.76474E-05 4.94147E-06 4.94139E-06-6.57821E-07 2.89499E-11-9.67059E-09
 -1      1022-1.68069E-05 4.70597E-06 4.70609E-06-6.57907E-07-6.54347E-11-9.40774E-09
 -1      1023-1.59666E-05 4.47057E-06 4.47071E-06-6.58001E-07-7.69658E-11-9.18277E-09
 -1      1024-1.51266E-05 4.23555E-06 4.23525E-06-6.57787E-07 2.18553E-11-9.02531E-09
 -1      1025-1.42862E-05 4.00019E-06 3.99999E-06-6.57842E-07 1.70833E-10-8.99651E-09
 -1      1026-1.34457E-05 3.76473E-06 3.76482E-06-6.58075E-07 5.51292E-11-8.63803E-09
 -1      1027-1.26056E-05 3.52940E-06 3.52978E-06-6.57737E-07-2.43464E-11-8.12982E-09
 -1      1028-1.17648E-05 3.29419E-06 3.29418E-06-6.57649E-07-3.73201E-11-8.09259E-09
 -1      1029-1.09251E-05 3.05922E-06 3.05889E-06-6.57833E-07-1.66998E-11-7.46746E-09
 -1      1030-1.00839E-05 2.82351E-06 2.82336E-06-6.57754E-07 2.77350E-11-7.17968E-09
 -1      1031-9.24433E-06 2.58818E-06 2.58867E-06-6.57820E-07-2.25259E-11-6.62696E-09
 -1      1032-8.40348E-06 2.35300E-06 2.35286E-06-6.57839E-07-3.54312E-11-6.27180E-09
 -1      1033-7.56328E-06 2.11764E-06 2.11769E-06-6.57690E-07 4.20987E-11-5.72449E-09
 -1      1034-6.72324E-06 1.88249E-06 1.88253E-06-6.57783E-07 7.51520E-11-5.12682E-09
 -1      1035-5.88245E-06 1.64721E-06 1.64712E-06-6.57790E-07 4.58457E-11-4.61014E-09
 -1      1036-5.04221E-06 1.41194E-06 1.41180E-06-6.57805E-07 5.98665E-11-3.97002E-09
 -1      1037-4.20176E-06 1.17629E-06 1.17666E-06-6.57987E-07-5.64602E-11-3.16808E-09
 -1      1038-3.36134E-06 9.41479E-07 9.41137E-07-6.57806E-07-6.60584E-11-2.67433E-09
 -1      1039-2.52132E-06 7.05932E-07 7.05895E-07-6.57720E-07-6.06429E-11-1.80871E-09
 -1      1040-1.68073E-06 4.71365E-07 4.71372E-07-6.57225E-07-1.14343E-10-1.15712E-09
 -1      1041-8.13893E-07 2.46473E-07 2.35866E-07-6.49135E-07-2.57132E-11-4.31127E-10
 -3
    1PSTEP                         4           1           1          
  100CL  101 1.000000000        1041                     0    1           1
 -4  FORC        4    1
 -5  F1          1    2    1    0
 -5  F2          1    2    2    0
 -5  F3          1    2    3    0
 -5  ALL         1    2    0    0    1ALL
 -1         1 2.58853E+02 7.78067E+02-5.08229E+02
 -1         2-2.62446E+02 7.85252E+02 5.19039E+02
 -1         3-9.97045E-10 2.08478E+01 1.97710E-09
 -1         4 6.85013E-10 2.08478E+01-1.29969E-09
 -1         5-1.28899E-09 2.08478E+01 2.39584E-09
 -1         6-2.14368E-09 2.08478E+01-2.30810E-09
 -1         7-2.58891E+02 7.78070E+02-5.08212E+02
 -1         8 2.62422E+02 7.85272E+02 5.19032E+02
 -1         9-5.54501E+00 7.01263E+02 1.11267E+01
 -1        10-4.70476E+03-1.41706E+03-1.15713E+03
 -1        11 4.79178E+03-1.41497E+03 1.17161E+03
 -1        12-7.54569E-12-4.23095E-12 1.03620E-12
 -1        13 2.11822E-02-3.20352E-02 1.89780E-02
 -1        14 1.98594E-03 1.89703E-02-5.39945E-03
 -1        15 2.79397E-02-1.60854E-02-5.51496E-03
 -1        16-5.40394E-02 2.89082E-02-1.36839E-03
 -1        17 2.20709E-02-1.97802E-02 4.25038E-03
 -1        18 1.62259E-02 2.63163E-03-6.78260E-03
 -1        19 1.38711E-02 7.19110E-04-6.30516E-03
 -1        20-2.24258E-02-6.62293E-03 1.82109E-02
 -1        21-1.81742E-02 2.44746E-02-1.32428E-02
 -1        22 2.48141E-02-1.29494E-02-4.78979E-03
 -1        23 2.51593E-02-5.02370E-03-1.33850E-02
 -1        24 5.65816E-03-8.38867E-03 5.60688E-03
 -1        25 1.06543E-02 2.12027E-04 1.38125E-02
 -1        26-3.14757E-03 6.85957E-03-4.34530E-03
 -1        27-3.64140E-02 1.87143E-02-2.71698E-02
 -1        28-2.19497E-02-5.39238E-03 4.52131E-03
 -1        29-2.09368E-02-1.20249E-02 5.07198E-02
 -1        30-2.44192E-03 6.58569E-03 3.45967E-02
 -1        31-4.33298E-02 2.32076E-02-1.71973E-02
 -1        32 3.38278E-02 7.91718E-03-5.00656E-02
 -1        33-3.62246E-02 3.87576E-02 2.61661E-02
 -1        34-1.90699E-03-3.85867E-03 1.22775E-02
 -1        35 1.31731E-02-3.34637E-02 1.13786E-02
 -1        36 2.95272E-02-1.74082E-02-1.72239E-02
 -1        37 5.33918E-02-3.40438E-02-2.00952E-02
 -1        38 1.88393E-02-1.29814E-02 2.47031E-02
 -1        39 8.05066E-03 2.78289E-02-1.39037E-03
 -1        40 4.74632E-04 3.43075E-02 1.53368E-02
 -1        41 5.60082E-03 8.77655E-03-2.88354E-02
 -1        42 1.54252E-03 1.99856E-02 6.35569E-03
 -1        43-9.65270E-03-4.79358E-03 5.16564E-02
 -1        44-4.59238E-04 2.69419E-02-2.93890E-02
 -1        45 1.88754E-02-2.82343E-02 2.03073E-02
 -1        46-1.13145E-01 6.05586E-02-1.62391E-02
 -1        47 8.17044E-02-6.08982E-02-3.94015E-03
 -1        48-1.11661E-01 3.95941E-02-3.66266E-03
 -1        49 8.51390E-02-2.08332E-02 4.06589E-02
 -1        50-1.50717E-02 1.31577E-02-2.90650E-02
 -1        51-2.36038E-02 4.36430E-03-1.66269E-02
 -1        52-1.55419E-02-2.96735E-02 2.20494E-02
 -1        53 2.72167E-02 3.65444E-02-2.52847E-02
 -1        54-1.05451E-02-2.22288E-02 4.71546E-02
 -1        55-5.86415E-03 6.23373E-03-2.99346E-02
 -1        56-6.29477E-02 7.94391E-03 6.59321E-03
 -1        57-7.22453E-02 1.46963E-02 1.92264E-02
 -1        58 4.30086E-02-3.16068E-02-2.11450E-02
 -1        59 2.17395E-02-1.14557E-02-1.39957E-03
 -1        60 8.96940E-02-4.74092E-03 1.18688E-02
 -1        61 5.21168E-02 2.68044E-02-1.80427E-02
 -1        62 8.83858E-02 2.14062E-02-5.12687E-02
 -1        63-3.84692E-02 5.08659E-03-2.29420E-02
 -1        64 1.02946E-01-3.54000E-02 2.64414E-02
 -1        65-3.29674E-02-2.23014E-02 2.45316E-02
 -1        66 7.00144E-02-2.82364E-02-7.98045E-03
 -1        67-5.04383E-02 1.56574E-02 1.99019E-02
 -1        68-1.28621E-02 3.67181E-02-3.71367E-02
 -1        69-7.44083E-02 1.43826E-02-1.18466E-02
 -1        70-5.66807E-02-7.64081E-03-2.04049E-02
 -1        71-2.19942E-02-1.09449E-02 1.73806E-03
 -1        72-6.72102E-02 1.40356E-02 1.66056E-02
 -1        73-1.20944E-02 8.17500E-03-4.20262E-02
 -1        74 3.29691E-02-3.07109E-02 8.68381E-03
 -1        75-1.66717E-02-1.93295E-03-4.34008E-03
 -1        76 2.52721E-02-2.66805E-02-3.90529E-02
 -1        77-2.10295E-02-6.73644E-03-3.86053E-02
 -1        78-2.53483E-02 1.62149E-03-1.30135E-02
 -1        79 1.57885E-02 4.16806E+01-1.19294E-02
 -1        80-9.33729E-03-8.33292E+01 2.45960E-02
 -1        81-1.88380E-02-8.33625E+01-1.98837E-02
 -1        82-1.91702E-11 6.98543E-12-6.43732E-12
 -1        83 5.47589E-02 1.72810E-02-1.01250E-02
 -1        84 4.27708E-03-1.34382E-02-4.09438E-03
 -1        85-5.42283E-03 7.57266E-03-1.22667E-03
 -1        86 1.59110E-03-3.86681E-03-8.05669E-03
 -1        87-3.20875E-02-1.91753E-02-1.80586E-03
 -1        88 3.30362E-02 1.44777E-02-3.35045E-03
 -1        89 9.85001E-03 4.57871E-03 1.09132E-02
 -1        90 1.39842E-02 1.62160E-02-2.34612E-03
 -1        91-1.12190E-03-1.74627E-02-1.74866E-02
 -1        92-1.81626E-03 7.89403E-03 1.44901E-02
 -1        93 1.83470E-03 1.06879E-04-8.63350E-03
 -1        94 6.27798E-03-1.27509E-02-1.18625E-02
 -1        95-1.28415E-02-7.74164E-03 1.69374E-02
 -1        96 1.33027E-03 2.45196E-02 5.17420E-03
 -1        97-7.89944E-03 9.41378E-03-4.01458E-03
 -1        98 3.22573E-02-1.31449E-02-1.66578E-02
 -1        99 2.76594E-02 1.23700E-02 8.77346E-03
 -1       100 3.18041E-02-2.44493E-03-1.41825E-02
 -1       101-5.39244E-02-2.32417E-02 1.41096E-02
 -1       102-2.93175E-03 2.70510E-02 1.69877E-02
 -1       103 2.00774E-02 3.42565E-02 1.53153E-02
 -1       104-1.84724E-02 1.08478E-02 2.94839E-02
 -1       105 1.18269E-02-1.32710E-02-1.38679E-02
 -1       106 4.27741E-02-1.25267E-04-1.53593E-02
 -1       107-2.36654E-02-1.15861E-02 6.61241E-03
 -1       108 1.60910E-02 2.89911E-02 1.45319E-02
 -1       109-4.76247E-02-2.51106E-02 3.71455E-02
 -1       110 3.81817E-02-1.54956E-02-4.09522E-02
 -1       111-3.20246E-02-9.69658E-03 9.52888E-04
 -1       112-7.08065E-03-1.77787E-02 8.27006E-03
 -1       113-8.31977E-03 4.87352E-02-1.48624E-02
 -1       114-2.26627E-02-1.83904E-02 5.27086E-03
 -1       115 3.60668E-02 1.74108E-02-7.47145E-04
 -1       116-1.06007E-01-6.55874E-03-7.28124E-03
 -1       117-1.90127E-02 9.06094E-03-5.08766E-04
 -1       118 6.15353E-02 8.84562E-03-1.05832E-02
 -1       119-4.13588E-02-1.25724E-02 1.32630E-02
 -1       120 7.94707E-02 1.83126E-02 8.60131E-03
 -1       121-1.16435E-01-1.91463E-02 1.40698E-02
 -1       122-5.32488E-03 1.36503E-02-9.27950E-03
 -1       123-1.50164E-02-2.97291E-02-3.03784E-02
 -1       124-3.97426E-02 1.31573E-02 4.17869E-02
 -1       125 4.22762E-02 8.42883E-03-2.00912E-02
 -1       126 1.63773E-02-7.00411E-03-1.21486E-02
 -1       127-7.88446E-02-6.37521E-03 3.28413E-02
 -1       128 6.23340E-02 1.17559E-02-2.45459E-02
 -1       129-3.62802E-03-8.60807E-03-1.24976E-03
 -1       130 1.98574E-02-1.80044E-03 7.22353E-03
 -1       131-9.25676E-02 3.03699E-02 3.27120E-02
 -1       132-2.96526E-02-1.67361E-03-2.09848E-02
 -1       133-7.16887E-02-2.05000E-02-2.67587E-02
 -1       134 8.26177E-02-1.64195E-02-5.41341E-03
 -1       135-6.31028E-02-5.86715E-02 6.86550E-03
 -1       136 1.48391E-02 9.36523E-03-3.20119E-02
 -1       137 1.86931E-02-2.92968E-02-3.19403E-02
 -1       138 2.17802E-02 2.65015E-02-6.98632E-03
 -1       139-3.39966E-02 1.58346E-02-1.54122E-02
 -1       140 9.11976E-02 3.14834E-02 9.59053E-03
 -1       141-6.77989E-02-1.92818E-02-9.99931E-03
 -1       142 8.29447E-02 1.43415E-03 5.75090E-03
 -1       143-2.69736E-02 9.26387E-03-7.44580E-03
 -1       144 2.68798E-02-6.90403E-03 2.70509E-02
 -1       145 2.41780E-03-1.18598E-02-3.15589E-02
 -1       146-2.05221E-02 1.95896E-02-4.59150E-03
 -1       147-5.48014E-03-3.19606E-02 2.07706E-02
 -1       148-1.28936E-02-1.76668E-02-3.37606E-03
 -1       149 2.61557E-02 4.16722E+01-2.61668E-02
 -1       150-3.60383E-02-8.32926E+01 4.92775E-02
 -1       151 1.01770E-02-8.33678E+01-3.33476E-03
 -1       152 3.49315E-03 4.16895E+01 1.04562E-02
 -1       153 2.20400E-02-8.33932E+01-1.96952E-02
 -1       154-2.29770E-02-8.33842E+01-2.33901E-04
 -1       155-1.26903E-02 4.16863E+01 1.69569E-02
 -1       156 3.30065E-02-8.33672E+01-3.92810E-02
 -1       157-2.16104E-02-8.33278E+01-2.18093E-04
 -1       158 1.74635E-02-2.76614E-02 1.75502E-02
 -1       159 3.49476E-02-7.90618E-03 3.92788E-02
 -1       160 1.30661E-02 6.18609E-02 5.20514E-03
 -1       161 1.55359E-03 8.47963E-03-2.88625E-03
 -1       162-3.39093E-02 2.95001E-02 6.75216E-03
 -1       163 4.19790E-02-3.90606E-02-8.24018E-03
 -1       164-9.09285E-03-2.57066E-02 2.39282E-03
 -1       165 3.04730E-03 3.19357E-04-9.27257E-03
 -1       166-1.53186E-02-1.60162E-03 4.81720E-03
 -1       167-4.87285E-03 6.05614E-02 2.12232E-02
 -1       168 3.70828E-03-3.83485E-03 9.79814E-03
 -1       169 2.15728E-02-1.03249E-02-5.85460E-03
 -1       170-2.00865E-02 1.65080E-02 2.69703E-02
 -1       171 1.76665E-02 1.97933E-03-2.48299E-03
 -1       172-2.70315E-02-1.43601E-02-8.56960E-03
 -1       173-2.85079E-02-1.27354E-03 9.69862E-03
 -1       174 6.49068E-03-4.12668E-02-1.66776E-03
 -1       175 8.72395E-03 2.81047E-02 2.44015E-02
 -1       176-3.81917E-02 1.83838E-02 9.75354E-03
 -1       177 1.82253E-02-3.40152E-03-3.03882E-02
 -1       178-2.57143E-02-5.11670E-02-1.20566E-02
 -1       179 5.97991E-04-1.05857E-02 7.47976E-03
 -1       180 2.06035E-02 1.97897E-02 7.47416E-03
 -1       181-7.01775E-03 3.50385E-03-1.35649E-03
 -1       182 6.92903E-03 1.44856E-02 5.78086E-03
 -1       183-1.88951E-02-4.82536E-03 6.02402E-03
 -1       184-2.66647E-02-9.31683E-03 1.81254E-02
 -1       185 1.78011E-02 1.52896E-03-1.96250E-02
 -1       186-1.00291E-02 1.13185E-03 6.99219E-03
 -1       187 4.95320E-03-1.02626E-02 2.14145E-03
 -1       188 5.04817E-03 5.33817E-03-1.53151E-02
 -1       189-2.54738E-02 1.84255E-03 1.75181E-02
 -1       190-1.09697E-04 5.99069E-03 1.58346E-02
 -1       191 9.22688E-03-2.05917E-02-1.88893E-02
 -1       192-2.25976E-02 4.64858E-02-2.98128E-02
 -1       193 2.88947E-02 3.19066E-02-5.64099E-03
 -1       194-2.59135E-02-2.33373E-02 2.60742E-02
 -1       195 7.58965E-02-2.27696E-02-1.11301E-02
 -1       196-5.42773E-02 3.69350E-02 2.03520E-03
 -1       197 1.38223E-02 2.29370E-03-2.69544E-02
 -1       198-3.52072E-02-3.27708E-02-7.88228E-03
 -1       199-2.54009E-02-2.56598E-02 6.94469E-03
 -1       200-3.45517E-02-3.99429E-02 4.38707E-03
 -1       201 4.14801E-02 2.65933E-02-1.96974E-02
 -1       202-1.02788E-01-8.87702E-03 4.23903E-03
 -1       203 6.41355E-02-1.54412E-02-2.25825E-02
 -1       204-5.60813E-03-1.17332E-02-3.16337E-02
 -1       205 4.41105E-02 1.77282E-02 2.04200E-02
 -1       206 4.11994E-02-2.74696E-02-9.66013E-03
 -1       207 5.72418E-02 5.96095E-02-8.20781E-03
 -1       208-4.28943E-02-3.19591E-02-2.65384E-02
 -1       209 1.18180E-01-6.86864E-03-1.40317E-02
 -1       210-2.44425E-02 1.42048E-03 1.82520E-02
 -1       211-8.82611E-03 2.96573E-02 5.10064E-02
 -1       212 1.08508E-03 1.94836E-02-3.14033E-03
 -1       213-5.25027E-02-3.00478E-02-2.76404E-02
 -1       214 2.64601E-02 4.43070E-03 3.13151E-03
 -1       215 4.45119E-02 7.34578E-04-2.56020E-02
 -1       216 2.23182E-02 1.60593E-03 1.30074E-02
 -1       217 5.14855E-02-1.18746E-02-2.54241E-02
 -1       218-5.23442E-02 1.18017E-02 3.11087E-02
 -1       219 2.21105E-02-4.23913E-03-4.06583E-03
 -1       220 1.90236E-02 1.61588E-02-1.54306E-02
 -1       221-3.43615E-03 2.48454E-03 1.08595E-02
 -1       222 5.88316E-02-4.93634E-03-4.13228E-03
 -1       223-4.86186E-02-2.57626E-02-5.58566E-03
 -1       224 7.31744E-03 1.49957E-02 1.34944E-02
 -1       225 5.55214E+00 7.01272E+02 1.11203E+01
 -1       226-4.79181E+03-1.41512E+03 1.17170E+03
 -1       227 4.70491E+03-1.41714E+03-1.15723E+03
 -1       228-9.90052E-03-2.12018E-02-6.85184E-03
 -1       229-1.98799E-02-8.07989E-03-2.62905E-02
 -1       230 4.12639E-03-3.37842E-03-2.18871E-02
 -1       231-8.88434E-03 1.15050E-02 4.68580E-02
 -1       232 1.25307E-02-8.83932E-03 9.41351E-03
 -1       233 1.57530E-03 7.09924E-04 1.43813E-02
 -1       234 6.15151E-03-5.68573E-02 3.41144E-02
 -1       235 1.08436E-02-1.27256E-02-1.73331E-03
 -1       236-6.44951E-03 4.41791E-02-9.09649E-03
 -1       237-2.02495E-02 1.45645E-02 6.95442E-05
 -1       238-2.07935E-02 2.69777E-03 2.11450E-02
 -1       239 1.68367E-02 2.62575E-03 1.60261E-02
 -1       240-3.53415E-03-7.34773E-03-1.46086E-02
 -1       241 5.84693E-03-4.69435E-03-7.34093E-03
 -1       242-4.48642E-02 4.22056E-03 4.40121E-02
 -1       243 2.05268E-02-2.77098E-03-1.02148E-02
 -1       244 1.83843E-02-4.75873E-03-1.80493E-02
 -1       245 6.25193E-02-4.00444E-02-8.41260E-04
 -1       246 2.56787E-03-1.26306E-02 2.37678E-02
 -1       247 2.75436E-02-4.24737E-03-2.41935E-02
 -1       248-1.79531E-02 2.59071E-02-1.21904E-03
 -1       249 1.82223E-02 8.00932E-04-3.64413E-03
 -1       250 1.36060E-02-1.24025E-02-3.98030E-03
 -1       251-2.54981E-02-9.48975E-03 2.25695E-02
 -1       252-1.48706E-02 5.95221E-03 1.51482E-03
 -1       253-3.23647E-02 1.65024E-02-5.42939E-04
 -1       254 6.38015E-03-7.64984E-03 7.38507E-04
 -1       255 1.03406E-02-4.05393E-03 6.92508E-03
 -1       256 3.65972E-02-1.18597E-02-8.56479E-03
 -1       257-4.75891E-02 1.18354E-02 2.09160E-02
 -1       258 2.09291E-02-5.61045E-03-1.60409E-02
 -1       259-3.64312E-02 1.47079E-02 3.73363E-03
 -1       260 4.32174E-03-1.05860E-02 1.73956E-02
 -1       261-6.16645E-03 1.61140E-02-2.88305E-03
 -1       262 2.90403E-02 1.49423E-02 1.14244E-02
 -1       263 2.10746E-03-6.56634E-04-9.62837E-03
 -1       264 4.89334E-02-8.35850E-03-4.97060E-02
 -1       265-8.72128E-04-2.32492E-02-2.55999E-02
 -1       266 1.74850E-02-1.39241E-02-3.39559E-02
 -1       267 4.37791E-02 1.59872E-02-6.02091E-02
 -1       268-4.59378E-02 2.93798E-02 8.89184E-03
 -1       269 7.53390E-02-6.18992E-02 1.21624E-02
 -1       270 2.13682E-03 1.59125E-02 5.70967E-03
 -1       271 7.50263E-02 7.52269E-04-1.68051E-02
 -1       272-2.17392E-02-2.38494E-02-1.09685E-02
 -1       273 4.41856E-03 1.45227E-02-2.02845E-03
 -1       274-3.93412E-03 3.24810E-03-3.17686E-03
 -1       275 6.94551E-02 3.50731E-02-3.05230E-02
 -1       276-1.19476E-01 2.43250E-02 1.62047E-02
 -1       277 4.57623E-02-3.26665E-02-8.88273E-03
 -1       278-1.60912E-01 2.06972E-02 4.79299E-03
 -1       279-2.13885E-02 1.91288E-02-2.43763E-02
 -1       280-6.95493E-02 1.12991E-02 8.90686E-03
 -1       281 1.24944E-02-9.11899E-03 1.53580E-02
 -1       282-8.48962E-03-1.17288E-02-1.08733E-02
 -1       283-5.91865E-03-1.32038E-02 2.17459E-03
 -1       284 8.48677E-02 9.54217E-03-2.71867E-02
 -1       285 2.75402E-02 9.86271E-03-5.58743E-03
 -1       286 8.19671E-02-1.84766E-02 8.60374E-03
 -1       287-8.63868E-02 2.42135E-02 2.23276E-02
 -1       288 2.13339E-02-1.15075E-02-1.87178E-02
 -1       289-1.12952E-01 9.99017E-03 1.32482E-02
 -1       290 1.47279E-01-1.16192E-02-2.35480E-02
 -1       291-2.28440E-02 2.45077E-03-1.10766E-02
 -1       292 8.21861E-02-1.70451E-02 1.88004E-02
 -1       293-3.55634E-02 2.86733E-02-2.10332E-02
 -1       294-1.38706E-02-1.76348E-02 1.54743E-02
 -1       295-8.07689E+02 1.60687E+03 4.82079E+00
 -1       296 6.18995E+03 1.00238E+03-1.58312E+02
 -1       297 6.25614E+03 1.01867E+03 1.38789E+02
 -1       298 8.07636E+02 1.60687E+03 4.81405E+00
 -1       299-6.25598E+03 1.01856E+03 1.38896E+02
 -1       300-6.18997E+03 1.00245E+03-1.58175E+02
 -1       301 7.24265E-03-3.38719E-04-3.97383E-04
 -1       302 7.96854E-02-1.57417E-02-5.60149E-03
 -1       303 4.14053E-02-3.71903E-03-7.50574E-03
 -1       304-9.76158E-04-4.35385E-03-2.55424E-03
 -1       305-3.58517E-02 1.87506E-02-5.52420E-03
 -1       306-1.22830E-03-2.99511E-02-9.74925E-04
 -1       307 3.59866E-02 9.28658E-03-1.18822E-02
 -1       308 4.26987E-02 1.11980E-02 8.34653E-03
 -1       309-2.48772E-02 8.22402E-03 1.76872E-02
 -1       310-9.50205E-03-2.82872E-03-2.82082E-02
 -1       311 3.23731E-02 2.50772E-03 7.57928E-03
 -1       312-1.87241E-04 8.29933E-03-1.56315E-02
 -1       313 9.78651E-03-2.18535E-02-1.42454E-02
 -1       314 6.87737E-02-7.34748E-03 1.68405E-02
 -1       315-3.14549E-02 1.87532E-02 1.22749E-02
 -1       316-5.84323E-02 9.74098E-03-2.87230E-02
 -1       317-2.76899E-02-2.04103E-02-9.13784E-03
 -1       318-1.57619E-02-2.24660E-03 8.12533E-02
 -1       319 7.05596E-02 1.33059E-02 1.25506E-02
 -1       320-4.04830E-02 2.99015E-02-2.16279E-02
 -1       321 5.73329E-03 2.74067E-02-2.53973E-02
 -1       322-8.44468E-03 3.94241E-02 2.78652E-02
 -1       323 3.17102E-03 1.55433E-02 3.65737E-02
 -1       324 1.18017E-02-1.84850E-02 3.02081E-02
 -1       325 2.13776E-02-9.42138E-03-1.53539E-02
 -1       326 3.65825E-02-4.69712E-02-4.61040E-02
 -1       327 2.62481E-02-3.71563E-03 2.56548E-02
 -1       328 5.04571E-02 5.15682E-02 3.04591E-02
 -1       329 1.73123E-02 4.00065E-02-1.91362E-02
 -1       330-1.75302E-02 7.52842E-03 3.84130E-03
 -1       331-2.91561E-02-1.92111E-02 2.38251E-02
 -1       332-1.66450E-02-8.16341E-02 5.52167E-02
 -1       333-1.44010E-02-4.65267E-02-5.18412E-02
 -1       334 8.71942E-03 1.80181E-02 1.18178E-02
 -1       335-3.43480E-02 2.38238E-02-1.07201E-02
 -1       336-2.11560E-02-1.90245E-02-9.51703E-03
 -1       337-1.99164E-01-2.81162E-02 2.46538E-02
 -1       338-1.01738E-02 4.18541E-03-2.42855E-02
 -1       339-7.53301E-02 2.42215E-02-3.78889E-02
 -1       340 1.92576E-02 9.32886E-03 1.68285E-02
 -1       341 2.15419E-02 3.20071E-03 9.84037E-03
 -1       342 1.64110E-03 1.47535E-02 5.34789E-03
 -1       343 4.36929E-02-1.65176E-02 1.33343E-02
 -1       344 2.02750E-02 2.35054E-02 2.83944E-02
 -1       345 2.08587E-02 5.61165E-03-6.51132E-03
 -1       346-2.01780E-02-1.30423E-02-2.49258E-03
 -1       347-7.54726E-02-1.02237E-02 2.21991E-02
 -1       348 1.41389E-03-1.61904E-02-3.35328E-02
 -1       349-1.08157E-01 2.82056E-02-3.34934E-02
 -1       350-1.34237E-03-2.15276E-02 1.36034E-02
 -1       351 5.87497E-02-2.53889E-02 1.87091E-03
 -1       352-7.23300E-03 8.60026E-03-3.76923E-03
 -1       353-4.43678E-02-1.09011E-02 3.34275E-02
 -1       354 9.16560E-03-1.89157E-02-1.52858E-02
 -1       355-2.99436E-02 1.07516E-02-3.22791E-02
 -1       356 2.65394E-02 1.51955E-02 3.30969E-02
 -1       357-2.14294E-02-2.79801E-02 4.61373E-02
 -1       358-2.56515E-02 5.93107E-02 7.84377E-03
 -1       359-4.06092E-02 4.66862E-03 2.49754E-02
 -1       360-6.36723E-03 7.80654E-03-1.80406E-02
 -1       361-3.61601E-02 1.30811E-02-5.40638E-02
 -1       362 9.76170E-03-7.06647E-02 3.80835E-03
 -1       363 6.08100E-02 1.58075E-02-2.58707E-02
 -1       364 2.28113E-03 4.64103E-02 4.14162E-02
 -1       365 1.14487E-01 3.99215E-02 2.10084E-02
 -1       366-2.09963E-02-7.00949E-03-3.24266E-02
 -1       367-6.99793E-02-2.05764E-02 3.82222E-02
 -1       368 1.80657E-02-6.78822E-02-2.25262E-02
 -1       369 7.44830E-02-3.52007E-02-2.02000E-02
 -1       370-8.33173E-03 2.03473E-02 1.52151E-02
 -1       371-8.77854E-02-3.31105E-02-6.64563E-02
 -1       372 2.57981E-02 6.15987E-04 1.03543E-02
 -1       373 5.63978E-02-5.33401E-02-5.52627E-03
 -1       374-1.23578E-02-1.16845E-02-1.53324E-02
 -1       375-4.18994E-02 1.20347E-02 4.71686E-02
 -1       376 3.43149E-03-2.45092E-02-9.10894E-03
 -1       377 7.29073E-02-2.47584E-02-3.95183E-02
 -1       378-1.63858E-02 2.10489E-03 5.48715E-03
 -1       379-8.37696E-02-1.88682E-02 2.74201E-02
 -1       380-8.75828E-03 7.85847E-03-1.97850E-02
 -1       381 3.70062E-02-1.68149E-02-8.12514E-03
 -1       382-2.33935E-02-8.58389E-02-3.68910E-02
 -1       383 2.21089E-02-4.77359E-02-3.57942E-02
 -1       384 1.32189E-02-2.12606E-02 9.49110E-03
 -1       385-1.08888E-01-2.74477E-02-2.07412E-02
 -1       386-4.81047E-02-6.88600E-02-2.01421E-02
 -1       387 6.04946E-02 1.17763E-02-4.26456E-03
 -1       388 3.87987E-02 6.85249E-02-2.56488E-02
 -1       389-5.90322E-02-3.90894E-02-2.53048E-03
 -1       390-5.92799E-03-3.79318E-02 4.23498E-03
 -1       391-6.79982E-02 2.22994E-02-2.30099E-02
 -1       392 7.33688E-03 2.80673E-02-1.76562E-02
 -1       393 1.32781E-01-4.52548E-02 1.77829E-02
 -1       394 3.40396E-02-3.50480E-02-3.03394E-02
 -1       395-5.41132E-02-4.58639E-02-1.00459E-02
 -1       396 4.33439E-04-7.60721E-02 2.54457E-03
 -1       397 1.09158E-01 1.12776E-02-3.89178E-02
 -1       398 2.81574E-02 4.65056E-02 3.41872E-02
 -1       399-6.05344E-02 2.70923E-02-5.69465E-03
 -1       400-4.62654E-03 6.62918E-03 2.14068E-02
 -1       401 2.15746E-02 2.05316E-03 1.66764E-02
 -1       402-4.88830E-02 4.68209E-02-2.73037E-02
 -1       403 3.16408E-02-4.59210E-02 7.11172E-03
 -1       404-1.22183E-02 3.22029E-02 2.37352E-03
 -1       405 1.39598E-02-4.37404E-02 9.68734E-03
 -1       406-2.65296E-03 1.97103E-02-1.37858E-02
 -1       407-1.93462E-02-2.67262E-03 5.10757E-03
 -1       408 2.17500E-02 1.76029E-02-9.32330E-03
 -1       409-6.75827E-03-2.19332E-02 1.84909E-02
 -1       410-9.99862E-04-4.18272E-02 5.09366E-03
 -1       411 1.99342E-02 4.52126E-02 1.82491E-03
 -1       412-2.05980E-03 5.99822E-04 1.37768E-02
 -1       413-3.13033E-02-1.62425E-02-9.60768E-03
 -1       414-2.20687E-03-2.79876E-02-7.36435E-03
 -1       415 2.96741E-03 2.73988E-02-3.07207E-02
 -1       416 2.37288E-02-1.61143E-02 2.34887E-02
 -1       417-1.41141E-02-1.86604E-02 3.81455E-02
 -1       418-1.96715E-02 3.89889E-02-1.23341E-02
 -1       419-1.23252E-02-5.90479E-02-1.89701E-02
 -1       420 2.35030E-02-8.98029E-02 2.53611E-02
 -1       421-6.71746E-03 2.28707E-03 2.26842E-02
 -1       422 2.52377E-02-6.80971E-02 2.97735E-02
 -1       423-3.11782E-02-1.95115E-03-6.29676E-03
 -1       424 3.34293E-02-1.14689E-02 3.42624E-02
 -1       425 3.74471E-02-2.78817E-02 3.78493E-02
 -1       426-3.00336E-02 3.55790E-02-3.18446E-02
 -1       427-1.51635E-02-2.03289E-02 4.18973E-03
 -1       428 3.87775E-02-8.30407E-02 1.37017E-02
 -1       429-1.14660E-02-1.28221E-01 2.31700E-02
 -1       430 1.61655E-02-4.50073E-02 7.48455E-02
 -1       431 5.12688E-02-5.65988E-02 1.53001E-02
 -1       432 3.63502E-02-1.35505E-03-4.59196E-03
 -1       433 1.48074E-02-1.57946E-01 7.74880E-02
 -1       434-2.23264E-02 8.33337E+01-2.97078E-02
 -1       435 5.65342E-03-1.66680E+02-3.79091E-03
 -1       436 1.31380E-02-1.66651E+02-4.79900E-02
 -1       437 2.22999E-02-1.66652E+02-1.83106E-02
 -1       438-2.51474E-03-1.66715E+02-2.97440E-02
 -1       439 1.75222E-02-5.19257E-02-1.13539E-02
 -1       440 3.22904E-04 4.84578E-03 3.82300E-02
 -1       441-3.58377E-03 9.17149E-02-2.26727E-02
 -1       442-2.53117E-02 5.42222E-02 3.89221E-02
 -1       443-4.60600E-02 7.96847E-02 7.42759E-02
 -1       444 2.99375E-02-2.54797E-02-1.12387E-03
 -1       445-4.19100E-03-9.18821E-02-2.50831E-03
 -1       446-9.16582E-03-2.66495E-02-1.93918E-02
 -1       447 6.30968E-02 1.13054E-02-1.51814E-02
 -1       448-1.88622E-02 4.94627E-02 4.73914E-03
 -1       449-6.70198E-02-2.40363E-02 3.72132E-02
 -1       450 3.90817E-02 2.70676E-02 8.64411E-03
 -1       451-5.08824E-02 4.44829E-02 3.49830E-02
 -1       452 3.68535E-02 2.17580E-03-5.48528E-03
 -1       453-2.86908E-02-1.15050E-02 2.93573E-02
 -1       454-4.29067E-02-5.64006E-03-4.00360E-03
 -1       455 7.50436E-02-3.53294E-02-1.41411E-02
 -1       456 1.93198E-02-9.34276E-03 3.37643E-02
 -1       457-2.55783E-02 3.19239E-03 8.59105E-03
 -1       458 2.94228E-02-1.03102E-02-4.55593E-02
 -1       459-4.81396E-03-2.62835E-02-1.52414E-02
 -1       460 3.95389E-02-1.58943E-02 4.62022E-04
 -1       461 2.47094E-02 1.72072E-03 3.76531E-03
 -1       462-2.78146E-02 1.26640E-03 1.21299E-02
 -1       463-5.50157E-02 2.08129E-02 2.25438E-02
 -1       464-4.43612E-02 3.99964E-03 1.08773E-02
 -1       465 1.05775E-02-1.51788E-03-5.80390E-03
 -1       466 1.18210E-02-6.18510E-03 2.22188E-03
 -1       467 7.61223E-03-1.20216E-02 2.83194E-03
 -1       468-2.87260E-02-4.73680E-03 1.81287E-02
 -1       469 4.20766E-04-7.61369E-04-2.20885E-02
 -1       470-2.70252E-02 1.59757E-02 7.89884E-03
 -1       471-3.30884E-02 1.13933E-03 3.91440E-02
 -1       472 1.85627E-02-3.04333E-02 5.91731E-02
 -1       473-3.76340E-02 1.03008E-01-2.85945E-02
 -1       474 2.66760E-02 1.18522E-02 5.92993E-02
 -1       475-1.84149E-02-8.25552E-03 3.18705E-02
 -1       476-1.13277E-02-3.12842E-02-1.32191E-02
 -1       477 2.43556E-02-1.08448E-02 1.31246E-02
 -1       478-9.43467E-03 5.16068E-02-2.63316E-02
 -1       479 2.70935E-02-1.36143E-02 1.60814E-02
 -1       480 1.54838E-02 2.50123E-02 2.23352E-02
 -1       481 1.30933E-01-4.45233E-02-5.47396E-02
 -1       482 2.65706E-02-1.29890E-03 3.29112E-03
 -1       483-3.08961E-02 4.73689E-02-2.20125E-02
 -1       484 4.25458E-03 2.89869E-02 8.42045E-04
 -1       485-7.15450E-02 5.38873E-03-1.58511E-02
 -1       486-2.36486E-02 3.24195E-02-3.10643E-02
 -1       487 6.61164E-02 3.83156E-02 4.70331E-02
 -1       488 1.44112E-02-6.39707E-02-1.78461E-02
 -1       489 1.61946E-02 9.16549E-02-5.23205E-02
 -1       490-3.10565E-02-3.69546E-02 1.45191E-02
 -1       491-1.76801E-02 5.02199E-02 1.26054E-02
 -1       492 3.14784E-02-3.71646E-02 1.66397E-02
 -1       493 2.19246E-01 4.40823E-02 2.09654E-02
 -1       494-3.51635E-03-4.04179E-02-3.67547E-03
 -1       495-1.64735E-01-2.47898E-02-1.15670E-02
 -1       496-1.42482E-03 6.44480E-02-5.26614E-03
 -1       497 7.40880E-02-6.38567E-02-1.93717E-02
 -1       498-9.33634E-03-2.38949E-02 2.13390E-02
 -1       499 4.00371E-02-8.63295E-03-3.20006E-02
 -1       500 2.60732E-02-2.56589E-02-2.39431E-02
 -1       501-3.26729E-02 1.51926E-02-8.99818E-03
 -1       502-6.16243E-03 1.93066E-02-5.72489E-03
 -1       503 2.63015E-02 2.03298E-02 2.02952E-02
 -1       504-3.17161E-04-3.90136E-03 4.21875E-02
 -1       505-2.85771E-02-1.22234E-02-8.08430E-03
 -1       506-2.70587E-02 8.45748E-02-1.52374E-02
 -1       507-9.48105E-02 2.73875E-02 1.38222E-02
 -1       508 7.28370E-03 3.87486E-02-1.17703E-02
 -1       509 1.55787E-02 2.90029E-03-1.11011E-02
 -1       510 5.65113E-03 2.82321E-04 1.39009E-02
 -1       511-4.63961E-03 1.59939E-02 3.09119E-02
 -1       512 2.71833E-03-2.06095E-02-1.99068E-02
 -1       513-5.70095E-02 2.43690E-02 1.73764E-02
 -1       514-1.04394E-02-1.86671E-02-1.16989E-02
 -1       515-7.76919E-02 1.39415E-02-1.84032E-02
 -1       516-2.91450E-02-2.29316E-02 9.84719E-03
 -1       517 1.03948E-02 2.73014E-02-1.96214E-02
 -1       518 8.45800E-03 2.25471E-02-6.00004E-03
 -1       519 5.41761E-02-1.72357E-02-7.73991E-04
 -1       520 3.98523E-03 3.03051E-03-7.03723E-04
 -1       521 1.37315E-01-4.42210E-02-1.47567E-02
 -1       522 2.64023E-02-3.05987E-02 3.46188E-02
 -1       523 1.63029E-01 2.39920E-02-1.68011E-02
 -1       524-2.20759E-02 2.68235E-02-1.26830E-02
 -1       525-1.09538E-01 1.39580E-02 2.59087E-02
 -1       526 4.04617E-03 1.31067E-02-5.95588E-03
 -1       527-4.33352E-02-1.00667E-02 2.56330E-03
 -1       528-2.48617E-02 1.39156E-02-2.03516E-02
 -1       529-2.11313E-02 4.59389E-03-4.72309E-03
 -1       530 1.22815E-02-1.98937E-02-9.02889E-03
 -1       531 9.61512E-02 1.53537E-03-2.21880E-02
 -1       532-8.18683E-03 2.57107E-02 5.82778E-03
 -1       533 9.58930E-02-7.44186E-03-2.57171E-02
 -1       534 2.29691E-02-2.21642E-02 1.68604E-02
 -1       535-1.87330E-02 1.55674E-02 4.38460E-02
 -1       536-7.19730E-03 2.36133E-02-1.14619E-02
 -1       537 7.24664E-03-5.64019E-03-9.23850E-03
 -1       538-9.27901E-02 1.51921E-02 7.75089E-03
 -1       539-5.35331E-02 6.17033E-02-3.76845E-02
 -1       540-4.06216E-02 9.43401E-02-2.92463E-02
 -1       541 3.91998E-02-5.99581E-02 3.21737E-02
 -1       542 2.56875E-03 2.66242E-02 2.27148E-02
 -1       543 9.70541E-03-3.09418E-02 3.83930E-03
 -1       544-1.42243E-03 5.61806E-02-2.11779E-02
 -1       545 1.65604E-02 7.78144E-02 3.81558E-02
 -1       546 4.01299E-03 9.10240E-02 6.21506E-02
 -1       547 2.25767E-02 1.04705E-02 2.06543E-02
 -1       548-2.25261E-02-7.54875E-02-2.09809E-02
 -1       549 4.05706E-02 3.28537E-02 2.65715E-02
 -1       550-3.02170E-02 6.53154E-04-1.15230E-02
 -1       551 2.18534E-02 8.59054E-03-2.67045E-02
 -1       552 1.33910E-02 8.09697E-03 1.63133E-02
 -1       553-6.76184E-03-1.00852E-02 3.14465E-02
 -1       554-4.50473E-02 4.43587E-02 1.51670E-02
 -1       555 6.53392E-03 8.39534E-02-1.76871E-02
 -1       556-6.60006E-04-7.52811E-03-8.44405E-04
 -1       557 1.12335E-02-2.92047E-02 2.86798E-02
 -1       558 1.02864E-02 2.35571E-04 2.35641E-02
 -1       559 6.29359E-03 7.92109E-02 1.36338E-02
 -1       560 1.33269E-02 3.77245E-02 9.03615E-04
 -1       561-7.79827E-03 1.35148E-03-4.35052E-03
 -1       562-2.12810E-02-2.39533E-02-1.12020E-02
 -1       563-1.64521E-02-3.16798E-02-4.65094E-03
 -1       564 1.57393E-02 2.77179E-02 1.25110E-02
 -1       565 1.34756E-02 1.25321E-02-6.40704E-04
 -1       566-5.02404E-03-2.34341E-02-4.23159E-03
 -1       567-1.85432E-03 1.42526E-02 4.80314E-04
 -1       568-1.45239E-02 1.99189E-02-3.32404E-03
 -1       569 7.25779E-03-3.09301E-02 5.16374E-03
 -1       570 2.24472E-02 1.14849E-04 3.20870E-03
 -1       571-9.86318E-03-8.88353E-03-3.98834E-03
 -1       572 1.82348E-02 1.69025E+03 1.16376E+01
 -1       573-8.26729E+03-2.21865E+03-7.75768E+00
 -1       574-5.74894E+01-1.18705E+03-1.51512E+01
 -1       575 5.75930E+01-1.18685E+03-1.51322E+01
 -1       576 8.26741E+03-2.21859E+03-7.96161E+00
 -1       577-2.57958E-03-1.24204E-02 9.99018E-03
 -1       578 4.93726E-02 3.03052E-02-5.36265E-03
 -1       579-1.20449E-02-1.70288E-02-1.49716E-02
 -1       580-1.36276E-02 2.10070E-02 7.57929E-03
 -1       581-2.58519E-02-3.76660E-02-1.00770E-02
 -1       582-3.04170E-02-1.71555E-02 9.80919E-03
 -1       583 3.99658E-02-1.77186E-02-3.82447E-03
 -1       584 2.02438E-02 3.27606E-02-1.55915E-03
 -1       585 4.18999E-02 5.29826E-02 1.97122E-02
 -1       586-5.06862E-02-5.07176E-02-1.31873E-02
 -1       587-3.00877E-02-1.82488E-02 3.04166E-02
 -1       588 7.25192E-03 3.05546E-02-5.49825E-03
 -1       589 3.47530E-03 1.28826E-02-2.37319E-02
 -1       590 2.74763E-02-3.53161E-02 1.83029E-02
 -1       591-2.24162E-03 2.51194E-02 3.37900E-02
 -1       592 5.42466E-02-1.49831E-02 5.41105E-03
 -1       593 6.73501E-02-4.11657E-02-2.66655E-02
 -1       594 2.71828E-02 1.82463E-02 2.16848E-02
 -1       595-2.47119E-02 2.78387E-02 2.56836E-02
 -1       596-2.30375E-02-1.61280E-02 1.03336E-02
 -1       597 3.95828E-02-1.98037E-02 1.74493E-02
 -1       598 5.55886E-02 1.24594E-02 5.34640E-02
 -1       599-4.39903E-02 3.08787E-02 7.30400E-02
 -1       600 3.99846E-03 2.27805E-02-1.10103E-02
 -1       601 1.72025E-02 5.12078E-02-3.69946E-02
 -1       602-6.95460E-03-1.41456E-02 4.44255E-02
 -1       603 1.73243E-02-2.10324E-02 9.32815E-02
 -1       604-4.31463E-02-4.57159E-02 5.23558E-02
 -1       605 4.07073E-02-1.28194E-02-8.69587E-03
 -1       606-1.45306E-02-2.19970E-02-1.26243E-02
 -1       607 2.30126E-02 3.54279E-02 2.49557E-02
 -1       608-1.37405E-02 3.91626E-02 3.90063E-02
 -1       609-4.57426E-02 2.86712E-02 1.57864E-02
 -1       610 1.12509E-02 1.14579E-03-7.81905E-03
 -1       611 1.90408E-02 2.89559E-02 4.52113E-03
 -1       612 1.76360E-02 5.16806E-03 1.58223E-02
 -1       613-1.52258E-01-3.28510E-02 9.79420E-03
 -1       614-1.45020E-03-5.71061E-03 7.33806E-03
 -1       615 9.49038E-02 4.29971E-02-2.41346E-02
 -1       616-1.20775E-02-9.52615E-03-2.62355E-02
 -1       617 2.99887E-02-1.62364E-02 1.66704E-02
 -1       618-1.21538E-02-1.34613E-03 8.25032E-03
 -1       619 9.64089E-02-2.01995E-02-8.38600E-03
 -1       620 3.29290E-02 5.91834E-03-2.39899E-02
 -1       621 7.50766E-03 5.04877E-03 2.21862E-02
 -1       622-8.51626E-03-7.12292E-03-4.33022E-04
 -1       623-1.38653E-01-4.92356E-02-2.72218E-02
 -1       624 3.52618E-02 2.22356E-03 1.20397E-02
 -1       625-3.15882E-02 7.47407E-02 3.36310E-02
 -1       626-2.41185E-02-2.81453E-02 2.72834E-02
 -1       627-3.21049E-02-2.62568E-02-4.78639E-02
 -1       628-1.19765E-02 2.89053E-02-5.77304E-02
 -1       629 2.32291E-02-2.31247E-02 7.49856E-03
 -1       630 9.16122E-03 2.63247E-02-8.45673E-03
 -1       631 1.45936E-01 4.36266E-02-4.31425E-03
 -1       632 1.85094E-02-2.12167E-02 3.26889E-02
 -1       633 3.12799E-02 4.94994E-03-4.58522E-02
 -1       634-2.36528E-02-3.03930E-02-9.78045E-03
 -1       635-4.15717E-02-5.62132E-02 4.87681E-02
 -1       636-2.55064E-02 1.32163E-02-2.33445E-03
 -1       637-1.12716E-02 1.75641E-03-2.10085E-02
 -1       638 4.58266E-02 4.78787E-03-2.02438E-02
 -1       639-1.30495E-01 2.06063E-02 1.15941E-02
 -1       640 3.42524E-02-2.63659E-02 3.11104E-02
 -1       641-5.63538E-02-5.78093E-02-3.75822E-02
 -1       642-1.17278E-02-2.15455E-02-4.13344E-03
 -1       643-1.18341E-01 5.34402E-02-1.82276E-02
 -1       644-4.85945E-02-1.38441E-02-7.38705E-03
 -1       645-9.39751E-02 3.51939E-02-7.22276E-02
 -1       646 6.39655E-02 1.20013E-02-1.82196E-02
 -1       647-1.53135E-01-1.76185E-02-1.02770E-02
 -1       648 4.59766E-03 2.82897E-03-1.95378E-03
 -1       649 1.29946E-01 2.69409E-02 1.12353E-02
 -1       650-4.97534E-02-4.86236E-03 1.40837E-03
 -1       651-2.83013E-02-2.30218E-02-2.59972E-02
 -1       652-5.45935E-03 1.44723E-02-7.71893E-03
 -1       653-5.94666E-02-8.98537E-03 1.00492E-02
 -1       654 7.59232E-03 2.41768E-02-1.94388E-02
 -1       655 7.18212E-02-8.48712E-03-9.36311E-02
 -1       656-3.57791E-02-3.62085E-02 8.73895E-03
 -1       657 2.10825E-02 3.48999E-02-3.72889E-02
 -1       658 4.56908E-02-2.94366E-02-1.34494E-03
 -1       659-5.17383E-02 2.53557E-02-1.66752E-02
 -1       660-1.99667E-02-3.72642E-02 6.31202E-03
 -1       661 8.85050E-02 4.54980E-02-1.39887E-02
 -1       662-7.69979E-03 1.69409E-02-5.10814E-02
 -1       663-1.05552E-01-1.06561E-02-6.92095E-02
 -1       664 2.80237E-02-7.32876E-03-1.42466E-02
 -1       665 8.40905E-03 2.13769E-02-6.88433E-02
 -1       666 3.61714E-03-4.87678E-02 1.43201E-02
 -1       667-1.02455E-02 1.61990E-02-7.62473E-02
 -1       668-2.23082E-02 1.77772E-03-6.45988E-03
 -1       669-3.38628E-02 9.51740E-03-5.93541E-02
 -1       670-5.24798E-02-8.17603E-03-1.51134E-03
 -1       671 5.65038E-02 1.08744E-02-1.85583E-02
 -1       672-6.72209E-03 2.34920E-02 3.40975E-02
 -1       673-7.77651E-02-4.56438E-02-9.66816E-02
 -1       674 1.15042E-02 4.06464E-02 3.77681E-02
 -1       675 7.01815E-02-9.09403E-03-1.09449E-01
 -1       676 2.26734E-02 2.76389E-02 8.53667E-04
 -1       677 2.70317E-03 5.39821E-03 1.75079E-03
 -1       678-5.38865E-03 8.05665E-04 1.84229E-03
 -1       679-2.47339E-03 4.89987E-03 4.30870E-03
 -1       680-2.50563E-03-2.41301E-02 1.14717E-02
 -1       681-2.29210E-02 1.37795E-02 2.22948E-02
 -1       682 2.42676E-02-1.20484E-02-8.16919E-03
 -1       683 6.12617E-03 1.65672E-02 1.43748E-02
 -1       684-2.70389E-02 1.20351E-02-2.42401E-02
 -1       685 2.21028E-03-2.88288E-02-2.27927E-02
 -1       686 1.49241E-04 1.64970E-02 5.71516E-02
 -1       687-2.08164E-03 8.24210E-03-2.30137E-02
 -1       688-3.57372E-03-1.18137E-02-2.06272E-02
 -1       689-2.19571E-02 5.41289E-03 1.44181E-02
 -1       690 1.87704E-02 3.83136E-03-2.12914E-02
 -1       691-7.78357E-03-1.36725E-02 8.67900E-03
 -1       692 3.55963E-02-3.28133E-02-4.55432E-02
 -1       693-1.27472E-02 3.14954E-02 1.80119E-02
 -1       694-3.50481E-02 3.47539E-02 2.86341E-02
 -1       695-3.23640E-02 3.67522E-02-1.72534E-02
 -1       696 2.19884E-02 1.39721E-02-1.98678E-02
 -1       697-1.78368E-02 2.53884E-02 5.19332E-03
 -1       698-3.51492E-02 6.12146E-03-6.64907E-02
 -1       699 1.38280E-02 1.78697E-02-5.04361E-02
 -1       700 1.40698E-02 4.06422E-02 2.44288E-03
 -1       701 2.60043E-02 4.24069E-02 2.55289E-02
 -1       702-9.46435E-03 3.99675E-02 7.99616E-03
 -1       703-4.62796E-03 2.20193E-02-4.71881E-02
 -1       704 5.51373E-03 2.81094E-03-7.90334E-02
 -1       705-1.19520E-02 5.49450E-02 4.86309E-02
 -1       706-7.35145E-03 5.48660E-02-3.09738E-02
 -1       707 5.30059E-03 4.26735E-02-4.58424E-02
 -1       708 3.95850E-03 1.07450E-02-2.00659E-02
 -1       709 2.13330E-02-4.08664E-02-3.69825E-02
 -1       710 8.45203E-03-4.87951E-03 1.51444E-02
 -1       711 1.12906E-02-2.14787E-02 2.86111E-02
 -1       712-7.58533E-03 3.74731E-02-2.49124E-02
 -1       713 5.66267E-02-4.42087E-02 1.09096E-02
 -1       714-6.74138E-02 3.11457E-02 1.81870E-03
 -1       715-6.15965E-03-3.35595E-03-1.87017E-02
 -1       716 5.70575E-02-1.55925E-02 2.44484E-04
 -1       717-3.64403E-02-6.45538E-03 1.17298E-02
 -1       718-2.50362E-02 1.89671E-02 3.10595E-02
 -1       719-1.26792E-02 3.10830E-02-2.35152E-02
 -1       720 1.50367E-02-6.28331E-03 1.47026E-02
 -1       721 5.10125E-02-1.37279E-02 2.41055E-03
 -1       722-3.99835E-02-5.18194E-02-4.76425E-03
 -1       723 6.25709E-02-1.05138E-02 5.54964E-03
 -1       724-8.39184E-03 5.94864E-02 2.00043E-02
 -1       725-1.04958E-01 2.94961E-02 5.76508E-03
 -1       726-6.76897E-02-9.45645E-02 2.61640E-03
 -1       727-3.66352E-02 2.16196E-02 9.24648E-02
 -1       728-1.02909E-02 8.27985E-02 5.31856E-02
 -1       729-8.16468E-03-9.47993E-03 1.88468E-03
 -1       730 8.22317E-03-1.26967E-02-1.65596E-03
 -1       731-3.07596E-02 2.12899E-02 1.66185E-02
 -1       732 4.70063E-04-3.26804E-02 4.40171E-02
 -1       733 2.30198E-02 4.99930E-02 5.68499E-02
 -1       734-3.74614E-02 9.92564E-03 5.33799E-02
 -1       735 7.47109E-02-6.16039E-02 3.98358E-02
 -1       736 7.76492E-03-2.58572E-02 1.91552E-02
 -1       737 3.52722E-02-2.99630E-02-4.16923E-02
 -1       738 1.77492E-02-1.44544E-02 5.05230E-02
 -1       739-7.97205E-03-3.22214E-02 1.21475E-01
 -1       740-7.52942E-02 2.08980E-02 6.05040E-02
 -1       741 5.19614E-02 5.74161E-02 1.16889E-01
 -1       742-3.36471E-02 2.51355E-02-2.88627E-02
 -1       743 1.91396E-02-6.81756E-03 5.00932E-03
 -1       744-2.35549E-03-7.35732E-04-2.84382E-02
 -1       745-1.59636E-01 3.34167E-02-1.54065E-02
 -1       746 1.72949E-02-2.12289E-02-2.77821E-02
 -1       747 1.40614E-01-6.13741E-02 1.97838E-02
 -1       748 1.53154E-02-1.17406E-02 3.01804E-02
 -1       749-6.63597E-02 2.18338E-02 6.88649E-03
 -1       750-2.24471E-02 2.64024E-02 1.25471E-02
 -1       751-1.61345E-02 2.14199E-02-2.88975E-02
 -1       752 6.97825E-04-1.84871E-02-3.03714E-02
 -1       753 1.27951E-01-1.72546E-02 3.25574E-02
 -1       754-5.29198E-03 1.00900E-02 3.70620E-02
 -1       755-1.56088E-01 6.48618E-03-1.49248E-02
 -1       756 2.69908E-02 7.96473E-03-1.01975E-02
 -1       757 5.08285E-02-1.28723E-02 5.54929E-03
 -1       758 3.02903E-03-2.03019E-02-4.26345E-02
 -1       759 1.30845E-01 1.26926E-03-2.08847E-02
 -1       760-1.19481E-02 1.17062E-02-8.45641E-03
 -1       761-1.27309E-02 2.77953E-02 5.05762E-03
 -1       762-3.70196E-02 7.55547E-03 2.76207E-02
 -1       763 5.92109E-02-2.04757E-02 8.00370E-03
 -1       764 1.06332E-02-2.90657E-02-4.12079E-02
 -1       765-2.13521E-01 2.32083E-02-2.94951E-03
 -1       766 7.27390E-03 2.08379E-02-2.62111E-02
 -1       767-4.96467E-02 3.15772E-02 1.91606E-03
 -1       768-9.30790E-03 6.04468E-02 1.82208E-02
 -1       769 3.27822E-02-6.52364E-03-2.85110E-02
 -1       770 1.11071E-02-2.18140E-02 5.42284E-02
 -1       771 5.98996E-02-5.13930E-02-1.19226E-02
 -1       772 2.81028E-02-5.90834E-02 2.14280E-03
 -1       773 2.53066E-01-7.11145E-02-1.86476E-02
 -1       774 1.45936E-02-1.98477E-02-6.70278E-02
 -1       775 5.56491E-02 3.68084E-02 3.28159E-02
 -1       776 1.06689E-02 4.52900E-02-5.96063E-02
 -1       777 1.32001E-01 7.74196E-02-3.86954E-03
 -1       778-2.55336E-02 1.39152E-02-4.24698E-02
 -1       779 7.20820E-02-1.11658E-01-6.93240E-02
 -1       780-5.68038E-03-1.97211E-02 1.72857E-03
 -1       781 3.30893E-02 1.26263E-02-5.15926E-02
 -1       782 2.03779E-02-4.79270E-03-5.79776E-03
 -1       783-1.28663E-02 3.33966E-02-1.53757E-02
 -1       784-1.95783E-02-5.39622E-03-6.23304E-02
 -1       785-3.59540E-02-1.54770E-02 2.53390E-02
 -1       786-1.28925E-02 2.61505E-02-2.43953E-02
 -1       787 3.07635E-02 6.96655E-02-4.41299E-02
 -1       788 9.98350E-03 3.14208E-02-9.36268E-03
 -1       789-1.54279E-02 3.19022E-02-7.39275E-05
 -1       790-3.40578E-02-5.80146E-03-6.95229E-02
 -1       791 8.32498E-03-2.93444E-02-3.89147E-02
 -1       792 3.23935E-02-1.15035E-03-6.05125E-02
 -1       793 2.65233E-02-1.73544E-02-2.10939E-02
 -1       794-4.88136E-02 5.32818E-03-6.19601E-02
 -1       795-1.17397E-01-1.94676E-02-1.31491E-02
 -1       796-3.21820E-02-2.71054E-02-5.13772E-02
 -1       797 1.55575E-02 2.80800E-02-7.68367E-03
 -1       798-7.29467E-03 2.49654E-02 1.60292E-02
 -1       799-6.04389E-02-8.75046E-03-4.76163E-02
 -1       800 2.59490E-02 2.68140E-02 9.64838E-03
 -1       801 4.07813E-02 5.42351E-03-2.26031E-02
 -1       802-6.65607E-02-1.47675E-02-4.18057E-02
 -1       803 1.24428E-01-3.65816E-02-8.75116E-02
 -1       804 3.13912E-02 3.34589E-02-7.25224E-02
 -1       805-8.24278E-02-6.95046E-03-3.00856E-02
 -1       806-1.64866E-02-7.52502E-03-1.12418E-01
 -1       807 4.98976E-02-7.20330E-03-4.94535E-02
 -1       808-6.03526E-03 3.05793E-02-3.50552E-02
 -1       809-1.74640E-02 3.72510E-02 5.80411E-03
 -1       810 1.85907E-02 1.68690E-02 1.22484E-02
 -1       811-4.31991E-03-1.48431E-02-2.35026E-02
 -1       812 1.76732E-02-1.45732E-02-2.03045E-02
 -1       813 8.35715E-03 9.62681E-03 2.54129E-02
 -1       814-1.22682E-02-1.26031E-02 1.86425E-02
 -1       815-1.28007E-02 5.22553E-03-2.27870E-02
 -1       816-1.08382E-02-5.12195E-03-1.39543E-02
 -1       817 1.21063E-02 8.78305E-03 2.59052E-02
 -1       818 3.20002E-02 1.97543E-02-3.34299E-02
 -1       819-4.15924E-02-3.06229E-02 1.07027E-02
 -1       820 1.72638E-02 1.56843E-02 2.51173E-02
 -1       821 6.96619E-03 8.53465E-03 1.68462E-02
 -1       822-2.37647E-04-3.93701E-03-4.77729E-02
 -1       823-1.62270E-03-6.62995E-03-5.18387E-02
 -1       824-4.75202E-02-3.05976E-02 1.98679E-02
 -1       825 7.41604E-03-5.80092E-03 4.06800E-02
 -1       826-2.26774E-02-6.66796E-03-1.65026E-02
 -1       827 1.58989E-02 2.61764E-02-1.08391E-01
 -1       828 3.35244E-02-5.73181E-03-7.69330E-02
 -1       829-3.33048E-02 2.69438E-02-1.01644E-02
 -1       830-2.82567E-02-1.00759E-02 4.34018E-02
 -1       831 4.25247E-03-4.60827E-02-6.97259E-02
 -1       832-3.44762E-02 2.15960E-02-7.22550E-02
 -1       833-4.77550E-03 3.68767E-02-5.51206E-02
 -1       834 1.78405E-02 7.83056E-02-2.36837E-02
 -1       835-1.97349E-02-2.85281E-02-1.58608E-02
 -1       836-3.59565E-02-1.26670E-02-1.02876E-01
 -1       837 3.63191E-03 2.35343E-02-3.19687E-02
 -1       838-2.68710E-04 3.57125E-02-1.08585E-01
 -1       839-5.81487E-02 5.00825E-02-8.24585E-02
 -1       840-1.30668E-02 8.62659E-03-3.90200E-02
 -1       841-1.57445E-02 2.54665E-02-1.54598E-01
 -1       842 3.76483E-02 3.03187E-02-1.21508E-02
 -1       843-3.38454E-02 1.40902E-02 3.78640E-02
 -1       844 7.22904E-02 1.51643E-02-3.55790E-03
 -1       845 6.20627E-02-1.09620E-02-4.82279E-02
 -1       846 1.64965E-03-1.59987E-02 4.34401E-02
 -1       847-4.67288E-02 8.86294E-03-1.95263E-02
 -1       848-7.29638E-02-1.68992E-02 1.56849E-02
 -1       849 9.76779E-02-1.22362E-02-2.74172E-02
 -1       850 1.10411E-02 1.58694E-02 4.35006E-03
 -1       851-6.34893E-02 3.41323E-02 9.37650E-02
 -1       852-3.65902E-02 1.56753E-02-3.56357E-02
 -1       853 7.37049E-02-3.60090E-02 1.29305E-02
 -1       854-3.65578E-02-7.88857E-03-1.61957E-03
 -1       855-1.61342E-02 7.26657E-03-4.23327E-02
 -1       856 1.46631E-01-4.72372E-02 4.00134E-02
 -1       857-4.47230E-02 1.43198E-02 8.13925E-02
 -1       858-7.15213E-02 1.29151E-02-3.35202E-02
 -1       859 3.64586E-02-6.83200E-02-3.18579E-03
 -1       860-5.61309E-02 6.80190E-02 1.38319E-01
 -1       861 3.07325E-02 4.86355E-02 6.37026E-02
 -1       862 7.36953E-02-2.08263E-02 5.37564E-02
 -1       863-5.72015E-02 5.47431E-02 4.17195E-02
 -1       864-4.08949E-03 1.72669E-02 5.22977E-02
 -1       865-5.58400E-02-4.83483E-03 1.02151E-01
 -1       866 3.22198E-02 7.45368E-02 5.17376E-02
 -1       867 4.29640E-02 1.38023E-02-1.41566E-03
 -1       868 2.01747E-02-9.38760E-02 1.15999E-01
 -1       869-2.48593E-02-3.97584E-02 1.08345E-01
 -1       870 2.98552E-02-2.22738E-02 3.46901E-02
 -1       871-2.82207E-02-7.01514E-02 1.11987E-01
 -1       872-1.89224E-02 7.67865E-02 1.19325E-01
 -1       873 3.94314E-02 5.34262E-02 6.73517E-02
 -1       874-1.66984E-02 9.94386E-02 1.34405E-01
 -1       875-2.29710E-02 2.61489E-03-3.53164E-02
 -1       876 4.13316E-02-2.33224E-02 3.98041E-03
 -1       877-1.70043E-01 3.72353E-02 4.03291E-02
 -1       878 2.20802E-02 9.92317E-02-2.96232E-03
 -1       879 2.54406E-02 3.00626E-03-2.55736E-02
 -1       880-7.03207E-02 5.53408E-03 9.12372E-03
 -1       881-1.78878E-01-2.77267E-02-5.63991E-02
 -1       882-2.26601E-02 9.27132E-03 3.33608E-04
 -1       883 2.56196E-02 5.06829E-03-2.05966E-03
 -1       884 2.89221E-03-2.91269E-02 4.60173E-03
 -1       885-8.44950E-02 2.06339E-03 6.37305E-02
 -1       886-9.65365E-03 7.11071E-03 2.68066E-02
 -1       887-1.55264E-02 8.44494E-03-1.30626E-02
 -1       888 2.52556E-02 1.99362E-02 2.59188E-02
 -1       889 1.39221E-01 1.11192E-02-3.39449E-02
 -1       890-1.97526E-02-3.47723E-02 7.08661E-03
 -1       891 4.02714E-03-2.10993E-02-1.78282E-02
 -1       892-3.06659E-02-2.50009E-02-1.01038E-03
 -1       893 4.68168E-02 6.84463E-04 1.29162E-02
 -1       894-5.39235E-03 2.27670E-02 5.81598E-02
 -1       895-4.18320E-02 4.27323E-02 2.82010E-02
 -1       896 2.44242E-02 3.87568E-02-1.37169E-02
 -1       897 1.33626E-01 1.55346E-02 4.10043E-02
 -1       898 7.70928E-02 3.96305E-02-7.76247E-02
 -1       899 4.67381E-02-2.06283E-02-2.32567E-02
 -1       900-2.09465E-02 8.25340E-03 7.23359E-04
 -1       901-1.90907E-01 3.35372E-02-7.75690E-02
 -1       902-2.96643E-02 4.73778E-02 2.02118E-02
 -1       903-2.43234E-02 1.23310E-02 1.35348E-02
 -1       904-1.75103E-02-1.20808E-02-1.31915E-02
 -1       905-1.55017E-01-3.13707E-02 8.19174E-02
 -1       906 8.93418E-03-4.22215E-02-2.36567E-02
 -1       907 3.77059E-02-5.77920E-03-2.10519E-02
 -1       908 3.69335E-02-2.35676E-02-1.29428E-02
 -1       909 1.35213E-01 3.02686E-03-9.88890E-02
 -1       910-2.94668E-02-4.59044E-02-5.75973E-02
 -1       911 1.33162E-03-5.85916E-03-4.53460E-02
 -1       912-2.89917E-02 3.75689E-03 2.98273E-02
 -1       913 1.26838E-01-4.86892E-02 1.40546E-04
 -1       914-1.42479E-03 2.45151E-02 4.14915E-02
 -1       915-3.33801E-02-6.36063E-02-1.36380E-02
 -1       916-1.38774E-02-1.69402E-02-2.06659E-02
 -1       917 5.21568E-02 4.00712E-03-2.27570E-03
 -1       918 1.99655E-02-3.80372E-02 1.43593E-02
 -1       919-1.75926E-02 2.19188E-02-2.67582E-02
 -1       920 9.10004E-02 3.28819E-03 3.73916E-02
 -1       921-9.97362E-02 3.82573E-03-6.58996E-02
 -1       922 4.48499E-02-1.80592E-02-1.43381E-02
 -1       923-2.83355E-04 4.82960E-02 4.32099E-04
 -1       924-2.45635E-02 1.62090E-02-2.19188E-02
 -1       925-1.75208E-03-3.66691E-03 6.68842E-02
 -1       926-8.33778E-02 8.38700E-02 2.20210E-02
 -1       927-1.93295E-02-2.82298E-03 2.11359E-02
 -1       928-7.27903E-02 1.04989E-02-9.44504E-02
 -1       929-1.14294E-01 3.59430E-02 1.74726E-02
 -1       930-2.74325E-02 5.43328E-02-5.33488E-02
 -1       931 2.99430E-02 3.93165E-02-4.73124E-04
 -1       932-5.15187E-02 3.17193E-02-3.30372E-02
 -1       933 5.71796E-03 8.25774E-02-7.21411E-02
 -1       934 5.10280E-02-5.19681E-02-4.94799E-02
 -1       935 6.03736E-02 1.11448E-02-6.13434E-02
 -1       936 3.18725E-02-1.44722E-02 2.80397E-02
 -1       937 1.23235E-01 2.60576E-02-1.31295E-01
 -1       938 3.43512E-02 4.73477E-02-2.77189E-02
 -1       939 2.29871E-02-2.75355E-02-4.29825E-02
 -1       940 4.79608E-02-1.91301E-02 6.57224E-02
 -1       941 1.18837E-02-2.15469E-02-1.41217E-02
 -1       942 1.74777E-02-2.89175E-02-2.22844E-02
 -1       943 4.19813E-03-7.99019E-03-5.86417E-02
 -1       944 4.30840E-02 2.24173E-02-1.46267E-01
 -1       945-1.13801E-01-4.24970E-02-1.13904E-01
 -1       946-3.56241E-03-4.33916E-02 8.76008E-03
 -1       947-9.70816E-02 7.64038E-04-3.64808E-02
 -1       948-7.02538E-02-1.40032E-02-8.11019E-02
 -1       949 9.14863E-02-5.05488E-02-6.52682E-02
 -1       950 5.76021E-02-3.09392E-02-3.91538E-02
 -1       951 5.21576E-02-2.52195E-02-8.18462E-02
 -1       952-2.16625E-02 8.03608E-03-9.84491E-02
 -1       953-1.37746E-01 8.03398E-03-1.33845E-02
 -1       954 1.36298E-02 6.59282E-02-1.01002E-01
 -1       955 2.99471E-03-2.87198E-02-2.24153E-02
 -1       956-2.88544E-02-7.82008E-03-1.47011E-03
 -1       957 2.28693E-01-3.17929E-03-2.03088E-01
 -1       958-3.91712E-02 6.40707E-02-4.34668E-02
 -1       959-1.41020E-02-3.54088E-02-1.44850E-01
 -1       960 1.90305E-02-1.07379E-02-8.92863E-02
 -1       961-1.23019E-01-9.36688E-02-3.72814E-02
 -1       962 1.52414E-02-3.06193E-02-3.29280E-02
 -1       963 8.72475E-03-3.01804E-02-9.58007E-02
 -1       964-2.28438E-02 3.43916E-02-1.25955E-01
 -1       965 6.65347E-03-6.57006E-02-1.69686E-01
 -1       966-4.80419E-02-8.16900E-02-1.62049E-01
 -1       967 4.91790E-02 1.61428E-02-7.29502E-02
 -1       968 2.42181E-02-4.43467E-02-7.34597E-02
 -1       969 4.06709E-02-1.31079E-02-5.72097E-02
 -1       970-5.41676E-02-6.52419E-02-1.20104E-01
 -1       971-7.19960E-02-2.57086E-03-5.99802E-02
 -1       972-2.97746E-02-6.85536E-02-3.08339E-02
 -1       973-4.29007E-02-1.59049E-04-1.11606E-01
 -1       974-9.99350E-03-1.58455E-01-4.77965E-02
 -1       975-3.11239E-02 1.75472E-02-3.26985E-02
 -1       976-2.60472E-02 7.78234E-02-5.63452E-03
 -1       977-1.41117E-02 1.33235E-01-9.20789E-02
 -1       978-1.71908E-02-7.28248E-03-9.79082E-02
 -1       979-4.78304E-02 3.58574E-02-1.08276E-01
 -1       980 8.15070E-02 2.48327E-02-1.20266E-01
 -1       981 5.47442E-02 4.67156E-02-1.56795E-01
 -1       982 5.58213E-02 5.41626E-03-1.09306E-01
 -1       983 3.37817E-02 5.66269E-02-1.64610E-01
 -1       984-4.11661E-02-2.77924E-03-1.56026E-01
 -1       985-1.55963E-01-6.60102E-02-6.30677E-02
 -1       986-5.51594E-02 1.12875E-01-8.05991E-02
 -1       987 8.42250E-02-7.64908E-02-8.59938E-02
 -1       988-4.54453E-02 1.35234E-02-1.06382E-01
 -1       989-4.80001E-02 1.63268E-01-8.00810E-02
 -1       990-4.61852E-02 1.90956E-02-4.11700E-03
 -1       991-2.10219E-02-5.00337E-02-1.66447E-01
 -1       992-5.90146E-02-5.68374E-03-1.17013E-01
 -1       993 1.23239E-01-9.43485E-02-1.53433E-01
 -1       994 2.93069E-02 1.64999E-02-7.02337E-02
 -1       995-8.59867E-02-4.97544E-02-1.65031E-01
 -1       996-7.15130E-02 1.15054E-01-1.31904E-01
 -1       997 4.95241E-02-5.28518E-02-2.22670E-01
 -1       998-3.24077E-03-6.86701E-02 1.28188E-03
 -1       999 3.04133E-02-2.44503E-02-4.76287E-02
 -1      1000 2.82617E-02 1.60253E-01-1.77009E-01
 -1      1001-1.00450E-01-1.42741E-02-1.66642E-01
 -1      1002 3.79947E-02-1.82127E-01-1.44149E-01
 -1      1003 3.83526E-02-1.17944E-01-1.27630E-01
 -1      1004-3.47222E-02 7.17131E-02-9.15507E-02
 -1      1005 5.88877E-02-2.09839E-02-1.55504E-01
 -1      1006 2.33460E-02-9.84511E-02-1.66242E-01
 -1      1007-6.01558E-02-7.08502E-03-6.39599E-02
 -1      1008-7.05401E-03 4.58162E-02-3.78551E-02
 -1      1009 8.81781E-03-6.56691E-02-3.17469E-02
 -1      1010-9.02392E-04-1.55633E-02 1.24436E-02
 -1      1011 5.16574E-02-3.96443E-02-1.97747E-02
 -1      1012-4.69464E-03 1.04112E-01-2.43529E-02
 -1      1013-1.72007E-02 2.33261E-03 1.54934E-02
 -1      1014-1.79664E-02-2.72855E-02 3.66221E-02
 -1      1015-2.50375E-02 8.15763E-03-1.91979E-02
 -1      1016 1.71315E-02 2.65650E-03 4.94891E-03
 -1      1017 4.70068E-02-7.42640E-02-3.72747E-02
 -1      1018-6.10592E-02-1.69894E-02 7.91476E-04
 -1      1019 7.38281E-03 6.96870E-02-1.90332E-02
 -1      1020 1.29955E-02 2.35517E-02 1.26581E-02
 -1      1021 3.84553E-02 1.65173E-02 1.43619E-02
 -1      1022 1.64461E-02 1.95824E-02-6.92895E-02
 -1      1023-7.97769E-02-2.35475E-02-8.21484E-02
 -1      1024 2.48137E-03-5.55790E-02-3.27517E-03
 -1      1025 2.34954E-02 6.90154E-02-8.18256E-03
 -1      1026-6.66414E-02-7.19761E-03-9.39404E-02
 -1      1027 1.21124E-02-4.57267E-02-5.80778E-02
 -1      1028 2.19004E-02-4.63013E-02-9.23998E-02
 -1      1029-6.62795E-02 4.28874E-02-1.41839E-02
 -1      1030 4.27452E-02-8.12845E-03-2.29324E-02
 -1      1031 3.50706E-02 5.97621E-02-4.83401E-02
 -1      1032 1.74356E-03-1.42308E-01-9.49138E-02
 -1      1033 8.05158E-02-3.01662E-02-1.88250E-01
 -1      1034-4.86685E-02 1.58578E-01-4.14631E-02
 -1      1035-2.62942E-03 2.12306E-03-1.03196E-01
 -1      1036 3.08457E-03 1.16704E-02-8.29070E-02
 -1      1037 5.95965E-02 1.17091E-02-1.22238E-01
 -1      1038 7.85630E-03 3.93359E-02-2.04741E-01
 -1      1039 4.49798E-02-1.69213E-02-1.17360E-01
 -1      1040-4.95415E-02-7.67455E-02-1.12819E-01
 -1      1041 5.52411E-02-3.08301E-02 2.26973E-02
 -3
 9999
