    1C
    1UHash: 9lAXveLf, Date: 03/15/2026, Unit system: M_KG_S_C           
    1UUSER                                                              
    1UDATE              15.march.2026                                   
    1UTIME              19:02:17                                        
    1UHOST                                                              
    1UPGM               CalculiX                                        
    1UVERSION           Version 2.23                             
    1UCOMPILETIME       Sun Jan 11 00:39:44 CET 2026                    
    1UDIR                                                               
    1UDBN                                                               
    1UMAT    1S235                                                      
    2C                           459                                     1
 -1         1-1.00000E+00 5.00000E-02-5.00000E-02
 -1         2-1.00000E+00-5.00000E-02-5.00000E-02
 -1         3 1.00000E+00-5.00000E-02-5.00000E-02
 -1         4 1.00000E+00 5.00000E-02-5.00000E-02
 -1         5 1.00000E+00-5.00000E-02 5.00000E-02
 -1         6 1.00000E+00 5.00000E-02 5.00000E-02
 -1         7-1.00000E+00-5.00000E-02 5.00000E-02
 -1         8-1.00000E+00 5.00000E-02 5.00000E-02
 -1         9-1.00000E+00-3.46945E-17-5.00000E-02
 -1        10-1.00000E+00 2.50000E-02-5.00000E-02
 -1        11-1.00000E+00-2.50000E-02-5.00000E-02
 -1        12-8.00000E-01-5.00000E-02-5.00000E-02
 -1        13-6.00000E-01-5.00000E-02-5.00000E-02
 -1        14-4.00000E-01-5.00000E-02-5.00000E-02
 -1        15-2.00000E-01-5.00000E-02-5.00000E-02
 -1        16 0.00000E+00-5.00000E-02-5.00000E-02
 -1        17 2.00000E-01-5.00000E-02-5.00000E-02
 -1        18 4.00000E-01-5.00000E-02-5.00000E-02
 -1        19 6.00000E-01-5.00000E-02-5.00000E-02
 -1        20 8.00000E-01-5.00000E-02-5.00000E-02
 -1        21-9.00000E-01-5.00000E-02-5.00000E-02
 -1        22-7.00000E-01-5.00000E-02-5.00000E-02
 -1        23-5.00000E-01-5.00000E-02-5.00000E-02
 -1        24-3.00000E-01-5.00000E-02-5.00000E-02
 -1        25-1.00000E-01-5.00000E-02-5.00000E-02
 -1        26 1.00000E-01-5.00000E-02-5.00000E-02
 -1        27 3.00000E-01-5.00000E-02-5.00000E-02
 -1        28 5.00000E-01-5.00000E-02-5.00000E-02
 -1        29 7.00000E-01-5.00000E-02-5.00000E-02
 -1        30 9.00000E-01-5.00000E-02-5.00000E-02
 -1        31 1.00000E+00-3.46945E-17-5.00000E-02
 -1        32 1.00000E+00 2.50000E-02-5.00000E-02
 -1        33 1.00000E+00-2.50000E-02-5.00000E-02
 -1        34-8.00000E-01 5.00000E-02-5.00000E-02
 -1        35-6.00000E-01 5.00000E-02-5.00000E-02
 -1        36-4.00000E-01 5.00000E-02-5.00000E-02
 -1        37-2.00000E-01 5.00000E-02-5.00000E-02
 -1        38 0.00000E+00 5.00000E-02-5.00000E-02
 -1        39 2.00000E-01 5.00000E-02-5.00000E-02
 -1        40 4.00000E-01 5.00000E-02-5.00000E-02
 -1        41 6.00000E-01 5.00000E-02-5.00000E-02
 -1        42 8.00000E-01 5.00000E-02-5.00000E-02
 -1        43-9.00000E-01 5.00000E-02-5.00000E-02
 -1        44-7.00000E-01 5.00000E-02-5.00000E-02
 -1        45-5.00000E-01 5.00000E-02-5.00000E-02
 -1        46-3.00000E-01 5.00000E-02-5.00000E-02
 -1        47-1.00000E-01 5.00000E-02-5.00000E-02
 -1        48 1.00000E-01 5.00000E-02-5.00000E-02
 -1        49 3.00000E-01 5.00000E-02-5.00000E-02
 -1        50 5.00000E-01 5.00000E-02-5.00000E-02
 -1        51 7.00000E-01 5.00000E-02-5.00000E-02
 -1        52 9.00000E-01 5.00000E-02-5.00000E-02
 -1        53 1.00000E+00-5.00000E-02 0.00000E+00
 -1        54 1.00000E+00-3.46945E-17 5.00000E-02
 -1        55 1.00000E+00 2.50000E-02 5.00000E-02
 -1        56 1.00000E+00-2.50000E-02 5.00000E-02
 -1        57 1.00000E+00 5.00000E-02 0.00000E+00
 -1        58 8.00000E-01-5.00000E-02 5.00000E-02
 -1        59 6.00000E-01-5.00000E-02 5.00000E-02
 -1        60 4.00000E-01-5.00000E-02 5.00000E-02
 -1        61 2.00000E-01-5.00000E-02 5.00000E-02
 -1        62 0.00000E+00-5.00000E-02 5.00000E-02
 -1        63-2.00000E-01-5.00000E-02 5.00000E-02
 -1        64-4.00000E-01-5.00000E-02 5.00000E-02
 -1        65-6.00000E-01-5.00000E-02 5.00000E-02
 -1        66-8.00000E-01-5.00000E-02 5.00000E-02
 -1        67 9.00000E-01-5.00000E-02 5.00000E-02
 -1        68 7.00000E-01-5.00000E-02 5.00000E-02
 -1        69 5.00000E-01-5.00000E-02 5.00000E-02
 -1        70 3.00000E-01-5.00000E-02 5.00000E-02
 -1        71 1.00000E-01-5.00000E-02 5.00000E-02
 -1        72-1.00000E-01-5.00000E-02 5.00000E-02
 -1        73-3.00000E-01-5.00000E-02 5.00000E-02
 -1        74-5.00000E-01-5.00000E-02 5.00000E-02
 -1        75-7.00000E-01-5.00000E-02 5.00000E-02
 -1        76-9.00000E-01-5.00000E-02 5.00000E-02
 -1        77-1.00000E+00-3.46945E-17 5.00000E-02
 -1        78-1.00000E+00 2.50000E-02 5.00000E-02
 -1        79-1.00000E+00-2.50000E-02 5.00000E-02
 -1        80 8.00000E-01 5.00000E-02 5.00000E-02
 -1        81 6.00000E-01 5.00000E-02 5.00000E-02
 -1        82 4.00000E-01 5.00000E-02 5.00000E-02
 -1        83 2.00000E-01 5.00000E-02 5.00000E-02
 -1        84 0.00000E+00 5.00000E-02 5.00000E-02
 -1        85-2.00000E-01 5.00000E-02 5.00000E-02
 -1        86-4.00000E-01 5.00000E-02 5.00000E-02
 -1        87-6.00000E-01 5.00000E-02 5.00000E-02
 -1        88-8.00000E-01 5.00000E-02 5.00000E-02
 -1        89 9.00000E-01 5.00000E-02 5.00000E-02
 -1        90 7.00000E-01 5.00000E-02 5.00000E-02
 -1        91 5.00000E-01 5.00000E-02 5.00000E-02
 -1        92 3.00000E-01 5.00000E-02 5.00000E-02
 -1        93 1.00000E-01 5.00000E-02 5.00000E-02
 -1        94-1.00000E-01 5.00000E-02 5.00000E-02
 -1        95-3.00000E-01 5.00000E-02 5.00000E-02
 -1        96-5.00000E-01 5.00000E-02 5.00000E-02
 -1        97-7.00000E-01 5.00000E-02 5.00000E-02
 -1        98-9.00000E-01 5.00000E-02 5.00000E-02
 -1        99-1.00000E+00-5.00000E-02 0.00000E+00
 -1       100-1.00000E+00 5.00000E-02 0.00000E+00
 -1       101-8.00000E-01-3.46945E-17-5.00000E-02
 -1       102-6.00000E-01-4.16334E-17-5.00000E-02
 -1       103-4.00000E-01-3.46945E-17-5.00000E-02
 -1       104-2.00000E-01-2.77556E-17-5.00000E-02
 -1       105 0.00000E+00-3.46945E-17-5.00000E-02
 -1       106 2.00000E-01-3.46945E-17-5.00000E-02
 -1       107 4.00000E-01-4.16334E-17-5.00000E-02
 -1       108 6.00000E-01-2.77556E-17-5.00000E-02
 -1       109 8.00000E-01-3.46945E-17-5.00000E-02
 -1       110-8.00000E-01 2.50000E-02-5.00000E-02
 -1       111-9.00000E-01-3.46945E-17-5.00000E-02
 -1       112-6.00000E-01 2.50000E-02-5.00000E-02
 -1       113-7.00000E-01-3.81639E-17-5.00000E-02
 -1       114-4.00000E-01 2.50000E-02-5.00000E-02
 -1       115-5.00000E-01-3.81639E-17-5.00000E-02
 -1       116-2.00000E-01 2.50000E-02-5.00000E-02
 -1       117-3.00000E-01-3.12250E-17-5.00000E-02
 -1       118 0.00000E+00 2.50000E-02-5.00000E-02
 -1       119-1.00000E-01-3.12250E-17-5.00000E-02
 -1       120 2.00000E-01 2.50000E-02-5.00000E-02
 -1       121 1.00000E-01-3.46945E-17-5.00000E-02
 -1       122 4.00000E-01 2.50000E-02-5.00000E-02
 -1       123 3.00000E-01-3.81639E-17-5.00000E-02
 -1       124 6.00000E-01 2.50000E-02-5.00000E-02
 -1       125 5.00000E-01-3.46945E-17-5.00000E-02
 -1       126 8.00000E-01 2.50000E-02-5.00000E-02
 -1       127 7.00000E-01-3.12250E-17-5.00000E-02
 -1       128 9.00000E-01-3.46945E-17-5.00000E-02
 -1       129-8.00000E-01-2.50000E-02-5.00000E-02
 -1       130-6.00000E-01-2.50000E-02-5.00000E-02
 -1       131-4.00000E-01-2.50000E-02-5.00000E-02
 -1       132-2.00000E-01-2.50000E-02-5.00000E-02
 -1       133 0.00000E+00-2.50000E-02-5.00000E-02
 -1       134 2.00000E-01-2.50000E-02-5.00000E-02
 -1       135 4.00000E-01-2.50000E-02-5.00000E-02
 -1       136 6.00000E-01-2.50000E-02-5.00000E-02
 -1       137 8.00000E-01-2.50000E-02-5.00000E-02
 -1       138 1.00000E+00-3.46945E-17 1.38778E-17
 -1       139 8.00000E-01-3.46945E-17 5.00000E-02
 -1       140 6.00000E-01-4.16334E-17 5.00000E-02
 -1       141 4.00000E-01-3.46945E-17 5.00000E-02
 -1       142 2.00000E-01-2.77556E-17 5.00000E-02
 -1       143 0.00000E+00-3.46945E-17 5.00000E-02
 -1       144-2.00000E-01-3.46945E-17 5.00000E-02
 -1       145-4.00000E-01-4.16334E-17 5.00000E-02
 -1       146-6.00000E-01-2.77556E-17 5.00000E-02
 -1       147-8.00000E-01-3.46945E-17 5.00000E-02
 -1       148 8.00000E-01 2.50000E-02 5.00000E-02
 -1       149 9.00000E-01-3.46945E-17 5.00000E-02
 -1       150 6.00000E-01 2.50000E-02 5.00000E-02
 -1       151 7.00000E-01-3.81639E-17 5.00000E-02
 -1       152 4.00000E-01 2.50000E-02 5.00000E-02
 -1       153 5.00000E-01-3.81639E-17 5.00000E-02
 -1       154 2.00000E-01 2.50000E-02 5.00000E-02
 -1       155 3.00000E-01-3.12250E-17 5.00000E-02
 -1       156 0.00000E+00 2.50000E-02 5.00000E-02
 -1       157 1.00000E-01-3.12250E-17 5.00000E-02
 -1       158-2.00000E-01 2.50000E-02 5.00000E-02
 -1       159-1.00000E-01-3.46945E-17 5.00000E-02
 -1       160-4.00000E-01 2.50000E-02 5.00000E-02
 -1       161-3.00000E-01-3.81639E-17 5.00000E-02
 -1       162-6.00000E-01 2.50000E-02 5.00000E-02
 -1       163-5.00000E-01-3.46945E-17 5.00000E-02
 -1       164-8.00000E-01 2.50000E-02 5.00000E-02
 -1       165-7.00000E-01-3.12250E-17 5.00000E-02
 -1       166-9.00000E-01-3.46945E-17 5.00000E-02
 -1       167 8.00000E-01-2.50000E-02 5.00000E-02
 -1       168 6.00000E-01-2.50000E-02 5.00000E-02
 -1       169 4.00000E-01-2.50000E-02 5.00000E-02
 -1       170 2.00000E-01-2.50000E-02 5.00000E-02
 -1       171 0.00000E+00-2.50000E-02 5.00000E-02
 -1       172-2.00000E-01-2.50000E-02 5.00000E-02
 -1       173-4.00000E-01-2.50000E-02 5.00000E-02
 -1       174-6.00000E-01-2.50000E-02 5.00000E-02
 -1       175-8.00000E-01-2.50000E-02 5.00000E-02
 -1       176-1.00000E+00-3.46945E-17 1.38778E-17
 -1       177-8.00000E-01 5.00000E-02 0.00000E+00
 -1       178-6.00000E-01 5.00000E-02 0.00000E+00
 -1       179-4.00000E-01 5.00000E-02 0.00000E+00
 -1       180-2.00000E-01 5.00000E-02 0.00000E+00
 -1       181 0.00000E+00 5.00000E-02 0.00000E+00
 -1       182 2.00000E-01 5.00000E-02 0.00000E+00
 -1       183 4.00000E-01 5.00000E-02 0.00000E+00
 -1       184 6.00000E-01 5.00000E-02 0.00000E+00
 -1       185 8.00000E-01 5.00000E-02 0.00000E+00
 -1       186-8.00000E-01-5.00000E-02 0.00000E+00
 -1       187-6.00000E-01-5.00000E-02 0.00000E+00
 -1       188-4.00000E-01-5.00000E-02 0.00000E+00
 -1       189-2.00000E-01-5.00000E-02 0.00000E+00
 -1       190 0.00000E+00-5.00000E-02 0.00000E+00
 -1       191 2.00000E-01-5.00000E-02 0.00000E+00
 -1       192 4.00000E-01-5.00000E-02 0.00000E+00
 -1       193 6.00000E-01-5.00000E-02 0.00000E+00
 -1       194 8.00000E-01-5.00000E-02 0.00000E+00
 -1       195-8.00000E-01-3.46945E-17 1.38778E-17
 -1       196-6.00000E-01-3.46945E-17 1.38778E-17
 -1       197-4.00000E-01-3.81639E-17 1.38778E-17
 -1       198-2.00000E-01-3.12250E-17 1.38778E-17
 -1       199 0.00000E+00-3.46945E-17 1.38778E-17
 -1       200 2.00000E-01-3.12250E-17 1.38778E-17
 -1       201 4.00000E-01-3.81639E-17 1.38778E-17
 -1       202 6.00000E-01-3.46945E-17 1.38778E-17
 -1       203 8.00000E-01-3.46945E-17 1.38778E-17
 -1       320 1.00000E+00 6.00000E-02-5.00000E-02
 -1       321 1.00000E+00 5.50000E-02-5.00000E-02
 -1       322 1.00000E+00 5.00000E-02-5.00000E-02
 -1       323-1.00000E+00 6.00000E-02-5.00000E-02
 -1       324-1.00000E+00 5.50000E-02-5.00000E-02
 -1       325-1.00000E+00 5.00000E-02-5.00000E-02
 -1       326 1.00000E+00 6.00000E-02 5.00000E-02
 -1       327 1.00000E+00 5.50000E-02 5.00000E-02
 -1       328 1.00000E+00 5.00000E-02 5.00000E-02
 -1       329-1.00000E+00 6.00000E-02 5.00000E-02
 -1       330-1.00000E+00 5.50000E-02 5.00000E-02
 -1       331-1.00000E+00 5.00000E-02 5.00000E-02
 -1       332 8.00000E-01 6.00000E-02-5.00000E-02
 -1       333 8.00000E-01 5.50000E-02-5.00000E-02
 -1       334 8.00000E-01 5.00000E-02-5.00000E-02
 -1       335 6.00000E-01 6.00000E-02-5.00000E-02
 -1       336 6.00000E-01 5.50000E-02-5.00000E-02
 -1       337 6.00000E-01 5.00000E-02-5.00000E-02
 -1       338 4.00000E-01 6.00000E-02-5.00000E-02
 -1       339 4.00000E-01 5.50000E-02-5.00000E-02
 -1       340 4.00000E-01 5.00000E-02-5.00000E-02
 -1       341 2.00000E-01 6.00000E-02-5.00000E-02
 -1       342 2.00000E-01 5.50000E-02-5.00000E-02
 -1       343 2.00000E-01 5.00000E-02-5.00000E-02
 -1       344 0.00000E+00 6.00000E-02-5.00000E-02
 -1       345 0.00000E+00 5.50000E-02-5.00000E-02
 -1       346 0.00000E+00 5.00000E-02-5.00000E-02
 -1       347-2.00000E-01 6.00000E-02-5.00000E-02
 -1       348-2.00000E-01 5.50000E-02-5.00000E-02
 -1       349-2.00000E-01 5.00000E-02-5.00000E-02
 -1       350-4.00000E-01 6.00000E-02-5.00000E-02
 -1       351-4.00000E-01 5.50000E-02-5.00000E-02
 -1       352-4.00000E-01 5.00000E-02-5.00000E-02
 -1       353-6.00000E-01 6.00000E-02-5.00000E-02
 -1       354-6.00000E-01 5.50000E-02-5.00000E-02
 -1       355-6.00000E-01 5.00000E-02-5.00000E-02
 -1       356-8.00000E-01 6.00000E-02-5.00000E-02
 -1       357-8.00000E-01 5.50000E-02-5.00000E-02
 -1       358-8.00000E-01 5.00000E-02-5.00000E-02
 -1       359 9.00000E-01 6.00000E-02-5.00000E-02
 -1       361 9.00000E-01 5.00000E-02-5.00000E-02
 -1       362 7.00000E-01 6.00000E-02-5.00000E-02
 -1       364 7.00000E-01 5.00000E-02-5.00000E-02
 -1       365 5.00000E-01 6.00000E-02-5.00000E-02
 -1       367 5.00000E-01 5.00000E-02-5.00000E-02
 -1       368 3.00000E-01 6.00000E-02-5.00000E-02
 -1       370 3.00000E-01 5.00000E-02-5.00000E-02
 -1       371 1.00000E-01 6.00000E-02-5.00000E-02
 -1       373 1.00000E-01 5.00000E-02-5.00000E-02
 -1       374-1.00000E-01 6.00000E-02-5.00000E-02
 -1       376-1.00000E-01 5.00000E-02-5.00000E-02
 -1       377-3.00000E-01 6.00000E-02-5.00000E-02
 -1       379-3.00000E-01 5.00000E-02-5.00000E-02
 -1       380-5.00000E-01 6.00000E-02-5.00000E-02
 -1       382-5.00000E-01 5.00000E-02-5.00000E-02
 -1       383-7.00000E-01 6.00000E-02-5.00000E-02
 -1       385-7.00000E-01 5.00000E-02-5.00000E-02
 -1       386-9.00000E-01 6.00000E-02-5.00000E-02
 -1       388-9.00000E-01 5.00000E-02-5.00000E-02
 -1       389 1.00000E+00 6.00000E-02 0.00000E+00
 -1       391 1.00000E+00 5.00000E-02 0.00000E+00
 -1       392 8.00000E-01 6.00000E-02 5.00000E-02
 -1       393 8.00000E-01 5.50000E-02 5.00000E-02
 -1       394 8.00000E-01 5.00000E-02 5.00000E-02
 -1       395 6.00000E-01 6.00000E-02 5.00000E-02
 -1       396 6.00000E-01 5.50000E-02 5.00000E-02
 -1       397 6.00000E-01 5.00000E-02 5.00000E-02
 -1       398 4.00000E-01 6.00000E-02 5.00000E-02
 -1       399 4.00000E-01 5.50000E-02 5.00000E-02
 -1       400 4.00000E-01 5.00000E-02 5.00000E-02
 -1       401 2.00000E-01 6.00000E-02 5.00000E-02
 -1       402 2.00000E-01 5.50000E-02 5.00000E-02
 -1       403 2.00000E-01 5.00000E-02 5.00000E-02
 -1       404 0.00000E+00 6.00000E-02 5.00000E-02
 -1       405 0.00000E+00 5.50000E-02 5.00000E-02
 -1       406 0.00000E+00 5.00000E-02 5.00000E-02
 -1       407-2.00000E-01 6.00000E-02 5.00000E-02
 -1       408-2.00000E-01 5.50000E-02 5.00000E-02
 -1       409-2.00000E-01 5.00000E-02 5.00000E-02
 -1       410-4.00000E-01 6.00000E-02 5.00000E-02
 -1       411-4.00000E-01 5.50000E-02 5.00000E-02
 -1       412-4.00000E-01 5.00000E-02 5.00000E-02
 -1       413-6.00000E-01 6.00000E-02 5.00000E-02
 -1       414-6.00000E-01 5.50000E-02 5.00000E-02
 -1       415-6.00000E-01 5.00000E-02 5.00000E-02
 -1       416-8.00000E-01 6.00000E-02 5.00000E-02
 -1       417-8.00000E-01 5.50000E-02 5.00000E-02
 -1       418-8.00000E-01 5.00000E-02 5.00000E-02
 -1       419 9.00000E-01 6.00000E-02 5.00000E-02
 -1       421 9.00000E-01 5.00000E-02 5.00000E-02
 -1       422 7.00000E-01 6.00000E-02 5.00000E-02
 -1       424 7.00000E-01 5.00000E-02 5.00000E-02
 -1       425 5.00000E-01 6.00000E-02 5.00000E-02
 -1       427 5.00000E-01 5.00000E-02 5.00000E-02
 -1       428 3.00000E-01 6.00000E-02 5.00000E-02
 -1       430 3.00000E-01 5.00000E-02 5.00000E-02
 -1       431 1.00000E-01 6.00000E-02 5.00000E-02
 -1       433 1.00000E-01 5.00000E-02 5.00000E-02
 -1       434-1.00000E-01 6.00000E-02 5.00000E-02
 -1       436-1.00000E-01 5.00000E-02 5.00000E-02
 -1       437-3.00000E-01 6.00000E-02 5.00000E-02
 -1       439-3.00000E-01 5.00000E-02 5.00000E-02
 -1       440-5.00000E-01 6.00000E-02 5.00000E-02
 -1       442-5.00000E-01 5.00000E-02 5.00000E-02
 -1       443-7.00000E-01 6.00000E-02 5.00000E-02
 -1       445-7.00000E-01 5.00000E-02 5.00000E-02
 -1       446-9.00000E-01 6.00000E-02 5.00000E-02
 -1       448-9.00000E-01 5.00000E-02 5.00000E-02
 -1       449-1.00000E+00 6.00000E-02 0.00000E+00
 -1       451-1.00000E+00 5.00000E-02 0.00000E+00
 -1       452 8.00000E-01 6.00000E-02 0.00000E+00
 -1       454 8.00000E-01 5.00000E-02 0.00000E+00
 -1       455 6.00000E-01 6.00000E-02 0.00000E+00
 -1       457 6.00000E-01 5.00000E-02 0.00000E+00
 -1       458 4.00000E-01 6.00000E-02 0.00000E+00
 -1       460 4.00000E-01 5.00000E-02 0.00000E+00
 -1       461 2.00000E-01 6.00000E-02 0.00000E+00
 -1       463 2.00000E-01 5.00000E-02 0.00000E+00
 -1       464 6.93889E-19 6.00000E-02 0.00000E+00
 -1       466 0.00000E+00 5.00000E-02 0.00000E+00
 -1       467-2.00000E-01 6.00000E-02 0.00000E+00
 -1       469-2.00000E-01 5.00000E-02 0.00000E+00
 -1       470-4.00000E-01 6.00000E-02 0.00000E+00
 -1       472-4.00000E-01 5.00000E-02 0.00000E+00
 -1       473-6.00000E-01 6.00000E-02 0.00000E+00
 -1       475-6.00000E-01 5.00000E-02 0.00000E+00
 -1       476-8.00000E-01 6.00000E-02 0.00000E+00
 -1       478-8.00000E-01 5.00000E-02 0.00000E+00
 -1       479 1.00000E+00-5.00000E-02-5.00000E-02
 -1       480 1.00000E+00-5.50000E-02-5.00000E-02
 -1       481 1.00000E+00-6.00000E-02-5.00000E-02
 -1       482-1.00000E+00-5.00000E-02-5.00000E-02
 -1       483-1.00000E+00-5.50000E-02-5.00000E-02
 -1       484-1.00000E+00-6.00000E-02-5.00000E-02
 -1       485 1.00000E+00-5.00000E-02 5.00000E-02
 -1       486 1.00000E+00-5.50000E-02 5.00000E-02
 -1       487 1.00000E+00-6.00000E-02 5.00000E-02
 -1       488-1.00000E+00-5.00000E-02 5.00000E-02
 -1       489-1.00000E+00-5.50000E-02 5.00000E-02
 -1       490-1.00000E+00-6.00000E-02 5.00000E-02
 -1       491 8.00000E-01-5.00000E-02-5.00000E-02
 -1       492 8.00000E-01-5.50000E-02-5.00000E-02
 -1       493 8.00000E-01-6.00000E-02-5.00000E-02
 -1       494 6.00000E-01-5.00000E-02-5.00000E-02
 -1       495 6.00000E-01-5.50000E-02-5.00000E-02
 -1       496 6.00000E-01-6.00000E-02-5.00000E-02
 -1       497 4.00000E-01-5.00000E-02-5.00000E-02
 -1       498 4.00000E-01-5.50000E-02-5.00000E-02
 -1       499 4.00000E-01-6.00000E-02-5.00000E-02
 -1       500 2.00000E-01-5.00000E-02-5.00000E-02
 -1       501 2.00000E-01-5.50000E-02-5.00000E-02
 -1       502 2.00000E-01-6.00000E-02-5.00000E-02
 -1       503 0.00000E+00-5.00000E-02-5.00000E-02
 -1       504 0.00000E+00-5.50000E-02-5.00000E-02
 -1       505 0.00000E+00-6.00000E-02-5.00000E-02
 -1       506-2.00000E-01-5.00000E-02-5.00000E-02
 -1       507-2.00000E-01-5.50000E-02-5.00000E-02
 -1       508-2.00000E-01-6.00000E-02-5.00000E-02
 -1       509-4.00000E-01-5.00000E-02-5.00000E-02
 -1       510-4.00000E-01-5.50000E-02-5.00000E-02
 -1       511-4.00000E-01-6.00000E-02-5.00000E-02
 -1       512-6.00000E-01-5.00000E-02-5.00000E-02
 -1       513-6.00000E-01-5.50000E-02-5.00000E-02
 -1       514-6.00000E-01-6.00000E-02-5.00000E-02
 -1       515-8.00000E-01-5.00000E-02-5.00000E-02
 -1       516-8.00000E-01-5.50000E-02-5.00000E-02
 -1       517-8.00000E-01-6.00000E-02-5.00000E-02
 -1       518 9.00000E-01-5.00000E-02-5.00000E-02
 -1       520 9.00000E-01-6.00000E-02-5.00000E-02
 -1       521 7.00000E-01-5.00000E-02-5.00000E-02
 -1       523 7.00000E-01-6.00000E-02-5.00000E-02
 -1       524 5.00000E-01-5.00000E-02-5.00000E-02
 -1       526 5.00000E-01-6.00000E-02-5.00000E-02
 -1       527 3.00000E-01-5.00000E-02-5.00000E-02
 -1       529 3.00000E-01-6.00000E-02-5.00000E-02
 -1       530 1.00000E-01-5.00000E-02-5.00000E-02
 -1       532 1.00000E-01-6.00000E-02-5.00000E-02
 -1       533-1.00000E-01-5.00000E-02-5.00000E-02
 -1       535-1.00000E-01-6.00000E-02-5.00000E-02
 -1       536-3.00000E-01-5.00000E-02-5.00000E-02
 -1       538-3.00000E-01-6.00000E-02-5.00000E-02
 -1       539-5.00000E-01-5.00000E-02-5.00000E-02
 -1       541-5.00000E-01-6.00000E-02-5.00000E-02
 -1       542-7.00000E-01-5.00000E-02-5.00000E-02
 -1       544-7.00000E-01-6.00000E-02-5.00000E-02
 -1       545-9.00000E-01-5.00000E-02-5.00000E-02
 -1       547-9.00000E-01-6.00000E-02-5.00000E-02
 -1       548 1.00000E+00-5.00000E-02 0.00000E+00
 -1       550 1.00000E+00-6.00000E-02 0.00000E+00
 -1       551 8.00000E-01-5.00000E-02 5.00000E-02
 -1       552 8.00000E-01-5.50000E-02 5.00000E-02
 -1       553 8.00000E-01-6.00000E-02 5.00000E-02
 -1       554 6.00000E-01-5.00000E-02 5.00000E-02
 -1       555 6.00000E-01-5.50000E-02 5.00000E-02
 -1       556 6.00000E-01-6.00000E-02 5.00000E-02
 -1       557 4.00000E-01-5.00000E-02 5.00000E-02
 -1       558 4.00000E-01-5.50000E-02 5.00000E-02
 -1       559 4.00000E-01-6.00000E-02 5.00000E-02
 -1       560 2.00000E-01-5.00000E-02 5.00000E-02
 -1       561 2.00000E-01-5.50000E-02 5.00000E-02
 -1       562 2.00000E-01-6.00000E-02 5.00000E-02
 -1       563 0.00000E+00-5.00000E-02 5.00000E-02
 -1       564 0.00000E+00-5.50000E-02 5.00000E-02
 -1       565 0.00000E+00-6.00000E-02 5.00000E-02
 -1       566-2.00000E-01-5.00000E-02 5.00000E-02
 -1       567-2.00000E-01-5.50000E-02 5.00000E-02
 -1       568-2.00000E-01-6.00000E-02 5.00000E-02
 -1       569-4.00000E-01-5.00000E-02 5.00000E-02
 -1       570-4.00000E-01-5.50000E-02 5.00000E-02
 -1       571-4.00000E-01-6.00000E-02 5.00000E-02
 -1       572-6.00000E-01-5.00000E-02 5.00000E-02
 -1       573-6.00000E-01-5.50000E-02 5.00000E-02
 -1       574-6.00000E-01-6.00000E-02 5.00000E-02
 -1       575-8.00000E-01-5.00000E-02 5.00000E-02
 -1       576-8.00000E-01-5.50000E-02 5.00000E-02
 -1       577-8.00000E-01-6.00000E-02 5.00000E-02
 -1       578 9.00000E-01-5.00000E-02 5.00000E-02
 -1       580 9.00000E-01-6.00000E-02 5.00000E-02
 -1       581 7.00000E-01-5.00000E-02 5.00000E-02
 -1       583 7.00000E-01-6.00000E-02 5.00000E-02
 -1       584 5.00000E-01-5.00000E-02 5.00000E-02
 -1       586 5.00000E-01-6.00000E-02 5.00000E-02
 -1       587 3.00000E-01-5.00000E-02 5.00000E-02
 -1       589 3.00000E-01-6.00000E-02 5.00000E-02
 -1       590 1.00000E-01-5.00000E-02 5.00000E-02
 -1       592 1.00000E-01-6.00000E-02 5.00000E-02
 -1       593-1.00000E-01-5.00000E-02 5.00000E-02
 -1       595-1.00000E-01-6.00000E-02 5.00000E-02
 -1       596-3.00000E-01-5.00000E-02 5.00000E-02
 -1       598-3.00000E-01-6.00000E-02 5.00000E-02
 -1       599-5.00000E-01-5.00000E-02 5.00000E-02
 -1       601-5.00000E-01-6.00000E-02 5.00000E-02
 -1       602-7.00000E-01-5.00000E-02 5.00000E-02
 -1       604-7.00000E-01-6.00000E-02 5.00000E-02
 -1       605-9.00000E-01-5.00000E-02 5.00000E-02
 -1       607-9.00000E-01-6.00000E-02 5.00000E-02
 -1       608-1.00000E+00-5.00000E-02 0.00000E+00
 -1       610-1.00000E+00-6.00000E-02 0.00000E+00
 -1       611 8.00000E-01-5.00000E-02 0.00000E+00
 -1       613 8.00000E-01-6.00000E-02 0.00000E+00
 -1       614 6.00000E-01-5.00000E-02 0.00000E+00
 -1       616 6.00000E-01-6.00000E-02 0.00000E+00
 -1       617 4.00000E-01-5.00000E-02 0.00000E+00
 -1       619 4.00000E-01-6.00000E-02 0.00000E+00
 -1       620 2.00000E-01-5.00000E-02 0.00000E+00
 -1       622 2.00000E-01-6.00000E-02 0.00000E+00
 -1       623 0.00000E+00-5.00000E-02 0.00000E+00
 -1       625 6.93889E-19-6.00000E-02 0.00000E+00
 -1       626-2.00000E-01-5.00000E-02 0.00000E+00
 -1       628-2.00000E-01-6.00000E-02 0.00000E+00
 -1       629-4.00000E-01-5.00000E-02 0.00000E+00
 -1       631-4.00000E-01-6.00000E-02 0.00000E+00
 -1       632-6.00000E-01-5.00000E-02 0.00000E+00
 -1       634-6.00000E-01-6.00000E-02 0.00000E+00
 -1       635-8.00000E-01-5.00000E-02 0.00000E+00
 -1       637-8.00000E-01-6.00000E-02 0.00000E+00
 -3
    3C                            40                                     1
 -1         1    4    0    1
 -2         1         9       101        34         8        77       147        88        10       111
 -2       110        43       100       176       195       177        78       166       164        98
 -1         2    4    0    1
 -2        34       101       102        35        88       147       146        87       110       113
 -2       112        44       177       195       196       178       164       165       162        97
 -1         3    4    0    1
 -2        35       102       103        36        87       146       145        86       112       115
 -2       114        45       178       196       197       179       162       163       160        96
 -1         4    4    0    1
 -2        36       103       104        37        86       145       144        85       114       117
 -2       116        46       179       197       198       180       160       161       158        95
 -1         5    4    0    1
 -2        37       104       105        38        85       144       143        84       116       119
 -2       118        47       180       198       199       181       158       159       156        94
 -1         6    4    0    1
 -2        38       105       106        39        84       143       142        83       118       121
 -2       120        48       181       199       200       182       156       157       154        93
 -1         7    4    0    1
 -2        39       106       107        40        83       142       141        82       120       123
 -2       122        49       182       200       201       183       154       155       152        92
 -1         8    4    0    1
 -2        40       107       108        41        82       141       140        81       122       125
 -2       124        50       183       201       202       184       152       153       150        91
 -1         9    4    0    1
 -2        41       108       109        42        81       140       139        80       124       127
 -2       126        51       184       202       203       185       150       151       148        90
 -1        10    4    0    1
 -2        42       109        31         4        80       139        54         6       126       128
 -2        32        52       185       203       138        57       148       149        55        89
 -1        11    4    0    1
 -2         9         2        12       101        77         7        66       147        11        21
 -2       129       111       176        99       186       195        79        76       175       166
 -1        12    4    0    1
 -2       101        12        13       102       147        66        65       146       129        22
 -2       130       113       195       186       187       196       175        75       174       165
 -1        13    4    0    1
 -2       102        13        14       103       146        65        64       145       130        23
 -2       131       115       196       187       188       197       174        74       173       163
 -1        14    4    0    1
 -2       103        14        15       104       145        64        63       144       131        24
 -2       132       117       197       188       189       198       173        73       172       161
 -1        15    4    0    1
 -2       104        15        16       105       144        63        62       143       132        25
 -2       133       119       198       189       190       199       172        72       171       159
 -1        16    4    0    1
 -2       105        16        17       106       143        62        61       142       133        26
 -2       134       121       199       190       191       200       171        71       170       157
 -1        17    4    0    1
 -2       106        17        18       107       142        61        60       141       134        27
 -2       135       123       200       191       192       201       170        70       169       155
 -1        18    4    0    1
 -2       107        18        19       108       141        60        59       140       135        28
 -2       136       125       201       192       193       202       169        69       168       153
 -1        19    4    0    1
 -2       108        19        20       109       140        59        58       139       136        29
 -2       137       127       202       193       194       203       168        68       167       151
 -1        20    4    0    1
 -2       109        20         3        31       139        58         5        54       137        30
 -2        33       128       203       194        53       138       167        67        56       149
 -1        21    4    0    1
 -2       320       326       392       332       322       328       394       334       389       419
 -2       452       359       321       327       393       333       391       421       454       361
 -1        22    4    0    1
 -2       332       392       395       335       334       394       397       337       452       422
 -2       455       362       333       393       396       336       454       424       457       364
 -1        23    4    0    1
 -2       335       395       398       338       337       397       400       340       455       425
 -2       458       365       336       396       399       339       457       427       460       367
 -1        24    4    0    1
 -2       338       398       401       341       340       400       403       343       458       428
 -2       461       368       339       399       402       342       460       430       463       370
 -1        25    4    0    1
 -2       341       401       404       344       343       403       406       346       461       431
 -2       464       371       342       402       405       345       463       433       466       373
 -1        26    4    0    1
 -2       344       404       407       347       346       406       409       349       464       434
 -2       467       374       345       405       408       348       466       436       469       376
 -1        27    4    0    1
 -2       347       407       410       350       349       409       412       352       467       437
 -2       470       377       348       408       411       351       469       439       472       379
 -1        28    4    0    1
 -2       350       410       413       353       352       412       415       355       470       440
 -2       473       380       351       411       414       354       472       442       475       382
 -1        29    4    0    1
 -2       353       413       416       356       355       415       418       358       473       443
 -2       476       383       354       414       417       357       475       445       478       385
 -1        30    4    0    1
 -2       356       416       329       323       358       418       331       325       476       446
 -2       449       386       357       417       330       324       478       448       451       388
 -1        41    4    0    1
 -2       479       485       551       491       481       487       553       493       548       578
 -2       611       518       480       486       552       492       550       580       613       520
 -1        42    4    0    1
 -2       491       551       554       494       493       553       556       496       611       581
 -2       614       521       492       552       555       495       613       583       616       523
 -1        43    4    0    1
 -2       494       554       557       497       496       556       559       499       614       584
 -2       617       524       495       555       558       498       616       586       619       526
 -1        44    4    0    1
 -2       497       557       560       500       499       559       562       502       617       587
 -2       620       527       498       558       561       501       619       589       622       529
 -1        45    4    0    1
 -2       500       560       563       503       502       562       565       505       620       590
 -2       623       530       501       561       564       504       622       592       625       532
 -1        46    4    0    1
 -2       503       563       566       506       505       565       568       508       623       593
 -2       626       533       504       564       567       507       625       595       628       535
 -1        47    4    0    1
 -2       506       566       569       509       508       568       571       511       626       596
 -2       629       536       507       567       570       510       628       598       631       538
 -1        48    4    0    1
 -2       509       569       572       512       511       571       574       514       629       599
 -2       632       539       510       570       573       513       631       601       634       541
 -1        49    4    0    1
 -2       512       572       575       515       514       574       577       517       632       602
 -2       635       542       513       573       576       516       634       604       637       544
 -1        50    4    0    1
 -2       515       575       488       482       517       577       490       484       635       605
 -2       608       545       516       576       489       483       637       607       610       547
 -3
    1PSTEP                         1           1           1          
  100CL  101 1.000000000         459                     0    1           1
 -4  DISP        4    1
 -5  D1          1    2    1    0
 -5  D2          1    2    2    0
 -5  D3          1    2    3    0
 -5  ALL         1    2    0    0    1ALL
 -1         1 0.00000E+00 0.00000E+00 0.00000E+00
 -1         2 0.00000E+00 0.00000E+00 0.00000E+00
 -1         3-3.27758E-05-8.76538E-04 3.08146E-06
 -1         4 3.29908E-05-8.76538E-04 3.08678E-06
 -1         5-3.29908E-05-8.76537E-04 3.08801E-06
 -1         6 3.27758E-05-8.76537E-04 3.08015E-06
 -1         7 0.00000E+00 0.00000E+00 0.00000E+00
 -1         8 0.00000E+00 0.00000E+00 0.00000E+00
 -1         9 0.00000E+00 0.00000E+00 0.00000E+00
 -1        10 0.00000E+00 0.00000E+00 0.00000E+00
 -1        11 0.00000E+00 0.00000E+00 0.00000E+00
 -1        12-6.07889E-06-1.22651E-05-3.33307E-07
 -1        13-1.16746E-05-4.83673E-05-1.74243E-07
 -1        14-1.66116E-05-1.05587E-04 8.45094E-08
 -1        15-2.08965E-05-1.81332E-04 4.16195E-07
 -1        16-2.45225E-05-2.72949E-04 7.99242E-07
 -1        17-2.74905E-05-3.77793E-04 1.22127E-06
 -1        18-2.98000E-05-4.93219E-04 1.67010E-06
 -1        19-3.14506E-05-6.16581E-04 2.13531E-06
 -1        20-3.24414E-05-7.45235E-04 2.60870E-06
 -1        21-2.99354E-06-3.14392E-06-4.38943E-07
 -1        22-8.94365E-06-2.75068E-05-2.95603E-07
 -1        23-1.42131E-05-7.45000E-05-5.68222E-08
 -1        24-1.88276E-05-1.41309E-04 2.42567E-07
 -1        25-2.27827E-05-2.25322E-04 6.02056E-07
 -1        26-2.60800E-05-3.23883E-04 1.00615E-06
 -1        27-2.87187E-05-4.34348E-04 1.44303E-06
 -1        28-3.06987E-05-5.54073E-04 1.90121E-06
 -1        29-3.20193E-05-6.80412E-04 2.37147E-06
 -1        30-3.26801E-05-8.10717E-04 2.84650E-06
 -1        31 1.07472E-07-8.76531E-04 3.08408E-06
 -1        32 1.65425E-05-8.76534E-04 3.08483E-06
 -1        33-1.63276E-05-8.76534E-04 3.08336E-06
 -1        34 6.12640E-06-1.22679E-05 4.29455E-07
 -1        35 1.17657E-05-4.83702E-05 5.51001E-07
 -1        36 1.67387E-05-1.05589E-04 7.32073E-07
 -1        37 2.10528E-05-1.81334E-04 9.70673E-07
 -1        38 2.47014E-05-2.72950E-04 1.26139E-06
 -1        39 2.76858E-05-3.77794E-04 1.59064E-06
 -1        40 3.00059E-05-4.93219E-04 1.94675E-06
 -1        41 3.16625E-05-6.16582E-04 2.31939E-06
 -1        42 3.26559E-05-7.45236E-04 2.70017E-06
 -1        43 3.01696E-06-3.14790E-06 4.62754E-07
 -1        44 9.01381E-06-2.75098E-05 5.10275E-07
 -1        45 1.43228E-05-7.45025E-05 6.35505E-07
 -1        46 1.89701E-05-1.41311E-04 8.44540E-07
 -1        47 2.29510E-05-2.25323E-04 1.11041E-06
 -1        48 2.62677E-05-3.23884E-04 1.42196E-06
 -1        49 2.89198E-05-4.34349E-04 1.76601E-06
 -1        50 3.09081E-05-5.54074E-04 2.13157E-06
 -1        51 3.22328E-05-6.80412E-04 2.50906E-06
 -1        52 3.28949E-05-8.10717E-04 2.89179E-06
 -1        53-3.28873E-05-8.76540E-04 3.08473E-06
 -1        54-1.07476E-07-8.76530E-04 3.08408E-06
 -1        55 1.63276E-05-8.76533E-04 3.08271E-06
 -1        56-1.65425E-05-8.76533E-04 3.08546E-06
 -1        57 3.28873E-05-8.76540E-04 3.08346E-06
 -1        58-3.26559E-05-7.45234E-04 2.70142E-06
 -1        59-3.16625E-05-6.16581E-04 2.32057E-06
 -1        60-3.00060E-05-4.93218E-04 1.94785E-06
 -1        61-2.76858E-05-3.77793E-04 1.59163E-06
 -1        62-2.47014E-05-2.72949E-04 1.26224E-06
 -1        63-2.10528E-05-1.81333E-04 9.71370E-07
 -1        64-1.67387E-05-1.05589E-04 7.32568E-07
 -1        65-1.17657E-05-4.83698E-05 5.51346E-07
 -1        66-6.12644E-06-1.22677E-05 4.29612E-07
 -1        67-3.28949E-05-8.10716E-04 2.89302E-06
 -1        68-3.22328E-05-6.80411E-04 2.51027E-06
 -1        69-3.09081E-05-5.54073E-04 2.13272E-06
 -1        70-2.89199E-05-4.34348E-04 1.76709E-06
 -1        71-2.62677E-05-3.23883E-04 1.42285E-06
 -1        72-2.29510E-05-2.25323E-04 1.11119E-06
 -1        73-1.89701E-05-1.41311E-04 8.45153E-07
 -1        74-1.43229E-05-7.45021E-05 6.35935E-07
 -1        75-9.01383E-06-2.75095E-05 5.10563E-07
 -1        76-3.01698E-06-3.14782E-06 4.62840E-07
 -1        77 0.00000E+00 0.00000E+00 0.00000E+00
 -1        78 0.00000E+00 0.00000E+00 0.00000E+00
 -1        79 0.00000E+00 0.00000E+00 0.00000E+00
 -1        80 3.24414E-05-7.45234E-04 2.60746E-06
 -1        81 3.14506E-05-6.16580E-04 2.13414E-06
 -1        82 2.98000E-05-4.93218E-04 1.66898E-06
 -1        83 2.74906E-05-3.77792E-04 1.22028E-06
 -1        84 2.45225E-05-2.72948E-04 7.98411E-07
 -1        85 2.08965E-05-1.81331E-04 4.15495E-07
 -1        86 1.66116E-05-1.05586E-04 8.40199E-08
 -1        87 1.16746E-05-4.83670E-05-1.74550E-07
 -1        88 6.07888E-06-1.22650E-05-3.33495E-07
 -1        89 3.26801E-05-8.10716E-04 2.84527E-06
 -1        90 3.20193E-05-6.80411E-04 2.37027E-06
 -1        91 3.06987E-05-5.54072E-04 1.90007E-06
 -1        92 2.87187E-05-4.34347E-04 1.44195E-06
 -1        93 2.60800E-05-3.23882E-04 1.00526E-06
 -1        94 2.27828E-05-2.25321E-04 6.01282E-07
 -1        95 1.88277E-05-1.41309E-04 2.41947E-07
 -1        96 1.42131E-05-7.44996E-05-5.72451E-08
 -1        97 8.94365E-06-2.75066E-05-2.95885E-07
 -1        98 2.99353E-06-3.14383E-06-4.39024E-07
 -1        99 0.00000E+00 0.00000E+00 0.00000E+00
 -1       100 0.00000E+00 0.00000E+00 0.00000E+00
 -1       101 2.38680E-08-1.20879E-05 4.87924E-08
 -1       102 4.55622E-08-4.81873E-05 1.89095E-07
 -1       103 6.35642E-08-1.05426E-04 4.08872E-07
 -1       104 7.81951E-08-1.81194E-04 6.93875E-07
 -1       105 8.94819E-08-2.72833E-04 1.03064E-06
 -1       106 9.76434E-08-3.77701E-04 1.40618E-06
 -1       107 1.02976E-07-4.93150E-04 1.80857E-06
 -1       108 1.05980E-07-6.16535E-04 2.22742E-06
 -1       109 1.07235E-07-7.45211E-04 2.65444E-06
 -1       110 3.06704E-06-1.21102E-05 2.40012E-07
 -1       111 1.16194E-08-2.89935E-06 1.28446E-08
 -1       112 5.89973E-06-4.82366E-05 3.69910E-07
 -1       113 3.50658E-08-2.73086E-05 1.08077E-07
 -1       114 8.39529E-06-1.05466E-04 5.70745E-07
 -1       115 5.48941E-08-7.43276E-05 2.89980E-07
 -1       116 1.05596E-05-1.81230E-04 8.32337E-07
 -1       117 7.12390E-08-1.41160E-04 5.44066E-07
 -1       118 1.23896E-05-2.72863E-04 1.14611E-06
 -1       119 8.41720E-08-2.25195E-04 8.56625E-07
 -1       120 1.38858E-05-3.77724E-04 1.49846E-06
 -1       121 9.38580E-08-3.23779E-04 1.21434E-06
 -1       122 1.50486E-05-4.93167E-04 1.87770E-06
 -1       123 1.00569E-07-4.34268E-04 1.60471E-06
 -1       124 1.58783E-05-6.16547E-04 2.27339E-06
 -1       125 1.04689E-07-5.54016E-04 2.01650E-06
 -1       126 1.63758E-05-7.45218E-04 2.67744E-06
 -1       127 1.06750E-07-6.80378E-04 2.44032E-06
 -1       128 1.07408E-07-8.10707E-04 2.86916E-06
 -1       129-3.01941E-06-1.21088E-05-1.42627E-07
 -1       130-5.80861E-06-4.82352E-05 7.88859E-09
 -1       131-8.26816E-06-1.05465E-04 2.46714E-07
 -1       132-1.04032E-05-1.81229E-04 5.55190E-07
 -1       133-1.22106E-05-2.72862E-04 9.15011E-07
 -1       134-1.36905E-05-3.77724E-04 1.31379E-06
 -1       135-1.48426E-05-4.93167E-04 1.73936E-06
 -1       136-1.56664E-05-6.16547E-04 2.18142E-06
 -1       137-1.61613E-05-7.45218E-04 2.63144E-06
 -1       138 1.04338E-12-8.76532E-04 3.08408E-06
 -1       139-1.07222E-07-7.45210E-04 2.65445E-06
 -1       140-1.05988E-07-6.16534E-04 2.22742E-06
 -1       141-1.02995E-07-4.93149E-04 1.80857E-06
 -1       142-9.76377E-08-3.77700E-04 1.40618E-06
 -1       143-8.94723E-08-2.72833E-04 1.03065E-06
 -1       144-7.81809E-08-1.81194E-04 6.93887E-07
 -1       145-6.35676E-08-1.05426E-04 4.08874E-07
 -1       146-4.55935E-08-4.81869E-05 1.89094E-07
 -1       147-2.38819E-08-1.20877E-05 4.87838E-08
 -1       148 1.61613E-05-7.45217E-04 2.63082E-06
 -1       149-1.07401E-07-8.10706E-04 2.86915E-06
 -1       150 1.56664E-05-6.16545E-04 2.18083E-06
 -1       151-1.06749E-07-6.80376E-04 2.44031E-06
 -1       152 1.48426E-05-4.93166E-04 1.73880E-06
 -1       153-1.04701E-07-5.54015E-04 2.01649E-06
 -1       154 1.36906E-05-3.77723E-04 1.31330E-06
 -1       155-1.00577E-07-4.34267E-04 1.60470E-06
 -1       156 1.22106E-05-2.72861E-04 9.14596E-07
 -1       157-9.38504E-08-3.23778E-04 1.21434E-06
 -1       158 1.04032E-05-1.81228E-04 5.54848E-07
 -1       159-8.41545E-08-2.25194E-04 8.56625E-07
 -1       160 8.26817E-06-1.05464E-04 2.46473E-07
 -1       161-7.12301E-08-1.41159E-04 5.44065E-07
 -1       162 5.80860E-06-4.82349E-05 7.72905E-09
 -1       163-5.49055E-08-7.43272E-05 2.89977E-07
 -1       164 3.01941E-06-1.21087E-05-1.42721E-07
 -1       165-3.50830E-08-2.73084E-05 1.08076E-07
 -1       166-1.16300E-08-2.89926E-06 1.28465E-08
 -1       167-1.63758E-05-7.45217E-04 2.67807E-06
 -1       168-1.58783E-05-6.16546E-04 2.27398E-06
 -1       169-1.50486E-05-4.93166E-04 1.87825E-06
 -1       170-1.38858E-05-3.77723E-04 1.49896E-06
 -1       171-1.23896E-05-2.72862E-04 1.14654E-06
 -1       172-1.05596E-05-1.81229E-04 8.32697E-07
 -1       173-8.39531E-06-1.05466E-04 5.70992E-07
 -1       174-5.89975E-06-4.82363E-05 3.70072E-07
 -1       175-3.06708E-06-1.21100E-05 2.40086E-07
 -1       176 0.00000E+00 0.00000E+00 0.00000E+00
 -1       177 6.09857E-06-1.25292E-05 4.69239E-08
 -1       178 1.17267E-05-4.85404E-05 1.87595E-07
 -1       179 1.66793E-05-1.05753E-04 4.07464E-07
 -1       180 2.09796E-05-1.81471E-04 6.92634E-07
 -1       181 2.46167E-05-2.73065E-04 1.02956E-06
 -1       182 2.75930E-05-3.77885E-04 1.40523E-06
 -1       183 2.99077E-05-4.93288E-04 1.80772E-06
 -1       184 3.15613E-05-6.16627E-04 2.22670E-06
 -1       185 3.25535E-05-7.45258E-04 2.65379E-06
 -1       186-6.09858E-06-1.25292E-05 4.70978E-08
 -1       187-1.17267E-05-4.85404E-05 1.87917E-07
 -1       188-1.66793E-05-1.05753E-04 4.07956E-07
 -1       189-2.09796E-05-1.81471E-04 6.93331E-07
 -1       190-2.46167E-05-2.73065E-04 1.03040E-06
 -1       191-2.75930E-05-3.77885E-04 1.40621E-06
 -1       192-2.99078E-05-4.93288E-04 1.80883E-06
 -1       193-3.15613E-05-6.16627E-04 2.22787E-06
 -1       194-3.25535E-05-7.45258E-04 2.65504E-06
 -1       195-8.53614E-12-1.23518E-05 4.77200E-08
 -1       196-8.94262E-12-4.83580E-05 1.88466E-07
 -1       197 4.53299E-13-1.05591E-04 4.08289E-07
 -1       198 6.33512E-12-1.81332E-04 6.93429E-07
 -1       199 4.84713E-12-2.72949E-04 1.03030E-06
 -1       200 2.41129E-12-3.77793E-04 1.40595E-06
 -1       201-9.25631E-12-4.93219E-04 1.80843E-06
 -1       202-1.70848E-12-6.16581E-04 2.22735E-06
 -1       203 2.55306E-12-7.45233E-04 2.65442E-06
 -1       320 3.95844E-05-8.76541E-04 3.08807E-06
 -1       321 3.62870E-05-8.76539E-04 3.08745E-06
 -1       322 3.29908E-05-8.76538E-04 3.08678E-06
 -1       323 0.00000E+00-6.28326E-08 0.00000E+00
 -1       324 0.00000E+00 0.00000E+00 0.00000E+00
 -1       325 0.00000E+00 6.28326E-08-0.00000E+00
 -1       326 3.93694E-05-8.76539E-04 3.07860E-06
 -1       327 3.60720E-05-8.76538E-04 3.07935E-06
 -1       328 3.27758E-05-8.76537E-04 3.08015E-06
 -1       329 0.00000E+00-6.23761E-08 0.00000E+00
 -1       330 0.00000E+00 0.00000E+00 0.00000E+00
 -1       331 0.00000E+00 6.23761E-08-0.00000E+00
 -1       332 3.91816E-05-7.45246E-04 2.70926E-06
 -1       333 3.59182E-05-7.45241E-04 2.70471E-06
 -1       334 3.26559E-05-7.45236E-04 2.70017E-06
 -1       335 3.79901E-05-6.16602E-04 2.33783E-06
 -1       336 3.48258E-05-6.16591E-04 2.32861E-06
 -1       337 3.16625E-05-6.16582E-04 2.31939E-06
 -1       338 3.60028E-05-4.93250E-04 1.97435E-06
 -1       339 3.30038E-05-4.93234E-04 1.96055E-06
 -1       340 3.00059E-05-4.93219E-04 1.94675E-06
 -1       341 3.32198E-05-3.77835E-04 1.62747E-06
 -1       342 3.04523E-05-3.77813E-04 1.60906E-06
 -1       343 2.76858E-05-3.77794E-04 1.59064E-06
 -1       344 2.96400E-05-2.73001E-04 1.30750E-06
 -1       345 2.71702E-05-2.72974E-04 1.28445E-06
 -1       346 2.47014E-05-2.72950E-04 1.26139E-06
 -1       347 2.52642E-05-1.81395E-04 1.02571E-06
 -1       348 2.31580E-05-1.81363E-04 9.98190E-07
 -1       349 2.10528E-05-1.81334E-04 9.70673E-07
 -1       350 2.00886E-05-1.05661E-04 7.97521E-07
 -1       351 1.84131E-05-1.05624E-04 7.64824E-07
 -1       352 1.67387E-05-1.05589E-04 7.32073E-07
 -1       353 1.41242E-05-4.84531E-05 6.20083E-07
 -1       354 1.29444E-05-4.84099E-05 5.85501E-07
 -1       355 1.17657E-05-4.83702E-05 5.51001E-07
 -1       356 7.34126E-06-1.23652E-05 5.27886E-07
 -1       357 6.73335E-06-1.23139E-05 4.78750E-07
 -1       358 6.12640E-06-1.22679E-05 4.29455E-07
 -1       359 3.94584E-05-8.10722E-04 2.89646E-06
 -1       361 3.28949E-05-8.10717E-04 2.89179E-06
 -1       362 3.86638E-05-6.80428E-04 2.52274E-06
 -1       364 3.22328E-05-6.80412E-04 2.50906E-06
 -1       365 3.70746E-05-5.54099E-04 2.15457E-06
 -1       367 3.09081E-05-5.54074E-04 2.13157E-06
 -1       368 3.46895E-05-4.34385E-04 1.79821E-06
 -1       370 2.89198E-05-4.34349E-04 1.76601E-06
 -1       371 3.15082E-05-3.23930E-04 1.46344E-06
 -1       373 2.62677E-05-3.23884E-04 1.42196E-06
 -1       374 2.75303E-05-2.25379E-04 1.16100E-06
 -1       376 2.29510E-05-2.25323E-04 1.11041E-06
 -1       377 2.27554E-05-1.41378E-04 9.04842E-07
 -1       379 1.89701E-05-1.41311E-04 8.44540E-07
 -1       380 1.71837E-05-7.45790E-05 7.03048E-07
 -1       382 1.43228E-05-7.45025E-05 6.35505E-07
 -1       383 1.08165E-05-2.75954E-05 5.95629E-07
 -1       385 9.01381E-06-2.75098E-05 5.10275E-07
 -1       386 3.64266E-06-3.24106E-06 5.22640E-07
 -1       388 3.01696E-06-3.14790E-06 4.62754E-07
 -1       389 3.94803E-05-8.76542E-04 3.08333E-06
 -1       391 3.28873E-05-8.76540E-04 3.08346E-06
 -1       392 3.89672E-05-7.45245E-04 2.59811E-06
 -1       393 3.57038E-05-7.45239E-04 2.60279E-06
 -1       394 3.24414E-05-7.45234E-04 2.60746E-06
 -1       395 3.77781E-05-6.16601E-04 2.11542E-06
 -1       396 3.46138E-05-6.16590E-04 2.12478E-06
 -1       397 3.14506E-05-6.16580E-04 2.13414E-06
 -1       398 3.57968E-05-4.93248E-04 1.64103E-06
 -1       399 3.27979E-05-4.93232E-04 1.65500E-06
 -1       400 2.98000E-05-4.93218E-04 1.66898E-06
 -1       401 3.30245E-05-3.77832E-04 1.18305E-06
 -1       402 3.02570E-05-3.77811E-04 1.20167E-06
 -1       403 2.74906E-05-3.77792E-04 1.22028E-06
 -1       404 2.94611E-05-2.72999E-04 7.51844E-07
 -1       405 2.69913E-05-2.72972E-04 7.75129E-07
 -1       406 2.45225E-05-2.72948E-04 7.98411E-07
 -1       407 2.51079E-05-1.81392E-04 3.59918E-07
 -1       408 2.30017E-05-1.81361E-04 3.87718E-07
 -1       409 2.08965E-05-1.81331E-04 4.15495E-07
 -1       410 1.99615E-05-1.05658E-04 1.79727E-08
 -1       411 1.82860E-05-1.05620E-04 5.09823E-08
 -1       412 1.66116E-05-1.05586E-04 8.40199E-08
 -1       413 1.40332E-05-4.84493E-05-2.44329E-07
 -1       414 1.28534E-05-4.84064E-05-2.09386E-07
 -1       415 1.16746E-05-4.83670E-05-1.74550E-07
 -1       416 7.29400E-06-1.23617E-05-4.32578E-07
 -1       417 6.68595E-06-1.23107E-05-3.83094E-07
 -1       418 6.07888E-06-1.22650E-05-3.33495E-07
 -1       419 3.92436E-05-8.10721E-04 2.84035E-06
 -1       421 3.26801E-05-8.10716E-04 2.84527E-06
 -1       422 3.84504E-05-6.80426E-04 2.35632E-06
 -1       424 3.20193E-05-6.80411E-04 2.37027E-06
 -1       425 3.68652E-05-5.54098E-04 1.87675E-06
 -1       427 3.06987E-05-5.54072E-04 1.90007E-06
 -1       428 3.44884E-05-4.34383E-04 1.40935E-06
 -1       430 2.87187E-05-4.34347E-04 1.44195E-06
 -1       431 3.13205E-05-3.23927E-04 9.63359E-07
 -1       433 2.60800E-05-3.23882E-04 1.00526E-06
 -1       434 2.73620E-05-2.25377E-04 5.50191E-07
 -1       436 2.27828E-05-2.25321E-04 6.01282E-07
 -1       437 2.26130E-05-1.41375E-04 1.81074E-07
 -1       439 1.88277E-05-1.41309E-04 2.41947E-07
 -1       440 1.70740E-05-7.45755E-05-1.25425E-07
 -1       442 1.42131E-05-7.44996E-05-5.72451E-08
 -1       443 1.07463E-05-2.75916E-05-3.81945E-07
 -1       445 8.94365E-06-2.75066E-05-2.95885E-07
 -1       446 3.61901E-06-3.23625E-06-4.99789E-07
 -1       448 2.99353E-06-3.14383E-06-4.39024E-07
 -1       449 0.00000E+00-6.36509E-08 0.00000E+00
 -1       451 0.00000E+00 6.36509E-08-0.00000E+00
 -1       452 3.90788E-05-7.45268E-04 2.65367E-06
 -1       454 3.25535E-05-7.45258E-04 2.65379E-06
 -1       455 3.78883E-05-6.16648E-04 2.22655E-06
 -1       457 3.15613E-05-6.16627E-04 2.22670E-06
 -1       458 3.59041E-05-4.93319E-04 1.80755E-06
 -1       460 2.99077E-05-4.93288E-04 1.80772E-06
 -1       461 3.31264E-05-3.77926E-04 1.40502E-06
 -1       463 2.75930E-05-3.77885E-04 1.40523E-06
 -1       464 2.95549E-05-2.73116E-04 1.02933E-06
 -1       466 2.46167E-05-2.73065E-04 1.02956E-06
 -1       467 2.51901E-05-1.81532E-04 6.92376E-07
 -1       469 2.09796E-05-1.81471E-04 6.92634E-07
 -1       470 2.00297E-05-1.05825E-04 4.07153E-07
 -1       472 1.66793E-05-1.05753E-04 4.07464E-07
 -1       473 1.40820E-05-4.86234E-05 1.87245E-07
 -1       475 1.17267E-05-4.85404E-05 1.87595E-07
 -1       476 7.31820E-06-1.26256E-05 4.66037E-08
 -1       478 6.09857E-06-1.25292E-05 4.69239E-08
 -1       479-3.27758E-05-8.76538E-04 3.08146E-06
 -1       480-3.60720E-05-8.76540E-04 3.08079E-06
 -1       481-3.93694E-05-8.76541E-04 3.08017E-06
 -1       482 0.00000E+00 6.23755E-08 0.00000E+00
 -1       483 0.00000E+00 0.00000E+00 0.00000E+00
 -1       484 0.00000E+00-6.23755E-08-0.00000E+00
 -1       485-3.29908E-05-8.76537E-04 3.08801E-06
 -1       486-3.62870E-05-8.76538E-04 3.08881E-06
 -1       487-3.95843E-05-8.76539E-04 3.08955E-06
 -1       488 0.00000E+00 6.28354E-08 0.00000E+00
 -1       489 0.00000E+00 0.00000E+00 0.00000E+00
 -1       490 0.00000E+00-6.28354E-08-0.00000E+00
 -1       491-3.24414E-05-7.45235E-04 2.60870E-06
 -1       492-3.57038E-05-7.45240E-04 2.60416E-06
 -1       493-3.89672E-05-7.45246E-04 2.59961E-06
 -1       494-3.14506E-05-6.16581E-04 2.13531E-06
 -1       495-3.46138E-05-6.16591E-04 2.12606E-06
 -1       496-3.77781E-05-6.16602E-04 2.11682E-06
 -1       497-2.98000E-05-4.93219E-04 1.67010E-06
 -1       498-3.27979E-05-4.93233E-04 1.65623E-06
 -1       499-3.57969E-05-4.93249E-04 1.64236E-06
 -1       500-2.74905E-05-3.77793E-04 1.22127E-06
 -1       501-3.02570E-05-3.77812E-04 1.20275E-06
 -1       502-3.30245E-05-3.77833E-04 1.18423E-06
 -1       503-2.45225E-05-2.72949E-04 7.99242E-07
 -1       504-2.69913E-05-2.72973E-04 7.76039E-07
 -1       505-2.94611E-05-2.72999E-04 7.52833E-07
 -1       506-2.08965E-05-1.81332E-04 4.16195E-07
 -1       507-2.30016E-05-1.81361E-04 3.88495E-07
 -1       508-2.51078E-05-1.81393E-04 3.60770E-07
 -1       509-1.66116E-05-1.05587E-04 8.45094E-08
 -1       510-1.82860E-05-1.05621E-04 5.15187E-08
 -1       511-1.99615E-05-1.05658E-04 1.85572E-08
 -1       512-1.16746E-05-4.83673E-05-1.74243E-07
 -1       513-1.28534E-05-4.84068E-05-2.09051E-07
 -1       514-1.40332E-05-4.84496E-05-2.43965E-07
 -1       515-6.07889E-06-1.22651E-05-3.33307E-07
 -1       516-6.68597E-06-1.23108E-05-3.82884E-07
 -1       517-7.29403E-06-1.23619E-05-4.32347E-07
 -1       518-3.26801E-05-8.10717E-04 2.84650E-06
 -1       520-3.92436E-05-8.10722E-04 2.84182E-06
 -1       521-3.20193E-05-6.80412E-04 2.37147E-06
 -1       523-3.84504E-05-6.80427E-04 2.35776E-06
 -1       524-3.06987E-05-5.54073E-04 1.90121E-06
 -1       526-3.68652E-05-5.54099E-04 1.87811E-06
 -1       527-2.87187E-05-4.34348E-04 1.44303E-06
 -1       529-3.44884E-05-4.34384E-04 1.41066E-06
 -1       530-2.60800E-05-3.23883E-04 1.00615E-06
 -1       532-3.13205E-05-3.23928E-04 9.64422E-07
 -1       533-2.27827E-05-2.25322E-04 6.02056E-07
 -1       535-2.73620E-05-2.25378E-04 5.51121E-07
 -1       536-1.88276E-05-1.41309E-04 2.42567E-07
 -1       538-2.26130E-05-1.41375E-04 1.81816E-07
 -1       539-1.42131E-05-7.45000E-05-5.68222E-08
 -1       541-1.70740E-05-7.45759E-05-1.24926E-07
 -1       542-8.94365E-06-2.75068E-05-2.95603E-07
 -1       544-1.07463E-05-2.75919E-05-3.81613E-07
 -1       545-2.99354E-06-3.14392E-06-4.38943E-07
 -1       547-3.61903E-06-3.23634E-06-4.99694E-07
 -1       548-3.28873E-05-8.76540E-04 3.08473E-06
 -1       550-3.94803E-05-8.76542E-04 3.08486E-06
 -1       551-3.26559E-05-7.45234E-04 2.70142E-06
 -1       552-3.59182E-05-7.45239E-04 2.70609E-06
 -1       553-3.91816E-05-7.45245E-04 2.71076E-06
 -1       554-3.16625E-05-6.16581E-04 2.32057E-06
 -1       555-3.48258E-05-6.16590E-04 2.32991E-06
 -1       556-3.79901E-05-6.16601E-04 2.33924E-06
 -1       557-3.00060E-05-4.93218E-04 1.94785E-06
 -1       558-3.30039E-05-4.93233E-04 1.96176E-06
 -1       559-3.60028E-05-4.93249E-04 1.97567E-06
 -1       560-2.76858E-05-3.77793E-04 1.59163E-06
 -1       561-3.04523E-05-3.77812E-04 1.61014E-06
 -1       562-3.32198E-05-3.77834E-04 1.62865E-06
 -1       563-2.47014E-05-2.72949E-04 1.26224E-06
 -1       564-2.71702E-05-2.72973E-04 1.28540E-06
 -1       565-2.96400E-05-2.73000E-04 1.30854E-06
 -1       566-2.10528E-05-1.81333E-04 9.71370E-07
 -1       567-2.31580E-05-1.81362E-04 9.98952E-07
 -1       568-2.52642E-05-1.81394E-04 1.02654E-06
 -1       569-1.67387E-05-1.05589E-04 7.32568E-07
 -1       570-1.84131E-05-1.05623E-04 7.65364E-07
 -1       571-2.00886E-05-1.05661E-04 7.98109E-07
 -1       572-1.17657E-05-4.83698E-05 5.51346E-07
 -1       573-1.29444E-05-4.84096E-05 5.85885E-07
 -1       574-1.41242E-05-4.84527E-05 6.20506E-07
 -1       575-6.12644E-06-1.22677E-05 4.29612E-07
 -1       576-6.73339E-06-1.23137E-05 4.78918E-07
 -1       577-7.34131E-06-1.23651E-05 5.28069E-07
 -1       578-3.28949E-05-8.10716E-04 2.89302E-06
 -1       580-3.94584E-05-8.10721E-04 2.89794E-06
 -1       581-3.22328E-05-6.80411E-04 2.51027E-06
 -1       583-3.86638E-05-6.80426E-04 2.52419E-06
 -1       584-3.09081E-05-5.54073E-04 2.13272E-06
 -1       586-3.70746E-05-5.54098E-04 2.15595E-06
 -1       587-2.89199E-05-4.34348E-04 1.76709E-06
 -1       589-3.46895E-05-4.34384E-04 1.79951E-06
 -1       590-2.62677E-05-3.23883E-04 1.42285E-06
 -1       592-3.15082E-05-3.23929E-04 1.46450E-06
 -1       593-2.29510E-05-2.25323E-04 1.11119E-06
 -1       595-2.75303E-05-2.25379E-04 1.16193E-06
 -1       596-1.89701E-05-1.41311E-04 8.45153E-07
 -1       598-2.27554E-05-1.41377E-04 9.05577E-07
 -1       599-1.43229E-05-7.45021E-05 6.35935E-07
 -1       601-1.71837E-05-7.45785E-05 7.03565E-07
 -1       602-9.01383E-06-2.75095E-05 5.10563E-07
 -1       604-1.08165E-05-2.75952E-05 5.95978E-07
 -1       605-3.01698E-06-3.14782E-06 4.62840E-07
 -1       607-3.64267E-06-3.24098E-06 5.22748E-07
 -1       608 0.00000E+00 6.36501E-08 0.00000E+00
 -1       610 0.00000E+00-6.36501E-08-0.00000E+00
 -1       611-3.25535E-05-7.45258E-04 2.65504E-06
 -1       613-3.90788E-05-7.45268E-04 2.65516E-06
 -1       614-3.15613E-05-6.16627E-04 2.22787E-06
 -1       616-3.78883E-05-6.16648E-04 2.22796E-06
 -1       617-2.99078E-05-4.93288E-04 1.80883E-06
 -1       619-3.59041E-05-4.93319E-04 1.80888E-06
 -1       620-2.75930E-05-3.77885E-04 1.40621E-06
 -1       622-3.31264E-05-3.77926E-04 1.40621E-06
 -1       623-2.46167E-05-2.73065E-04 1.03040E-06
 -1       625-2.95549E-05-2.73116E-04 1.03034E-06
 -1       626-2.09796E-05-1.81471E-04 6.93331E-07
 -1       628-2.51901E-05-1.81532E-04 6.93206E-07
 -1       629-1.66793E-05-1.05753E-04 4.07956E-07
 -1       631-2.00297E-05-1.05825E-04 4.07749E-07
 -1       632-1.17267E-05-4.85404E-05 1.87917E-07
 -1       634-1.40820E-05-4.86234E-05 1.87637E-07
 -1       635-6.09858E-06-1.25292E-05 4.70978E-08
 -1       637-7.31821E-06-1.26256E-05 4.68097E-08
 -3
    1PSTEP                         2           1           1          
  100CL  101 1.000000000         459                     0    1           1
 -4  STRESS      6    1
 -5  SXX         1    4    1    1
 -5  SYY         1    4    2    2
 -5  SZZ         1    4    3    3
 -5  SXY         1    4    1    2
 -5  SYZ         1    4    2    3
 -5  SZX         1    4    3    1
 -1         1 7.97526E+06 3.10154E+06 3.10153E+06-1.32782E+05 1.75872E+00 5.83065E+05
 -1         2-7.91327E+06-3.07743E+06-3.07743E+06-1.27369E+05 1.75348E+00-5.83436E+05
 -1         3-3.86943E+04 3.22151E+04 1.19290E+04-1.40626E+05 2.50595E+03 2.18486E+03
 -1         4 3.87564E+04-3.22305E+04-1.21417E+04-1.40530E+05 2.63731E+03-1.97913E+03
 -1         5-3.87543E+04 3.23118E+04 1.19918E+04-1.40550E+05-2.56478E+03-1.94463E+03
 -1         6 3.86758E+04-3.22442E+04-1.20585E+04-1.40573E+05-2.56328E+03 2.11662E+03
 -1         7-7.97533E+06-3.10156E+06-3.10156E+06-1.32706E+05-1.75875E+00 5.83142E+05
 -1         8 7.91325E+06 3.07742E+06 3.07742E+06-1.27294E+05-1.75351E+00-5.83491E+05
 -1         9 3.03494E+04 1.18026E+04 1.18026E+04 2.01181E+05 1.77100E+00 1.06061E+03
 -1        10 3.99216E+06 1.55246E+06 1.55246E+06 6.19424E+04 1.76613E+00 2.92428E+05
 -1        11-3.93081E+06-1.52860E+06-1.52860E+06 6.46473E+04 1.76120E+00-2.91340E+05
 -1        12-6.41098E+06 3.20354E+04-1.92856E+05-6.44001E+02-2.40028E+05 1.27693E+05
 -1        13-5.59500E+06-1.26864E+05-8.37449E+04-1.43551E+05 3.30691E+04 1.40959E+04
 -1        14-4.84119E+06 2.15644E+04 6.50888E+03-1.40425E+05-1.12112E+04 6.51552E+03
 -1        15-4.15527E+06-7.00956E+03-3.38470E+03-1.43695E+05 2.42689E+03 3.81777E+03
 -1        16-3.46144E+06 2.06817E+03 7.87901E+02-1.43267E+05-6.24441E+02 4.06794E+03
 -1        17-2.77087E+06-5.45778E+02-2.18973E+02-1.43385E+05 1.07607E+02 3.86656E+03
 -1        18-2.07902E+06-1.30198E+02-7.97864E+01-1.43290E+05-4.61574E+01 3.77966E+03
 -1        19-1.38578E+06 1.44495E+03 8.58004E+02-1.42779E+05-1.07253E+02 3.80137E+03
 -1        20-6.89988E+05 4.07700E+03 2.47329E+03-1.41576E+05 7.52035E+02 3.66609E+03
 -1        21-6.42753E+06-1.94278E+05 3.52568E+04-7.37147E+04 3.05619E+05-1.49249E+05
 -1        22-5.80116E+06 1.59814E+05 1.06323E+05-3.08296E+04-5.27915E+04 3.68369E+03
 -1        23-5.19683E+06-3.17511E+04-1.42838E+04-2.20556E+04 1.58073E+04-1.46225E+03
 -1        24-4.49510E+06 9.64789E+03 5.19442E+03-2.27270E+04-3.59501E+03 4.22397E+03
 -1        25-3.80851E+06-2.57624E+03-1.23298E+03-2.23148E+04 9.09075E+02 3.16460E+03
 -1        26-3.11625E+06 7.10067E+02 3.19169E+02-2.24129E+04-2.48296E+02 3.48915E+03
 -1        27-2.42511E+06-2.39662E+02-1.29558E+02-2.24051E+04 7.66145E+01 3.39411E+03
 -1        28-1.73305E+06 2.02627E+02 9.90072E+01-2.22855E+04-5.48334E+01 3.40499E+03
 -1        29-1.04108E+06-1.55249E+03-8.41500E+02-2.30949E+04 1.65282E+02 3.20545E+03
 -1        30-3.52783E+05-3.70493E+03-2.21982E+03-2.23317E+04-9.00377E+02 3.14168E+03
 -1        31 4.69328E+01 7.23721E+01 2.40336E+01-2.25059E+05-2.62322E+03 8.03489E+01
 -1        32 1.42480E+04-2.89239E+04-8.59071E+03-1.84889E+05 2.02968E+01-1.24764E+03
 -1        33-1.41651E+04 2.89997E+04 8.54292E+03-1.84951E+05-6.93162E+01 1.42606E+03
 -1        34 6.46075E+06-3.05832E+04 1.89402E+05 4.00791E+02-2.41313E+05-1.26353E+05
 -1        35 5.63666E+06 1.26743E+05 8.48249E+04-1.43373E+05 3.33569E+04-1.27243E+04
 -1        36 4.87533E+06-2.19818E+04-6.84488E+03-1.40297E+05-1.12215E+04-5.16092E+03
 -1        37 4.18253E+06 7.34175E+03 3.52925E+03-1.43594E+05 2.35174E+03-2.51118E+03
 -1        38 3.48183E+06-1.78954E+03-6.83388E+02-1.43160E+05-6.41437E+02-2.80241E+03
 -1        39 2.78485E+06 5.00781E+02 1.78623E+02-1.43250E+05 1.39248E+02-2.78744E+03
 -1        40 2.08750E+06-8.53806E+01 1.28207E+00-1.43275E+05 1.57042E+01-2.80037E+03
 -1        41 1.38991E+06-1.55181E+03-8.86538E+02-1.42716E+05-7.68742E+01-3.12393E+03
 -1        42 6.91152E+05-4.16393E+03-2.48464E+03-1.41587E+05 8.13029E+02-3.26504E+03
 -1        43 6.47858E+06 1.93265E+05-3.00984E+04-7.45416E+04 3.07366E+05 1.50249E+05
 -1        44 5.84643E+06-1.60015E+05-1.07870E+05-3.08724E+04-5.31124E+04-3.71262E+03
 -1        45 5.23481E+06 3.18308E+04 1.47474E+04-2.19042E+04 1.58799E+04 1.73599E+03
 -1        46 4.52580E+06-9.66317E+03-5.30139E+03-2.25695E+04-3.63586E+03-4.01821E+03
 -1        47 3.83216E+06 2.55347E+03 1.19655E+03-2.22287E+04 9.46143E+02-2.94114E+03
 -1        48 3.13341E+06-6.77032E+02-3.42409E+02-2.23248E+04-2.27258E+02-3.28451E+03
 -1        49 2.43628E+06 2.37488E+02 1.11258E+02-2.23429E+04 6.41843E+01-3.21497E+03
 -1        50 1.73942E+06-1.43269E+02-6.23484E+01-2.22075E+04-6.68588E+01-3.25973E+03
 -1        51 1.04366E+06 1.46519E+03 7.80527E+02-2.30469E+04 1.79300E+02-3.11793E+03
 -1        52 3.53284E+05 3.63247E+03 2.13384E+03-2.23122E+04-8.76933E+02-3.09529E+03
 -1        53-3.58485E+04 3.70118E+04 1.40996E+04-1.25605E+05-2.62789E+01 1.27536E+02
 -1        54-4.78010E+01 5.21808E+00-9.35866E-01-2.24996E+05 2.58494E+03 7.13224E+01
 -1        55 1.41742E+04-2.89604E+04-8.55661E+03-1.84884E+05 1.89930E+01 1.39554E+03
 -1        56-1.42402E+04 2.90167E+04 8.56311E+03-1.84876E+05 4.48672E+00-1.23516E+03
 -1        57 3.58047E+04-3.70540E+04-1.42684E+04-1.25602E+05 2.83018E+01 7.42148E+01
 -1        58-6.91166E+05 4.08051E+03 2.50081E+03-1.41540E+05-7.87626E+02-3.26017E+03
 -1        59-1.38989E+06 1.57539E+03 8.91848E+02-1.42725E+05 1.12118E+02-3.11210E+03
 -1        60-2.08752E+06 7.16649E+01-1.87575E+01-1.43249E+05-3.67141E+00-2.82286E+03
 -1        61-2.78484E+06-4.32151E+02-1.72237E+02-1.43146E+05-1.73486E+02-2.67644E+03
 -1        62-3.48190E+06 1.60957E+03 6.75476E+02-1.43145E+05 6.77981E+02-2.79717E+03
 -1        63-4.18252E+06-7.35360E+03-3.52654E+03-1.43565E+05-2.40050E+03-2.45148E+03
 -1        64-4.87535E+06 2.18989E+04 6.82638E+03-1.40237E+05 1.12712E+04-5.10526E+03
 -1        65-5.63671E+06-1.26966E+05-8.47902E+04-1.43418E+05-3.33354E+04-1.26530E+04
 -1        66-6.46071E+06 3.07180E+04-1.89437E+05 4.70309E+02 2.41308E+05-1.26324E+05
 -1        67-3.53259E+05-3.59102E+03-2.11661E+03-2.23187E+04 8.95250E+02-3.09129E+03
 -1        68-1.04365E+06-1.47247E+03-7.86606E+02-2.30193E+04-1.73109E+02-3.09690E+03
 -1        69-1.73940E+06 1.26359E+02 6.60305E+01-2.21676E+04 7.50995E+01-3.25279E+03
 -1        70-2.43633E+06-2.96707E+02-1.30883E+02-2.22928E+04-5.89839E+01-3.17822E+03
 -1        71-3.13341E+06 6.95201E+02 3.47859E+02-2.22857E+04 2.20743E+02-3.25104E+03
 -1        72-3.83219E+06-2.59224E+03-1.20489E+03-2.21619E+04-9.37754E+02-2.89179E+03
 -1        73-4.52576E+06 9.70310E+03 5.31091E+03-2.25414E+04 3.62887E+03-3.95168E+03
 -1        74-5.23482E+06-3.18713E+04-1.47314E+04-2.18741E+04-1.58937E+04 1.80145E+03
 -1        75-5.84638E+06 1.59997E+05 1.07898E+05-3.08340E+04 5.31076E+04-3.65369E+03
 -1        76-6.47862E+06-1.93239E+05 3.00979E+04-7.44896E+04-3.07363E+05 1.50280E+05
 -1        77-3.03878E+04-1.18175E+04-1.18175E+04 2.01252E+05-1.77115E+00 1.06724E+03
 -1        78 3.93080E+06 1.52859E+06 1.52860E+06 6.47201E+04-1.76102E+00-2.91362E+05
 -1        79-3.99223E+06-1.55248E+06-1.55248E+06 6.20173E+04-1.76603E+00 2.92470E+05
 -1        80 6.89910E+05-4.24190E+03-2.52079E+03-1.41550E+05-7.79534E+02 3.67832E+03
 -1        81 1.38583E+06-1.41520E+03-7.91871E+02-1.42769E+05 1.67653E+02 3.79225E+03
 -1        82 2.07893E+06-5.21852E+01-4.64210E+01-1.43349E+05-2.41180E+01 3.71973E+03
 -1        83 2.77081E+06 4.74092E+02 1.72784E+02-1.43228E+05-1.25290E+02 3.81460E+03
 -1        84 3.46143E+06-2.08636E+03-7.50922E+02-1.43293E+05 5.97792E+02 4.00333E+03
 -1        85 4.15528E+06 7.07360E+03 3.38886E+03-1.43618E+05-2.44592E+03 3.81436E+03
 -1        86 4.84125E+06-2.15584E+04-6.47715E+03-1.40315E+05 1.12473E+04 6.45599E+03
 -1        87 5.59501E+06 1.26859E+05 8.37897E+04-1.43485E+05-3.30544E+04 1.40684E+04
 -1        88 6.41095E+06-3.20993E+04 1.92781E+05-6.22737E+02 2.39975E+05 1.27590E+05
 -1        89 3.52756E+05 3.64590E+03 2.21144E+03-2.23236E+04 9.01111E+02 3.12768E+03
 -1        90 1.04108E+06 1.48393E+03 8.27720E+02-2.30779E+04-1.84312E+02 3.19185E+03
 -1        91 1.73310E+06-1.85941E+02-6.96788E+01-2.22540E+04 5.12779E+01 3.37279E+03
 -1        92 2.42504E+06 2.59736E+02 1.10068E+02-2.23697E+04-6.56368E+01 3.33814E+03
 -1        93 3.11628E+06-7.36015E+02-3.26447E+02-2.23513E+04 2.24103E+02 3.43771E+03
 -1        94 3.80845E+06 2.56826E+03 1.20606E+03-2.22761E+04-9.05805E+02 3.12427E+03
 -1        95 4.49515E+06-9.58228E+03-5.18183E+03-2.26428E+04 3.60887E+03 4.18094E+03
 -1        96 5.19683E+06 3.17163E+04 1.42759E+04-2.19852E+04-1.58454E+04-1.51534E+03
 -1        97 5.80116E+06-1.59822E+05-1.06320E+05-3.07929E+04 5.27498E+04 3.64468E+03
 -1        98 6.42753E+06 1.94287E+05-3.52320E+04-7.36753E+04-3.05625E+05-1.49326E+05
 -1        99-7.93912E+06-3.08739E+06-3.08739E+06-2.37844E+05-6.90105E-03-5.79254E+02
 -1       100 7.93909E+06 3.08738E+06 3.08738E+06-2.37844E+05 7.07986E-03-6.46430E+02
 -1       101 2.50669E+04 8.41007E+02-1.73616E+03-1.82086E+05-2.36246E+05 1.65842E+02
 -1       102 2.09654E+04 7.49136E+00 5.87315E+02-2.39050E+05 3.23183E+04 6.18514E+02
 -1       103 1.70831E+04-2.14513E+02-1.75469E+02-2.27183E+05-1.09739E+04 6.30335E+02
 -1       104 1.36369E+04 2.00132E+02 1.01356E+02-2.31043E+05 2.34138E+03 6.04476E+02
 -1       105 1.01577E+04 9.49455E+01 2.38725E+00-2.29826E+05-6.41562E+02 5.60267E+02
 -1       106 7.00456E+03-2.98625E+01 1.92954E+01-2.30234E+05 1.42190E+02 4.95444E+02
 -1       107 4.24834E+03-8.08296E+01-1.73742E+01-2.29996E+05 5.71767E+01 4.16266E+02
 -1       108 2.07136E+03-4.12151E+01-3.27813E+01-2.30374E+05-3.46908E+02 3.22417E+02
 -1       109 6.22865E+02 4.88427E+01 3.66452E+01-2.29027E+05 1.86892E+03 1.65949E+02
 -1       110 3.33388E+06 2.29245E+05 1.84974E+05-8.23043E+04-2.38520E+05-6.31158E+04
 -1       111 2.56625E+04-4.35102E+02 2.58149E+03-5.40057E+04 3.08700E+05 9.38221E+02
 -1       112 2.81746E+06 2.93915E+04 3.12100E+04-1.96560E+05 3.27795E+04-6.18083E+03
 -1       113 2.25041E+04-1.20692E+02-8.61044E+02-1.21653E+05-5.11884E+04 1.05223E+01
 -1       114 2.45074E+06 5.73974E+02 4.64067E+02-1.85311E+05-1.10872E+04-2.22649E+03
 -1       115 1.89765E+04 3.86958E+01 2.26765E+02-1.07043E+05 1.55292E+04 8.72418E+01
 -1       116 2.09715E+06 9.20154E+02 9.14177E+02-1.89900E+05 2.34048E+03-9.93239E+02
 -1       117 1.53461E+04-1.43379E+00-5.69698E+01-1.09423E+05-3.51394E+03 2.90017E+01
 -1       118 1.74638E+06-1.40648E+02-1.36236E+02-1.88818E+05-6.37625E+02-1.12467E+03
 -1       119 1.18415E+04-8.19675E+00-2.60575E+01-1.09175E+05 9.05112E+02 4.60236E+01
 -1       120 1.39598E+06 9.01102E+01 7.69836E+01-1.89139E+05 1.48803E+02-1.16031E+03
 -1       121 8.55980E+03-1.24860E+01-2.27750E+01-1.09173E+05-2.26962E+02 4.80221E+01
 -1       122 1.04588E+06-1.76408E+02-8.67285E+01-1.89005E+05 3.68262E+01-1.21253E+03
 -1       123 5.60060E+03 4.95229E+00-1.56204E+00-1.09158E+05 9.68580E+01 3.80757E+01
 -1       124 6.96250E+05-5.42174E+02-1.85493E+02-1.88955E+05-2.15003E+02-1.38126E+03
 -1       125 3.16304E+03 3.58203E+01-1.82410E+00-1.09238E+05-1.60223E+02 3.65154E+01
 -1       126 3.43433E+05-7.05263E+03-3.87650E+03-1.87584E+05 1.34789E+03-1.67414E+03
 -1       127 1.31973E+03 1.33816E+01-8.13964E+00-1.08868E+05 5.90233E+02 5.93794E+00
 -1       128 2.49989E+02 2.44803E+01-1.89961E+01-1.10223E+05-2.94282E+03 8.30354E+00
 -1       129-3.28393E+06-2.27672E+05-1.88426E+05-8.26565E+04-2.38393E+05 6.40131E+04
 -1       130-2.77567E+06-2.94579E+04-3.01195E+04-1.96643E+05 3.27477E+04 7.42870E+03
 -1       131-2.41659E+06-9.95566E+02-8.04982E+02-1.85397E+05-1.11009E+04 3.49875E+03
 -1       132-2.06988E+06-5.46335E+02-7.20990E+02-1.89981E+05 2.38820E+03 2.20761E+03
 -1       133-1.72603E+06 3.69871E+02 1.79970E+02-1.88872E+05-6.39742E+02 2.28641E+03
 -1       134-1.38197E+06-1.38497E+02-6.89553E+01-1.89213E+05 1.19550E+02 2.16557E+03
 -1       135-1.03739E+06-1.25108E+01 3.04784E+01-1.89017E+05 4.47613E+00 2.08784E+03
 -1       136-6.92117E+05 4.47130E+02 1.39435E+02-1.88990E+05-2.22488E+02 2.02571E+03
 -1       137-3.42236E+05 7.05197E+03 3.89348E+03-1.87581E+05 1.30509E+03 2.02448E+03
 -1       138-3.70047E+00 1.02694E+01 2.64676E+00-2.09653E+05-2.19259E+01 8.32628E+01
 -1       139-6.21855E+02-9.28799E+01-2.71754E+01-2.29008E+05-1.88138E+03 1.89477E+02
 -1       140-2.06415E+03 5.03294E+01 5.39180E+00-2.30324E+05 3.97421E+02 3.06369E+02
 -1       141-4.24840E+03 6.90380E+01 3.24386E+01-2.29994E+05-4.99872E+01 4.16485E+02
 -1       142-7.00524E+03 6.52613E+01 1.21953E+01-2.30092E+05-1.23393E+02 4.99363E+02
 -1       143-1.02109E+04-2.04751E+02-2.47131E+01-2.29770E+05 6.22855E+02 5.60132E+02
 -1       144-1.35896E+04-1.46814E+02-2.58560E+01-2.30920E+05-2.40024E+03 6.09832E+02
 -1       145-1.70994E+04 1.10825E+02 1.53215E+02-2.27035E+05 1.10206E+04 6.14328E+02
 -1       146-2.09964E+04-9.97878E+01-6.28767E+02-2.38971E+05-3.22933E+04 5.70977E+02
 -1       147-2.50878E+04-8.73797E+02 1.68500E+03-1.81890E+05 2.36265E+05 1.74479E+02
 -1       148 3.42195E+05-7.15587E+03-3.92327E+03-1.87558E+05-1.32944E+03 2.04048E+03
 -1       149-2.71082E+02-1.45220E+01-3.44467E+00-1.10207E+05 2.92385E+03 9.75417E+00
 -1       150 6.92148E+05-4.13961E+02-1.13277E+02-1.88958E+05 2.90648E+02 2.01742E+03
 -1       151-1.29944E+03-1.16741E+01-1.08722E+00-1.08833E+05-5.96678E+02 1.60924E+01
 -1       152 1.03733E+06-1.30129E+02-1.02520E+02-1.89053E+05-4.54339E+01 2.05855E+03
 -1       153-3.15114E+03-2.24133E+01-7.38648E+00-1.09184E+05 1.65756E+02 2.35359E+01
 -1       154 1.38194E+06 1.25383E+02 6.99491E+01-1.89062E+05-1.18241E+02 2.14610E+03
 -1       155-5.61764E+03 2.56765E+01 1.10759E+00-1.09090E+05-8.64834E+01 3.92383E+01
 -1       156 1.72600E+06-4.34098E+02-1.81483E+02-1.88861E+05 6.13985E+02 2.26200E+03
 -1       157-8.56704E+03 1.10299E+01 1.28205E+01-1.09072E+05 2.33651E+02 4.92302E+01
 -1       158 2.06992E+06 6.11047E+02 7.80020E+02-1.89873E+05-2.42765E+03 2.21613E+03
 -1       159-1.18521E+04-3.65737E+00 1.76962E+01-1.09060E+05-9.12023E+02 4.61078E+01
 -1       160 2.41663E+06 9.92508E+02 8.28973E+02-1.85266E+05 1.11455E+04 3.47098E+03
 -1       161-1.53196E+04 2.27663E+01 6.44204E+01-1.09296E+05 3.51527E+03 2.81315E+01
 -1       162 2.77564E+06 2.94026E+04 3.00852E+04-1.96552E+05-3.27385E+04 7.39818E+03
 -1       163-1.89624E+04-7.72051E+01-2.42606E+02-1.06928E+05-1.55263E+04 6.00419E+01
 -1       164 3.28390E+06 2.27616E+05 1.88369E+05-8.25562E+04 2.38380E+05 6.39836E+04
 -1       165-2.25450E+04 6.87338E+01 8.32149E+02-1.21522E+05 5.11900E+04-3.43272E+00
 -1       166-2.56835E+04 4.15707E+02-2.58487E+03-5.38803E+04-3.08687E+05 9.39897E+02
 -1       167-3.43447E+05 6.97829E+03 3.87415E+03-1.87551E+05-1.33397E+03-1.65528E+03
 -1       168-6.96239E+05 5.46099E+02 1.71760E+02-1.88936E+05 2.48139E+02-1.38873E+03
 -1       169-1.04587E+06 2.10628E+02 1.04766E+02-1.88983E+05-1.90958E+01-1.22468E+03
 -1       170-1.39596E+06-3.63618E+01-4.97586E+01-1.89017E+05-1.51803E+02-1.10659E+03
 -1       171-1.74645E+06-1.19565E+01 1.10269E+02-1.88777E+05 6.43891E+02-1.13096E+03
 -1       172-2.09711E+06-8.89125E+02-8.54017E+02-1.89835E+05-2.39781E+03-9.69108E+02
 -1       173-2.45078E+06-7.11750E+02-5.00523E+02-1.85208E+05 1.11366E+04-2.21228E+03
 -1       174-2.81751E+06-2.95726E+04-3.12538E+04-1.96563E+05-3.27538E+04-6.17658E+03
 -1       175-3.33387E+06-2.29179E+05-1.85004E+05-8.21651E+04 2.38530E+05-6.31175E+04
 -1       176-2.13002E+01-8.28325E+00-8.28338E+00 9.29305E+04 3.08625E-05 6.25855E+02
 -1       177 6.44294E+06-2.33509E+04 1.95244E+05-4.20405E+04-6.49366E+02 4.89198E+02
 -1       178 5.61970E+06 1.24015E+05 8.45395E+04-1.12758E+05 1.47965E+02 7.69242E+02
 -1       179 4.85834E+06-1.99120E+04-6.18832E+03-1.26557E+05 1.47103E+01 6.84591E+02
 -1       180 4.16910E+06 6.39532E+03 3.23342E+03-1.25409E+05-4.41466E+01 7.01214E+02
 -1       181 3.47184E+06-1.60350E+03-6.10860E+02-1.26107E+05-1.86489E+01 6.44776E+02
 -1       182 2.77792E+06 3.32248E+02 1.23289E+02-1.25863E+05 2.50627E+00 5.54907E+02
 -1       183 2.08333E+06 2.54970E+01 8.59415E+00-1.25997E+05 8.05615E-03 4.93091E+02
 -1       184 1.38788E+06-1.76553E+03-9.32458E+02-1.25371E+05 4.25729E+01 3.58717E+02
 -1       185 6.90460E+05-3.31910E+03-2.28390E+03-1.24445E+05 1.58741E+01 2.19953E+02
 -1       186-6.44294E+06 2.33844E+04-1.95301E+05-4.20433E+04 6.17591E+02 5.54357E+02
 -1       187-5.61967E+06-1.23997E+05-8.44499E+04-1.12780E+05-1.23341E+02 8.18228E+02
 -1       188-4.85832E+06 1.98817E+04 6.19801E+03-1.26566E+05 2.78667E+01 7.42776E+02
 -1       189-4.16912E+06-6.46457E+03-3.26564E+03-1.25425E+05 1.21107E+01 7.32505E+02
 -1       190-3.47184E+06 1.59408E+03 6.60391E+02-1.26103E+05 2.53747E+01 6.80040E+02
 -1       191-2.77796E+06-3.85231E+02-1.62670E+02-1.25877E+05-2.93006E+01 6.36102E+02
 -1       192-2.08336E+06-8.78360E+01-6.56412E+01-1.25976E+05-2.50108E+01 5.12345E+02
 -1       193-1.38785E+06 1.79611E+03 9.67780E+02-1.25372E+05 1.70080E-01 3.69425E+02
 -1       194-6.90481E+05 3.26933E+03 2.29620E+03-1.24445E+05-1.46771E+01 2.16331E+02
 -1       195-5.93018E+00-1.46138E+01-2.38200E+01-2.23740E+05 8.05991E+00 4.12454E+01
 -1       196 1.32993E+01 2.24020E+01 6.52474E+00-2.08169E+05 1.57872E+01 6.94090E+02
 -1       197-1.16083E+01-4.96590E+01-1.14728E+01-2.13508E+05 2.31875E+01 6.58615E+02
 -1       198 3.21977E+00-2.27284E+01 1.82131E+01-2.12707E+05-2.85009E+01 6.56605E+02
 -1       199-8.98965E+00-1.00978E+01 6.31368E+00-2.12716E+05-8.46429E+00 6.05446E+02
 -1       200-1.05440E+01-8.47387E+00 5.56029E+00-2.12771E+05 8.98154E+00 5.38603E+02
 -1       201 8.58046E+00 1.19772E+01 1.49472E+01-2.12684E+05 5.65403E+00 4.49581E+02
 -1       202 2.31993E+00 7.04806E+00-1.33578E+01-2.13011E+05 2.27166E+01 3.39586E+02
 -1       203 1.55890E+01 1.60811E+01 1.96260E+01-2.11747E+05-5.10779E+00 1.91761E+02
 -1       320 1.02589E+05-1.70285E+04 4.03081E+03-2.55167E+04 4.07476E+03-5.95276E+03
 -1       321 6.94825E+04-2.75234E+04-5.30618E+03-4.45548E+04 4.86869E+03-3.95547E+03
 -1       322 3.65587E+04-3.78592E+04-1.43306E+04-6.34153E+04 5.66526E+03-1.97911E+03
 -1       323 8.39191E+06 4.00165E+05 2.46185E+06-1.68378E+05-3.05895E+03 6.40944E+05
 -1       324 7.52749E+06 6.37534E+04 2.12547E+06-1.88144E+05 3.74096E-01 6.12038E+05
 -1       325 6.66309E+06-2.72154E+05 1.78953E+06-2.10097E+05 3.05969E+03 5.83066E+05
 -1       326 1.02484E+05-1.69182E+04 4.10428E+03-2.55617E+04-4.06925E+03 6.07046E+03
 -1       327 6.93529E+04-2.75641E+04-5.26315E+03-4.46497E+04-4.88992E+03 4.08005E+03
 -1       328 3.64098E+04-3.80486E+04-1.43158E+04-6.35585E+04-5.70795E+03 2.11660E+03
 -1       329 8.33795E+06 3.99987E+05 2.44669E+06-1.62483E+05 3.80801E+03-6.42547E+05
 -1       330 7.47428E+06 6.38643E+04 2.11060E+06-1.82172E+05-3.71535E-01-6.13043E+05
 -1       331 6.61062E+06-2.71752E+05 1.77495E+06-2.04048E+05-3.80875E+03-5.83492E+05
 -1       332 8.27426E+05-9.86983E+03-4.64012E+03-2.65874E+04 1.51577E+03-8.72773E+03
 -1       333 7.58114E+05-1.01508E+04-4.76168E+03-4.56975E+04 1.30295E+03-5.99145E+03
 -1       334 6.88695E+05-1.04334E+04-4.92273E+03-6.46202E+04 1.08955E+03-3.26502E+03
 -1       335 1.66783E+06-1.36143E+03-1.06813E+03-2.71872E+04 7.89379E+01-8.76081E+03
 -1       336 1.52908E+06-1.24597E+03-8.97951E+02-4.65538E+04 1.23503E+02-5.94428E+03
 -1       337 1.39004E+06-1.13200E+03-7.23282E+02-6.57252E+04 1.67867E+02-3.12392E+03
 -1       338 2.50417E+06-1.47583E+02 6.12150E+00-2.72665E+04 1.02936E+02-8.21025E+03
 -1       339 2.29599E+06-1.80270E+02-2.01821E+01-4.64199E+04 7.49876E+01-5.50598E+03
 -1       340 2.08740E+06-2.12726E+02-4.82395E+01-6.53801E+04 4.75222E+01-2.80036E+03
 -1       341 3.34026E+06 1.68880E+02 8.36846E+01-2.68980E+04 1.32968E+01-8.40204E+03
 -1       342 3.06268E+06 4.93926E+01 2.15249E+01-4.61306E+04 2.31183E+01-5.59600E+03
 -1       343 2.78456E+06-7.08496E+01-4.36768E+01-6.51680E+04 3.16756E+01-2.78743E+03
 -1       344 4.17627E+06-8.57896E+02-6.17400E+02-2.77607E+04-1.74593E+02-7.85944E+03
 -1       345 3.82970E+06-4.26297E+02-3.11786E+02-4.68562E+04-1.10051E+02-5.33123E+03
 -1       346 3.48244E+06 1.32699E+01 1.77011E+01-6.57615E+04-4.45776E+01-2.80240E+03
 -1       347 5.01370E+06 1.31541E+03 2.39778E+03-2.62424E+04 3.90981E+02-9.35641E+03
 -1       348 4.59677E+06-5.28535E+01 1.29105E+03-4.55904E+04 2.16226E+02-5.93901E+03
 -1       349 4.17900E+06-1.44534E+03 1.12058E+02-6.47286E+04 4.36401E+01-2.51117E+03
 -1       350 5.84539E+06-1.37303E+04-9.11624E+03-3.62519E+04-2.89339E+03-6.52781E+03
 -1       351 5.36484E+06-7.36471E+03-3.99063E+03-5.47349E+04-2.40436E+03-5.83707E+03
 -1       352 4.88339E+06-9.22789E+02 1.34461E+03-7.30819E+04-1.91753E+03-5.16092E+03
 -1       353 6.69621E+06 6.56815E+03 5.62678E+04-4.32523E+04 6.06425E+03-3.11191E+04
 -1       354 6.13633E+06-1.21201E+04 4.01241E+04-6.24042E+04 5.05087E+03-2.19327E+04
 -1       355 5.57517E+06-3.09956E+04 2.34819E+04-8.11350E+04 4.03641E+03-1.27243E+04
 -1       356 7.64411E+06-1.04705E+05 8.52996E+04-7.27667E+04-5.23894E+04-1.04203E+05
 -1       357 7.07054E+06-2.14079E+04 1.54950E+05-8.70855E+04-5.11746E+04-1.15289E+05
 -1       358 6.49676E+06 6.24574E+04 2.25580E+05-1.02095E+05-4.99594E+04-1.26354E+05
 -1       359 4.26486E+05 8.83363E+03 3.94721E+03 7.56077E+03-1.52846E+03-7.89739E+03
 -1       361 3.55669E+05 9.74185E+03 4.50963E+03-3.09590E+04-9.41805E+02-3.09527E+03
 -1       362 1.25176E+06 1.15280E+03 9.07026E+02 7.43748E+03 8.62615E+01-8.63315E+03
 -1       364 1.04346E+06 8.65402E+02 5.47289E+02-3.03662E+04-7.54616E+01-3.11791E+03
 -1       365 2.08676E+06 1.29824E+02-4.01301E+01 7.72400E+03-6.03761E+01-8.73333E+03
 -1       367 1.73961E+06 2.45523E+02 8.88451E+01-3.05398E+04-3.88042E+01-3.25971E+03
 -1       368 2.92233E+06 5.82688E+01 4.98505E+01 7.57867E+03 8.37335E+00-8.71861E+03
 -1       370 2.43623E+06-4.31824E+01 2.10863E+00-3.06032E+04-1.27607E+01-3.21495E+03
 -1       371 3.75881E+06-1.55869E+02-2.28283E+02 7.25204E+03-3.85185E+01-8.66380E+03
 -1       373 3.13379E+06 6.37968E+01-5.43109E+01-3.08995E+04 3.08610E+01-3.28449E+03
 -1       374 4.59528E+06 8.61511E+02 8.73345E+02 8.56192E+03 2.42928E+02-8.68386E+03
 -1       376 3.83129E+06 4.46690E+01 2.20921E+02-2.97222E+04 1.27976E+02-2.94112E+03
 -1       377 5.43327E+06-1.53924E+03-3.43449E+03 5.21717E+03-7.60321E+02-8.85154E+03
 -1       379 4.53037E+06 1.79052E+03-8.47223E+02-3.27907E+04-4.48264E+02-4.01819E+03
 -1       380 6.27090E+06 1.39455E+04 1.47331E+04 2.09878E+04 3.79189E+03-4.20685E+03
 -1       382 5.22224E+06-8.63772E+02 2.03311E+03-1.78551E+04 3.27402E+03 1.73600E+03
 -1       383 7.09564E+06-1.75131E+04-7.81884E+04 2.71894E+03-9.92637E+03-1.34890E+04
 -1       385 5.92205E+06 3.40230E+04-3.24116E+04-3.69381E+04-9.71277E+03-3.71260E+03
 -1       386 7.75668E+06 1.18078E+05 5.33313E+04 9.47375E+04 6.21261E+04 1.98053E+05
 -1       388 6.36352E+06-1.03060E+05-1.45328E+05 6.71592E+04 6.64166E+04 1.50248E+05
 -1       389 1.01076E+05-1.80775E+04 3.33945E+03-2.11717E+04 2.11720E+01 6.51800E+01
 -1       391 3.50377E+04-3.90527E+04-1.50458E+04-5.91031E+04-2.92345E+00 7.42151E+01
 -1       392 8.26240E+05-9.81813E+03-4.62690E+03-2.65949E+04-1.46677E+03 9.16079E+03
 -1       393 7.56939E+05-1.00626E+04-4.73384E+03-4.56782E+04-1.24776E+03 6.41524E+03
 -1       394 6.87533E+05-1.03083E+04-4.87992E+03-6.45733E+04-1.02932E+03 3.67831E+03
 -1       395 1.66379E+06-1.21378E+03-8.68682E+02-2.71823E+04 4.00329E+01 9.45921E+03
 -1       396 1.52501E+06-1.10874E+03-7.52579E+02-4.65646E+04 5.36582E+00 6.62604E+03
 -1       397 1.38595E+06-1.00593E+03-6.32711E+02-6.57519E+04-2.95028E+01 3.79224E+03
 -1       398 2.49557E+06-1.54162E+02-6.21033E+01-2.72965E+04-6.32615E+01 9.19204E+03
 -1       399 2.28738E+06-2.15896E+02-9.72624E+01-4.64570E+04-5.93869E+01 6.45468E+03
 -1       400 2.07879E+06-2.77118E+02-1.33893E+02-6.54240E+04-5.50291E+01 3.71971E+03
 -1       401 3.32619E+06 2.61191E+01 7.00204E+01-2.68986E+04 2.23775E+00 9.45348E+03
 -1       402 3.04863E+06-2.11304E+01 1.74710E+01-4.61237E+04 1.78906E+01 6.63388E+03
 -1       403 2.77052E+06-6.97074E+01-3.86935E+01-6.51537E+04 3.22792E+01 3.81458E+03
 -1       404 4.15594E+06-9.83083E+02-5.71408E+02-2.77241E+04 1.85488E+02 9.13588E+03
 -1       405 3.80934E+06-6.20810E+02-3.15999E+02-4.68603E+04 1.38453E+02 6.56641E+03
 -1       406 3.46206E+06-2.51043E+02-3.71898E+01-6.58072E+04 9.23485E+01 4.00331E+03
 -1       407 4.98643E+06 1.18836E+03 2.10395E+03-2.62149E+04-5.07313E+02 1.07103E+04
 -1       408 4.56950E+06-2.70168E+02 1.06608E+03-4.55841E+04-3.59355E+02 7.26448E+03
 -1       409 4.15174E+06-1.75230E+03-4.34302E+01-6.47426E+04-2.09229E+02 3.81435E+03
 -1       410 5.81129E+06-1.36732E+04-8.67357E+03-3.62574E+04 3.00632E+03 7.86074E+03
 -1       411 5.33071E+06-7.22410E+03-3.62431E+03-5.47435E+04 2.56723E+03 7.14931E+03
 -1       412 4.84924E+06-6.98226E+02 1.63503E+03-7.30927E+04 2.12595E+03 6.45598E+03
 -1       413 6.65493E+06 6.90395E+03 5.54251E+04-4.29274E+04-5.97131E+03 3.26217E+04
 -1       414 6.09490E+06-1.17843E+04 3.92281E+04-6.20747E+04-5.03772E+03 2.33538E+04
 -1       415 5.53360E+06-3.06602E+04 2.25322E+04-8.08016E+04-4.10521E+03 1.40685E+04
 -1       416 7.59538E+06-1.04233E+05 8.94343E+04-7.20923E+04 5.20808E+04 1.06150E+05
 -1       417 7.02163E+06-2.10222E+04 1.59060E+05-8.64371E+04 5.10758E+04 1.16880E+05
 -1       418 6.44767E+06 6.27573E+04 2.29665E+05-1.01472E+05 5.00713E+04 1.27591E+05
 -1       419 4.25919E+05 8.81975E+03 3.98588E+03 7.59191E+03 1.51281E+03 7.93976E+03
 -1       421 3.55086E+05 9.61282E+03 4.53183E+03-3.09460E+04 9.16702E+02 3.12766E+03
 -1       422 1.24914E+06 1.05918E+03 9.58462E+02 7.41287E+03-7.18395E+01 8.73525E+03
 -1       424 1.04084E+06 8.00581E+02 5.61987E+02-3.03790E+04 1.19043E+02 3.19184E+03
 -1       425 2.08045E+06 7.09184E+01-7.68161E+00 7.71539E+03 8.61872E+01 8.88398E+03
 -1       427 1.73328E+06 1.49583E+02 6.07991E+01-3.05758E+04 6.03490E+01 3.37278E+03
 -1       428 2.91111E+06 1.01081E+02 7.40630E+01 7.57461E+03-4.09252E+01 8.88386E+03
 -1       430 2.42502E+06 4.05899E+01 2.48451E+01-3.06109E+04-2.44043E+01 3.33813E+03
 -1       431 3.74171E+06-1.18270E+02-1.36904E+02 7.24410E+03 5.52170E+01 8.85070E+03
 -1       433 3.11669E+06 1.10638E+02 2.80460E+00-3.09437E+04 1.88495E+01 3.43769E+03
 -1       434 4.57158E+06 9.50051E+02 8.38319E+02 8.58198E+03-2.50863E+02 8.92923E+03
 -1       436 3.80754E+06-3.86681E+01 1.92268E+02-2.97617E+04-1.54678E+02 3.12426E+03
 -1       437 5.40262E+06-1.50016E+03-3.33023E+03 5.22198E+03 7.73861E+02 9.07947E+03
 -1       439 4.49971E+06 1.82921E+03-7.44075E+02-3.28037E+04 4.80504E+02 4.18093E+03
 -1       440 6.23287E+06 1.37851E+04 1.43386E+04 2.08882E+04-3.74423E+03 4.48207E+03
 -1       442 5.18432E+06-8.30745E+02 1.61896E+03-1.79344E+04-3.24325E+03-1.51534E+03
 -1       443 7.04999E+06-1.77073E+04-7.68900E+04 2.42654E+03 9.82631E+03 1.33157E+04
 -1       445 5.87669E+06 3.39810E+04-3.09531E+04-3.72843E+04 9.76712E+03 3.64466E+03
 -1       446 7.70541E+06 1.17807E+05 4.77230E+04 9.42745E+04-6.18050E+04-1.97747E+05
 -1       448 6.31191E+06-1.03478E+05-1.51022E+05 6.67596E+04-6.66020E+04-1.49326E+05
 -1       449 8.34448E+06 3.44183E+05 2.43275E+06-2.72517E+05 3.74532E+02-1.23201E+03
 -1       451 6.61019E+06-3.30266E+05 1.75830E+06-3.15303E+05-3.74529E+02-6.46443E+02
 -1       452 8.26587E+05-9.58127E+03-4.64833E+03-2.14811E+04 2.56465E+01 2.31417E+02
 -1       454 6.87834E+05-1.01212E+04-4.92924E+03-5.94832E+04 3.12691E+01 2.19953E+02
 -1       455 1.66597E+06-1.40741E+03-9.95951E+02-2.20738E+04 1.49022E+01 3.73758E+02
 -1       457 1.38815E+06-1.19305E+03-7.09822E+02-6.06303E+04 2.45990E+01 3.58718E+02
 -1       458 2.50009E+06-5.95890E+01 3.07258E+00-2.19349E+04 2.09188E+01 5.23568E+02
 -1       460 2.08332E+06-1.55386E+02-6.17510E+01-6.00553E+04-2.67199E+00 4.93092E+02
 -1       461 3.33341E+06-5.35458E+01 1.10956E+01-2.19033E+04-7.29352E+00 5.67648E+02
 -1       463 2.77779E+06-1.96856E+02-8.24742E+01-6.01636E+04 1.69166E+01 5.54909E+02
 -1       464 4.16671E+06-4.84577E+02-3.98051E+02-2.17323E+04-1.72339E+01 6.79904E+02
 -1       466 3.47264E+06 2.34244E+02 1.03826E+02-5.97830E+04 1.20379E+00 6.44777E+02
 -1       467 4.99974E+06-1.32003E+02 1.65594E+03-2.32800E+04 3.22746E+01 7.28224E+02
 -1       469 4.16566E+06-2.74216E+03-3.20060E+02-6.17640E+04 7.64626E+00 7.01216E+02
 -1       470 5.83067E+06-1.00940E+04-7.36473E+03-2.50696E+04-3.31990E+01 7.06099E+02
 -1       472 4.86706E+06 2.18062E+03 2.40345E+03-6.19641E+04 1.45478E+01 6.84593E+02
 -1       473 6.67523E+06-1.57977E+03 5.32707E+04-4.96992E+04 3.40715E+01 8.45003E+02
 -1       475 5.55682E+06-3.80676E+04 2.15074E+04-8.74611E+04-4.67996E+01 7.69244E+02
 -1       476 7.62981E+06-8.49599E+04 9.54952E+04-6.95000E+04-1.05710E+02 8.43541E+02
 -1       478 6.48445E+06 8.29603E+04 2.36594E+05-9.92114E+04 1.04536E+02 4.89190E+02
 -1       479-3.64899E+04 3.78610E+04 1.41246E+04-6.34807E+04 5.58371E+03 2.18483E+03
 -1       480-6.94276E+04 2.74695E+04 5.06735E+03-4.46163E+04 4.78896E+03 4.17989E+03
 -1       481-1.02549E+05 1.69184E+04-4.30262E+03-2.55735E+04 3.99498E+03 6.19827E+03
 -1       482-6.61065E+06 2.71714E+05-1.77497E+06-2.04122E+05 3.80529E+03-5.83437E+05
 -1       483-7.47431E+06-6.39053E+04-2.11063E+06-1.82249E+05 3.71729E-01-6.12984E+05
 -1       484-8.33800E+06-4.00032E+05-2.44672E+06-1.62563E+05-3.80454E+03-6.42484E+05
 -1       485-3.65343E+04 3.79977E+04 1.42029E+04-6.35340E+04-5.63109E+03-1.94461E+03
 -1       486-6.94719E+04 2.75580E+04 5.11731E+03-4.46576E+04-4.81233E+03-3.91794E+03
 -1       487-1.02592E+05 1.69593E+04-4.28062E+03-2.56024E+04-3.99278E+03-5.91637E+03
 -1       488-6.66311E+06 2.72275E+05-1.78950E+06-2.10025E+05-3.05075E+03 5.83144E+05
 -1       489-7.52749E+06-6.36261E+04-2.12544E+06-1.88068E+05-3.74555E-01 6.12127E+05
 -1       490-8.39189E+06-4.00030E+05-2.46180E+06-1.68298E+05 3.05000E+03 6.41047E+05
 -1       491-6.87563E+05 1.02648E+04 4.87962E+03-6.46093E+04 9.31230E+02 3.66607E+03
 -1       492-7.56970E+05 1.00172E+04 4.70711E+03-4.57044E+04 1.15585E+03 6.40171E+03
 -1       493-8.26268E+05 9.77333E+03 4.57843E+03-2.66121E+04 1.38044E+03 9.14476E+03
 -1       494-1.38585E+06 1.18138E+03 7.55506E+02-6.58282E+04 1.35955E+02 3.80135E+03
 -1       495-1.52492E+06 1.23446E+03 8.93837E+02-4.66208E+04 5.69789E+01 6.62426E+03
 -1       496-1.66370E+06 1.28452E+03 1.01550E+03-2.72183E+04-2.21978E+01 9.44912E+03
 -1       497-2.07889E+06 5.42581E+01-8.05490E+00-6.53489E+04 3.08781E+01 3.77964E+03
 -1       498-2.28748E+06 3.46762E+01-4.02647E+01-4.63907E+04 4.84203E+01 6.52592E+03
 -1       499-2.49565E+06 1.76578E+01-6.39555E+01-2.72389E+04 6.59065E+01 9.27370E+03
 -1       500-2.77057E+06 2.59390E+01 3.36105E+00-6.52614E+04 1.93953E+01 3.86654E+03
 -1       501-3.04868E+06-6.11666E+01-5.79558E+01-4.61775E+04 2.71375E+01 6.70252E+03
 -1       502-3.32625E+06-1.47372E+02-1.16956E+02-2.68987E+04 3.54057E+01 9.54306E+03
 -1       503-3.46211E+06 1.10639E+02 2.66409E+01-6.58154E+04-5.92744E+01 4.06792E+03
 -1       504-3.80937E+06 4.96264E+02 3.39648E+02-4.68730E+04-1.08603E+02 6.64127E+03
 -1       505-4.15596E+06 8.75889E+02 6.33830E+02-2.77410E+04-1.59293E+02 9.22079E+03
 -1       506-4.15172E+06 1.84974E+03 6.05701E+01-6.48607E+04 1.01394E+02 3.81776E+03
 -1       507-4.56951E+06 3.60363E+02-1.12048E+03-4.56763E+04 2.90926E+02 7.26869E+03
 -1       508-4.98647E+06-1.10427E+03-2.22824E+03-2.62814E+04 4.79311E+02 1.07162E+04
 -1       509-4.84924E+06 5.46379E+02-1.66467E+03-7.31303E+04-2.03079E+03 6.51551E+03
 -1       510-5.33070E+06 7.06721E+03 3.63316E+03-5.47357E+04-2.49702E+03 7.22974E+03
 -1       511-5.81127E+06 1.35123E+04 8.72429E+03-3.62046E+04-2.96164E+03 7.96646E+03
 -1       512-5.53358E+06 3.06991E+04-2.24705E+04-8.07929E+04 4.12968E+03 1.40959E+04
 -1       513-6.09488E+06 1.17915E+04-3.91378E+04-6.20655E+04 5.06136E+03 2.33836E+04
 -1       514-6.65490E+06-6.92926E+03-5.53085E+04-4.29175E+04 5.99226E+03 3.26544E+04
 -1       515-6.44772E+06-6.28614E+04-2.29756E+05-1.01463E+05-5.01822E+04 1.27694E+05
 -1       516-7.02169E+06 2.09209E+04-1.59185E+05-8.63872E+04-5.11690E+04 1.17013E+05
 -1       517-7.59544E+06 1.04139E+05-8.95842E+04-7.20014E+04-5.21556E+04 1.06315E+05
 -1       518-3.55121E+05-9.69145E+03-4.54783E+03-3.09570E+04-9.35454E+02 3.14166E+03
 -1       520-4.25927E+05-8.78540E+03-3.97709E+03 7.54609E+03-1.50075E+03 7.95932E+03
 -1       521-1.04083E+06-8.27063E+02-5.59402E+02-3.03771E+04-1.18142E+02 3.20544E+03
 -1       523-1.24916E+06-1.14370E+03-9.68960E+02 7.44769E+03 2.90559E+01 8.75519E+03
 -1       524-1.73327E+06-2.47045E+02-7.58607E+01-3.05721E+04-2.80121E+01 3.40498E+03
 -1       526-2.08041E+06-1.66985E+02 2.66126E+01 7.72384E+03-8.55905E+01 8.94095E+03
 -1       527-2.42508E+06-2.01755E+00-3.71424E+01-3.06356E+04-2.05467E+01 3.39410E+03
 -1       529-2.91118E+06-6.50488E+01-1.02834E+02 7.59356E+03 1.10012E+01 8.96466E+03
 -1       530-3.11665E+06-7.98203E+01 1.19936E+01-3.09521E+04-2.32852E+01 3.48914E+03
 -1       532-3.74169E+06 1.08275E+02 1.45858E+02 7.28501E+03-6.93402E+01 8.93366E+03
 -1       533-3.80759E+06 5.86900E+01-2.08299E+02-2.97730E+04 1.24511E+02 3.16459E+03
 -1       535-4.57164E+06-9.20835E+02-8.91686E+02 8.59598E+03 2.56798E+02 8.98574E+03
 -1       536-4.49966E+06-1.74902E+03 7.62331E+02-3.28896E+04-4.42131E+02 4.22396E+03
 -1       538-5.40254E+06 1.59578E+03 3.36500E+03 5.20310E+03-7.16813E+02 9.15040E+03
 -1       539-5.18431E+06 8.00437E+02-1.62514E+03-1.79922E+04 3.27017E+03-1.46225E+03
 -1       541-6.23286E+06-1.38561E+04-1.42796E+04 2.08808E+04 3.74375E+03 4.55606E+03
 -1       542-5.87670E+06-3.40192E+04 3.09442E+04-3.73009E+04-9.76641E+03 3.68366E+03
 -1       544-7.04999E+06 1.76559E+04 7.69096E+04 2.44945E+03-9.80881E+03 1.33764E+04
 -1       545-6.31189E+06 1.03538E+05 1.51067E+05 6.67347E+04 6.66053E+04-1.49249E+05
 -1       547-7.70540E+06-1.17736E+05-4.76762E+04 9.42892E+04 6.18363E+04-1.97625E+05
 -1       548-3.50739E+04 3.90300E+04 1.48846E+04-5.91304E+04-3.82829E+01 1.27537E+02
 -1       550-1.01115E+05 1.80459E+04-3.56436E+03-2.12266E+04-1.34925E+01 1.51209E+02
 -1       551-6.88732E+05 1.02918E+04 4.91625E+03-6.45938E+04-1.05616E+03-3.26016E+03
 -1       552-7.58139E+05 1.00588E+04 4.79097E+03-4.56543E+04-1.27928E+03-5.98558E+03
 -1       553-8.27440E+05 9.82806E+03 4.70812E+03-2.65271E+04-1.50242E+03-8.72110E+03
 -1       554-1.39001E+06 1.18348E+03 7.39439E+02-6.56604E+04-1.74178E+02-3.11209E+03
 -1       555-1.52907E+06 1.24708E+03 8.79103E+02-4.65178E+04-1.00841E+02-5.92817E+03
 -1       556-1.66786E+06 1.30728E+03 1.00171E+03-2.71802E+04-2.77056E+01-8.73807E+03
 -1       557-2.08742E+06 1.79444E+02 2.31551E+01-6.53305E+04-1.77758E+01-2.82284E+03
 -1       558-2.29598E+06 1.79281E+02 2.29149E+01-4.63558E+04-5.47287E+01-5.54176E+03
 -1       559-2.50413E+06 1.81281E+02 3.07928E+01-2.71877E+04-9.17376E+01-8.26105E+03
 -1       560-2.78453E+06 1.64478E+02 5.97850E+01-6.50987E+04-3.17897E+01-2.67642E+03
 -1       561-3.06266E+06 4.05693E+01-1.96005E+01-4.60951E+04-2.87805E+01-5.46290E+03
 -1       562-3.34024E+06-8.32512E+01-9.74808E+01-2.68962E+04-2.52453E+01-8.24246E+03
 -1       563-3.48253E+06-2.47983E+02-4.69022E+01-6.56814E+04 4.94872E+01-2.79716E+03
 -1       564-3.82978E+06 2.25170E+02 3.07780E+02-4.67684E+04 9.82882E+01-5.33616E+03
 -1       565-4.17634E+06 6.92887E+02 6.44200E+02-2.76655E+04 1.45727E+02-7.87490E+03
 -1       566-4.17892E+06 1.60135E+03-4.40708E+01-6.47301E+04-8.95744E+01-2.45147E+03
 -1       567-4.59670E+06 1.79937E+02-1.21617E+03-4.55928E+04-2.55279E+02-5.86573E+03
 -1       568-5.01363E+06-1.21778E+03-2.31604E+03-2.62456E+04-4.22133E+02-9.26847E+03
 -1       569-4.88339E+06 8.80268E+02-1.34742E+03-7.30223E+04 2.06629E+03-5.10525E+03
 -1       570-5.36486E+06 7.31466E+03 3.93611E+03-5.47220E+04 2.51324E+03-5.76933E+03
 -1       571-5.84542E+06 1.36742E+04 9.01377E+03-3.62853E+04 2.96181E+03-6.44338E+03
 -1       572-5.57524E+06 3.07188E+04-2.34681E+04-8.11759E+04-4.03950E+03-1.26530E+04
 -1       573-6.13637E+06 1.19192E+04-4.00692E+04-6.24459E+04-5.02004E+03-2.18419E+04
 -1       574-6.69621E+06-6.69388E+03-5.61740E+04-4.32950E+04-6.00136E+03-3.10088E+04
 -1       575-6.49674E+06-6.23619E+04-2.25630E+05-1.01988E+05 5.00526E+04-1.26325E+05
 -1       576-7.07055E+06 2.14625E+04-1.55029E+05-8.70082E+04 5.12260E+04-1.15261E+05
 -1       577-7.64413E+06 1.04723E+05-8.53970E+04-7.27196E+04 5.23996E+04-1.04174E+05
 -1       578-3.55644E+05-9.70116E+03-4.49270E+03-3.09483E+04 9.04292E+02-3.09128E+03
 -1       580-4.26442E+05-8.82557E+03-3.90007E+03 7.60211E+03 1.50478E+03-7.90669E+03
 -1       581-1.04343E+06-8.35715E+02-5.38992E+02-3.03642E+04 6.55857E+01-3.09688E+03
 -1       583-1.25173E+06-1.11478E+03-8.87539E+02 7.43066E+03-8.26433E+01-8.59428E+03
 -1       584-1.73961E+06-2.91111E+02-9.63146E+01-3.05504E+04 2.44182E+01-3.25277E+03
 -1       586-2.08675E+06-1.93032E+02 2.75312E+01 7.70077E+03 6.46579E+01-8.71493E+03
 -1       587-2.43629E+06-2.10987E+01-2.37040E+01-3.05386E+04 2.70723E+01-3.17820E+03
 -1       589-2.92240E+06-1.14592E+02-8.85731E+01 7.62394E+03-6.08366E-01-8.67854E+03
 -1       590-3.13379E+06-5.69183E+01 5.53709E+01-3.08521E+04 1.39963E+01-3.25102E+03
 -1       592-3.75878E+06 1.96450E+02 2.27389E+02 7.26626E+03 6.13385E+01-8.62117E+03
 -1       593-3.83129E+06-1.79725E+01-2.03797E+02-2.97125E+04-1.29446E+02-2.89177E+03
 -1       595-4.59529E+06-8.37690E+02-8.32248E+02 8.58431E+03-2.54269E+02-8.60351E+03
 -1       596-4.53034E+06-1.75599E+03 8.54641E+02-3.27793E+04 4.42167E+02-3.95166E+03
 -1       598-5.43325E+06 1.54697E+03 3.42858E+03 5.18007E+03 7.25436E+02-8.75767E+03
 -1       599-5.22228E+06 7.38236E+02-2.05020E+03-1.78169E+04-3.24284E+03 1.80146E+03
 -1       601-6.27093E+06-1.40021E+04-1.47581E+04 2.09762E+04-3.76830E+03-4.12028E+03
 -1       602-5.92204E+06-3.41182E+04 3.24098E+04-3.68726E+04 9.71862E+03-3.65366E+03
 -1       604-7.09559E+06 1.74715E+04 7.82366E+04 2.75945E+03 9.92423E+03-1.34050E+04
 -1       605-6.36357E+06 1.03072E+05 1.45322E+05 6.71837E+04-6.64297E+04 1.50280E+05
 -1       607-7.75672E+06-1.18087E+05-5.33168E+04 9.47325E+04-6.21831E+04 1.98091E+05
 -1       608-6.61024E+06 3.30212E+05-1.75833E+06-3.15303E+05 3.77268E+02-5.79265E+02
 -1       610-8.34451E+06-3.44230E+05-2.43277E+06-2.72519E+05-3.77271E+02-1.14991E+03
 -1       611-6.87852E+05 1.00790E+04 4.94447E+03-5.94875E+04-2.03133E+01 2.16333E+02
 -1       613-8.26587E+05 9.59013E+03 4.67851E+03-2.14593E+04-1.88348E+01 2.25533E+02
 -1       614-1.38810E+06 1.27446E+03 7.64914E+02-6.05990E+04-2.04743E+01 3.69427E+02
 -1       616-1.66597E+06 1.38136E+03 1.01948E+03-2.20506E+04-2.63146E+01 3.79732E+02
 -1       617-2.08332E+06 1.68275E+02 3.39590E+01-6.00694E+04 2.50286E+01 5.12348E+02
 -1       619-2.50006E+06 1.48367E+02 7.30200E+00-2.19433E+04 5.56193E+00 5.40235E+02
 -1       620-2.77783E+06 1.60315E+02 4.94875E+01-6.01665E+04-9.10380E+00 6.36105E+02
 -1       622-3.33346E+06-2.48589E+01-6.39574E+01-2.18861E+04 2.17362E+00 6.91152E+02
 -1       623-3.47266E+06-2.79268E+02-6.81383E+01-5.97952E+04 5.90100E+00 6.80043E+02
 -1       625-4.16670E+06 4.91844E+02 4.99059E+02-2.17425E+04 4.01154E+00 7.17273E+02
 -1       626-4.16569E+06 2.64656E+03 2.77593E+02-6.17864E+04-1.04398E+01 7.32509E+02
 -1       628-4.99980E+06 1.30426E+00-1.76148E+03-2.32781E+04 1.22395E+01 7.73205E+02
 -1       629-4.86704E+06-2.21132E+03-2.39390E+03-6.19666E+04 2.68707E+01 7.42780E+02
 -1       631-5.83065E+06 1.00523E+04 7.36486E+03-2.50704E+04 9.20565E+00 7.99269E+02
 -1       632-5.55678E+06 3.81154E+04-2.14064E+04-8.74297E+04 3.17019E+01 8.18232E+02
 -1       634-6.67517E+06 1.66921E+03-5.31040E+04-4.96683E+04-1.79344E+01 9.18707E+02
 -1       635-6.48445E+06-8.29239E+04-2.36650E+05-9.92374E+04-9.09881E+01 5.54350E+02
 -1       637-7.62984E+06 8.49608E+04-9.56058E+04-6.95170E+04 9.58222E+01 9.40663E+02
 -3
    1PSTEP                         3           1           1          
  100CL  101 1.000000000         459                     0    1           1
 -4  TOSTRAIN    6    1
 -5  EXX         1    4    1    1
 -5  EYY         1    4    2    2
 -5  EZZ         1    4    3    3
 -5  EXY         1    4    1    2
 -5  EYZ         1    4    2    3
 -5  EZX         1    4    3    1
 -1         1 2.97067E-05 1.64280E-10 1.46179E-10-8.09338E-07 1.07198E-11 3.55392E-06
 -1         2-2.94758E-05-1.64344E-10-1.46019E-10-7.76344E-07 1.06879E-11-3.55618E-06
 -1         3-2.43117E-07 1.89092E-07 6.54436E-08-8.57147E-07 1.52743E-08 1.33172E-08
 -1         4 2.43717E-07-1.88965E-07-6.65189E-08-8.56567E-07 1.60751E-08-1.20633E-08
 -1         5-2.43616E-07 1.89549E-07 6.56937E-08-8.56684E-07-1.56330E-08-1.18530E-08
 -1         6 2.43241E-07-1.89034E-07-6.59970E-08-8.56828E-07-1.56238E-08 1.29013E-08
 -1         7-2.97069E-05-1.64282E-10-1.46178E-10-8.08877E-07-1.07200E-11 3.55439E-06
 -1         8 2.94757E-05 1.64343E-10 1.46020E-10-7.75890E-07-1.06881E-11-3.55652E-06
 -1         9 1.13048E-07-3.02709E-14 7.79441E-14 1.22624E-06 1.07947E-11 6.46469E-09
 -1        10 1.48704E-05-1.75702E-10-1.65345E-10 3.77553E-07 1.07650E-11 1.78242E-06
 -1        11-1.46419E-05 1.75642E-10 1.65502E-10 3.94041E-07 1.07350E-11-1.77579E-06
 -1        12-3.03141E-05 8.95767E-06 7.58690E-06-3.92534E-09-1.46303E-06 7.78322E-07
 -1        13-2.63620E-05 6.96755E-06 7.23037E-06-8.74978E-07 2.01564E-07 8.59178E-08
 -1        14-2.30907E-05 6.54893E-06 6.45717E-06-8.55923E-07-6.83348E-08 3.97136E-08
 -1        15-1.97732E-05 5.51150E-06 5.53359E-06-8.75852E-07 1.47925E-08 2.32702E-08
 -1        16-1.64868E-05 4.62405E-06 4.61624E-06-8.73245E-07-3.80612E-09 2.47950E-08
 -1        17-1.31936E-05 3.69218E-06 3.69417E-06-8.73965E-07 6.55889E-10 2.35676E-08
 -1        18-9.89980E-06 2.77151E-06 2.77182E-06-8.73384E-07-2.81340E-10 2.30379E-08
 -1        19-6.60204E-06 1.85345E-06 1.84987E-06-8.70272E-07-6.53730E-10 2.31702E-08
 -1        20-3.29439E-06 9.36101E-07 9.26326E-07-8.62942E-07 4.58383E-09 2.23457E-08
 -1        21-3.03953E-05 7.59789E-06 8.99697E-06-4.49309E-07 1.86282E-06-9.09708E-07
 -1        22-2.79794E-05 8.35413E-06 8.02809E-06-1.87913E-07-3.21776E-07 2.24529E-08
 -1        23-2.46854E-05 6.79695E-06 6.90342E-06-1.34434E-07 9.63490E-08-8.91273E-09
 -1        24-2.14250E-05 6.03249E-06 6.00534E-06-1.38527E-07-2.19124E-08 2.57461E-08
 -1        25-1.81307E-05 5.06739E-06 5.07557E-06-1.36014E-07 5.54103E-09 1.92890E-08
 -1        26-1.48407E-05 4.15796E-06 4.15558E-06-1.36612E-07-1.51343E-09 2.12672E-08
 -1        27-1.15476E-05 3.23251E-06 3.23318E-06-1.36564E-07 4.66984E-10 2.06879E-08
 -1        28-8.25301E-06 2.31156E-06 2.31093E-06-1.35835E-07-3.34223E-10 2.07542E-08
 -1        29-4.95435E-06 1.38184E-06 1.38618E-06-1.40769E-07 1.00744E-09 1.95380E-08
 -1        30-1.67202E-06 4.55695E-07 4.64747E-07-1.36117E-07-5.48801E-09 1.91493E-08
 -1        31 9.49486E-11 2.50007E-10-4.46276E-11-1.37179E-06-1.59891E-08 4.89746E-10
 -1        32 1.17867E-07-1.45276E-07-2.13403E-08-1.12694E-06 1.23714E-10-7.60468E-09
 -1        33-1.17510E-07 1.45590E-07 2.09012E-08-1.12732E-06-4.22499E-10 8.69216E-09
 -1        34 3.05537E-05-9.01250E-06-7.67164E-06 2.44292E-09-1.47086E-06-7.70154E-07
 -1        35 2.65592E-05-7.02511E-06-7.28062E-06-8.73895E-07 2.03318E-07-7.75573E-08
 -1        36 2.32543E-05-6.59599E-06-6.50372E-06-8.55143E-07-6.83976E-08-3.14571E-08
 -1        37 1.99023E-05-5.54645E-06-5.56968E-06-8.75240E-07 1.43344E-08-1.53062E-08
 -1        38 1.65835E-05-4.65006E-06-4.64331E-06-8.72593E-07-3.90971E-09-1.70814E-08
 -1        39 1.32603E-05-3.71099E-06-3.71296E-06-8.73145E-07 8.48752E-10-1.69901E-08
 -1        40 9.94061E-06-2.78375E-06-2.78322E-06-8.73294E-07 9.57209E-11-1.70689E-08
 -1        41 6.62189E-06-1.85943E-06-1.85537E-06-8.69886E-07-4.68566E-10-1.90411E-08
 -1        42 3.30006E-06-9.38051E-07-9.27816E-07-8.63007E-07 4.95561E-09-1.99012E-08
 -1        43 3.06328E-05-7.67767E-06-9.03912E-06-4.54349E-07 1.87347E-06 9.15801E-07
 -1        44 2.81973E-05-8.41339E-06-8.09556E-06-1.88175E-07-3.23733E-07-2.26293E-08
 -1        45 2.48656E-05-6.84783E-06-6.95196E-06-1.33511E-07 9.67920E-08 1.05813E-08
 -1        46 2.15714E-05-6.07334E-06-6.04675E-06-1.37567E-07-2.21614E-08-2.44919E-08
 -1        47 1.82434E-05-5.09899E-06-5.10726E-06-1.35489E-07 5.76696E-09-1.79270E-08
 -1        48 1.49224E-05-4.18065E-06-4.17861E-06-1.36075E-07-1.38519E-09-2.00199E-08
 -1        49 1.16009E-05-3.24739E-06-3.24816E-06-1.36185E-07 3.91219E-10-1.95960E-08
 -1        50 8.28320E-06-2.31982E-06-2.31933E-06-1.35360E-07-4.07520E-10-1.98688E-08
 -1        51 4.96683E-06-1.38562E-06-1.38979E-06-1.40477E-07 1.09287E-09-1.90045E-08
 -1        52 1.67461E-06-4.56592E-07-4.65727E-07-1.35998E-07-5.34512E-09-1.88665E-08
 -1        53-2.38856E-07 2.05245E-07 6.55899E-08-7.65591E-07-1.60176E-10 7.77364E-10
 -1        54-2.33333E-10 8.98305E-11 5.23207E-11-1.37141E-06 1.57558E-08 4.34727E-10
 -1        55 1.17519E-07-1.45397E-07-2.10309E-08-1.12691E-06 1.15767E-10 8.50617E-09
 -1        56-1.17917E-07 1.45744E-07 2.10748E-08-1.12686E-06 2.73477E-11-7.52858E-09
 -1        57 2.38929E-07-2.05163E-07-6.62792E-08-7.65574E-07 1.72506E-10 4.52357E-10
 -1        58-3.30004E-06 9.37651E-07 9.28023E-07-8.62718E-07-4.80077E-09-1.98715E-08
 -1        59-6.62182E-06 1.85950E-06 1.85533E-06-8.69941E-07 6.83386E-10-1.89690E-08
 -1        60-9.94065E-06 2.78373E-06 2.78318E-06-8.73138E-07-2.23781E-11-1.72060E-08
 -1        61-1.32603E-05 3.71129E-06 3.71287E-06-8.72508E-07-1.05744E-09-1.63135E-08
 -1        62-1.65835E-05 4.64930E-06 4.64361E-06-8.72504E-07 4.13246E-09-1.70494E-08
 -1        63-1.99022E-05 5.54637E-06 5.56970E-06-8.75065E-07-1.46316E-08-1.49423E-08
 -1        64-2.32542E-05 6.59564E-06 6.50377E-06-8.54776E-07 6.87007E-08-3.11178E-08
 -1        65-2.65592E-05 7.02407E-06 7.28114E-06-8.74165E-07-2.03187E-07-7.71228E-08
 -1        66-3.05537E-05 9.01314E-06 7.67124E-06 2.86665E-09 1.47083E-06-7.69978E-07
 -1        67-1.67457E-06 4.56734E-07 4.65720E-07-1.36038E-07 5.45676E-09-1.88422E-08
 -1        68-4.96677E-06 1.38558E-06 1.38976E-06-1.40308E-07-1.05514E-09-1.88763E-08
 -1        69-8.28311E-06 2.31971E-06 2.31934E-06-1.35116E-07 4.57749E-10-1.98265E-08
 -1        70-1.16010E-05 3.24720E-06 3.24821E-06-1.35880E-07-3.59521E-10-1.93720E-08
 -1        71-1.49224E-05 4.18072E-06 4.17861E-06-1.35837E-07 1.34548E-09-1.98159E-08
 -1        72-1.82435E-05 5.09885E-06 5.10731E-06-1.35082E-07-5.71584E-09-1.76262E-08
 -1        73-2.15712E-05 6.07347E-06 6.04670E-06-1.37395E-07 2.21188E-08-2.40864E-08
 -1        74-2.48656E-05 6.84764E-06 6.95211E-06-1.33328E-07-9.68757E-08 1.09803E-08
 -1        75-2.81971E-05 8.41320E-06 8.09565E-06-1.87941E-07 3.23704E-07-2.22701E-08
 -1        76-3.06331E-05 7.67785E-06 9.03914E-06-4.54032E-07-1.87345E-06 9.15992E-07
 -1        77-1.13190E-07 2.92668E-14-7.74405E-14 1.22668E-06-1.07956E-11 6.50506E-09
 -1        78 1.46418E-05-1.75640E-10-1.65502E-10 3.94484E-07-1.07338E-11-1.77592E-06
 -1        79-1.48707E-05 1.75703E-10 1.65345E-10 3.78010E-07-1.07644E-11 1.78267E-06
 -1        80 3.29430E-06-9.36719E-07-9.26228E-07-8.62778E-07-4.75144E-09 2.24202E-08
 -1        81 6.60214E-06-1.85346E-06-1.84966E-06-8.70208E-07 1.02189E-09 2.31147E-08
 -1        82 9.89980E-06-2.77209E-06-2.77206E-06-8.73747E-07-1.47005E-10 2.26727E-08
 -1        83 1.31935E-05-3.69238E-06-3.69422E-06-8.73008E-07-7.63672E-10 2.32509E-08
 -1        84 1.64868E-05-4.62418E-06-4.61604E-06-8.73407E-07 3.64369E-09 2.44012E-08
 -1        85 1.97731E-05-5.51121E-06-5.53367E-06-8.75388E-07-1.49084E-08 2.32494E-08
 -1        86 2.30910E-05-6.54903E-06-6.45710E-06-8.55251E-07 6.85551E-08 3.93508E-08
 -1        87 2.63620E-05-6.96764E-06-7.23015E-06-8.74574E-07-2.01474E-07 8.57505E-08
 -1        88 3.03141E-05-8.95783E-06-7.58713E-06-3.79573E-09 1.46271E-06 7.77694E-07
 -1        89 1.67198E-06-4.55929E-07-4.64672E-07-1.36068E-07 5.49249E-09 1.90639E-08
 -1        90 4.95443E-06-1.38214E-06-1.38614E-06-1.40665E-07-1.12342E-09 1.94551E-08
 -1        91 8.25322E-06-2.31160E-06-2.31089E-06-1.35643E-07 3.12551E-10 2.05580E-08
 -1        92 1.15473E-05-3.23229E-06-3.23321E-06-1.36349E-07-4.00072E-10 2.03468E-08
 -1        93 1.48408E-05-4.15810E-06-4.15561E-06-1.36237E-07 1.36596E-09 2.09537E-08
 -1        94 1.81304E-05-5.06731E-06-5.07562E-06-1.35778E-07-5.52110E-09 1.90432E-08
 -1        95 2.14252E-05-6.03226E-06-6.00544E-06-1.38013E-07 2.19969E-08 2.54838E-08
 -1        96 2.46855E-05-6.79712E-06-6.90342E-06-1.34005E-07-9.65812E-08-9.23633E-09
 -1        97 2.79794E-05-8.35418E-06-8.02807E-06-1.87690E-07 3.21523E-07 2.22152E-08
 -1        98 3.03952E-05-7.59789E-06-8.99687E-06-4.49068E-07-1.86286E-06-9.10179E-07
 -1        99-2.95723E-05 1.65580E-10 1.66385E-10-1.44971E-06-4.20635E-14-3.53069E-09
 -1       100 2.95722E-05-1.65579E-10-1.66385E-10-1.44972E-06 4.31534E-14-3.94014E-09
 -1       101 1.20560E-07-2.71028E-08-4.28113E-08-1.10986E-06-1.43997E-06 1.01085E-09
 -1       102 9.90422E-08-2.87013E-08-2.51671E-08-1.45706E-06 1.96988E-07 3.76999E-09
 -1       103 8.18679E-08-2.35650E-08-2.33270E-08-1.38473E-06-6.68884E-08 3.84204E-09
 -1       104 6.45354E-08-1.73646E-08-1.79667E-08-1.40826E-06 1.42712E-08 3.68443E-09
 -1       105 4.82404E-08-1.30947E-08-1.36589E-08-1.40085E-06-3.91047E-09 3.41496E-09
 -1       106 3.33691E-08-9.50735E-09-9.20772E-09-1.40333E-06 8.66680E-10 3.01985E-09
 -1       107 2.03611E-08-6.02620E-09-5.63942E-09-1.40188E-06 3.48505E-10 2.53724E-09
 -1       108 9.96230E-09-2.91437E-09-2.86297E-09-1.40419E-06-2.11449E-09 1.96521E-09
 -1       109 2.85204E-09-6.46763E-10-7.21110E-10-1.39597E-06 1.13915E-08 1.01150E-09
 -1       110 1.53233E-05-3.60017E-06-3.87001E-06-5.01664E-07-1.45384E-06-3.84706E-07
 -1       111 1.19341E-07-3.97306E-08-2.13437E-08-3.29177E-07 1.88160E-06 5.71868E-09
 -1       112 1.33357E-05-3.65826E-06-3.64718E-06-1.19808E-06 1.99799E-07-3.76736E-08
 -1       113 1.08471E-07-2.94322E-08-3.39448E-08-7.41502E-07-3.12005E-07 6.41359E-11
 -1       114 1.16688E-05-3.26555E-06-3.26622E-06-1.12952E-06-6.75791E-08-1.35710E-08
 -1       115 9.00104E-08-2.54201E-08-2.42738E-08-6.52453E-07 9.46544E-08 5.31759E-10
 -1       116 9.98399E-06-2.79304E-06-2.79307E-06-1.15749E-06 1.42658E-08-6.05403E-09
 -1       117 7.31547E-08-2.03924E-08-2.07309E-08-6.66961E-07-2.14183E-08 1.76772E-10
 -1       118 8.31648E-06-2.32900E-06-2.32897E-06-1.15089E-06-3.88647E-09-6.85514E-09
 -1       119 5.64339E-08-1.57930E-08-1.59019E-08-6.65447E-07 5.51688E-09 2.80525E-10
 -1       120 6.64728E-06-1.86097E-06-1.86105E-06-1.15285E-06 9.06987E-10-7.07239E-09
 -1       121 4.08080E-08-1.14422E-08-1.15049E-08-6.65438E-07-1.38339E-09 2.92706E-10
 -1       122 4.98073E-06-1.39523E-06-1.39468E-06-1.15203E-06 2.24464E-10-7.39066E-09
 -1       123 2.66650E-08-7.44180E-09-7.48151E-09-6.65341E-07 5.90373E-10 2.32080E-10
 -1       124 3.31645E-06-9.30668E-07-9.28494E-07-1.15172E-06-1.31049E-09-8.41909E-09
 -1       125 1.50168E-08-4.04438E-09-4.27383E-09-6.65834E-07-9.76599E-10 2.22570E-10
 -1       126 1.64997E-06-4.86326E-07-4.66967E-07-1.14337E-06 8.21573E-09-1.02043E-08
 -1       127 6.27743E-09-1.68506E-09-1.81624E-09-6.63578E-07 3.59761E-09 3.61931E-11
 -1       128 1.18311E-09-1.91417E-10-4.56416E-10-6.71834E-07-1.79372E-08 5.06121E-11
 -1       129-1.50830E-05 3.54565E-06 3.78487E-06-5.03811E-07-1.45306E-06 3.90175E-07
 -1       130-1.31380E-05 3.60078E-06 3.59675E-06-1.19859E-06 1.99605E-07 4.52797E-08
 -1       131-1.15052E-05 3.21845E-06 3.21962E-06-1.13004E-06-6.76625E-08 2.13257E-08
 -1       132-9.85488E-06 2.75820E-06 2.75714E-06-1.15798E-06 1.45567E-08 1.34559E-08
 -1       133-8.21994E-06 2.30290E-06 2.30174E-06-1.15122E-06-3.89938E-09 1.39362E-08
 -1       134-6.58054E-06 1.84206E-06 1.84249E-06-1.15330E-06 7.28689E-10 1.31997E-08
 -1       135-4.93997E-06 1.38309E-06 1.38335E-06-1.15210E-06 2.72831E-11 1.27259E-08
 -1       136-3.29658E-06 9.24766E-07 9.22890E-07-1.15194E-06-1.35612E-09 1.23472E-08
 -1       137-1.64429E-06 4.84704E-07 4.65452E-07-1.14335E-06 7.95486E-09 1.23397E-08
 -1       138-3.48428E-11 5.03066E-11 3.84512E-12-1.27788E-06-1.33644E-10 5.07507E-10
 -1       139-2.80114E-09 4.23088E-10 8.23572E-10-1.39586E-06-1.14674E-08 1.15491E-09
 -1       140-9.90359E-09 2.98468E-09 2.71077E-09-1.40388E-06 2.42237E-09 1.86739E-09
 -1       141-2.03658E-08 5.95004E-09 5.72695E-09-1.40187E-06-3.04684E-10 2.53857E-09
 -1       142-3.34616E-08 9.63483E-09 9.31138E-09-1.40247E-06-7.52107E-10 3.04374E-09
 -1       143-4.83175E-08 1.26725E-08 1.37699E-08-1.40050E-06 3.79645E-09 3.41414E-09
 -1       144-6.44823E-08 1.74549E-08 1.81921E-08-1.40751E-06-1.46300E-08 3.71707E-09
 -1       145-8.17780E-08 2.31227E-08 2.33811E-08-1.38383E-06 6.71733E-08 3.74448E-09
 -1       146-9.90113E-08 2.83583E-08 2.51341E-08-1.45659E-06-1.96835E-07 3.48024E-09
 -1       147-1.20547E-07 2.70427E-08 4.26392E-08-1.10867E-06 1.44009E-06 1.06349E-09
 -1       148 1.64427E-06-4.85104E-07-4.65401E-07-1.14321E-06-8.10326E-09 1.24372E-08
 -1       149-1.26691E-09 2.96883E-10 3.64402E-10-6.71738E-07 1.78215E-08 5.94540E-11
 -1       150 3.29665E-06-9.24685E-07-9.22852E-07-1.15174E-06 1.77157E-09 1.22967E-08
 -1       151-6.17079E-09 1.67844E-09 1.74297E-09-6.63363E-07-3.63690E-09 9.80873E-11
 -1       152 4.93998E-06-1.38359E-06-1.38342E-06-1.15232E-06-2.76930E-10 1.25474E-08
 -1       153-1.49657E-08 4.10464E-09 4.19623E-09-6.65501E-07 1.01032E-09 1.43457E-10
 -1       154 6.58043E-06-1.84209E-06-1.84243E-06-1.15238E-06-7.20710E-10 1.30810E-08
 -1       155-2.67864E-08 7.61098E-09 7.46123E-09-6.64931E-07-5.27137E-10 2.39167E-10
 -1       156 8.21987E-06-2.30316E-06-2.30162E-06-1.15115E-06 3.74238E-09 1.37874E-08
 -1       157-4.08272E-08 1.14581E-08 1.14691E-08-6.64817E-07 1.42416E-09 3.00070E-10
 -1       158 9.85488E-06-2.75802E-06-2.75699E-06-1.15732E-06-1.47971E-08 1.35079E-08
 -1       159-5.64572E-08 1.57618E-08 1.58919E-08-6.64746E-07-5.55900E-09 2.81038E-10
 -1       160 1.15053E-05-3.21855E-06-3.21955E-06-1.12924E-06 6.79342E-08 2.11565E-08
 -1       161-7.30667E-08 2.04487E-08 2.07025E-08-6.66185E-07 2.14264E-08 1.71468E-10
 -1       162 1.31380E-05-3.60096E-06-3.59680E-06-1.19803E-06-1.99549E-07 4.50937E-08
 -1       163-8.98707E-08 2.52390E-08 2.42309E-08-6.51752E-07-9.46365E-08 3.65970E-10
 -1       164 1.50830E-05-3.54581E-06-3.78503E-06-5.03200E-07 1.45298E-06 3.89995E-07
 -1       165-1.08558E-07 2.92778E-08 3.39310E-08-7.40703E-07 3.12015E-07-2.09233E-11
 -1       166-1.19410E-07 3.96707E-08 2.13815E-08-3.28414E-07-1.88152E-06 5.72889E-09
 -1       167-1.64993E-06 4.85993E-07 4.67073E-07-1.14317E-06-8.13089E-09-1.00893E-08
 -1       168-3.31638E-06 9.30690E-07 9.28409E-07-1.15161E-06 1.51247E-09-8.46465E-09
 -1       169-4.98075E-06 1.39536E-06 1.39471E-06-1.15190E-06-1.16393E-10-7.46469E-09
 -1       170-6.64732E-06 1.86118E-06 1.86109E-06-1.15210E-06-9.25278E-10-6.74490E-09
 -1       171-8.31655E-06 2.32839E-06 2.32914E-06-1.15064E-06 3.92467E-09-6.89345E-09
 -1       172-9.98392E-06 2.79305E-06 2.79327E-06-1.15709E-06-1.46152E-08-5.90695E-09
 -1       173-1.16688E-05 3.26498E-06 3.26627E-06-1.12889E-06 6.78801E-08-1.34844E-08
 -1       174-1.33356E-05 3.65753E-06 3.64729E-06-1.19810E-06-1.99642E-07-3.76477E-08
 -1       175-1.53233E-05 3.60050E-06 3.86976E-06-5.00816E-07 1.45390E-06-3.84716E-07
 -1       176-7.93406E-11 7.22214E-16-1.01017E-16 5.66433E-07 1.88114E-16 3.81474E-09
 -1       177 3.04515E-05-8.96211E-06-7.62972E-06-2.56247E-07-3.95804E-09 2.98178E-09
 -1       178 2.64824E-05-7.01510E-06-7.25572E-06-6.87289E-07 9.01883E-10 4.68871E-09
 -1       179 2.31697E-05-6.56435E-06-6.48070E-06-7.71392E-07 8.96627E-11 4.17274E-09
 -1       180 1.98400E-05-5.53265E-06-5.55193E-06-7.64398E-07-2.69084E-10 4.27407E-09
 -1       181 1.65355E-05-4.63593E-06-4.62988E-06-7.68653E-07-1.13670E-10 3.93006E-09
 -1       182 1.32276E-05-3.70248E-06-3.70375E-06-7.67165E-07 1.52763E-11 3.38229E-09
 -1       183 9.92057E-06-2.77766E-06-2.77776E-06-7.67979E-07 4.91041E-14 3.00551E-09
 -1       184 6.61257E-06-1.85768E-06-1.85260E-06-7.64169E-07 2.59492E-10 2.18646E-09
 -1       185 3.29538E-06-9.33374E-07-9.27064E-07-7.58522E-07 9.67565E-11 1.34066E-09
 -1       186-3.04515E-05 8.96235E-06 7.62940E-06-2.56264E-07 3.76437E-09 3.37894E-09
 -1       187-2.64824E-05 7.01504E-06 7.25609E-06-6.87418E-07-7.51790E-10 4.98729E-09
 -1       188-2.31696E-05 6.56416E-06 6.48076E-06-7.71448E-07 1.69854E-10 4.52740E-09
 -1       189-1.98400E-05 5.53240E-06 5.55190E-06-7.64495E-07 7.38178E-11 4.46479E-09
 -1       190-1.65356E-05 4.63582E-06 4.63013E-06-7.68627E-07 1.54665E-10 4.14500E-09
 -1       191-1.32277E-05 3.70233E-06 3.70369E-06-7.67248E-07-1.78594E-10 3.87719E-09
 -1       192-9.92057E-06 2.77749E-06 2.77762E-06-7.67856E-07-1.52447E-10 3.12287E-09
 -1       193-6.61252E-06 1.85774E-06 1.85269E-06-7.64172E-07 1.03668E-12 2.25173E-09
 -1       194-3.29542E-06 9.33147E-07 9.27216E-07-7.58524E-07-8.94603E-11 1.31859E-09
 -1       195 2.30061E-11-2.99226E-11-8.60364E-11-1.36375E-06 4.91271E-11 2.51400E-10
 -1       196 2.47611E-11 8.02439E-11-1.65315E-11-1.26884E-06 9.62267E-11 4.23065E-09
 -1       197 2.62314E-11-2.05697E-10 2.70575E-11-1.30138E-06 1.41333E-10 4.01441E-09
 -1       198 2.13527E-11-1.36808E-10 1.12740E-10-1.29650E-06-1.73720E-10 4.00216E-09
 -1       199-3.77623E-11-4.45170E-11 5.55151E-11-1.29655E-06-5.15919E-11 3.69033E-09
 -1       200-4.63245E-11-3.37069E-11 5.18347E-11-1.29689E-06 5.47446E-11 3.28291E-09
 -1       201 4.96015E-12 2.56640E-11 4.37669E-11-1.29636E-06 3.44626E-11 2.74030E-09
 -1       202 1.94602E-11 4.82793E-11-7.60991E-11-1.29835E-06 1.38463E-10 2.06986E-09
 -1       203 2.66241E-11 2.96231E-11 5.12303E-11-1.29065E-06-3.11332E-11 1.16883E-09
 -1       320 5.05848E-07-2.23247E-07-9.48859E-08-1.55530E-07 2.48366E-08-3.62835E-08
 -1       321 3.74642E-07-2.16632E-07-8.12131E-08-2.71572E-07 2.96758E-08-2.41095E-08
 -1       322 2.43675E-07-2.09919E-07-6.65070E-08-3.86531E-07 3.45311E-08-1.20631E-08
 -1       323 3.61455E-05-1.25661E-05 3.19953E-10-1.02630E-06-1.86450E-08 3.90671E-06
 -1       324 3.29262E-05-1.25670E-05-3.56220E-10-1.14678E-06 2.28021E-12 3.73052E-06
 -1       325 2.97059E-05-1.25661E-05 3.16976E-10-1.28059E-06 1.86496E-08 3.55393E-06
 -1       326 5.05105E-07-2.22681E-07-9.45436E-08-1.55805E-07-2.48031E-08 3.70009E-08
 -1       327 3.74022E-07-2.16711E-07-8.07810E-08-2.72150E-07-2.98052E-08 2.48689E-08
 -1       328 2.43199E-07-2.10643E-07-6.59851E-08-3.87404E-07-3.47913E-08 1.29012E-08
 -1       329 3.59090E-05-1.24748E-05 3.19796E-10-9.90372E-07 2.32107E-08-3.91647E-06
 -1       330 3.26925E-05-1.24757E-05-3.56376E-10-1.11038E-06-2.26460E-12-3.73664E-06
 -1       331 2.94749E-05-1.24748E-05 3.16821E-10-1.24372E-06-2.32153E-08-3.55653E-06
 -1       332 3.95947E-06-1.14405E-06-1.11217E-06-1.62057E-07 9.23896E-09-5.31976E-08
 -1       333 3.62995E-06-1.05281E-06-1.01996E-06-2.78537E-07 7.94177E-09-3.65193E-08
 -1       334 3.29998E-06-9.61380E-07-9.27791E-07-3.93876E-07 6.64109E-09-1.99011E-08
 -1       335 7.94530E-06-2.22884E-06-2.22705E-06-1.65712E-07 4.81145E-10-5.33992E-08
 -1       336 7.28419E-06-2.04351E-06-2.04139E-06-2.83756E-07 7.52782E-10-3.62318E-08
 -1       337 6.62171E-06-1.85781E-06-1.85532E-06-4.00611E-07 1.02319E-09-1.90410E-08
 -1       338 1.19248E-05-3.33960E-06-3.33866E-06-1.66196E-07 6.27420E-10-5.00435E-08
 -1       339 1.09335E-05-3.06215E-06-3.06117E-06-2.82940E-07 4.57067E-10-3.35602E-08
 -1       340 9.94035E-06-2.78415E-06-2.78315E-06-3.98507E-07 2.89659E-10-1.70688E-08
 -1       341 1.59056E-05-4.45298E-06-4.45350E-06-1.63950E-07 8.10475E-11-5.12124E-08
 -1       342 1.45841E-05-4.08337E-06-4.08354E-06-2.81177E-07 1.40912E-10-3.41089E-08
 -1       343 1.32600E-05-3.71302E-06-3.71286E-06-3.97215E-07 1.93070E-10-1.69900E-08
 -1       344 1.98890E-05-5.57162E-06-5.57015E-06-1.69208E-07-1.06419E-09-4.79051E-08
 -1       345 1.82376E-05-5.10788E-06-5.10718E-06-2.85599E-07-6.70785E-10-3.24951E-08
 -1       346 1.65830E-05-4.64322E-06-4.64319E-06-4.00832E-07-2.71711E-10-1.70813E-08
 -1       347 2.38698E-05-6.68187E-06-6.67527E-06-1.59954E-07 2.38312E-09-5.70295E-08
 -1       348 2.18877E-05-6.13100E-06-6.12281E-06-2.77885E-07 1.31795E-09-3.61997E-08
 -1       349 1.99018E-05-5.57903E-06-5.56954E-06-3.94536E-07 2.65997E-10-1.53062E-08
 -1       350 2.78656E-05-7.84707E-06-7.81895E-06-2.20964E-07-1.76359E-08-3.97886E-08
 -1       351 2.55620E-05-7.18287E-06-7.16230E-06-3.33622E-07-1.46551E-08-3.55783E-08
 -1       352 2.32537E-05-6.51737E-06-6.50355E-06-4.45451E-07-1.16878E-08-3.14570E-08
 -1       353 3.18029E-05-8.97202E-06-8.66909E-06-2.63633E-07 3.69631E-08-1.89678E-07
 -1       354 2.91833E-05-8.29298E-06-7.97454E-06-3.80368E-07 3.07863E-08-1.33685E-07
 -1       355 2.65585E-05-7.61247E-06-7.28042E-06-4.94537E-07 2.46029E-08-7.75577E-08
 -1       356 3.64264E-05-1.08045E-05-9.64635E-06-4.43530E-07-3.19326E-07-6.35144E-07
 -1       357 3.34912E-05-9.73594E-06-8.66099E-06-5.30807E-07-3.11922E-07-7.02712E-07
 -1       358 3.05529E-05-8.66571E-06-7.67144E-06-6.22290E-07-3.04514E-07-7.70159E-07
 -1       359 2.01385E-06-5.31847E-07-5.61630E-07 4.60847E-08-9.31635E-09-4.81365E-08
 -1       361 1.67466E-06-4.33848E-07-4.65740E-07-1.88702E-07-5.74052E-09-1.88664E-08
 -1       362 5.95801E-06-1.66473E-06-1.66623E-06 4.53332E-08 5.25785E-10-5.26211E-08
 -1       364 4.96697E-06-1.38789E-06-1.38983E-06-1.85089E-07-4.59957E-10-1.90044E-08
 -1       365 9.93682E-06-2.78167E-06-2.78271E-06 4.70796E-08-3.68007E-10-5.32318E-08
 -1       367 8.28343E-06-2.31843E-06-2.31939E-06-1.86147E-07-2.36521E-10-1.98687E-08
 -1       368 1.39157E-05-3.89622E-06-3.89628E-06 4.61938E-08 5.10375E-11-5.31420E-08
 -1       370 1.16012E-05-3.24852E-06-3.24824E-06-1.86534E-07-7.77795E-11-1.95959E-08
 -1       371 1.78996E-05-5.01219E-06-5.01263E-06 4.42029E-08-2.34780E-10-5.28079E-08
 -1       373 1.49228E-05-4.17801E-06-4.17873E-06-1.88340E-07 1.88105E-10-2.00198E-08
 -1       374 2.18800E-05-6.12410E-06-6.12402E-06 5.21869E-08 1.48070E-09-5.29302E-08
 -1       376 1.82439E-05-5.10847E-06-5.10740E-06-1.81164E-07 7.80045E-10-1.79268E-08
 -1       377 2.58794E-05-7.24711E-06-7.25867E-06 3.17999E-08-4.63433E-09-5.39522E-08
 -1       379 2.15719E-05-6.03084E-06-6.04692E-06-1.99867E-07-2.73228E-09-2.44918E-08
 -1       380 2.98232E-05-8.31444E-06-8.30963E-06 1.27926E-07 2.31125E-08-2.56418E-08
 -1       382 2.48662E-05-6.96981E-06-6.95215E-06-1.08831E-07 1.99560E-08 1.05814E-08
 -1       383 3.39164E-05-9.44000E-06-9.80983E-06 1.65726E-08-6.05036E-08-8.22187E-08
 -1       385 2.81981E-05-7.69084E-06-8.09577E-06-2.25147E-07-5.92016E-08-2.26292E-08
 -1       386 3.67080E-05-9.85107E-06-1.02457E-05 5.77448E-07 3.78674E-07 1.20718E-06
 -1       388 3.06337E-05-8.78169E-06-9.03932E-06 4.09351E-07 4.04825E-07 9.15799E-07
 -1       389 5.00964E-07-2.25304E-07-9.47623E-08-1.29047E-07 1.29049E-10 3.97288E-10
 -1       391 2.38977E-07-2.12621E-07-6.62936E-08-3.60248E-07-1.78191E-11 4.52359E-10
 -1       392 3.95373E-06-1.14224E-06-1.11059E-06-1.62102E-07-8.94033E-09 5.58372E-08
 -1       393 3.62420E-06-1.05086E-06-1.01838E-06-2.78419E-07-7.60539E-09 3.91024E-08
 -1       394 3.29422E-06-9.59291E-07-9.26204E-07-3.93590E-07-6.27393E-09 2.24202E-08
 -1       395 7.92558E-06-2.22301E-06-2.22090E-06-1.65683E-07 2.44010E-10 5.76561E-08
 -1       396 7.26446E-06-2.03763E-06-2.03546E-06-2.83822E-07 3.27060E-11 4.03873E-08
 -1       397 6.60197E-06-1.85189E-06-1.84961E-06-4.00774E-07-1.79827E-10 2.31146E-08
 -1       398 1.18839E-05-3.32807E-06-3.32751E-06-1.66379E-07-3.85594E-10 5.60277E-08
 -1       399 1.08927E-05-3.05074E-06-3.05002E-06-2.83166E-07-3.61977E-10 3.93428E-08
 -1       400 9.89954E-06-2.77286E-06-2.77199E-06-3.98775E-07-3.35416E-10 2.26725E-08
 -1       401 1.58389E-05-4.43488E-06-4.43462E-06-1.63953E-07 1.36396E-11 5.76212E-08
 -1       402 1.45173E-05-4.06496E-06-4.06473E-06-2.81135E-07 1.09047E-10 4.04351E-08
 -1       403 1.31931E-05-3.69431E-06-3.69412E-06-3.97127E-07 1.96749E-10 2.32508E-08
 -1       404 1.97922E-05-5.54517E-06-5.54266E-06-1.68985E-07 1.13060E-09 5.56853E-08
 -1       405 1.81410E-05-5.08165E-06-5.07979E-06-2.85624E-07 8.43904E-10 4.00239E-08
 -1       406 1.64864E-05-4.61722E-06-4.61592E-06-4.01110E-07 5.62886E-10 2.44011E-08
 -1       407 2.37405E-05-6.64572E-06-6.64014E-06-1.59786E-07-3.09219E-09 6.52815E-08
 -1       408 2.17585E-05-6.09538E-06-6.08723E-06-2.77846E-07-2.19036E-09 4.42787E-08
 -1       409 1.97726E-05-5.54394E-06-5.53352E-06-3.94622E-07-1.27530E-09 2.32494E-08
 -1       410 2.77026E-05-7.80193E-06-7.77146E-06-2.20998E-07 1.83242E-08 4.79131E-08
 -1       411 2.53988E-05-7.13718E-06-7.11524E-06-3.33675E-07 1.56479E-08 4.35768E-08
 -1       412 2.30903E-05-6.47115E-06-6.45693E-06-4.45517E-07 1.29581E-08 3.93507E-08
 -1       413 3.16070E-05-8.91426E-06-8.61851E-06-2.61653E-07-3.63966E-08 1.98837E-07
 -1       414 2.89867E-05-8.23496E-06-7.92402E-06-3.78360E-07-3.07061E-08 1.42347E-07
 -1       415 2.63613E-05-7.55418E-06-7.22996E-06-4.92505E-07-2.50223E-08 8.57508E-08
 -1       416 3.61882E-05-1.07428E-05-9.56232E-06-4.39420E-07 3.17445E-07 6.47007E-07
 -1       417 3.32523E-05-9.67436E-06-8.57672E-06-5.26855E-07 3.11319E-07 7.12411E-07
 -1       418 3.03133E-05-8.60427E-06-7.58693E-06-6.18498E-07 3.05197E-07 7.77700E-07
 -1       419 2.01111E-06-5.31208E-07-5.60671E-07 4.62745E-08 9.22095E-09 4.83947E-08
 -1       421 1.67203E-06-4.33716E-07-4.64686E-07-1.88623E-07 5.58752E-09 1.90639E-08
 -1       422 5.94560E-06-1.66176E-06-1.66237E-06 4.51832E-08-4.37879E-10 5.32434E-08
 -1       424 4.95456E-06-1.38472E-06-1.38618E-06-1.85167E-07 7.25595E-10 1.94550E-08
 -1       425 9.90680E-06-2.77358E-06-2.77406E-06 4.70271E-08 5.25331E-10 5.41500E-08
 -1       427 8.25345E-06-2.31041E-06-2.31095E-06-1.86367E-07 3.67841E-10 2.05579E-08
 -1       428 1.38622E-05-3.88109E-06-3.88126E-06 4.61690E-08-2.49449E-10 5.41492E-08
 -1       430 1.15476E-05-3.23320E-06-3.23330E-06-1.86581E-07-1.48750E-10 2.03467E-08
 -1       431 1.78180E-05-4.98933E-06-4.98944E-06 4.41545E-08 3.36561E-10 5.39471E-08
 -1       433 1.48412E-05-4.15506E-06-4.15572E-06-1.88609E-07 1.14892E-10 2.09536E-08
 -1       434 2.17670E-05-6.09203E-06-6.09271E-06 5.23092E-08-1.52907E-09 5.44258E-08
 -1       436 1.81309E-05-5.07716E-06-5.07575E-06-1.81405E-07-9.42799E-10 1.90431E-08
 -1       437 2.57332E-05-7.20620E-06-7.21735E-06 3.18292E-08 4.71687E-09 5.53415E-08
 -1       439 2.14258E-05-5.98992E-06-6.00560E-06-1.99946E-07 2.92878E-09 2.54837E-08
 -1       440 2.96428E-05-8.26397E-06-8.26060E-06 1.27319E-07-2.28220E-08 2.73193E-08
 -1       442 2.46862E-05-6.91854E-06-6.90361E-06-1.09314E-07-1.97684E-08-9.23636E-09
 -1       443 3.36975E-05-9.38179E-06-9.74252E-06 1.47904E-08 5.98937E-08 8.11623E-08
 -1       445 2.79802E-05-7.63250E-06-8.02829E-06-2.27257E-07 5.95329E-08 2.22150E-08
 -1       446 3.64717E-05-9.77652E-06-1.02037E-05 5.74625E-07-3.76716E-07-1.20532E-06
 -1       448 3.03961E-05-8.70727E-06-8.99707E-06 4.06916E-07-4.05955E-07-9.10177E-07
 -1       449 3.60331E-05-1.27307E-05-3.54806E-10-1.66106E-06 2.28286E-09-7.50937E-09
 -1       451 2.95730E-05-1.27307E-05-3.57781E-10-1.92185E-06-2.28284E-09-3.94022E-09
 -1       452 3.95510E-06-1.14154E-06-1.11148E-06-1.30932E-07 1.56321E-10 1.41054E-09
 -1       454 3.29547E-06-9.58736E-07-9.27090E-07-3.62564E-07 1.90592E-10 1.34067E-09
 -1       455 7.93639E-06-2.22667E-06-2.22416E-06-1.34545E-07 9.08327E-11 2.27815E-09
 -1       457 6.61275E-06-1.85560E-06-1.85265E-06-3.69556E-07 1.49937E-10 2.18647E-09
 -1       458 1.19053E-05-3.33374E-06-3.33336E-06-1.33698E-07 1.27505E-10 3.19127E-09
 -1       460 9.92084E-06-2.77841E-06-2.77784E-06-3.66051E-07-1.62864E-11 3.00552E-09
 -1       461 1.58735E-05-4.44482E-06-4.44443E-06-1.33506E-07-4.44558E-11 3.45995E-09
 -1       463 1.32280E-05-3.70455E-06-3.70386E-06-3.66711E-07 1.03111E-10 3.38230E-09
 -1       464 1.98427E-05-5.55739E-06-5.55686E-06-1.32463E-07-1.05045E-10 4.14417E-09
 -1       466 1.65360E-05-4.62922E-06-4.63001E-06-3.64391E-07 7.33739E-12 3.93007E-09
 -1       467 2.38062E-05-6.66916E-06-6.65826E-06-1.41897E-07 1.96722E-10 4.43870E-09
 -1       469 1.98405E-05-5.56684E-06-5.55208E-06-3.76466E-07 4.66058E-11 4.27408E-09
 -1       470 2.77884E-05-7.81248E-06-7.79584E-06-1.52805E-07-2.02356E-10 4.30384E-09
 -1       472 2.31704E-05-6.48224E-06-6.48088E-06-3.77686E-07 8.86723E-11 4.17276E-09
 -1       473 3.17179E-05-8.97886E-06-8.64453E-06-3.02928E-07 2.07674E-10 5.15050E-09
 -1       475 2.64831E-05-7.61904E-06-7.25592E-06-5.33096E-07-2.85254E-10 4.68873E-09
 -1       476 3.63184E-05-1.07050E-05-9.60506E-06-4.23619E-07-6.44329E-10 5.14159E-09
 -1       478 3.04523E-05-8.56635E-06-7.62991E-06-6.04717E-07 6.37174E-10 2.98173E-09
 -1       479-2.43076E-07 2.10111E-07 6.54317E-08-3.86930E-07 3.40341E-08 1.33171E-08
 -1       480-3.73990E-07 2.16621E-07 8.00744E-08-2.71947E-07 2.91898E-08 2.54774E-08
 -1       481-5.05148E-07 2.23032E-07 9.36849E-08-1.55877E-07 2.43504E-08 3.77799E-08
 -1       482-2.94750E-05 1.24747E-05-3.16819E-10-1.24417E-06 2.31941E-08-3.55619E-06
 -1       483-3.26926E-05 1.24756E-05 3.56375E-10-1.11085E-06 2.26578E-12-3.73629E-06
 -1       484-3.59091E-05 1.24747E-05-3.19794E-10-9.90859E-07-2.31896E-08-3.91610E-06
 -1       485-2.43574E-07 2.10717E-07 6.56818E-08-3.87255E-07-3.43228E-08-1.18528E-08
 -1       486-3.74386E-07 2.17035E-07 8.02533E-08-2.72199E-07-2.93323E-08-2.38808E-08
 -1       487-5.05437E-07 2.23255E-07 9.37927E-08-1.56053E-07-2.43369E-08-3.60617E-08
 -1       488-2.97061E-05 1.25667E-05-3.16975E-10-1.28015E-06-1.85950E-08 3.55440E-06
 -1       489-3.29264E-05 1.25676E-05 3.56220E-10-1.14632E-06-2.28300E-12 3.73106E-06
 -1       490-3.61456E-05 1.25667E-05-3.19950E-10-1.02582E-06 1.85905E-08 3.90733E-06
 -1       491-3.29430E-06 9.59125E-07 9.26301E-07-3.93809E-07 5.67607E-09 2.23456E-08
 -1       492-3.62425E-06 1.05072E-06 1.01835E-06-2.78579E-07 7.04518E-09 3.90200E-08
 -1       493-3.95374E-06 1.14213E-06 1.11046E-06-1.62207E-07 8.41414E-09 5.57395E-08
 -1       494-6.60187E-06 1.85242E-06 1.84982E-06-4.01239E-07 8.28678E-10 2.31701E-08
 -1       495-7.26435E-06 2.03791E-06 2.03583E-06-2.84165E-07 3.47300E-10 4.03764E-08
 -1       496-7.92546E-06 2.22303E-06 2.22139E-06-1.65902E-07-1.35301E-10 5.75947E-08
 -1       497-9.89954E-06 2.77212E-06 2.77174E-06-3.98317E-07 1.88209E-10 2.30378E-08
 -1       498-1.08927E-05 3.05019E-06 3.04973E-06-2.82762E-07 2.95133E-10 3.97770E-08
 -1       499-1.18840E-05 3.32770E-06 3.32721E-06-1.66028E-07 4.01716E-10 5.65254E-08
 -1       500-1.31932E-05 3.69421E-06 3.69408E-06-3.97784E-07 1.18219E-10 2.35675E-08
 -1       501-1.45174E-05 4.06470E-06 4.06472E-06-2.81463E-07 1.65409E-10 4.08534E-08
 -1       502-1.58389E-05 4.43445E-06 4.43464E-06-1.63954E-07 2.15806E-10 5.81672E-08
 -1       503-1.64864E-05 4.61663E-06 4.61612E-06-4.01161E-07-3.61292E-10 2.47949E-08
 -1       504-1.81410E-05 5.08108E-06 5.08012E-06-2.85702E-07-6.61959E-10 4.04801E-08
 -1       505-1.97923E-05 5.54460E-06 5.54313E-06-1.69088E-07-9.70930E-10 5.62029E-08
 -1       506-1.97726E-05 5.54435E-06 5.53345E-06-3.95341E-07 6.18018E-10 2.32701E-08
 -1       507-2.17586E-05 6.09590E-06 6.08687E-06-2.78408E-07 1.77327E-09 4.43044E-08
 -1       508-2.37407E-05 6.64634E-06 6.63949E-06-1.60192E-07 2.92151E-09 6.53180E-08
 -1       509-2.30901E-05 6.47047E-06 6.45699E-06-4.45747E-07-1.23781E-08 3.97136E-08
 -1       510-2.53986E-05 7.13642E-06 7.11548E-06-3.33627E-07-1.52199E-08 4.40670E-08
 -1       511-2.77024E-05 7.80107E-06 7.77189E-06-2.20676E-07-1.80519E-08 4.85575E-08
 -1       512-2.63613E-05 7.55425E-06 7.23017E-06-4.92452E-07 2.51714E-08 8.59181E-08
 -1       513-2.89868E-05 8.23484E-06 7.92441E-06-3.78304E-07 3.08502E-08 1.42529E-07
 -1       514-3.16070E-05 8.91395E-06 8.61907E-06-2.61593E-07 3.65243E-08 1.99036E-07
 -1       515-3.03133E-05 8.60396E-06 7.58670E-06-6.18444E-07-3.05872E-07 7.78327E-07
 -1       516-3.32523E-05 9.67413E-06 8.57634E-06-5.26551E-07-3.11887E-07 7.13220E-07
 -1       517-3.61882E-05 1.07426E-05 9.56181E-06-4.38866E-07-3.17901E-07 6.48018E-07
 -1       518-1.67207E-06 4.33409E-07 4.64760E-07-1.88691E-07-5.70182E-09 1.91492E-08
 -1       520-2.01120E-06 5.31370E-07 5.60677E-07 4.59952E-08-9.14746E-09 4.85139E-08
 -1       521-4.95449E-06 1.38458E-06 1.38621E-06-1.85156E-07-7.20101E-10 1.95379E-08
 -1       523-5.94555E-06 1.66139E-06 1.66245E-06 4.53955E-08 1.77102E-10 5.33650E-08
 -1       524-8.25324E-06 2.30995E-06 2.31099E-06-1.86344E-07-1.70740E-10 2.07541E-08
 -1       526-9.90653E-06 2.77305E-06 2.77423E-06 4.70786E-08-5.21695E-10 5.44972E-08
 -1       527-1.15480E-05 3.23349E-06 3.23327E-06-1.86731E-07-1.25237E-10 2.06878E-08
 -1       529-1.38625E-05 3.88139E-06 3.88116E-06 4.62845E-08 6.70548E-11 5.46417E-08
 -1       530-1.48411E-05 4.15513E-06 4.15569E-06-1.88660E-07-1.41929E-10 2.12671E-08
 -1       532-1.78179E-05 4.98924E-06 4.98947E-06 4.44038E-08-4.22645E-10 5.44528E-08
 -1       533-1.81312E-05 5.07734E-06 5.07571E-06-1.81474E-07 7.58924E-10 1.92889E-08
 -1       535-2.17673E-05 6.09232E-06 6.09250E-06 5.23945E-08 1.56525E-09 5.47702E-08
 -1       536-2.14256E-05 5.99020E-06 6.00551E-06-2.00470E-07-2.69489E-09 2.57460E-08
 -1       538-2.57330E-05 7.20649E-06 7.21728E-06 3.17141E-08-4.36914E-09 5.57739E-08
 -1       539-2.46861E-05 6.91839E-06 6.90361E-06-1.09667E-07 1.99325E-08-8.91275E-09
 -1       541-2.96428E-05 8.26354E-06 8.26096E-06 1.27273E-07 2.28190E-08 2.77703E-08
 -1       542-2.79802E-05 7.63234E-06 8.02831E-06-2.27358E-07-5.95286E-08 2.24528E-08
 -1       544-3.36975E-05 9.38151E-06 9.74268E-06 1.49300E-08-5.97870E-08 8.15322E-08
 -1       545-3.03961E-05 8.70747E-06 8.99717E-06 4.06764E-07 4.05975E-07-9.09706E-07
 -1       547-3.64718E-05 9.77679E-06 1.02038E-05 5.74715E-07 3.76907E-07-1.20457E-06
 -1       548-2.38905E-07 2.12776E-07 6.56042E-08-3.60414E-07-2.33343E-10 7.77367E-10
 -1       550-5.00811E-07 2.25506E-07 9.37863E-08-1.29381E-07-8.22402E-11 9.21657E-10
 -1       551-3.29995E-06 9.60763E-07 9.27998E-07-3.93715E-07-6.43755E-09-1.98714E-08
 -1       552-3.62999E-06 1.05236E-06 1.02025E-06-2.78274E-07-7.79750E-09-3.64835E-08
 -1       553-3.95957E-06 1.14378E-06 1.11257E-06-1.61689E-07-9.15759E-09-5.31572E-08
 -1       554-6.62164E-06 1.85799E-06 1.85529E-06-4.00215E-07-1.06165E-09-1.89689E-08
 -1       555-7.28414E-06 2.04353E-06 2.04129E-06-2.83537E-07-6.14652E-10-3.61336E-08
 -1       556-7.94528E-06 2.22871E-06 2.22684E-06-1.65670E-07-1.68872E-10-5.32606E-08
 -1       557-9.94039E-06 2.78406E-06 2.78310E-06-3.98205E-07-1.08348E-10-1.72059E-08
 -1       558-1.09335E-05 3.06214E-06 3.06118E-06-2.82550E-07-3.33584E-10-3.37783E-08
 -1       559-1.19247E-05 3.33967E-06 3.33875E-06-1.65716E-07-5.59163E-10-5.03531E-08
 -1       560-1.32600E-05 3.71341E-06 3.71277E-06-3.96792E-07-1.93766E-10-1.63134E-08
 -1       561-1.45841E-05 4.08377E-06 4.08340E-06-2.80961E-07-1.75424E-10-3.32977E-08
 -1       562-1.59057E-05 4.45339E-06 4.45330E-06-1.63939E-07-1.53876E-10-5.02397E-08
 -1       563-1.65831E-05 4.64226E-06 4.64348E-06-4.00344E-07 3.01636E-10-1.70493E-08
 -1       564-1.82377E-05 5.10703E-06 5.10754E-06-2.85065E-07 5.99090E-10-3.25252E-08
 -1       565-1.98891E-05 5.57089E-06 5.57059E-06-1.68628E-07 8.88241E-10-4.79994E-08
 -1       566-1.99017E-05 5.57958E-06 5.56955E-06-3.94545E-07-5.45977E-10-1.49423E-08
 -1       567-2.18876E-05 6.13141E-06 6.12290E-06-2.77899E-07-1.55599E-09-3.57530E-08
 -1       568-2.38697E-05 6.68213E-06 6.67544E-06-1.59973E-07-2.57300E-09-5.64935E-08
 -1       569-2.32536E-05 6.51718E-06 6.50360E-06-4.45088E-07 1.25945E-08-3.11177E-08
 -1       570-2.55619E-05 7.18272E-06 7.16213E-06-3.33544E-07 1.53188E-08-3.51655E-08
 -1       571-2.78656E-05 7.84699E-06 7.81858E-06-2.21168E-07 1.80529E-08-3.92739E-08
 -1       572-2.65584E-05 7.61123E-06 7.28095E-06-4.94786E-07-2.46217E-08-7.71232E-08
 -1       573-2.91833E-05 8.29201E-06 7.97512E-06-3.80622E-07-3.05984E-08-1.33132E-07
 -1       574-3.18029E-05 8.97131E-06 8.66971E-06-2.63893E-07-3.65797E-08-1.89006E-07
 -1       575-3.05529E-05 8.66620E-06 7.67104E-06-6.21638E-07 3.05082E-07-7.69983E-07
 -1       576-3.34912E-05 9.73630E-06 8.66055E-06-5.30336E-07 3.12234E-07-7.02545E-07
 -1       577-3.64264E-05 1.08047E-05 9.64589E-06-4.43243E-07 3.19388E-07-6.34968E-07
 -1       578-1.67462E-06 4.33987E-07 4.65734E-07-1.88637E-07 5.51187E-09-1.88421E-08
 -1       580-2.01371E-06 5.31763E-07 5.61785E-07 4.63367E-08 9.17198E-09-4.81931E-08
 -1       581-4.96690E-06 1.38799E-06 1.38979E-06-1.85077E-07 3.99761E-10-1.88762E-08
 -1       583-5.95795E-06 1.66485E-06 1.66623E-06 4.52916E-08-5.03731E-10-5.23842E-08
 -1       584-8.28333E-06 2.31822E-06 2.31941E-06-1.86212E-07 1.48835E-10-1.98264E-08
 -1       586-9.93670E-06 2.78138E-06 2.78273E-06 4.69380E-08 3.94105E-10-5.31196E-08
 -1       587-1.16013E-05 3.24832E-06 3.24830E-06-1.86140E-07 1.65012E-10-1.93719E-08
 -1       589-1.39159E-05 3.89611E-06 3.89627E-06 4.64697E-08-3.70814E-12-5.28978E-08
 -1       590-1.49228E-05 4.17804E-06 4.17872E-06-1.88051E-07 8.53107E-11-1.98158E-08
 -1       592-1.78995E-05 5.01234E-06 5.01253E-06 4.42896E-08 3.73873E-10-5.25481E-08
 -1       593-1.82440E-05 5.10858E-06 5.10745E-06-1.81105E-07-7.89003E-10-1.76260E-08
 -1       595-2.18801E-05 6.12417E-06 6.12420E-06 5.23234E-08-1.54983E-09-5.24404E-08
 -1       596-2.15718E-05 6.03095E-06 6.04686E-06-1.99798E-07 2.69511E-09-2.40863E-08
 -1       598-2.58793E-05 7.24713E-06 7.25860E-06 3.15738E-08 4.42170E-09-5.33801E-08
 -1       599-2.48663E-05 6.96929E-06 6.95230E-06-1.08598E-07-1.97659E-08 1.09803E-08
 -1       601-2.98232E-05 8.31424E-06 8.30963E-06 1.27855E-07-2.29687E-08-2.51141E-08
 -1       602-2.81979E-05 7.69037E-06 8.09587E-06-2.24747E-07 5.92373E-08-2.22699E-08
 -1       604-3.39161E-05 9.43966E-06 9.81004E-06 1.68195E-08 6.04905E-08-8.17069E-08
 -1       605-3.06339E-05 8.78181E-06 9.03934E-06 4.09500E-07-4.04905E-07 9.15990E-07
 -1       607-3.67082E-05 9.85107E-06 1.02459E-05 5.77417E-07-3.79020E-07 1.20741E-06
 -1       608-2.95731E-05 1.27305E-05 3.57780E-10-1.92185E-06 2.29954E-09-3.53076E-09
 -1       610-3.60331E-05 1.27305E-05 3.54805E-10-1.66107E-06-2.29956E-09-7.00898E-09
 -1       611-3.29551E-06 9.58538E-07 9.27242E-07-3.62590E-07-1.23814E-10 1.31860E-09
 -1       613-3.95515E-06 1.14155E-06 1.11161E-06-1.30800E-07-1.14803E-10 1.37468E-09
 -1       614-6.61270E-06 1.85584E-06 1.85274E-06-3.69365E-07-1.24796E-10 2.25174E-09
 -1       616-7.93637E-06 2.22651E-06 2.22430E-06-1.34404E-07-1.60394E-10 2.31456E-09
 -1       617-9.92084E-06 2.77852E-06 2.77770E-06-3.66137E-07 1.52555E-10 3.12288E-09
 -1       619-1.19053E-05 3.33411E-06 3.33325E-06-1.33749E-07 3.39013E-11 3.29286E-09
 -1       620-1.32280E-05 3.70447E-06 3.70379E-06-3.66729E-07-5.54898E-11 3.87721E-09
 -1       622-1.58735E-05 4.44457E-06 4.44434E-06-1.33401E-07 1.32487E-11 4.21274E-09
 -1       623-1.65360E-05 4.62897E-06 4.63026E-06-3.64466E-07 3.59680E-11 4.14502E-09
 -1       625-1.98427E-05 5.55727E-06 5.55732E-06-1.32526E-07 2.44513E-11 4.37195E-09
 -1       626-1.98405E-05 5.56649E-06 5.55205E-06-3.76603E-07-6.36332E-11 4.46482E-09
 -1       628-2.38062E-05 6.66876E-06 6.65801E-06-1.41886E-07 7.46028E-11 4.71287E-09
 -1       629-2.31702E-05 6.48205E-06 6.48094E-06-3.77701E-07 1.63784E-10 4.52742E-09
 -1       631-2.77882E-05 7.81225E-06 7.79587E-06-1.52810E-07 5.61106E-11 4.87173E-09
 -1       632-2.64832E-05 7.61909E-06 7.25629E-06-5.32905E-07 1.93231E-10 4.98732E-09
 -1       634-3.17179E-05 8.97898E-06 8.64512E-06-3.02740E-07-1.09314E-10 5.59974E-09
 -1       635-3.04523E-05 8.56660E-06 7.62960E-06-6.04875E-07-5.54594E-10 3.37889E-09
 -1       637-3.63184E-05 1.07052E-05 9.60458E-06-4.23722E-07 5.84059E-10 5.73356E-09
 -3
    1PSTEP                         4           1           1          
  100CL  101 1.000000000         459                     0    1           1
 -4  FORC        4    1
 -5  F1          1    2    1    0
 -5  F2          1    2    2    0
 -5  F3          1    2    3    0
 -5  ALL         1    2    0    0    1ALL
 -1         1 2.96553E+02 2.79560E+03-6.04613E+02
 -1         2-3.06989E+02 2.78462E+03 5.89130E+02
 -1         3-3.32593E+01 2.53001E+01-2.21829E+00
 -1         4 3.33091E+01 2.51800E+01 2.37060E+00
 -1         5-3.32768E+01 2.52183E+01 2.26525E+00
 -1         6 3.32853E+01 2.52012E+01-2.24780E+00
 -1         7-2.96580E+02 2.79556E+03-6.04627E+02
 -1         8 3.06979E+02 2.78465E+03 5.89131E+02
 -1         9-8.26228E+00 3.14258E+03-1.55140E+01
 -1        10-5.10296E+03-5.03477E+03-1.45130E+03
 -1        11 5.07359E+03-5.03441E+03 1.44310E+03
 -1        12-4.32535E+01-6.75220E+01 4.94928E+01
 -1        13-5.40938E+01-1.89966E+01-1.44403E+01
 -1        14-6.54382E+01-4.55837E+00 3.12513E+00
 -1        15-6.45996E+01-5.63409E-01-7.14176E-01
 -1        16-6.51730E+01-3.33486E-01 1.14489E-01
 -1        17-6.50300E+01 1.63557E-01 5.00271E-02
 -1        18-6.52852E+01 3.47128E-01 1.06719E-02
 -1        19-6.52079E+01 5.69684E-01 1.54362E-01
 -1        20-6.61777E+01 1.16710E+00-4.25427E-01
 -1        21 6.27457E+01 8.69974E+01-1.58586E+02
 -1        22 1.98480E+02 3.73345E+01 4.43628E+01
 -1        23 1.95949E+02 7.63494E+00-1.02054E+01
 -1        24 2.01304E+02 1.18353E+00 2.32931E+00
 -1        25 2.00379E+02 1.72413E-01-4.91313E-01
 -1        26 2.00714E+02 4.83321E-02 1.58558E-01
 -1        27 2.00620E+02-7.76320E-02-1.82884E-02
 -1        28 2.00692E+02-2.78009E-01 1.13469E-01
 -1        29 2.00965E+02-7.78714E-01-4.71301E-01
 -1        30 2.01152E+02-7.58273E-01 1.41270E+00
 -1        31-4.56945E-03 6.94585E+01 1.48274E-02
 -1        32-4.97722E-03-1.38837E+02-4.32928E-03
 -1        33-4.57651E-02-1.39040E+02 8.33390E-02
 -1        34 4.36062E+01-6.78728E+01-4.97931E+01
 -1        35 5.42180E+01-1.93691E+01 1.44671E+01
 -1        36 6.55853E+01-4.87935E+00-3.08035E+00
 -1        37 6.46769E+01-1.81266E-01 6.28648E-01
 -1        38 6.52047E+01-2.88153E-02-1.80140E-01
 -1        39 6.51426E+01 4.10142E-02-1.36498E-02
 -1        40 6.52031E+01 5.30301E-03 5.87956E-03
 -1        41 6.52262E+01 3.69372E-01-1.04506E-01
 -1        42 6.61539E+01 8.84538E-01 5.33833E-01
 -1        43-6.30816E+01 8.79187E+01 1.59371E+02
 -1        44-1.98472E+02 3.75638E+01-4.44234E+01
 -1        45-1.95786E+02 7.69903E+00 1.01978E+01
 -1        46-2.01077E+02 1.14232E+00-2.39860E+00
 -1        47-2.00233E+02 1.44375E-01 5.47718E-01
 -1        48-2.00599E+02 7.71729E-02-8.76527E-02
 -1        49-2.00495E+02-9.99984E-02 5.97736E-02
 -1        50-2.00552E+02-1.37138E-01-1.13275E-01
 -1        51-2.00857E+02-7.72798E-01 4.58270E-01
 -1        52-2.01171E+02-8.02948E-01-1.33472E+00
 -1        53 2.48700E+02-1.83072E+02 5.48329E-02
 -1        54 4.51663E-03 6.94439E+01 4.83903E-04
 -1        55-8.06946E-04-1.38881E+02-3.31164E-02
 -1        56-1.71707E-02-1.38923E+02 1.21985E-01
 -1        57-2.48724E+02-1.82963E+02-1.07371E-02
 -1        58-6.62048E+01 1.12469E+00 5.24162E-01
 -1        59-6.52714E+01 4.68772E-01-1.34841E-01
 -1        60-6.52916E+01 1.64618E-01 2.32412E-02
 -1        61-6.52175E+01 5.49600E-02 9.43572E-02
 -1        62-6.52339E+01 1.54067E-01-1.93245E-01
 -1        63-6.46888E+01-2.60373E-01 6.19640E-01
 -1        64-6.56177E+01-4.86694E+00-3.15038E+00
 -1        65-5.41433E+01-1.91345E+01 1.45207E+01
 -1        66-4.37097E+01-6.81014E+01-4.97727E+01
 -1        67 2.01140E+02-8.92209E-01-1.34981E+00
 -1        68 2.00857E+02-8.66921E-01 4.26127E-01
 -1        69 2.00493E+02-1.99292E-01-1.25716E-01
 -1        70 2.00483E+02 2.70992E-02 2.74247E-02
 -1        71 2.00502E+02-2.20880E-02-1.29940E-01
 -1        72 2.00151E+02 2.45069E-01 5.74777E-01
 -1        73 2.01038E+02 1.21522E+00-2.35287E+00
 -1        74 1.95703E+02 7.67608E+00 1.02419E+01
 -1        75 1.98429E+02 3.75520E+01-4.43657E+01
 -1        76 6.29755E+01 8.79295E+01 1.59394E+02
 -1        77 8.26292E+00 3.14251E+03-1.55405E+01
 -1        78-5.07359E+03-5.03452E+03 1.44319E+03
 -1        79 5.10303E+03-5.03469E+03-1.45134E+03
 -1        80 6.62113E+01 8.37557E-01-4.68523E-01
 -1        81 6.51969E+01 5.44097E-01 2.33813E-01
 -1        82 6.51733E+01-4.90874E-02-1.52617E-01
 -1        83 6.51813E+01-9.04179E-03-4.92341E-02
 -1        84 6.50899E+01-3.08688E-01 1.11569E-01
 -1        85 6.46844E+01-4.74111E-01-6.94973E-01
 -1        86 6.55559E+01-4.45440E+00 3.19508E+00
 -1        87 5.41328E+01-1.90276E+01-1.44301E+01
 -1        88 4.32073E+01-6.75427E+01 4.93617E+01
 -1        89-2.01193E+02-7.96190E-01 1.41587E+00
 -1        90-2.00892E+02-7.95538E-01-4.72948E-01
 -1        91-2.00653E+02-1.61249E-01 1.73146E-01
 -1        92-2.00573E+02 9.16047E-02-2.80774E-02
 -1        93-2.00605E+02-5.87740E-02 1.39448E-01
 -1        94-2.00256E+02 8.15297E-02-5.25576E-01
 -1        95-2.01137E+02 1.25529E+00 2.32518E+00
 -1        96-1.95894E+02 7.61685E+00-1.02640E+01
 -1        97-1.98335E+02 3.73372E+01 4.42540E+01
 -1        98-6.26544E+01 8.70080E+01-1.58559E+02
 -1        99 7.42411E+03 3.39129E+03 1.90589E+01
 -1       100-7.42405E+03 3.39126E+03 1.90878E+01
 -1       101 1.06467E-02 1.73832E-02 2.66141E-02
 -1       102-8.61886E-02-9.10441E-03-3.98506E-02
 -1       103 4.59367E-03 3.38694E-02-2.18398E-03
 -1       104-2.45347E-03 3.71221E-02-2.33583E-02
 -1       105-1.82559E-02 2.09655E-03 1.59710E-02
 -1       106 2.97801E-02 3.83055E-03-1.09158E-02
 -1       107-4.52045E-02-6.00727E-02-3.82324E-02
 -1       108-2.90533E-02-6.17276E-02 6.48722E-02
 -1       109 2.33098E-02 3.50041E-02-3.04441E-02
 -1       110-6.20330E-03-1.40555E-01 1.63480E-01
 -1       111 1.08110E-02 4.36347E-02 9.30331E-04
 -1       112-5.16051E-02 2.13680E-02 8.25308E-02
 -1       113-7.57775E-03-6.30274E-02 1.45389E-02
 -1       114-1.08602E-01-1.25223E-01 1.86587E-02
 -1       115 6.12783E-02 2.29060E-02-6.97362E-05
 -1       116 7.16595E-03 1.21769E-01-1.21972E-02
 -1       117-5.74323E-02 1.16674E-02 5.81051E-02
 -1       118 2.69412E-02 6.74498E-03 7.87912E-03
 -1       119 6.83418E-02 1.06942E-03-1.66957E-02
 -1       120 1.79798E-02-7.80251E-02 1.20494E-01
 -1       121-2.13647E-02 1.29413E-02-1.14910E-02
 -1       122-3.91637E-02 1.11631E-01 8.22999E-02
 -1       123 3.59908E-03 1.18586E-02 2.89452E-02
 -1       124 3.67167E-02 2.24500E-02 1.93075E-02
 -1       125 3.46966E-03 1.65402E-02-1.80781E-02
 -1       126 1.27816E-01 1.83824E-01-3.95396E-02
 -1       127 3.35790E-03-6.75129E-03 2.45384E-02
 -1       128 7.18580E-03-2.21475E-03 3.25307E-02
 -1       129 5.25309E-02 1.86485E-01-2.22409E-02
 -1       130 1.66655E-02 3.84463E-02-7.27450E-02
 -1       131 6.50105E-03 6.07680E-02-1.77059E-02
 -1       132-3.23230E-02-2.76631E-02 6.73150E-02
 -1       133-8.67679E-02 1.16935E-01 3.13691E-02
 -1       134-2.31462E-02-1.04588E-01-3.81245E-02
 -1       135 5.83598E-02-1.68083E-01 6.22349E-02
 -1       136 6.86212E-03-1.21779E-01 1.06628E-01
 -1       137-2.31398E-02-3.36282E-01 9.67285E-02
 -1       138 1.52669E-02-2.77757E+02-3.10944E-02
 -1       139-9.49580E-03 1.15575E-02-1.57001E-02
 -1       140-3.25823E-02-8.70331E-02-4.01913E-02
 -1       141-9.80698E-03-2.14239E-02 6.23283E-03
 -1       142 2.76959E-02-3.40020E-02 1.38801E-02
 -1       143-1.28852E-02 5.35231E-02 1.37682E-02
 -1       144 2.52815E-02 5.27135E-03 8.88138E-03
 -1       145 8.47631E-03-5.14836E-02-2.68085E-02
 -1       146-9.96704E-02-1.77684E-02-1.18773E-02
 -1       147-2.24146E-02 5.96559E-02-2.13422E-02
 -1       148 8.06320E-02 6.70864E-02 6.04961E-02
 -1       149 1.04078E-02-1.20193E-02 2.03442E-02
 -1       150 4.20055E-02 1.10551E-01 1.56810E-01
 -1       151-3.54661E-02-4.01568E-03 1.34113E-02
 -1       152-1.21134E-01 2.16270E-01 1.43948E-01
 -1       153 3.62618E-02-4.92174E-03 8.70301E-06
 -1       154-9.00971E-02 1.96489E-01 1.04004E-01
 -1       155-1.59165E-02 9.56183E-03 7.83193E-03
 -1       156 1.07915E-01-9.54042E-04 3.95262E-02
 -1       157-2.10461E-02 3.38877E-02-2.73193E-02
 -1       158 9.77267E-02-1.73405E-01 3.21560E-02
 -1       159 3.64652E-02 6.15706E-03-2.82047E-02
 -1       160-1.11972E-01-8.92223E-02 3.62080E-02
 -1       161-8.40284E-02-2.29125E-02 2.73101E-02
 -1       162-7.39359E-02-5.15240E-02 7.99161E-02
 -1       163 5.08636E-02-1.12575E-02 8.22122E-03
 -1       164 8.67609E-02-5.71423E-02 1.11462E-01
 -1       165 1.75684E-02-1.32434E-02 2.91970E-02
 -1       166-4.81438E-02 4.77776E-02 3.63925E-03
 -1       167-2.62921E-02-5.39886E-02 1.13200E-01
 -1       168-5.09323E-02 1.00985E-01 4.72106E-02
 -1       169 7.18657E-02-1.77621E-01 1.87553E-02
 -1       170 6.30040E-02-1.72579E-01-5.88384E-02
 -1       171-6.65345E-02-1.20598E-01 7.84350E-02
 -1       172-5.85573E-02-5.99867E-02 1.50408E-01
 -1       173 9.15126E-03 2.27880E-01-5.94724E-02
 -1       174-5.73023E-02-4.75388E-02-7.01235E-02
 -1       175-1.56893E-01 2.20323E-01-6.99920E-02
 -1       176 2.83929E-02-3.31888E+03 3.57931E+01
 -1       177-4.74428E+02 5.32689E+00 2.31335E-01
 -1       178-4.88392E+02 3.43484E+00 2.68385E-02
 -1       179-4.92792E+02 2.39166E+00 8.31746E-02
 -1       180-4.93218E+02-2.08015E-01-1.52138E-01
 -1       181-4.93025E+02 4.86213E-03 5.21913E-02
 -1       182-4.93150E+02-5.49580E-02 1.08959E-01
 -1       183-4.93141E+02-2.43579E-02 9.99891E-02
 -1       184-4.93158E+02-1.34165E-02 1.08794E-01
 -1       185-4.92672E+02 2.46440E-01 4.78335E-02
 -1       186 4.74496E+02 5.15780E+00 2.62238E-01
 -1       187 4.88443E+02 3.23046E+00-4.90988E-02
 -1       188 4.92806E+02 2.62262E+00-4.19051E-02
 -1       189 4.93294E+02 2.94126E-02 3.81160E-02
 -1       190 4.93043E+02 1.39367E-01 9.60383E-02
 -1       191 4.93223E+02-6.35686E-03 4.52235E-02
 -1       192 4.93106E+02-9.34346E-02 3.67066E-02
 -1       193 4.93202E+02-2.34720E-01-8.29305E-03
 -1       194 4.92687E+02 2.07234E-01 5.67655E-02
 -1       195-9.63413E-03-2.24357E-02-5.03440E-02
 -1       196 1.38943E-02 1.51480E-02 3.04162E-02
 -1       197 4.50498E-02 6.96491E-03 5.69414E-02
 -1       198-8.91723E-02-2.04551E-02 7.31020E-02
 -1       199 2.69437E-02 2.61824E-02-1.79889E-02
 -1       200-2.19619E-02-9.86695E-03-5.98673E-02
 -1       201 2.43237E-02 2.85233E-02 7.53488E-02
 -1       202 3.16859E-02-3.10775E-02 1.10674E-02
 -1       203-3.30807E-02 9.15431E-03 1.37396E-01
 -1       320 1.39355E-02 6.96581E+00 2.64059E-02
 -1       321 4.69228E-02-2.77597E+01-2.66325E-02
 -1       322-3.33468E+01 1.64277E+01-2.26557E+00
 -1       323 4.43480E+02 6.25367E+02-7.84050E+01
 -1       324-2.49545E+03-1.23472E+03-4.57811E+02
 -1       325 6.11199E+02 6.25361E+02-8.05404E+01
 -1       326-6.13675E-03 7.00778E+00-1.52403E-02
 -1       327-1.57211E-02-2.79589E+01-1.42683E-02
 -1       328-3.32919E+01 1.65757E+01 2.30745E+00
 -1       329 4.47553E+02 6.25074E+02 7.69673E+01
 -1       330-2.48997E+03-1.23462E+03 4.55035E+02
 -1       331 6.09936E+02 6.25092E+02 7.93611E+01
 -1       332-2.34427E-02 1.79933E-02 1.82998E-02
 -1       333 1.63338E-02-1.46592E-01 3.47106E-02
 -1       334-6.62165E+01-8.74956E-01-5.19619E-01
 -1       335 1.75582E-02-6.96902E-02 3.75467E-02
 -1       336-2.41694E-02 1.33731E-01-3.32275E-03
 -1       337-6.52466E+01-5.53695E-01 1.63644E-01
 -1       338-2.08602E-02 1.10997E-01 9.40012E-02
 -1       339-4.38678E-02-1.36361E-01-6.65417E-02
 -1       340-6.51987E+01-1.02516E-01-5.60772E-02
 -1       341 2.88604E-03-3.46638E-02-1.46032E-02
 -1       342-1.62965E-02-1.61205E-02 1.41705E-01
 -1       343-6.51114E+01 1.26107E-02-1.04030E-01
 -1       344-2.33269E-03 4.85602E-02-5.91392E-02
 -1       345-9.64916E-03-2.05012E-03 6.35089E-02
 -1       346-6.52139E+01 9.92163E-02 1.34151E-01
 -1       347-1.87658E-02 1.25715E-01-1.03159E-01
 -1       348-1.29497E-02 1.01028E-01 2.25602E-02
 -1       349-6.47278E+01 2.17298E-01-6.02927E-01
 -1       350 2.40043E-04-2.29321E-02 1.46658E-02
 -1       351-5.10661E-03-2.04339E-01 1.01671E-01
 -1       352-6.55494E+01 4.92700E+00 3.02996E+00
 -1       353 2.61222E-02-7.40385E-02 2.94064E-02
 -1       354-3.25796E-02-2.29631E-01-7.20867E-02
 -1       355-5.41901E+01 1.94733E+01-1.44795E+01
 -1       356-9.16606E-03-1.56034E-02 1.10858E-02
 -1       357 1.62460E-02-3.81879E-03 3.23000E-02
 -1       358-4.36702E+01 6.79791E+01 4.97630E+01
 -1       359-4.61359E-02 6.62169E-02 6.15561E-03
 -1       361 2.01200E+02 7.51288E-01 1.40961E+00
 -1       362 1.62278E-02 5.80450E-02 5.01653E-02
 -1       364 2.00852E+02 7.72207E-01-5.18403E-01
 -1       365 5.69268E-02-5.25776E-02 7.61673E-03
 -1       367 2.00524E+02 2.62606E-01 1.09717E-01
 -1       368 1.00405E-02 2.34014E-02-1.03172E-01
 -1       370 2.00505E+02 3.86703E-02 3.96040E-02
 -1       371-3.96041E-02 4.50302E-02 6.23319E-02
 -1       373 2.00612E+02-6.08344E-02 7.82781E-02
 -1       374-7.42181E-03-5.62077E-02 7.12634E-02
 -1       376 2.00238E+02-1.45310E-01-6.07218E-01
 -1       377 3.46998E-02 8.78332E-03 3.36071E-02
 -1       379 2.01084E+02-1.24614E+00 2.30623E+00
 -1       380 3.29463E-02 1.26029E-01-5.71297E-02
 -1       382 1.95789E+02-7.76941E+00-1.01776E+01
 -1       383-3.81948E-02-4.60675E-02-7.52962E-04
 -1       385 1.98516E+02-3.74960E+01 4.43745E+01
 -1       386 6.23464E-02 1.74343E-02-2.45966E-02
 -1       388 6.30635E+01-8.79717E+01-1.59406E+02
 -1       389 2.77364E-02-2.78156E+01 2.28880E-03
 -1       391 2.48710E+02 1.63956E+01 9.10150E-03
 -1       392-6.01457E-03 3.81089E-02-4.01127E-02
 -1       393 9.48207E-02-1.36628E-01 9.11907E-02
 -1       394-6.62760E+01-8.82979E-01 4.58337E-01
 -1       395 1.17075E-02 1.49705E-02 1.42436E-02
 -1       396-2.78319E-02 1.41111E-01 1.44941E-01
 -1       397-6.52198E+01-6.01035E-01-2.59426E-01
 -1       398-4.86189E-02 8.48130E-02 2.74880E-02
 -1       399-2.26789E-02-1.89974E-01-3.15528E-02
 -1       400-6.51379E+01-2.25659E-02 2.90315E-02
 -1       401-6.41945E-03-1.31371E-01 2.95111E-02
 -1       402-1.59498E-02 1.21189E-01 5.31085E-02
 -1       403-6.51112E+01-3.02128E-02-5.05897E-02
 -1       404 3.13544E-02 9.31729E-03-4.56143E-02
 -1       405-8.42053E-02-2.10306E-01 7.43776E-02
 -1       406-6.51397E+01 3.34776E-01-1.49531E-01
 -1       407 3.18040E-02 6.10961E-02-5.05952E-02
 -1       408-1.03094E-02-1.51352E-01-1.25546E-01
 -1       409-6.47237E+01 5.06660E-01 8.08540E-01
 -1       410-6.19378E-02-5.13709E-02 1.95861E-02
 -1       411 3.18548E-02 8.31914E-02 1.14742E-01
 -1       412-6.55248E+01 4.68309E+00-3.24011E+00
 -1       413 2.00589E-03-2.27741E-02 6.06344E-02
 -1       414-2.99931E-02 4.39533E-02 1.33543E-02
 -1       415-5.40726E+01 1.90594E+01 1.44565E+01
 -1       416-6.44856E-02-2.84479E-02-1.86023E-02
 -1       417 2.38514E-02-7.14702E-02-1.05831E-01
 -1       418-4.32604E+01 6.75756E+01-4.93619E+01
 -1       419-1.89420E-02-2.36734E-02 1.94753E-02
 -1       421 2.01191E+02 8.51595E-01-1.38119E+00
 -1       422-3.57734E-03-1.63670E-02 3.31764E-02
 -1       424 2.00910E+02 8.50840E-01 4.30609E-01
 -1       425 3.56484E-02-1.56882E-01 2.81102E-02
 -1       427 2.00567E+02 3.61599E-01-1.32912E-01
 -1       428 1.71971E-02 1.07863E-01-1.20800E-01
 -1       430 2.00532E+02-8.18077E-02 1.57624E-01
 -1       431-4.38824E-02 7.75395E-02 6.14801E-03
 -1       433 2.00657E+02-7.26709E-02-1.23423E-01
 -1       434 2.27546E-02-1.16012E-01 5.48326E-02
 -1       436 2.00274E+02-3.60695E-02 4.81098E-01
 -1       437 3.94355E-02 7.61987E-02 8.93293E-02
 -1       439 2.01172E+02-1.28151E+00-2.45961E+00
 -1       440-3.77632E-02 1.03252E-01-5.37371E-02
 -1       442 1.95886E+02-7.74832E+00 1.03034E+01
 -1       443-5.92081E-02-2.48985E-02-8.07853E-03
 -1       445 1.98384E+02-3.72844E+01-4.43599E+01
 -1       446 3.40087E-02-9.42782E-03 1.88031E-02
 -1       448 6.26382E+01-8.70429E+01 1.58503E+02
 -1       449-2.79803E+03 4.14731E+01 3.19090E+00
 -1       451-1.53978E+03 4.15702E+01 2.67873E+00
 -1       452-5.65887E-02-1.27604E-03 1.10893E-01
 -1       454 4.92732E+02-2.56266E-01-9.28650E-02
 -1       455 1.98896E-02 5.74596E-02 6.46592E-02
 -1       457 4.93143E+02 2.09528E-02-1.01463E-01
 -1       458 1.38500E-03 7.47301E-02-6.52633E-02
 -1       460 4.93119E+02-1.77936E-02 1.15795E-01
 -1       461 1.59294E-02 2.14645E-02-6.75280E-02
 -1       463 4.93143E+02 1.31551E-02 5.03091E-02
 -1       464-1.48484E-04-1.87120E-01 6.89854E-02
 -1       466 4.93036E+02 5.34587E-02-6.19358E-02
 -1       467 7.17574E-02-2.30933E-01 1.81052E-01
 -1       469 4.93209E+02 3.15584E-01-1.04717E-01
 -1       470 3.87219E-02 1.08963E-01-2.10669E-02
 -1       472 4.92797E+02-2.68718E+00-1.16463E-02
 -1       473-2.29120E-02 2.57807E-01-1.06849E-01
 -1       475 4.88424E+02-3.58699E+00 8.10759E-02
 -1       476 4.19380E-02-1.40007E-02 8.92009E-02
 -1       478 4.74426E+02-5.22676E+00-2.96549E-01
 -1       479 3.33433E+01 1.64174E+01 2.23988E+00
 -1       480-9.19053E-02-2.77492E+01 1.35857E-01
 -1       481 2.14159E-02 6.96780E+00-1.48444E-02
 -1       482-6.09937E+02 6.25049E+02 7.93766E+01
 -1       483 2.48996E+03-1.23460E+03 4.55011E+02
 -1       484-4.47578E+02 6.25094E+02 7.69526E+01
 -1       485 3.33104E+01 1.64618E+01-2.28983E+00
 -1       486-1.41885E-02-2.78136E+01 3.83022E-02
 -1       487 7.46308E-03 6.98237E+00-3.79218E-02
 -1       488-6.11124E+02 6.25366E+02-8.05262E+01
 -1       489 2.49549E+03-1.23472E+03-4.57878E+02
 -1       490-4.43578E+02 6.25345E+02-7.83632E+01
 -1       491 6.61869E+01-1.01796E+00 4.38108E-01
 -1       492-2.81563E-02 2.34730E-02 7.62684E-02
 -1       493 3.53282E-02 3.77417E-02 2.54689E-02
 -1       494 6.51606E+01-3.17127E-01-1.17468E-01
 -1       495 6.22970E-02-2.00251E-01-5.47042E-02
 -1       496 4.26065E-03 5.09417E-02 1.56556E-02
 -1       497 6.51984E+01-1.96221E-01 3.14906E-02
 -1       498-3.39961E-03-2.32551E-02 5.81171E-04
 -1       499-5.42726E-02 1.10361E-01 2.04125E-02
 -1       500 6.49397E+01-9.45214E-02 6.28072E-03
 -1       501 1.54367E-01-2.32612E-02 2.59335E-02
 -1       502-1.44159E-02 1.02942E-01 2.02620E-02
 -1       503 6.50781E+01 2.38657E-01-1.44715E-01
 -1       504 9.18862E-02-1.44678E-01 3.11032E-02
 -1       505-3.26581E-02 4.91008E-02-2.19426E-02
 -1       506 6.46441E+01 6.58080E-01 6.37466E-01
 -1       507 1.39025E-01-2.07240E-01 8.84202E-02
 -1       508-6.65816E-02-2.94944E-02-3.69819E-02
 -1       509 6.54580E+01 4.57831E+00-3.12028E+00
 -1       510 5.99164E-02 4.93614E-02-6.67297E-02
 -1       511-1.66203E-02 7.41391E-02 2.72180E-02
 -1       512 5.40445E+01 1.90534E+01 1.44740E+01
 -1       513 1.53209E-02 6.42391E-02-5.56854E-02
 -1       514 1.87864E-02-2.47253E-02-1.20256E-02
 -1       515 4.32493E+01 6.74854E+01-4.94430E+01
 -1       516 2.06665E-02-1.06326E-01-6.05097E-02
 -1       517-4.94467E-02 1.28548E-01 6.16859E-02
 -1       518-2.01258E+02 8.49713E-01-1.42823E+00
 -1       520 7.33757E-02-1.10226E-02 2.89012E-02
 -1       521-2.00802E+02 8.07715E-01 3.25639E-01
 -1       523-1.16141E-01 4.64380E-02 1.02954E-01
 -1       524-2.00666E+02 1.18571E-01-1.07330E-01
 -1       526 2.00550E-02 8.76263E-02 6.53528E-03
 -1       527-2.00604E+02 3.03618E-02 8.64038E-02
 -1       529-1.01250E-02-1.73910E-02-4.18609E-03
 -1       530-2.00602E+02 3.83978E-02-1.47615E-01
 -1       532-7.72964E-02-4.65607E-02-1.63973E-03
 -1       533-2.00392E+02-1.04566E-01 5.34974E-01
 -1       535 9.99787E-03-8.00651E-02-4.26499E-04
 -1       536-2.01373E+02-1.32142E+00-2.30043E+00
 -1       538 8.19881E-02 9.65661E-02-1.75667E-02
 -1       539-1.95913E+02-7.66445E+00 1.02262E+01
 -1       541-1.97878E-02 2.45724E-02-6.69594E-03
 -1       542-1.98398E+02-3.72284E+01-4.43407E+01
 -1       544-2.26765E-02-1.00204E-01-2.61899E-02
 -1       545-6.28325E+01-8.69427E+01 1.58518E+02
 -1       547 7.58776E-02-1.19260E-01-6.61470E-03
 -1       548-2.48794E+02 1.64117E+01-3.32909E-02
 -1       550 7.33722E-02-2.78593E+01 3.44816E-02
 -1       551 6.61838E+01-1.02487E+00-4.58061E-01
 -1       552 9.70302E-02 1.26118E-02 6.88791E-02
 -1       553-5.86648E-02 2.79723E-02-3.85643E-03
 -1       554 6.52673E+01-3.66897E-01 1.62423E-01
 -1       555-9.86404E-03-1.75263E-01 3.82161E-02
 -1       556-1.65610E-02 5.42083E-02-5.99931E-03
 -1       557 6.52094E+01-1.20065E-01-1.10249E-02
 -1       558 8.94412E-02 1.34676E-02-7.63037E-02
 -1       559-7.79817E-02 6.56161E-03 4.99925E-02
 -1       560 6.51297E+01 1.17178E-02-5.95118E-02
 -1       561 9.26479E-02-5.01100E-02 6.12530E-02
 -1       562-1.89421E-02 1.41944E-02 4.58581E-03
 -1       563 6.52130E+01-1.23630E-01 1.52130E-01
 -1       564 1.01538E-01 1.53681E-01 6.04371E-03
 -1       565-8.46700E-02 1.33343E-01 3.94323E-02
 -1       566 6.47422E+01 4.04375E-01-6.96912E-01
 -1       567 1.42580E-01-1.53863E-02 6.22558E-02
 -1       568-7.25599E-02 5.17390E-02-5.12611E-02
 -1       569 6.56120E+01 4.90460E+00 3.17785E+00
 -1       570-1.59066E-02-1.63275E-01-1.05769E-01
 -1       571 8.38642E-03-1.50632E-02 1.28195E-02
 -1       572 5.41438E+01 1.90862E+01-1.45087E+01
 -1       573 7.36263E-02 8.20610E-02 6.98035E-02
 -1       574 5.20845E-02 1.42124E-02-4.88896E-02
 -1       575 4.37409E+01 6.80209E+01 4.98470E+01
 -1       576-1.39451E-03-8.10931E-02-1.28026E-01
 -1       577-7.20273E-02 2.47727E-02 1.71351E-02
 -1       578-2.01197E+02 8.50668E-01 1.36937E+00
 -1       580 5.14622E-02-2.00198E-02 7.17041E-03
 -1       581-2.00721E+02 8.35387E-01-5.52948E-01
 -1       583-1.10068E-01-2.82417E-02 9.38238E-02
 -1       584-2.00561E+02 9.50210E-02 9.67881E-02
 -1       586 4.01464E-02 1.06629E-01 3.00448E-02
 -1       587-2.00401E+02 6.51489E-02 4.14788E-02
 -1       589-4.47011E-02-1.33831E-02-8.04027E-02
 -1       590-2.00446E+02 9.42755E-02 1.14287E-01
 -1       592-6.38219E-02-1.14960E-01 6.20912E-04
 -1       593-2.00187E+02-2.06468E-01-5.48724E-01
 -1       595 3.60817E-02-2.19475E-03 5.96968E-03
 -1       596-2.01131E+02-1.35701E+00 2.33792E+00
 -1       598 9.86759E-02 1.30685E-01 7.84372E-03
 -1       599-1.95659E+02-7.79390E+00-1.01708E+01
 -1       601-6.96412E-02 1.30606E-01 1.80869E-02
 -1       602-1.98353E+02-3.74699E+01 4.44391E+01
 -1       604-4.89989E-02-6.42373E-02-3.75439E-03
 -1       605-6.31205E+01-8.79107E+01-1.59438E+02
 -1       607 9.23585E-02-3.71756E-02 3.09189E-02
 -1       608 1.53966E+03 4.15842E+01 2.66176E+00
 -1       610 2.79818E+03 4.14963E+01 3.16946E+00
 -1       611-4.92605E+02-2.96867E-01-1.58692E-01
 -1       613-5.43652E-02 9.30748E-03 1.32745E-01
 -1       614-4.93052E+02 1.94158E-02-1.22112E-01
 -1       616-1.14649E-01 5.98573E-02 1.61725E-01
 -1       617-4.93180E+02 2.13589E-02 1.09894E-01
 -1       619 9.87218E-02 1.42956E-02-9.85254E-02
 -1       620-4.93041E+02 1.18597E-01 1.54657E-02
 -1       622-9.02539E-02-9.15975E-02-4.02800E-02
 -1       623-4.92976E+02 1.14312E-02 4.28023E-03
 -1       625-4.00575E-02-1.62768E-01-5.92183E-03
 -1       626-4.93408E+02-4.92092E-02 1.13554E-02
 -1       628 1.00538E-01 1.43594E-01-2.74168E-03
 -1       629-4.92829E+02-2.83365E+00 7.24023E-02
 -1       631 5.78476E-05 2.80575E-01-4.15043E-02
 -1       632-4.88283E+02-3.22817E+00 4.05595E-02
 -1       634-1.69320E-01-1.09089E-01-4.54995E-02
 -1       635-4.74532E+02-5.07759E+00-2.91098E-01
 -1       637 1.03842E-01-2.21055E-01 7.84410E-02
 -3
 9999
