    1C
    1UHash: o04IrjIb, Date: 02/11/2026, Unit system: M_KG_S_C           
    1UUSER                                                              
    1UDATE              11.february.2026                                
    1UTIME              23:41:08                                        
    1UHOST                                                              
    1UPGM               CalculiX                                        
    1UVERSION           Version 2.23                             
    1UCOMPILETIME       Sun Jan 11 00:39:44 CET 2026                    
    1UDIR                                                               
    1UDBN                                                               
    1UMAT    1S235                                                      
    2C                           381                                     1
 -1         1 5.00000E-01 9.00000E-02-5.00000E-02
 -1         2 5.00000E-01 9.00000E-02 5.00000E-02
 -1         3-5.00000E-01 9.00000E-02 5.00000E-02
 -1         4-5.00000E-01 9.00000E-02-5.00000E-02
 -1         5 5.00000E-01-7.00000E-02 5.00000E-02
 -1         6 5.00000E-01-7.00000E-02-5.00000E-02
 -1         7-5.00000E-01-7.00000E-02-5.00000E-02
 -1         8-5.00000E-01-7.00000E-02 5.00000E-02
 -1         9 5.00000E-01 9.00000E-02 3.46945E-17
 -1        10 5.00000E-01 9.00000E-02-2.50000E-02
 -1        11 5.00000E-01 9.00000E-02 2.50000E-02
 -1        12 4.16667E-01 9.00000E-02 5.00000E-02
 -1        13 3.33333E-01 9.00000E-02 5.00000E-02
 -1        14 2.50000E-01 9.00000E-02 5.00000E-02
 -1        15 1.66667E-01 9.00000E-02 5.00000E-02
 -1        16 8.33333E-02 9.00000E-02 5.00000E-02
 -1        17 0.00000E+00 9.00000E-02 5.00000E-02
 -1        18-8.33333E-02 9.00000E-02 5.00000E-02
 -1        19-1.66667E-01 9.00000E-02 5.00000E-02
 -1        20-2.50000E-01 9.00000E-02 5.00000E-02
 -1        21-3.33333E-01 9.00000E-02 5.00000E-02
 -1        22-4.16667E-01 9.00000E-02 5.00000E-02
 -1        23 4.58333E-01 9.00000E-02 5.00000E-02
 -1        24 3.75000E-01 9.00000E-02 5.00000E-02
 -1        25 2.91667E-01 9.00000E-02 5.00000E-02
 -1        26 2.08333E-01 9.00000E-02 5.00000E-02
 -1        27 1.25000E-01 9.00000E-02 5.00000E-02
 -1        28 4.16667E-02 9.00000E-02 5.00000E-02
 -1        29-4.16667E-02 9.00000E-02 5.00000E-02
 -1        30-1.25000E-01 9.00000E-02 5.00000E-02
 -1        31-2.08333E-01 9.00000E-02 5.00000E-02
 -1        32-2.91667E-01 9.00000E-02 5.00000E-02
 -1        33-3.75000E-01 9.00000E-02 5.00000E-02
 -1        34-4.58333E-01 9.00000E-02 5.00000E-02
 -1        35-5.00000E-01 9.00000E-02 3.46945E-17
 -1        36-5.00000E-01 9.00000E-02-2.50000E-02
 -1        37-5.00000E-01 9.00000E-02 2.50000E-02
 -1        38 4.16667E-01 9.00000E-02-5.00000E-02
 -1        39 3.33333E-01 9.00000E-02-5.00000E-02
 -1        40 2.50000E-01 9.00000E-02-5.00000E-02
 -1        41 1.66667E-01 9.00000E-02-5.00000E-02
 -1        42 8.33333E-02 9.00000E-02-5.00000E-02
 -1        43 0.00000E+00 9.00000E-02-5.00000E-02
 -1        44-8.33333E-02 9.00000E-02-5.00000E-02
 -1        45-1.66667E-01 9.00000E-02-5.00000E-02
 -1        46-2.50000E-01 9.00000E-02-5.00000E-02
 -1        47-3.33333E-01 9.00000E-02-5.00000E-02
 -1        48-4.16667E-01 9.00000E-02-5.00000E-02
 -1        49 4.58333E-01 9.00000E-02-5.00000E-02
 -1        50 3.75000E-01 9.00000E-02-5.00000E-02
 -1        51 2.91667E-01 9.00000E-02-5.00000E-02
 -1        52 2.08333E-01 9.00000E-02-5.00000E-02
 -1        53 1.25000E-01 9.00000E-02-5.00000E-02
 -1        54 4.16667E-02 9.00000E-02-5.00000E-02
 -1        55-4.16667E-02 9.00000E-02-5.00000E-02
 -1        56-1.25000E-01 9.00000E-02-5.00000E-02
 -1        57-2.08333E-01 9.00000E-02-5.00000E-02
 -1        58-2.91667E-01 9.00000E-02-5.00000E-02
 -1        59-3.75000E-01 9.00000E-02-5.00000E-02
 -1        60-4.58333E-01 9.00000E-02-5.00000E-02
 -1        61 5.00000E-01 1.00000E-02 5.00000E-02
 -1        62 5.00000E-01-3.00000E-02 5.00000E-02
 -1        63 5.00000E-01 5.00000E-02 5.00000E-02
 -1        64 5.00000E-01-7.00000E-02 3.46945E-17
 -1        65 5.00000E-01-7.00000E-02-2.50000E-02
 -1        66 5.00000E-01-7.00000E-02 2.50000E-02
 -1        67 5.00000E-01 1.00000E-02-5.00000E-02
 -1        68 5.00000E-01 5.00000E-02-5.00000E-02
 -1        69 5.00000E-01-3.00000E-02-5.00000E-02
 -1        70-4.16667E-01-7.00000E-02-5.00000E-02
 -1        71-3.33333E-01-7.00000E-02-5.00000E-02
 -1        72-2.50000E-01-7.00000E-02-5.00000E-02
 -1        73-1.66667E-01-7.00000E-02-5.00000E-02
 -1        74-8.33333E-02-7.00000E-02-5.00000E-02
 -1        75 0.00000E+00-7.00000E-02-5.00000E-02
 -1        76 8.33333E-02-7.00000E-02-5.00000E-02
 -1        77 1.66667E-01-7.00000E-02-5.00000E-02
 -1        78 2.50000E-01-7.00000E-02-5.00000E-02
 -1        79 3.33333E-01-7.00000E-02-5.00000E-02
 -1        80 4.16667E-01-7.00000E-02-5.00000E-02
 -1        81-4.58333E-01-7.00000E-02-5.00000E-02
 -1        82-3.75000E-01-7.00000E-02-5.00000E-02
 -1        83-2.91667E-01-7.00000E-02-5.00000E-02
 -1        84-2.08333E-01-7.00000E-02-5.00000E-02
 -1        85-1.25000E-01-7.00000E-02-5.00000E-02
 -1        86-4.16667E-02-7.00000E-02-5.00000E-02
 -1        87 4.16667E-02-7.00000E-02-5.00000E-02
 -1        88 1.25000E-01-7.00000E-02-5.00000E-02
 -1        89 2.08333E-01-7.00000E-02-5.00000E-02
 -1        90 2.91667E-01-7.00000E-02-5.00000E-02
 -1        91 3.75000E-01-7.00000E-02-5.00000E-02
 -1        92 4.58333E-01-7.00000E-02-5.00000E-02
 -1        93 4.16667E-01-7.00000E-02 5.00000E-02
 -1        94 3.33333E-01-7.00000E-02 5.00000E-02
 -1        95 2.50000E-01-7.00000E-02 5.00000E-02
 -1        96 1.66667E-01-7.00000E-02 5.00000E-02
 -1        97 8.33333E-02-7.00000E-02 5.00000E-02
 -1        98 0.00000E+00-7.00000E-02 5.00000E-02
 -1        99-8.33333E-02-7.00000E-02 5.00000E-02
 -1       100-1.66667E-01-7.00000E-02 5.00000E-02
 -1       101-2.50000E-01-7.00000E-02 5.00000E-02
 -1       102-3.33333E-01-7.00000E-02 5.00000E-02
 -1       103-4.16667E-01-7.00000E-02 5.00000E-02
 -1       104 4.58333E-01-7.00000E-02 5.00000E-02
 -1       105 3.75000E-01-7.00000E-02 5.00000E-02
 -1       106 2.91667E-01-7.00000E-02 5.00000E-02
 -1       107 2.08333E-01-7.00000E-02 5.00000E-02
 -1       108 1.25000E-01-7.00000E-02 5.00000E-02
 -1       109 4.16667E-02-7.00000E-02 5.00000E-02
 -1       110-4.16667E-02-7.00000E-02 5.00000E-02
 -1       111-1.25000E-01-7.00000E-02 5.00000E-02
 -1       112-2.08333E-01-7.00000E-02 5.00000E-02
 -1       113-2.91667E-01-7.00000E-02 5.00000E-02
 -1       114-3.75000E-01-7.00000E-02 5.00000E-02
 -1       115-4.58333E-01-7.00000E-02 5.00000E-02
 -1       116-5.00000E-01-7.00000E-02-3.46945E-17
 -1       117-5.00000E-01-7.00000E-02 2.50000E-02
 -1       118-5.00000E-01-7.00000E-02-2.50000E-02
 -1       119-5.00000E-01 1.00000E-02-5.00000E-02
 -1       120-5.00000E-01 5.00000E-02-5.00000E-02
 -1       121-5.00000E-01-3.00000E-02-5.00000E-02
 -1       122-5.00000E-01 1.00000E-02 5.00000E-02
 -1       123-5.00000E-01 5.00000E-02 5.00000E-02
 -1       124-5.00000E-01-3.00000E-02 5.00000E-02
 -1       125 4.16667E-01 9.00000E-02 3.46945E-17
 -1       126 3.33333E-01 9.00000E-02 2.08167E-17
 -1       127 2.50000E-01 9.00000E-02 3.46945E-17
 -1       128 1.66667E-01 9.00000E-02 3.46945E-17
 -1       129 8.33333E-02 9.00000E-02 3.46945E-17
 -1       130 0.00000E+00 9.00000E-02 3.46945E-17
 -1       131-8.33333E-02 9.00000E-02 4.16334E-17
 -1       132-1.66667E-01 9.00000E-02 4.16334E-17
 -1       133-2.50000E-01 9.00000E-02 2.08167E-17
 -1       134-3.33333E-01 9.00000E-02 3.46945E-17
 -1       135-4.16667E-01 9.00000E-02 3.46945E-17
 -1       136 4.16667E-01 9.00000E-02-2.50000E-02
 -1       137 4.58333E-01 9.00000E-02 3.46945E-17
 -1       138 3.33333E-01 9.00000E-02-2.50000E-02
 -1       139 3.75000E-01 9.00000E-02 2.77556E-17
 -1       140 2.50000E-01 9.00000E-02-2.50000E-02
 -1       141 2.91667E-01 9.00000E-02 2.77556E-17
 -1       142 1.66667E-01 9.00000E-02-2.50000E-02
 -1       143 2.08333E-01 9.00000E-02 3.46945E-17
 -1       144 8.33333E-02 9.00000E-02-2.50000E-02
 -1       145 1.25000E-01 9.00000E-02 3.46945E-17
 -1       146 0.00000E+00 9.00000E-02-2.50000E-02
 -1       147 4.16667E-02 9.00000E-02 3.46945E-17
 -1       148-8.33333E-02 9.00000E-02-2.50000E-02
 -1       149-4.16667E-02 9.00000E-02 3.81639E-17
 -1       150-1.66667E-01 9.00000E-02-2.50000E-02
 -1       151-1.25000E-01 9.00000E-02 4.16334E-17
 -1       152-2.50000E-01 9.00000E-02-2.50000E-02
 -1       153-2.08333E-01 9.00000E-02 3.12250E-17
 -1       154-3.33333E-01 9.00000E-02-2.50000E-02
 -1       155-2.91667E-01 9.00000E-02 2.77556E-17
 -1       156-4.16667E-01 9.00000E-02-2.50000E-02
 -1       157-3.75000E-01 9.00000E-02 3.46945E-17
 -1       158-4.58333E-01 9.00000E-02 3.46945E-17
 -1       159 4.16667E-01 9.00000E-02 2.50000E-02
 -1       160 3.33333E-01 9.00000E-02 2.50000E-02
 -1       161 2.50000E-01 9.00000E-02 2.50000E-02
 -1       162 1.66667E-01 9.00000E-02 2.50000E-02
 -1       163 8.33333E-02 9.00000E-02 2.50000E-02
 -1       164 0.00000E+00 9.00000E-02 2.50000E-02
 -1       165-8.33333E-02 9.00000E-02 2.50000E-02
 -1       166-1.66667E-01 9.00000E-02 2.50000E-02
 -1       167-2.50000E-01 9.00000E-02 2.50000E-02
 -1       168-3.33333E-01 9.00000E-02 2.50000E-02
 -1       169-4.16667E-01 9.00000E-02 2.50000E-02
 -1       170 5.00000E-01 1.00000E-02 4.46191E-17
 -1       171 5.00000E-01 5.00000E-02 3.96568E-17
 -1       172 5.00000E-01 1.00000E-02-2.50000E-02
 -1       173 5.00000E-01-3.00000E-02 3.96568E-17
 -1       174 5.00000E-01 1.00000E-02 2.50000E-02
 -1       175-4.16667E-01-7.00000E-02-3.15141E-17
 -1       176-3.33333E-01-7.00000E-02-2.13949E-17
 -1       177-2.50000E-01-7.00000E-02-1.73472E-17
 -1       178-1.66667E-01-7.00000E-02-1.50343E-17
 -1       179-8.33333E-02-7.00000E-02-5.78241E-18
 -1       180-6.30809E-18-7.00000E-02-4.45737E-30
 -1       181 8.33333E-02-7.00000E-02 5.78241E-18
 -1       182 1.66667E-01-7.00000E-02 8.09538E-18
 -1       183 2.50000E-01-7.00000E-02 1.73472E-17
 -1       184 3.33333E-01-7.00000E-02 2.65991E-17
 -1       185 4.16667E-01-7.00000E-02 2.54426E-17
 -1       186-4.58333E-01-7.00000E-02-3.31043E-17
 -1       187-4.16667E-01-7.00000E-02 2.50000E-02
 -1       188-3.75000E-01-7.00000E-02-2.64545E-17
 -1       189-3.33333E-01-7.00000E-02 2.50000E-02
 -1       190-2.91667E-01-7.00000E-02-1.93711E-17
 -1       191-2.50000E-01-7.00000E-02 2.50000E-02
 -1       192-2.08333E-01-7.00000E-02-1.61908E-17
 -1       193-1.66667E-01-7.00000E-02 2.50000E-02
 -1       194-1.25000E-01-7.00000E-02-1.04083E-17
 -1       195-8.33333E-02-7.00000E-02 2.50000E-02
 -1       196-4.16667E-02-7.00000E-02-2.89121E-18
 -1       197-3.15404E-18-7.00000E-02 2.50000E-02
 -1       198 4.16667E-02-7.00000E-02 2.89121E-18
 -1       199 8.33333E-02-7.00000E-02 2.50000E-02
 -1       200 1.25000E-01-7.00000E-02 6.93889E-18
 -1       201 1.66667E-01-7.00000E-02 2.50000E-02
 -1       202 2.08333E-01-7.00000E-02 1.27213E-17
 -1       203 2.50000E-01-7.00000E-02 2.50000E-02
 -1       204 2.91667E-01-7.00000E-02 2.19732E-17
 -1       205 3.33333E-01-7.00000E-02 2.50000E-02
 -1       206 3.75000E-01-7.00000E-02 2.60209E-17
 -1       207 4.16667E-01-7.00000E-02 2.50000E-02
 -1       208 4.58333E-01-7.00000E-02 3.00685E-17
 -1       209-4.16667E-01-7.00000E-02-2.50000E-02
 -1       210-3.33333E-01-7.00000E-02-2.50000E-02
 -1       211-2.50000E-01-7.00000E-02-2.50000E-02
 -1       212-1.66667E-01-7.00000E-02-2.50000E-02
 -1       213-8.33333E-02-7.00000E-02-2.50000E-02
 -1       214-3.15404E-18-7.00000E-02-2.50000E-02
 -1       215 8.33333E-02-7.00000E-02-2.50000E-02
 -1       216 1.66667E-01-7.00000E-02-2.50000E-02
 -1       217 2.50000E-01-7.00000E-02-2.50000E-02
 -1       218 3.33333E-01-7.00000E-02-2.50000E-02
 -1       219 4.16667E-01-7.00000E-02-2.50000E-02
 -1       220 4.16667E-01 1.00000E-02-5.00000E-02
 -1       221 3.33333E-01 1.00000E-02-5.00000E-02
 -1       222 2.50000E-01 1.00000E-02-5.00000E-02
 -1       223 1.66667E-01 1.00000E-02-5.00000E-02
 -1       224 8.33333E-02 1.00000E-02-5.00000E-02
 -1       225 0.00000E+00 1.00000E-02-5.00000E-02
 -1       226-8.33333E-02 1.00000E-02-5.00000E-02
 -1       227-1.66667E-01 1.00000E-02-5.00000E-02
 -1       228-2.50000E-01 1.00000E-02-5.00000E-02
 -1       229-3.33333E-01 1.00000E-02-5.00000E-02
 -1       230-4.16667E-01 1.00000E-02-5.00000E-02
 -1       231 4.58333E-01 1.00000E-02-5.00000E-02
 -1       232 4.16667E-01 5.00000E-02-5.00000E-02
 -1       233 3.75000E-01 1.00000E-02-5.00000E-02
 -1       234 3.33333E-01 5.00000E-02-5.00000E-02
 -1       235 2.91667E-01 1.00000E-02-5.00000E-02
 -1       236 2.50000E-01 5.00000E-02-5.00000E-02
 -1       237 2.08333E-01 1.00000E-02-5.00000E-02
 -1       238 1.66667E-01 5.00000E-02-5.00000E-02
 -1       239 1.25000E-01 1.00000E-02-5.00000E-02
 -1       240 8.33333E-02 5.00000E-02-5.00000E-02
 -1       241 4.16667E-02 1.00000E-02-5.00000E-02
 -1       242 0.00000E+00 5.00000E-02-5.00000E-02
 -1       243-4.16667E-02 1.00000E-02-5.00000E-02
 -1       244-8.33333E-02 5.00000E-02-5.00000E-02
 -1       245-1.25000E-01 1.00000E-02-5.00000E-02
 -1       246-1.66667E-01 5.00000E-02-5.00000E-02
 -1       247-2.08333E-01 1.00000E-02-5.00000E-02
 -1       248-2.50000E-01 5.00000E-02-5.00000E-02
 -1       249-2.91667E-01 1.00000E-02-5.00000E-02
 -1       250-3.33333E-01 5.00000E-02-5.00000E-02
 -1       251-3.75000E-01 1.00000E-02-5.00000E-02
 -1       252-4.16667E-01 5.00000E-02-5.00000E-02
 -1       253-4.58333E-01 1.00000E-02-5.00000E-02
 -1       254 4.16667E-01-3.00000E-02-5.00000E-02
 -1       255 3.33333E-01-3.00000E-02-5.00000E-02
 -1       256 2.50000E-01-3.00000E-02-5.00000E-02
 -1       257 1.66667E-01-3.00000E-02-5.00000E-02
 -1       258 8.33333E-02-3.00000E-02-5.00000E-02
 -1       259 0.00000E+00-3.00000E-02-5.00000E-02
 -1       260-8.33333E-02-3.00000E-02-5.00000E-02
 -1       261-1.66667E-01-3.00000E-02-5.00000E-02
 -1       262-2.50000E-01-3.00000E-02-5.00000E-02
 -1       263-3.33333E-01-3.00000E-02-5.00000E-02
 -1       264-4.16667E-01-3.00000E-02-5.00000E-02
 -1       265 4.16667E-01 1.00000E-02 5.00000E-02
 -1       266 3.33333E-01 1.00000E-02 5.00000E-02
 -1       267 2.50000E-01 1.00000E-02 5.00000E-02
 -1       268 1.66667E-01 1.00000E-02 5.00000E-02
 -1       269 8.33333E-02 1.00000E-02 5.00000E-02
 -1       270 0.00000E+00 1.00000E-02 5.00000E-02
 -1       271-8.33333E-02 1.00000E-02 5.00000E-02
 -1       272-1.66667E-01 1.00000E-02 5.00000E-02
 -1       273-2.50000E-01 1.00000E-02 5.00000E-02
 -1       274-3.33333E-01 1.00000E-02 5.00000E-02
 -1       275-4.16667E-01 1.00000E-02 5.00000E-02
 -1       276 4.58333E-01 1.00000E-02 5.00000E-02
 -1       277 4.16667E-01-3.00000E-02 5.00000E-02
 -1       278 3.75000E-01 1.00000E-02 5.00000E-02
 -1       279 3.33333E-01-3.00000E-02 5.00000E-02
 -1       280 2.91667E-01 1.00000E-02 5.00000E-02
 -1       281 2.50000E-01-3.00000E-02 5.00000E-02
 -1       282 2.08333E-01 1.00000E-02 5.00000E-02
 -1       283 1.66667E-01-3.00000E-02 5.00000E-02
 -1       284 1.25000E-01 1.00000E-02 5.00000E-02
 -1       285 8.33333E-02-3.00000E-02 5.00000E-02
 -1       286 4.16667E-02 1.00000E-02 5.00000E-02
 -1       287 0.00000E+00-3.00000E-02 5.00000E-02
 -1       288-4.16667E-02 1.00000E-02 5.00000E-02
 -1       289-8.33333E-02-3.00000E-02 5.00000E-02
 -1       290-1.25000E-01 1.00000E-02 5.00000E-02
 -1       291-1.66667E-01-3.00000E-02 5.00000E-02
 -1       292-2.08333E-01 1.00000E-02 5.00000E-02
 -1       293-2.50000E-01-3.00000E-02 5.00000E-02
 -1       294-2.91667E-01 1.00000E-02 5.00000E-02
 -1       295-3.33333E-01-3.00000E-02 5.00000E-02
 -1       296-3.75000E-01 1.00000E-02 5.00000E-02
 -1       297-4.16667E-01-3.00000E-02 5.00000E-02
 -1       298-4.58333E-01 1.00000E-02 5.00000E-02
 -1       299 4.16667E-01 5.00000E-02 5.00000E-02
 -1       300 3.33333E-01 5.00000E-02 5.00000E-02
 -1       301 2.50000E-01 5.00000E-02 5.00000E-02
 -1       302 1.66667E-01 5.00000E-02 5.00000E-02
 -1       303 8.33333E-02 5.00000E-02 5.00000E-02
 -1       304 0.00000E+00 5.00000E-02 5.00000E-02
 -1       305-8.33333E-02 5.00000E-02 5.00000E-02
 -1       306-1.66667E-01 5.00000E-02 5.00000E-02
 -1       307-2.50000E-01 5.00000E-02 5.00000E-02
 -1       308-3.33333E-01 5.00000E-02 5.00000E-02
 -1       309-4.16667E-01 5.00000E-02 5.00000E-02
 -1       310-5.00000E-01 1.00000E-02 9.02390E-18
 -1       311-5.00000E-01 1.00000E-02-2.50000E-02
 -1       312-5.00000E-01 5.00000E-02 2.18592E-17
 -1       313-5.00000E-01-3.00000E-02-1.28353E-17
 -1       314-5.00000E-01 1.00000E-02 2.50000E-02
 -1       315 4.16667E-01 1.00000E-02 3.59955E-17
 -1       316 3.33333E-01 1.00000E-02 2.86229E-17
 -1       317 2.50000E-01 1.00000E-02 3.16587E-17
 -1       318 1.66667E-01 1.00000E-02 2.86229E-17
 -1       319 8.33333E-02 1.00000E-02 2.08167E-17
 -1       320-6.93889E-18 1.00000E-02 1.99493E-17
 -1       321-8.33333E-02 1.00000E-02 2.25514E-17
 -1       322-1.66667E-01 1.00000E-02 2.60209E-17
 -1       323-2.50000E-01 1.00000E-02 5.20417E-18
 -1       324-3.33333E-01 1.00000E-02 1.04083E-17
 -1       325-4.16667E-01 1.00000E-02 5.20417E-18
 -1       326 4.16667E-01 5.00000E-02 3.53450E-17
 -1       327 4.58333E-01 1.00000E-02 4.03073E-17
 -1       328 4.16667E-01 1.00000E-02-2.50000E-02
 -1       329 4.16667E-01-3.00000E-02 3.07191E-17
 -1       330 3.33333E-01 5.00000E-02 2.47198E-17
 -1       331 3.75000E-01 1.00000E-02 3.23092E-17
 -1       332 3.33333E-01 1.00000E-02-2.50000E-02
 -1       333 3.33333E-01-3.00000E-02 2.76110E-17
 -1       334 2.50000E-01 5.00000E-02 3.31766E-17
 -1       335 2.91667E-01 1.00000E-02 3.01408E-17
 -1       336 2.50000E-01 1.00000E-02-2.50000E-02
 -1       337 2.50000E-01-3.00000E-02 2.45030E-17
 -1       338 1.66667E-01 5.00000E-02 3.16587E-17
 -1       339 2.08333E-01 1.00000E-02 3.01408E-17
 -1       340 1.66667E-01 1.00000E-02-2.50000E-02
 -1       341 1.66667E-01-3.00000E-02 1.83592E-17
 -1       342 8.33333E-02 5.00000E-02 2.77556E-17
 -1       343 1.25000E-01 1.00000E-02 2.47198E-17
 -1       344 8.33333E-02 1.00000E-02-2.50000E-02
 -1       345 8.33333E-02-3.00000E-02 1.32995E-17
 -1       346-3.46945E-18 5.00000E-02 2.73219E-17
 -1       347 4.16667E-02 1.00000E-02 2.03830E-17
 -1       348-3.46945E-18 1.00000E-02-2.50000E-02
 -1       349-6.62349E-18-3.00000E-02 9.97466E-18
 -1       350-8.33333E-02 5.00000E-02 3.20924E-17
 -1       351-4.16667E-02 1.00000E-02 2.12504E-17
 -1       352-8.33333E-02 1.00000E-02-2.50000E-02
 -1       353-8.33333E-02-3.00000E-02 8.38450E-18
 -1       354-1.66667E-01 5.00000E-02 3.38271E-17
 -1       355-1.25000E-01 1.00000E-02 2.42861E-17
 -1       356-1.66667E-01 1.00000E-02-2.50000E-02
 -1       357-1.66667E-01-3.00000E-02 5.49329E-18
 -1       358-2.50000E-01 5.00000E-02 1.30104E-17
 -1       359-2.08333E-01 1.00000E-02 1.56125E-17
 -1       360-2.50000E-01 1.00000E-02-2.50000E-02
 -1       361-2.50000E-01-3.00000E-02-6.07153E-18
 -1       362-3.33333E-01 5.00000E-02 2.25514E-17
 -1       363-2.91667E-01 1.00000E-02 7.80626E-18
 -1       364-3.33333E-01 1.00000E-02-2.50000E-02
 -1       365-3.33333E-01-3.00000E-02-5.49329E-18
 -1       366-4.16667E-01 5.00000E-02 1.99493E-17
 -1       367-3.75000E-01 1.00000E-02 7.80626E-18
 -1       368-4.16667E-01 1.00000E-02-2.50000E-02
 -1       369-4.16667E-01-3.00000E-02-1.31550E-17
 -1       370-4.58333E-01 1.00000E-02 7.11403E-18
 -1       371 4.16667E-01 1.00000E-02 2.50000E-02
 -1       372 3.33333E-01 1.00000E-02 2.50000E-02
 -1       373 2.50000E-01 1.00000E-02 2.50000E-02
 -1       374 1.66667E-01 1.00000E-02 2.50000E-02
 -1       375 8.33333E-02 1.00000E-02 2.50000E-02
 -1       376-3.46945E-18 1.00000E-02 2.50000E-02
 -1       377-8.33333E-02 1.00000E-02 2.50000E-02
 -1       378-1.66667E-01 1.00000E-02 2.50000E-02
 -1       379-2.50000E-01 1.00000E-02 2.50000E-02
 -1       380-3.33333E-01 1.00000E-02 2.50000E-02
 -1       381-4.16667E-01 1.00000E-02 2.50000E-02
 -3
    3C                            48                                     1
 -1         1    4    0    1
 -2         1         9       125        38        67       170       315       220        10       137
 -2       136        49        68       171       326       232       172       327       328       231
 -1         2    4    0    1
 -2        67       170       315       220         6        64       185        80       172       327
 -2       328       231        69       173       329       254        65       208       219        92
 -1         3    4    0    1
 -2        38       125       126        39       220       315       316       221       136       139
 -2       138        50       232       326       330       234       328       331       332       233
 -1         4    4    0    1
 -2       220       315       316       221        80       185       184        79       328       331
 -2       332       233       254       329       333       255       219       206       218        91
 -1         5    4    0    1
 -2        39       126       127        40       221       316       317       222       138       141
 -2       140        51       234       330       334       236       332       335       336       235
 -1         6    4    0    1
 -2       221       316       317       222        79       184       183        78       332       335
 -2       336       235       255       333       337       256       218       204       217        90
 -1         7    4    0    1
 -2        40       127       128        41       222       317       318       223       140       143
 -2       142        52       236       334       338       238       336       339       340       237
 -1         8    4    0    1
 -2       222       317       318       223        78       183       182        77       336       339
 -2       340       237       256       337       341       257       217       202       216        89
 -1         9    4    0    1
 -2        41       128       129        42       223       318       319       224       142       145
 -2       144        53       238       338       342       240       340       343       344       239
 -1        10    4    0    1
 -2       223       318       319       224        77       182       181        76       340       343
 -2       344       239       257       341       345       258       216       200       215        88
 -1        11    4    0    1
 -2        42       129       130        43       224       319       320       225       144       147
 -2       146        54       240       342       346       242       344       347       348       241
 -1        12    4    0    1
 -2       224       319       320       225        76       181       180        75       344       347
 -2       348       241       258       345       349       259       215       198       214        87
 -1        13    4    0    1
 -2        43       130       131        44       225       320       321       226       146       149
 -2       148        55       242       346       350       244       348       351       352       243
 -1        14    4    0    1
 -2       225       320       321       226        75       180       179        74       348       351
 -2       352       243       259       349       353       260       214       196       213        86
 -1        15    4    0    1
 -2        44       131       132        45       226       321       322       227       148       151
 -2       150        56       244       350       354       246       352       355       356       245
 -1        16    4    0    1
 -2       226       321       322       227        74       179       178        73       352       355
 -2       356       245       260       353       357       261       213       194       212        85
 -1        17    4    0    1
 -2        45       132       133        46       227       322       323       228       150       153
 -2       152        57       246       354       358       248       356       359       360       247
 -1        18    4    0    1
 -2       227       322       323       228        73       178       177        72       356       359
 -2       360       247       261       357       361       262       212       192       211        84
 -1        19    4    0    1
 -2        46       133       134        47       228       323       324       229       152       155
 -2       154        58       248       358       362       250       360       363       364       249
 -1        20    4    0    1
 -2       228       323       324       229        72       177       176        71       360       363
 -2       364       249       262       361       365       263       211       190       210        83
 -1        21    4    0    1
 -2        47       134       135        48       229       324       325       230       154       157
 -2       156        59       250       362       366       252       364       367       368       251
 -1        22    4    0    1
 -2       229       324       325       230        71       176       175        70       364       367
 -2       368       251       263       365       369       264       210       188       209        82
 -1        23    4    0    1
 -2        48       135        35         4       230       325       310       119       156       158
 -2        36        60       252       366       312       120       368       370       311       253
 -1        24    4    0    1
 -2       230       325       310       119        70       175       116         7       368       370
 -2       311       253       264       369       313       121       209       186       118        81
 -1        25    4    0    1
 -2         9         2        12       125       170        61       265       315        11        23
 -2       159       137       171        63       299       326       174       276       371       327
 -1        26    4    0    1
 -2       170        61       265       315        64         5        93       185       174       276
 -2       371       327       173        62       277       329        66       104       207       208
 -1        27    4    0    1
 -2       125        12        13       126       315       265       266       316       159        24
 -2       160       139       326       299       300       330       371       278       372       331
 -1        28    4    0    1
 -2       315       265       266       316       185        93        94       184       371       278
 -2       372       331       329       277       279       333       207       105       205       206
 -1        29    4    0    1
 -2       126        13        14       127       316       266       267       317       160        25
 -2       161       141       330       300       301       334       372       280       373       335
 -1        30    4    0    1
 -2       316       266       267       317       184        94        95       183       372       280
 -2       373       335       333       279       281       337       205       106       203       204
 -1        31    4    0    1
 -2       127        14        15       128       317       267       268       318       161        26
 -2       162       143       334       301       302       338       373       282       374       339
 -1        32    4    0    1
 -2       317       267       268       318       183        95        96       182       373       282
 -2       374       339       337       281       283       341       203       107       201       202
 -1        33    4    0    1
 -2       128        15        16       129       318       268       269       319       162        27
 -2       163       145       338       302       303       342       374       284       375       343
 -1        34    4    0    1
 -2       318       268       269       319       182        96        97       181       374       284
 -2       375       343       341       283       285       345       201       108       199       200
 -1        35    4    0    1
 -2       129        16        17       130       319       269       270       320       163        28
 -2       164       147       342       303       304       346       375       286       376       347
 -1        36    4    0    1
 -2       319       269       270       320       181        97        98       180       375       286
 -2       376       347       345       285       287       349       199       109       197       198
 -1        37    4    0    1
 -2       130        17        18       131       320       270       271       321       164        29
 -2       165       149       346       304       305       350       376       288       377       351
 -1        38    4    0    1
 -2       320       270       271       321       180        98        99       179       376       288
 -2       377       351       349       287       289       353       197       110       195       196
 -1        39    4    0    1
 -2       131        18        19       132       321       271       272       322       165        30
 -2       166       151       350       305       306       354       377       290       378       355
 -1        40    4    0    1
 -2       321       271       272       322       179        99       100       178       377       290
 -2       378       355       353       289       291       357       195       111       193       194
 -1        41    4    0    1
 -2       132        19        20       133       322       272       273       323       166        31
 -2       167       153       354       306       307       358       378       292       379       359
 -1        42    4    0    1
 -2       322       272       273       323       178       100       101       177       378       292
 -2       379       359       357       291       293       361       193       112       191       192
 -1        43    4    0    1
 -2       133        20        21       134       323       273       274       324       167        32
 -2       168       155       358       307       308       362       379       294       380       363
 -1        44    4    0    1
 -2       323       273       274       324       177       101       102       176       379       294
 -2       380       363       361       293       295       365       191       113       189       190
 -1        45    4    0    1
 -2       134        21        22       135       324       274       275       325       168        33
 -2       169       157       362       308       309       366       380       296       381       367
 -1        46    4    0    1
 -2       324       274       275       325       176       102       103       175       380       296
 -2       381       367       365       295       297       369       189       114       187       188
 -1        47    4    0    1
 -2       135        22         3        35       325       275       122       310       169        34
 -2        37       158       366       309       123       312       381       298       314       370
 -1        48    4    0    1
 -2       325       275       122       310       175       103         8       116       381       298
 -2       314       370       369       297       124       313       187       115       117       186
 -3
    1PSTEP                         1           1           1          
  100CL  101 1.000000000         381                     0    1           1
 -4  DISP        4    1
 -5  D1          1    2    1    0
 -5  D2          1    2    2    0
 -5  D3          1    2    3    0
 -5  ALL         1    2    0    0    1ALL
 -1         1 5.54845E-06-4.68521E-05-1.30710E-09
 -1         2 5.54838E-06-4.68521E-05 1.41534E-09
 -1         3 0.00000E+00 0.00000E+00 0.00000E+00
 -1         4 0.00000E+00 0.00000E+00 0.00000E+00
 -1         5-5.54847E-06-4.68521E-05-1.34175E-09
 -1         6-5.54845E-06-4.68521E-05 1.39020E-09
 -1         7 0.00000E+00 0.00000E+00 0.00000E+00
 -1         8 0.00000E+00 0.00000E+00 0.00000E+00
 -1         9 5.55296E-06-4.68540E-05 4.67067E-11
 -1        10 5.55225E-06-4.68535E-05-5.25239E-10
 -1        11 5.55222E-06-4.68535E-05 6.26428E-10
 -1        12 5.50588E-06-4.10192E-05-1.31343E-08
 -1        13 5.38945E-06-3.52766E-05-2.60803E-08
 -1        14 5.19569E-06-2.96956E-05-3.90271E-08
 -1        15 4.92441E-06-2.43568E-05-5.20585E-08
 -1        16 4.57567E-06-1.93409E-05-6.51089E-08
 -1        17 4.14940E-06-1.47287E-05-7.80840E-08
 -1        18 3.64552E-06-1.06009E-05-9.11527E-08
 -1        19 3.06440E-06-7.03810E-06-1.04220E-07
 -1        20 2.40521E-06-4.12181E-06-1.16999E-07
 -1        21 1.67032E-06-1.92981E-06-1.30230E-07
 -1        22 8.57033E-07-5.45495E-07-1.39396E-07
 -1        23 5.53571E-06-4.39253E-05-7.34754E-09
 -1        24 5.45716E-06-3.81327E-05-1.95675E-08
 -1        25 5.30210E-06-3.24609E-05-3.25382E-08
 -1        26 5.06958E-06-2.69909E-05-4.55256E-08
 -1        27 4.75958E-06-2.18034E-05-5.86033E-08
 -1        28 4.37206E-06-1.69793E-05-7.15981E-08
 -1        29 3.90699E-06-1.25992E-05-8.46219E-08
 -1        30 3.36446E-06-8.74382E-06-9.77046E-08
 -1        31 2.74444E-06-5.49408E-06-1.10624E-07
 -1        32 2.04691E-06-2.93040E-06-1.23611E-07
 -1        33 1.27402E-06-1.13485E-06-1.36068E-07
 -1        34 4.25332E-07-1.84205E-07-1.41915E-07
 -1        35 0.00000E+00 0.00000E+00 0.00000E+00
 -1        36 0.00000E+00 0.00000E+00 0.00000E+00
 -1        37 0.00000E+00 0.00000E+00 0.00000E+00
 -1        38 5.50591E-06-4.10192E-05 1.31270E-08
 -1        39 5.38944E-06-3.52766E-05 2.60360E-08
 -1        40 5.19568E-06-2.96956E-05 3.91380E-08
 -1        41 4.92445E-06-2.43568E-05 5.20989E-08
 -1        42 4.57567E-06-1.93409E-05 6.50827E-08
 -1        43 4.14938E-06-1.47287E-05 7.81464E-08
 -1        44 3.64555E-06-1.06009E-05 9.11334E-08
 -1        45 3.06438E-06-7.03810E-06 1.04196E-07
 -1        46 2.40520E-06-4.12175E-06 1.17128E-07
 -1        47 1.67039E-06-1.92980E-06 1.30253E-07
 -1        48 8.57022E-07-5.45518E-07 1.39287E-07
 -1        49 5.53577E-06-4.39254E-05 7.39247E-09
 -1        50 5.45716E-06-3.81327E-05 1.95118E-08
 -1        51 5.30210E-06-3.24609E-05 3.25737E-08
 -1        52 5.06959E-06-2.69908E-05 4.56179E-08
 -1        53 4.75960E-06-2.18034E-05 5.85680E-08
 -1        54 4.37206E-06-1.69793E-05 7.16388E-08
 -1        55 3.90700E-06-1.25992E-05 8.46542E-08
 -1        56 3.36448E-06-8.74384E-06 9.76483E-08
 -1        57 2.74441E-06-5.49405E-06 1.10679E-07
 -1        58 2.04693E-06-2.93036E-06 1.23702E-07
 -1        59 1.27407E-06-1.13486E-06 1.36001E-07
 -1        60 4.25313E-07-1.84215E-07 1.41860E-07
 -1        61-4.90118E-11-4.68364E-05 7.90349E-11
 -1        62-2.75970E-06-4.68438E-05-2.53703E-09
 -1        63 2.75959E-06-4.68438E-05 2.65977E-09
 -1        64-5.55299E-06-4.68540E-05 2.73173E-11
 -1        65-5.55227E-06-4.68535E-05 6.05994E-10
 -1        66-5.55227E-06-4.68535E-05-5.54379E-10
 -1        67 3.12758E-11-4.68364E-05 7.96722E-11
 -1        68 2.75966E-06-4.68438E-05-2.54884E-09
 -1        69-2.75963E-06-4.68438E-05 2.63060E-09
 -1        70-8.56974E-07-5.45493E-07-1.39396E-07
 -1        71-1.67029E-06-1.92984E-06-1.30198E-07
 -1        72-2.40523E-06-4.12180E-06-1.17021E-07
 -1        73-3.06443E-06-7.03807E-06-1.04277E-07
 -1        74-3.64555E-06-1.06009E-05-9.11182E-08
 -1        75-4.14939E-06-1.47287E-05-7.80686E-08
 -1        76-4.57565E-06-1.93409E-05-6.51322E-08
 -1        77-4.92440E-06-2.43568E-05-5.21045E-08
 -1        78-5.19567E-06-2.96956E-05-3.90082E-08
 -1        79-5.38947E-06-3.52766E-05-2.60254E-08
 -1        80-5.50593E-06-4.10192E-05-1.31905E-08
 -1        81-4.25297E-07-1.84205E-07-1.41910E-07
 -1        82-1.27398E-06-1.13486E-06-1.36053E-07
 -1        83-2.04688E-06-2.93041E-06-1.23608E-07
 -1        84-2.74447E-06-5.49405E-06-1.10672E-07
 -1        85-3.36450E-06-8.74382E-06-9.77038E-08
 -1        86-3.90699E-06-1.25992E-05-8.45846E-08
 -1        87-4.37206E-06-1.69793E-05-7.15894E-08
 -1        88-4.75955E-06-2.18034E-05-5.86239E-08
 -1        89-5.06955E-06-2.69909E-05-4.55527E-08
 -1        90-5.30210E-06-3.24609E-05-3.25042E-08
 -1        91-5.45719E-06-3.81327E-05-1.95551E-08
 -1        92-5.53576E-06-4.39253E-05-7.38168E-09
 -1        93-5.50591E-06-4.10192E-05 1.31277E-08
 -1        94-5.38945E-06-3.52766E-05 2.60785E-08
 -1        95-5.19569E-06-2.96956E-05 3.91301E-08
 -1        96-4.92441E-06-2.43568E-05 5.20437E-08
 -1        97-4.57563E-06-1.93409E-05 6.50903E-08
 -1        98-4.14938E-06-1.47286E-05 7.82076E-08
 -1        99-3.64562E-06-1.06009E-05 9.11366E-08
 -1       100-3.06441E-06-7.03811E-06 1.04178E-07
 -1       101-2.40519E-06-4.12175E-06 1.17133E-07
 -1       102-1.67036E-06-1.92980E-06 1.30254E-07
 -1       103-8.56993E-07-5.45512E-07 1.39303E-07
 -1       104-5.53578E-06-4.39254E-05 7.36392E-09
 -1       105-5.45717E-06-3.81327E-05 1.95444E-08
 -1       106-5.30209E-06-3.24609E-05 3.26088E-08
 -1       107-5.06958E-06-2.69909E-05 4.55797E-08
 -1       108-4.75956E-06-2.18035E-05 5.85470E-08
 -1       109-4.37202E-06-1.69792E-05 7.16642E-08
 -1       110-3.90704E-06-1.25991E-05 8.46825E-08
 -1       111-3.36454E-06-8.74385E-06 9.76446E-08
 -1       112-2.74441E-06-5.49405E-06 1.10677E-07
 -1       113-2.04690E-06-2.93037E-06 1.23696E-07
 -1       114-1.27403E-06-1.13485E-06 1.36005E-07
 -1       115-4.25304E-07-1.84212E-07 1.41851E-07
 -1       116 0.00000E+00 0.00000E+00 0.00000E+00
 -1       117 0.00000E+00 0.00000E+00 0.00000E+00
 -1       118 0.00000E+00 0.00000E+00 0.00000E+00
 -1       119 0.00000E+00 0.00000E+00 0.00000E+00
 -1       120 0.00000E+00 0.00000E+00 0.00000E+00
 -1       121 0.00000E+00 0.00000E+00 0.00000E+00
 -1       122 0.00000E+00 0.00000E+00 0.00000E+00
 -1       123 0.00000E+00 0.00000E+00 0.00000E+00
 -1       124 0.00000E+00 0.00000E+00 0.00000E+00
 -1       125 5.50851E-06-4.10235E-05-8.56912E-12
 -1       126 5.39214E-06-3.52848E-05-2.13662E-11
 -1       127 5.19837E-06-2.97078E-05 6.09657E-11
 -1       128 4.92711E-06-2.43731E-05 2.11202E-11
 -1       129 4.57837E-06-1.93612E-05-7.71670E-12
 -1       130 4.15209E-06-1.47531E-05 3.22892E-11
 -1       131 3.64823E-06-1.06294E-05-4.21248E-12
 -1       132 3.06707E-06-7.07066E-06-1.95953E-11
 -1       133 2.40793E-06-4.15846E-06 6.39522E-11
 -1       134 1.67252E-06-1.97045E-06 1.11425E-11
 -1       135 8.63419E-07-5.92582E-07-5.73510E-11
 -1       136 5.50808E-06-4.10224E-05 6.53629E-09
 -1       137 5.53916E-06-4.39282E-05 2.12556E-11
 -1       138 5.39173E-06-3.52827E-05 1.30132E-08
 -1       139 5.45983E-06-3.81388E-05-2.89215E-11
 -1       140 5.19797E-06-2.97047E-05 1.95952E-08
 -1       141 5.30478E-06-3.24710E-05 1.58937E-11
 -1       142 4.92671E-06-2.43690E-05 2.60640E-08
 -1       143 5.07226E-06-2.70051E-05 4.29702E-11
 -1       144 4.57796E-06-1.93561E-05 3.25346E-08
 -1       145 4.76227E-06-2.18217E-05-1.83403E-11
 -1       146 4.15167E-06-1.47470E-05 3.90853E-08
 -1       147 4.37477E-06-1.70017E-05 1.72828E-11
 -1       148 3.64783E-06-1.06223E-05 4.55664E-08
 -1       149 3.90970E-06-1.26256E-05 1.92370E-11
 -1       150 3.06668E-06-7.06249E-06 5.20919E-08
 -1       151 3.36715E-06-8.77435E-06-2.57157E-11
 -1       152 2.40743E-06-4.14942E-06 5.85766E-08
 -1       153 2.74709E-06-5.52868E-06 2.22934E-11
 -1       154 1.67288E-06-1.95958E-06 6.52425E-08
 -1       155 2.04959E-06-2.96878E-06 4.48871E-11
 -1       156 8.58170E-07-5.82873E-07 6.89591E-08
 -1       157 1.27700E-06-1.17773E-06-3.49858E-11
 -1       158 4.04296E-07-2.23781E-07-2.79051E-11
 -1       159 5.50806E-06-4.10224E-05-6.55046E-09
 -1       160 5.39174E-06-3.52827E-05-1.30548E-08
 -1       161 5.19797E-06-2.97047E-05-1.94852E-08
 -1       162 4.92670E-06-2.43690E-05-2.60171E-08
 -1       163 4.57796E-06-1.93561E-05-3.25588E-08
 -1       164 4.15168E-06-1.47470E-05-3.90188E-08
 -1       165 3.64783E-06-1.06223E-05-4.55770E-08
 -1       166 3.06668E-06-7.06248E-06-5.21248E-08
 -1       167 2.40743E-06-4.14944E-06-5.84479E-08
 -1       168 1.67286E-06-1.95958E-06-6.52213E-08
 -1       169 8.58167E-07-5.82859E-07-6.90704E-08
 -1       170-1.10146E-11-4.68368E-05 8.52759E-11
 -1       171 2.76282E-06-4.68448E-05 5.16969E-11
 -1       172 5.28706E-12-4.68362E-05 8.85798E-11
 -1       173-2.76284E-06-4.68449E-05 4.69122E-11
 -1       174-2.85014E-11-4.68361E-05 8.10085E-11
 -1       175-8.63373E-07-5.92587E-07-4.28444E-11
 -1       176-1.67248E-06-1.97046E-06 2.40221E-11
 -1       177-2.40794E-06-4.15846E-06 5.85130E-11
 -1       178-3.06712E-06-7.07066E-06-5.79960E-11
 -1       179-3.64828E-06-1.06294E-05 1.25791E-11
 -1       180-4.15206E-06-1.47531E-05 7.86781E-11
 -1       181-4.57831E-06-1.93612E-05-2.61046E-11
 -1       182-4.92710E-06-2.43730E-05-2.47535E-11
 -1       183-5.19836E-06-2.97078E-05 6.62632E-11
 -1       184-5.39214E-06-3.52848E-05 1.87659E-11
 -1       185-5.50853E-06-4.10235E-05-2.53322E-11
 -1       186-4.04274E-07-2.23777E-07-2.83505E-11
 -1       187-8.58142E-07-5.82874E-07 6.89828E-08
 -1       188-1.27695E-06-1.17774E-06-1.92298E-11
 -1       189-1.67284E-06-1.95958E-06 6.52483E-08
 -1       190-2.04955E-06-2.96879E-06 4.59253E-11
 -1       191-2.40742E-06-4.14942E-06 5.85753E-08
 -1       192-2.74711E-06-5.52867E-06-2.98360E-12
 -1       193-3.06671E-06-7.06249E-06 5.20653E-08
 -1       194-3.36722E-06-8.77436E-06-3.04274E-11
 -1       195-3.64788E-06-1.06223E-05 4.55741E-08
 -1       196-3.90970E-06-1.26256E-05 4.66229E-11
 -1       197-4.15167E-06-1.47470E-05 3.91419E-08
 -1       198-4.37472E-06-1.70016E-05 3.04925E-11
 -1       199-4.57792E-06-1.93562E-05 3.25317E-08
 -1       200-4.76223E-06-2.18217E-05-3.95750E-11
 -1       201-4.92669E-06-2.43690E-05 2.60117E-08
 -1       202-5.07226E-06-2.70051E-05 2.31660E-11
 -1       203-5.19796E-06-2.97047E-05 1.95978E-08
 -1       204-5.30479E-06-3.24711E-05 5.23445E-11
 -1       205-5.39175E-06-3.52827E-05 1.30568E-08
 -1       206-5.45983E-06-3.81388E-05-7.18978E-12
 -1       207-5.50809E-06-4.10224E-05 6.53106E-09
 -1       208-5.53918E-06-4.39282E-05-8.88193E-13
 -1       209-8.58128E-07-5.82866E-07-6.90685E-08
 -1       210-1.67282E-06-1.95960E-06-6.51991E-08
 -1       211-2.40743E-06-4.14944E-06-5.84590E-08
 -1       212-3.06672E-06-7.06247E-06-5.21750E-08
 -1       213-3.64786E-06-1.06223E-05-4.55521E-08
 -1       214-4.15166E-06-1.47470E-05-3.89927E-08
 -1       215-4.57792E-06-1.93561E-05-3.25819E-08
 -1       216-4.92669E-06-2.43690E-05-2.60644E-08
 -1       217-5.19796E-06-2.97048E-05-1.94681E-08
 -1       218-5.39176E-06-3.52827E-05-1.30100E-08
 -1       219-5.50810E-06-4.10224E-05-6.59252E-09
 -1       220-8.44370E-12-4.10085E-05-1.96352E-11
 -1       221-2.35330E-11-3.52558E-05 5.08161E-12
 -1       222 1.14186E-11-2.96643E-05 4.93452E-11
 -1       223 4.16329E-11-2.43151E-05-1.45594E-11
 -1       224-6.20346E-12-1.92888E-05 2.33585E-13
 -1       225-2.23143E-11-1.46662E-05 4.97566E-11
 -1       226 9.84387E-12-1.05280E-05 1.11950E-11
 -1       227-2.32315E-11-6.95483E-06-3.66966E-11
 -1       228-1.16839E-11-4.02789E-06-4.10084E-12
 -1       229 4.65717E-11-1.82636E-06 1.18265E-11
 -1       230 2.12159E-11-4.42084E-07-2.60049E-11
 -1       231 9.44205E-12-4.39218E-05 2.63679E-11
 -1       232 2.74240E-06-4.10113E-05 6.56495E-09
 -1       233-1.94453E-11-3.81171E-05-5.22223E-12
 -1       234 2.68424E-06-3.52610E-05 1.30117E-08
 -1       235-2.49691E-11-3.24349E-05 1.85443E-11
 -1       236 2.58738E-06-2.96721E-05 1.95756E-08
 -1       237 4.50843E-11-2.69544E-05 1.78970E-11
 -1       238 2.45179E-06-2.43255E-05 2.60446E-08
 -1       239 1.31438E-11-2.17565E-05-1.61480E-11
 -1       240 2.27736E-06-1.93018E-05 3.25517E-08
 -1       241-1.97272E-11-1.69220E-05 1.43814E-11
 -1       242 2.06421E-06-1.46818E-05 3.90868E-08
 -1       243-1.13500E-11-1.25315E-05 2.64679E-11
 -1       244 1.81234E-06-1.05462E-05 4.55784E-08
 -1       245 5.13256E-12-8.66571E-06-2.00612E-11
 -1       246 1.52165E-06-6.97575E-06 5.20635E-08
 -1       247-2.64119E-11-5.40556E-06-3.08027E-12
 -1       248 1.19237E-06-4.05088E-06 5.85463E-08
 -1       249 1.44321E-11-2.83117E-06 1.65365E-11
 -1       250 8.23909E-07-1.85408E-06 6.54210E-08
 -1       251 4.28333E-11-1.02458E-06-2.36843E-11
 -1       252 4.16779E-07-4.57335E-07 6.94071E-08
 -1       253 9.45889E-12-6.86513E-08-1.41280E-11
 -1       254-2.74240E-06-4.10113E-05-6.58053E-09
 -1       255-2.68428E-06-3.52610E-05-1.30074E-08
 -1       256-2.58737E-06-2.96722E-05-1.94898E-08
 -1       257-2.45171E-06-2.43255E-05-2.60536E-08
 -1       258-2.27737E-06-1.93018E-05-3.25684E-08
 -1       259-2.06424E-06-1.46818E-05-3.90203E-08
 -1       260-1.81232E-06-1.05462E-05-4.55633E-08
 -1       261-1.52169E-06-6.97574E-06-5.21277E-08
 -1       262-1.19239E-06-4.05090E-06-5.85050E-08
 -1       263-8.23826E-07-1.85410E-06-6.54022E-08
 -1       264-4.16744E-07-4.57327E-07-6.94718E-08
 -1       265-2.46286E-11-4.10085E-05 4.23972E-12
 -1       266 2.18090E-11-3.52558E-05-8.82260E-13
 -1       267-1.48868E-11-2.96643E-05 3.68392E-11
 -1       268 9.65999E-12-2.43151E-05-1.91491E-11
 -1       269 2.88119E-11-1.92888E-05-3.52244E-11
 -1       270 1.40602E-11-1.46662E-05 2.63756E-11
 -1       271-4.26428E-11-1.05280E-05-1.06084E-11
 -1       272-8.87366E-12-6.95484E-06-2.26054E-11
 -1       273 5.90809E-12-4.02789E-06 2.54051E-11
 -1       274-2.06975E-11-1.82635E-06-3.95628E-12
 -1       275 8.67467E-12-4.42081E-07-8.45311E-11
 -1       276-3.73083E-11-4.39218E-05 2.46013E-11
 -1       277-2.74240E-06-4.10113E-05 6.56864E-09
 -1       278-8.83551E-12-3.81171E-05-8.17195E-12
 -1       279-2.68424E-06-3.52610E-05 1.30290E-08
 -1       280 9.84067E-12-3.24348E-05 2.78354E-11
 -1       281-2.58739E-06-2.96721E-05 1.95799E-08
 -1       282-1.44767E-11-2.69544E-05 1.50055E-11
 -1       283-2.45175E-06-2.43256E-05 2.60300E-08
 -1       284 2.04763E-11-2.17566E-05-1.37993E-11
 -1       285-2.27733E-06-1.93018E-05 3.25331E-08
 -1       286 3.12033E-11-1.69220E-05-1.53438E-12
 -1       287-2.06421E-06-1.46818E-05 3.90924E-08
 -1       288-1.65718E-11-1.25315E-05 1.66038E-11
 -1       289-1.81237E-06-1.05462E-05 4.55795E-08
 -1       290-3.61672E-11-8.66571E-06-7.93379E-12
 -1       291-1.52168E-06-6.97576E-06 5.20572E-08
 -1       292 1.03537E-11-5.40557E-06-1.06601E-11
 -1       293-1.19237E-06-4.05088E-06 5.85523E-08
 -1       294-1.52973E-11-2.83116E-06 2.32547E-11
 -1       295-8.23882E-07-1.85407E-06 6.54261E-08
 -1       296-6.08374E-12-1.02457E-06-2.92468E-11
 -1       297-4.16755E-07-4.57327E-07 6.93977E-08
 -1       298 9.03905E-12-6.86456E-08-3.15827E-11
 -1       299 2.74237E-06-4.10113E-05-6.55945E-09
 -1       300 2.68427E-06-3.52610E-05-1.30178E-08
 -1       301 2.58738E-06-2.96722E-05-1.95098E-08
 -1       302 2.45174E-06-2.43255E-05-2.60359E-08
 -1       303 2.27739E-06-1.93018E-05-3.25703E-08
 -1       304 2.06423E-06-1.46818E-05-3.90397E-08
 -1       305 1.81231E-06-1.05462E-05-4.55762E-08
 -1       306 1.52167E-06-6.97576E-06-5.21051E-08
 -1       307 1.19238E-06-4.05091E-06-5.84910E-08
 -1       308 8.23848E-07-1.85408E-06-6.54209E-08
 -1       309 4.16778E-07-4.57329E-07-6.94938E-08
 -1       310 0.00000E+00 0.00000E+00 0.00000E+00
 -1       311 0.00000E+00 0.00000E+00 0.00000E+00
 -1       312 0.00000E+00 0.00000E+00 0.00000E+00
 -1       313 0.00000E+00 0.00000E+00 0.00000E+00
 -1       314 0.00000E+00 0.00000E+00 0.00000E+00
 -1       315-1.26122E-11-4.10126E-05-1.28543E-12
 -1       316-1.57782E-11-3.52639E-05-1.06795E-12
 -1       317-3.31994E-12-2.96765E-05 5.91124E-11
 -1       318 1.19886E-11-2.43314E-05-2.16849E-11
 -1       319 2.05194E-11-1.93091E-05-2.32605E-11
 -1       320 7.74130E-13-1.46906E-05 3.90586E-11
 -1       321-2.14268E-11-1.05564E-05 7.30687E-12
 -1       322-2.19739E-11-6.98737E-06-4.60325E-11
 -1       323 9.22120E-13-4.06452E-06 2.73195E-11
 -1       324 2.06136E-11-1.86652E-06 8.46458E-12
 -1       325 1.80492E-11-4.82917E-07-6.19787E-11
 -1       326 2.74430E-06-4.10155E-05-1.79639E-12
 -1       327-1.57039E-11-4.39233E-05 2.49990E-11
 -1       328-1.03847E-11-4.10116E-05-1.05911E-11
 -1       329-2.74433E-06-4.10155E-05-4.74025E-12
 -1       330 2.68616E-06-3.52691E-05-1.28258E-12
 -1       331-1.57674E-11-3.81232E-05-1.02108E-11
 -1       332-1.70979E-11-3.52619E-05 2.08449E-12
 -1       333-2.68618E-06-3.52692E-05 1.45307E-11
 -1       334 2.58929E-06-2.96844E-05 4.00874E-11
 -1       335 6.01387E-13-3.24450E-05 2.64586E-11
 -1       336 4.03159E-12-2.96735E-05 6.22627E-11
 -1       337-2.58929E-06-2.96844E-05 4.25412E-11
 -1       338 2.45367E-06-2.43418E-05 5.76028E-12
 -1       339-1.20016E-12-2.69686E-05 2.52131E-11
 -1       340 2.12549E-11-2.43273E-05-2.46811E-11
 -1       341-2.45365E-06-2.43418E-05-1.27909E-11
 -1       342 2.27929E-06-1.93222E-05-1.16532E-11
 -1       343 2.31071E-11-2.17749E-05-2.65466E-11
 -1       344 6.89055E-12-1.93041E-05-9.84368E-12
 -1       345-2.27927E-06-1.93222E-05-1.75877E-11
 -1       346 2.06614E-06-1.47062E-05 2.78450E-11
 -1       347 7.89434E-12-1.69444E-05 1.23981E-11
 -1       348-8.00212E-12-1.46845E-05 4.58157E-11
 -1       349-2.06614E-06-1.47062E-05 4.29326E-11
 -1       350 1.81424E-06-1.05746E-05-4.39782E-13
 -1       351-1.48256E-11-1.25579E-05 2.55991E-11
 -1       352-1.31190E-11-1.05493E-05 1.07216E-11
 -1       353-1.81426E-06-1.05747E-05 6.74431E-12
 -1       354 1.52357E-06-7.00833E-06-1.79017E-11
 -1       355-2.37341E-11-8.69623E-06-2.30743E-11
 -1       356-1.88715E-11-6.97919E-06-4.40497E-11
 -1       357-1.52360E-06-7.00833E-06-3.01788E-11
 -1       358 1.19431E-06-4.08745E-06 2.60153E-11
 -1       359-1.23734E-11-5.44016E-06-6.74303E-12
 -1       360-3.70266E-12-4.05554E-06 1.09395E-11
 -1       361-1.19431E-06-4.08745E-06 2.32873E-11
 -1       362 8.25840E-07-1.89486E-06 3.50948E-12
 -1       363 9.10419E-12-2.86987E-06 2.45148E-11
 -1       364 3.01444E-11-1.85596E-06 1.20197E-11
 -1       365-8.25812E-07-1.89487E-06 1.11617E-11
 -1       366 4.18377E-07-4.99882E-07-4.28500E-11
 -1       367 3.41765E-11-1.06723E-06-2.97582E-11
 -1       368 2.27917E-11-4.76195E-07-4.22128E-11
 -1       369-4.18348E-07-4.99893E-07-3.73100E-11
 -1       370 3.10812E-12-1.07607E-07-2.80963E-11
 -1       371-1.06619E-11-4.10116E-05-4.63074E-13
 -1       372-1.56284E-12-3.52619E-05-2.50150E-12
 -1       373-1.56245E-12-2.96735E-05 4.80876E-11
 -1       374 7.27569E-12-2.43273E-05-1.98857E-11
 -1       375 2.73052E-11-1.93041E-05-3.51333E-11
 -1       376 8.88861E-12-1.46845E-05 3.38658E-11
 -1       377-2.74967E-11-1.05493E-05-4.12342E-12
 -1       378-1.63691E-11-6.97920E-06-3.56392E-11
 -1       379-1.65515E-12-4.05554E-06 3.19498E-11
 -1       380-2.09541E-14-1.85595E-06 2.16782E-13
 -1       381 1.38540E-11-4.76194E-07-7.97971E-11
 -3
    1PSTEP                         2           1           1          
  100CL  101 1.000000000         381                     0    1           1
 -4  STRESS      6    1
 -5  SXX         1    4    1    1
 -5  SYY         1    4    2    2
 -5  SZZ         1    4    3    3
 -5  SXY         1    4    1    2
 -5  SYZ         1    4    2    3
 -5  SZX         1    4    3    1
 -1         1 7.16566E+03-4.48778E+04-3.10955E+03-3.31582E+04 8.71174E+01-2.51558E+03
 -1         2 7.14593E+03-4.50352E+04-3.10285E+03-3.31915E+04 1.30959E+01 2.53101E+03
 -1         3 2.71994E+06 1.05777E+06 1.05777E+06-1.88335E+05 4.99127E-02-4.21574E+05
 -1         4 2.71972E+06 1.05769E+06 1.05768E+06-1.88350E+05-5.00589E-02 4.21464E+05
 -1         5-7.15276E+03 4.50938E+04 3.14520E+03-3.31985E+04 8.13108E+01-2.53523E+03
 -1         6-7.22296E+03 4.51211E+04 3.16027E+03-3.31337E+04-7.50732E+01 2.53603E+03
 -1         7-2.71967E+06-1.05767E+06-1.05766E+06-1.88335E+05-5.05378E-02-4.21552E+05
 -1         8-2.71970E+06-1.05768E+06-1.05768E+06-1.88343E+05 5.05110E-02 4.21411E+05
 -1         9 1.14240E+04-4.93117E+04-6.65108E+03-3.07866E+04 8.66078E+00-7.37904E+00
 -1        10 1.02274E+04-4.94480E+04-5.29625E+03-2.98595E+04 3.00833E+02-2.48056E+03
 -1        11 1.02272E+04-4.95389E+04-5.25945E+03-2.98860E+04-2.46784E+02 2.48314E+03
 -1        12 1.95153E+05-6.89769E+02-1.03017E+03-1.79369E+04 4.84586E+02 5.18984E+02
 -1        13 3.90686E+05 8.10224E+01 3.67929E+01-2.38523E+04-1.14276E+02 2.15158E+03
 -1        14 5.85874E+05-9.51235E+01-1.13370E+02-2.39438E+04 6.95719E+01 2.22594E+03
 -1        15 7.81159E+05-3.99710E+01-4.48249E+01-2.39410E+04-1.25077E+01 2.31620E+03
 -1        16 9.76544E+05-1.12907E+01 1.75382E+01-2.39860E+04-1.88627E+01 2.19259E+03
 -1        17 1.17201E+06 1.11053E+02-7.56458E+00-2.39177E+04 1.48138E+01 2.31161E+03
 -1        18 1.36709E+06-3.14491E+02-1.43882E+02-2.40792E+04 1.11811E+02 2.22541E+03
 -1        19 1.56264E+06 1.66568E+03 4.56163E+02-2.36212E+04-3.19658E+02 2.15737E+03
 -1        20 1.75659E+06-6.62062E+03-1.99019E+03-2.47633E+04 1.21991E+03 2.67516E+03
 -1        21 1.95473E+06 2.64370E+04 9.59840E+03-1.56718E+04-3.58499E+03 4.66510E+02
 -1        22 2.15593E+06-5.26601E+04-7.32562E+03 5.20396E+03 2.40881E+04 7.86453E+04
 -1        23 1.09290E+05 5.82746E+03 1.98558E+03-1.38817E+04-1.62444E+03 7.47302E+02
 -1        24 2.93617E+05 5.65629E+02 1.64306E+02-1.40145E+04 6.03519E+01 2.40559E+03
 -1        25 4.88320E+05 1.74601E+01 5.49203E+01-1.41817E+04-2.44270E+01 2.15302E+03
 -1        26 6.83622E+05-3.33084E+01 1.57232E+01-1.41427E+04 2.85765E+01 2.27702E+03
 -1        27 8.78886E+05 3.81448E+01 2.58101E+01-1.41941E+04-3.54763E+01 2.27878E+03
 -1        28 1.07418E+06-2.55479E+01-8.47110E+01-1.42019E+04-6.46406E-01 2.21647E+03
 -1        29 1.26979E+06-2.36363E+01-3.87103E+01-1.42177E+04 5.46028E+01 2.25341E+03
 -1        30 1.46460E+06 4.83872E+02-9.08424E+00-1.41978E+04-1.19164E+02 2.23938E+03
 -1        31 1.66053E+06-1.94157E+03-4.45226E+02-1.40448E+04 4.39624E+02 2.33605E+03
 -1        32 1.85512E+06 8.09724E+03 3.10421E+03-1.47003E+04-1.61386E+03 1.10921E+03
 -1        33 2.03210E+06-4.32380E+04-1.90491E+04-9.05978E+03 7.34445E+03 6.16454E+03
 -1        34 2.21609E+06 1.42224E+05 5.88742E+04-7.67707E+04-3.57151E+04-9.59516E+04
 -1        35 2.42829E+06 9.44349E+05 9.44348E+05-2.97814E+05-1.22916E-04-5.34196E+01
 -1        36 2.56750E+06 9.98458E+05 9.98457E+05-2.56695E+05 2.79077E-01 2.10062E+05
 -1        37 2.56758E+06 9.98489E+05 9.98489E+05-2.56684E+05-2.78534E-01-2.10169E+05
 -1        38 1.95398E+05-6.54735E+02-1.02496E+03-1.79884E+04-5.34097E+02-4.42989E+02
 -1        39 3.90538E+05-7.12805E+01-8.93968E+00-2.38139E+04 6.48573E+01-2.26931E+03
 -1        40 5.85997E+05 9.88041E+01-8.62669E+01-2.39985E+04 4.11818E+01-2.24737E+03
 -1        41 7.81076E+05-1.27453E+02 9.43628E+00-2.39247E+04 3.45329E+01-2.25087E+03
 -1        42 9.76598E+05 2.49946E+01 3.12128E+01-2.39525E+04-1.66395E+01-2.32121E+03
 -1        43 1.17203E+06 1.68638E+02 7.51110E+01-2.39267E+04 4.42597E+01-2.21508E+03
 -1        44 1.36704E+06-4.12092E+02-8.55724E+01-2.40271E+04-1.04422E+02-2.20098E+03
 -1        45 1.56285E+06 1.69654E+03 4.34584E+02-2.36903E+04 3.14673E+02-2.19870E+03
 -1        46 1.75648E+06-6.50276E+03-1.99811E+03-2.47798E+04-1.17845E+03-2.67327E+03
 -1        47 1.95450E+06 2.63611E+04 9.49171E+03-1.55456E+04 3.62510E+03-5.13638E+02
 -1        48 2.15623E+06-5.26870E+04-7.26127E+03 5.16579E+03-2.41638E+04-7.86072E+04
 -1        49 1.09418E+05 5.90200E+03 2.01902E+03-1.38920E+04 1.67414E+03-7.36528E+02
 -1        50 2.93711E+05 5.03410E+02 1.63806E+02-1.40037E+04-1.35634E+02-2.36858E+03
 -1        51 4.88301E+05 3.85780E+01 1.84147E+00-1.41743E+04 6.52226E+01-2.30375E+03
 -1        52 6.83505E+05 6.46629E+00-3.95802E+01-1.41940E+04 1.53456E+01-2.22659E+03
 -1        53 8.78949E+05-3.05558E+01 3.67758E+01-1.41667E+04 7.74118E+00-2.26980E+03
 -1        54 1.07427E+06 5.33239E+01-6.55881E+01-1.41545E+04 2.64095E+01-2.27289E+03
 -1        55 1.26966E+06-6.26951E+01-6.50242E+00-1.41901E+04-3.16430E+01-2.19712E+03
 -1        56 1.46473E+06 4.38275E+02 5.15801E+01-1.42310E+04 1.10277E+02-2.26001E+03
 -1        57 1.66050E+06-1.90211E+03-4.99509E+02-1.40920E+04-4.26732E+02-2.38317E+03
 -1        58 1.85490E+06 8.13774E+03 3.04111E+03-1.46413E+04 1.62984E+03-1.07855E+03
 -1        59 2.03233E+06-4.32376E+04-1.90003E+04-8.99632E+03-7.37234E+03-6.16012E+03
 -1        60 2.21603E+06 1.42149E+05 5.88384E+04-7.68135E+04 3.56640E+04 9.59036E+04
 -1        61-6.90567E+01-1.44371E+01-3.03237E+01-1.09933E+05 6.98249E+03 6.84452E+01
 -1        62 1.43070E+04 4.67293E+04 5.38390E+03-7.36131E+04 3.46195E+03-1.62584E+03
 -1        63-1.43532E+04-4.66651E+04-5.24347E+03-7.36271E+04 3.39523E+03 1.67050E+03
 -1        64-1.15173E+04 4.92819E+04 6.56345E+03-3.07974E+04 3.03624E+01 9.50944E+01
 -1        65-1.03430E+04 4.95528E+04 5.25507E+03-2.98484E+04 2.31068E+02 2.55612E+03
 -1        66-1.02536E+04 4.95471E+04 5.25257E+03-2.98886E+04-1.92568E+02-2.45592E+03
 -1        67 1.39921E+02-7.35224E+01 1.44703E+02-1.10007E+05-6.96709E+03 1.09604E+01
 -1        68-1.43164E+04-4.66267E+04-5.20936E+03-7.36718E+04-3.39090E+03-1.64784E+03
 -1        69 1.43987E+04 4.66837E+04 5.44012E+03-7.36003E+04-3.39681E+03 1.60248E+03
 -1        70-2.15598E+06 5.26441E+04 7.28301E+03 5.12873E+03-2.41114E+04 7.85407E+04
 -1        71-1.95467E+06-2.63507E+04-9.64343E+03-1.57184E+04 3.59500E+03 4.44303E+02
 -1        72-1.75677E+06 6.55677E+03 2.04522E+03-2.47260E+04-1.20622E+03 2.72252E+03
 -1        73-1.56281E+06-1.85004E+03-5.14818E+02-2.36231E+04 3.24141E+02 2.21359E+03
 -1        74-1.36689E+06 4.87613E+02 1.61182E+02-2.40408E+04-8.83422E+01 2.25547E+03
 -1        75-1.17201E+06-3.99577E+01 7.53580E+01-2.39063E+04-1.06015E+01 2.26677E+03
 -1        76-9.76396E+05 8.51712E+01 2.84346E+01-2.39500E+04 1.08877E+01 2.18993E+03
 -1        77-7.81127E+05 1.69882E+00 1.95836E+01-2.39662E+04 4.87127E+01 2.26221E+03
 -1        78-5.86015E+05 4.80055E+01 8.78173E+01-2.39912E+04-3.80393E+00 2.27499E+03
 -1        79-3.90757E+05 6.92744E+01-1.21223E+02-2.37977E+04 5.44228E+01 2.17919E+03
 -1        80-1.95171E+05 6.56278E+02 1.08737E+03-1.79198E+04-4.65013E+02 5.27324E+02
 -1        81-2.21593E+06-1.42190E+05-5.88897E+04-7.68071E+04 3.56976E+04-9.60162E+04
 -1        82-2.03219E+06 4.32228E+04 1.89740E+04-9.12931E+03-7.38464E+03 6.15882E+03
 -1        83-1.85525E+06-8.12492E+03-3.13883E+03-1.47142E+04 1.63531E+03 1.08846E+03
 -1        84-1.66058E+06 1.85882E+03 5.06750E+02-1.40048E+04-3.88583E+02 2.35136E+03
 -1        85-1.46461E+06-4.91132E+02-4.60286E+01-1.41944E+04 1.06160E+02 2.30024E+03
 -1        86-1.26965E+06 1.68975E+02 3.13998E+01-1.42058E+04-4.68079E+01 2.21747E+03
 -1        87-1.07417E+06 4.39679E+01 5.13411E+01-1.41537E+04-2.92452E+01 2.21419E+03
 -1        88-8.78902E+05-6.01230E+01-6.93694E+01-1.42041E+04-5.88259E+00 2.24853E+03
 -1        89-6.83621E+05-3.25508E-01 3.59093E+01-1.42044E+04-7.86375E+00 2.27906E+03
 -1        90-4.88382E+05 4.54207E+01-2.49845E+01-1.42075E+04 2.56113E+01 2.17802E+03
 -1        91-2.93692E+05-5.25787E+02-2.04301E+02-1.39439E+04-9.31328E+01 2.36115E+03
 -1        92-1.09308E+05-5.77815E+03-1.95803E+03-1.38711E+04 1.61916E+03 8.03250E+02
 -1        93-1.95349E+05 6.32284E+02 1.05892E+03-1.79826E+04 5.49790E+02-4.84943E+02
 -1        94-3.90662E+05 2.34425E+02-7.71536E+00-2.38379E+04-1.15423E+02-2.20550E+03
 -1        95-5.85912E+05-1.02091E+02-1.21429E+01-2.39491E+04-2.40988E+01-2.24420E+03
 -1        96-7.81226E+05 1.42007E+02-5.67680E+01-2.39807E+04-4.01132E+01-2.21001E+03
 -1        97-9.76605E+05-8.04057E+00 3.95227E+01-2.40292E+04 7.71461E+01-2.31372E+03
 -1        98-1.17174E+06-2.07360E+02 1.14637E+01-2.38872E+04-6.58419E+01-2.22058E+03
 -1        99-1.36693E+06 4.69028E+02 1.12287E+02-2.38801E+04 9.91660E+01-2.27401E+03
 -1       100-1.56309E+06-1.70775E+03-4.52873E+02-2.36928E+04-3.36592E+02-2.20973E+03
 -1       101-1.75650E+06 6.50388E+03 2.04227E+03-2.47862E+04 1.15432E+03-2.64977E+03
 -1       102-1.95460E+06-2.64271E+04-9.56983E+03-1.56374E+04-3.56796E+03-4.96622E+02
 -1       103-2.15612E+06 5.27137E+04 7.16577E+03 5.16044E+03 2.41625E+04-7.85457E+04
 -1       104-1.09460E+05-5.83787E+03-2.04556E+03-1.39125E+04-1.60143E+03-7.73304E+02
 -1       105-2.93665E+05-4.52024E+02-1.33472E+02-1.39881E+04 1.01027E+02-2.39205E+03
 -1       106-4.88283E+05 5.04641E+01-2.92642E+01-1.42299E+04-6.87403E+01-2.21409E+03
 -1       107-6.83657E+05-2.58664E+01-1.04019E+02-1.41594E+04 5.50373E+00-2.19724E+03
 -1       108-8.78955E+05 4.88848E+01-3.85542E+01-1.42574E+04 5.07723E+01-2.26929E+03
 -1       109-1.07419E+06-1.23601E+02 7.52515E+01-1.41994E+04 2.18944E+01-2.27876E+03
 -1       110-1.26948E+06 7.67172E+01 6.22124E+01-1.40905E+04 2.08189E+01-2.20427E+03
 -1       111-1.46479E+06-3.98963E+02-4.94241E+01-1.41287E+04-1.08859E+02-2.27461E+03
 -1       112-1.66061E+06 1.89982E+03 5.55193E+02-1.41276E+04 3.63249E+02-2.39499E+03
 -1       113-1.85496E+06-8.11809E+03-3.06562E+03-1.46961E+04-1.63676E+03-1.07871E+03
 -1       114-2.03236E+06 4.31718E+04 1.88642E+04-9.03124E+03 7.44248E+03-6.13442E+03
 -1       115-2.21598E+06-1.42137E+05-5.89286E+04-7.68092E+04-3.56452E+04 9.59287E+04
 -1       116-2.42815E+06-9.44294E+05-9.44294E+05-2.97792E+05 3.72001E-05-6.94533E+01
 -1       117-2.56745E+06-9.98438E+05-9.98438E+05-2.56682E+05-2.79474E-01 2.10035E+05
 -1       118-2.56742E+06-9.98426E+05-9.98426E+05-2.56680E+05 2.79172E-01-2.10171E+05
 -1       119 5.35400E+01 2.08218E+01 2.08227E+01 1.64866E+05-8.06022E-02-3.00285E+01
 -1       120 1.32214E+06 5.14148E+05 5.14148E+05 2.41492E+04 4.23778E-01 2.10499E+05
 -1       121-1.32209E+06-5.14130E+05-5.14130E+05 2.41515E+04 4.23856E-01-2.10557E+05
 -1       122 8.85333E+01 3.44295E+01 3.44308E+01 1.64886E+05 8.05438E-02-4.11448E+01
 -1       123 1.32226E+06 5.14196E+05 5.14197E+05 2.41592E+04-4.23452E-01-2.10566E+05
 -1       124-1.32207E+06-5.14123E+05-5.14123E+05 2.41651E+04-4.23898E-01 2.10478E+05
 -1       125 1.97077E+05-6.39258E+02 2.23396E+02-1.44733E+04-2.56707E+01 3.90600E+01
 -1       126 3.90550E+05-1.29087E+02-2.07749E+02-1.93379E+04-3.16519E+01-3.26824E+01
 -1       127 5.85966E+05 1.83338E+01-4.98479E+01-1.95218E+04 6.39225E+01-4.02653E+01
 -1       128 7.81128E+05-1.21832E+01-3.37222E+01-1.95636E+04 1.43067E+01 8.90914E+01
 -1       129 9.76430E+05-1.09256E+02-7.52204E+00-1.94695E+04-3.51853E+00-7.57168E+01
 -1       130 1.17205E+06 1.42152E+02 2.29846E+02-1.94769E+04 2.01171E+01-5.00982E+00
 -1       131 1.36711E+06-4.53254E+02-1.34492E+02-1.96417E+04-3.57852E+00 6.90650E+01
 -1       132 1.56296E+06 1.89020E+03 4.20166E+02-1.92307E+04-2.06051E+01-7.71742E+01
 -1       133 1.75544E+06-8.00002E+03-2.04639E+03-2.08277E+04 9.54549E+01-4.05777E+01
 -1       134 1.95812E+06 2.95598E+04 7.67931E+03-1.33063E+04 3.00099E+01 9.41067E+01
 -1       135 2.30262E+06-2.27795E+04 6.41499E+04 3.17901E+04-3.61160E+01-3.77646E+01
 -1       136 1.97188E+05-3.25220E+02-4.91831E+01-1.45992E+04-3.92961E+02-8.61245E+02
 -1       137 1.12906E+05 2.51191E+03 6.66480E+02-1.11287E+04 1.55598E+01 4.94502E+00
 -1       138 3.90439E+05-1.53607E+02-1.64020E+02-1.96248E+04-8.08747E+00-2.06391E+03
 -1       139 2.93412E+05 2.38754E+02 2.96037E+02-9.92557E+03-3.53222E+01 2.13494E+01
 -1       140 5.86046E+05 7.13331E+01-1.53981E+01-1.97968E+04 6.20842E+01-2.01862E+03
 -1       141 4.88264E+05-4.93403E+01-7.10771E+01-9.79366E+03 1.93156E+01-8.63371E+01
 -1       142 7.81130E+05-8.67388E+01-4.04414E+01-1.97938E+04 3.05864E+01-1.95797E+03
 -1       143 6.83612E+05 8.31591E+00 6.61751E+00-9.76536E+03 1.80670E+01 4.42777E+01
 -1       144 9.76573E+05-6.16728E+00 5.16570E+01-1.97553E+04-2.84857E+01-2.04757E+03
 -1       145 8.78812E+05-5.41992E+01-1.37590E+01-9.77440E+03-2.62439E+00 2.26858E+01
 -1       146 1.17209E+06 1.52221E+02 1.38962E+02-1.97406E+04 3.11083E+00-1.96476E+03
 -1       147 1.07428E+06-1.09702E+01 4.68392E+01-9.70180E+03 2.19792E-01-5.26683E+01
 -1       148 1.36712E+06-4.21307E+02-1.13771E+02-1.98792E+04-1.70408E+01-1.96103E+03
 -1       149 1.26975E+06-8.90204E+01 6.05538E+01-9.75546E+03 2.86175E+00 3.32085E+01
 -1       150 1.56307E+06 1.76648E+03 4.35136E+02-1.94195E+04 3.92798E+01-2.03179E+03
 -1       151 1.46469E+06 5.15791E+02-3.19514E+01-9.79352E+03-9.01955E+00-1.48765E+00
 -1       152 1.75532E+06-7.46849E+03-2.28694E+03-2.12629E+04-9.68285E+01-1.99611E+03
 -1       153 1.66028E+06-2.42332E+03-4.22992E+02-9.62587E+03 3.39892E+01-8.23411E+01
 -1       154 1.96117E+06 2.99800E+04 1.04914E+04-1.07552E+04-3.76579E+02-2.80311E+03
 -1       155 1.85717E+06 1.09349E+04 2.92903E+03-1.10073E+04 5.65228E+01 5.46983E+01
 -1       156 2.23163E+06-3.72744E+04 2.91593E+04 1.17124E+04-6.03884E+03-2.72832E+04
 -1       157 2.02017E+06-5.16265E+04-1.55889E+04 1.80928E+03-5.85790E+00 3.58244E+01
 -1       158 2.23766E+06 1.44183E+05 7.64847E+04-1.41408E+05-2.17183E+01-5.42045E+01
 -1       159 1.97050E+05-3.78034E+02-6.14545E+01-1.45850E+04 3.42695E+02 9.37554E+02
 -1       160 3.90537E+05-3.98456E+01-1.11218E+02-1.96348E+04-4.48611E+01 1.97457E+03
 -1       161 5.85937E+05-6.46749E+01-1.30031E+02-1.97830E+04 4.22908E+01 1.96581E+03
 -1       162 7.81190E+05-2.02549E+01-1.29634E+01-1.97936E+04 6.65276E+00 2.07825E+03
 -1       163 9.76548E+05-3.31096E+01-8.30487E+00-1.97770E+04 8.05880E+00 1.90878E+03
 -1       164 1.17207E+06 1.27335E+02 1.17667E+02-1.97389E+04 4.70783E+01 2.00472E+03
 -1       165 1.36714E+06-3.94876E+02-1.44920E+02-1.99104E+04 2.15591E+01 2.04450E+03
 -1       166 1.56301E+06 1.78756E+03 4.88306E+02-1.93976E+04-5.96680E+01 1.93562E+03
 -1       167 1.75534E+06-7.51505E+03-2.28567E+03-2.12523E+04 2.07877E+02 1.95636E+03
 -1       168 1.96129E+06 3.00235E+04 1.05378E+04-1.08011E+04 4.25657E+02 2.87330E+03
 -1       169 2.23152E+06-3.72302E+04 2.91645E+04 1.17271E+04 5.97043E+03 2.72639E+04
 -1       170 3.50337E+01 1.80750E+01-4.73908E+01-1.00632E+05 2.55730E+01 1.07123E+02
 -1       171-1.20408E+04-5.05681E+04-7.50347E+03-6.77566E+04-2.13508E+01 3.97510E+01
 -1       172 7.11573E+01-2.80755E+01 3.55992E+01-1.02286E+05-5.12059E+03 6.88886E+01
 -1       173 1.21015E+04 5.06289E+04 7.54606E+03-6.77639E+04 6.68633E+01 7.00368E+01
 -1       174-3.78941E+01-1.30986E+01-4.04894E+01-1.02263E+05 5.15401E+03 8.48620E+01
 -1       175-2.30248E+06 2.27927E+04-6.39589E+04 3.17162E+04 3.34594E+01-2.57663E+01
 -1       176-1.95816E+06-2.95716E+04-7.76635E+03-1.33705E+04-1.82860E+01 7.77417E+01
 -1       177-1.75561E+06 7.97722E+03 2.01824E+03-2.08159E+04-9.21377E+01-7.30877E+01
 -1       178-1.56316E+06-1.93325E+03-3.71632E+02-1.91929E+04 7.24937E+01-4.21479E+01
 -1       179-1.36688E+06 4.83951E+02 1.27984E+02-1.95414E+04-1.45776E+00 8.78241E+01
 -1       180-1.17179E+06-1.61202E+01 4.01078E+01-1.95463E+04-7.01794E+01-2.59688E+01
 -1       181-9.76467E+05 5.30936E+01 8.59304E+01-1.96077E+04-1.70457E+01-9.42959E+01
 -1       182-7.81290E+05-8.20898E+01-6.00200E+01-1.95316E+04 1.59006E+01 8.44553E+01
 -1       183-5.86025E+05-8.46946E+01-5.08155E+01-1.95336E+04-3.76233E+01 4.64142E+01
 -1       184-3.90488E+05 1.35827E+02 2.42073E+02-1.93401E+04-3.94940E+00-8.53908E+01
 -1       185-1.97089E+05 6.56558E+02-3.22265E+01-1.44916E+04 4.38146E+01 1.41223E+01
 -1       186-2.23753E+06-1.44186E+05-7.64231E+04-1.41454E+05 2.90029E+01-5.61163E+01
 -1       187-2.23152E+06 3.72948E+04-2.91145E+04 1.16870E+04 6.01303E+03-2.72849E+04
 -1       188-2.02018E+06 5.15893E+04 1.56064E+04 1.75973E+03 9.84705E+00 4.34226E+01
 -1       189-1.96122E+06-3.00134E+04-1.05655E+04-1.08301E+04 4.19149E+02-2.83012E+03
 -1       190-1.85733E+06-1.09838E+04-3.02366E+03-1.10402E+04-5.79485E+01 1.75494E+01
 -1       191-1.75540E+06 7.46299E+03 2.30257E+03-2.12667E+04 9.23517E+01-1.97104E+03
 -1       192-1.66037E+06 2.41448E+03 4.93932E+02-9.60524E+03-3.43059E+00-1.08077E+02
 -1       193-1.56328E+06-1.79662E+03-4.19876E+02-1.93998E+04-2.19318E+01-2.00316E+03
 -1       194-1.46469E+06-5.15289E+02 3.35129E+01-9.70472E+03 2.84773E+01 5.19501E+01
 -1       195-1.36698E+06 4.42132E+02 1.01960E+02-1.97745E+04 3.10614E+01-1.96779E+03
 -1       196-1.26954E+06 1.29068E+02 1.46734E+01-9.75842E+03-2.35071E+01 4.44284E+01
 -1       197-1.17185E+06-1.03668E+02 4.37800E+00-1.97570E+04-5.75767E+01-2.00830E+03
 -1       198-1.07414E+06 3.23728E+01 8.66088E+01-9.80330E+03-3.24810E+01-9.12843E+01
 -1       199-9.76559E+05 5.00658E+01 7.40693E+01-1.98407E+04 8.76288E+00-2.11900E+03
 -1       200-8.79002E+05-4.27591E+01-4.89389E+01-9.79612E+03-7.31937E+00-1.37379E+00
 -1       201-7.81267E+05 3.66503E+01-5.08991E+01-1.97997E+04-2.19642E+01-1.92889E+03
 -1       202-6.83604E+05-2.60875E+00-3.21749E+01-9.77703E+03-8.26762E+00 8.34764E+01
 -1       203-5.86037E+05-1.15955E+02-5.04699E+01-1.97803E+04-4.44058E+01-1.96631E+03
 -1       204-4.88325E+05-1.17346E+01 5.50755E+01-9.80069E+03-2.46233E+01-4.33550E+01
 -1       205-3.90491E+05 2.01035E+02 1.72515E+02-1.96342E+04-2.51968E+01-2.08468E+03
 -1       206-2.93450E+05-2.64905E+02-2.16107E+02-9.92342E+03 1.36837E+01-4.64396E+01
 -1       207-1.97134E+05 3.71844E+02 1.50599E+02-1.45992E+04 3.83052E+02-8.89869E+02
 -1       208-1.12914E+05-2.51993E+03-6.40761E+02-1.11616E+04 1.28869E+01 5.70139E+01
 -1       209-2.23148E+06 3.72501E+04-2.90829E+04 1.16715E+04-5.96276E+03 2.72553E+04
 -1       210-1.96124E+06-2.99854E+04-1.05951E+04-1.08531E+04-4.21310E+02 2.88097E+03
 -1       211-1.75550E+06 7.48294E+03 2.30372E+03-2.12488E+04-2.07720E+02 1.93471E+03
 -1       212-1.56320E+06-1.88884E+03-4.90955E+02-1.93726E+04 8.60497E+01 1.96193E+03
 -1       213-1.36695E+06 4.56965E+02 1.41461E+02-1.98465E+04-2.83641E+01 2.04775E+03
 -1       214-1.17194E+06-7.21026E+00 8.35291E+01-1.97647E+04-4.91570E+01 2.00378E+03
 -1       215-9.76486E+05 5.82392E+01 5.33890E+01-1.98156E+04 1.70731E+01 1.96354E+03
 -1       216-7.81234E+05-2.87899E+01-1.23764E+01-1.97956E+04 3.35037E+01 2.04221E+03
 -1       217-5.86057E+05-1.87717E+01 1.62404E+01-1.97990E+04-1.37471E+00 2.02765E+03
 -1       218-3.90537E+05 1.21931E+02 7.19925E+01-1.96176E+04-1.22474E+01 1.98259E+03
 -1       219-1.97065E+05 3.79643E+02 2.23377E+02-1.45835E+04-2.94146E+02 9.24493E+02
 -1       220 1.15591E+02 2.52011E+01 1.14294E+02-1.25674E+05-1.74084E+02 1.95813E+01
 -1       221 3.86328E+01-2.90084E+01-2.18290E+01-1.20145E+05 1.95332E+01 1.66693E+01
 -1       222-2.28137E+02 3.18947E+01 1.21043E+02-1.20066E+05-5.76013E+00-3.26894E+01
 -1       223 1.24485E+02 4.23575E+01-9.34024E+01-1.20033E+05 2.64267E+01-4.22424E+01
 -1       224 3.58374E+01-9.01041E+01-8.58175E+01-1.20050E+05 7.00743E+00 1.36386E+01
 -1       225-2.37183E+01 1.70229E+01-2.31504E+01-1.20030E+05 4.28039E+01 3.76439E+01
 -1       226-9.68429E+01-2.05543E+01-2.44948E+01-1.20005E+05-8.17270E+01-5.03382E+01
 -1       227 1.21697E+02 1.08973E+01-4.71967E+01-1.20144E+05 3.24164E+02-1.44097E+01
 -1       228-5.73937E+01 8.70719E+01 1.29022E+02-1.19816E+05-1.37447E+03 1.69580E+01
 -1       229-9.21112E+01 3.33022E+01 8.99211E-01-1.25443E+05 6.44661E+03 3.18626E+00
 -1       230 7.70762E+01-1.27113E+01-1.03180E+02-1.52456E+05-1.49334E+04-9.09821E+00
 -1       231 1.00553E+02-5.54364E+01 5.70735E+01-1.12112E+05-8.84303E+02 4.10794E+01
 -1       232 9.08175E+04-3.69824E+03-3.38174E+03-7.41563E+04-2.55121E+02-1.69361E+02
 -1       233 1.37675E+01-5.39796E+01-3.26574E+01-1.10181E+05-8.43219E+01-9.43435E+00
 -1       234 1.95219E+05-3.82756E+01 4.38387E+01-7.45696E+04 3.51930E+01-1.67346E+02
 -1       235-5.77400E+01 1.80841E+01 9.02743E+01-1.10288E+05 1.90688E+01 6.71236E+00
 -1       236 2.92878E+05 4.85300E+01-2.35503E+00-7.46151E+04 2.47357E+00-2.03414E+02
 -1       237-4.62387E+01 5.98652E+01 4.69327E+01-1.10285E+05 2.20276E+01-3.13173E+01
 -1       238 3.90642E+05-1.99642E+01-1.65658E+01-7.45489E+04 3.16065E+01-2.19700E+02
 -1       239 8.82039E+01-4.33373E+01-7.21822E+01-1.10279E+05 1.43553E+01-1.73232E+01
 -1       240 4.88336E+05-6.74315E+01-6.82576E+01-7.45647E+04 6.97541E+00-2.20862E+02
 -1       241 5.28643E+01 8.96292E+00 3.48355E+01-1.10244E+05 2.25789E+01 4.77140E+00
 -1       242 5.85995E+05 5.63005E+01 1.65550E+01-7.45522E+04 1.68004E+01-1.65401E+02
 -1       243-7.08554E+01 2.78715E+01 8.49640E+00-1.10243E+05-3.22019E+01 1.72968E+01
 -1       244 6.83670E+05-1.58026E+01 1.04540E+01-7.45206E+04-9.24033E+01-1.80645E+02
 -1       245 9.01440E+01 1.70906E+01 7.16849E+00-1.10413E+05 9.71516E+01-1.20159E+01
 -1       246 7.80983E+05 6.59619E+01-5.15754E+01-7.47135E+04 2.97808E+02-1.51139E+02
 -1       247-4.73749E+01-6.58639E+00-5.86750E+01-1.09660E+05-5.19428E+02 8.69370E+00
 -1       248 8.80747E+05 4.20346E+02 7.59382E+02-7.39285E+04-1.09984E+03-5.46520E+02
 -1       249-1.27731E+02 4.70873E+01 2.10451E+01-1.12405E+05 2.04640E+03-3.02275E+01
 -1       250 9.74239E+05 1.05014E+03-7.42097E+02-7.66799E+04 4.40152E+03 1.29255E+03
 -1       251 8.86897E+01 4.57297E+01 4.28134E+01-1.03532E+05-6.50757E+03 2.20902E+01
 -1       252 1.08820E+06 3.82680E+04 1.82134E+04-6.18448E+04-1.72472E+04-4.17889E+04
 -1       253 4.69034E+01 5.58738E+00-2.90268E+01-2.31466E+04 3.61657E+04-2.56539E+01
 -1       254-9.06335E+04 3.67592E+03 3.39979E+03-7.41478E+04-2.82951E+02 1.78562E+02
 -1       255-1.95205E+05 6.89146E+01 1.29845E+00-7.45589E+04 1.80781E+01 1.89027E+02
 -1       256-2.93157E+05 2.59065E+01 5.49131E+01-7.45806E+04 1.51157E+01 1.82149E+02
 -1       257-3.90524E+05 1.70689E+01-1.82598E+01-7.45682E+04 2.50973E+01 1.69144E+02
 -1       258-4.88191E+05 3.94413E+01 2.93887E+01-7.45684E+04 8.60641E+00 1.57961E+02
 -1       259-5.86043E+05 9.67286E+00 1.49918E+01-7.45638E+04 4.03370E+01 2.05520E+02
 -1       260-6.83704E+05 2.81367E+01-6.71199E+00-7.45364E+04-8.02223E+01 1.52901E+02
 -1       261-7.80769E+05-7.38071E+01 9.97167E+01-7.46908E+04 2.89215E+02 1.62308E+02
 -1       262-8.80974E+05-3.55468E+02-7.58172E+02-7.38986E+04-1.14911E+03 6.04656E+02
 -1       263-9.74384E+05-9.88220E+02 7.19816E+02-7.67344E+04 4.41049E+03-1.33072E+03
 -1       264-1.08799E+06-3.82804E+04-1.82319E+04-6.18458E+04-1.72300E+04 4.17327E+04
 -1       265-3.50705E+01 1.76402E+01 5.09203E+01-1.25717E+05 1.15528E+02-4.67552E+01
 -1       266-1.14436E+02-8.65224E+01-2.98452E+01-1.20202E+05 3.98179E+01 3.68675E+01
 -1       267 9.28590E+01 1.40775E+01-6.54831E+01-1.19991E+05-1.05297E+01-5.21966E+01
 -1       268-1.50490E+02-5.04266E+01-5.45312E+01-1.20019E+05-5.26118E+01 4.07069E+01
 -1       269-5.09886E+01-3.37953E+01 2.49791E+01-1.20081E+05 1.99269E+01-5.45587E+00
 -1       270 1.42028E+02 1.28103E+00-3.24402E+01-1.20052E+05-3.29874E+01-1.14524E+01
 -1       271 6.89243E+01 8.63368E+00-1.19874E+01-1.19990E+05 6.65257E+01-4.03896E+01
 -1       272-1.68611E+02-4.42569E+01 6.09709E+01-1.20119E+05-3.29478E+02 5.07899E+01
 -1       273 5.63815E+01-9.45536E+01-1.12600E+02-1.19858E+05 1.38161E+03-1.61365E+01
 -1       274-7.20472E+01-5.14114E+01-5.25076E+01-1.25440E+05-6.45698E+03-1.86613E+01
 -1       275-7.28161E+01-5.92081E+01-2.17766E+01-1.52454E+05 1.49233E+04-1.20624E+01
 -1       276-5.11428E+01 2.09849E+01 1.58178E+01-1.12101E+05 8.55370E+02 7.10803E+00
 -1       277-9.07880E+04 3.71315E+03 3.41380E+03-7.42014E+04 2.54231E+02-1.72203E+02
 -1       278-1.45641E+02-7.74250E+01-2.47748E+01-1.10217E+05 5.55368E+01 5.32291E+00
 -1       279-1.95290E+05 4.33637E+01-6.10389E+01-7.45963E+04-1.17010E+01-1.53311E+02
 -1       280 1.11157E+02 1.40138E+01 5.27138E+01-1.10291E+05 1.29049E+01-3.16965E+01
 -1       281-2.92856E+05 2.00378E+01 6.91590E+01-7.45499E+04-1.38246E+01-2.23227E+02
 -1       282-1.05577E+02-6.11727E+01-9.49642E+01-1.10220E+05-3.32049E+01 2.02334E+01
 -1       283-3.90713E+05 4.67461E+01-2.45673E+01-7.45380E+04-5.92964E+01-1.79089E+02
 -1       284-6.47392E+00 4.10210E+01 1.08234E+02-1.10295E+05-3.19648E+01 1.44913E+01
 -1       285-4.88395E+05-2.86562E+01 1.41295E+01-7.46179E+04 2.79465E+01-1.75257E+02
 -1       286 1.25620E+01-5.68298E+01-3.10781E+01-1.10296E+05-7.67333E+00-3.58870E+01
 -1       287-5.85832E+05-7.11452E+01-3.57571E+01-7.45490E+04-4.25746E+01-1.69933E+02
 -1       288 1.56801E+02 2.53269E+01 2.43354E+01-1.10232E+05 2.29811E+01 1.38237E+01
 -1       289-6.83608E+05 5.65286E+01 4.56563E+01-7.44790E+04 6.28944E+01-2.11470E+02
 -1       290-5.30210E+01 2.65318E+01 8.80347E+01-1.10379E+05-1.13941E+02-2.03768E+01
 -1       291-7.81117E+05-1.20324E+02-3.50673E+00-7.47142E+04-2.86697E+02-1.37014E+02
 -1       292-1.00422E+02-1.13433E+02-1.12175E+02-1.09677E+05 5.19540E+02 9.76355E+00
 -1       293-8.80764E+05-4.32225E+02-7.78264E+02-7.39411E+04 1.11653E+03-5.62335E+02
 -1       294 4.97820E+01-3.16275E+01-3.00304E+01-1.12420E+05-2.03656E+03 5.43708E+00
 -1       295-9.74339E+05-1.04491E+03 7.47240E+02-7.67171E+04-4.40057E+03 1.29283E+03
 -1       296-7.00545E+01-3.15948E+01 4.57550E+01-1.03529E+05 6.49809E+03 1.15808E+01
 -1       297-1.08812E+06-3.82668E+04-1.82557E+04-6.18398E+04 1.72069E+04-4.17418E+04
 -1       298 3.85553E+01 6.65097E+00 5.29691E+01-2.31350E+04-3.61578E+04-7.50969E+01
 -1       299 9.06372E+04-3.73560E+03-3.37105E+03-7.41550E+04 2.32335E+02 1.50540E+02
 -1       300 1.95172E+05 1.87994E+01 2.78791E+01-7.46313E+04-2.68545E+01 1.61615E+02
 -1       301 2.93018E+05-4.27307E+01-6.37623E+01-7.45212E+04 1.85247E+01 1.77073E+02
 -1       302 3.90535E+05-3.88984E+01-6.00046E+01-7.45821E+04-7.08111E-01 2.01154E+02
 -1       303 4.88267E+05-3.76646E+01 4.72188E+00-7.45935E+04 1.19541E+01 1.92099E+02
 -1       304 5.86055E+05-1.14049E+01-6.89087E+01-7.45729E+04-3.38719E+01 2.12337E+02
 -1       305 6.83797E+05 7.98921E+01 6.63552E+01-7.45205E+04 9.82870E+01 1.45466E+02
 -1       306 7.80695E+05-9.08245E+00-1.32262E+02-7.46666E+04-2.93790E+02 1.69780E+02
 -1       307 8.80884E+05 2.97369E+02 7.36790E+02-7.39395E+04 1.13432E+03 5.51815E+02
 -1       308 9.74350E+05 1.01628E+03-7.38736E+02-7.67167E+04-4.40129E+03-1.32699E+03
 -1       309 1.08796E+06 3.82435E+04 1.81727E+04-6.18176E+04 1.72491E+04 4.17899E+04
 -1       310-1.80966E+01-7.03721E+00-7.03656E+00 5.16734E+04-3.72342E-05-4.96170E+01
 -1       311 2.79030E+01 1.08505E+01 1.08500E+01 9.47831E+04 2.49157E-01-3.80756E+01
 -1       312 1.17123E+06 4.55462E+05 4.55462E+05-8.57999E+04 1.49120E-04-3.49700E+01
 -1       313-1.17122E+06-4.55458E+05-4.55458E+05-8.57972E+04-1.51936E-05-4.46735E+01
 -1       314 3.68067E+01 1.43138E+01 1.43132E+01 9.47925E+04-2.49017E-01-5.18249E+01
 -1       315 6.53128E+00 5.35203E+00 3.82647E+01-1.15335E+05 2.43918E+01 3.91887E+01
 -1       316-7.18182E+01 3.31527E+01-3.68250E+01-1.11066E+05-3.32036E+01-2.86851E+01
 -1       317 2.06544E+01 2.66281E+00-8.62796E+01-1.10928E+05 1.00862E+01-4.47224E+00
 -1       318-1.02409E+02-4.43278E+01 8.83381E+00-1.10915E+05-3.38901E-01 4.17170E+01
 -1       319 1.64454E+01-2.44249E+01-1.40206E+02-1.10941E+05-1.66695E+01-8.51250E+00
 -1       320 6.02870E+01 2.30564E+01-2.79421E+01-1.10927E+05 6.12276E+00 1.46397E+01
 -1       321-1.46655E-01 1.59728E+01-7.44794E+01-1.10883E+05 6.67264E+00 4.98230E+01
 -1       322-1.70420E+01 5.28975E+00 3.77659E+01-1.11037E+05-6.46326E+00-2.58688E+01
 -1       323-2.43836E+01 1.30048E-01 1.07733E+02-1.10377E+05 8.66488E-01-4.24282E+01
 -1       324-1.50632E+02-4.34114E+01-1.20333E+02-1.13901E+05 4.70795E+00 1.91001E+01
 -1       325 9.61979E+01 3.35648E+01-1.56470E+02-1.39962E+05-2.71589E+00-2.64767E+01
 -1       326 9.21889E+04-3.44356E+03-2.53710E+03-6.72183E+04 1.38534E+00 1.45431E+01
 -1       327-1.37678E+01-1.40014E+01-4.95455E+01-1.01722E+05 2.20934E+01 7.01088E+01
 -1       328 6.69385E+01 3.90905E+01 1.06758E+02-1.18407E+05-1.35952E+02 2.22798E+01
 -1       329-9.22228E+04 3.42674E+03 2.59494E+03-6.72153E+04 2.67868E+01 1.93422E+01
 -1       330 1.95183E+05-9.62787E+01-8.89114E+01-6.77585E+04-1.83802E+01-1.83500E+01
 -1       331 1.11869E+01 2.25461E+01-1.10857E+01-1.01136E+05-1.79995E+01 9.60387E+00
 -1       332-2.05696E+01-8.27409E+00-3.39040E+01-1.13646E+05-6.31758E+00-1.89489E+01
 -1       333-1.95205E+05 1.52302E+02 1.20040E+02-6.77854E+04-2.73369E+01-4.19679E+01
 -1       334 2.93007E+05 2.45195E+01-5.86307E+01-6.77916E+04 1.23715E+00-9.12944E+00
 -1       335-3.39069E+01 1.64252E+01-2.53928E+01-1.01188E+05-9.52835E+00-2.99928E+01
 -1       336-9.33175E+01 1.60123E+01 1.93775E+01-1.13536E+05 2.62492E+00-2.89585E+01
 -1       337-2.93007E+05-4.52590E+01-5.15016E+01-6.78027E+04 2.05755E+01 1.91704E+01
 -1       338 3.90561E+05-1.18213E+01-9.34540E-01-6.78069E+04 2.96616E+01 3.94967E+01
 -1       339-4.51870E+01-1.08011E+00-2.25207E+01-1.01157E+05 4.47084E+00 4.63715E+01
 -1       340 1.88110E+01 6.27377E+00-2.29035E+01-1.13518E+05-1.57785E+00 6.60410E+00
 -1       341-3.90699E+05-5.43990E+01 8.11235E+00-6.77968E+04-1.11108E+01 3.62270E+01
 -1       342 4.88278E+05-5.81940E+01-8.33512E+01-6.77916E+04 7.95405E+00-2.63317E+01
 -1       343-2.32577E+01-2.13198E+00-4.15239E+00-1.01189E+05-1.87731E+01 1.56287E+01
 -1       344 1.89820E+01-5.08086E+01-1.07587E+02-1.13536E+05 5.85336E+00 2.30862E+00
 -1       345-4.88246E+05 1.83294E+01-5.86089E+00-6.78219E+04-3.37646E+01-3.27339E+01
 -1       346 5.86015E+05 8.05662E+00 5.81517E+01-6.77940E+04-5.30189E+00 3.55268E-01
 -1       347 3.40101E+01 3.87242E-01-5.66367E+01-1.01171E+05-5.69016E+00-1.69255E+01
 -1       348 2.82457E+01 2.75893E+01-2.92980E+01-1.13516E+05 1.23700E+01 2.33050E+01
 -1       349-5.85904E+05 3.72338E+01-1.37213E+01-6.78118E+04-2.38268E+01-2.92820E-02
 -1       350 6.83750E+05-3.63471E+00-3.34963E+00-6.77436E+04-9.56935E+00 5.26811E+01
 -1       351 6.24261E+01 3.43921E+01-1.12572E+01-1.01113E+05 7.44819E+00 4.43133E+01
 -1       352-4.30518E+01 2.93277E-01-2.83027E+01-1.13504E+05 1.63916E+01 2.21097E+00
 -1       353-6.83657E+05 4.27745E+01-2.42749E+01-6.77324E+04 1.10494E+01 5.92265E+01
 -1       354 7.80883E+05-3.77500E+01-1.58651E+02-6.79630E+04 2.84622E+01-4.01068E+01
 -1       355 2.20973E+01 4.15377E+01 3.24570E+01-1.01297E+05-2.15195E+00 3.04223E+01
 -1       356 2.92721E+01-5.79587E+00-3.26372E+01-1.13544E+05 8.85254E+00-2.85149E+01
 -1       357-7.80985E+05 1.69838E+01 1.87743E+02-6.79829E+04 1.30262E+00-2.96392E+01
 -1       358 8.79995E+05 2.21996E+01 8.04314E+02-6.70575E+04 2.50382E+01-3.27877E+01
 -1       359-7.66593E+01-4.87066E+01-1.90060E+01-1.00573E+05-2.09555E+00-6.07925E+01
 -1       360-2.60970E+01 4.51989E+01 1.37315E+02-1.13525E+05-1.17811E+02-6.29017E+00
 -1       361-8.80077E+05-3.74449E+01-7.52205E+02-6.70431E+04-2.25248E+01-4.58851E+01
 -1       362 9.78207E+05 6.19176E+02-1.65952E+03-7.04320E+04 6.80270E+00 4.77628E+01
 -1       363-5.09986E+01-1.13976E+01 6.48994E+00-1.03234E+05 7.49785E+00-1.12069E+01
 -1       364-1.23152E+02-1.23870E+01-5.20711E+01-1.16068E+05 1.60748E+03 2.18593E+01
 -1       365-9.78345E+05-6.43699E+02 1.54955E+03-7.04290E+04-2.75355E+00 4.08249E+01
 -1       366 1.16238E+06 5.26999E+04 5.39939E+04-4.24737E+04 1.32778E+01-3.52756E+01
 -1       367-5.52822E+00 1.70192E+01-5.98420E+01-1.01310E+05-1.05632E+00 3.05324E+01
 -1       368 8.64667E+01 1.74864E+01-1.21985E+02-1.52997E+05 3.30237E+03-2.03100E+01
 -1       369-1.16222E+06-5.26494E+04-5.40137E+04-4.24906E+04-1.67455E+01-2.46838E+01
 -1       370 3.07214E+01 8.02606E+00-6.07562E+01-8.81722E+04 6.03148E+00-6.57325E+01
 -1       371-1.19750E+01 1.33079E+01 2.35797E+01-1.18422E+05 1.32498E+02 6.47770E+00
 -1       372-9.44043E+01-3.18764E+01-3.45782E+01-1.13663E+05 2.99877E+00 1.20010E+01
 -1       373 5.15366E+01-1.87520E+00-7.96431E+01-1.13509E+05-5.24881E+00-1.57033E+01
 -1       374-1.27950E+02-5.66072E+01-4.10256E+01-1.13508E+05-1.02241E+01 4.04347E+01
 -1       375-1.70558E+01-6.51419E+00-5.68485E+01-1.13548E+05-9.20203E+00-1.09570E+01
 -1       376 1.08763E+02 3.16286E+01-1.39604E+01-1.13529E+05-2.37731E-01 2.84562E+00
 -1       377 2.10956E+01-1.55866E+01-7.37020E+01-1.13500E+05-1.57467E+01 5.48136E+00
 -1       378-6.66148E+01 4.10666E-01 7.98573E+01-1.13531E+05-1.76934E+01 1.79205E+01
 -1       379 1.25805E+01-4.13905E+01-1.61074E+01-1.13541E+05 1.21040E+02-3.76213E+01
 -1       380-1.24345E+02-5.33272E+01-1.01916E+02-1.16066E+05-1.60715E+03-5.72976E+00
 -1       381 1.17720E+01-8.06818E+00-9.36840E+01-1.52998E+05-3.31174E+03-1.68297E+01
 -3
    1PSTEP                         3           1           1          
  100CL  101 1.000000000         381                     0    1           1
 -4  TOSTRAIN    6    1
 -5  EXX         1    4    1    1
 -5  EYY         1    4    2    2
 -5  EZZ         1    4    3    3
 -5  EXY         1    4    1    2
 -5  EYZ         1    4    2    3
 -5  EZX         1    4    3    1
 -1         1 9.81054E-08-2.19112E-07 3.54755E-08-2.02107E-07 5.31001E-10-1.53330E-08
 -1         2 9.82123E-08-2.19844E-07 3.57435E-08-2.02310E-07 7.98228E-11 1.54271E-08
 -1         3 1.01314E-05 5.17349E-11 4.84342E-11-1.14794E-06 3.04230E-13-2.56959E-06
 -1         4 1.01306E-05 5.17373E-11 4.84370E-11-1.14804E-06-3.05121E-13 2.56893E-06
 -1         5-9.83795E-08 2.20076E-07-3.56110E-08-2.02353E-07 4.95609E-10-1.54529E-08
 -1         6-9.87702E-08 2.20279E-07-3.54819E-08-2.01958E-07-4.57589E-10 1.54577E-08
 -1         7-1.01304E-05-5.17330E-11-4.84298E-11-1.14795E-06-3.08040E-13-2.56946E-06
 -1         8-1.01305E-05-5.17358E-11-4.84326E-11-1.14800E-06 3.07877E-13 2.56860E-06
 -1         9 1.29017E-07-2.41182E-07 1.88451E-08-1.87652E-07 5.27895E-11-4.49770E-11
 -1        10 1.21694E-07-2.42042E-07 2.70739E-08-1.82001E-07 1.83365E-09-1.51196E-08
 -1        11 1.21765E-07-2.42523E-07 2.73706E-08-1.82162E-07-1.50421E-09 1.51353E-08
 -1        12 9.31594E-07-2.62115E-07-2.64190E-07-1.09329E-07 2.95367E-09 3.16333E-09
 -1        13 1.86025E-06-5.20577E-07-5.20847E-07-1.45385E-07-6.96542E-10 1.31144E-08
 -1        14 2.79015E-06-7.81467E-07-7.81578E-07-1.45943E-07 4.24058E-10 1.35677E-08
 -1        15 3.71992E-06-1.04168E-06-1.04171E-06-1.45926E-07-7.62376E-11 1.41178E-08
 -1        16 4.65020E-06-1.30214E-06-1.30196E-06-1.46200E-07-1.14973E-10 1.33644E-08
 -1        17 5.58087E-06-1.56214E-06-1.56287E-06-1.45784E-07 9.02934E-11 1.40898E-08
 -1        18 6.51057E-06-1.82409E-06-1.82305E-06-1.46769E-07 6.81512E-10 1.35644E-08
 -1        19 7.43833E-06-2.07620E-06-2.08357E-06-1.43977E-07-1.94839E-09 1.31497E-08
 -1        20 8.37619E-06-2.37099E-06-2.34277E-06-1.50938E-07 7.43563E-09 1.63058E-08
 -1        21 9.26021E-06-2.49322E-06-2.59586E-06-9.55235E-08-2.18514E-08 2.84349E-09
 -1        22 1.03463E-05-3.11557E-06-2.83924E-06 3.17194E-08 1.46823E-07 4.79362E-07
 -1        23 5.10011E-07-1.20618E-07-1.44035E-07-8.46125E-08-9.90134E-09 4.55498E-09
 -1        24 1.39720E-06-3.89014E-07-3.91461E-07-8.54220E-08 3.67859E-10 1.46627E-08
 -1        25 2.32523E-06-6.51083E-07-6.50855E-07-8.64409E-08-1.48888E-10 1.31232E-08
 -1        26 3.25537E-06-9.11676E-07-9.11377E-07-8.62030E-08 1.74180E-10 1.38790E-08
 -1        27 4.18509E-06-1.17170E-06-1.17178E-06-8.65163E-08-2.16237E-10 1.38897E-08
 -1        28 5.11530E-06-1.43225E-06-1.43261E-06-8.65640E-08-3.94000E-12 1.35099E-08
 -1        29 6.04672E-06-1.69312E-06-1.69321E-06-8.66601E-08 3.32817E-10 1.37351E-08
 -1        30 6.97366E-06-1.95048E-06-1.95349E-06-8.65389E-08-7.26331E-10 1.36495E-08
 -1        31 7.91048E-06-2.22270E-06-2.21358E-06-8.56067E-08 2.67961E-09 1.42388E-08
 -1        32 8.81896E-06-2.43907E-06-2.46950E-06-8.96017E-08-9.83689E-09 6.76087E-09
 -1        33 9.75970E-06-2.88996E-06-2.74252E-06-5.52215E-08 4.47662E-08 3.75744E-08
 -1        34 1.02847E-05-2.35603E-06-2.86406E-06-4.67936E-07-2.17692E-07-5.84848E-07
 -1        35 9.04501E-06 5.17388E-11 4.85186E-11-1.81525E-06-7.49203E-16-3.25605E-10
 -1        36 9.56364E-06-5.04951E-11-5.31078E-11-1.56462E-06 1.70104E-12 1.28038E-06
 -1        37 9.56394E-06-5.04931E-11-5.31057E-11-1.56455E-06-1.69773E-12-1.28103E-06
 -1        38 9.32706E-07-2.62282E-07-2.64538E-07-1.09643E-07-3.25545E-09-2.70013E-09
 -1        39 1.85981E-06-5.21045E-07-5.20665E-07-1.45151E-07 3.95321E-10-1.38320E-08
 -1        40 2.79044E-06-7.80743E-07-7.81872E-07-1.46276E-07 2.51013E-10-1.36983E-08
 -1        41 3.71957E-06-1.04205E-06-1.04122E-06-1.45827E-07 2.10486E-10-1.37196E-08
 -1        42 4.65039E-06-1.30205E-06-1.30202E-06-1.45996E-07-1.01422E-10-1.41484E-08
 -1        43 5.58078E-06-1.56201E-06-1.56258E-06-1.45839E-07 2.69774E-10-1.35014E-08
 -1        44 6.51036E-06-1.82456E-06-1.82257E-06-1.46451E-07-6.36477E-10-1.34155E-08
 -1        45 7.43929E-06-2.07630E-06-2.08399E-06-1.44398E-07 1.91801E-09-1.34016E-08
 -1        46 8.37550E-06-2.37027E-06-2.34281E-06-1.51039E-07-7.18294E-09-1.62942E-08
 -1        47 9.25933E-06-2.49312E-06-2.59595E-06-9.47543E-08 2.20959E-08-3.13074E-09
 -1        48 1.03477E-05-3.11618E-06-2.83930E-06 3.14867E-08-1.47284E-07-4.79129E-07
 -1        49 5.10476E-07-1.20478E-07-1.44145E-07-8.46749E-08 1.02043E-08-4.48932E-09
 -1        50 1.39773E-06-3.89436E-07-3.91506E-07-8.53559E-08-8.26722E-10-1.44371E-08
 -1        51 2.32519E-06-6.50886E-07-6.51110E-07-8.63956E-08 3.97547E-10-1.40419E-08
 -1        52 3.25483E-06-9.11256E-07-9.11537E-07-8.65159E-08 9.35350E-11-1.35716E-08
 -1        53 4.18546E-06-1.17213E-06-1.17172E-06-8.63496E-08 4.71843E-11-1.38350E-08
 -1        54 5.11560E-06-1.43202E-06-1.43275E-06-8.62750E-08 1.60972E-10-1.38538E-08
 -1        55 6.04611E-06-1.69317E-06-1.69283E-06-8.64918E-08-1.92871E-10-1.33920E-08
 -1        56 6.97427E-06-1.95096E-06-1.95332E-06-8.67415E-08 6.72162E-10-1.37753E-08
 -1        57 7.91032E-06-2.22239E-06-2.21384E-06-8.58941E-08-2.60103E-09-1.45260E-08
 -1        58 8.81796E-06-2.43850E-06-2.46957E-06-8.92421E-08 9.93429E-09-6.57400E-09
 -1        59 9.76074E-06-2.89033E-06-2.74260E-06-5.48347E-08-4.49362E-08-3.75474E-08
 -1        60 1.02845E-05-2.35626E-06-2.86406E-06-4.68196E-07 2.17381E-07 5.84555E-07
 -1        61-2.69160E-10 6.37591E-11-3.30737E-11-6.70069E-07 4.25599E-08 4.17190E-10
 -1        62-1.35558E-09 1.96266E-07-5.57441E-08-4.48690E-07 2.11014E-08-9.90989E-09
 -1        63 8.62790E-10-1.96086E-07 5.63889E-08-4.48775E-07 2.06948E-08 1.01821E-08
 -1        64-1.29305E-07 2.41281E-07-1.90983E-08-1.87718E-07 1.85066E-10 5.79623E-10
 -1        65-1.22330E-07 2.42750E-07-2.72555E-08-1.81933E-07 1.40841E-09 1.55801E-08
 -1        66-1.21893E-07 2.42607E-07-2.73791E-08-1.82178E-07-1.17375E-09-1.49694E-08
 -1        67 5.71384E-10-7.29606E-10 6.00532E-10-6.70520E-07-4.24661E-08 6.68062E-11
 -1        68 9.41616E-10-1.95998E-07 5.64509E-08-4.49047E-07-2.06684E-08-1.00440E-08
 -1        69-9.33123E-10 1.95852E-07-5.55379E-08-4.48611E-07-2.07043E-08 9.76748E-09
 -1        70-1.03465E-05 3.11561E-06 2.83912E-06 3.12608E-08-1.46965E-07 4.78724E-07
 -1        71-9.25994E-06 2.49360E-06 2.59543E-06-9.58074E-08 2.19124E-08 2.70813E-09
 -1        72-8.37703E-06 2.37085E-06 2.34335E-06-1.50711E-07-7.35221E-09 1.65944E-08
 -1        73-7.43879E-06 2.07562E-06 2.08376E-06-1.43988E-07 1.97572E-09 1.34924E-08
 -1        74-6.50988E-06 1.82463E-06 1.82264E-06-1.46535E-07-5.38467E-10 1.37476E-08
 -1        75-5.58106E-06 1.56239E-06 1.56309E-06-1.45714E-07-6.46188E-11 1.38165E-08
 -1        76-4.64965E-06 1.30223E-06 1.30188E-06-1.45981E-07 6.63634E-11 1.33481E-08
 -1        77-3.71968E-06 1.04148E-06 1.04159E-06-1.46080E-07 2.96916E-10 1.37887E-08
 -1        78-2.79073E-06 7.81465E-07 7.81708E-07-1.46232E-07-2.31859E-11 1.38666E-08
 -1        79-1.86068E-06 5.21501E-07 5.20340E-07-1.45052E-07 3.31720E-10 1.32827E-08
 -1        80-9.31712E-07 2.61904E-07 2.64531E-07-1.09225E-07-2.83437E-09 3.21416E-09
 -1        81-1.02840E-05 2.35600E-06 2.86374E-06-4.68157E-07 2.17586E-07-5.85242E-07
 -1        82-9.76003E-06 2.89011E-06 2.74231E-06-5.56453E-08-4.50112E-08 3.75395E-08
 -1        83-8.81953E-06 2.43917E-06 2.46956E-06-8.96868E-08 9.96760E-09 6.63444E-09
 -1        84-7.91069E-06 2.22229E-06 2.21404E-06-8.53626E-08-2.36851E-09 1.43321E-08
 -1        85-6.97364E-06 1.95054E-06 1.95325E-06-8.65180E-08 6.47069E-10 1.40205E-08
 -1        86-6.04621E-06 1.69363E-06 1.69279E-06-8.65879E-08-2.85305E-10 1.35160E-08
 -1        87-5.11524E-06 1.43237E-06 1.43242E-06-8.62702E-08-1.78256E-10 1.34960E-08
 -1        88-4.18507E-06 1.17168E-06 1.17162E-06-8.65775E-08-3.58558E-11 1.37053E-08
 -1        89-3.25539E-06 9.11446E-07 9.11667E-07-8.65790E-08-4.79314E-11 1.38914E-08
 -1        90-2.32566E-06 6.51426E-07 6.50997E-07-8.65980E-08 1.56107E-10 1.32755E-08
 -1        91-1.39756E-06 3.89358E-07 3.91317E-07-8.49914E-08-5.67667E-10 1.43918E-08
 -1        92-5.10201E-07 1.20840E-07 1.44125E-07-8.45478E-08 9.86915E-09 4.89600E-09
 -1        93-9.32487E-07 2.62064E-07 2.64664E-07-1.09608E-07 3.35110E-09-2.95585E-09
 -1        94-1.86060E-06 5.22009E-07 5.20533E-07-1.45297E-07-7.03533E-10-1.34430E-08
 -1        95-2.78990E-06 7.80745E-07 7.81294E-07-1.45976E-07-1.46888E-10-1.36789E-08
 -1        96-3.72024E-06 1.04239E-06 1.04117E-06-1.46168E-07-2.44500E-10-1.34705E-08
 -1        97-4.65054E-06 1.30205E-06 1.30234E-06-1.46464E-07 4.70224E-10-1.41027E-08
 -1        98-5.57946E-06 1.56132E-06 1.56265E-06-1.45598E-07-4.01322E-10-1.35350E-08
 -1        99-6.50999E-06 1.82466E-06 1.82249E-06-1.45555E-07 6.04440E-10-1.38606E-08
 -1       100-7.44040E-06 2.07659E-06 2.08424E-06-1.44414E-07-2.05161E-09-1.34688E-08
 -1       101-8.37568E-06 2.37025E-06 2.34305E-06-1.51078E-07 7.03588E-09-1.61510E-08
 -1       102-9.25963E-06 2.49305E-06 2.59580E-06-9.53135E-08-2.17475E-08-3.02703E-09
 -1       103-1.03471E-05 3.11630E-06 2.83867E-06 3.14541E-08 1.47276E-07-4.78755E-07
 -1       104-5.10729E-07 1.20875E-07 1.43990E-07-8.47998E-08-9.76108E-09-4.71347E-09
 -1       105-1.39762E-06 3.89578E-07 3.91520E-07-8.52608E-08 6.15786E-10-1.45801E-08
 -1       106-2.32519E-06 6.51324E-07 6.50838E-07-8.67344E-08-4.18989E-10-1.34954E-08
 -1       107-3.25534E-06 9.11559E-07 9.11082E-07-8.63051E-08 3.35466E-11-1.33927E-08
 -1       108-4.18552E-06 1.17222E-06 1.17169E-06-8.69025E-08 3.09469E-10-1.38318E-08
 -1       109-5.11514E-06 1.43157E-06 1.43278E-06-8.65487E-08 1.33452E-10-1.38896E-08
 -1       110-6.04533E-06 1.69292E-06 1.69284E-06-8.58848E-08 1.26896E-10-1.34355E-08
 -1       111-6.97461E-06 1.95122E-06 1.95336E-06-8.61180E-08-6.63519E-10-1.38643E-08
 -1       112-7.91092E-06 2.22245E-06 2.21425E-06-8.61108E-08 2.21409E-09-1.45980E-08
 -1       113-8.81825E-06 2.43872E-06 2.46951E-06-8.95763E-08-9.97644E-09-6.57500E-09
 -1       114-9.76061E-06 2.89024E-06 2.74208E-06-5.50476E-08 4.53637E-08-3.73907E-08
 -1       115-1.02842E-05 2.35637E-06 2.86354E-06-4.68170E-07-2.17266E-07 5.84708E-07
 -1       116-9.04449E-06-5.17394E-11-4.85099E-11-1.81511E-06 2.26743E-16-4.23335E-10
 -1       117-9.56345E-06 5.04953E-11 5.30972E-11-1.56454E-06-1.70346E-12 1.28021E-06
 -1       118-9.56334E-06 5.04928E-11 5.30946E-11-1.56453E-06 1.70162E-12-1.28104E-06
 -1       119 1.99426E-10 1.23705E-15 6.83234E-15 1.00490E-06-4.91290E-13-1.83031E-10
 -1       120 4.92482E-06-5.40482E-11-5.33826E-11 1.47195E-07 2.58303E-12 1.28304E-06
 -1       121-4.92465E-06 5.40455E-11 5.33727E-11 1.47209E-07 2.58350E-12-1.28339E-06
 -1       122 3.29774E-10-1.97239E-15 5.59808E-15 1.00502E-06 4.90933E-13-2.50787E-10
 -1       123 4.92529E-06-5.40463E-11-5.33816E-11 1.47256E-07-2.58104E-12-1.28345E-06
 -1       124-4.92458E-06 5.40484E-11 5.33747E-11 1.47292E-07-2.58376E-12 1.28292E-06
 -1       125 9.39014E-07-2.66111E-07-2.60853E-07-8.82181E-08-1.56469E-10 2.38080E-10
 -1       126 1.86021E-06-5.21071E-07-5.21550E-07-1.17869E-07-1.92926E-10-1.99207E-10
 -1       127 2.79036E-06-7.81134E-07-7.81550E-07-1.18990E-07 3.89623E-10-2.45426E-10
 -1       128 3.71972E-06-1.04152E-06-1.04165E-06-1.19245E-07 8.72025E-11 5.43033E-10
 -1       129 4.64982E-06-1.30242E-06-1.30180E-06-1.18671E-07-2.14463E-11-4.61512E-10
 -1       130 5.58070E-06-1.56237E-06-1.56183E-06-1.18716E-07 1.22619E-10-3.05360E-11
 -1       131 6.51081E-06-1.82479E-06-1.82284E-06-1.19721E-07-2.18119E-11 4.20968E-10
 -1       132 7.43959E-06-2.07551E-06-2.08447E-06-1.17216E-07-1.25593E-10-4.70395E-10
 -1       133 8.37265E-06-2.37596E-06-2.33967E-06-1.26950E-07 5.81821E-10-2.47331E-10
 -1       134 9.27473E-06-2.48030E-06-2.61367E-06-8.11053E-08 1.82918E-10 5.73602E-10
 -1       135 1.09097E-05-3.26416E-06-2.73431E-06 1.93768E-07-2.20136E-10-2.30184E-10
 -1       136 9.39488E-07-2.64400E-07-2.62717E-07-8.89858E-08-2.39519E-09-5.24949E-09
 -1       137 5.33409E-07-1.39468E-07-1.50716E-07-6.78321E-08 9.48407E-11 3.01411E-11
 -1       138 1.85965E-06-5.21098E-07-5.21161E-07-1.19618E-07-4.92950E-11-1.25800E-08
 -1       139 1.39649E-06-3.90474E-07-3.90124E-07-6.04987E-08-2.15297E-10 1.30130E-10
 -1       140 2.79062E-06-7.81034E-07-7.81563E-07-1.20666E-07 3.78418E-10-1.23040E-08
 -1       141 2.32523E-06-6.51159E-07-6.51292E-07-5.96947E-08 1.17733E-10-5.26245E-10
 -1       142 3.71984E-06-1.04187E-06-1.04158E-06-1.20648E-07 1.86431E-10-1.19343E-08
 -1       143 3.25528E-06-9.11452E-07-9.11462E-07-5.95222E-08 1.10123E-10 2.69883E-10
 -1       144 4.65029E-06-1.30220E-06-1.30184E-06-1.20413E-07-1.73627E-10-1.24804E-08
 -1       145 4.18491E-06-1.17199E-06-1.17174E-06-5.95773E-08-1.59963E-11 1.38275E-10
 -1       146 5.58098E-06-1.56224E-06-1.56232E-06-1.20324E-07 1.89613E-11-1.19757E-08
 -1       147 5.11558E-06-1.43249E-06-1.43214E-06-5.91348E-08 1.33968E-12-3.21026E-10
 -1       148 6.51079E-06-1.82468E-06-1.82280E-06-1.21169E-07-1.03867E-10-1.19530E-08
 -1       149 6.04646E-06-1.69350E-06-1.69259E-06-5.94619E-08 1.74431E-11 2.02414E-10
 -1       150 7.44024E-06-2.07626E-06-2.08437E-06-1.18367E-07 2.39420E-10-1.23842E-08
 -1       151 6.97407E-06-1.95042E-06-1.95376E-06-5.96939E-08-5.49763E-11-9.06758E-12
 -1       152 8.37165E-06-2.37294E-06-2.34135E-06-1.29602E-07-5.90193E-10-1.21668E-08
 -1       153 7.90988E-06-2.22468E-06-2.21249E-06-5.86720E-08 2.07173E-10-5.01889E-10
 -1       154 9.28493E-06-2.48612E-06-2.60490E-06-6.55555E-08-2.29534E-09-1.70856E-08
 -1       155 8.82519E-06-2.42806E-06-2.47686E-06-6.70920E-08 3.44520E-10 3.33399E-10
 -1       156 1.06376E-05-3.19189E-06-2.78696E-06 7.13900E-08-3.68082E-08-1.66297E-07
 -1       157 9.70950E-06-2.91862E-06-2.69896E-06 1.10280E-08-3.57053E-11 2.18358E-10
 -1       158 1.03613E-05-2.39894E-06-2.81158E-06-8.61913E-07-1.32378E-10-3.30389E-10
 -1       159 9.38920E-07-2.64452E-07-2.62522E-07-8.88993E-08 2.08881E-09 5.71462E-09
 -1       160 1.85990E-06-5.20757E-07-5.21192E-07-1.19679E-07-2.73439E-10 1.20355E-08
 -1       161 2.79044E-06-7.81384E-07-7.81782E-07-1.20582E-07 2.57772E-10 1.19821E-08
 -1       162 3.72000E-06-1.04167E-06-1.04162E-06-1.20647E-07 4.05501E-11 1.26674E-08
 -1       163 4.65029E-06-1.30221E-06-1.30206E-06-1.20546E-07 4.91203E-11 1.16345E-08
 -1       164 5.58096E-06-1.56231E-06-1.56237E-06-1.20313E-07 2.86954E-10 1.22193E-08
 -1       165 6.51092E-06-1.82454E-06-1.82302E-06-1.21359E-07 1.31408E-10 1.24617E-08
 -1       166 7.43985E-06-2.07615E-06-2.08407E-06-1.18233E-07-3.63691E-10 1.17980E-08
 -1       167 8.37183E-06-2.37319E-06-2.34132E-06-1.29538E-07 1.26706E-09 1.19245E-08
 -1       168 9.28539E-06-2.48613E-06-2.60490E-06-6.58350E-08 2.59448E-09 1.75134E-08
 -1       169 1.06371E-05-3.19154E-06-2.78685E-06 7.14797E-08 3.63912E-08 1.66180E-07
 -1       170 2.05915E-10 1.02547E-10-2.96482E-10-6.13377E-07 1.55873E-10 6.52943E-10
 -1       171 2.00918E-08-2.14741E-07 4.77476E-08-4.12993E-07-1.30138E-10 2.42292E-10
 -1       172 3.28813E-10-2.76035E-10 1.12078E-10-6.23456E-07-3.12112E-08 4.19893E-10
 -1       173-1.99403E-08 2.14893E-07-4.77070E-08-4.13037E-07 4.07548E-10 4.26891E-10
 -1       174-1.08998E-10 4.21372E-11-1.24816E-10-6.23316E-07 3.14149E-08 5.17254E-10
 -1       175-1.09093E-05 3.26379E-06 2.73502E-06 1.93318E-07 2.03943E-10-1.57052E-10
 -1       176-9.27480E-06 2.48042E-06 2.61333E-06-8.14964E-08-1.11457E-10 4.73854E-10
 -1       177-8.37339E-06 2.37611E-06 2.33979E-06-1.26878E-07-5.61601E-10-4.45487E-10
 -1       178-7.44057E-06 2.07551E-06 2.08503E-06-1.16985E-07 4.41866E-10-2.56901E-10
 -1       179-6.50975E-06 1.82464E-06 1.82247E-06-1.19109E-07-8.88537E-12 5.35309E-10
 -1       180-5.57997E-06 1.56225E-06 1.56259E-06-1.19140E-07-4.27760E-10-1.58286E-10
 -1       181-4.65003E-06 1.30209E-06 1.30229E-06-1.19513E-07-1.03897E-10-5.74756E-10
 -1       182-3.72024E-06 1.04141E-06 1.04154E-06-1.19049E-07 9.69181E-11 5.14775E-10
 -1       183-2.79041E-06 7.81031E-07 7.81237E-07-1.19062E-07-2.29323E-10 2.82906E-10
 -1       184-1.85997E-06 5.20974E-07 5.21622E-07-1.17882E-07-2.40725E-11-5.20477E-10
 -1       185-9.39353E-07 2.65955E-07 2.61757E-07-8.83298E-08 2.67061E-10 8.60787E-11
 -1       186-1.03608E-05 2.39867E-06 2.81170E-06-8.62197E-07 1.76780E-10-3.42042E-10
 -1       187-1.06372E-05 3.19177E-06 2.78699E-06 7.12348E-08 3.66509E-08-1.66308E-07
 -1       188-9.70952E-06 2.91843E-06 2.69911E-06 1.07260E-08 6.00201E-11 2.64671E-10
 -1       189-9.28504E-06 2.48613E-06 2.60467E-06-6.60122E-08 2.55481E-09-1.72502E-08
 -1       190-8.82575E-06 2.42817E-06 2.47669E-06-6.72927E-08-3.53210E-10 1.06968E-10
 -1       191-8.37206E-06 2.37300E-06 2.34154E-06-1.29626E-07 5.62906E-10-1.20140E-08
 -1       192-7.91039E-06 2.22466E-06 2.21296E-06-5.85462E-08-2.09103E-11-6.58753E-10
 -1       193-7.44124E-06 2.07638E-06 2.08477E-06-1.18246E-07-1.33679E-10-1.22097E-08
 -1       194-6.97408E-06 1.95042E-06 1.95377E-06-5.91526E-08 1.73576E-10 3.16648E-10
 -1       195-6.51013E-06 1.82460E-06 1.82253E-06-1.20530E-07 1.89326E-10-1.19942E-08
 -1       196-6.04564E-06 1.69332E-06 1.69262E-06-5.94799E-08-1.43281E-10 2.70801E-10
 -1       197-5.58009E-06 1.56196E-06 1.56262E-06-1.20424E-07-3.50944E-10-1.22410E-08
 -1       198-5.11509E-06 1.43222E-06 1.43255E-06-5.97534E-08-1.97980E-10-5.56399E-10
 -1       199-4.65044E-06 1.30222E-06 1.30236E-06-1.20934E-07 5.34119E-11-1.29158E-08
 -1       200-4.18560E-06 1.17186E-06 1.17183E-06-5.97097E-08-4.46133E-11-8.37359E-12
 -1       201-3.72030E-06 1.04193E-06 1.04140E-06-1.20684E-07-1.33877E-10-1.17571E-08
 -1       202-3.25521E-06 9.11503E-07 9.11323E-07-5.95933E-08-5.03931E-11 5.08809E-10
 -1       203-2.79043E-06 7.80898E-07 7.81297E-07-1.20566E-07-2.70664E-10-1.19851E-08
 -1       204-2.32542E-06 6.50971E-07 6.51378E-07-5.97375E-08-1.50085E-10-2.64259E-10
 -1       205-1.85998E-06 5.21382E-07 5.21208E-07-1.19675E-07-1.53581E-10-1.27066E-08
 -1       206-1.39674E-06 3.90293E-07 3.90591E-07-6.04856E-08 8.34053E-11-2.83061E-10
 -1       207-9.39431E-07 2.64415E-07 2.63067E-07-8.89859E-08 2.33479E-09-5.42396E-09
 -1       208-5.33473E-07 1.39407E-07 1.50861E-07-6.80327E-08 7.85485E-11 3.47513E-10
 -1       209-1.06370E-05 3.19146E-06 2.78714E-06 7.11403E-08-3.63444E-08 1.66127E-07
 -1       210-9.28513E-06 2.48633E-06 2.60452E-06-6.61525E-08-2.56798E-09 1.75602E-08
 -1       211-8.37258E-06 2.37323E-06 2.34166E-06-1.29516E-07-1.26610E-09 1.17925E-08
 -1       212-7.44062E-06 2.07592E-06 2.08444E-06-1.18080E-07 5.24494E-10 1.19585E-08
 -1       213-6.51009E-06 1.82459E-06 1.82267E-06-1.20969E-07-1.72886E-10 1.24815E-08
 -1       214-5.58075E-06 1.56243E-06 1.56299E-06-1.20471E-07-2.99624E-10 1.22135E-08
 -1       215-4.65008E-06 1.30219E-06 1.30216E-06-1.20781E-07 1.04064E-10 1.19682E-08
 -1       216-3.72010E-06 1.04152E-06 1.04162E-06-1.20659E-07 2.04213E-10 1.24478E-08
 -1       217-2.79074E-06 7.81298E-07 7.81511E-07-1.20680E-07-8.37919E-12 1.23590E-08
 -1       218-1.85996E-06 5.21201E-07 5.20897E-07-1.19574E-07-7.46506E-11 1.20843E-08
 -1       219-9.39207E-07 2.64263E-07 2.63310E-07-8.88899E-08-1.79289E-09 5.63501E-09
 -1       220 3.64442E-10-1.86509E-10 3.56533E-10-7.66012E-07-1.06108E-09 1.19353E-10
 -1       221 2.51749E-10-1.60540E-10-1.16780E-10-7.32310E-07 1.19060E-10 1.01603E-10
 -1       222-1.29029E-09 2.94672E-10 8.38053E-10-7.31833E-07-3.51093E-11-1.99250E-10
 -1       223 6.60846E-10 1.60259E-10-6.67230E-10-7.31628E-07 1.61077E-10-2.57478E-10
 -1       224 4.05216E-10-3.62427E-10-3.36299E-10-7.31735E-07 4.27119E-11 8.31306E-11
 -1       225-1.04774E-10 1.43553E-10-1.01313E-10-7.31613E-07 2.60900E-10 2.29448E-10
 -1       226-4.01091E-10 6.39058E-11 3.98878E-11-7.31460E-07-4.98146E-10-3.06823E-10
 -1       227 6.27907E-10-4.74415E-11-4.01538E-10-7.32307E-07 1.97586E-09-8.78307E-11
 -1       228-5.61429E-10 3.19123E-10 5.74820E-10-7.30309E-07-8.37772E-09 1.03363E-10
 -1       229-4.84227E-10 2.80198E-10 8.26940E-11-7.64607E-07 3.92936E-08 1.94210E-11
 -1       230 5.21551E-10-2.57251E-11-5.77153E-10-9.29256E-07-9.10227E-08-5.54557E-11
 -1       231 4.76640E-10-4.74151E-10 2.11624E-10-6.83350E-07-5.39004E-09 2.50388E-10
 -1       232 4.41904E-07-1.34192E-07-1.32263E-07-4.52000E-07-1.55503E-09-1.03230E-09
 -1       233 1.81075E-10-2.31859E-10-1.01895E-10-6.71580E-07-5.13962E-10-5.75046E-11
 -1       234 9.29608E-07-2.60533E-07-2.60033E-07-4.54520E-07 2.14509E-10-1.02001E-09
 -1       235-4.19430E-10 4.27356E-11 4.82752E-10-6.72233E-07 1.16229E-10 4.09135E-11
 -1       236 1.39460E-06-3.90270E-07-3.90580E-07-4.54797E-07 1.50770E-11-1.23986E-09
 -1       237-3.62581E-10 2.84147E-10 2.05320E-10-6.72216E-07 1.34263E-10-1.90887E-10
 -1       238 1.86025E-06-5.20928E-07-5.20908E-07-4.54393E-07 1.92649E-10-1.33913E-09
 -1       239 5.74045E-10-2.27730E-10-4.03547E-10-6.72176E-07 8.74988E-11-1.05589E-10
 -1       240 2.32559E-06-6.51344E-07-6.51349E-07-4.54490E-07 4.25168E-11-1.34621E-09
 -1       241 1.93337E-10-7.42525E-11 8.34470E-11-6.71963E-07 1.37624E-10 2.90828E-11
 -1       242 2.79035E-06-7.81080E-07-7.81323E-07-4.54413E-07 1.02402E-10-1.00816E-09
 -1       243-3.85897E-10 2.15867E-10 9.77710E-11-6.71958E-07-1.96278E-10 1.05428E-10
 -1       244 3.25558E-06-9.11650E-07-9.11490E-07-4.54221E-07-5.63220E-10-1.10107E-09
 -1       245 3.96912E-10-4.83663E-11-1.08844E-10-6.72992E-07 5.92162E-10-7.32400E-11
 -1       246 3.71895E-06-1.04093E-06-1.04164E-06-4.55397E-07 1.81521E-09-9.21227E-10
 -1       247-1.38580E-10 1.10036E-10-2.07456E-10-6.68401E-07-3.16604E-09 5.29902E-11
 -1       248 4.19246E-06-1.17334E-06-1.17127E-06-4.50612E-07-6.70379E-09-3.33117E-09
 -1       249-6.99086E-10 3.66473E-10 2.07740E-10-6.85133E-07 1.24733E-08-1.84244E-10
 -1       250 4.63882E-06-1.29300E-06-1.30392E-06-4.67382E-07 2.68283E-08 7.87837E-09
 -1       251 3.04274E-10 4.24230E-11 2.46474E-11-6.31052E-07-3.96652E-08 1.34645E-10
 -1       252 5.10657E-06-1.29298E-06-1.41522E-06-3.76959E-07-1.05126E-07-2.54713E-07
 -1       253 2.54602E-10 2.77110E-12-2.08211E-10-1.41084E-07 2.20439E-07-1.56367E-10
 -1       254-4.41023E-07 1.33816E-07 1.32133E-07-4.51949E-07-1.72465E-09 1.08838E-09
 -1       255-9.29643E-07 2.60600E-07 2.60188E-07-4.54454E-07 1.10191E-10 1.15217E-09
 -1       256-1.39609E-06 3.90926E-07 3.91102E-07-4.54587E-07 9.21338E-11 1.11024E-09
 -1       257-1.85963E-06 5.20804E-07 5.20589E-07-4.54511E-07 1.52974E-10 1.03097E-09
 -1       258-2.32481E-06 6.51069E-07 6.51008E-07-4.54512E-07 5.24581E-11 9.62810E-10
 -1       259-2.79072E-06 7.81417E-07 7.81450E-07-4.54484E-07 2.45864E-10 1.25270E-09
 -1       260-3.25576E-06 9.11748E-07 9.11535E-07-4.54317E-07-4.88974E-10 9.31971E-10
 -1       261-3.71798E-06 1.04054E-06 1.04160E-06-4.55258E-07 1.76283E-09 9.89306E-10
 -1       262-4.19363E-06 1.17395E-06 1.17150E-06-4.50430E-07-7.00408E-09 3.68552E-09
 -1       263-4.63957E-06 1.29351E-06 1.30392E-06-4.67714E-07 2.68830E-08-8.11103E-09
 -1       264-5.10554E-06 1.29267E-06 1.41487E-06-3.76965E-07-1.05021E-07 2.54371E-07
 -1       265-2.58417E-10 6.28679E-11 2.65718E-10-7.66278E-07 7.04168E-10-2.84984E-10
 -1       266-3.89776E-10-2.19636E-10 1.25824E-10-7.32660E-07 2.42700E-10 2.24716E-10
 -1       267 5.10727E-10 3.05343E-11-4.54406E-10-7.31373E-07-6.41811E-11-3.18150E-10
 -1       268-5.76677E-10 3.32354E-11 8.21694E-12-7.31542E-07-3.20681E-10 2.48119E-10
 -1       269-2.31048E-10-1.26250E-10 2.31993E-10-7.31921E-07 1.21459E-10-3.32548E-11
 -1       270 7.17868E-10-1.40016E-10-3.45555E-10-7.31748E-07-2.01066E-10-6.98051E-11
 -1       271 3.32682E-10-3.48031E-11-1.60493E-10-7.31366E-07 4.05490E-10-2.46184E-10
 -1       272-8.25194E-10-6.72273E-11 5.74161E-10-7.32153E-07-2.00825E-09 3.09576E-10
 -1       273 5.44687E-10-3.75298E-10-4.85292E-10-7.30562E-07 8.42126E-09-9.83557E-11
 -1       274-2.04524E-10-7.87430E-11-8.54246E-11-7.64586E-07-3.93568E-08-1.13745E-10
 -1       275-2.38764E-10-1.55820E-10 7.23342E-11-9.29243E-07 9.09611E-08-7.35233E-11
 -1       276-2.92608E-10 1.47028E-10 1.15534E-10-6.83283E-07 5.21368E-09 4.33251E-11
 -1       277-4.41826E-07 1.34181E-07 1.32356E-07-4.52275E-07 1.54960E-09-1.04962E-09
 -1       278-5.57261E-10-1.41470E-10 1.79446E-10-6.71798E-07 3.38510E-10 3.24444E-11
 -1       279-9.29927E-07 2.60674E-07 2.60038E-07-4.54682E-07-7.13202E-11-9.34469E-10
 -1       280 4.40350E-10-1.51762E-10 8.41234E-11-6.72248E-07 7.86586E-11-1.93198E-10
 -1       281-1.39467E-06 3.90478E-07 3.90778E-07-4.54399E-07-8.42641E-11-1.36062E-09
 -1       282-2.94563E-10-2.39108E-11-2.29878E-10-6.71818E-07-2.02392E-10 1.23327E-10
 -1       283-1.86057E-06 5.21206E-07 5.20772E-07-4.54327E-07-3.61426E-10-1.09159E-09
 -1       284-2.29835E-10 5.96580E-11 4.69338E-10-6.72273E-07-1.94833E-10 8.83278E-11
 -1       285-2.32567E-06 6.51038E-07 6.51299E-07-4.54814E-07 1.70340E-10-1.06823E-09
 -1       286 1.77030E-10-2.45930E-10-8.89674E-11-6.72283E-07-4.67708E-11-2.18740E-10
 -1       287-2.78953E-06 7.80818E-07 7.81033E-07-4.54394E-07-2.59502E-10-1.03578E-09
 -1       288 6.80454E-10-1.20911E-10-1.26954E-10-6.71889E-07 1.40075E-10 8.42587E-11
 -1       289-3.25541E-06 9.11686E-07 9.11620E-07-4.53968E-07 3.83356E-10-1.28896E-09
 -1       290-4.05236E-10 7.96570E-11 4.54532E-10-6.72787E-07-6.94500E-10-1.24201E-10
 -1       291-3.71944E-06 1.04092E-06 1.04163E-06-4.55401E-07-1.74748E-09-8.35135E-10
 -1       292-1.77389E-10-2.56693E-10-2.49028E-10-6.68509E-07 3.16672E-09 5.95111E-11
 -1       293-4.19250E-06 1.17333E-06 1.17122E-06-4.50688E-07 6.80551E-09-3.42756E-09
 -1       294 3.19268E-10-1.76943E-10-1.67208E-10-6.85227E-07-1.24133E-08 3.31403E-11
 -1       295-4.63931E-06 1.29315E-06 1.30407E-06-4.67609E-07-2.68225E-08 7.88009E-09
 -1       296-3.52473E-10-1.18052E-10 3.53413E-10-6.31034E-07 3.96074E-08 7.05878E-11
 -1       297-5.10617E-06 1.29295E-06 1.41492E-06-3.76928E-07 1.04880E-07-2.54426E-07
 -1       298 1.04103E-10-9.03613E-11 1.91959E-10-1.41013E-07-2.20391E-07-4.57734E-10
 -1       299 4.41081E-07-1.34143E-07-1.31921E-07-4.51992E-07 1.41613E-09 9.17575E-10
 -1       300 9.29330E-07-2.60178E-07-2.60122E-07-4.54895E-07-1.63684E-10 9.85079E-10
 -1       301 1.39546E-06-3.90809E-07-3.90937E-07-4.54224E-07 1.12912E-10 1.07930E-09
 -1       302 1.85982E-06-5.20818E-07-5.20947E-07-4.54595E-07-4.31610E-12 1.22608E-09
 -1       303 2.32513E-06-6.51209E-07-6.50950E-07-4.54665E-07 7.28630E-11 1.17089E-09
 -1       304 2.79085E-06-7.81369E-07-7.81720E-07-4.54540E-07-2.06457E-10 1.29425E-09
 -1       305 3.25598E-06-9.11437E-07-9.11519E-07-4.54220E-07 5.99083E-10 8.86651E-10
 -1       306 3.71778E-06-1.04079E-06-1.04154E-06-4.55111E-07-1.79072E-09 1.03485E-09
 -1       307 4.19331E-06-1.17408E-06-1.17140E-06-4.50679E-07 6.91394E-09 3.36344E-09
 -1       308 4.63939E-06-1.29331E-06-1.30401E-06-4.67606E-07-2.68269E-08-8.08835E-09
 -1       309 5.10556E-06-1.29274E-06-1.41507E-06-3.76793E-07 1.05137E-07 2.54719E-07
 -1       310-6.74092E-11 3.48457E-16 4.27762E-15 3.14962E-07-2.26951E-16-3.02427E-10
 -1       311 1.03937E-10-1.80514E-15-4.47182E-15 5.77726E-07 1.51867E-12-2.32080E-10
 -1       312 4.36271E-06-5.38057E-11-5.34786E-11-5.22971E-07 9.08922E-16-2.13151E-10
 -1       313-4.36267E-06 5.38050E-11 5.34704E-11-5.22954E-07-9.26089E-17-2.72296E-10
 -1       314 1.37101E-10 1.20258E-15-2.45597E-15 5.77783E-07-1.51782E-12-3.15885E-10
 -1       315-2.70543E-11-3.42421E-11 1.66368E-10-7.02992E-07 1.48674E-10 2.38864E-10
 -1       316-3.37095E-10 3.02728E-10-1.23803E-10-6.76974E-07-2.02384E-10-1.74842E-10
 -1       317 2.09843E-10 1.00180E-10-4.41945E-10-6.76131E-07 6.14775E-11-2.72594E-11
 -1       318-4.40337E-10-8.63176E-11 2.37715E-10-6.76054E-07-2.06568E-12 2.54275E-10
 -1       319 2.97819E-10 4.87049E-11-6.57007E-10-6.76211E-07-1.01605E-10-5.18857E-11
 -1       320 2.93595E-10 6.66659E-11-2.44182E-10-6.76125E-07 3.73197E-11 8.92322E-11
 -1       321 7.73105E-11 1.75562E-10-3.75765E-10-6.75858E-07 4.06713E-11 3.03683E-10
 -1       322-1.38560E-10-2.44263E-12 1.95507E-10-6.76797E-07-3.93951E-11-1.57677E-10
 -1       323-2.59930E-10-1.10513E-10 5.45352E-10-6.72776E-07 5.28145E-12-2.58610E-10
 -1       324-4.98972E-10 1.54566E-10-3.14287E-10-6.94254E-07 2.86961E-11 1.16420E-10
 -1       325 6.21959E-10 2.40195E-10-9.18113E-10-8.53104E-07-1.65540E-11-1.61382E-10
 -1       326 4.46969E-07-1.35934E-07-1.30408E-07-4.09712E-07 8.44399E-12 8.86438E-11
 -1       327 1.91681E-11 1.77444E-11-1.98905E-10-6.20022E-07 1.34665E-10 4.27330E-10
 -1       328 1.24291E-10-4.54499E-11 3.66998E-10-7.21719E-07-8.28663E-10 1.35800E-10
 -1       329-4.47185E-07 1.35822E-07 1.30752E-07-4.09693E-07 1.63272E-10 1.17895E-10
 -1       330 9.29689E-07-2.60584E-07-2.60539E-07-4.13004E-07-1.12032E-10-1.11847E-10
 -1       331 3.79903E-11 1.07227E-10-9.77663E-11-6.16447E-07-1.09711E-10 5.85379E-11
 -1       332-4.17130E-11 3.32311E-11-1.22989E-10-6.92697E-07-3.85071E-11-1.15498E-10
 -1       333-9.29909E-07 2.60838E-07 2.60641E-07-4.13168E-07-1.66625E-10-2.55805E-10
 -1       334 1.39532E-06-3.90481E-07-3.90988E-07-4.13206E-07 7.54072E-12-5.56461E-11
 -1       335-1.49505E-10 1.57282E-10-9.76093E-11-6.16765E-07-5.80775E-11-1.82814E-10
 -1       336-4.91556E-10 1.74836E-10 1.95347E-10-6.92028E-07 1.59995E-11-1.76509E-10
 -1       337-1.39514E-06 3.90530E-07 3.90492E-07-4.13273E-07 1.25412E-10 1.16848E-10
 -1       338 1.85983E-06-5.20803E-07-5.20736E-07-4.13299E-07 1.80794E-10 2.40742E-10
 -1       339-1.83708E-10 8.51335E-11-4.55521E-11-6.16578E-07 2.72508E-11 2.82645E-10
 -1       340 1.11749E-10 3.53319E-11-1.42511E-10-6.91919E-07-9.61739E-12 4.02536E-11
 -1       341-1.86041E-06 5.20663E-07 5.21044E-07-4.13238E-07-6.77230E-11 2.20812E-10
 -1       342 2.32532E-06-6.51203E-07-6.51357E-07-4.13206E-07 4.84818E-11-1.60498E-10
 -1       343-1.02372E-10 2.63945E-11 1.40796E-11-6.16772E-07-1.14426E-10 9.52604E-11
 -1       344 3.01585E-10-1.23805E-10-4.69885E-10-6.92026E-07 3.56776E-11 1.40716E-11
 -1       345-2.32500E-06 6.51090E-07 6.50943E-07-4.13391E-07-2.05803E-10-1.99521E-10
 -1       346 2.79046E-06-7.81392E-07-7.81087E-07-4.13220E-07-3.23163E-11 2.16544E-12
 -1       347 2.36952E-10 3.20129E-11-3.15562E-10-6.16663E-07-3.46829E-11-1.03165E-10
 -1       348 1.36782E-10 1.32781E-10-2.13961E-10-6.91905E-07 7.53982E-11 1.42049E-10
 -1       349-2.79005E-06 7.81402E-07 7.81091E-07-4.13329E-07-1.45230E-10-1.78480E-13
 -1       350 3.25596E-06-9.11679E-07-9.11677E-07-4.12913E-07-5.83275E-11 3.21104E-10
 -1       351 2.66420E-10 9.55469E-11-1.82697E-10-6.16306E-07 4.53985E-11 2.70100E-10
 -1       352-1.67663E-10 9.65360E-11-7.77634E-11-6.91833E-07 9.99104E-11 1.34764E-11
 -1       353-3.25554E-06 9.11779E-07 9.11370E-07-4.12845E-07 6.73486E-11 3.61000E-10
 -1       354 3.71875E-06-1.04115E-06-1.04188E-06-4.14251E-07 1.73484E-10-2.44461E-10
 -1       355 6.56553E-12 1.25059E-10 6.97105E-11-6.17429E-07-1.31167E-11 1.85431E-10
 -1       356 1.90635E-10-2.31125E-11-1.86717E-10-6.92077E-07 5.39583E-11-1.73805E-10
 -1       357-3.71925E-06 1.04114E-06 1.04218E-06-4.14372E-07 7.93975E-12-1.80658E-10
 -1       358 4.18935E-06-1.17429E-06-1.16953E-06-4.08731E-07 1.52614E-10-1.99849E-10
 -1       359-2.74761E-10-1.04382E-10 7.66497E-11-6.13018E-07-1.27729E-11-3.70545E-10
 -1       360-3.67623E-10 6.69424E-11 6.28411E-10-6.91962E-07-7.18085E-10-3.83401E-11
 -1       361-4.18979E-06 1.17426E-06 1.16990E-06-4.08644E-07-1.37294E-10-2.79680E-10
 -1       362 4.65952E-06-1.29912E-06-1.31300E-06-4.29300E-07 4.14641E-11 2.91125E-10
 -1       363-2.36307E-10 5.07039E-12 1.14099E-10-6.29236E-07 4.57012E-11-6.83085E-11
 -1       364-5.00495E-10 1.74645E-10-6.72387E-11-7.07461E-07 9.79795E-09 1.33237E-10
 -1       365-4.65999E-06 1.29933E-06 1.31270E-06-4.29281E-07-1.67835E-11 2.48837E-10
 -1       366 5.39290E-06-1.37089E-06-1.36300E-06-2.58887E-07 8.09316E-11-2.15013E-10
 -1       367 3.07723E-11 1.68204E-10-3.00283E-10-6.17511E-07-6.43854E-12 1.86103E-10
 -1       368 5.51077E-10 1.30626E-10-7.19484E-10-9.32555E-07 2.01287E-08-1.23794E-10
 -1       369-5.39218E-06 1.37094E-06 1.36262E-06-2.58991E-07-1.02068E-10-1.50454E-10
 -1       370 2.16599E-10 7.82657E-11-3.40979E-10-5.37430E-07 3.67633E-11-4.00656E-10
 -1       371-1.06207E-10 4.78981E-11 1.10507E-10-7.21809E-07 8.07606E-10 3.94832E-11
 -1       372-3.60938E-10 2.01844E-11 3.71599E-12-6.92802E-07 1.82782E-11 7.31487E-11
 -1       373 3.54103E-10 2.85459E-11-4.45468E-10-6.91861E-07-3.19928E-11-9.57154E-11
 -1       374-4.79109E-10-4.42574E-11 5.07163E-11-6.91859E-07-6.23181E-11 2.46459E-10
 -1       375 3.26571E-12 6.75190E-11-2.39281E-10-6.92103E-07-5.60886E-11-6.67853E-11
 -1       376 4.94361E-10 2.42089E-11-2.53666E-10-6.91987E-07-1.44903E-12 1.73448E-11
 -1       377 2.19506E-10-4.08012E-12-3.58307E-10-6.91809E-07-9.59799E-11 3.34102E-11
 -1       378-4.24237E-10-1.57011E-11 4.68545E-10-6.91998E-07-1.07845E-10 1.09230E-10
 -1       379 1.36571E-10-1.92395E-10-3.82884E-11-6.92061E-07 7.37770E-10-2.29311E-10
 -1       380-3.85129E-10 4.77428E-11-2.48419E-10-7.07447E-07-9.79597E-09-3.49243E-11
 -1       381 1.91727E-10 7.07961E-11-4.51053E-10-9.32558E-07-2.01858E-08-1.02581E-10
 -3
    1PSTEP                         4           1           1          
  100CL  101 1.000000000         381                     0    1           1
 -4  FORC        4    1
 -5  F1          1    2    1    0
 -5  F2          1    2    2    0
 -5  F3          1    2    3    0
 -5  ALL         1    2    0    0    1ALL
 -1         1 5.23457E-11 2.08041E+01 1.52445E-11
 -1         2 1.57100E-11 2.08041E+01 5.25728E-11
 -1         3 4.42266E+01 1.98094E+02 2.09883E+02
 -1         4 4.42295E+01 1.98083E+02-2.09917E+02
 -1         5-1.11876E-11 2.08041E+01 1.94655E-11
 -1         6-3.45278E-11 2.08041E+01 5.31180E-11
 -1         7-4.42165E+01 1.98090E+02 2.09870E+02
 -1         8-4.41816E+01 1.98091E+02-2.09924E+02
 -1         9-4.89957E-11 4.16081E+01 4.71999E-11
 -1        10 1.87692E-02-8.31857E+01 7.95095E-02
 -1        11-1.99829E-03-8.32377E+01 4.15306E-03
 -1        12 1.35156E-03 3.64670E-03 3.06014E-03
 -1        13 1.02153E-02 1.41805E-01 2.39628E-03
 -1        14-2.98013E-03 2.38366E-02 2.30794E-02
 -1        15 9.80416E-04-4.16589E-03 5.88454E-03
 -1        16-3.42124E-02-4.09563E-02 5.26025E-02
 -1        17 5.65863E-02-9.30882E-03-4.72274E-02
 -1        18-1.55889E-02 1.06292E-02 4.70246E-03
 -1        19 4.37326E-02-5.98694E-02 1.53178E-02
 -1        20-1.01462E-01 3.71133E-02 4.85812E-02
 -1        21-8.39339E-02 2.23693E-02 4.30236E-02
 -1        22 1.00527E-01-2.42862E-02-5.34813E-02
 -1        23 8.38808E-03-2.91151E-02 1.20133E-02
 -1        24 2.26976E-03-7.49406E-02-4.22846E-02
 -1        25-8.18967E-02 4.40314E-03 4.99683E-02
 -1        26 3.12261E-02-3.78148E-02 4.05390E-03
 -1        27 6.57287E-02 1.47401E-02-2.28425E-02
 -1        28-6.34765E-02 6.64314E-03-2.19225E-02
 -1        29-1.70554E-02 4.88085E-02-1.41197E-02
 -1        30-1.25174E-01 9.14292E-02-2.79895E-02
 -1        31 1.20409E-01-6.25572E-03 1.90615E-02
 -1        32 1.43091E-01-1.15237E-02 9.75791E-03
 -1        33-2.53935E-02-1.72149E-02-7.48117E-02
 -1        34-1.96714E-02-1.00328E-02 1.70533E-02
 -1        35 2.34339E+02 3.99401E+02-3.98947E-02
 -1        36-1.92023E+03 3.56202E+02-1.20637E+01
 -1        37-1.92024E+03 3.56212E+02 1.21228E+01
 -1        38 7.46370E-03 1.85778E-03-3.50584E-03
 -1        39 3.01627E-02 9.17895E-02 4.54885E-02
 -1        40-4.39840E-02 1.60353E-02 6.98080E-02
 -1        41 6.28114E-02-7.41356E-02 2.31287E-02
 -1        42-1.30054E-02-1.37828E-02-2.55893E-02
 -1        43-2.04531E-02-5.15119E-02-8.26787E-03
 -1        44-7.50822E-03-1.96855E-02 1.89948E-02
 -1        45-4.51673E-02 2.24837E-02-2.26129E-02
 -1        46-4.18993E-02 5.47632E-02-4.33808E-02
 -1        47 1.56496E-02-2.27025E-02 1.33565E-02
 -1        48-2.93663E-03-6.80413E-03 2.36478E-03
 -1        49 3.44862E-02-3.75386E-02 6.02783E-03
 -1        50-9.87144E-02 3.03875E-02-3.76590E-02
 -1        51 1.76805E-01-6.59440E-02-5.63627E-02
 -1        52-9.22314E-02 1.36338E-02-8.60400E-03
 -1        53 3.66125E-02-3.34586E-02-7.23276E-03
 -1        54 1.35692E-01 2.95367E-02 7.67932E-02
 -1        55-1.04765E-01 7.73706E-02-4.32011E-02
 -1        56 1.93061E-02 2.47092E-02-2.32387E-02
 -1        57 9.17641E-02-3.54218E-02 3.59575E-02
 -1        58-4.47000E-03 1.22281E-02 2.24384E-02
 -1        59 1.13989E-01-6.54330E-03 4.68713E-02
 -1        60 2.20970E-02-3.02453E-04 7.29011E-03
 -1        61 2.19246E-02 4.16278E+01 2.46685E-02
 -1        62-5.24341E-02-8.32540E+01-1.11367E-02
 -1        63 9.83394E-03-8.33351E+01 1.17638E-01
 -1        64 1.58386E-02 4.15968E+01 1.19985E-02
 -1        65-7.00569E-02-8.32677E+01 6.56334E-02
 -1        66-5.62364E-03-8.32762E+01-4.25697E-02
 -1        67 6.27114E-02 4.16458E+01-6.43308E-02
 -1        68-2.47135E-03-8.33841E+01-1.39886E-01
 -1        69-1.60958E-02-8.32695E+01-4.24220E-04
 -1        70 5.79647E-12 3.14904E-12 5.00577E-12
 -1        71 6.32112E-02-3.72191E-02 3.66083E-02
 -1        72-7.28019E-02 2.27804E-02-8.91800E-04
 -1        73-4.66914E-02 1.67796E-02 3.77371E-02
 -1        74 3.38911E-02-1.63302E-02 3.14459E-02
 -1        75 2.35437E-02-3.27938E-02 1.08263E-02
 -1        76 7.14618E-02-6.18906E-02 1.19647E-02
 -1        77-5.21440E-02-2.28722E-02-8.10277E-03
 -1        78-2.47274E-02 8.98168E-03-3.76376E-02
 -1        79-3.20567E-02 4.63224E-02 4.52249E-02
 -1        80-4.48520E-02-1.76771E-02 2.11435E-02
 -1        81 1.01397E-01-3.02938E-02 1.38297E-02
 -1        82 1.38549E-02 1.12673E-02-1.21618E-01
 -1        83 4.82802E-02 3.35849E-03 6.06848E-02
 -1        84-3.09481E-02 3.10430E-02 4.78249E-02
 -1        85-8.09780E-02 3.66752E-02-4.31563E-02
 -1        86 5.12645E-02-5.75868E-03-5.12360E-02
 -1        87-4.87804E-02 8.67116E-03-6.14029E-02
 -1        88 1.51921E-02 4.01808E-02 4.77472E-02
 -1        89 1.12156E-01-1.41524E-02-2.99406E-02
 -1        90 1.18601E-02-3.04167E-02-1.17555E-02
 -1        91 3.22395E-02 3.43867E-02-1.17178E-03
 -1        92-4.74932E-02-5.50410E-02-7.34362E-02
 -1        93 1.17031E-02-5.43120E-03 7.78710E-03
 -1        94-1.19520E-03-2.18192E-02-1.45155E-02
 -1        95-1.97112E-02-5.21105E-03-1.73686E-02
 -1        96 2.98548E-02-2.48854E-02-4.75122E-02
 -1        97 9.15197E-03 8.92447E-02-2.45980E-02
 -1        98-2.45177E-02 6.09651E-03 1.08827E-03
 -1        99-1.99788E-02-2.86214E-02-6.05444E-03
 -1       100 3.78766E-02-3.86817E-02-6.29427E-02
 -1       101-7.16888E-03 8.21012E-03 2.61151E-02
 -1       102 9.22310E-03 2.60530E-02 1.39776E-02
 -1       103 3.35198E-02-3.51319E-03-6.58458E-02
 -1       104-3.71026E-02-3.18414E-02-2.19309E-02
 -1       105-2.60039E-02 1.35707E-02 4.41172E-02
 -1       106 2.42234E-02-1.88682E-02 1.29236E-02
 -1       107 3.34273E-02-2.13339E-02-3.32475E-02
 -1       108 1.07305E-02-6.04317E-02 5.04689E-03
 -1       109 1.37987E-02 5.91662E-02 9.38395E-02
 -1       110 1.58290E-02 2.58694E-02 3.03594E-02
 -1       111-1.99298E-01-1.38213E-02 7.72056E-02
 -1       112 4.35357E-02 3.75014E-02 4.33346E-03
 -1       113 9.00093E-03-4.51265E-02-6.44171E-02
 -1       114 5.95611E-03 5.57052E-02 3.55887E-02
 -1       115-6.28035E-02-8.76323E-03-3.52039E-02
 -1       116-2.34233E+02 3.99395E+02-4.05912E-02
 -1       117 1.92012E+03 3.56183E+02-1.20260E+01
 -1       118 1.92012E+03 3.56201E+02 1.21423E+01
 -1       119-1.47427E-02 1.53720E+02-8.86601E-02
 -1       120-1.46551E+03-3.14973E+02-3.94673E+02
 -1       121 1.46556E+03-3.15010E+02 3.94837E+02
 -1       122 4.79520E-02 1.53720E+02 7.55975E-03
 -1       123-1.46568E+03-3.15021E+02 3.94848E+02
 -1       124 1.46540E+03-3.14994E+02-3.94667E+02
 -1       125-5.58924E-02-1.47212E-01 3.71446E-02
 -1       126-2.49673E-02 8.17509E-02 3.69902E-02
 -1       127 8.84069E-02 1.54132E-02 1.21035E-01
 -1       128 1.65840E-01-8.29397E-02 2.64855E-02
 -1       129 9.62421E-02-1.04979E-01 8.38429E-02
 -1       130 4.05690E-02-4.79923E-02-8.72881E-02
 -1       131 1.05080E-02 3.23828E-03 9.53303E-03
 -1       132 5.35267E-02-5.01621E-02 1.00683E-02
 -1       133-1.77381E-01 1.05917E-01 1.43623E-02
 -1       134-9.78504E-02-2.77571E-03 2.50774E-02
 -1       135 5.31952E-02-1.33895E-02-5.40388E-02
 -1       136-4.48773E-03 7.95265E-02 3.02955E-02
 -1       137-3.54261E-02 4.73824E-02-4.25194E-02
 -1       138-8.77501E-02 9.66209E-03-1.95607E-02
 -1       139 6.81373E-03 3.85615E-02-1.19064E-01
 -1       140-3.84591E-02 4.43481E-02 1.44286E-01
 -1       141-1.20889E-02 4.82552E-02-4.67464E-02
 -1       142-1.05441E-01 2.66043E-02 5.88462E-02
 -1       143-2.61387E-01-1.27053E-02 3.75977E-02
 -1       144 8.53229E-03 5.63913E-02-4.86200E-02
 -1       145-1.07694E-01 3.16618E-02-1.46776E-01
 -1       146 5.70364E-02 1.13591E-01-7.89152E-02
 -1       147 2.01348E-01-9.06980E-02 9.05397E-02
 -1       148-4.73510E-02-8.03050E-03 2.50556E-03
 -1       149-2.64573E-02-2.50522E-02 5.30059E-03
 -1       150 4.20901E-02-4.65695E-02 7.30545E-02
 -1       151-2.27434E-01 9.64789E-02-4.68861E-02
 -1       152 7.42841E-02-5.19216E-02 9.53379E-02
 -1       153 2.04195E-01-9.42540E-02 2.97358E-02
 -1       154-8.13296E-02-1.37509E-02-6.44776E-02
 -1       155 1.75127E-01-3.27227E-02 2.05247E-02
 -1       156-1.04000E-03 1.36840E-02-6.31561E-02
 -1       157 1.77185E-01 7.95466E-03 6.73094E-03
 -1       158 1.34547E-02-1.11346E-02 1.80137E-02
 -1       159-3.28796E-03 3.39546E-02-3.42640E-02
 -1       160-2.03958E-02 4.82857E-02-1.41719E-01
 -1       161 5.05888E-02-4.91299E-02-5.86191E-02
 -1       162-7.66446E-02-1.52050E-02 3.32980E-02
 -1       163-1.34282E-02 6.87811E-02-1.15974E-01
 -1       164 9.93471E-03 4.02698E-02 3.18117E-01
 -1       165 1.12330E-02 4.15705E-02-7.00305E-03
 -1       166-1.12189E-02 1.70909E-02-9.85293E-02
 -1       167 3.33950E-02-6.65142E-02 1.57263E-01
 -1       168-4.22044E-02-9.47664E-03 3.70744E-02
 -1       169 2.22010E-02 8.65147E-02-4.54000E-02
 -1       170 4.76190E-02 8.33076E+01 3.77354E-02
 -1       171 4.17227E-02-1.66630E+02-7.24331E-02
 -1       172-3.15039E-02-1.66736E+02 3.22820E-01
 -1       173-7.03956E-02-1.66621E+02 4.67094E-02
 -1       174-7.25491E-03-1.66590E+02 8.37001E-02
 -1       175 1.12699E-02-8.58211E-03-4.33619E-02
 -1       176 1.32649E-02-2.31129E-02 6.69782E-02
 -1       177-6.57588E-02 2.09738E-02 4.14124E-02
 -1       178-8.96194E-03-4.59690E-02-6.46219E-02
 -1       179 5.83636E-02 3.77727E-03 3.96328E-02
 -1       180 7.13754E-02-5.14867E-02 3.72170E-02
 -1       181 8.17162E-02 1.08814E-02-1.20024E-03
 -1       182-1.22228E-01 3.06166E-02-9.11701E-03
 -1       183-4.20151E-02 3.11246E-02-6.89053E-02
 -1       184 4.56290E-02-1.85208E-05-1.80401E-02
 -1       185-6.99473E-02-5.36684E-02 7.50326E-02
 -1       186-6.75937E-02 2.99499E-02-1.94834E-02
 -1       187-5.51851E-02-2.53173E-02 1.24934E-01
 -1       188 2.08578E-01-1.29418E-02 1.38584E-02
 -1       189 7.86420E-02-1.26367E-02-1.59046E-01
 -1       190 2.69443E-02-6.28738E-03-5.60905E-02
 -1       191-3.61320E-03 1.67018E-02 1.15601E-01
 -1       192-9.71967E-02 1.11984E-01 1.61157E-02
 -1       193-7.39308E-02 3.72075E-02 1.05272E-01
 -1       194-2.72254E-01-9.61542E-02-2.11474E-02
 -1       195 3.02534E-02 2.04806E-02-6.29639E-02
 -1       196-7.48125E-02-1.54342E-02-2.74416E-02
 -1       197-5.32731E-02 3.29068E-02 9.72007E-02
 -1       198 3.38997E-02-4.26335E-02 1.33135E-01
 -1       199-5.52704E-03-1.23837E-01-3.60728E-02
 -1       200 2.49955E-01-4.41015E-02-4.48874E-02
 -1       201 2.33321E-02-1.66138E-02 3.41917E-03
 -1       202 1.01221E-01-6.16721E-03 6.57356E-02
 -1       203 8.59526E-02 9.78001E-02 1.41022E-01
 -1       204 2.97061E-02 3.73599E-02 2.13154E-02
 -1       205-7.38919E-02 1.91022E-02 9.12932E-02
 -1       206 9.92739E-02 2.60656E-02-2.68959E-02
 -1       207 1.36806E-01 1.15865E-02-2.17289E-02
 -1       208 1.25072E-01-1.33475E-02-1.41418E-02
 -1       209-4.07182E-02 2.41648E-02-1.78585E-01
 -1       210 6.42052E-02 1.98814E-02 1.45134E-01
 -1       211 5.83793E-02 1.76984E-02 1.10918E-01
 -1       212 6.70720E-04 3.84659E-02-2.71910E-01
 -1       213-4.68327E-02 2.71165E-03 2.86882E-02
 -1       214-5.64049E-02-6.83636E-02 1.19299E-01
 -1       215 1.30248E-03 4.12043E-02-8.28422E-02
 -1       216 3.01746E-03 5.79742E-02-2.24693E-02
 -1       217 2.63996E-02 1.94478E-02 1.64251E-01
 -1       218 8.58682E-03 6.21634E-03-4.64119E-02
 -1       219 2.87424E-03-1.60269E-02-2.38508E-01
 -1       220 2.03872E-02 6.97131E-02-8.35163E-02
 -1       221 3.54760E-02 1.22175E-01 5.06411E-02
 -1       222 6.43141E-03 2.79358E-02-6.57840E-02
 -1       223 5.71663E-02-6.52274E-02 5.64158E-02
 -1       224 5.50314E-02-5.88205E-02 9.66869E-02
 -1       225 5.12780E-02-1.32459E-01 7.96044E-02
 -1       226 9.26624E-02-3.90916E-05 8.78332E-02
 -1       227-1.18049E-01 5.03319E-02 3.49682E-02
 -1       228-2.91362E-02 2.95778E-03-1.57908E-01
 -1       229 7.55553E-02-3.02099E-02-5.45153E-03
 -1       230-6.24808E-02 1.52794E-02 4.97850E-02
 -1       231-9.51713E-02-1.21277E-01-2.30959E-02
 -1       232 1.98994E-02-7.91194E-02 1.91959E-02
 -1       233-8.15339E-02 7.30536E-02 1.98056E-02
 -1       234-4.76167E-03-1.74896E-01-4.55774E-02
 -1       235-3.52313E-02-9.67749E-02-1.80000E-01
 -1       236 5.58376E-02-6.96624E-02-8.55310E-02
 -1       237 1.66276E-01-4.70370E-02-7.56939E-02
 -1       238 1.23930E-01 6.23324E-02 2.10698E-02
 -1       239-4.42417E-02-4.31145E-02 7.77416E-02
 -1       240 4.37026E-02-4.12860E-02 1.48859E-01
 -1       241-2.11493E-03 6.35489E-02-2.38628E-02
 -1       242-2.88515E-02 3.54441E-02-2.79488E-02
 -1       243-2.12283E-01 3.04770E-02-9.02225E-02
 -1       244 6.57013E-02 1.98474E-02-2.32293E-02
 -1       245 9.53712E-02-1.93656E-02-6.69664E-02
 -1       246-3.75455E-03-2.52025E-02-5.41246E-02
 -1       247 2.28874E-02 4.96913E-03 1.48884E-01
 -1       248-4.02585E-02-3.10745E-02 8.51311E-02
 -1       249-5.10234E-02-2.89758E-02 1.59230E-02
 -1       250-3.78411E-03 2.65182E-02 5.92098E-02
 -1       251 1.25272E-01-2.33750E-02-6.51856E-02
 -1       252 9.61274E-03 3.89539E-02 8.84335E-03
 -1       253 1.50535E-01-5.23701E-02 1.10529E-01
 -1       254-2.44002E-02-3.98985E-02-1.18088E-01
 -1       255-5.01188E-02-9.47289E-02-9.29890E-02
 -1       256-2.65461E-02-7.80935E-02 2.18454E-03
 -1       257-3.08278E-03-1.84841E-02 1.44629E-02
 -1       258-2.85336E-02 1.17649E-01-1.09764E-01
 -1       259-9.65061E-02 6.56724E-02-1.27035E-01
 -1       260 2.15403E-02 6.70248E-02-4.94140E-02
 -1       261 5.04853E-02-5.79335E-02-3.45869E-02
 -1       262 1.06715E-02-3.09305E-02 3.58872E-02
 -1       263-1.65145E-02-6.43461E-03 3.32372E-02
 -1       264 4.13571E-03-2.69236E-02-4.00726E-02
 -1       265-3.76118E-02 4.58603E-02 2.78936E-02
 -1       266 1.07750E-01 1.49772E-01-4.22988E-02
 -1       267-8.87647E-02 7.68683E-03 2.00405E-02
 -1       268 8.47839E-02-4.27435E-02-6.74488E-02
 -1       269-2.73474E-02 4.37313E-02 6.96006E-02
 -1       270-3.15900E-02-1.21779E-02 6.25996E-03
 -1       271-9.47277E-02-1.46597E-02-2.67520E-03
 -1       272 1.01791E-01-6.01933E-02 8.35091E-04
 -1       273 1.26642E-02-3.05784E-02-3.48278E-02
 -1       274-3.90888E-02-4.21986E-03 2.39788E-02
 -1       275 1.75891E-02 5.83554E-03-8.40154E-02
 -1       276 2.94389E-02-3.26141E-02-7.82072E-03
 -1       277 1.02612E-01-7.51697E-02 1.11977E-01
 -1       278-9.29048E-02-6.34021E-02 1.52629E-02
 -1       279-5.72137E-02-1.84762E-02-6.31412E-03
 -1       280 3.10446E-02-3.03809E-02 2.38157E-02
 -1       281-5.88813E-02-3.57854E-02 3.00870E-02
 -1       282-7.58631E-02-2.15226E-02-1.00193E-01
 -1       283-7.74304E-02-2.18196E-02 1.41058E-02
 -1       284 1.37511E-01-1.27277E-01 1.25544E-01
 -1       285-8.21601E-02-4.06034E-02 6.19513E-02
 -1       286 4.88508E-02-1.90300E-03-1.25240E-01
 -1       287 6.39362E-02-6.56643E-02 7.37949E-04
 -1       288 5.32668E-02-2.51118E-02-4.15050E-02
 -1       289 6.71476E-02 4.66087E-02 1.05465E-01
 -1       290-2.27467E-01-2.07647E-02 2.18512E-01
 -1       291-1.84903E-02 2.46337E-02-1.05597E-01
 -1       292 6.04979E-02 1.02181E-02-2.30612E-01
 -1       293 5.44683E-02 1.11716E-02-1.79804E-02
 -1       294-6.90524E-02 8.01777E-02-4.63460E-02
 -1       295-9.51043E-02 1.67816E-02 3.06161E-02
 -1       296 1.11112E-01-3.22283E-02 2.52300E-02
 -1       297-4.34552E-03-1.98562E-02 3.24098E-02
 -1       298-1.52241E-01-1.63924E-02 2.16823E-03
 -1       299-1.15766E-02-1.67319E-01 3.73285E-02
 -1       300 5.42008E-02-2.67125E-01 5.98813E-02
 -1       301 2.26539E-02 4.51575E-02-1.07598E-01
 -1       302 2.62871E-02-3.07313E-02-2.29438E-02
 -1       303 6.09694E-02 2.91304E-02-1.23495E-01
 -1       304 8.29362E-02 3.24904E-02-5.94930E-02
 -1       305 6.26373E-02 2.57895E-03 1.30459E-02
 -1       306-5.33836E-02 4.91478E-02-3.64816E-02
 -1       307-4.29365E-02-1.55761E-03-7.36581E-02
 -1       308-3.01221E-02-6.46131E-02-1.28131E-01
 -1       309 7.07165E-03 7.26636E-03-3.69678E-02
 -1       310 9.87388E-02 3.63206E+02-7.10817E-02
 -1       311-6.37667E-02-2.05185E+02 1.43848E-01
 -1       312-2.53382E+03-5.08130E+02 1.45443E-01
 -1       313 2.53359E+03-5.08090E+02 1.46714E-01
 -1       314-9.35300E-02-2.05200E+02 1.83744E-02
 -1       315-1.28193E-02-9.45093E-02 7.76318E-02
 -1       316-6.57497E-02 9.43986E-02 3.31693E-02
 -1       317-2.39729E-02-6.63644E-02 2.73267E-02
 -1       318 1.31211E-01-1.54989E-01 3.64387E-02
 -1       319 5.15998E-02-6.02737E-03 1.15172E-01
 -1       320 1.07156E-01-2.40556E-02 3.51298E-03
 -1       321 5.10491E-02 1.65891E-01 1.31769E-01
 -1       322-3.61987E-02-2.21209E-02-1.12157E-01
 -1       323 5.26944E-02-2.33583E-03 4.58628E-02
 -1       324-4.09526E-02-3.35155E-02 9.47013E-02
 -1       325-1.16246E-01 5.30362E-02-1.14875E-01
 -1       326-6.62076E-02 1.03753E-01-2.05988E-02
 -1       327-7.55855E-02-1.30386E-01-5.09356E-02
 -1       328-4.08302E-02-4.72960E-02-2.26181E-02
 -1       329 5.12245E-02 1.18647E-01 1.38910E-02
 -1       330 6.52771E-02-5.54089E-02-7.24591E-02
 -1       331-1.04550E-01 7.63567E-02-6.90716E-02
 -1       332-8.37836E-02 9.37168E-02 6.95256E-03
 -1       333-5.93882E-02-1.80959E-01 3.96180E-02
 -1       334-1.36767E-01 1.33509E-01 8.61236E-02
 -1       335 1.25219E-01 1.47187E-01-6.32736E-02
 -1       336-3.24136E-02-4.98106E-02 4.78230E-01
 -1       337-1.07781E-02 3.73049E-02-3.16218E-02
 -1       338-9.41823E-02 2.56783E-02 9.48366E-03
 -1       339-2.30399E-01 9.86032E-02 1.88754E-01
 -1       340-7.75294E-02 1.01689E-01-2.08259E-01
 -1       341 1.57459E-04 3.95358E-02 2.43978E-02
 -1       342-4.23252E-02 1.05717E-01-1.04800E-01
 -1       343 1.38288E-01-1.08719E-02-2.49628E-01
 -1       344-8.41486E-02 2.29433E-01-9.92025E-02
 -1       345 4.94213E-02 1.07162E-01-8.24269E-03
 -1       346 2.65800E-02-2.71543E-02 1.45828E-01
 -1       347 5.75540E-02 6.06775E-02 1.72157E-01
 -1       348-9.74995E-02 7.53870E-02 1.51135E-01
 -1       349-8.10058E-02 8.51840E-02 1.01354E-01
 -1       350 1.13931E-02-3.45943E-02-8.34962E-02
 -1       351-2.46532E-01-4.34845E-02-3.22165E-02
 -1       352-1.41907E-01-5.92247E-02 1.76765E-02
 -1       353 1.14804E-01-4.18385E-02-7.19701E-02
 -1       354-6.83146E-02 5.22026E-02 1.59017E-02
 -1       355-2.29243E-01-1.44796E-01-1.05172E-01
 -1       356 1.32061E-03-9.44851E-02-2.55747E-01
 -1       357-5.46578E-02-4.67357E-02 8.36169E-02
 -1       358 3.60344E-02-6.50051E-02-5.48951E-02
 -1       359 1.21106E-02 3.80121E-02 3.11208E-02
 -1       360 6.22373E-02-1.35742E-02-1.48342E-02
 -1       361-2.32639E-02-7.93223E-03-8.31436E-02
 -1       362-6.85535E-03-7.07158E-03-6.09870E-03
 -1       363-6.79023E-02-7.10207E-02-3.81448E-02
 -1       364 7.83634E-03-1.43737E-02 2.13511E-01
 -1       365 7.42618E-02 1.16087E-02-9.14634E-03
 -1       366 2.17044E-02 8.06421E-02 7.26322E-02
 -1       367 5.94657E-01 6.26580E-02 2.99445E-02
 -1       368 3.62396E-02-6.99209E-03-8.95221E-02
 -1       369-2.27863E-02 8.54704E-03 3.72959E-02
 -1       370-9.10931E-02-8.26160E-02-2.59611E-02
 -1       371 1.80669E-01 2.26511E-01-8.43868E-02
 -1       372-1.18666E-02-1.74270E-01-7.73070E-02
 -1       373 6.71462E-02 7.58143E-02 4.90097E-02
 -1       374 5.22832E-03 7.91511E-02-1.24311E-01
 -1       375 8.78347E-02-1.35311E-02-4.28694E-01
 -1       376 1.35942E-01 5.88676E-02 1.10212E-01
 -1       377 1.08680E-01-9.95981E-03-1.99510E-01
 -1       378-2.16281E-01-9.74870E-02-3.44061E-02
 -1       379-8.15181E-02 5.83220E-02 3.05165E-01
 -1       380-7.22955E-02 5.50410E-02-1.57424E-01
 -1       381 7.90906E-02 2.12678E-02-4.31433E-01
 -3
 9999
