    1C
    1UHash: 9lAXveLf, Date: 03/15/2026, Unit system: M_KG_S_C           
    1UUSER                                                              
    1UDATE              15.march.2026                                   
    1UTIME              19:04:03                                        
    1UHOST                                                              
    1UPGM               CalculiX                                        
    1UVERSION           Version 2.23                             
    1UCOMPILETIME       Sun Jan 11 00:39:44 CET 2026                    
    1UDIR                                                               
    1UDBN                                                               
    1UMAT    1S235                                                      
    2C                           459                                     1
 -1         1-1.00000E+00 5.00000E-02-5.00000E-02
 -1         2-1.00000E+00-5.00000E-02-5.00000E-02
 -1         3 1.00000E+00-5.00000E-02-5.00000E-02
 -1         4 1.00000E+00 5.00000E-02-5.00000E-02
 -1         5 1.00000E+00-5.00000E-02 5.00000E-02
 -1         6 1.00000E+00 5.00000E-02 5.00000E-02
 -1         7-1.00000E+00-5.00000E-02 5.00000E-02
 -1         8-1.00000E+00 5.00000E-02 5.00000E-02
 -1         9-1.00000E+00-3.46945E-17-5.00000E-02
 -1        10-1.00000E+00 2.50000E-02-5.00000E-02
 -1        11-1.00000E+00-2.50000E-02-5.00000E-02
 -1        12-8.00000E-01-5.00000E-02-5.00000E-02
 -1        13-6.00000E-01-5.00000E-02-5.00000E-02
 -1        14-4.00000E-01-5.00000E-02-5.00000E-02
 -1        15-2.00000E-01-5.00000E-02-5.00000E-02
 -1        16 0.00000E+00-5.00000E-02-5.00000E-02
 -1        17 2.00000E-01-5.00000E-02-5.00000E-02
 -1        18 4.00000E-01-5.00000E-02-5.00000E-02
 -1        19 6.00000E-01-5.00000E-02-5.00000E-02
 -1        20 8.00000E-01-5.00000E-02-5.00000E-02
 -1        21-9.00000E-01-5.00000E-02-5.00000E-02
 -1        22-7.00000E-01-5.00000E-02-5.00000E-02
 -1        23-5.00000E-01-5.00000E-02-5.00000E-02
 -1        24-3.00000E-01-5.00000E-02-5.00000E-02
 -1        25-1.00000E-01-5.00000E-02-5.00000E-02
 -1        26 1.00000E-01-5.00000E-02-5.00000E-02
 -1        27 3.00000E-01-5.00000E-02-5.00000E-02
 -1        28 5.00000E-01-5.00000E-02-5.00000E-02
 -1        29 7.00000E-01-5.00000E-02-5.00000E-02
 -1        30 9.00000E-01-5.00000E-02-5.00000E-02
 -1        31 1.00000E+00-3.46945E-17-5.00000E-02
 -1        32 1.00000E+00 2.50000E-02-5.00000E-02
 -1        33 1.00000E+00-2.50000E-02-5.00000E-02
 -1        34-8.00000E-01 5.00000E-02-5.00000E-02
 -1        35-6.00000E-01 5.00000E-02-5.00000E-02
 -1        36-4.00000E-01 5.00000E-02-5.00000E-02
 -1        37-2.00000E-01 5.00000E-02-5.00000E-02
 -1        38 0.00000E+00 5.00000E-02-5.00000E-02
 -1        39 2.00000E-01 5.00000E-02-5.00000E-02
 -1        40 4.00000E-01 5.00000E-02-5.00000E-02
 -1        41 6.00000E-01 5.00000E-02-5.00000E-02
 -1        42 8.00000E-01 5.00000E-02-5.00000E-02
 -1        43-9.00000E-01 5.00000E-02-5.00000E-02
 -1        44-7.00000E-01 5.00000E-02-5.00000E-02
 -1        45-5.00000E-01 5.00000E-02-5.00000E-02
 -1        46-3.00000E-01 5.00000E-02-5.00000E-02
 -1        47-1.00000E-01 5.00000E-02-5.00000E-02
 -1        48 1.00000E-01 5.00000E-02-5.00000E-02
 -1        49 3.00000E-01 5.00000E-02-5.00000E-02
 -1        50 5.00000E-01 5.00000E-02-5.00000E-02
 -1        51 7.00000E-01 5.00000E-02-5.00000E-02
 -1        52 9.00000E-01 5.00000E-02-5.00000E-02
 -1        53 1.00000E+00-5.00000E-02 0.00000E+00
 -1        54 1.00000E+00-3.46945E-17 5.00000E-02
 -1        55 1.00000E+00 2.50000E-02 5.00000E-02
 -1        56 1.00000E+00-2.50000E-02 5.00000E-02
 -1        57 1.00000E+00 5.00000E-02 0.00000E+00
 -1        58 8.00000E-01-5.00000E-02 5.00000E-02
 -1        59 6.00000E-01-5.00000E-02 5.00000E-02
 -1        60 4.00000E-01-5.00000E-02 5.00000E-02
 -1        61 2.00000E-01-5.00000E-02 5.00000E-02
 -1        62 0.00000E+00-5.00000E-02 5.00000E-02
 -1        63-2.00000E-01-5.00000E-02 5.00000E-02
 -1        64-4.00000E-01-5.00000E-02 5.00000E-02
 -1        65-6.00000E-01-5.00000E-02 5.00000E-02
 -1        66-8.00000E-01-5.00000E-02 5.00000E-02
 -1        67 9.00000E-01-5.00000E-02 5.00000E-02
 -1        68 7.00000E-01-5.00000E-02 5.00000E-02
 -1        69 5.00000E-01-5.00000E-02 5.00000E-02
 -1        70 3.00000E-01-5.00000E-02 5.00000E-02
 -1        71 1.00000E-01-5.00000E-02 5.00000E-02
 -1        72-1.00000E-01-5.00000E-02 5.00000E-02
 -1        73-3.00000E-01-5.00000E-02 5.00000E-02
 -1        74-5.00000E-01-5.00000E-02 5.00000E-02
 -1        75-7.00000E-01-5.00000E-02 5.00000E-02
 -1        76-9.00000E-01-5.00000E-02 5.00000E-02
 -1        77-1.00000E+00-3.46945E-17 5.00000E-02
 -1        78-1.00000E+00 2.50000E-02 5.00000E-02
 -1        79-1.00000E+00-2.50000E-02 5.00000E-02
 -1        80 8.00000E-01 5.00000E-02 5.00000E-02
 -1        81 6.00000E-01 5.00000E-02 5.00000E-02
 -1        82 4.00000E-01 5.00000E-02 5.00000E-02
 -1        83 2.00000E-01 5.00000E-02 5.00000E-02
 -1        84 0.00000E+00 5.00000E-02 5.00000E-02
 -1        85-2.00000E-01 5.00000E-02 5.00000E-02
 -1        86-4.00000E-01 5.00000E-02 5.00000E-02
 -1        87-6.00000E-01 5.00000E-02 5.00000E-02
 -1        88-8.00000E-01 5.00000E-02 5.00000E-02
 -1        89 9.00000E-01 5.00000E-02 5.00000E-02
 -1        90 7.00000E-01 5.00000E-02 5.00000E-02
 -1        91 5.00000E-01 5.00000E-02 5.00000E-02
 -1        92 3.00000E-01 5.00000E-02 5.00000E-02
 -1        93 1.00000E-01 5.00000E-02 5.00000E-02
 -1        94-1.00000E-01 5.00000E-02 5.00000E-02
 -1        95-3.00000E-01 5.00000E-02 5.00000E-02
 -1        96-5.00000E-01 5.00000E-02 5.00000E-02
 -1        97-7.00000E-01 5.00000E-02 5.00000E-02
 -1        98-9.00000E-01 5.00000E-02 5.00000E-02
 -1        99-1.00000E+00-5.00000E-02 0.00000E+00
 -1       100-1.00000E+00 5.00000E-02 0.00000E+00
 -1       101-8.00000E-01-3.46945E-17-5.00000E-02
 -1       102-6.00000E-01-4.16334E-17-5.00000E-02
 -1       103-4.00000E-01-3.46945E-17-5.00000E-02
 -1       104-2.00000E-01-2.77556E-17-5.00000E-02
 -1       105 0.00000E+00-3.46945E-17-5.00000E-02
 -1       106 2.00000E-01-3.46945E-17-5.00000E-02
 -1       107 4.00000E-01-4.16334E-17-5.00000E-02
 -1       108 6.00000E-01-2.77556E-17-5.00000E-02
 -1       109 8.00000E-01-3.46945E-17-5.00000E-02
 -1       110-8.00000E-01 2.50000E-02-5.00000E-02
 -1       111-9.00000E-01-3.46945E-17-5.00000E-02
 -1       112-6.00000E-01 2.50000E-02-5.00000E-02
 -1       113-7.00000E-01-3.81639E-17-5.00000E-02
 -1       114-4.00000E-01 2.50000E-02-5.00000E-02
 -1       115-5.00000E-01-3.81639E-17-5.00000E-02
 -1       116-2.00000E-01 2.50000E-02-5.00000E-02
 -1       117-3.00000E-01-3.12250E-17-5.00000E-02
 -1       118 0.00000E+00 2.50000E-02-5.00000E-02
 -1       119-1.00000E-01-3.12250E-17-5.00000E-02
 -1       120 2.00000E-01 2.50000E-02-5.00000E-02
 -1       121 1.00000E-01-3.46945E-17-5.00000E-02
 -1       122 4.00000E-01 2.50000E-02-5.00000E-02
 -1       123 3.00000E-01-3.81639E-17-5.00000E-02
 -1       124 6.00000E-01 2.50000E-02-5.00000E-02
 -1       125 5.00000E-01-3.46945E-17-5.00000E-02
 -1       126 8.00000E-01 2.50000E-02-5.00000E-02
 -1       127 7.00000E-01-3.12250E-17-5.00000E-02
 -1       128 9.00000E-01-3.46945E-17-5.00000E-02
 -1       129-8.00000E-01-2.50000E-02-5.00000E-02
 -1       130-6.00000E-01-2.50000E-02-5.00000E-02
 -1       131-4.00000E-01-2.50000E-02-5.00000E-02
 -1       132-2.00000E-01-2.50000E-02-5.00000E-02
 -1       133 0.00000E+00-2.50000E-02-5.00000E-02
 -1       134 2.00000E-01-2.50000E-02-5.00000E-02
 -1       135 4.00000E-01-2.50000E-02-5.00000E-02
 -1       136 6.00000E-01-2.50000E-02-5.00000E-02
 -1       137 8.00000E-01-2.50000E-02-5.00000E-02
 -1       138 1.00000E+00-3.46945E-17 1.38778E-17
 -1       139 8.00000E-01-3.46945E-17 5.00000E-02
 -1       140 6.00000E-01-4.16334E-17 5.00000E-02
 -1       141 4.00000E-01-3.46945E-17 5.00000E-02
 -1       142 2.00000E-01-2.77556E-17 5.00000E-02
 -1       143 0.00000E+00-3.46945E-17 5.00000E-02
 -1       144-2.00000E-01-3.46945E-17 5.00000E-02
 -1       145-4.00000E-01-4.16334E-17 5.00000E-02
 -1       146-6.00000E-01-2.77556E-17 5.00000E-02
 -1       147-8.00000E-01-3.46945E-17 5.00000E-02
 -1       148 8.00000E-01 2.50000E-02 5.00000E-02
 -1       149 9.00000E-01-3.46945E-17 5.00000E-02
 -1       150 6.00000E-01 2.50000E-02 5.00000E-02
 -1       151 7.00000E-01-3.81639E-17 5.00000E-02
 -1       152 4.00000E-01 2.50000E-02 5.00000E-02
 -1       153 5.00000E-01-3.81639E-17 5.00000E-02
 -1       154 2.00000E-01 2.50000E-02 5.00000E-02
 -1       155 3.00000E-01-3.12250E-17 5.00000E-02
 -1       156 0.00000E+00 2.50000E-02 5.00000E-02
 -1       157 1.00000E-01-3.12250E-17 5.00000E-02
 -1       158-2.00000E-01 2.50000E-02 5.00000E-02
 -1       159-1.00000E-01-3.46945E-17 5.00000E-02
 -1       160-4.00000E-01 2.50000E-02 5.00000E-02
 -1       161-3.00000E-01-3.81639E-17 5.00000E-02
 -1       162-6.00000E-01 2.50000E-02 5.00000E-02
 -1       163-5.00000E-01-3.46945E-17 5.00000E-02
 -1       164-8.00000E-01 2.50000E-02 5.00000E-02
 -1       165-7.00000E-01-3.12250E-17 5.00000E-02
 -1       166-9.00000E-01-3.46945E-17 5.00000E-02
 -1       167 8.00000E-01-2.50000E-02 5.00000E-02
 -1       168 6.00000E-01-2.50000E-02 5.00000E-02
 -1       169 4.00000E-01-2.50000E-02 5.00000E-02
 -1       170 2.00000E-01-2.50000E-02 5.00000E-02
 -1       171 0.00000E+00-2.50000E-02 5.00000E-02
 -1       172-2.00000E-01-2.50000E-02 5.00000E-02
 -1       173-4.00000E-01-2.50000E-02 5.00000E-02
 -1       174-6.00000E-01-2.50000E-02 5.00000E-02
 -1       175-8.00000E-01-2.50000E-02 5.00000E-02
 -1       176-1.00000E+00-3.46945E-17 1.38778E-17
 -1       177-8.00000E-01 5.00000E-02 0.00000E+00
 -1       178-6.00000E-01 5.00000E-02 0.00000E+00
 -1       179-4.00000E-01 5.00000E-02 0.00000E+00
 -1       180-2.00000E-01 5.00000E-02 0.00000E+00
 -1       181 0.00000E+00 5.00000E-02 0.00000E+00
 -1       182 2.00000E-01 5.00000E-02 0.00000E+00
 -1       183 4.00000E-01 5.00000E-02 0.00000E+00
 -1       184 6.00000E-01 5.00000E-02 0.00000E+00
 -1       185 8.00000E-01 5.00000E-02 0.00000E+00
 -1       186-8.00000E-01-5.00000E-02 0.00000E+00
 -1       187-6.00000E-01-5.00000E-02 0.00000E+00
 -1       188-4.00000E-01-5.00000E-02 0.00000E+00
 -1       189-2.00000E-01-5.00000E-02 0.00000E+00
 -1       190 0.00000E+00-5.00000E-02 0.00000E+00
 -1       191 2.00000E-01-5.00000E-02 0.00000E+00
 -1       192 4.00000E-01-5.00000E-02 0.00000E+00
 -1       193 6.00000E-01-5.00000E-02 0.00000E+00
 -1       194 8.00000E-01-5.00000E-02 0.00000E+00
 -1       195-8.00000E-01-3.46945E-17 1.38778E-17
 -1       196-6.00000E-01-3.46945E-17 1.38778E-17
 -1       197-4.00000E-01-3.81639E-17 1.38778E-17
 -1       198-2.00000E-01-3.12250E-17 1.38778E-17
 -1       199 0.00000E+00-3.46945E-17 1.38778E-17
 -1       200 2.00000E-01-3.12250E-17 1.38778E-17
 -1       201 4.00000E-01-3.81639E-17 1.38778E-17
 -1       202 6.00000E-01-3.46945E-17 1.38778E-17
 -1       203 8.00000E-01-3.46945E-17 1.38778E-17
 -1       320 1.00000E+00 7.50000E-02-5.00000E-02
 -1       321 1.00000E+00 6.25000E-02-5.00000E-02
 -1       322 1.00000E+00 5.00000E-02-5.00000E-02
 -1       323-1.00000E+00 7.50000E-02-5.00000E-02
 -1       324-1.00000E+00 6.25000E-02-5.00000E-02
 -1       325-1.00000E+00 5.00000E-02-5.00000E-02
 -1       326 1.00000E+00 7.50000E-02 5.00000E-02
 -1       327 1.00000E+00 6.25000E-02 5.00000E-02
 -1       328 1.00000E+00 5.00000E-02 5.00000E-02
 -1       329-1.00000E+00 7.50000E-02 5.00000E-02
 -1       330-1.00000E+00 6.25000E-02 5.00000E-02
 -1       331-1.00000E+00 5.00000E-02 5.00000E-02
 -1       332 8.00000E-01 7.50000E-02-5.00000E-02
 -1       333 8.00000E-01 6.25000E-02-5.00000E-02
 -1       334 8.00000E-01 5.00000E-02-5.00000E-02
 -1       335 6.00000E-01 7.50000E-02-5.00000E-02
 -1       336 6.00000E-01 6.25000E-02-5.00000E-02
 -1       337 6.00000E-01 5.00000E-02-5.00000E-02
 -1       338 4.00000E-01 7.50000E-02-5.00000E-02
 -1       339 4.00000E-01 6.25000E-02-5.00000E-02
 -1       340 4.00000E-01 5.00000E-02-5.00000E-02
 -1       341 2.00000E-01 7.50000E-02-5.00000E-02
 -1       342 2.00000E-01 6.25000E-02-5.00000E-02
 -1       343 2.00000E-01 5.00000E-02-5.00000E-02
 -1       344 0.00000E+00 7.50000E-02-5.00000E-02
 -1       345 0.00000E+00 6.25000E-02-5.00000E-02
 -1       346 0.00000E+00 5.00000E-02-5.00000E-02
 -1       347-2.00000E-01 7.50000E-02-5.00000E-02
 -1       348-2.00000E-01 6.25000E-02-5.00000E-02
 -1       349-2.00000E-01 5.00000E-02-5.00000E-02
 -1       350-4.00000E-01 7.50000E-02-5.00000E-02
 -1       351-4.00000E-01 6.25000E-02-5.00000E-02
 -1       352-4.00000E-01 5.00000E-02-5.00000E-02
 -1       353-6.00000E-01 7.50000E-02-5.00000E-02
 -1       354-6.00000E-01 6.25000E-02-5.00000E-02
 -1       355-6.00000E-01 5.00000E-02-5.00000E-02
 -1       356-8.00000E-01 7.50000E-02-5.00000E-02
 -1       357-8.00000E-01 6.25000E-02-5.00000E-02
 -1       358-8.00000E-01 5.00000E-02-5.00000E-02
 -1       359 9.00000E-01 7.50000E-02-5.00000E-02
 -1       361 9.00000E-01 5.00000E-02-5.00000E-02
 -1       362 7.00000E-01 7.50000E-02-5.00000E-02
 -1       364 7.00000E-01 5.00000E-02-5.00000E-02
 -1       365 5.00000E-01 7.50000E-02-5.00000E-02
 -1       367 5.00000E-01 5.00000E-02-5.00000E-02
 -1       368 3.00000E-01 7.50000E-02-5.00000E-02
 -1       370 3.00000E-01 5.00000E-02-5.00000E-02
 -1       371 1.00000E-01 7.50000E-02-5.00000E-02
 -1       373 1.00000E-01 5.00000E-02-5.00000E-02
 -1       374-1.00000E-01 7.50000E-02-5.00000E-02
 -1       376-1.00000E-01 5.00000E-02-5.00000E-02
 -1       377-3.00000E-01 7.50000E-02-5.00000E-02
 -1       379-3.00000E-01 5.00000E-02-5.00000E-02
 -1       380-5.00000E-01 7.50000E-02-5.00000E-02
 -1       382-5.00000E-01 5.00000E-02-5.00000E-02
 -1       383-7.00000E-01 7.50000E-02-5.00000E-02
 -1       385-7.00000E-01 5.00000E-02-5.00000E-02
 -1       386-9.00000E-01 7.50000E-02-5.00000E-02
 -1       388-9.00000E-01 5.00000E-02-5.00000E-02
 -1       389 1.00000E+00 7.50000E-02 0.00000E+00
 -1       391 1.00000E+00 5.00000E-02 0.00000E+00
 -1       392 8.00000E-01 7.50000E-02 5.00000E-02
 -1       393 8.00000E-01 6.25000E-02 5.00000E-02
 -1       394 8.00000E-01 5.00000E-02 5.00000E-02
 -1       395 6.00000E-01 7.50000E-02 5.00000E-02
 -1       396 6.00000E-01 6.25000E-02 5.00000E-02
 -1       397 6.00000E-01 5.00000E-02 5.00000E-02
 -1       398 4.00000E-01 7.50000E-02 5.00000E-02
 -1       399 4.00000E-01 6.25000E-02 5.00000E-02
 -1       400 4.00000E-01 5.00000E-02 5.00000E-02
 -1       401 2.00000E-01 7.50000E-02 5.00000E-02
 -1       402 2.00000E-01 6.25000E-02 5.00000E-02
 -1       403 2.00000E-01 5.00000E-02 5.00000E-02
 -1       404 0.00000E+00 7.50000E-02 5.00000E-02
 -1       405 0.00000E+00 6.25000E-02 5.00000E-02
 -1       406 0.00000E+00 5.00000E-02 5.00000E-02
 -1       407-2.00000E-01 7.50000E-02 5.00000E-02
 -1       408-2.00000E-01 6.25000E-02 5.00000E-02
 -1       409-2.00000E-01 5.00000E-02 5.00000E-02
 -1       410-4.00000E-01 7.50000E-02 5.00000E-02
 -1       411-4.00000E-01 6.25000E-02 5.00000E-02
 -1       412-4.00000E-01 5.00000E-02 5.00000E-02
 -1       413-6.00000E-01 7.50000E-02 5.00000E-02
 -1       414-6.00000E-01 6.25000E-02 5.00000E-02
 -1       415-6.00000E-01 5.00000E-02 5.00000E-02
 -1       416-8.00000E-01 7.50000E-02 5.00000E-02
 -1       417-8.00000E-01 6.25000E-02 5.00000E-02
 -1       418-8.00000E-01 5.00000E-02 5.00000E-02
 -1       419 9.00000E-01 7.50000E-02 5.00000E-02
 -1       421 9.00000E-01 5.00000E-02 5.00000E-02
 -1       422 7.00000E-01 7.50000E-02 5.00000E-02
 -1       424 7.00000E-01 5.00000E-02 5.00000E-02
 -1       425 5.00000E-01 7.50000E-02 5.00000E-02
 -1       427 5.00000E-01 5.00000E-02 5.00000E-02
 -1       428 3.00000E-01 7.50000E-02 5.00000E-02
 -1       430 3.00000E-01 5.00000E-02 5.00000E-02
 -1       431 1.00000E-01 7.50000E-02 5.00000E-02
 -1       433 1.00000E-01 5.00000E-02 5.00000E-02
 -1       434-1.00000E-01 7.50000E-02 5.00000E-02
 -1       436-1.00000E-01 5.00000E-02 5.00000E-02
 -1       437-3.00000E-01 7.50000E-02 5.00000E-02
 -1       439-3.00000E-01 5.00000E-02 5.00000E-02
 -1       440-5.00000E-01 7.50000E-02 5.00000E-02
 -1       442-5.00000E-01 5.00000E-02 5.00000E-02
 -1       443-7.00000E-01 7.50000E-02 5.00000E-02
 -1       445-7.00000E-01 5.00000E-02 5.00000E-02
 -1       446-9.00000E-01 7.50000E-02 5.00000E-02
 -1       448-9.00000E-01 5.00000E-02 5.00000E-02
 -1       449-1.00000E+00 7.50000E-02 0.00000E+00
 -1       451-1.00000E+00 5.00000E-02 0.00000E+00
 -1       452 8.00000E-01 7.50000E-02 0.00000E+00
 -1       454 8.00000E-01 5.00000E-02 0.00000E+00
 -1       455 6.00000E-01 7.50000E-02 0.00000E+00
 -1       457 6.00000E-01 5.00000E-02 0.00000E+00
 -1       458 4.00000E-01 7.50000E-02 0.00000E+00
 -1       460 4.00000E-01 5.00000E-02 0.00000E+00
 -1       461 2.00000E-01 7.50000E-02 0.00000E+00
 -1       463 2.00000E-01 5.00000E-02 0.00000E+00
 -1       464 1.73472E-18 7.50000E-02 0.00000E+00
 -1       466 0.00000E+00 5.00000E-02 0.00000E+00
 -1       467-2.00000E-01 7.50000E-02 0.00000E+00
 -1       469-2.00000E-01 5.00000E-02 0.00000E+00
 -1       470-4.00000E-01 7.50000E-02 0.00000E+00
 -1       472-4.00000E-01 5.00000E-02 0.00000E+00
 -1       473-6.00000E-01 7.50000E-02 0.00000E+00
 -1       475-6.00000E-01 5.00000E-02 0.00000E+00
 -1       476-8.00000E-01 7.50000E-02 0.00000E+00
 -1       478-8.00000E-01 5.00000E-02 0.00000E+00
 -1       479 1.00000E+00-5.00000E-02-5.00000E-02
 -1       480 1.00000E+00-6.25000E-02-5.00000E-02
 -1       481 1.00000E+00-7.50000E-02-5.00000E-02
 -1       482-1.00000E+00-5.00000E-02-5.00000E-02
 -1       483-1.00000E+00-6.25000E-02-5.00000E-02
 -1       484-1.00000E+00-7.50000E-02-5.00000E-02
 -1       485 1.00000E+00-5.00000E-02 5.00000E-02
 -1       486 1.00000E+00-6.25000E-02 5.00000E-02
 -1       487 1.00000E+00-7.50000E-02 5.00000E-02
 -1       488-1.00000E+00-5.00000E-02 5.00000E-02
 -1       489-1.00000E+00-6.25000E-02 5.00000E-02
 -1       490-1.00000E+00-7.50000E-02 5.00000E-02
 -1       491 8.00000E-01-5.00000E-02-5.00000E-02
 -1       492 8.00000E-01-6.25000E-02-5.00000E-02
 -1       493 8.00000E-01-7.50000E-02-5.00000E-02
 -1       494 6.00000E-01-5.00000E-02-5.00000E-02
 -1       495 6.00000E-01-6.25000E-02-5.00000E-02
 -1       496 6.00000E-01-7.50000E-02-5.00000E-02
 -1       497 4.00000E-01-5.00000E-02-5.00000E-02
 -1       498 4.00000E-01-6.25000E-02-5.00000E-02
 -1       499 4.00000E-01-7.50000E-02-5.00000E-02
 -1       500 2.00000E-01-5.00000E-02-5.00000E-02
 -1       501 2.00000E-01-6.25000E-02-5.00000E-02
 -1       502 2.00000E-01-7.50000E-02-5.00000E-02
 -1       503 0.00000E+00-5.00000E-02-5.00000E-02
 -1       504 0.00000E+00-6.25000E-02-5.00000E-02
 -1       505 0.00000E+00-7.50000E-02-5.00000E-02
 -1       506-2.00000E-01-5.00000E-02-5.00000E-02
 -1       507-2.00000E-01-6.25000E-02-5.00000E-02
 -1       508-2.00000E-01-7.50000E-02-5.00000E-02
 -1       509-4.00000E-01-5.00000E-02-5.00000E-02
 -1       510-4.00000E-01-6.25000E-02-5.00000E-02
 -1       511-4.00000E-01-7.50000E-02-5.00000E-02
 -1       512-6.00000E-01-5.00000E-02-5.00000E-02
 -1       513-6.00000E-01-6.25000E-02-5.00000E-02
 -1       514-6.00000E-01-7.50000E-02-5.00000E-02
 -1       515-8.00000E-01-5.00000E-02-5.00000E-02
 -1       516-8.00000E-01-6.25000E-02-5.00000E-02
 -1       517-8.00000E-01-7.50000E-02-5.00000E-02
 -1       518 9.00000E-01-5.00000E-02-5.00000E-02
 -1       520 9.00000E-01-7.50000E-02-5.00000E-02
 -1       521 7.00000E-01-5.00000E-02-5.00000E-02
 -1       523 7.00000E-01-7.50000E-02-5.00000E-02
 -1       524 5.00000E-01-5.00000E-02-5.00000E-02
 -1       526 5.00000E-01-7.50000E-02-5.00000E-02
 -1       527 3.00000E-01-5.00000E-02-5.00000E-02
 -1       529 3.00000E-01-7.50000E-02-5.00000E-02
 -1       530 1.00000E-01-5.00000E-02-5.00000E-02
 -1       532 1.00000E-01-7.50000E-02-5.00000E-02
 -1       533-1.00000E-01-5.00000E-02-5.00000E-02
 -1       535-1.00000E-01-7.50000E-02-5.00000E-02
 -1       536-3.00000E-01-5.00000E-02-5.00000E-02
 -1       538-3.00000E-01-7.50000E-02-5.00000E-02
 -1       539-5.00000E-01-5.00000E-02-5.00000E-02
 -1       541-5.00000E-01-7.50000E-02-5.00000E-02
 -1       542-7.00000E-01-5.00000E-02-5.00000E-02
 -1       544-7.00000E-01-7.50000E-02-5.00000E-02
 -1       545-9.00000E-01-5.00000E-02-5.00000E-02
 -1       547-9.00000E-01-7.50000E-02-5.00000E-02
 -1       548 1.00000E+00-5.00000E-02 0.00000E+00
 -1       550 1.00000E+00-7.50000E-02 0.00000E+00
 -1       551 8.00000E-01-5.00000E-02 5.00000E-02
 -1       552 8.00000E-01-6.25000E-02 5.00000E-02
 -1       553 8.00000E-01-7.50000E-02 5.00000E-02
 -1       554 6.00000E-01-5.00000E-02 5.00000E-02
 -1       555 6.00000E-01-6.25000E-02 5.00000E-02
 -1       556 6.00000E-01-7.50000E-02 5.00000E-02
 -1       557 4.00000E-01-5.00000E-02 5.00000E-02
 -1       558 4.00000E-01-6.25000E-02 5.00000E-02
 -1       559 4.00000E-01-7.50000E-02 5.00000E-02
 -1       560 2.00000E-01-5.00000E-02 5.00000E-02
 -1       561 2.00000E-01-6.25000E-02 5.00000E-02
 -1       562 2.00000E-01-7.50000E-02 5.00000E-02
 -1       563 0.00000E+00-5.00000E-02 5.00000E-02
 -1       564 0.00000E+00-6.25000E-02 5.00000E-02
 -1       565 0.00000E+00-7.50000E-02 5.00000E-02
 -1       566-2.00000E-01-5.00000E-02 5.00000E-02
 -1       567-2.00000E-01-6.25000E-02 5.00000E-02
 -1       568-2.00000E-01-7.50000E-02 5.00000E-02
 -1       569-4.00000E-01-5.00000E-02 5.00000E-02
 -1       570-4.00000E-01-6.25000E-02 5.00000E-02
 -1       571-4.00000E-01-7.50000E-02 5.00000E-02
 -1       572-6.00000E-01-5.00000E-02 5.00000E-02
 -1       573-6.00000E-01-6.25000E-02 5.00000E-02
 -1       574-6.00000E-01-7.50000E-02 5.00000E-02
 -1       575-8.00000E-01-5.00000E-02 5.00000E-02
 -1       576-8.00000E-01-6.25000E-02 5.00000E-02
 -1       577-8.00000E-01-7.50000E-02 5.00000E-02
 -1       578 9.00000E-01-5.00000E-02 5.00000E-02
 -1       580 9.00000E-01-7.50000E-02 5.00000E-02
 -1       581 7.00000E-01-5.00000E-02 5.00000E-02
 -1       583 7.00000E-01-7.50000E-02 5.00000E-02
 -1       584 5.00000E-01-5.00000E-02 5.00000E-02
 -1       586 5.00000E-01-7.50000E-02 5.00000E-02
 -1       587 3.00000E-01-5.00000E-02 5.00000E-02
 -1       589 3.00000E-01-7.50000E-02 5.00000E-02
 -1       590 1.00000E-01-5.00000E-02 5.00000E-02
 -1       592 1.00000E-01-7.50000E-02 5.00000E-02
 -1       593-1.00000E-01-5.00000E-02 5.00000E-02
 -1       595-1.00000E-01-7.50000E-02 5.00000E-02
 -1       596-3.00000E-01-5.00000E-02 5.00000E-02
 -1       598-3.00000E-01-7.50000E-02 5.00000E-02
 -1       599-5.00000E-01-5.00000E-02 5.00000E-02
 -1       601-5.00000E-01-7.50000E-02 5.00000E-02
 -1       602-7.00000E-01-5.00000E-02 5.00000E-02
 -1       604-7.00000E-01-7.50000E-02 5.00000E-02
 -1       605-9.00000E-01-5.00000E-02 5.00000E-02
 -1       607-9.00000E-01-7.50000E-02 5.00000E-02
 -1       608-1.00000E+00-5.00000E-02 0.00000E+00
 -1       610-1.00000E+00-7.50000E-02 0.00000E+00
 -1       611 8.00000E-01-5.00000E-02 0.00000E+00
 -1       613 8.00000E-01-7.50000E-02 0.00000E+00
 -1       614 6.00000E-01-5.00000E-02 0.00000E+00
 -1       616 6.00000E-01-7.50000E-02 0.00000E+00
 -1       617 4.00000E-01-5.00000E-02 0.00000E+00
 -1       619 4.00000E-01-7.50000E-02 0.00000E+00
 -1       620 2.00000E-01-5.00000E-02 0.00000E+00
 -1       622 2.00000E-01-7.50000E-02 0.00000E+00
 -1       623 0.00000E+00-5.00000E-02 0.00000E+00
 -1       625 1.73472E-18-7.50000E-02 0.00000E+00
 -1       626-2.00000E-01-5.00000E-02 0.00000E+00
 -1       628-2.00000E-01-7.50000E-02 0.00000E+00
 -1       629-4.00000E-01-5.00000E-02 0.00000E+00
 -1       631-4.00000E-01-7.50000E-02 0.00000E+00
 -1       632-6.00000E-01-5.00000E-02 0.00000E+00
 -1       634-6.00000E-01-7.50000E-02 0.00000E+00
 -1       635-8.00000E-01-5.00000E-02 0.00000E+00
 -1       637-8.00000E-01-7.50000E-02 0.00000E+00
 -3
    3C                            40                                     1
 -1         1    4    0    1
 -2         1         9       101        34         8        77       147        88        10       111
 -2       110        43       100       176       195       177        78       166       164        98
 -1         2    4    0    1
 -2        34       101       102        35        88       147       146        87       110       113
 -2       112        44       177       195       196       178       164       165       162        97
 -1         3    4    0    1
 -2        35       102       103        36        87       146       145        86       112       115
 -2       114        45       178       196       197       179       162       163       160        96
 -1         4    4    0    1
 -2        36       103       104        37        86       145       144        85       114       117
 -2       116        46       179       197       198       180       160       161       158        95
 -1         5    4    0    1
 -2        37       104       105        38        85       144       143        84       116       119
 -2       118        47       180       198       199       181       158       159       156        94
 -1         6    4    0    1
 -2        38       105       106        39        84       143       142        83       118       121
 -2       120        48       181       199       200       182       156       157       154        93
 -1         7    4    0    1
 -2        39       106       107        40        83       142       141        82       120       123
 -2       122        49       182       200       201       183       154       155       152        92
 -1         8    4    0    1
 -2        40       107       108        41        82       141       140        81       122       125
 -2       124        50       183       201       202       184       152       153       150        91
 -1         9    4    0    1
 -2        41       108       109        42        81       140       139        80       124       127
 -2       126        51       184       202       203       185       150       151       148        90
 -1        10    4    0    1
 -2        42       109        31         4        80       139        54         6       126       128
 -2        32        52       185       203       138        57       148       149        55        89
 -1        11    4    0    1
 -2         9         2        12       101        77         7        66       147        11        21
 -2       129       111       176        99       186       195        79        76       175       166
 -1        12    4    0    1
 -2       101        12        13       102       147        66        65       146       129        22
 -2       130       113       195       186       187       196       175        75       174       165
 -1        13    4    0    1
 -2       102        13        14       103       146        65        64       145       130        23
 -2       131       115       196       187       188       197       174        74       173       163
 -1        14    4    0    1
 -2       103        14        15       104       145        64        63       144       131        24
 -2       132       117       197       188       189       198       173        73       172       161
 -1        15    4    0    1
 -2       104        15        16       105       144        63        62       143       132        25
 -2       133       119       198       189       190       199       172        72       171       159
 -1        16    4    0    1
 -2       105        16        17       106       143        62        61       142       133        26
 -2       134       121       199       190       191       200       171        71       170       157
 -1        17    4    0    1
 -2       106        17        18       107       142        61        60       141       134        27
 -2       135       123       200       191       192       201       170        70       169       155
 -1        18    4    0    1
 -2       107        18        19       108       141        60        59       140       135        28
 -2       136       125       201       192       193       202       169        69       168       153
 -1        19    4    0    1
 -2       108        19        20       109       140        59        58       139       136        29
 -2       137       127       202       193       194       203       168        68       167       151
 -1        20    4    0    1
 -2       109        20         3        31       139        58         5        54       137        30
 -2        33       128       203       194        53       138       167        67        56       149
 -1        21    4    0    1
 -2       320       326       392       332       322       328       394       334       389       419
 -2       452       359       321       327       393       333       391       421       454       361
 -1        22    4    0    1
 -2       332       392       395       335       334       394       397       337       452       422
 -2       455       362       333       393       396       336       454       424       457       364
 -1        23    4    0    1
 -2       335       395       398       338       337       397       400       340       455       425
 -2       458       365       336       396       399       339       457       427       460       367
 -1        24    4    0    1
 -2       338       398       401       341       340       400       403       343       458       428
 -2       461       368       339       399       402       342       460       430       463       370
 -1        25    4    0    1
 -2       341       401       404       344       343       403       406       346       461       431
 -2       464       371       342       402       405       345       463       433       466       373
 -1        26    4    0    1
 -2       344       404       407       347       346       406       409       349       464       434
 -2       467       374       345       405       408       348       466       436       469       376
 -1        27    4    0    1
 -2       347       407       410       350       349       409       412       352       467       437
 -2       470       377       348       408       411       351       469       439       472       379
 -1        28    4    0    1
 -2       350       410       413       353       352       412       415       355       470       440
 -2       473       380       351       411       414       354       472       442       475       382
 -1        29    4    0    1
 -2       353       413       416       356       355       415       418       358       473       443
 -2       476       383       354       414       417       357       475       445       478       385
 -1        30    4    0    1
 -2       356       416       329       323       358       418       331       325       476       446
 -2       449       386       357       417       330       324       478       448       451       388
 -1        41    4    0    1
 -2       479       485       551       491       481       487       553       493       548       578
 -2       611       518       480       486       552       492       550       580       613       520
 -1        42    4    0    1
 -2       491       551       554       494       493       553       556       496       611       581
 -2       614       521       492       552       555       495       613       583       616       523
 -1        43    4    0    1
 -2       494       554       557       497       496       556       559       499       614       584
 -2       617       524       495       555       558       498       616       586       619       526
 -1        44    4    0    1
 -2       497       557       560       500       499       559       562       502       617       587
 -2       620       527       498       558       561       501       619       589       622       529
 -1        45    4    0    1
 -2       500       560       563       503       502       562       565       505       620       590
 -2       623       530       501       561       564       504       622       592       625       532
 -1        46    4    0    1
 -2       503       563       566       506       505       565       568       508       623       593
 -2       626       533       504       564       567       507       625       595       628       535
 -1        47    4    0    1
 -2       506       566       569       509       508       568       571       511       626       596
 -2       629       536       507       567       570       510       628       598       631       538
 -1        48    4    0    1
 -2       509       569       572       512       511       571       574       514       629       599
 -2       632       539       510       570       573       513       631       601       634       541
 -1        49    4    0    1
 -2       512       572       575       515       514       574       577       517       632       602
 -2       635       542       513       573       576       516       634       604       637       544
 -1        50    4    0    1
 -2       515       575       488       482       517       577       490       484       635       605
 -2       608       545       516       576       489       483       637       607       610       547
 -3
    1PSTEP                         1           1           1          
  100CL  101 1.000000000         459                     0    1           1
 -4  DISP        4    1
 -5  D1          1    2    1    0
 -5  D2          1    2    2    0
 -5  D3          1    2    3    0
 -5  ALL         1    2    0    0    1ALL
 -1         1 0.00000E+00 0.00000E+00 0.00000E+00
 -1         2 0.00000E+00 0.00000E+00 0.00000E+00
 -1         3-1.68542E-05-4.50475E-04 7.53339E-10
 -1         4 1.68541E-05-4.50475E-04-5.37701E-10
 -1         5-1.68543E-05-4.50475E-04-4.89023E-10
 -1         6 1.68541E-05-4.50475E-04 7.03740E-10
 -1         7 0.00000E+00 0.00000E+00 0.00000E+00
 -1         8 0.00000E+00 0.00000E+00 0.00000E+00
 -1         9 0.00000E+00 0.00000E+00 0.00000E+00
 -1        10 0.00000E+00 0.00000E+00 0.00000E+00
 -1        11 0.00000E+00 0.00000E+00 0.00000E+00
 -1        12-3.14879E-06-6.41382E-06-1.89493E-07
 -1        13-6.01854E-06-2.50689E-05-1.86664E-07
 -1        14-8.55656E-06-5.45371E-05-1.65689E-07
 -1        15-1.07577E-05-9.34919E-05-1.42144E-07
 -1        16-1.26200E-05-1.40572E-04-1.18504E-07
 -1        17-1.41439E-05-1.94425E-04-9.47703E-08
 -1        18-1.53291E-05-2.53697E-04-7.10404E-08
 -1        19-1.61757E-05-3.17031E-04-4.73202E-08
 -1        20-1.66839E-05-3.83075E-04-2.35096E-08
 -1        21-1.55357E-06-1.64873E-06-2.41041E-07
 -1        22-4.61915E-06-1.43020E-05-2.04735E-07
 -1        23-7.32731E-06-3.85340E-05-1.77724E-07
 -1        24-9.69843E-06-7.29137E-05-1.54142E-07
 -1        25-1.17300E-05-1.16101E-04-1.30333E-07
 -1        26-1.34231E-05-1.66737E-04-1.06649E-07
 -1        27-1.47777E-05-2.23468E-04-8.29049E-08
 -1        28-1.57935E-05-2.84941E-04-5.92019E-08
 -1        29-1.64707E-05-3.49799E-04-3.55272E-08
 -1        30-1.68091E-05-4.16688E-04-1.19072E-08
 -1        31-5.20467E-11-4.50470E-04 9.55443E-11
 -1        32 8.42355E-06-4.50472E-04-7.16241E-10
 -1        33-8.42365E-06-4.50472E-04 9.17926E-10
 -1        34 3.14882E-06-6.41383E-06 1.89487E-07
 -1        35 6.01863E-06-2.50690E-05 1.86659E-07
 -1        36 8.55667E-06-5.45371E-05 1.65723E-07
 -1        37 1.07578E-05-9.34919E-05 1.42199E-07
 -1        38 1.26201E-05-1.40572E-04 1.18543E-07
 -1        39 1.41439E-05-1.94425E-04 9.48569E-08
 -1        40 1.53291E-05-2.53697E-04 7.11643E-08
 -1        41 1.61757E-05-3.17031E-04 4.74486E-08
 -1        42 1.66838E-05-3.83075E-04 2.36581E-08
 -1        43 1.55359E-06-1.64873E-06 2.41043E-07
 -1        44 4.61921E-06-1.43020E-05 2.04722E-07
 -1        45 7.32741E-06-3.85340E-05 1.77742E-07
 -1        46 9.69853E-06-7.29137E-05 1.54188E-07
 -1        47 1.17300E-05-1.16101E-04 1.30378E-07
 -1        48 1.34232E-05-1.66737E-04 1.06702E-07
 -1        49 1.47777E-05-2.23468E-04 8.30143E-08
 -1        50 1.57935E-05-2.84941E-04 5.93301E-08
 -1        51 1.64707E-05-3.49799E-04 3.56620E-08
 -1        52 1.68090E-05-4.16688E-04 1.20863E-08
 -1        53-1.68573E-05-4.50476E-04 1.28495E-10
 -1        54-5.73713E-11-4.50470E-04 1.01286E-10
 -1        55 8.42355E-06-4.50472E-04 8.97403E-10
 -1        56-8.42366E-06-4.50472E-04-6.92308E-10
 -1        57 1.68572E-05-4.50476E-04 8.36946E-11
 -1        58-1.66839E-05-3.83075E-04 2.36426E-08
 -1        59-1.61757E-05-3.17031E-04 4.74186E-08
 -1        60-1.53291E-05-2.53697E-04 7.11689E-08
 -1        61-1.41439E-05-1.94425E-04 9.48680E-08
 -1        62-1.26200E-05-1.40572E-04 1.18534E-07
 -1        63-1.07577E-05-9.34919E-05 1.42191E-07
 -1        64-8.55657E-06-5.45371E-05 1.65741E-07
 -1        65-6.01855E-06-2.50689E-05 1.86662E-07
 -1        66-3.14878E-06-6.41385E-06 1.89470E-07
 -1        67-1.68091E-05-4.16688E-04 1.21034E-08
 -1        68-1.64707E-05-3.49799E-04 3.56385E-08
 -1        69-1.57935E-05-2.84941E-04 5.93133E-08
 -1        70-1.47777E-05-2.23468E-04 8.30319E-08
 -1        71-1.34231E-05-1.66737E-04 1.06707E-07
 -1        72-1.17300E-05-1.16101E-04 1.30370E-07
 -1        73-9.69843E-06-7.29137E-05 1.54192E-07
 -1        74-7.32732E-06-3.85339E-05 1.77763E-07
 -1        75-4.61915E-06-1.43020E-05 2.04709E-07
 -1        76-1.55356E-06-1.64873E-06 2.41032E-07
 -1        77 0.00000E+00 0.00000E+00 0.00000E+00
 -1        78 0.00000E+00 0.00000E+00 0.00000E+00
 -1        79 0.00000E+00 0.00000E+00 0.00000E+00
 -1        80 1.66838E-05-3.83075E-04-2.34901E-08
 -1        81 1.61757E-05-3.17031E-04-4.72846E-08
 -1        82 1.53291E-05-2.53697E-04-7.10393E-08
 -1        83 1.41439E-05-1.94425E-04-9.47800E-08
 -1        84 1.26201E-05-1.40572E-04-1.18493E-07
 -1        85 1.07578E-05-9.34919E-05-1.42137E-07
 -1        86 8.55665E-06-5.45371E-05-1.65707E-07
 -1        87 6.01863E-06-2.50689E-05-1.86668E-07
 -1        88 3.14883E-06-6.41383E-06-1.89481E-07
 -1        89 1.68090E-05-4.16688E-04-1.19208E-08
 -1        90 1.64707E-05-3.49799E-04-3.55002E-08
 -1        91 1.57935E-05-2.84941E-04-5.91795E-08
 -1        92 1.47777E-05-2.23468E-04-8.29118E-08
 -1        93 1.34232E-05-1.66737E-04-1.06647E-07
 -1        94 1.17300E-05-1.16101E-04-1.30322E-07
 -1        95 9.69852E-06-7.29137E-05-1.54143E-07
 -1        96 7.32740E-06-3.85339E-05-1.77748E-07
 -1        97 4.61922E-06-1.43020E-05-2.04727E-07
 -1        98 1.55359E-06-1.64874E-06-2.41037E-07
 -1        99 0.00000E+00 0.00000E+00 0.00000E+00
 -1       100 0.00000E+00 0.00000E+00 0.00000E+00
 -1       101 1.64837E-11-6.31912E-06-1.74883E-12
 -1       102 4.33903E-11-2.49754E-05-1.00084E-13
 -1       103 5.32396E-11-5.44540E-05 1.86381E-11
 -1       104 4.59620E-11-9.34208E-05 2.90039E-11
 -1       105 4.30249E-11-1.40513E-04 1.74242E-11
 -1       106 2.42013E-11-1.94378E-04 4.18226E-11
 -1       107-9.81495E-12-2.53661E-04 6.57546E-11
 -1       108-2.48562E-11-3.17007E-04 6.35411E-11
 -1       109-3.89423E-11-3.83062E-04 7.54503E-11
 -1       110 1.56979E-06-6.33177E-06 9.50142E-08
 -1       111 1.01690E-11-1.52461E-06-1.92336E-13
 -1       112 3.00651E-06-2.50007E-05 9.32272E-08
 -1       113 3.21654E-11-1.42002E-05-5.65885E-12
 -1       114 4.27532E-06-5.44742E-05 8.29056E-08
 -1       115 5.20915E-11-3.84452E-05 1.10815E-11
 -1       116 5.37588E-06-9.34387E-05 7.11029E-08
 -1       117 5.12862E-11-7.28367E-05 2.67227E-11
 -1       118 6.30705E-06-1.40528E-04 5.92820E-08
 -1       119 4.40570E-11-1.16036E-04 2.22188E-11
 -1       120 7.06896E-06-1.94390E-04 4.74479E-08
 -1       121 3.37363E-11-1.66683E-04 2.58357E-11
 -1       122 7.66155E-06-2.53670E-04 3.56230E-08
 -1       123 8.30185E-12-2.23427E-04 5.44104E-11
 -1       124 8.08477E-06-3.17013E-04 2.37289E-08
 -1       125-1.67997E-11-2.84911E-04 6.38416E-11
 -1       126 8.33896E-06-3.83065E-04 1.19761E-08
 -1       127-3.27161E-11-3.49781E-04 6.52587E-11
 -1       128-4.09474E-11-4.16683E-04 8.86664E-11
 -1       129-1.56976E-06-6.33177E-06-9.50195E-08
 -1       130-3.00642E-06-2.50007E-05-9.32295E-08
 -1       131-4.27522E-06-5.44742E-05-8.28688E-08
 -1       132-5.37579E-06-9.34387E-05-7.10444E-08
 -1       133-6.30697E-06-1.40528E-04-5.92476E-08
 -1       134-7.06892E-06-1.94390E-04-4.73624E-08
 -1       135-7.66156E-06-2.53670E-04-3.54926E-08
 -1       136-8.08482E-06-3.17013E-04-2.36021E-08
 -1       137-8.33903E-06-3.83065E-04-1.18252E-08
 -1       138-5.31548E-11-4.50470E-04 9.96346E-11
 -1       139-5.11794E-11-3.83062E-04 7.52975E-11
 -1       140-2.73203E-11-3.17007E-04 6.55368E-11
 -1       141-1.35033E-11-2.53661E-04 6.92517E-11
 -1       142 9.76532E-12-1.94378E-04 4.28776E-11
 -1       143 4.51010E-11-1.40513E-04 1.63723E-11
 -1       144 4.62985E-11-9.34208E-05 2.80566E-11
 -1       145 4.96786E-11-5.44540E-05 2.76993E-11
 -1       146 4.17027E-11-2.49754E-05 2.34596E-13
 -1       147 2.84536E-11-6.31914E-06-5.00092E-12
 -1       148 8.33895E-06-3.83066E-04-1.18146E-08
 -1       149-5.86475E-11-4.16683E-04 9.07783E-11
 -1       150 8.08477E-06-3.17013E-04-2.35827E-08
 -1       151-3.70563E-11-3.49781E-04 6.80975E-11
 -1       152 7.66154E-06-2.53670E-04-3.54914E-08
 -1       153-1.72635E-11-2.84911E-04 6.67072E-11
 -1       154 7.06895E-06-1.94390E-04-4.73692E-08
 -1       155-2.93442E-12-2.23427E-04 6.03220E-11
 -1       156 6.30705E-06-1.40528E-04-5.92428E-08
 -1       157 2.14122E-11-1.66683E-04 2.90672E-11
 -1       158 5.37588E-06-9.34387E-05-7.10436E-08
 -1       159 4.77041E-11-1.16036E-04 2.66858E-11
 -1       160 4.27531E-06-5.44742E-05-8.28732E-08
 -1       161 4.66904E-11-7.28367E-05 2.31160E-11
 -1       162 3.00650E-06-2.50007E-05-9.32304E-08
 -1       163 3.96533E-11-3.84452E-05 5.93642E-12
 -1       164 1.56980E-06-6.33179E-06-9.50134E-08
 -1       165 3.18795E-11-1.42003E-05-8.37730E-12
 -1       166 1.28958E-11-1.52462E-06-1.93309E-12
 -1       167-8.33905E-06-3.83066E-04 1.19670E-08
 -1       168-8.08482E-06-3.17013E-04 2.37155E-08
 -1       169-7.66156E-06-2.53670E-04 3.56253E-08
 -1       170-7.06893E-06-1.94390E-04 4.74541E-08
 -1       171-6.30697E-06-1.40528E-04 5.92806E-08
 -1       172-5.37579E-06-9.34387E-05 7.10979E-08
 -1       173-4.27522E-06-5.44742E-05 8.29197E-08
 -1       174-3.00642E-06-2.50007E-05 9.32282E-08
 -1       175-1.56974E-06-6.33179E-06 9.50037E-08
 -1       176 0.00000E+00 0.00000E+00 0.00000E+00
 -1       177 3.14644E-06-6.54888E-06 3.61972E-12
 -1       178 6.02253E-06-2.51567E-05-5.43309E-12
 -1       179 8.55916E-06-5.46218E-05 9.13413E-12
 -1       180 1.07607E-05-9.35626E-05 3.13149E-11
 -1       181 1.26229E-05-1.40632E-04 2.51829E-11
 -1       182 1.41468E-05-1.94473E-04 3.70170E-11
 -1       183 1.53320E-05-2.53732E-04 6.39669E-11
 -1       184 1.61785E-05-3.17055E-04 8.13939E-11
 -1       185 1.66866E-05-3.83086E-04 8.29384E-11
 -1       186-3.14640E-06-6.54888E-06-1.20392E-11
 -1       187-6.02245E-06-2.51567E-05-9.33462E-13
 -1       188-8.55907E-06-5.46218E-05 2.68664E-11
 -1       189-1.07606E-05-9.35626E-05 2.40926E-11
 -1       190-1.26228E-05-1.40632E-04 1.50146E-11
 -1       191-1.41468E-05-1.94473E-04 4.88949E-11
 -1       192-1.53320E-05-2.53732E-04 6.49359E-11
 -1       193-1.61786E-05-3.17055E-04 4.82553E-11
 -1       194-1.66867E-05-3.83086E-04 6.67968E-11
 -1       195 2.20554E-11-6.45496E-06-3.48630E-12
 -1       196 4.22832E-11-2.50627E-05 2.97690E-13
 -1       197 4.91849E-11-5.45389E-05 2.29581E-11
 -1       198 4.71328E-11-9.34914E-05 2.89773E-11
 -1       199 3.97883E-11-1.40572E-04 1.56963E-11
 -1       200 1.57498E-11-1.94425E-04 4.30427E-11
 -1       201-9.13491E-12-2.53697E-04 6.66937E-11
 -1       202-2.53800E-11-3.17031E-04 6.50363E-11
 -1       203-4.42492E-11-3.83074E-04 7.59410E-11
 -1       320 2.53052E-05-4.50479E-04 2.03306E-09
 -1       321 2.10776E-05-4.50477E-04 7.34577E-10
 -1       322 1.68541E-05-4.50475E-04-5.37701E-10
 -1       323 0.00000E+00-9.24653E-08 0.00000E+00
 -1       324 0.00000E+00 0.00000E+00 0.00000E+00
 -1       325 0.00000E+00 9.24653E-08-0.00000E+00
 -1       326 2.53052E-05-4.50479E-04-1.88797E-09
 -1       327 2.10776E-05-4.50477E-04-5.78169E-10
 -1       328 1.68541E-05-4.50475E-04 7.03740E-10
 -1       329 0.00000E+00-9.24646E-08 0.00000E+00
 -1       330 0.00000E+00 0.00000E+00 0.00000E+00
 -1       331 0.00000E+00 9.24646E-08-0.00000E+00
 -1       332 2.50471E-05-3.83090E-04 3.55874E-08
 -1       333 2.08636E-05-3.83082E-04 2.96235E-08
 -1       334 1.66838E-05-3.83075E-04 2.36581E-08
 -1       335 2.42853E-05-3.17061E-04 7.12474E-08
 -1       336 2.02286E-05-3.17044E-04 5.93490E-08
 -1       337 1.61757E-05-3.17031E-04 4.74486E-08
 -1       338 2.30156E-05-2.53741E-04 1.06717E-07
 -1       339 1.91705E-05-2.53717E-04 8.89411E-08
 -1       340 1.53291E-05-2.53697E-04 7.11643E-08
 -1       341 2.12378E-05-1.94484E-04 1.42256E-07
 -1       342 1.76890E-05-1.94452E-04 1.18555E-07
 -1       343 1.41439E-05-1.94425E-04 9.48569E-08
 -1       344 1.89519E-05-1.40646E-04 1.77841E-07
 -1       345 1.57841E-05-1.40606E-04 1.48198E-07
 -1       346 1.26201E-05-1.40572E-04 1.18543E-07
 -1       347 1.61586E-05-9.35808E-05 2.13082E-07
 -1       348 1.34563E-05-9.35319E-05 1.77624E-07
 -1       349 1.07578E-05-9.34919E-05 1.42199E-07
 -1       350 1.28562E-05-5.46413E-05 2.49155E-07
 -1       351 1.07046E-05-5.45839E-05 2.07487E-07
 -1       352 8.55667E-06-5.45371E-05 1.65723E-07
 -1       353 9.04796E-06-2.51890E-05 2.76688E-07
 -1       354 7.53140E-06-2.51235E-05 2.31556E-07
 -1       355 6.01863E-06-2.50690E-05 1.86659E-07
 -1       356 4.72110E-06-6.55706E-06 3.01158E-07
 -1       357 3.93297E-06-6.47686E-06 2.45497E-07
 -1       358 3.14882E-06-6.41383E-06 1.89487E-07
 -1       359 2.52272E-05-4.16695E-04 1.81762E-08
 -1       361 1.68090E-05-4.16688E-04 1.20863E-08
 -1       362 2.47189E-05-3.49821E-04 5.33370E-08
 -1       364 1.64707E-05-3.49799E-04 3.56620E-08
 -1       365 2.37032E-05-2.84978E-04 8.89707E-08
 -1       367 1.57935E-05-2.84941E-04 5.93301E-08
 -1       368 2.21795E-05-2.23520E-04 1.24485E-07
 -1       370 1.47777E-05-2.23468E-04 8.30143E-08
 -1       371 2.01476E-05-1.66803E-04 1.60053E-07
 -1       373 1.34232E-05-1.66737E-04 1.06702E-07
 -1       374 1.76080E-05-1.16182E-04 1.95499E-07
 -1       376 1.17300E-05-1.16101E-04 1.30378E-07
 -1       377 1.45605E-05-7.30100E-05 2.31563E-07
 -1       379 9.69853E-06-7.29137E-05 1.54188E-07
 -1       380 1.10047E-05-3.86447E-05 2.65594E-07
 -1       382 7.32741E-06-3.85340E-05 1.77742E-07
 -1       383 6.94268E-06-1.44264E-05 3.12153E-07
 -1       385 4.61921E-06-1.43020E-05 2.04722E-07
 -1       386 2.37290E-06-1.78170E-06 3.34935E-07
 -1       388 1.55359E-06-1.64873E-06 2.41043E-07
 -1       389 2.53082E-05-4.50481E-04 7.08001E-11
 -1       391 1.68572E-05-4.50476E-04 8.36946E-11
 -1       392 2.50471E-05-3.83090E-04-3.54172E-08
 -1       393 2.08636E-05-3.83082E-04-2.94548E-08
 -1       394 1.66838E-05-3.83075E-04-2.34901E-08
 -1       395 2.42853E-05-3.17061E-04-7.10592E-08
 -1       396 2.02286E-05-3.17045E-04-5.91731E-08
 -1       397 1.61757E-05-3.17031E-04-4.72846E-08
 -1       398 2.30155E-05-2.53741E-04-1.06597E-07
 -1       399 1.91704E-05-2.53717E-04-8.88186E-08
 -1       400 1.53291E-05-2.53697E-04-7.10393E-08
 -1       401 2.12378E-05-1.94484E-04-1.42191E-07
 -1       402 1.76890E-05-1.94452E-04-1.18483E-07
 -1       403 1.41439E-05-1.94425E-04-9.47800E-08
 -1       404 1.89519E-05-1.40646E-04-1.77777E-07
 -1       405 1.57841E-05-1.40606E-04-1.48141E-07
 -1       406 1.26201E-05-1.40572E-04-1.18493E-07
 -1       407 1.61586E-05-9.35808E-05-2.13019E-07
 -1       408 1.34563E-05-9.35319E-05-1.77561E-07
 -1       409 1.07578E-05-9.34919E-05-1.42137E-07
 -1       410 1.28562E-05-5.46412E-05-2.49153E-07
 -1       411 1.07046E-05-5.45838E-05-2.07477E-07
 -1       412 8.55665E-06-5.45371E-05-1.65707E-07
 -1       413 9.04796E-06-2.51889E-05-2.76703E-07
 -1       414 7.53140E-06-2.51235E-05-2.31568E-07
 -1       415 6.01863E-06-2.50689E-05-1.86668E-07
 -1       416 4.72111E-06-6.55706E-06-3.01150E-07
 -1       417 3.93298E-06-6.47686E-06-2.45490E-07
 -1       418 3.14883E-06-6.41383E-06-1.89481E-07
 -1       419 2.52271E-05-4.16695E-04-1.80195E-08
 -1       421 1.68090E-05-4.16688E-04-1.19208E-08
 -1       422 2.47189E-05-3.49821E-04-5.31674E-08
 -1       424 1.64707E-05-3.49799E-04-3.55002E-08
 -1       425 2.37032E-05-2.84978E-04-8.88094E-08
 -1       427 1.57935E-05-2.84941E-04-5.91795E-08
 -1       428 2.21794E-05-2.23520E-04-1.24389E-07
 -1       430 1.47777E-05-2.23468E-04-8.29118E-08
 -1       431 2.01476E-05-1.66803E-04-1.60001E-07
 -1       433 1.34232E-05-1.66737E-04-1.06647E-07
 -1       434 1.76080E-05-1.16182E-04-1.95438E-07
 -1       436 1.17300E-05-1.16101E-04-1.30322E-07
 -1       437 1.45605E-05-7.30100E-05-2.31522E-07
 -1       439 9.69852E-06-7.29137E-05-1.54143E-07
 -1       440 1.10047E-05-3.86447E-05-2.65612E-07
 -1       442 7.32740E-06-3.85339E-05-1.77748E-07
 -1       443 6.94268E-06-1.44265E-05-3.12152E-07
 -1       445 4.61922E-06-1.43020E-05-2.04727E-07
 -1       446 2.37290E-06-1.78171E-06-3.34926E-07
 -1       448 1.55359E-06-1.64874E-06-2.41037E-07
 -1       449 0.00000E+00-9.59423E-08 0.00000E+00
 -1       451 0.00000E+00 9.59423E-08-0.00000E+00
 -1       452 2.50502E-05-3.83102E-04 8.65654E-11
 -1       454 1.66866E-05-3.83086E-04 8.29384E-11
 -1       455 2.42884E-05-3.17085E-04 9.22334E-11
 -1       457 1.61785E-05-3.17055E-04 8.13939E-11
 -1       458 2.30187E-05-2.53777E-04 6.08680E-11
 -1       460 1.53320E-05-2.53732E-04 6.39669E-11
 -1       461 2.12409E-05-1.94532E-04 3.46518E-11
 -1       463 1.41468E-05-1.94473E-04 3.70170E-11
 -1       464 1.89551E-05-1.40706E-04 3.04278E-11
 -1       466 1.26229E-05-1.40632E-04 2.51829E-11
 -1       467 1.61617E-05-9.36515E-05 3.01618E-11
 -1       469 1.07607E-05-9.35626E-05 3.13149E-11
 -1       470 1.28594E-05-5.47257E-05 3.00184E-12
 -1       472 8.55916E-06-5.46218E-05 9.13413E-12
 -1       473 9.05109E-06-2.52776E-05-8.18164E-12
 -1       475 6.02253E-06-2.51567E-05-5.43309E-12
 -1       476 4.72045E-06-6.68987E-06 4.80070E-12
 -1       478 3.14644E-06-6.54888E-06 3.61972E-12
 -1       479-1.68542E-05-4.50475E-04 7.53339E-10
 -1       480-2.10777E-05-4.50477E-04-5.12646E-10
 -1       481-2.53053E-05-4.50479E-04-1.80273E-09
 -1       482 0.00000E+00 9.24643E-08 0.00000E+00
 -1       483 0.00000E+00 0.00000E+00 0.00000E+00
 -1       484 0.00000E+00-9.24643E-08-0.00000E+00
 -1       485-1.68543E-05-4.50475E-04-4.89023E-10
 -1       486-2.10777E-05-4.50477E-04 7.94455E-10
 -1       487-2.53053E-05-4.50479E-04 2.10345E-09
 -1       488 0.00000E+00 9.24641E-08 0.00000E+00
 -1       489 0.00000E+00 0.00000E+00 0.00000E+00
 -1       490 0.00000E+00-9.24641E-08-0.00000E+00
 -1       491-1.66839E-05-3.83075E-04-2.35096E-08
 -1       492-2.08637E-05-3.83082E-04-2.94771E-08
 -1       493-2.50472E-05-3.83090E-04-3.54430E-08
 -1       494-1.61757E-05-3.17031E-04-4.73202E-08
 -1       495-2.02286E-05-3.17044E-04-5.92184E-08
 -1       496-2.42853E-05-3.17061E-04-7.11165E-08
 -1       497-1.53291E-05-2.53697E-04-7.10404E-08
 -1       498-1.91705E-05-2.53717E-04-8.88164E-08
 -1       499-2.30156E-05-2.53741E-04-1.06591E-07
 -1       500-1.41439E-05-1.94425E-04-9.47703E-08
 -1       501-1.76889E-05-1.94452E-04-1.18471E-07
 -1       502-2.12377E-05-1.94484E-04-1.42176E-07
 -1       503-1.26200E-05-1.40572E-04-1.18504E-07
 -1       504-1.57841E-05-1.40606E-04-1.48158E-07
 -1       505-1.89519E-05-1.40646E-04-1.77799E-07
 -1       506-1.07577E-05-9.34919E-05-1.42144E-07
 -1       507-1.34562E-05-9.35319E-05-1.77570E-07
 -1       508-1.61585E-05-9.35808E-05-2.13031E-07
 -1       509-8.55656E-06-5.45371E-05-1.65689E-07
 -1       510-1.07045E-05-5.45838E-05-2.07457E-07
 -1       511-1.28561E-05-5.46413E-05-2.49130E-07
 -1       512-6.01854E-06-2.50689E-05-1.86664E-07
 -1       513-7.53131E-06-2.51235E-05-2.31565E-07
 -1       514-9.04787E-06-2.51889E-05-2.76700E-07
 -1       515-3.14879E-06-6.41382E-06-1.89493E-07
 -1       516-3.93294E-06-6.47685E-06-2.45504E-07
 -1       517-4.72107E-06-6.55705E-06-3.01165E-07
 -1       518-1.68091E-05-4.16688E-04-1.19072E-08
 -1       520-2.52272E-05-4.16695E-04-1.79955E-08
 -1       521-1.64707E-05-3.49799E-04-3.55272E-08
 -1       523-2.47190E-05-3.49821E-04-5.32054E-08
 -1       524-1.57935E-05-2.84941E-04-5.92019E-08
 -1       526-2.37032E-05-2.84978E-04-8.88472E-08
 -1       527-1.47777E-05-2.23468E-04-8.29049E-08
 -1       529-2.21794E-05-2.23520E-04-1.24373E-07
 -1       530-1.34231E-05-1.66737E-04-1.06649E-07
 -1       532-2.01475E-05-1.66803E-04-1.60003E-07
 -1       533-1.17300E-05-1.16101E-04-1.30333E-07
 -1       535-1.76079E-05-1.16182E-04-1.95457E-07
 -1       536-9.69843E-06-7.29137E-05-1.54142E-07
 -1       538-1.45604E-05-7.30100E-05-2.31516E-07
 -1       539-7.32731E-06-3.85340E-05-1.77724E-07
 -1       541-1.10046E-05-3.86447E-05-2.65576E-07
 -1       542-4.61915E-06-1.43020E-05-2.04735E-07
 -1       544-6.94261E-06-1.44264E-05-3.12163E-07
 -1       545-1.55357E-06-1.64873E-06-2.41041E-07
 -1       547-2.37288E-06-1.78170E-06-3.34931E-07
 -1       548-1.68573E-05-4.50476E-04 1.28495E-10
 -1       550-2.53083E-05-4.50481E-04 1.48104E-10
 -1       551-1.66839E-05-3.83075E-04 2.36426E-08
 -1       552-2.08637E-05-3.83082E-04 2.96015E-08
 -1       553-2.50472E-05-3.83090E-04 3.55585E-08
 -1       554-1.61757E-05-3.17031E-04 4.74186E-08
 -1       555-2.02286E-05-3.17045E-04 5.93087E-08
 -1       556-2.42853E-05-3.17061E-04 7.11984E-08
 -1       557-1.53291E-05-2.53697E-04 7.11689E-08
 -1       558-1.91705E-05-2.53717E-04 8.89483E-08
 -1       559-2.30156E-05-2.53741E-04 1.06727E-07
 -1       560-1.41439E-05-1.94425E-04 9.48680E-08
 -1       561-1.76889E-05-1.94452E-04 1.18571E-07
 -1       562-2.12378E-05-1.94484E-04 1.42279E-07
 -1       563-1.26200E-05-1.40572E-04 1.18534E-07
 -1       564-1.57841E-05-1.40606E-04 1.48186E-07
 -1       565-1.89519E-05-1.40646E-04 1.77824E-07
 -1       566-1.07577E-05-9.34919E-05 1.42191E-07
 -1       567-1.34562E-05-9.35319E-05 1.77616E-07
 -1       568-1.61585E-05-9.35808E-05 2.13075E-07
 -1       569-8.55657E-06-5.45371E-05 1.65741E-07
 -1       570-1.07045E-05-5.45838E-05 2.07509E-07
 -1       571-1.28561E-05-5.46413E-05 2.49183E-07
 -1       572-6.01855E-06-2.50689E-05 1.86662E-07
 -1       573-7.53133E-06-2.51235E-05 2.31557E-07
 -1       574-9.04788E-06-2.51889E-05 2.76688E-07
 -1       575-3.14878E-06-6.41385E-06 1.89470E-07
 -1       576-3.93293E-06-6.47687E-06 2.45474E-07
 -1       577-4.72106E-06-6.55708E-06 3.01129E-07
 -1       578-1.68091E-05-4.16688E-04 1.21034E-08
 -1       580-2.52273E-05-4.16695E-04 1.81989E-08
 -1       581-1.64707E-05-3.49799E-04 3.56385E-08
 -1       583-2.47190E-05-3.49821E-04 5.33022E-08
 -1       584-1.57935E-05-2.84941E-04 5.93133E-08
 -1       586-2.37032E-05-2.84978E-04 8.89454E-08
 -1       587-1.47777E-05-2.23468E-04 8.30319E-08
 -1       589-2.21794E-05-2.23520E-04 1.24507E-07
 -1       590-1.34231E-05-1.66737E-04 1.06707E-07
 -1       592-2.01476E-05-1.66803E-04 1.60059E-07
 -1       593-1.17300E-05-1.16101E-04 1.30370E-07
 -1       595-1.76079E-05-1.16182E-04 1.95487E-07
 -1       596-9.69843E-06-7.29137E-05 1.54192E-07
 -1       598-1.45604E-05-7.30100E-05 2.31569E-07
 -1       599-7.32732E-06-3.85339E-05 1.77763E-07
 -1       601-1.10046E-05-3.86447E-05 2.65625E-07
 -1       602-4.61915E-06-1.43020E-05 2.04709E-07
 -1       604-6.94262E-06-1.44265E-05 3.12135E-07
 -1       605-1.55356E-06-1.64873E-06 2.41032E-07
 -1       607-2.37288E-06-1.78170E-06 3.34918E-07
 -1       608 0.00000E+00 9.59417E-08 0.00000E+00
 -1       610 0.00000E+00-9.59417E-08-0.00000E+00
 -1       611-1.66867E-05-3.83086E-04 6.67968E-11
 -1       613-2.50503E-05-3.83102E-04 5.88232E-11
 -1       614-1.61786E-05-3.17055E-04 4.82553E-11
 -1       616-2.42884E-05-3.17085E-04 4.12816E-11
 -1       617-1.53320E-05-2.53732E-04 6.49359E-11
 -1       619-2.30187E-05-2.53777E-04 6.94900E-11
 -1       620-1.41468E-05-1.94473E-04 4.88949E-11
 -1       622-2.12409E-05-1.94532E-04 5.13056E-11
 -1       623-1.26228E-05-1.40632E-04 1.50146E-11
 -1       625-1.89550E-05-1.40706E-04 1.39358E-11
 -1       626-1.07606E-05-9.35626E-05 2.40926E-11
 -1       628-1.61616E-05-9.36515E-05 2.25395E-11
 -1       629-8.55907E-06-5.46218E-05 2.68664E-11
 -1       631-1.28593E-05-5.47257E-05 2.51829E-11
 -1       632-6.02245E-06-2.51567E-05-9.33462E-13
 -1       634-9.05101E-06-2.52776E-05-3.98657E-12
 -1       635-3.14640E-06-6.54888E-06-1.20392E-11
 -1       637-4.72041E-06-6.68987E-06-1.85405E-11
 -3
    1PSTEP                         2           1           1          
  100CL  101 1.000000000         459                     0    1           1
 -4  STRESS      6    1
 -5  SXX         1    4    1    1
 -5  SYY         1    4    2    2
 -5  SZZ         1    4    3    3
 -5  SXY         1    4    1    2
 -5  SYZ         1    4    2    3
 -5  SZX         1    4    3    1
 -1         1 4.11488E+06 1.60026E+06 1.60025E+06-7.42804E+04 9.88975E-01 3.17744E+05
 -1         2-4.11483E+06-1.60024E+06-1.60023E+06-7.42785E+04 9.89012E-01-3.17737E+05
 -1         3-5.41416E+02 3.10770E+04 5.90906E+03-1.12988E+05-1.16730E+03 8.57199E+02
 -1         4 5.76422E+02-3.09192E+04-5.88211E+03-1.12950E+05-1.16623E+03-8.47570E+02
 -1         5-5.84473E+02 3.09234E+04 5.91552E+03-1.12896E+05 1.14994E+03-8.40586E+02
 -1         6 5.78138E+02-3.08915E+04-5.88520E+03-1.12937E+05 1.20185E+03 8.39657E+02
 -1         7-4.11481E+06-1.60023E+06-1.60023E+06-7.42726E+04-9.88977E-01 3.17733E+05
 -1         8 4.11488E+06 1.60025E+06 1.60025E+06-7.42902E+04-9.89042E-01-3.17737E+05
 -1         9 3.24733E+01 1.26291E+01 1.26289E+01 9.05170E+04 9.92417E-01 4.01639E-01
 -1        10 2.05136E+06 7.97724E+05 7.97725E+05 2.23444E+04 9.90758E-01 1.58984E+05
 -1        11-2.05130E+06-7.97703E+05-7.97703E+05 2.23440E+04 9.90725E-01-1.58980E+05
 -1        12-3.30737E+06 1.96435E+04-1.24753E+05-4.21849E+04-1.34046E+05 7.59060E+04
 -1        13-2.87618E+06-6.19565E+04-3.87050E+04-1.15919E+05 1.89415E+04 4.45005E+03
 -1        14-2.48725E+06 1.15618E+04 2.80792E+03-1.11963E+05-6.24817E+03 1.99821E+03
 -1        15-2.13432E+06-3.62296E+03-1.52656E+03-1.13879E+05 1.40080E+03 1.31435E+02
 -1        16-1.77750E+06 8.80508E+02 3.16671E+02-1.13447E+05-3.66219E+02 3.95231E+02
 -1        17-1.42239E+06-2.16483E+02-9.62451E+01-1.13580E+05 5.99945E+01 2.98159E+02
 -1        18-1.06656E+06-4.21674E+01-9.60330E+00-1.13626E+05 8.23151E+00 3.13310E+02
 -1        19-7.10448E+05 9.75542E+02 2.88076E+02-1.13240E+05-5.18226E+01 2.11948E+02
 -1        20-3.53576E+05 1.91663E+03 5.55808E+02-1.12423E+05-2.26876E+02 2.79588E+02
 -1        21-3.31943E+06-1.01377E+05 5.45516E+04-6.66463E+04 1.73001E+05-7.37990E+04
 -1        22-2.97746E+06 7.96210E+04 4.84617E+04-4.86949E+04-3.02295E+04-1.33091E+03
 -1        23-2.67156E+06-1.71546E+04-6.29191E+03-4.58358E+04 8.90729E+03-1.92125E+03
 -1        24-2.30913E+06 5.05502E+03 2.38288E+03-4.61093E+04-2.04757E+03 6.85502E+02
 -1        25-1.95607E+06-1.38546E+03-5.94246E+02-4.59624E+04 5.28539E+02 1.81550E+02
 -1        26-1.59998E+06 3.59050E+02 1.64711E+02-4.59972E+04-1.37885E+02 3.48511E+02
 -1        27-1.24456E+06-1.03146E+02-2.73285E+01-4.60536E+04 3.85368E+01 3.08285E+02
 -1        28-8.88847E+05 2.12244E+02 6.97851E+01-4.59679E+04 4.41712E+00 2.99687E+02
 -1        29-5.34029E+05-1.06636E+03-3.77376E+02-4.63254E+04 4.70116E+01 4.18528E+02
 -1        30-1.79336E+05-1.49254E+03-2.22434E+02-4.64629E+04 1.70217E+02 3.51006E+02
 -1        31-2.03638E+01 2.18907E+01 2.27282E+01-1.55545E+05-4.24606E+03 3.77439E+00
 -1        32-2.76751E+03-2.32857E+04-3.89937E+03-1.35220E+05-2.69970E+03-6.67271E+02
 -1        33 2.76150E+03 2.33840E+04 3.93009E+03-1.35242E+05-2.71531E+03 6.77760E+02
 -1        34 3.30738E+06-1.97300E+04 1.24730E+05-4.21748E+04-1.34051E+05-7.58994E+04
 -1        35 2.87620E+06 6.18906E+04 3.86823E+04-1.15901E+05 1.89630E+04-4.44999E+03
 -1        36 2.48727E+06-1.15228E+04-2.77574E+03-1.11976E+05-6.25100E+03-1.99513E+03
 -1        37 2.13428E+06 3.59941E+03 1.51265E+03-1.13879E+05 1.39265E+03-1.39276E+02
 -1        38 1.77748E+06-9.01415E+02-3.25136E+02-1.13480E+05-3.44829E+02-3.91754E+02
 -1        39 1.42233E+06 2.06667E+02 6.68760E+01-1.13574E+05 7.95048E+01-2.90895E+02
 -1        40 1.06654E+06 9.91518E+01 4.95323E+01-1.13599E+05-3.35399E+01-3.24072E+02
 -1        41 7.10397E+05-9.86999E+02-3.06696E+02-1.13237E+05-4.24721E+01-2.09189E+02
 -1        42 3.53526E+05-2.00238E+03-5.91755E+02-1.12405E+05-2.18122E+02-2.89382E+02
 -1        43 3.31945E+06 1.01338E+05-5.45698E+04-6.66496E+04 1.72994E+05 7.38050E+04
 -1        44 2.97750E+06-7.96741E+04-4.84774E+04-4.86948E+04-3.02335E+04 1.33327E+03
 -1        45 2.67161E+06 1.72413E+04 6.32716E+03-4.58415E+04 8.89597E+03 1.92091E+03
 -1        46 2.30917E+06-4.95202E+03-2.32961E+03-4.61046E+04-2.07052E+03-6.84738E+02
 -1        47 1.95602E+06 1.31257E+03 5.67685E+02-4.59674E+04 5.38655E+02-1.84354E+02
 -1        48 1.59994E+06-3.90920E+02-1.78918E+02-4.60145E+04-1.17944E+02-3.41158E+02
 -1        49 1.24455E+06 1.79075E+02 6.96364E+01-4.60399E+04 2.36994E+01-3.12273E+02
 -1        50 8.88802E+05-2.10549E+02-6.77004E+01-4.59517E+04-4.59979E+00-3.04190E+02
 -1        51 5.33984E+05 1.02165E+03 3.49996E+02-4.63284E+04 6.09285E+01-4.18965E+02
 -1        52 1.79328E+05 1.53852E+03 2.24780E+02-4.64462E+04 1.61463E+02-3.47708E+02
 -1        53 1.30199E+03 3.64600E+04 7.96540E+03-1.03627E+05-6.69434E-01 6.67455E+00
 -1        54 2.42546E+00-2.82786E+01-5.42344E+00-1.55497E+05 4.26115E+03-2.88734E+00
 -1        55-2.74342E+03-2.32700E+04-3.90416E+03-1.35191E+05 2.72979E+03 6.67882E+02
 -1        56 2.74235E+03 2.32564E+04 3.90950E+03-1.35170E+05 2.70508E+03-6.69973E+02
 -1        57-1.30398E+03-3.64124E+04-7.95457E+03-1.03637E+05 1.69194E+01-3.25053E+00
 -1        58-3.53598E+05 1.92031E+03 5.45430E+02-1.12404E+05 2.06577E+02-2.76694E+02
 -1        59-7.10466E+05 9.39716E+02 2.88370E+02-1.13229E+05 4.10813E+01-2.11312E+02
 -1        60-1.06657E+06-1.01325E+02-3.96199E+01-1.13646E+05 3.26295E+01-3.26110E+02
 -1        61-1.42238E+06-2.13791E+02-9.43755E+01-1.13570E+05-5.73136E+01-2.86494E+02
 -1        62-1.77751E+06 9.51718E+02 3.37020E+02-1.13449E+05 3.57652E+02-3.89036E+02
 -1        63-2.13430E+06-3.63723E+03-1.53403E+03-1.13879E+05-1.38809E+03-1.36522E+02
 -1        64-2.48722E+06 1.16294E+04 2.81472E+03-1.12001E+05 6.26269E+03-2.00279E+03
 -1        65-2.87617E+06-6.19019E+04-3.86939E+04-1.15879E+05-1.89522E+04-4.43159E+03
 -1        66-3.30735E+06 1.97084E+04-1.24730E+05-4.21591E+04 1.34028E+05-7.59066E+04
 -1        67-1.79336E+05-1.50038E+03-1.96643E+02-4.64086E+04-1.87569E+02-3.35563E+02
 -1        68-5.34052E+05-1.06913E+03-3.79531E+02-4.63141E+04-4.78441E+01-4.16484E+02
 -1        69-8.88843E+05 2.16457E+02 7.41963E+01-4.59836E+04-4.11845E+00-3.08945E+02
 -1        70-1.24457E+06-1.49712E+02-4.72427E+01-4.60496E+04-2.33277E+01-3.11934E+02
 -1        71-1.59999E+06 3.85820E+02 1.71641E+02-4.59923E+04 1.41235E+02-3.42247E+02
 -1        72-1.95605E+06-1.34671E+03-5.82456E+02-4.59735E+04-5.21859E+02-1.77018E+02
 -1        73-2.30914E+06 5.04445E+03 2.36449E+03-4.61213E+04 2.06131E+03-6.93114E+02
 -1        74-2.67156E+06-1.71633E+04-6.30621E+03-4.58414E+04-8.90079E+03 1.92585E+03
 -1        75-2.97747E+06 7.96426E+04 4.84613E+04-4.86717E+04 3.02270E+04 1.33674E+03
 -1        76-3.31942E+06-1.01382E+05 5.45530E+04-6.66504E+04-1.72997E+05 7.37998E+04
 -1        77 3.10468E+01 1.20740E+01 1.20740E+01 9.05127E+04-9.92453E-01-1.12042E+00
 -1        78 2.05135E+06 7.97723E+05 7.97723E+05 2.23368E+04-9.90710E-01-1.58980E+05
 -1        79-2.05129E+06-7.97696E+05-7.97697E+05 2.23453E+04-9.90681E-01 1.58978E+05
 -1        80 3.53575E+05-1.87663E+03-5.25064E+02-1.12406E+05 2.11130E+02 2.74824E+02
 -1        81 7.10415E+05-9.66033E+02-2.85392E+02-1.13214E+05 3.10884E+01 2.08844E+02
 -1        82 1.06655E+06 1.40092E+02 3.87985E+01-1.13609E+05 3.08191E+01 3.28405E+02
 -1        83 1.42233E+06 2.11646E+02 9.39273E+01-1.13593E+05-5.11509E+01 2.87982E+02
 -1        84 1.77745E+06-9.57996E+02-3.49014E+02-1.13482E+05 3.50916E+02 3.91298E+02
 -1        85 2.13430E+06 3.63431E+03 1.52570E+03-1.13884E+05-1.37939E+03 1.40475E+02
 -1        86 2.48727E+06-1.15367E+04-2.79332E+03-1.12022E+05 6.24433E+03 1.99723E+03
 -1        87 2.87622E+06 6.19706E+04 3.87293E+04-1.15887E+05-1.89605E+04 4.44396E+03
 -1        88 3.30742E+06-1.96396E+04 1.24753E+05-4.21761E+04 1.34053E+05 7.59063E+04
 -1        89 1.79345E+05 1.56594E+03 2.40344E+02-4.64167E+04-1.67482E+02 3.37499E+02
 -1        90 5.33989E+05 1.05250E+03 3.73931E+02-4.63129E+04-5.41624E+01 4.16681E+02
 -1        91 8.88806E+05-2.22389E+02-7.72156E+01-4.59697E+04-3.41614E+00 3.11559E+02
 -1        92 1.24455E+06 1.70205E+02 6.74145E+01-4.60396E+04-2.50125E+01 3.14598E+02
 -1        93 1.59992E+06-3.99950E+02-1.75360E+02-4.59978E+04 1.37600E+02 3.43023E+02
 -1        94 1.95602E+06 1.32151E+03 5.70443E+02-4.59891E+04-5.31446E+02 1.79610E+02
 -1        95 2.30917E+06-4.97811E+03-2.34295E+03-4.61299E+04 2.06795E+03 6.92555E+02
 -1        96 2.67158E+06 1.72121E+04 6.31506E+03-4.58409E+04-8.90670E+03-1.92611E+03
 -1        97 2.97749E+06-7.96645E+04-4.84732E+04-4.86755E+04 3.02235E+04-1.33173E+03
 -1        98 3.31946E+06 1.01352E+05-5.45686E+04-6.66490E+04-1.72997E+05-7.38003E+04
 -1        99-4.11177E+06-1.59900E+06-1.59900E+06-1.29673E+05 3.70245E-05-2.24356E+00
 -1       100 4.11183E+06 1.59902E+06 1.59902E+06-1.29685E+05 2.36408E-05 4.11530E+00
 -1       101 3.16113E+01 2.20301E+01 7.25437E+00-1.40434E+05-1.33034E+05 3.99934E+00
 -1       102 1.88090E+01-1.66065E+01 3.25528E+00-1.61384E+05 1.92668E+04 7.30299E+00
 -1       103-2.53037E+01-7.00650E+01-9.44328E+00-1.56808E+05-6.48194E+03-3.52156E+00
 -1       104-1.88056E+01-2.23416E+01-9.75574E+00-1.58407E+05 1.50034E+03 1.20213E-01
 -1       105-2.45261E-01 3.75782E+01-1.85275E+00-1.57838E+05-3.91702E+02-1.19852E+01
 -1       106-3.53198E+01-2.54735E+01-8.98832E+00-1.58074E+05 6.99304E+01-2.36103E+00
 -1       107-3.93388E+01-2.63664E+01-1.78534E+01-1.58009E+05 3.03754E+01 8.53957E+00
 -1       108-8.84792E+00 2.13021E+01 1.18553E+01-1.58138E+05-2.09556E+02-5.23432E-01
 -1       109-5.45633E+00-9.10260E+00 3.65696E-01-1.57658E+05 4.49002E+02 5.26349E+00
 -1       110 1.69739E+06 1.07224E+05 1.06215E+05-8.68997E+04-1.33545E+05-3.79702E+04
 -1       111 2.35630E+01 1.55172E+01 6.81867E+00-5.81835E+04 1.73504E+05 8.41664E-01
 -1       112 1.43173E+06 1.16145E+04 1.25516E+04-1.41393E+05 1.91128E+04-2.26946E+03
 -1       113 3.44647E+01 1.38620E+01 8.32234E+00-9.81393E+04-2.95642E+04-6.68167E-01
 -1       114 1.24581E+06-8.54072E+00 6.72742E+02-1.35200E+05-6.36384E+03-9.78592E+02
 -1       115 7.98440E+00 5.08739E-02-8.47156E+00-8.86297E+04 8.94137E+03-6.68080E+00
 -1       116 1.06666E+06 3.09287E+02 2.31104E+02-1.37478E+05 1.44817E+03-7.57432E+01
 -1       117-1.41361E+01-9.88702E+00-1.33074E+01-9.08052E+04-2.12262E+03-1.60466E+00
 -1       118 8.88948E+05-3.69309E+01-2.43146E+01-1.36851E+05-3.71288E+02-1.98995E+02
 -1       119-4.93083E+00-8.92520E+00 2.33033E+00-9.03730E+04 5.66483E+02-7.12623E+00
 -1       120 7.11167E+05 2.26076E+01 4.30386E+00-1.37061E+05 7.62750E+01-1.43423E+02
 -1       121-2.10023E+01-2.48569E+00-1.92955E+00-9.04526E+04-1.48514E+02-9.13950E+00
 -1       122 5.33227E+05-6.61738E+01-5.96512E+01-1.37015E+05-8.23219E-01-1.64950E+02
 -1       123-3.69358E+01-4.63296E+00 2.84823E-01-9.04775E+04 5.38430E+01 2.71621E+00
 -1       124 3.55441E+05-1.05668E+02 1.33990E+02-1.36935E+05-1.27812E+02-8.55967E+01
 -1       125-1.93784E+01-9.43892E+00-3.36197E+00-9.05140E+04-5.22281E+01 4.01477E+00
 -1       126 1.74850E+05-4.92362E+03-2.38543E+03-1.36163E+05 1.14983E+02-2.36469E+02
 -1       127-9.96808E+00 7.48847E+00 9.73784E+00-9.00940E+04 3.12627E+02 3.81792E+00
 -1       128-6.25160E+00 1.29911E+01 1.38252E+01-9.17739E+04-1.02900E+03-2.39645E+00
 -1       129-1.69735E+06-1.07244E+05-1.06217E+05-8.69020E+04-1.33537E+05 3.79795E+04
 -1       130-1.43170E+06-1.16630E+04-1.25580E+04-1.41403E+05 1.91059E+04 2.27775E+03
 -1       131-1.24582E+06-4.17015E+01-6.64646E+02-1.35193E+05-6.36568E+03 9.76616E+02
 -1       132-1.06670E+06-3.45443E+02-2.53944E+02-1.37478E+05 1.44761E+03 7.28188E+01
 -1       133-8.88956E+05 6.75470E+01 2.69275E+01-1.36835E+05-3.73554E+02 1.87396E+02
 -1       134-7.11240E+05-5.65294E+01-3.51509E+01-1.37056E+05 6.21909E+01 1.47973E+02
 -1       135-5.33280E+05 6.56725E+01 5.46852E+01-1.37036E+05 1.72675E+01 1.67001E+02
 -1       136-3.55473E+05 1.22799E+02-1.27880E+02-1.36938E+05-1.29905E+02 8.57823E+01
 -1       137-1.74882E+05 4.87095E+03 2.36662E+03-1.36174E+05 1.10392E+02 2.38041E+02
 -1       138-1.73450E+01-2.69050E+01-3.31640E-01-1.45688E+05 1.11055E+01 7.11034E-01
 -1       139-3.51701E+01-3.97576E+00-1.60454E+01-1.57633E+05-4.59080E+02-1.42762E+00
 -1       140-2.79859E+01-1.11927E+01-1.09566E+01-1.58146E+05 1.94861E+02-4.44448E+00
 -1       141-9.37756E+00-5.53056E+00 9.96878E+00-1.58042E+05-1.90914E+01-1.07173E+01
 -1       142-2.54044E+01-5.70414E+00-1.23134E+01-1.58065E+05-6.56594E+01 6.99983E+00
 -1       143-5.35759E+01-4.33915E+01-1.92632E+01-1.57818E+05 3.77544E+02 1.46436E+01
 -1       144 1.03808E+01 1.85362E+01 2.35239E+00-1.58415E+05-1.50221E+03 2.23760E+00
 -1       145 3.22709E+01 3.22334E+01 3.88583E+01-1.56813E+05 6.48310E+03 1.29282E+01
 -1       146 1.47052E+01 2.43200E+01 9.69435E+00-1.61358E+05-1.92647E+04 4.51516E+00
 -1       147 3.56048E+01 4.60173E+01 1.69609E+01-1.40454E+05 1.33035E+05 5.84061E+00
 -1       148 1.74868E+05-4.84592E+03-2.35473E+03-1.36151E+05-1.23209E+02 2.34247E+02
 -1       149-1.00414E+01-5.28264E+00-7.35861E+00-9.17201E+04 1.04020E+03-7.74168E+00
 -1       150 3.55443E+05-1.10633E+02 1.34224E+02-1.36926E+05 1.13857E+02 7.99891E+01
 -1       151-3.20322E+01-1.36310E+01-1.12943E+01-9.00861E+04-3.01477E+02-2.05039E+00
 -1       152 5.33249E+05-2.46059E+01-4.76276E+01-1.37040E+05 1.64355E+00 1.62555E+02
 -1       153-1.90192E+01-1.41507E+01-1.95857E+00-9.05514E+04 5.77668E+01-7.20751E+00
 -1       154 7.11166E+05 1.68929E+01 8.59040E+00-1.37062E+05-6.07910E+01 1.49071E+02
 -1       155-2.72076E+01-1.18711E+01 1.96314E+00-9.04851E+04-5.41722E+01-5.17237E-01
 -1       156 8.88907E+05-1.09346E+02-4.61048E+01-1.36846E+05 3.68326E+02 2.01495E+02
 -1       157-4.89891E+01-2.94187E+01-1.30287E+01-9.04257E+04 1.42734E+02 9.79879E+00
 -1       158 1.06668E+06 3.43587E+02 2.42057E+02-1.37482E+05-1.44304E+03 7.78622E+01
 -1       159-2.09800E+00-1.16920E+01 8.69069E+00-9.03764E+04-5.75095E+02 3.56756E+00
 -1       160 1.24583E+06 4.09452E+01 6.90160E+02-1.35230E+05 6.36007E+03 9.88147E+02
 -1       161 1.23825E+00 1.97804E+01-2.68210E+00-9.08104E+04 2.12098E+03-1.53709E+00
 -1       162 1.43174E+06 1.16745E+04 1.25788E+04-1.41375E+05-1.91149E+04 2.27336E+03
 -1       163 7.41603E+00 4.20842E+00-7.63368E+00-8.86118E+04-8.94452E+03 5.22483E+00
 -1       164 1.69741E+06 1.07286E+05 1.06234E+05-8.69100E+04 1.33544E+05 3.79762E+04
 -1       165 9.90739E+00-8.49167E+00-5.81241E+00-9.81341E+04 2.95709E+04 3.02293E+00
 -1       166 2.99312E+01-3.90698E+00 4.09899E+00-5.82041E+04-1.73501E+05 8.63764E-01
 -1       167-1.74913E+05 4.86419E+03 2.34876E+03-1.36152E+05-1.28146E+02-2.36038E+02
 -1       168-3.55493E+05 8.85426E+01-1.39424E+02-1.36938E+05 1.16075E+02-8.58461E+01
 -1       169-5.33273E+05 3.50056E+01 4.92827E+01-1.37059E+05 9.71237E+00-1.72528E+02
 -1       170-7.11222E+05-2.71415E+01-2.82337E+01-1.37051E+05-6.03149E+01-1.39254E+02
 -1       171-8.88986E+05 6.65001E+01 2.97357E+01-1.36823E+05 3.65884E+02-1.87016E+02
 -1       172-1.06667E+06-3.28800E+02-2.50247E+02-1.37484E+05-1.44420E+03-7.22650E+01
 -1       173-1.24578E+06 3.82204E+01-6.38863E+02-1.35210E+05 6.37856E+03-9.78593E+02
 -1       174-1.43170E+06-1.16155E+04-1.25504E+04-1.41368E+05-1.91066E+04-2.26179E+03
 -1       175-1.69734E+06-1.07204E+05-1.06202E+05-8.69000E+04 1.33531E+05-3.79684E+04
 -1       176 3.12074E+01 1.21356E+01 1.21358E+01 3.47971E+04 2.05908E-05-4.04910E-01
 -1       177 3.31179E+06-1.44985E+04 1.27386E+05-6.40955E+04 2.36480E+00 3.21468E+00
 -1       178 2.87857E+06 6.05003E+04 3.89303E+04-9.91693E+04-1.02510E+00-3.01323E+00
 -1       179 2.48718E+06-1.06699E+04-2.60042E+03-1.04391E+05-1.74401E+00 1.31335E+00
 -1       180 2.13444E+06 3.27179E+03 1.43836E+03-1.03837E+05 6.08644E+00 4.53146E-01
 -1       181 1.77754E+06-8.11995E+02-3.04901E+02-1.04045E+05 5.08441E+00-5.48457E-01
 -1       182 1.42240E+06 1.94747E+02 7.82692E+01-1.03987E+05 1.06670E+01-1.15535E+00
 -1       183 1.06662E+06 1.73710E+02 6.64825E+01-1.04073E+05 2.44492E+00 2.33667E+00
 -1       184 7.10284E+05-1.29535E+03-4.28438E+02-1.03599E+05-7.52298E+00-6.97000E-01
 -1       185 3.54144E+05-6.68943E+02-4.09127E+01-1.03149E+05-6.14313E+00-7.01394E+00
 -1       186-3.31176E+06 1.44608E+04-1.27397E+05-6.40964E+04-8.70014E+00-2.08691E-01
 -1       187-2.87853E+06-6.04796E+04-3.89164E+04-9.91726E+04-5.48333E+00 9.49134E+00
 -1       188-2.48715E+06 1.07204E+04 2.62126E+03-1.04384E+05 4.93892E+00-2.26515E+00
 -1       189-2.13446E+06-3.28522E+03-1.44977E+03-1.03829E+05 6.32835E+00-2.82375E+00
 -1       190-1.77757E+06 8.11421E+02 3.00212E+02-1.04028E+05-5.99093E+00 3.01342E+00
 -1       191-1.42245E+06-1.79798E+02-8.55714E+01-1.03984E+05 2.38689E+00 6.00140E+00
 -1       192-1.06665E+06-1.45879E+02-5.48339E+01-1.04091E+05 1.80182E+01-6.60253E+00
 -1       193-7.10329E+05 1.28840E+03 4.25541E+02-1.03608E+05-3.02697E+00 2.46928E-01
 -1       194-3.54176E+05 6.58781E+02 3.73857E+01-1.03151E+05-9.73839E+00 8.86522E-01
 -1       195 2.79297E+01 1.98027E+01 6.53543E+00-1.62262E+05 7.71142E-01 4.96744E+00
 -1       196 1.92212E+01 1.29158E+01 9.70100E+00-1.44528E+05-1.49548E-01 5.88895E+00
 -1       197 1.34675E+00-2.62655E+01 1.20511E+01-1.49295E+05 2.13972E-01 4.74780E+00
 -1       198-5.52339E+00-2.34245E+00-4.19176E+00-1.48326E+05-1.22103E+00 9.75481E-01
 -1       199-2.60334E+01 2.62838E+00-8.76218E+00-1.48415E+05-6.91204E+00 1.37959E+00
 -1       200-2.15622E+01-2.91403E+00-4.63743E+00-1.48473E+05 9.03727E-01 2.40009E+00
 -1       201-2.69190E+01-2.53730E+01-7.29762E+00-1.48477E+05 6.33847E+00-1.12898E+00
 -1       202-1.73373E+01 1.03438E+01 2.23301E+00-1.48560E+05-7.09121E+00-2.20176E+00
 -1       203-1.76433E+01-9.09378E-01-5.51556E+00-1.48184E+05-6.15685E+00 2.06599E+00
 -1       320 5.29229E+04-1.57706E+04 2.15665E+03-2.97849E+04 4.18155E+03-2.77275E+03
 -1       321 2.49897E+04-2.71870E+04-3.37941E+03-5.76550E+04 4.53494E+03-1.81441E+03
 -1       322-2.33191E+03-3.83834E+04-8.78481E+03-8.48426E+04 4.88654E+03-8.47559E+02
 -1       323 5.63111E+06 5.04374E+05 1.71797E+06-1.19910E+05-1.14089E+04 4.25983E+05
 -1       324 4.48450E+06 5.83234E+04 1.27195E+06-1.50465E+05 5.21948E-01 3.71936E+05
 -1       325 3.34247E+06-3.85652E+05 8.27948E+05-1.88057E+05 1.14100E+04 3.17745E+05
 -1       326 5.29230E+04-1.57547E+04 2.19042E+03-2.97933E+04-4.16859E+03 2.73864E+03
 -1       327 2.50054E+04-2.71312E+04-3.35042E+03-5.76455E+04-4.51332E+03 1.79674E+03
 -1       328-2.30438E+03-3.82893E+04-8.76210E+03-8.48166E+04-4.85984E+03 8.39647E+02
 -1       329 5.63110E+06 5.04385E+05 1.71798E+06-1.19923E+05 1.14101E+04-4.25972E+05
 -1       330 4.48449E+06 5.83361E+04 1.27195E+06-1.50476E+05-5.22082E-01-3.71926E+05
 -1       331 3.34247E+06-3.85638E+05 8.27953E+05-1.88066E+05-1.14112E+04-3.17737E+05
 -1       332 5.28613E+05-8.05308E+03-3.33560E+03-3.02122E+04 1.16816E+03-4.44756E+03
 -1       333 4.40235E+05-6.97144E+03-2.75497E+03-5.82410E+04 1.06444E+03-2.37114E+03
 -1       334 3.52044E+05-5.78313E+03-2.06203E+03-8.56341E+04 9.61582E+02-2.89376E+02
 -1       335 1.06626E+06-3.96352E+02-4.08664E+02-3.06030E+04 7.08528E+01-4.44356E+03
 -1       336 8.88446E+05-6.27410E+02-3.30091E+02-5.89529E+04 1.05855E+02-2.32551E+03
 -1       337 7.10415E+05-8.78849E+02-2.64641E+02-8.66980E+04 1.41426E+02-2.09182E+02
 -1       338 1.59976E+06-2.18892E+02-6.52774E+01-3.08486E+04 4.16049E+01-4.34974E+03
 -1       339 1.33321E+06-1.34739E+02-4.07484E+01-5.88872E+04 3.92734E+01-2.33749E+03
 -1       340 1.06645E+06-4.24400E+01-5.53019E+00-8.63106E+04 3.72132E+01-3.24064E+02
 -1       341 2.13349E+06 1.89226E+02 1.25044E+02-3.06915E+04 3.91243E+01-4.41335E+03
 -1       342 1.77799E+06 5.76489E+01 5.10596E+01-5.88186E+04 2.71923E+01-2.35268E+03
 -1       343 1.42217E+06-8.26829E+01-4.56488E+01-8.63290E+04 1.56240E+01-2.90887E+02
 -1       344 2.66628E+06-7.42725E+02-4.36228E+02-3.08416E+04-2.03403E+02-4.28498E+03
 -1       345 2.22226E+06-2.71306E+02-1.93990E+02-5.88450E+04-1.70452E+02-2.33496E+03
 -1       346 1.77785E+06 2.23133E+02 1.12185E+02-8.62491E+04-1.36836E+02-3.91746E+02
 -1       347 3.20047E+06 1.96241E+03 1.88852E+03-3.06830E+04 5.77238E+02-4.87706E+03
 -1       348 2.66658E+06 1.73053E+02 7.60962E+02-5.88740E+04 5.04987E+02-2.51700E+03
 -1       349 2.13216E+06-1.67933E+03-5.40186E+02-8.63989E+04 4.31764E+02-1.39269E+02
 -1       350 3.72918E+06-1.13533E+04-5.40555E+03-3.22190E+04-3.81568E+03-4.61675E+03
 -1       351 3.11107E+06-4.57909E+03-1.64018E+03-5.96514E+04-3.65646E+03-3.28530E+03
 -1       352 2.49260E+06 2.39516E+03 2.63673E+03-8.66580E+04-3.49634E+03-1.99513E+03
 -1       353 4.27541E+06 1.78974E+04 4.00364E+04-4.06831E+04 6.11389E+03-1.72631E+04
 -1       354 3.55870E+06-5.35212E+03 2.23205E+04-6.77929E+04 6.01369E+03-1.08823E+04
 -1       355 2.84070E+06-2.91572E+04 3.27471E+03-9.35571E+04 5.91247E+03-4.45003E+03
 -1       356 4.82503E+06-1.26434E+05 5.08011E+04-4.07318E+04-7.16452E+04-7.75794E+04
 -1       357 4.08133E+06-3.16544E+04 1.02789E+05-6.25938E+04-7.30394E+04-7.67640E+04
 -1       358 3.34017E+06 6.48408E+04 1.57616E+05-8.66757E+04-7.44334E+04-7.59000E+04
 -1       359 2.74176E+05 8.35639E+03 3.09343E+03 7.81180E+03-1.14117E+03-3.68583E+03
 -1       361 1.80873E+05 5.49715E+03 1.76420E+03-4.84496E+04-8.86940E+02-3.47701E+02
 -1       362 8.00126E+05 7.72330E+01 3.86446E+02 6.83990E+03 6.94516E+00-4.42574E+03
 -1       364 5.33885E+05 7.19548E+02 2.32524E+02-4.80047E+04-6.23631E+01-4.18957E+02
 -1       365 1.33330E+06 1.61189E+02 1.19585E+01 7.36232E+03-6.48652E+01-4.33412E+03
 -1       367 8.88930E+05 4.22775E+01 3.06181E+01-4.83237E+04-3.22737E+01-3.04182E+02
 -1       368 1.86674E+06 1.30245E+01 4.64244E+01 7.21958E+03 1.84630E+01-4.37908E+03
 -1       370 1.24452E+06-9.28222E+00-3.61261E+00-4.83147E+04 5.33015E+00-3.12265E+02
 -1       371 2.40015E+06-2.15376E+02-1.59869E+02 7.17945E+03-6.82129E+01-4.37949E+03
 -1       373 1.60018E+06 1.01555E+02 1.25982E+01-4.83654E+04-4.88743E+01-3.41150E+02
 -1       374 2.93354E+06 8.74678E+02 6.22111E+02 7.45824E+03 2.90160E+02-4.27604E+03
 -1       376 1.95545E+06-3.14919E+02-6.52193E+01-4.81423E+04 2.50105E+02-1.84346E+02
 -1       377 3.46612E+06-2.66610E+03-2.74952E+03 6.62197E+03-9.17388E+02-4.62558E+03
 -1       379 2.31195E+06 1.99141E+03 3.70585E+02-4.90055E+04-8.28443E+02-6.84729E+02
 -1       380 4.00534E+06 1.34779E+04 9.69766E+03 1.07590E+04 4.82444E+03-1.03712E+03
 -1       382 2.66336E+06-4.20854E+03-2.01425E+03-4.50471E+04 4.88538E+03 1.92092E+03
 -1       383 4.51983E+06-3.01508E+04-5.39853E+04 7.35841E+03-1.11894E+04-5.98099E+03
 -1       385 3.02249E+06 3.57454E+04-3.59233E+03-5.31145E+04-1.26811E+04 1.33328E+03
 -1       386 5.01111E+06 1.52787E+05 3.91305E+04 4.99304E+04 8.33372E+04 1.22445E+05
 -1       388 3.24009E+06-1.03020E+05-1.34038E+05 6.70921E+03 9.33553E+04 7.38047E+04
 -1       389 5.15018E+04-1.92491E+04 7.93700E+02-2.55885E+04-1.45923E+00-1.83693E+01
 -1       391-3.34127E+03-4.16681E+04-9.99851E+03-8.04694E+04 5.41077E+00-3.25085E+00
 -1       392 5.28615E+05-8.01568E+03-3.34907E+03-3.02068E+04-1.17255E+03 4.43073E+03
 -1       393 4.40240E+05-6.94571E+03-2.74996E+03-5.82295E+04-1.07682E+03 2.35611E+03
 -1       394 3.52050E+05-5.76946E+03-2.03892E+03-8.56170E+04-9.80222E+02 2.74818E+02
 -1       395 1.06624E+06-4.27074E+02-3.90079E+02-3.06049E+04-6.93812E+01 4.44093E+03
 -1       396 8.88433E+05-6.73773E+02-3.25993E+02-5.89420E+04-1.02506E+02 2.32553E+03
 -1       397 7.10400E+05-9.41792E+02-2.75969E+02-8.66741E+04-1.35061E+02 2.08836E+02
 -1       398 1.59978E+06-1.85858E+02-6.80805E+01-3.08364E+04-3.62361E+01 4.36420E+03
 -1       399 1.33323E+06-1.13960E+02-5.37739E+01-5.88950E+04-3.10573E+01 2.34437E+03
 -1       400 1.06645E+06-3.40668E+01-2.89289E+01-8.63383E+04-2.56073E+01 3.28397E+02
 -1       401 2.13348E+06 1.87017E+02 9.28815E+01-3.06832E+04-4.97027E+01 4.42183E+03
 -1       402 1.77799E+06 5.64008E+01 4.71658E+01-5.87996E+04-3.73270E+01 2.35674E+03
 -1       403 1.42217E+06-8.19411E+01-2.02453E+01-8.62995E+04-2.45876E+01 2.87975E+02
 -1       404 2.66625E+06-7.49463E+02-4.19110E+02-3.08372E+04 2.05676E+02 4.28244E+03
 -1       405 2.22223E+06-2.95346E+02-1.94229E+02-5.88354E+04 1.73644E+02 2.33424E+03
 -1       406 1.77783E+06 1.81210E+02 9.40076E+01-8.62340E+04 1.42276E+02 3.91290E+02
 -1       407 3.20050E+06 1.97035E+03 1.92056E+03-3.06849E+04-5.70799E+02 4.87584E+03
 -1       408 2.66660E+06 1.98272E+02 7.85073E+02-5.88818E+04-4.99386E+02 2.51626E+03
 -1       409 2.13218E+06-1.63712E+03-5.24297E+02-8.64127E+04-4.28944E+02 1.40468E+02
 -1       410 3.72920E+06-1.13181E+04-5.42435E+03-3.22215E+04 3.81211E+03 4.62719E+03
 -1       411 3.11108E+06-4.56449E+03-1.65696E+03-5.96549E+04 3.65615E+03 3.29147E+03
 -1       412 2.49260E+06 2.38954E+03 2.62237E+03-8.66624E+04 3.50108E+03 1.99723E+03
 -1       413 4.27540E+06 1.79173E+04 4.00499E+04-4.06641E+04-6.10103E+03 1.72488E+04
 -1       414 3.55871E+06-5.30319E+03 2.23504E+04-6.77697E+04-6.00763E+03 1.08728E+04
 -1       415 2.84072E+06-2.90793E+04 3.32093E+03-9.35294E+04-5.91527E+03 4.44400E+03
 -1       416 4.82505E+06-1.26401E+05 5.08080E+04-4.07295E+04 7.16484E+04 7.75925E+04
 -1       417 4.08134E+06-3.16229E+04 1.02793E+05-6.25938E+04 7.30420E+04 7.67737E+04
 -1       418 3.34018E+06 6.48698E+04 1.57616E+05-8.66781E+04 7.44357E+04 7.59069E+04
 -1       419 2.74154E+05 8.31852E+03 3.07929E+03 7.80993E+03 1.12835E+03 3.65813E+03
 -1       421 1.80877E+05 5.49006E+03 1.76635E+03-4.84259E+04 8.83910E+02 3.37491E+02
 -1       422 8.00123E+05 9.59485E+01 3.93955E+02 6.84040E+03-1.09065E+01 4.41116E+03
 -1       424 5.33873E+05 7.06193E+02 2.39268E+02-4.79903E+04 5.11170E+01 4.16673E+02
 -1       425 1.33332E+06 1.71472E+02 2.49810E+01 7.35664E+03 6.07703E+01 4.36267E+03
 -1       427 8.88933E+05 2.45466E+01 1.88121E+01-4.83327E+04 3.27452E+01 3.11552E+02
 -1       428 1.86674E+06 1.23518E+01 1.93632E+01 7.22388E+03-2.48982E+01 4.38319E+03
 -1       430 1.24452E+06-1.21028E+01-3.48196E+00-4.83217E+04-6.21274E+00 3.14590E+02
 -1       431 2.40014E+06-1.91828E+02-1.56930E+02 7.17043E+03 6.46144E+01 4.36169E+03
 -1       433 1.60017E+06 1.02255E+02 1.99405E+01-4.83597E+04 4.32766E+01 3.43015E+02
 -1       434 2.93356E+06 8.90343E+02 6.56942E+02 7.46136E+03-2.88261E+02 4.28430E+03
 -1       436 1.95546E+06-3.06114E+02-6.25126E+01-4.81368E+04-2.49634E+02 1.79603E+02
 -1       437 3.46613E+06-2.67283E+03-2.75509E+03 6.61606E+03 9.04131E+02 4.64108E+03
 -1       439 2.31196E+06 1.98850E+03 3.66263E+02-4.90175E+04 8.21560E+02 6.92546E+02
 -1       440 4.00532E+06 1.34729E+04 9.67835E+03 1.07536E+04-4.83146E+03 1.02429E+03
 -1       442 2.66335E+06-4.20271E+03-2.01273E+03-4.50478E+04-4.89211E+03-1.92611E+03
 -1       443 4.51982E+06-3.01664E+04-5.39929E+04 7.35485E+03 1.11890E+04 5.97293E+03
 -1       445 3.02248E+06 3.57556E+04-3.58795E+03-5.31160E+04 1.26787E+04-1.33174E+03
 -1       446 5.01111E+06 1.52781E+05 3.91280E+04 4.99259E+04-8.33431E+04-1.22441E+05
 -1       448 3.24009E+06-1.03031E+05-1.34046E+05 6.70181E+03-9.33574E+04-7.38000E+04
 -1       449 5.60156E+06 4.29354E+05 1.68861E+06-1.72967E+05 6.07288E-01 5.58643E+00
 -1       451 3.31060E+06-4.61574E+05 7.97684E+05-2.44885E+05-6.07430E-01 4.11534E+00
 -1       452 5.28890E+05-7.32200E+03-3.07684E+03-2.46283E+04 6.03178E+00-8.40227E+00
 -1       454 3.52469E+05-5.00682E+03-1.72789E+03-7.99809E+04-1.09364E+00-7.01417E+00
 -1       455 1.06628E+06-5.40320E+02-4.50318E+02-2.49546E+04-3.23989E+00-1.25365E+00
 -1       457 7.10403E+05-1.05114E+03-3.33465E+02-8.10495E+04-7.93037E-01-6.96873E-01
 -1       458 1.59991E+06-1.43298E+02-4.30177E+01-2.51603E+04 1.53033E+00 6.48316E+00
 -1       460 1.06660E+06 2.17958E+01 7.40356E+00-8.06417E+04 4.64895E+00 2.33685E+00
 -1       461 2.13360E+06 8.18883E+01 6.58757E+01-2.50643E+04 5.45415E+00 4.80222E+00
 -1       463 1.42230E+06-1.79963E+02-6.74513E+01-8.06861E+04 6.26156E+00-1.15547E+00
 -1       464 2.66661E+06-4.14823E+02-2.93915E+02-2.51036E+04-4.20700E+00-6.17524E-01
 -1       466 1.77811E+06 5.03136E+02 2.06543E+02-8.05224E+04-2.62343E+00-5.48505E-01
 -1       467 3.20034E+06 9.89099E+02 1.52441E+03-2.51760E+04-1.61185E+00-1.35267E+00
 -1       469 2.13225E+06-2.54806E+03-8.24923E+02-8.08456E+04-3.42110E+00 4.53270E-01
 -1       470 3.73062E+06-8.29580E+03-4.24133E+03-2.65145E+04 2.38873E+00 5.05999E+00
 -1       472 2.49343E+06 5.20068E+03 3.57158E+03-8.11168E+04 6.54147E+00 1.31331E+00
 -1       473 4.27458E+06 9.41296E+03 3.73442E+04-3.32964E+04 8.33442E+00-6.82520E+00
 -1       475 2.84062E+06-3.73238E+04 8.87727E+02-8.57639E+04 5.06410E-01-3.01337E+00
 -1       476 4.83688E+06-1.01489E+05 6.10094E+04-5.25244E+04 3.37041E-01 6.46569E+00
 -1       478 3.35253E+06 8.99865E+04 1.68023E+05-9.97159E+04-1.24839E-01 3.21464E+00
 -1       479 2.35633E+03 3.85139E+04 8.80117E+03-8.48680E+04 4.90235E+03 8.57188E+02
 -1       480-2.49757E+04 2.72813E+04 3.36854E+03-5.76679E+04 4.54636E+03 1.83046E+03
 -1       481-5.29282E+04 1.58223E+04-2.20838E+03-2.97846E+04 4.18732E+03 2.79822E+03
 -1       482-3.34243E+06 3.85648E+05-8.27938E+05-1.88054E+05 1.14109E+04-3.17738E+05
 -1       483-4.48446E+06-5.83270E+04-1.27193E+06-1.50463E+05 5.22146E-01-3.71928E+05
 -1       484-5.63106E+06-5.04377E+05-1.71796E+06-1.19910E+05-1.14099E+04-4.25974E+05
 -1       485 2.30362E+03 3.83355E+04 8.79799E+03-8.47965E+04-4.88665E+03-8.40576E+02
 -1       486-2.50098E+04 2.71743E+04 3.37870E+03-5.76294E+04-4.52706E+03-1.80019E+03
 -1       487-5.29355E+04 1.57900E+04-2.18166E+03-2.97806E+04-4.17052E+03-2.74346E+03
 -1       488-3.34241E+06 3.85655E+05-8.27930E+05-1.88048E+05-1.14112E+04 3.17734E+05
 -1       489-4.48444E+06-5.83239E+04-1.27193E+06-1.50457E+05-5.21866E-01 3.71922E+05
 -1       490-5.63106E+06-5.04378E+05-1.71796E+06-1.19903E+05 1.14101E+04 4.25968E+05
 -1       491-3.52076E+05 5.74211E+03 2.04348E+03-8.56330E+04 9.55974E+02 2.79581E+02
 -1       492-4.40272E+05 6.93352E+03 2.74253E+03-5.82428E+04 1.05678E+03 2.36609E+03
 -1       493-5.28655E+05 8.01778E+03 3.32880E+03-3.02168E+04 1.15756E+03 4.44765E+03
 -1       494-7.10468E+05 8.62196E+02 2.44001E+02-8.66980E+04 1.18915E+02 2.11940E+02
 -1       495-8.88496E+05 5.95938E+02 3.05114E+02-5.89496E+04 8.88194E+01 2.32485E+03
 -1       496-1.06630E+06 3.54349E+02 3.90005E+02-3.05965E+04 5.90447E+01 4.43962E+03
 -1       497-1.06649E+06 5.10445E+01 2.66448E+01-8.63071E+04 4.35839E+01 3.13302E+02
 -1       498-1.33326E+06 1.37441E+02 6.04754E+01-5.88807E+04 4.75449E+01 2.33004E+03
 -1       499-1.59981E+06 2.14805E+02 8.14774E+01-3.08389E+04 5.09886E+01 4.34625E+03
 -1       500-1.42223E+06 6.59566E+01 1.35921E+01-8.63546E+04 1.59442E+01 2.98151E+02
 -1       501-1.77806E+06-6.71234E+01-6.21863E+01-5.88421E+04 2.94382E+01 2.35321E+03
 -1       502-2.13355E+06-1.90256E+02-1.11730E+02-3.07129E+04 4.29082E+01 4.40751E+03
 -1       503-1.77788E+06-2.51798E+02-1.23667E+02-8.62415E+04-1.44514E+02 3.95222E+02
 -1       504-2.22227E+06 2.43356E+02 1.88789E+02-5.88413E+04-1.82469E+02 2.34069E+03
 -1       505-2.66628E+06 7.15170E+02 4.36400E+02-3.08418E+04-2.19653E+02 4.29161E+03
 -1       506-2.13220E+06 1.62556E+03 5.14525E+02-8.64013E+04 4.33759E+02 1.31428E+02
 -1       507-2.66663E+06-2.22201E+02-7.88232E+02-5.88729E+04 5.11827E+02 2.50512E+03
 -1       508-3.20052E+06-2.00437E+03-1.91061E+03-3.06783E+04 5.89452E+02 4.86259E+03
 -1       509-2.49262E+06-2.45895E+03-2.64454E+03-8.66421E+04-3.48143E+03 1.99821E+03
 -1       510-3.11109E+06 4.52385E+03 1.63357E+03-5.96425E+04-3.64353E+03 3.28926E+03
 -1       511-3.72920E+06 1.13074E+04 5.40176E+03-3.22171E+04-3.80459E+03 4.62058E+03
 -1       512-2.84066E+06 2.91346E+04-3.28061E+03-9.35624E+04 5.91204E+03 4.45009E+03
 -1       513-3.55866E+06 5.34220E+03-2.23129E+04-6.77919E+04 6.00578E+03 1.08837E+04
 -1       514-4.27536E+06-1.78967E+04-4.00205E+04-4.06757E+04 6.09944E+03 1.72665E+04
 -1       515-3.34012E+06-6.48478E+04-1.57608E+05-8.66695E+04-7.44289E+04 7.59066E+04
 -1       516-4.08128E+06 3.16491E+04-1.02792E+05-6.25954E+04-7.30381E+04 7.67709E+04
 -1       517-4.82498E+06 1.26429E+05-5.08176E+04-4.07413E+04-7.16466E+04 7.75861E+04
 -1       518-1.80888E+05-5.46772E+03-1.76829E+03-4.84589E+04-8.71254E+02 3.50999E+02
 -1       520-2.74201E+05-8.35689E+03-3.10989E+03 7.81061E+03-1.13136E+03 3.70463E+03
 -1       521-5.33915E+05-7.25161E+02-2.44698E+02-4.80089E+04-6.58440E+01 4.18520E+02
 -1       523-8.00154E+05-9.12970E+01-3.87359E+02 6.83744E+03 6.66731E+00 4.42100E+03
 -1       524-8.88982E+05-5.74227E+01-3.50823E+01-4.83118E+04-1.90277E+01 2.99679E+02
 -1       526-1.33335E+06-1.92152E+02-3.65728E+00 7.38221E+03-4.37657E+01 4.33403E+03
 -1       527-1.24457E+06 8.32663E-01 1.31067E+01-4.83182E+04-1.71065E-01 3.08277E+02
 -1       529-1.86680E+06-2.51373E+01-3.43617E+01 7.22089E+03 1.65303E+01 4.37798E+03
 -1       530-1.60022E+06-1.11897E+02-1.84334E+01-4.83763E+04-4.96474E+01 3.48503E+02
 -1       532-2.40017E+06 2.11419E+02 1.75103E+02 7.16449E+03-7.38383E+01 4.37169E+03
 -1       533-1.95548E+06 3.00862E+02 6.15379E+01-4.81299E+04 2.49129E+02 1.81542E+02
 -1       535-2.93358E+06-8.89741E+02-6.27921E+02 7.46948E+03 2.94345E+02 4.28216E+03
 -1       536-2.31195E+06-2.00065E+03-3.60967E+02-4.90103E+04-8.30986E+02 6.85493E+02
 -1       538-3.46612E+06 2.67133E+03 2.75012E+03 6.61186E+03-9.09074E+02 4.62871E+03
 -1       539-2.66335E+06 4.21416E+03 2.01800E+03-4.50462E+04 4.88987E+03-1.92125E+03
 -1       541-4.00532E+06-1.34507E+04-9.68280E+03 1.07610E+04 4.82531E+03 1.03364E+03
 -1       542-3.02242E+06-3.57418E+04 3.59870E+03-5.31213E+04-1.26817E+04-1.33092E+03
 -1       544-4.51977E+06 3.01685E+04 5.39995E+04 7.35119E+03-1.11964E+04 5.97685E+03
 -1       545-3.24005E+06 1.03028E+05 1.34038E+05 6.71463E+03 9.33648E+04-7.37988E+04
 -1       547-5.01107E+06-1.52779E+05-3.91437E+04 4.99277E+04 8.33463E+04-1.22444E+05
 -1       548 3.34027E+03 4.17182E+04 1.00103E+04-8.04714E+04 3.21773E+00 6.67504E+00
 -1       550-5.15263E+04 1.92533E+04-8.30568E+02-2.55803E+04 3.76732E+00 2.60268E+01
 -1       551-3.52085E+05 5.77945E+03 2.04619E+03-8.56122E+04-9.49641E+02-2.76688E+02
 -1       552-4.40280E+05 6.96975E+03 2.73883E+03-5.82229E+04-1.05231E+03-2.36312E+03
 -1       553-5.28660E+05 8.05395E+03 3.31973E+03-3.01986E+04-1.15501E+03-4.44420E+03
 -1       554-7.10463E+05 8.87511E+02 2.68072E+02-8.66852E+04-1.26549E+02-2.11304E+02
 -1       555-8.88494E+05 6.09558E+02 3.14207E+02-5.89514E+04-9.47219E+01-2.32166E+03
 -1       556-1.06630E+06 3.56767E+02 3.84613E+02-3.06128E+04-6.25733E+01-4.43043E+03
 -1       557-1.06648E+06 3.56312E+01 1.36399E+01-8.63281E+04-4.12640E+01-3.26102E+02
 -1       558-1.33326E+06 1.27174E+02 3.69339E+01-5.88886E+04-4.49996E+01-2.35061E+03
 -1       559-1.59982E+06 2.09758E+02 4.74722E+01-3.08337E+04-4.92525E+01-4.37780E+03
 -1       560-1.42223E+06 6.51348E+01 1.40955E+01-8.63224E+04-1.12124E+01-2.86486E+02
 -1       561-1.77805E+06-6.58002E+01-5.79831E+01-5.88216E+04-2.59970E+01-2.34368E+03
 -1       562-2.13354E+06-1.87051E+02-1.04091E+02-3.07043E+04-4.08055E+01-4.39693E+03
 -1       563-1.77789E+06-1.84673E+02-1.04907E+02-8.62342E+04 1.36636E+02-3.89028E+02
 -1       564-2.22229E+06 2.86626E+02 1.87216E+02-5.88305E+04 1.72232E+02-2.33397E+03
 -1       565-2.66631E+06 7.34852E+02 4.14758E+02-3.08274E+04 2.08599E+02-4.28576E+03
 -1       566-2.13217E+06 1.66128E+03 5.26501E+02-8.63949E+04-4.35319E+02-1.36515E+02
 -1       567-2.66659E+06-1.74762E+02-7.70758E+02-5.88726E+04-5.17083E+02-2.51632E+03
 -1       568-3.20048E+06-1.94522E+03-1.88764E+03-3.06841E+04-5.99290E+02-4.87865E+03
 -1       569-2.49259E+06-2.39145E+03-2.63775E+03-8.66695E+04 3.48647E+03-2.00279E+03
 -1       570-3.11106E+06 4.57558E+03 1.65855E+03-5.96632E+04 3.64217E+03-3.29545E+03
 -1       571-3.72917E+06 1.13431E+04 5.44475E+03-3.22312E+04 3.79890E+03-4.62971E+03
 -1       572-2.84067E+06 2.91588E+04-3.28132E+03-9.35387E+04-5.89620E+03-4.43163E+03
 -1       573-3.55867E+06 5.36145E+03-2.23308E+04-6.77778E+04-5.99185E+03-1.08610E+04
 -1       574-4.27538E+06-1.78822E+04-4.00554E+04-4.06711E+04-6.08758E+03-1.72367E+04
 -1       575-3.34012E+06-6.48226E+04-1.57601E+05-8.66814E+04 7.44248E+04-7.59071E+04
 -1       576-4.08128E+06 3.16574E+04-1.02786E+05-6.26005E+04 7.30336E+04-7.67689E+04
 -1       577-4.82499E+06 1.26421E+05-5.08134E+04-4.07395E+04 7.16431E+04-7.75835E+04
 -1       578-1.80895E+05-5.49127E+03-1.74861E+03-4.84132E+04 8.77997E+02-3.35555E+02
 -1       580-2.74170E+05-8.30277E+03-3.07595E+03 7.82249E+03 1.12999E+03-3.65796E+03
 -1       581-5.33935E+05-7.19222E+02-2.43466E+02-4.80031E+04 7.51845E+01-4.16476E+02
 -1       583-8.00194E+05-1.04875E+02-4.14241E+02 6.82762E+03 6.14322E+00-4.41744E+03
 -1       584-8.88986E+05-7.34123E+01-3.85276E+01-4.83206E+04 2.84286E+01-3.08937E+02
 -1       586-1.33336E+06-2.09571E+02-2.74991E+01 7.37089E+03 5.79178E+01-4.35838E+03
 -1       587-1.24455E+06 1.14834E+00 1.14244E+01-4.83238E+04 8.78650E+00-3.11926E+02
 -1       589-1.86678E+06-1.42445E+01-3.95954E+01 7.21535E+03-1.04875E+01-4.37784E+03
 -1       590-1.60022E+06-7.77536E+01-8.63544E+00-4.83701E+04 6.08979E+01-3.42239E+02
 -1       592-2.40019E+06 2.20344E+02 1.64758E+02 7.16650E+03 8.19801E+01-4.35745E+03
 -1       593-1.95548E+06 2.89843E+02 5.39738E+01-4.81277E+04-2.49228E+02-1.77010E+02
 -1       595-2.93359E+06-9.13686E+02-6.51106E+02 7.47088E+03-2.90293E+02-4.28064E+03
 -1       596-2.31197E+06-2.02879E+03-3.86183E+02-4.90164E+04 8.25000E+02-6.93105E+02
 -1       598-3.46613E+06 2.63690E+03 2.74637E+03 6.60595E+03 9.04873E+02-4.63789E+03
 -1       599-2.66333E+06 4.22276E+03 2.01041E+03-4.50407E+04-4.88694E+03 1.92585E+03
 -1       601-4.00531E+06-1.34638E+04-9.69041E+03 1.07611E+04-4.82309E+03-1.02290E+03
 -1       602-3.02244E+06-3.57276E+04 3.59547E+03-5.31133E+04 1.26655E+04 1.33675E+03
 -1       604-4.51980E+06 3.01613E+04 5.39774E+04 7.35491E+03 1.11794E+04-5.96951E+03
 -1       605-3.24004E+06 1.03037E+05 1.34045E+05 6.71135E+03-9.33563E+04 7.37996E+04
 -1       607-5.01106E+06-1.52789E+05-3.91406E+04 4.99312E+04-8.33358E+04 1.22435E+05
 -1       608-3.31055E+06 4.61584E+05-7.97665E+05-2.44872E+05-1.16761E-01-2.24376E+00
 -1       610-5.60151E+06-4.29348E+05-1.68860E+06-1.72954E+05 1.17053E-01-3.40156E+00
 -1       611-3.52508E+05 4.97840E+03 1.71726E+03-7.99863E+04 7.53899E-01 8.86795E-01
 -1       613-5.28935E+05 7.31187E+03 3.05507E+03-2.46328E+04-1.13524E+00 1.19266E+00
 -1       614-7.10435E+05 1.07919E+03 3.44179E+02-8.10440E+04-8.03118E+00 2.46773E-01
 -1       616-1.06630E+06 5.47169E+02 4.62727E+02-2.49442E+04-5.97857E+00 4.44450E+00
 -1       617-1.06664E+06-3.38839E+01-1.12793E+01-8.06515E+04-2.54622E+00-6.60267E+00
 -1       619-1.59996E+06 1.36688E+02 3.46817E+01-2.51716E+04-2.83808E+00-1.56543E+01
 -1       620-1.42236E+06 1.79666E+02 5.42207E+01-8.06885E+04 3.33264E+00 6.00141E+00
 -1       622-2.13365E+06-6.48745E+01-5.78750E+01-2.50630E+04 2.01806E+00 5.41438E+00
 -1       623-1.77814E+06-4.98093E+02-2.09048E+02-8.05230E+04-8.34129E+00 3.01350E+00
 -1       625-2.66663E+06 4.13012E+02 2.98676E+02-2.51034E+04-9.92904E+00 2.80788E+00
 -1       626-2.13227E+06 2.53538E+03 8.13805E+02-8.08415E+04-3.45154E-01-2.82374E+00
 -1       628-3.20036E+06-9.94913E+02-1.51790E+03-2.51767E+04-4.48455E+00-7.49587E+00
 -1       629-2.49343E+06-5.21323E+03-3.57527E+03-8.11092E+04 1.11830E+01-2.26510E+00
 -1       631-3.73060E+06 8.30579E+03 4.25769E+03-2.65157E+04 5.81859E+00-4.90763E+00
 -1       632-2.84059E+06 3.73249E+04-8.81433E+02-8.57723E+04 2.42631E+00 9.49136E+00
 -1       634-4.27456E+06-9.42242E+03-3.73495E+04-3.32979E+04 4.39264E-01 1.46694E+01
 -1       635-3.35248E+06-8.99779E+04-1.68016E+05-9.97122E+04-6.73512E-01-2.08802E-01
 -1       637-4.83683E+06 1.01485E+05-6.10251E+04-5.25313E+04-3.51823E-01 1.70770E+00
 -3
    1PSTEP                         3           1           1          
  100CL  101 1.000000000         459                     0    1           1
 -4  TOSTRAIN    6    1
 -5  EXX         1    4    1    1
 -5  EYY         1    4    2    2
 -5  EZZ         1    4    3    3
 -5  EXY         1    4    1    2
 -5  EYZ         1    4    2    3
 -5  EZX         1    4    3    1
 -1         1 1.53273E-05 8.37293E-11 7.61287E-11-4.52757E-07 6.02804E-12 1.93673E-06
 -1         2-1.53271E-05-8.37251E-11-7.61270E-11-4.52745E-07 6.02826E-12-1.93668E-06
 -1         3-5.18929E-08 1.40829E-07-1.25758E-08-6.88691E-07-7.11496E-09 5.22483E-09
 -1         4 5.18133E-08-1.40160E-07 1.24470E-08-6.88460E-07-7.10844E-09-5.16614E-09
 -1         5-5.19017E-08 1.40146E-07-1.22827E-08-6.88129E-07 7.00915E-09-5.12357E-09
 -1         6 5.17886E-08-1.40026E-07 1.23930E-08-6.88376E-07 7.32557E-09 5.11791E-09
 -1         7-1.53271E-05-8.37256E-11-7.61270E-11-4.52709E-07-6.02805E-12 1.93666E-06
 -1         8 1.53273E-05 8.37289E-11 7.61286E-11-4.52816E-07-6.02845E-12-1.93668E-06
 -1         9 1.20958E-10 2.18127E-15 8.72870E-16 5.51723E-07 6.04902E-12 2.44808E-12
 -1        10 7.64111E-06-8.91333E-11-8.72784E-11 1.36194E-07 6.03891E-12 9.69046E-07
 -1        11-7.64090E-06 8.91299E-11 8.72764E-11 1.36192E-07 6.03870E-12-9.69023E-07
 -1        12-1.56092E-05 4.66970E-06 3.78957E-06-2.57127E-07-8.17040E-07 4.62665E-07
 -1        13-1.35619E-05 3.59148E-06 3.73320E-06-7.06553E-07 1.15453E-07 2.71241E-08
 -1        14-1.18632E-05 3.36765E-06 3.31429E-06-6.82441E-07-3.80841E-08 1.21795E-08
 -1        15-1.01565E-05 2.83054E-06 2.84331E-06-6.94121E-07 8.53823E-09 8.01126E-10
 -1        16-8.46588E-06 2.37377E-06 2.37033E-06-6.91486E-07-2.23219E-09 2.40902E-09
 -1        17-6.77287E-06 1.89562E-06 1.89635E-06-6.92295E-07 3.65681E-10 1.81735E-09
 -1        18-5.07880E-06 1.42190E-06 1.42209E-06-6.92578E-07 5.01730E-11 1.90970E-09
 -1        19-3.38477E-06 9.51525E-07 9.47334E-07-6.90225E-07-3.15871E-10 1.29187E-09
 -1        20-1.68699E-06 4.79820E-07 4.71526E-07-6.85244E-07-1.38287E-09 1.70415E-09
 -1        21-1.57444E-05 3.87042E-06 4.82084E-06-4.06225E-07 1.05448E-06-4.49822E-07
 -1        22-1.43491E-05 4.28448E-06 4.09455E-06-2.96807E-07-1.84256E-07-8.11221E-09
 -1        23-1.26905E-05 3.48879E-06 3.55500E-06-2.79380E-07 5.42920E-08-1.17105E-08
 -1        24-1.10058E-05 3.09974E-06 3.08345E-06-2.81047E-07-1.24804E-08 4.17830E-09
 -1        25-9.31196E-06 2.60228E-06 2.60711E-06-2.80152E-07 3.22157E-09 1.10659E-09
 -1        26-7.61967E-06 2.13480E-06 2.13362E-06-2.80364E-07-8.40445E-10 2.12426E-09
 -1        27-5.92633E-06 1.65897E-06 1.65943E-06-2.80708E-07 2.34891E-10 1.87907E-09
 -1        28-4.23298E-06 1.18605E-06 1.18518E-06-2.80185E-07 2.69234E-11 1.82667E-09
 -1        29-2.54107E-06 7.07464E-07 7.11664E-07-2.82364E-07 2.86547E-10 2.55103E-09
 -1        30-8.51694E-07 2.32304E-07 2.40045E-07-2.83202E-07 1.03752E-09 2.13946E-09
 -1        31-1.56463E-10 1.01089E-10 1.06194E-10-9.48081E-07-2.58807E-08 2.30058E-11
 -1        32 2.30681E-08-1.01995E-07 1.61691E-08-8.24199E-07-1.64553E-08-4.06718E-09
 -1        33-2.32688E-08 1.02430E-07-1.61460E-08-8.24330E-07-1.65504E-08 4.13111E-09
 -1        34 1.56094E-05-4.67010E-06-3.78959E-06-2.57065E-07-8.17074E-07-4.62625E-07
 -1        35 1.35621E-05-3.59179E-06-3.73325E-06-7.06445E-07 1.15584E-07-2.71237E-08
 -1        36 1.18632E-05-3.36753E-06-3.31421E-06-6.82518E-07-3.81013E-08-1.21608E-08
 -1        37 1.01564E-05-2.83059E-06-2.84331E-06-6.94120E-07 8.48851E-09-8.48918E-10
 -1        38 8.46580E-06-2.37383E-06-2.37031E-06-6.91688E-07-2.10182E-09-2.38784E-09
 -1        39 6.77262E-06-1.89554E-06-1.89639E-06-6.92258E-07 4.84601E-10-1.77308E-09
 -1        40 5.07857E-06-1.42165E-06-1.42195E-06-6.92412E-07-2.04434E-10-1.97530E-09
 -1        41 3.38457E-06-9.51487E-07-9.47340E-07-6.90205E-07-2.58878E-10-1.27506E-09
 -1        42 1.68692E-06-4.80114E-07-4.71516E-07-6.85136E-07-1.32951E-09-1.76385E-09
 -1        43 1.57445E-05-3.87061E-06-4.82090E-06-4.06245E-07 1.05444E-06 4.49859E-07
 -1        44 1.43494E-05-4.28476E-06-4.09461E-06-2.96806E-07-1.84280E-07 8.12660E-09
 -1        45 1.26905E-05-3.48848E-06-3.55501E-06-2.79415E-07 5.42230E-08 1.17084E-08
 -1        46 1.10058E-05-3.09937E-06-3.08338E-06-2.81019E-07-1.26203E-08-4.17364E-09
 -1        47 9.31185E-06-2.60253E-06-2.60707E-06-2.80182E-07 3.28323E-09-1.12368E-09
 -1        48 7.61951E-06-2.13487E-06-2.13358E-06-2.80469E-07-7.18897E-10-2.07944E-09
 -1        49 5.92609E-06-1.65864E-06-1.65930E-06-2.80624E-07 1.44453E-10-1.90338E-09
 -1        50 4.23276E-06-1.18598E-06-1.18511E-06-2.80087E-07-2.80368E-11-1.85411E-09
 -1        51 2.54095E-06-7.07581E-07-7.11675E-07-2.82383E-07 3.71374E-10-2.55369E-09
 -1        52 8.51591E-07-2.32077E-07-2.40085E-07-2.83100E-07 9.84155E-10-2.11936E-09
 -1        53-5.30339E-08 1.61262E-07-1.24188E-08-6.31632E-07-4.08036E-12 4.06830E-11
 -1        54 5.64858E-11-1.30663E-10 8.64490E-12-9.47789E-07 2.59727E-08-1.75990E-11
 -1        55 2.31683E-08-1.01946E-07 1.60933E-08-8.24023E-07 1.66387E-08 4.07090E-09
 -1        56-2.31623E-08 1.01875E-07-1.60483E-08-8.23895E-07 1.64881E-08-4.08365E-09
 -1        57 5.29465E-08-1.61048E-07 1.24096E-08-6.31691E-07 1.03128E-10-1.98127E-11
 -1        58-1.68709E-06 4.79881E-07 4.71501E-07-6.85129E-07 1.25913E-09-1.68652E-09
 -1        59-3.38481E-06 9.51379E-07 9.47409E-07-6.90156E-07 2.50400E-10-1.28800E-09
 -1        60-5.07872E-06 1.42167E-06 1.42204E-06-6.92697E-07 1.98885E-10-1.98772E-09
 -1        61-6.77284E-06 1.89562E-06 1.89635E-06-6.92234E-07-3.49340E-10-1.74625E-09
 -1        62-8.46604E-06 2.37409E-06 2.37035E-06-6.91500E-07 2.17997E-09-2.37127E-09
 -1        63-1.01564E-05 2.83046E-06 2.84328E-06-6.94122E-07-8.46073E-09-8.32134E-10
 -1        64-1.18632E-05 3.36792E-06 3.31419E-06-6.82671E-07 3.81726E-08-1.22075E-08
 -1        65-1.35619E-05 3.59172E-06 3.73318E-06-7.06310E-07-1.15518E-07-2.70116E-08
 -1        66-1.56093E-05 4.66996E-06 3.78957E-06-2.56970E-07 8.16935E-07-4.62669E-07
 -1        67-8.51720E-07 2.32233E-07 2.40179E-07-2.82871E-07-1.14328E-09-2.04534E-09
 -1        68-2.54118E-06 7.07485E-07 7.11688E-07-2.82296E-07-2.91621E-10-2.53857E-09
 -1        69-4.23297E-06 1.18606E-06 1.18519E-06-2.80281E-07-2.51029E-11-1.88309E-09
 -1        70-5.92625E-06 1.65877E-06 1.65940E-06-2.80683E-07-1.42188E-10-1.90131E-09
 -1        71-7.61974E-06 2.13493E-06 2.13362E-06-2.80334E-07 8.60862E-10-2.08608E-09
 -1        72-9.31197E-06 2.60244E-06 2.60709E-06-2.80220E-07-3.18086E-09-1.07897E-09
 -1        73-1.10058E-05 3.09972E-06 3.08338E-06-2.81120E-07 1.25642E-08-4.22469E-09
 -1        74-1.26904E-05 3.48876E-06 3.55494E-06-2.79414E-07-5.42525E-08 1.17385E-08
 -1        75-1.43492E-05 4.28460E-06 4.09454E-06-2.96666E-07 1.84241E-07 8.14773E-09
 -1        76-1.57443E-05 3.87038E-06 4.82085E-06-4.06250E-07-1.05446E-06 4.49828E-07
 -1        77 1.15644E-10 1.00828E-15 9.52384E-16 5.51697E-07-6.04924E-12-6.82925E-12
 -1        78 7.64109E-06-8.91341E-11-8.72783E-11 1.36148E-07-6.03861E-12-9.69021E-07
 -1        79-7.64084E-06 8.91291E-11 8.72764E-11 1.36200E-07-6.03844E-12 9.69006E-07
 -1        80 1.68689E-06-4.79670E-07-4.71432E-07-6.85141E-07 1.28688E-09 1.67512E-09
 -1        81 3.38460E-06-9.51439E-07-9.47291E-07-6.90066E-07 1.89491E-10 1.27295E-09
 -1        82 5.07858E-06-1.42145E-06-1.42207E-06-6.92475E-07 1.87850E-10 2.00171E-09
 -1        83 6.77260E-06-1.89556E-06-1.89628E-06-6.92375E-07-3.11777E-10 1.75532E-09
 -1        84 8.46579E-06-2.37403E-06-2.37032E-06-6.91697E-07 2.13891E-09 2.38506E-09
 -1        85 1.01565E-05-2.83046E-06-2.84332E-06-6.94153E-07-8.40769E-09 8.56230E-10
 -1        86 1.18632E-05-3.36757E-06-3.31427E-06-6.82800E-07 3.80607E-08 1.21736E-08
 -1        87 1.35620E-05-3.59150E-06-3.73316E-06-7.06359E-07-1.15569E-07 2.70870E-08
 -1        88 1.56095E-05-4.66976E-06-3.78965E-06-2.57073E-07 8.17085E-07 4.62667E-07
 -1        89 8.51615E-07-2.31990E-07-2.40070E-07-2.82921E-07-1.02084E-09 2.05713E-09
 -1        90 2.54090E-06-7.07472E-07-7.11608E-07-2.82288E-07-3.30133E-10 2.53977E-09
 -1        91 4.23281E-06-1.18603E-06-1.18515E-06-2.80196E-07-2.08222E-11 1.89903E-09
 -1        92 5.92612E-06-1.65868E-06-1.65931E-06-2.80622E-07-1.52457E-10 1.91755E-09
 -1        93 7.61942E-06-2.13489E-06-2.13353E-06-2.80368E-07 8.38703E-10 2.09081E-09
 -1        94 9.31186E-06-2.60250E-06-2.60707E-06-2.80314E-07-3.23929E-09 1.09477E-09
 -1        95 1.10058E-05-3.09948E-06-3.08342E-06-2.81173E-07 1.26047E-08 4.22129E-09
 -1        96 1.26905E-05-3.48857E-06-3.55499E-06-2.79411E-07-5.42884E-08-1.17401E-08
 -1        97 1.43494E-05-4.28471E-06-4.09459E-06-2.96689E-07 1.84220E-07-8.11720E-09
 -1        98 1.57446E-05-3.87056E-06-4.82093E-06-4.06241E-07-1.05446E-06-4.49830E-07
 -1        99-1.53159E-05 8.39411E-11 8.82853E-11-7.90390E-07 2.25673E-16-1.36750E-11
 -1       100 1.53161E-05-8.39454E-11-8.82873E-11-7.90462E-07 1.44096E-16 2.50837E-11
 -1       101 1.11484E-10 5.30842E-11-3.69772E-11-8.55976E-07-8.10876E-07 2.43769E-11
 -1       102 1.07368E-10-1.08497E-10 1.25646E-11-9.83675E-07 1.17436E-07 4.45135E-11
 -1       103-1.44828E-11-2.87314E-10 8.21903E-11-9.55783E-07-3.95090E-08-2.14648E-11
 -1       104-4.67540E-11-6.83070E-11 8.40711E-12-9.65530E-07 9.14496E-09 7.32726E-13
 -1       105-4.88018E-11 1.81741E-10-5.85998E-11-9.62057E-07-2.38751E-09-7.30526E-11
 -1       106-1.22240E-10-6.22247E-11 3.82561E-11-9.63500E-07 4.26243E-10-1.43910E-11
 -1       107-1.28368E-10-4.92983E-11 2.59087E-12-9.63100E-07 1.85145E-10 5.20507E-11
 -1       108-8.63428E-11 9.74287E-11 3.98482E-11-9.63888E-07-1.27729E-09-3.19044E-12
 -1       109-1.43333E-11-3.65582E-11 2.11533E-11-9.60964E-07 2.73677E-09 3.20822E-11
 -1       110 7.79821E-06-1.89421E-06-1.90036E-06-5.29674E-07-8.13991E-07-2.31438E-07
 -1       111 8.24236E-11 3.33827E-11-1.96372E-11-3.54642E-07 1.05755E-06 5.13014E-12
 -1       112 6.78554E-06-1.87040E-06-1.86469E-06-8.61824E-07 1.16497E-07-1.38329E-08
 -1       113 1.34538E-10 8.96039E-12-2.48054E-11-5.98182E-07-1.80201E-07-4.07264E-12
 -1       114 5.93152E-06-1.66201E-06-1.65786E-06-8.24074E-07-3.87891E-08-5.96475E-09
 -1       115 4.92485E-11 8.91803E-13-5.10544E-11-5.40219E-07 5.44998E-08-4.07211E-11
 -1       116 5.07861E-06-1.42105E-06-1.42152E-06-8.37959E-07 8.82696E-09-4.61673E-10
 -1       117-3.63888E-11-1.04897E-11-3.13378E-11-5.53479E-07-1.29379E-08-9.78076E-12
 -1       118 4.23317E-06-1.18541E-06-1.18533E-06-8.34142E-07-2.26309E-09-1.21292E-09
 -1       119-1.46870E-11-3.90336E-11 2.95715E-11-5.50845E-07 3.45285E-09-4.34361E-11
 -1       120 3.38648E-06-9.48121E-07-9.48233E-07-8.35420E-07 4.64914E-10-8.74197E-10
 -1       121-9.41242E-11 1.87392E-11 2.21291E-11-5.51330E-07-9.05225E-10-5.57074E-11
 -1       122 2.53934E-06-7.11205E-07-7.11165E-07-8.35138E-07-5.01772E-12-1.00541E-09
 -1       123-1.70087E-10 2.68063E-11 5.67813E-11-5.51482E-07 3.28186E-10 1.65560E-11
 -1       124 1.69254E-06-4.74603E-07-4.73142E-07-8.34653E-07-7.79047E-10-5.21733E-10
 -1       125-7.52101E-11-1.46268E-11 2.24137E-11-5.51704E-07-3.18343E-10 2.44710E-11
 -1       126 8.42366E-07-2.53399E-07-2.37928E-07-8.29947E-07 7.00848E-10-1.44133E-09
 -1       127-7.04355E-11 3.59664E-11 4.96768E-11-5.49144E-07 1.90554E-09 2.32712E-11
 -1       128-6.55246E-11 5.17644E-11 5.68483E-11-5.59384E-07-6.27199E-09-1.46070E-11
 -1       129-7.79798E-06 1.89407E-06 1.90033E-06-5.29688E-07-8.13943E-07 2.31494E-07
 -1       130-6.78532E-06 1.87014E-06 1.86468E-06-8.61887E-07 1.16455E-07 1.38834E-08
 -1       131-5.93155E-06 1.66178E-06 1.65799E-06-8.24032E-07-3.88003E-08 5.95271E-09
 -1       132-5.07870E-06 1.42095E-06 1.42151E-06-8.37960E-07 8.82354E-09 4.43848E-10
 -1       133-4.23325E-06 1.18556E-06 1.18531E-06-8.34044E-07-2.27690E-09 1.14222E-09
 -1       134-3.38673E-06 9.48097E-07 9.48228E-07-8.35388E-07 3.79068E-10 9.01930E-10
 -1       135-2.53959E-06 7.11279E-07 7.11212E-07-8.35265E-07 1.05250E-10 1.01791E-09
 -1       136-1.69272E-06 4.74719E-07 4.73191E-07-8.34671E-07-7.91799E-10 5.22864E-10
 -1       137-8.42422E-07 2.53216E-07 2.37951E-07-8.30013E-07 6.72865E-10 1.45092E-09
 -1       138-4.62799E-11-1.04550E-10 5.74208E-11-8.88005E-07 6.76906E-11 4.33392E-12
 -1       139-1.40782E-10 4.93551E-11-2.42120E-11-9.60808E-07-2.79820E-09-8.70171E-12
 -1       140-1.03734E-10-1.37512E-12 6.36337E-14-9.63935E-07 1.18772E-09-2.70902E-11
 -1       141-5.05727E-11-2.71243E-11 6.73479E-11-9.63304E-07-1.16367E-10-6.53246E-11
 -1       142-9.69497E-11 2.31278E-11-1.71573E-11-9.63443E-07-4.00210E-10 4.26657E-11
 -1       143-1.71583E-10-1.09508E-10 3.75602E-11-9.61936E-07 2.30122E-09 8.92559E-11
 -1       144 2.15811E-11 7.12901E-11-2.73542E-11-9.65576E-07-9.15635E-09 1.36387E-11
 -1       145 5.88821E-11 5.86535E-11 9.90336E-11-9.55814E-07 3.95161E-08 7.88002E-11
 -1       146 2.46721E-11 8.32770E-11-5.87004E-12-9.83513E-07-1.17423E-07 2.75210E-11
 -1       147 8.55756E-11 1.49042E-10-2.80631E-11-8.56100E-07 8.10877E-07 3.55999E-11
 -1       148 8.42305E-07-2.53093E-07-2.37909E-07-8.29870E-07-7.50991E-10 1.42779E-09
 -1       149-3.09613E-11-1.95537E-12-1.46089E-11-5.59056E-07 6.34027E-09-4.71874E-11
 -1       150 1.69255E-06-4.74630E-07-4.73137E-07-8.34599E-07 6.93987E-10 4.87553E-10
 -1       151-1.19301E-10-7.14083E-12 7.10183E-12-5.49096E-07-1.83758E-09-1.24976E-11
 -1       152 2.53938E-06-7.11053E-07-7.11193E-07-8.35290E-07 1.00178E-11 9.90812E-10
 -1       153-6.90887E-11-3.94138E-11 3.49000E-11-5.51932E-07 3.52102E-10-4.39315E-11
 -1       154 3.38647E-06-9.48152E-07-9.48203E-07-8.35428E-07-3.70536E-10 9.08622E-10
 -1       155-1.16349E-10-2.28699E-11 6.14532E-11-5.51528E-07-3.30193E-10-3.15268E-12
 -1       156 4.23310E-06-1.18567E-06-1.18528E-06-8.34107E-07 2.24504E-09 1.22816E-09
 -1       157-1.76685E-10-5.73984E-11 4.25023E-11-5.51166E-07 8.69997E-10 5.97260E-11
 -1       158 5.07865E-06-1.42093E-06-1.42155E-06-8.37984E-07-8.79565E-09 4.74589E-10
 -1       159-5.98876E-12-6.44663E-11 5.97709E-11-5.50866E-07-3.50534E-09 2.17451E-11
 -1       160 5.93157E-06-1.66184E-06-1.65788E-06-8.24259E-07 3.87661E-08 6.02299E-09
 -1       161-1.69012E-11 9.61173E-11-4.07967E-11-5.53511E-07 1.29279E-08-9.36894E-12
 -1       162 6.78547E-06-1.87016E-06-1.86465E-06-8.61711E-07-1.16510E-07 1.38567E-08
 -1       163 3.98815E-11 2.03303E-11-5.18501E-11-5.40110E-07-5.45190E-08 3.18466E-11
 -1       164 7.79822E-06-1.89398E-06-1.90039E-06-5.29737E-07 8.13981E-07 2.31474E-07
 -1       165 6.62502E-11-4.58965E-11-2.95658E-11-5.98151E-07 1.80242E-07 1.84255E-11
 -1       166 1.42274E-10-6.39783E-11-1.51800E-11-3.54768E-07-1.05753E-06 5.26485E-12
 -1       167-8.42535E-07 2.53248E-07 2.37916E-07-8.29880E-07-7.81080E-10-1.43871E-09
 -1       168-1.69276E-06 4.74598E-07 4.73209E-07-8.34667E-07 7.07502E-10-5.23252E-10
 -1       169-2.53951E-06 7.11131E-07 7.11218E-07-8.35407E-07 5.91992E-11-1.05160E-09
 -1       170-3.38670E-06 9.48205E-07 9.48198E-07-8.35356E-07-3.67634E-10-8.48789E-10
 -1       171-4.23340E-06 1.18559E-06 1.18537E-06-8.33969E-07 2.23015E-09-1.13991E-09
 -1       172-5.07862E-06 1.42100E-06 1.42148E-06-8.37998E-07-8.80273E-09-4.40473E-10
 -1       173-5.93149E-06 1.66207E-06 1.65795E-06-8.24135E-07 3.88788E-08-5.96476E-09
 -1       174-6.78541E-06 1.87036E-06 1.86466E-06-8.61670E-07-1.16459E-07-1.37862E-08
 -1       175-7.79802E-06 1.89423E-06 1.90033E-06-5.29676E-07 8.13906E-07-2.31427E-07
 -1       176 1.16245E-10-2.42662E-15-9.20637E-16 2.12097E-07 1.25506E-16-2.46802E-12
 -1       177 1.56199E-05-4.65460E-06-3.78979E-06-3.90677E-07 1.44140E-11 1.95942E-11
 -1       178 1.35749E-05-3.60190E-06-3.73337E-06-6.04460E-07-6.24826E-12-1.83663E-11
 -1       179 1.18614E-05-3.36358E-06-3.31439E-06-6.36286E-07-1.06302E-11 8.00521E-12
 -1       180 1.01577E-05-2.83226E-06-2.84344E-06-6.32909E-07 3.70983E-11 2.76203E-12
 -1       181 8.46596E-06-2.37351E-06-2.37042E-06-6.34181E-07 3.09907E-11-3.34298E-12
 -1       182 6.77297E-06-1.89571E-06-1.89642E-06-6.33827E-07 6.50178E-11-7.04212E-12
 -1       183 5.07882E-06-1.42142E-06-1.42207E-06-6.34347E-07 1.49024E-11 1.42425E-11
 -1       184 3.38460E-06-9.52642E-07-9.47358E-07-6.31460E-07-4.58544E-11-4.24838E-12
 -1       185 1.68735E-06-4.75323E-07-4.71495E-07-6.28719E-07-3.74438E-11-4.27516E-11
 -1       186-1.56197E-05 4.65440E-06 3.78974E-06-3.90683E-07-5.30295E-11-1.27202E-12
 -1       187-1.35747E-05 3.60193E-06 3.73336E-06-6.04480E-07-3.34222E-11 5.78520E-11
 -1       188-1.18614E-05 3.36376E-06 3.31439E-06-6.36243E-07 3.01039E-11-1.38066E-11
 -1       189-1.01578E-05 2.83224E-06 2.84342E-06-6.32863E-07 3.85728E-11-1.72114E-11
 -1       190-8.46612E-06 2.37356E-06 2.37045E-06-6.34078E-07-3.65162E-11 1.83675E-11
 -1       191-6.77322E-06 1.89586E-06 1.89643E-06-6.33805E-07 1.45487E-11 3.65800E-11
 -1       192-5.07901E-06 1.42158E-06 1.42213E-06-6.34460E-07 1.09825E-10-4.02440E-11
 -1       193-3.38481E-06 9.52674E-07 9.47414E-07-6.31514E-07-1.84501E-11 1.50509E-12
 -1       194-1.68748E-06 4.75322E-07 4.71534E-07-6.28728E-07-5.93578E-11 5.40356E-12
 -1       195 9.78810E-11 4.83449E-11-3.25220E-11-9.89026E-07 4.70029E-12 3.02777E-11
 -1       196 6.13737E-11 2.29409E-11 3.34595E-12-8.80935E-07-9.11532E-13 3.58946E-11
 -1       197 2.53656E-11-1.42938E-10 9.06114E-11-9.09987E-07 1.30421E-12 2.89390E-11
 -1       198-1.75896E-11 1.79898E-12-9.47295E-12-9.04082E-07-7.44245E-12 5.94579E-12
 -1       199-1.15790E-10 5.89102E-11-1.05180E-11-9.04627E-07-4.21305E-11 8.40892E-12
 -1       200-9.26087E-11 2.10566E-11 1.05520E-11-9.04981E-07 5.50843E-12 1.46291E-11
 -1       201-8.46248E-11-7.52017E-11 3.49721E-11-9.05000E-07 3.86345E-11-6.88137E-12
 -1       202-9.93277E-11 6.93954E-11 1.99581E-11-9.05506E-07-4.32226E-11-1.34202E-11
 -1       203-7.54491E-11 2.65481E-11-1.52767E-12-9.03216E-07-3.75275E-11 1.25927E-11
 -1       320 2.70166E-07-1.48537E-07-3.92667E-08-1.81546E-07 2.54875E-08-1.69006E-08
 -1       321 1.59754E-07-1.58275E-07-1.31627E-08-3.51421E-07 2.76416E-08-1.10592E-08
 -1       322 5.17866E-08-1.67956E-07 1.24546E-08-5.17136E-07 2.97846E-08-5.16607E-09
 -1       323 2.38517E-05-7.39699E-06 1.88967E-10-7.30879E-07-6.95401E-08 2.59647E-06
 -1       324 1.95811E-05-7.39752E-06-2.11365E-10-9.17121E-07 3.18140E-12 2.26704E-06
 -1       325 1.53268E-05-7.39700E-06 1.87193E-10-1.14625E-06 6.95465E-08 1.93673E-06
 -1       326 2.70100E-07-1.48507E-07-3.91272E-08-1.81598E-07-2.54085E-08 1.66927E-08
 -1       327 1.59716E-07-1.58070E-07-1.31199E-08-3.51363E-07-2.75097E-08 1.09516E-08
 -1       328 5.17619E-08-1.67575E-07 1.24006E-08-5.16977E-07-2.96219E-08 5.11785E-09
 -1       329 2.38516E-05-7.39693E-06 1.88967E-10-7.30962E-07 6.95475E-08-2.59640E-06
 -1       330 1.95810E-05-7.39747E-06-2.11365E-10-9.17189E-07-3.18221E-12-2.26698E-06
 -1       331 1.53268E-05-7.39694E-06 1.87193E-10-1.14631E-06-6.95539E-08-1.93668E-06
 -1       332 2.53239E-06-7.38718E-07-7.09964E-07-1.84151E-07 7.12024E-09-2.71090E-08
 -1       333 2.10933E-06-6.16504E-07-5.90804E-07-3.54993E-07 6.48804E-09-1.44526E-08
 -1       334 1.68686E-06-4.94181E-07-4.71500E-07-5.21960E-07 5.86107E-09-1.76381E-09
 -1       335 5.07849E-06-1.42302E-06-1.42309E-06-1.86532E-07 4.31865E-10-2.70846E-08
 -1       336 4.23197E-06-1.18714E-06-1.18533E-06-3.59332E-07 6.45210E-10-1.41745E-08
 -1       337 3.38445E-06-9.51052E-07-9.47309E-07-5.28445E-07 8.62025E-10-1.27501E-09
 -1       338 7.61826E-06-2.13396E-06-2.13303E-06-1.88030E-07 2.53592E-10-2.65127E-08
 -1       339 6.34887E-06-1.77821E-06-1.77763E-06-3.58931E-07 2.39381E-10-1.42476E-08
 -1       340 5.07840E-06-1.42213E-06-1.42190E-06-5.26083E-07 2.26824E-10-1.97525E-09
 -1       341 1.01590E-05-2.84391E-06-2.84431E-06-1.87072E-07 2.38472E-10-2.69004E-08
 -1       342 8.46648E-06-2.37045E-06-2.37049E-06-3.58514E-07 1.65743E-10-1.43401E-08
 -1       343 6.77240E-06-1.89656E-06-1.89633E-06-5.26196E-07 9.52318E-11-1.77303E-09
 -1       344 1.26981E-05-3.55799E-06-3.55612E-06-1.87987E-07-1.23979E-09-2.61180E-08
 -1       345 1.05828E-05-2.96404E-06-2.96357E-06-3.58674E-07-1.03895E-09-1.42321E-08
 -1       346 8.46552E-06-2.36956E-06-2.37023E-06-5.25709E-07-8.34048E-10-2.38779E-09
 -1       347 1.52352E-05-4.26047E-06-4.26092E-06-1.87020E-07 3.51840E-09-2.97268E-08
 -1       348 1.26968E-05-3.55563E-06-3.55205E-06-3.58851E-07 3.07801E-09-1.53417E-08
 -1       349 1.01561E-05-2.85016E-06-2.84321E-06-5.26622E-07 2.63170E-09-8.48877E-10
 -1       350 1.77803E-05-5.01910E-06-4.98284E-06-1.96383E-07-2.32575E-08-2.81402E-08
 -1       351 1.48229E-05-4.16771E-06-4.14980E-06-3.63590E-07-2.22870E-08-2.00247E-08
 -1       352 1.18628E-05-3.31557E-06-3.31410E-06-5.28201E-07-2.13110E-08-1.21608E-08
 -1       353 2.02818E-05-5.66870E-06-5.53376E-06-2.47973E-07 3.72656E-08-1.05223E-07
 -1       354 1.69236E-05-4.80018E-06-4.63151E-06-4.13214E-07 3.66549E-08-6.63301E-08
 -1       355 1.35616E-05-3.93081E-06-3.73313E-06-5.70253E-07 3.60379E-08-2.71240E-08
 -1       356 2.30772E-05-7.10318E-06-6.02289E-06-2.48270E-07-4.36695E-07-4.72865E-07
 -1       357 1.93400E-05-5.72956E-06-4.91009E-06-3.81524E-07-4.45192E-07-4.67895E-07
 -1       358 1.56089E-05-4.35494E-06-3.78946E-06-5.28309E-07-4.53689E-07-4.62628E-07
 -1       359 1.29033E-06-3.29900E-07-3.61979E-07 4.76148E-08-6.95572E-09-2.24660E-08
 -1       361 8.51620E-07-2.17340E-07-2.40093E-07-2.95312E-07-5.40611E-09-2.11932E-09
 -1       362 3.80950E-06-1.06698E-06-1.06510E-06 4.16908E-08 4.23324E-11-2.69759E-08
 -1       364 2.54104E-06-7.08730E-07-7.11699E-07-2.92600E-07-3.80118E-10-2.55364E-09
 -1       365 6.34881E-06-1.77698E-06-1.77789E-06 4.48751E-08-3.95369E-10-2.64175E-08
 -1       367 4.23290E-06-1.18508E-06-1.18515E-06-2.94544E-07-1.96716E-10-1.85406E-09
 -1       368 8.88918E-06-2.48899E-06-2.48879E-06 4.40051E-08 1.12536E-10-2.66915E-08
 -1       370 5.92629E-06-1.65940E-06-1.65936E-06-2.94490E-07 3.24885E-11-1.90333E-09
 -1       371 1.14298E-05-3.20101E-06-3.20067E-06 4.37605E-08-4.15774E-10-2.66940E-08
 -1       373 7.61977E-06-2.13311E-06-2.13365E-06-2.94798E-07-2.97901E-10-2.07939E-09
 -1       374 1.39672E-05-3.90805E-06-3.90959E-06 4.54597E-08 1.76860E-09-2.60635E-08
 -1       376 9.31217E-06-2.60868E-06-2.60716E-06-2.93439E-07 1.52445E-09-1.12363E-09
 -1       377 1.65126E-05-4.63053E-06-4.63103E-06 4.03625E-08-5.59170E-09-2.81940E-08
 -1       379 1.10061E-05-3.07361E-06-3.08349E-06-2.98700E-07-5.04956E-09-4.17359E-09
 -1       380 1.90422E-05-5.28921E-06-5.31225E-06 6.55784E-08 2.94061E-08-6.32151E-09
 -1       382 1.26910E-05-3.56850E-06-3.55513E-06-2.74573E-07 2.97776E-08 1.17084E-08
 -1       383 2.16352E-05-6.09804E-06-6.24332E-06 4.48512E-08-6.82021E-08-3.64555E-08
 -1       385 1.43499E-05-3.85498E-06-4.09475E-06-3.23745E-07-7.72946E-08 8.12667E-09
 -1       386 2.36065E-05-6.00609E-06-6.69885E-06 3.04338E-07 5.07960E-07 7.46330E-07
 -1       388 1.57451E-05-4.63197E-06-4.82103E-06 4.08942E-08 5.69023E-07 4.49857E-07
 -1       389 2.69854E-07-1.61390E-07-3.92241E-08-1.55968E-07-8.89438E-12-1.11965E-10
 -1       391 5.29779E-08-1.80633E-07 1.24005E-08-4.90480E-07 3.29799E-11-1.98147E-11
 -1       392 2.53237E-06-7.38525E-07-7.10081E-07-1.84118E-07-7.14699E-09 2.70063E-08
 -1       393 2.10931E-06-6.16395E-07-5.90820E-07-3.54922E-07-6.56345E-09 1.43611E-08
 -1       394 1.68684E-06-4.94155E-07-4.71416E-07-5.21856E-07-5.97469E-09 1.67508E-09
 -1       395 5.07844E-06-1.42317E-06-1.42295E-06-1.86544E-07-4.22895E-10 2.70685E-08
 -1       396 4.23197E-06-1.18735E-06-1.18523E-06-3.59266E-07-6.24796E-10 1.41747E-08
 -1       397 3.38448E-06-9.51317E-07-9.47259E-07-5.28299E-07-8.23226E-10 1.27291E-09
 -1       398 7.61835E-06-2.13384E-06-2.13312E-06-1.87955E-07-2.20868E-10 2.66008E-08
 -1       399 6.34892E-06-1.77811E-06-1.77774E-06-3.58979E-07-1.89302E-10 1.42895E-08
 -1       400 5.07841E-06-1.42206E-06-1.42202E-06-5.26253E-07-1.56082E-10 2.00166E-09
 -1       401 1.01591E-05-2.84388E-06-2.84445E-06-1.87021E-07-3.02950E-10 2.69521E-08
 -1       402 8.46648E-06-2.37045E-06-2.37050E-06-3.58398E-07-2.27517E-10 1.43649E-08
 -1       403 6.77238E-06-1.89659E-06-1.89621E-06-5.26016E-07-1.49867E-10 1.75527E-09
 -1       404 1.26980E-05-3.55801E-06-3.55600E-06-1.87960E-07 1.25365E-09 2.61025E-08
 -1       405 1.05827E-05-2.96412E-06-2.96351E-06-3.58616E-07 1.05840E-09 1.42277E-08
 -1       406 8.46550E-06-2.36971E-06-2.37024E-06-5.25617E-07 8.67206E-10 2.38501E-09
 -1       407 1.52353E-05-4.26051E-06-4.26081E-06-1.87032E-07-3.47916E-09 2.97194E-08
 -1       408 1.26968E-05-3.55557E-06-3.55200E-06-3.58899E-07-3.04387E-09 1.53372E-08
 -1       409 1.01561E-05-2.85000E-06-2.84322E-06-5.26706E-07-2.61451E-09 8.56188E-10
 -1       410 1.77804E-05-5.01893E-06-4.98301E-06-1.96398E-07 2.32357E-08 2.82038E-08
 -1       411 1.48229E-05-4.16763E-06-4.14991E-06-3.63611E-07 2.22851E-08 2.00623E-08
 -1       412 1.18628E-05-3.31558E-06-3.31416E-06-5.28228E-07 2.13399E-08 1.21736E-08
 -1       413 2.02818E-05-5.66861E-06-5.53371E-06-2.47857E-07-3.71872E-08 1.05136E-07
 -1       414 1.69235E-05-4.80000E-06-4.63144E-06-4.13072E-07-3.66180E-08 6.62721E-08
 -1       415 1.35616E-05-3.93052E-06-3.73303E-06-5.70084E-07-3.60549E-08 2.70873E-08
 -1       416 2.30772E-05-7.10305E-06-6.02292E-06-2.48256E-07 4.36714E-07 4.72945E-07
 -1       417 1.93401E-05-5.72943E-06-4.91013E-06-3.81524E-07 4.45209E-07 4.67954E-07
 -1       418 1.56090E-05-4.35482E-06-3.78952E-06-5.28324E-07 4.53703E-07 4.62670E-07
 -1       419 1.29030E-06-3.30033E-07-3.61967E-07 4.76034E-08 6.87754E-09 2.22972E-08
 -1       421 8.51644E-07-2.17381E-07-2.40078E-07-2.95168E-07 5.38764E-09 2.05709E-09
 -1       422 3.80946E-06-1.06690E-06-1.06508E-06 4.16939E-08-6.64776E-11 2.68871E-08
 -1       424 2.54099E-06-7.08786E-07-7.11632E-07-2.92512E-07 3.11570E-10 2.53972E-09
 -1       425 6.34886E-06-1.77697E-06-1.77786E-06 4.48405E-08 3.70410E-10 2.65915E-08
 -1       427 4.23295E-06-1.18515E-06-1.18519E-06-2.94599E-07 1.99590E-10 1.89898E-09
 -1       428 8.88919E-06-2.48895E-06-2.48891E-06 4.40313E-08-1.51760E-10 2.67166E-08
 -1       430 5.92632E-06-1.65942E-06-1.65936E-06-2.94532E-07-3.78681E-11 1.91750E-09
 -1       431 1.14297E-05-3.20089E-06-3.20068E-06 4.37055E-08 3.93840E-10 2.65856E-08
 -1       433 7.61968E-06-2.13310E-06-2.13360E-06-2.94764E-07 2.63781E-10 2.09076E-09
 -1       434 1.39673E-05-3.90805E-06-3.90947E-06 4.54788E-08-1.75702E-09 2.61138E-08
 -1       436 9.31218E-06-2.60865E-06-2.60716E-06-2.93406E-07-1.52158E-09 1.09472E-09
 -1       437 1.65126E-05-4.63056E-06-4.63106E-06 4.03264E-08 5.51089E-09 2.82885E-08
 -1       439 1.10062E-05-3.07364E-06-3.08352E-06-2.98773E-07 5.00760E-09 4.22123E-09
 -1       440 1.90421E-05-5.28918E-06-5.31231E-06 6.55460E-08-2.94489E-08 6.24331E-09
 -1       442 1.26909E-05-3.56846E-06-3.55511E-06-2.74577E-07-2.98186E-08-1.17401E-08
 -1       443 2.16351E-05-6.09808E-06-6.24331E-06 4.48296E-08 6.81999E-08 3.64064E-08
 -1       445 1.43499E-05-3.85492E-06-4.09473E-06-3.23755E-07 7.72795E-08-8.11727E-09
 -1       446 2.36066E-05-6.00613E-06-6.69887E-06 3.04310E-07-5.07996E-07-7.46306E-07
 -1       448 1.57451E-05-4.63202E-06-4.82107E-06 4.08491E-08-5.69035E-07-4.49829E-07
 -1       449 2.38501E-05-7.67568E-06-2.10466E-10-1.05427E-06 3.70156E-12 3.40506E-11
 -1       451 1.53166E-05-7.67569E-06-2.12240E-10-1.49263E-06-3.70243E-12 2.50840E-11
 -1       452 2.53239E-06-7.35951E-07-7.10076E-07-1.50115E-07 3.67651E-11-5.12138E-11
 -1       454 1.68741E-06-4.91497E-07-4.71512E-07-4.87503E-07-6.66602E-12-4.27531E-11
 -1       455 5.07883E-06-1.42368E-06-1.42313E-06-1.52104E-07-1.97479E-11-7.64132E-12
 -1       457 3.38472E-06-9.51765E-07-9.47390E-07-4.94016E-07-4.83375E-12-4.24761E-12
 -1       458 7.61889E-06-2.13384E-06-2.13323E-06-1.53358E-07 9.32771E-12 3.95164E-11
 -1       460 5.07900E-06-1.42204E-06-1.42212E-06-4.91531E-07 2.83365E-11 1.42437E-11
 -1       461 1.01598E-05-2.84449E-06-2.84459E-06-1.52773E-07 3.32444E-11 2.92707E-11
 -1       463 6.77320E-06-1.89717E-06-1.89649E-06-4.91801E-07 3.81657E-11-7.04288E-12
 -1       464 1.26991E-05-3.55706E-06-3.55633E-06-1.53012E-07-2.56427E-11-3.76395E-12
 -1       466 8.46625E-06-2.36870E-06-2.37050E-06-4.90803E-07-1.59904E-11-3.34327E-12
 -1       467 1.52364E-05-4.26445E-06-4.26118E-06-1.53454E-07-9.82462E-12-8.24487E-12
 -1       469 1.01581E-05-2.85404E-06-2.84354E-06-4.92773E-07-2.08524E-11 2.76279E-12
 -1       470 1.77816E-05-5.00801E-06-4.98330E-06-1.61612E-07 1.45599E-11 3.08419E-11
 -1       472 1.18618E-05-3.30458E-06-3.31450E-06-4.94426E-07 3.98718E-11 8.00496E-12
 -1       473 2.02928E-05-5.70440E-06-5.53416E-06-2.02949E-07 5.08003E-11-4.16012E-11
 -1       475 1.35754E-05-3.96641E-06-3.73350E-06-5.22751E-07 3.08669E-12-1.83672E-11
 -1       476 2.30867E-05-7.01379E-06-6.02333E-06-3.20149E-07 2.05434E-12 3.94099E-11
 -1       478 1.56204E-05-4.26556E-06-3.78991E-06-6.07792E-07-7.60921E-13 1.95940E-11
 -1       479-5.18662E-08 1.68523E-07-1.25833E-08-5.17291E-07 2.98810E-08 5.22476E-09
 -1       480-1.59798E-07 1.58720E-07 1.29665E-08-3.51499E-07 2.77112E-08 1.11571E-08
 -1       481-2.70191E-07 1.48860E-07 3.89583E-08-1.81544E-07 2.55227E-08 1.70558E-08
 -1       482-1.53266E-05 7.39691E-06-1.87190E-10-1.14623E-06 6.95523E-08-1.93669E-06
 -1       483-1.95809E-05 7.39744E-06 2.11362E-10-9.17111E-07 3.18261E-12-2.26699E-06
 -1       484-2.38515E-05 7.39691E-06-1.88964E-10-7.30880E-07-6.95460E-08-2.59641E-06
 -1       485-5.18750E-08 1.67748E-07-1.22903E-08-5.16855E-07-2.97853E-08-5.12351E-09
 -1       486-1.59832E-07 1.58243E-07 1.32031E-08-3.51265E-07-2.75935E-08-1.09726E-08
 -1       487-2.70218E-07 1.48680E-07 3.91385E-08-1.81520E-07-2.54203E-08-1.67220E-08
 -1       488-1.53265E-05 7.39690E-06-1.87190E-10-1.14620E-06-6.95538E-08 1.93666E-06
 -1       489-1.95808E-05 7.39743E-06 2.11362E-10-9.17072E-07-3.18090E-12 2.26696E-06
 -1       490-2.38514E-05 7.39690E-06-1.88964E-10-7.30838E-07 6.95474E-08 2.59637E-06
 -1       491-1.68694E-06 4.94054E-07 4.71510E-07-5.21954E-07 5.82689E-09 1.70411E-09
 -1       492-2.10943E-06 6.16389E-07 5.90844E-07-3.55004E-07 6.44134E-09 1.44219E-08
 -1       493-2.53253E-06 7.38614E-07 7.10034E-07-1.84179E-07 7.05560E-09 2.71095E-08
 -1       494-3.38466E-06 9.51071E-07 9.47303E-07-5.28445E-07 7.24818E-10 1.29183E-09
 -1       495-4.23213E-06 1.18709E-06 1.18532E-06-3.59312E-07 5.41375E-10 1.41705E-08
 -1       496-5.07860E-06 1.42290E-06 1.42312E-06-1.86493E-07 3.59892E-10 2.70605E-08
 -1       497-5.07863E-06 1.42220E-06 1.42205E-06-5.26062E-07 2.65654E-10 1.90965E-09
 -1       498-6.34912E-06 1.77825E-06 1.77778E-06-3.58892E-07 2.89797E-10 1.42021E-08
 -1       499-7.61853E-06 2.13399E-06 2.13318E-06-1.87971E-07 3.10788E-10 2.64914E-08
 -1       500-6.77265E-06 1.89661E-06 1.89629E-06-5.26352E-07 9.71838E-11 1.81730E-09
 -1       501-8.46676E-06 2.37050E-06 2.37053E-06-3.58657E-07 1.79433E-10 1.43434E-08
 -1       502-1.01593E-05 2.84397E-06 2.84445E-06-1.87202E-07 2.61535E-10 2.68648E-08
 -1       503-8.46560E-06 2.36947E-06 2.37026E-06-5.25663E-07-8.80850E-10 2.40897E-09
 -1       504-1.05828E-05 2.96394E-06 2.96360E-06-3.58652E-07-1.11219E-09 1.42670E-08
 -1       505-1.26981E-05 3.55786E-06 3.55616E-06-1.87988E-07-1.33884E-09 2.61584E-08
 -1       506-1.01562E-05 2.84999E-06 2.84322E-06-5.26637E-07 2.64386E-09 8.01084E-10
 -1       507-1.26969E-05 3.55550E-06 3.55205E-06-3.58844E-07 3.11970E-09 1.52693E-08
 -1       508-1.52354E-05 4.26037E-06 4.26094E-06-1.86992E-07 3.59285E-09 2.96386E-08
 -1       509-1.18628E-05 3.31531E-06 3.31418E-06-5.28104E-07-2.12202E-08 1.21795E-08
 -1       510-1.48229E-05 4.16748E-06 4.14987E-06-3.63535E-07-2.22082E-08 2.00489E-08
 -1       511-1.77804E-05 5.01891E-06 4.98291E-06-1.96371E-07-2.31899E-08 2.81635E-08
 -1       512-1.35614E-05 3.93066E-06 3.73308E-06-5.70285E-07 3.60353E-08 2.71244E-08
 -1       513-1.69234E-05 4.80007E-06 4.63150E-06-4.13208E-07 3.66067E-08 6.63389E-08
 -1       514-2.02816E-05 5.66862E-06 5.53377E-06-2.47928E-07 3.71776E-08 1.05243E-07
 -1       515-1.56087E-05 4.35483E-06 3.78944E-06-5.28271E-07-4.53662E-07 4.62669E-07
 -1       516-1.93398E-05 5.72947E-06 4.91002E-06-3.81534E-07-4.45185E-07 4.67937E-07
 -1       517-2.30769E-05 7.10311E-06 6.02275E-06-2.48328E-07-4.36703E-07 4.72906E-07
 -1       518-8.51723E-07 2.17505E-07 2.40054E-07-2.95369E-07-5.31050E-09 2.13942E-09
 -1       520-1.29043E-06 3.29954E-07 3.61935E-07 4.76075E-08-6.89593E-09 2.25806E-08
 -1       521-2.54116E-06 7.08759E-07 7.11688E-07-2.92626E-07-4.01335E-10 2.55098E-09
 -1       523-3.80962E-06 1.06695E-06 1.06515E-06 4.16759E-08 4.06388E-11 2.69471E-08
 -1       524-4.23312E-06 1.18508E-06 1.18522E-06-2.94472E-07-1.15978E-10 1.82662E-09
 -1       526-6.34904E-06 1.77690E-06 1.77804E-06 4.49963E-08-2.66763E-10 2.64169E-08
 -1       527-5.92653E-06 1.65941E-06 1.65948E-06-2.94511E-07-1.04268E-12 1.87902E-09
 -1       529-8.88944E-06 2.48899E-06 2.48893E-06 4.40130E-08 1.00756E-10 2.66848E-08
 -1       530-7.61993E-06 2.13312E-06 2.13369E-06-2.94865E-07-3.02613E-10 2.12421E-09
 -1       532-1.14299E-05 3.20100E-06 3.20078E-06 4.36693E-08-4.50062E-10 2.66465E-08
 -1       533-9.31228E-06 2.60865E-06 2.60720E-06-2.93363E-07 1.51850E-09 1.10654E-09
 -1       535-1.39674E-05 3.90804E-06 3.90963E-06 4.55283E-08 1.79410E-09 2.61008E-08
 -1       536-1.10062E-05 3.07356E-06 3.08355E-06-2.98730E-07-5.06506E-09 4.17825E-09
 -1       538-1.65126E-05 4.63055E-06 4.63103E-06 4.03008E-08-5.54102E-09 2.82131E-08
 -1       539-1.26909E-05 3.56850E-06 3.55512E-06-2.74567E-07 2.98049E-08-1.17105E-08
 -1       541-1.90421E-05 5.28928E-06 5.31225E-06 6.55908E-08 2.94114E-08 6.30028E-09
 -1       542-1.43496E-05 3.85490E-06 4.09469E-06-3.23787E-07-7.72981E-08-8.11228E-09
 -1       544-2.16349E-05 6.09802E-06 6.24328E-06 4.48073E-08-6.82446E-08 3.64303E-08
 -1       545-1.57449E-05 4.63196E-06 4.82097E-06 4.09273E-08 5.69081E-07-4.49821E-07
 -1       547-2.36063E-05 6.00610E-06 6.69873E-06 3.04321E-07 5.08015E-07-7.46326E-07
 -1       548-5.30653E-08 1.80857E-07-1.24097E-08-4.90492E-07 1.96128E-11 4.06860E-11
 -1       550-2.69927E-07 1.61492E-07 3.90755E-08-1.55918E-07 2.29627E-11 1.58640E-10
 -1       551-1.68703E-06 4.94240E-07 4.71485E-07-5.21827E-07-5.78829E-09-1.68648E-09
 -1       552-2.10952E-06 6.16578E-07 5.90789E-07-3.54882E-07-6.41407E-09-1.44038E-08
 -1       553-2.53259E-06 7.38806E-07 7.09950E-07-1.84068E-07-7.04003E-09-2.70884E-08
 -1       554-3.38470E-06 9.51153E-07 9.47377E-07-5.28367E-07-7.71347E-10-1.28795E-09
 -1       555-4.23216E-06 1.18714E-06 1.18534E-06-3.59323E-07-5.77353E-10-1.41511E-08
 -1       556-5.07860E-06 1.42292E-06 1.42309E-06-1.86592E-07-3.81399E-10-2.70045E-08
 -1       557-5.07855E-06 1.42213E-06 1.42199E-06-5.26190E-07-2.51514E-10-1.98767E-09
 -1       558-6.34908E-06 1.77824E-06 1.77769E-06-3.58940E-07-2.74284E-10-1.43275E-08
 -1       559-7.61852E-06 2.13403E-06 2.13304E-06-1.87939E-07-3.00205E-10-2.66838E-08
 -1       560-6.77262E-06 1.89659E-06 1.89628E-06-5.26156E-07-6.83423E-11-1.74620E-09
 -1       561-8.46673E-06 2.37049E-06 2.37054E-06-3.58531E-07-1.58458E-10-1.42853E-08
 -1       562-1.01593E-05 2.84397E-06 2.84447E-06-1.87150E-07-2.48719E-10-2.68003E-08
 -1       563-8.46576E-06 2.36978E-06 2.37027E-06-5.25618E-07 8.32828E-10-2.37122E-09
 -1       564-1.05830E-05 2.96417E-06 2.96356E-06-3.58586E-07 1.04980E-09-1.42261E-08
 -1       565-1.26982E-05 3.55802E-06 3.55607E-06-1.87901E-07 1.27146E-09-2.61227E-08
 -1       566-1.01561E-05 2.85010E-06 2.84318E-06-5.26597E-07-2.65337E-09-8.32092E-10
 -1       567-1.26968E-05 3.55565E-06 3.55202E-06-3.58842E-07-3.15175E-09-1.53376E-08
 -1       568-1.52353E-05 4.26056E-06 4.26091E-06-1.87027E-07-3.65282E-09-2.97365E-08
 -1       569-1.18628E-05 3.31559E-06 3.31408E-06-5.28271E-07 2.12509E-08-1.22075E-08
 -1       570-1.48229E-05 4.16766E-06 4.14988E-06-3.63662E-07 2.21999E-08-2.00866E-08
 -1       571-1.77803E-05 5.01898E-06 4.98303E-06-1.96457E-07 2.31552E-08-2.82192E-08
 -1       572-1.35615E-05 3.93078E-06 3.73305E-06-5.70141E-07-3.59388E-08-2.70119E-08
 -1       573-1.69234E-05 4.80020E-06 4.63141E-06-4.13122E-07-3.65218E-08-6.62004E-08
 -1       574-2.02817E-05 5.66876E-06 5.53361E-06-2.47900E-07-3.71052E-08-1.05062E-07
 -1       575-1.56088E-05 4.35495E-06 3.78944E-06-5.28344E-07 4.53637E-07-4.62672E-07
 -1       576-1.93398E-05 5.72950E-06 4.91004E-06-3.81565E-07 4.45157E-07-4.67925E-07
 -1       577-2.30770E-05 7.10308E-06 6.02279E-06-2.48317E-07 4.36682E-07-4.72890E-07
 -1       578-8.51750E-07 2.17375E-07 2.40188E-07-2.95090E-07 5.35160E-09-2.04529E-09
 -1       580-1.29040E-06 3.30125E-07 3.61983E-07 4.76799E-08 6.88758E-09-2.22961E-08
 -1       581-2.54126E-06 7.08813E-07 7.11713E-07-2.92590E-07 4.58268E-10-2.53852E-09
 -1       583-3.80976E-06 1.06698E-06 1.06509E-06 4.16160E-08 3.74444E-11-2.69254E-08
 -1       584-4.23312E-06 1.18502E-06 1.18523E-06-2.94525E-07 1.73279E-10-1.88305E-09
 -1       586-6.34900E-06 1.77685E-06 1.77796E-06 4.49273E-08 3.53022E-10-2.65654E-08
 -1       587-5.92646E-06 1.65939E-06 1.65946E-06-2.94545E-07 5.35558E-11-1.90126E-09
 -1       589-8.88936E-06 2.48903E-06 2.48887E-06 4.39793E-08-6.39239E-11-2.66840E-08
 -1       590-7.62000E-06 2.13327E-06 2.13370E-06-2.94828E-07 3.71187E-10-2.08603E-09
 -1       592-1.14300E-05 3.20108E-06 3.20074E-06 4.36815E-08 4.99688E-10-2.65597E-08
 -1       593-9.31229E-06 2.60862E-06 2.60718E-06-2.93350E-07-1.51910E-09-1.07892E-09
 -1       595-1.39674E-05 3.90797E-06 3.90957E-06 4.55368E-08-1.76940E-09-2.60915E-08
 -1       596-1.10061E-05 3.07348E-06 3.08349E-06-2.98767E-07 5.02857E-09-4.22464E-09
 -1       598-1.65126E-05 4.63040E-06 4.63107E-06 4.02648E-08 5.51541E-09-2.82691E-08
 -1       599-1.26909E-05 3.56854E-06 3.55506E-06-2.74534E-07-2.97871E-08 1.17385E-08
 -1       601-1.90421E-05 5.28923E-06 5.31223E-06 6.55914E-08-2.93979E-08-6.23481E-09
 -1       602-1.43497E-05 3.85500E-06 4.09468E-06-3.23738E-07 7.71990E-08 8.14779E-09
 -1       604-2.16350E-05 6.09805E-06 6.24322E-06 4.48299E-08 6.81411E-08-3.63856E-08
 -1       605-1.57449E-05 4.63198E-06 4.82098E-06 4.09072E-08-5.69029E-07 4.49826E-07
 -1       607-2.36063E-05 6.00604E-06 6.69875E-06 3.04343E-07-5.07951E-07 7.46268E-07
 -1       608-1.53164E-05 7.67564E-06 2.12236E-10-1.49256E-06-7.11685E-13-1.36762E-11
 -1       610-2.38499E-05 7.67563E-06 2.10463E-10-1.05419E-06 7.13466E-13-2.07333E-11
 -1       611-1.68754E-06 4.91428E-07 4.71551E-07-4.87536E-07 4.59519E-12 5.40523E-12
 -1       613-2.53256E-06 7.35992E-07 7.10045E-07-1.50143E-07-6.91953E-12 7.26954E-12
 -1       614-3.38492E-06 9.51927E-07 9.47447E-07-4.93982E-07-4.89520E-11 1.50414E-12
 -1       616-5.07897E-06 1.42372E-06 1.42321E-06-1.52041E-07-3.64408E-11 2.70903E-11
 -1       617-5.07919E-06 1.42204E-06 1.42218E-06-4.91590E-07-1.55198E-11-4.02449E-11
 -1       619-7.61910E-06 2.13389E-06 2.13327E-06-1.53427E-07-1.72988E-11-9.54169E-11
 -1       620-6.77346E-06 1.89726E-06 1.89650E-06-4.91816E-07 2.03132E-11 3.65801E-11
 -1       622-1.01601E-05 2.84463E-06 2.84468E-06-1.52765E-07 1.23006E-11 3.30019E-11
 -1       623-8.46641E-06 2.36877E-06 2.37053E-06-4.90807E-07-5.08422E-11 1.83680E-11
 -1       625-1.26992E-05 3.55708E-06 3.55638E-06-1.53011E-07-6.05198E-11 1.71147E-11
 -1       626-1.01581E-05 2.85402E-06 2.84352E-06-4.92748E-07-2.10379E-12-1.72114E-11
 -1       628-1.52365E-05 4.26443E-06 4.26125E-06-1.53458E-07-2.73344E-11-4.56891E-11
 -1       629-1.18618E-05 3.30452E-06 3.31450E-06-4.94380E-07 6.81631E-11-1.38063E-11
 -1       631-1.77815E-05 5.00801E-06 4.98334E-06-1.61619E-07 3.54657E-11-2.99132E-11
 -1       632-1.35752E-05 3.96637E-06 3.73349E-06-5.22802E-07 1.47890E-11 5.78521E-11
 -1       634-2.02927E-05 5.70434E-06 5.53412E-06-2.02959E-07 2.67742E-12 8.94136E-11
 -1       635-1.56202E-05 4.26553E-06 3.78987E-06-6.07769E-07-4.10522E-12-1.27270E-12
 -1       637-2.30865E-05 7.01373E-06 6.02320E-06-3.20191E-07-2.14444E-12 1.04089E-11
 -3
    1PSTEP                         4           1           1          
  100CL  101 1.000000000         459                     0    1           1
 -4  FORC        4    1
 -5  F1          1    2    1    0
 -5  F2          1    2    2    0
 -5  F3          1    2    3    0
 -5  ALL         1    2    0    0    1ALL
 -1         1 2.14262E+02 1.36923E+03-3.14757E+02
 -1         2-2.14257E+02 1.36924E+03 3.14750E+02
 -1         3-6.27291E+01 1.50310E+01-1.30145E+00
 -1         4 6.27533E+01 1.51616E+01 1.31932E+00
 -1         5-6.27796E+01 1.51111E+01 1.35905E+00
 -1         6 6.27593E+01 1.51990E+01-1.31220E+00
 -1         7-2.14270E+02 1.36924E+03-3.14741E+02
 -1         8 2.14266E+02 1.36923E+03 3.14747E+02
 -1         9 8.71536E-03 1.52054E+03-1.00669E-02
 -1        10-2.63411E+03-2.52344E+03-7.13688E+02
 -1        11 2.63405E+03-2.52357E+03 7.13684E+02
 -1        12-1.21512E+02-8.17037E+01 5.37942E+01
 -1        13-1.17426E+02-1.60624E+01-1.57391E+01
 -1        14-1.24683E+02-2.08463E+00 3.49741E+00
 -1        15-1.23858E+02 8.25640E-03-8.90059E-01
 -1        16-1.24214E+02 2.35475E-02 2.04887E-01
 -1        17-1.24179E+02-5.70668E-02-1.16176E-02
 -1        18-1.24260E+02 8.86643E-03-7.38766E-02
 -1        19-1.24351E+02 6.90102E-01 1.33163E-01
 -1        20-1.25324E+02 1.96411E+00-3.85690E-01
 -1        21 2.22631E+02 1.25598E+02-1.67933E+02
 -1        22 3.21281E+02 3.39545E+01 4.62893E+01
 -1        23 3.13561E+02 3.85042E+00-1.08528E+01
 -1        24 3.17885E+02 1.22567E-01 2.63204E+00
 -1        25 3.16832E+02 5.31902E-02-6.28688E-01
 -1        26 3.17116E+02 9.01159E-02 1.67615E-01
 -1        27 3.17326E+02-3.72652E-02-9.29056E-02
 -1        28 3.17233E+02-2.94089E-01 7.59208E-02
 -1        29 3.17488E+02-1.24480E+00-3.79867E-01
 -1        30 3.17951E+02-1.99519E+00 1.20182E+00
 -1        31-6.99132E-03 5.55784E+01-1.47500E-02
 -1        32-2.59261E-02-1.11290E+02 8.99482E-03
 -1        33-1.25570E-02-1.11079E+02-3.98569E-02
 -1        34 1.21510E+02-8.18868E+01-5.37756E+01
 -1        35 1.17429E+02-1.61446E+01 1.57600E+01
 -1        36 1.24637E+02-1.93711E+00-3.53208E+00
 -1        37 1.23837E+02 1.98242E-02 8.97694E-01
 -1        38 1.24135E+02 2.80091E-02-1.69002E-01
 -1        39 1.24177E+02 1.65468E-02 4.20840E-02
 -1        40 1.24324E+02 2.39888E-01-1.59408E-02
 -1        41 1.24354E+02 6.89223E-01-1.45390E-01
 -1        42 1.25364E+02 1.86981E+00 4.18688E-01
 -1        43-2.22629E+02 1.25505E+02 1.67940E+02
 -1        44-3.21290E+02 3.38658E+01-4.62900E+01
 -1        45-3.13555E+02 4.08528E+00 1.08015E+01
 -1        46-3.17844E+02 3.29204E-01-2.70363E+00
 -1        47-3.16832E+02-1.22510E-01 6.53920E-01
 -1        48-3.17118E+02-5.25591E-03-1.18603E-01
 -1        49-3.17326E+02 5.56001E-02 4.46706E-02
 -1        50-3.17177E+02-3.51164E-01-8.11440E-02
 -1        51-3.17504E+02-1.31156E+00 4.33022E-01
 -1        52-3.17966E+02-1.87728E+00-1.25291E+00
 -1        53 3.65077E+02-1.77122E+02-1.69062E-02
 -1        54-1.59941E-02 5.55970E+01-7.38640E-03
 -1        55 4.19874E-03-1.11300E+02 5.73219E-03
 -1        56 1.87929E-02-1.11070E+02-4.65269E-02
 -1        57-3.65102E+02-1.77071E+02 2.13738E-02
 -1        58-1.25360E+02 1.93388E+00 4.31241E-01
 -1        59-1.24363E+02 7.13733E-01-1.23801E-01
 -1        60-1.24252E+02 9.99079E-02-7.46385E-04
 -1        61-1.24183E+02-7.07940E-02-1.27462E-02
 -1        62-1.24203E+02-6.79721E-02-2.00995E-01
 -1        63-1.23849E+02 2.27661E-02 8.52421E-01
 -1        64-1.24628E+02-2.12922E+00-3.54899E+00
 -1        65-1.17461E+02-1.61186E+01 1.57382E+01
 -1        66-1.21549E+02-8.17843E+01-5.37338E+01
 -1        67 3.17863E+02-1.98363E+00-1.20719E+00
 -1        68 3.17480E+02-1.22283E+00 3.91854E-01
 -1        69 3.17267E+02-3.11848E-01-9.30150E-02
 -1        70 3.17335E+02 3.33168E-02 6.05378E-02
 -1        71 3.17096E+02 8.35624E-02-1.62679E-01
 -1        72 3.16849E+02 2.45538E-02 6.26976E-01
 -1        73 3.17884E+02 9.81138E-02-2.66298E+00
 -1        74 3.13543E+02 3.86391E+00 1.08761E+01
 -1        75 3.21275E+02 3.39245E+01-4.63023E+01
 -1        76 2.22666E+02 1.25623E+02 1.67912E+02
 -1        77 3.72534E-03 1.52054E+03 9.30954E-03
 -1        78-2.63412E+03-2.52345E+03 7.13700E+02
 -1        79 2.63406E+03-2.52353E+03-7.13681E+02
 -1        80 1.25357E+02 2.00534E+00-4.04261E-01
 -1        81 1.24384E+02 7.05695E-01 1.06145E-01
 -1        82 1.24315E+02 2.88817E-01-3.18839E-02
 -1        83 1.24153E+02 3.42405E-02 1.65140E-02
 -1        84 1.24127E+02-2.33559E-02 2.14394E-01
 -1        85 1.23814E+02 5.07893E-02-8.44337E-01
 -1        86 1.24576E+02-1.98242E+00 3.52045E+00
 -1        87 1.17448E+02-1.60831E+01-1.57404E+01
 -1        88 1.21525E+02-8.17887E+01 5.37738E+01
 -1        89-3.17882E+02-1.87392E+00 1.24473E+00
 -1        90-3.17484E+02-1.28049E+00-4.10535E-01
 -1        91-3.17236E+02-4.07794E-01 8.05697E-02
 -1        92-3.17319E+02 3.68990E-02-3.28185E-02
 -1        93-3.17065E+02-2.49166E-02 1.52229E-01
 -1        94-3.16862E+02-1.19933E-01-6.68042E-01
 -1        95-3.17863E+02 3.36153E-01 2.70573E+00
 -1        96-3.13539E+02 4.08951E+00-1.08383E+01
 -1        97-3.21261E+02 3.38413E+01 4.62704E+01
 -1        98-2.22647E+02 1.25523E+02-1.67935E+02
 -1        99 3.97228E+03 1.87588E+03-1.35423E-02
 -1       100-3.97235E+03 1.87584E+03 1.99139E-04
 -1       101-1.82867E-03-1.76126E-02 1.58072E-03
 -1       102-3.78337E-03-9.23102E-03-2.70510E-03
 -1       103-1.39958E-02 6.42839E-02 5.66321E-03
 -1       104-1.85999E-02-4.66689E-03 1.64760E-02
 -1       105-1.39375E-02-2.06199E-02 1.93847E-02
 -1       106 4.71397E-02-5.50542E-03-4.00271E-03
 -1       107 2.99259E-02-3.86803E-02-3.02843E-02
 -1       108-1.08934E-04-1.45744E-01-4.09812E-02
 -1       109-8.66116E-03 4.53363E-02-9.75534E-03
 -1       110-3.45642E-03 9.24981E-02 6.79611E-02
 -1       111 1.62794E-02 1.19601E-03-1.30606E-02
 -1       112 8.26514E-02 2.47454E-03 2.35816E-02
 -1       113-1.03968E-02 2.80032E-02 6.88103E-03
 -1       114 3.65416E-02-2.49623E-01-7.22080E-02
 -1       115 1.67381E-02-4.45136E-03 8.24553E-03
 -1       116 1.72582E-02-1.86652E-01-1.09861E-02
 -1       117 5.14858E-03 1.18493E-02 1.49898E-02
 -1       118 9.22610E-02 4.41644E-02-6.35843E-02
 -1       119 1.10844E-02-5.21684E-02 2.29891E-03
 -1       120-3.51362E-02-2.09879E-03-1.50262E-03
 -1       121-2.15644E-02-1.48446E-02 3.23571E-03
 -1       122-1.03088E-01-2.42107E-01 7.31801E-02
 -1       123-1.57172E-02-4.65690E-02 4.95421E-04
 -1       124-4.12622E-02 1.18555E-01 3.91061E-02
 -1       125-2.58823E-02-4.48897E-02 1.98492E-02
 -1       126-7.15657E-04 2.02879E-01 6.09902E-02
 -1       127 2.02093E-02 1.57206E-02-1.33895E-02
 -1       128 1.44731E-02 2.86872E-02-1.02514E-03
 -1       129-5.79449E-02-3.61292E-01-4.85815E-02
 -1       130-7.99019E-02-5.14958E-03-5.47175E-02
 -1       131 3.08976E-02 3.83480E-01 5.33810E-02
 -1       132 4.14119E-02-7.38817E-02 6.65064E-02
 -1       133 7.69407E-02-1.10336E-01-7.97692E-04
 -1       134 4.53984E-03 2.10478E-01-1.17212E-03
 -1       135-1.65772E-02 1.41973E-01 4.90524E-02
 -1       136 8.08616E-03-5.68862E-03-1.35147E-02
 -1       137-5.67195E-02 1.53405E-01-5.35890E-02
 -1       138 3.16608E-03-2.22229E+02 1.95963E-02
 -1       139-2.78443E-02 4.43291E-02-2.37885E-02
 -1       140-5.35201E-03-1.05605E-01-2.24818E-02
 -1       141 3.55836E-02-1.80298E-02-2.35447E-02
 -1       142 2.68854E-02 5.68311E-02 2.81840E-03
 -1       143 9.39012E-04-3.82942E-02-6.61827E-03
 -1       144-3.50629E-02-1.65649E-02 7.36689E-03
 -1       145 1.46332E-02 3.65580E-02 2.19543E-02
 -1       146 1.26903E-02-1.68324E-02-7.37082E-03
 -1       147 5.31839E-03-2.74579E-02 1.03670E-02
 -1       148 1.48719E-02-2.03715E-03 1.09376E-02
 -1       149-1.10412E-02 6.72097E-03 1.27344E-02
 -1       150-9.54570E-02-3.33264E-02 1.91169E-02
 -1       151 2.50560E-02 2.09737E-02-1.52516E-02
 -1       152-1.42430E-01-2.41985E-01 5.94070E-04
 -1       153-2.25593E-02 1.60014E-02-1.87300E-02
 -1       154 1.32885E-02 5.68677E-03-1.08699E-01
 -1       155-8.48387E-03-3.55646E-02 3.85480E-02
 -1       156 1.49900E-01-2.19492E-02-9.76919E-02
 -1       157-5.54732E-02 5.35724E-02-2.16134E-02
 -1       158 6.01322E-02-1.55747E-01-5.02572E-02
 -1       159 2.40919E-02-3.97669E-02 2.63019E-02
 -1       160 1.11399E-01-7.85180E-02 9.75939E-02
 -1       161 1.01925E-02 3.38046E-02-1.85680E-02
 -1       162 1.04528E-01-5.31147E-02 2.87186E-02
 -1       163-2.57950E-02 2.58837E-03-3.61834E-03
 -1       164 9.94908E-04-1.69427E-02-1.06415E-02
 -1       165-7.59116E-03 5.06132E-02 4.24999E-03
 -1       166 5.38675E-03-1.10586E-02-5.26439E-03
 -1       167-4.52209E-02 1.14048E-01-3.74454E-02
 -1       168 5.01868E-02-6.31457E-02-1.34970E-03
 -1       169-5.93858E-03 1.14730E-01 5.25150E-02
 -1       170 2.55143E-02 1.98855E-01 5.46956E-02
 -1       171 5.38880E-02 3.66887E-02 4.40084E-02
 -1       172 3.18729E-02-1.07373E-01 2.16304E-02
 -1       173-3.86928E-02 3.63750E-01 4.05647E-02
 -1       174-2.84965E-02 2.37323E-02 3.35458E-02
 -1       175 7.64487E-02-3.01464E-01-9.15045E-03
 -1       176-5.88985E-02-1.62808E+03-3.25341E-03
 -1       177-7.14224E+02 1.73300E+01-1.53915E-02
 -1       178-7.22334E+02 5.88709E+00-5.42808E-02
 -1       179-7.25709E+02 1.94056E+00-8.66045E-03
 -1       180-7.25254E+02-1.51254E-01 4.45601E-03
 -1       181-7.24822E+02-8.70037E-03 1.94540E-02
 -1       182-7.25209E+02 1.11018E-01 2.38955E-02
 -1       183-7.25287E+02-1.49382E-01 3.35356E-02
 -1       184-7.24892E+02-2.84940E-01-1.99623E-02
 -1       185-7.24378E+02 4.44725E-01-6.95937E-02
 -1       186 7.14237E+02 1.75164E+01-1.64215E-02
 -1       187 7.22348E+02 5.70303E+00 1.45192E-02
 -1       188 7.25722E+02 1.59985E+00-1.02753E-02
 -1       189 7.25276E+02-1.43546E-01-2.27596E-02
 -1       190 7.24829E+02 1.31660E-01-7.80809E-03
 -1       191 7.25190E+02 9.15445E-02-1.21810E-02
 -1       192 7.25344E+02-6.13362E-02-3.81906E-02
 -1       193 7.24948E+02-2.34496E-01 1.22952E-02
 -1       194 7.24319E+02 4.49098E-01 2.68619E-02
 -1       195-1.44340E-03 2.28672E-02-1.56269E-02
 -1       196-1.13532E-02 4.63033E-02 2.49960E-02
 -1       197 6.06852E-03-3.15080E-02-2.69694E-02
 -1       198 1.65988E-02-4.61689E-02-1.93634E-02
 -1       199-1.03482E-02 9.24378E-03-1.91156E-02
 -1       200-5.77887E-02-3.80987E-02 6.75753E-03
 -1       201-4.61718E-02-6.52911E-02 3.68397E-02
 -1       202 6.87592E-03 2.85428E-02 4.23952E-02
 -1       203-4.39963E-03 8.55311E-04 3.99735E-02
 -1       320-2.99417E-03 1.38991E+01 6.44505E-03
 -1       321 1.48809E-04-5.56269E+01-1.15982E-03
 -1       322-6.27473E+01 2.65697E+01-1.32453E+00
 -1       323 6.46299E+02 7.50901E+02-1.62922E+02
 -1       324-3.66928E+03-1.52615E+03-6.45145E+02
 -1       325 8.49923E+02 7.50904E+02-9.99444E+01
 -1       326-9.96896E-03 1.38908E+01-1.08247E-03
 -1       327 2.22017E-03-5.55739E+01 2.25581E-02
 -1       328-6.27576E+01 2.65336E+01 1.30154E+00
 -1       329 6.46291E+02 7.50905E+02 1.62927E+02
 -1       330-3.66928E+03-1.52615E+03 6.45145E+02
 -1       331 8.49930E+02 7.50910E+02 9.99333E+01
 -1       332 3.93595E-03-5.20247E-03 7.82401E-03
 -1       333-7.38140E-03 3.68409E-02 6.82678E-03
 -1       334-1.25362E+02-1.98249E+00-4.19770E-01
 -1       335-1.48031E-03-4.63373E-02 1.54449E-02
 -1       336-4.13763E-03 8.60060E-02 1.74975E-02
 -1       337-1.24325E+02-7.69541E-01 9.95879E-02
 -1       338-4.12194E-03-2.61588E-02-1.62398E-02
 -1       339 1.77028E-02 5.21492E-02 2.56563E-02
 -1       340-1.24270E+02-1.75835E-01-4.24034E-02
 -1       341 2.44519E-03-3.08830E-02-1.79503E-02
 -1       342 3.01578E-03 9.87216E-02 2.44097E-03
 -1       343-1.24180E+02-6.97252E-02-2.84999E-02
 -1       344-3.48174E-03-3.54473E-02 2.74356E-02
 -1       345-2.63769E-02 2.52760E-02 8.21443E-03
 -1       346-1.24179E+02 1.62461E-02 1.83083E-01
 -1       347 8.35296E-03-1.42773E-02 1.12162E-02
 -1       348 9.00649E-03-2.52468E-02 4.42112E-03
 -1       349-1.23848E+02 6.56702E-02-8.79973E-01
 -1       350-8.78123E-03 1.58542E-02-1.29324E-02
 -1       351-1.73790E-02-4.24105E-03 1.56959E-02
 -1       352-1.24665E+02 1.99688E+00 3.52203E+00
 -1       353-1.39559E-02 2.01164E-03 1.28509E-02
 -1       354 8.79320E-03-3.17095E-02-3.24540E-02
 -1       355-1.17500E+02 1.61230E+01-1.57401E+01
 -1       356 1.25282E-02-4.99221E-03-3.71746E-03
 -1       357-6.71993E-03 6.75464E-03 1.96238E-02
 -1       358-1.21531E+02 8.18542E+01 5.37567E+01
 -1       359-1.85324E-04 2.38505E-02-1.85056E-02
 -1       361 3.17951E+02 1.94333E+00 1.23393E+00
 -1       362-1.66065E-02-3.24923E-02 2.61146E-03
 -1       364 3.17513E+02 1.34019E+00-3.73678E-01
 -1       365-1.47220E-02 7.60842E-03-9.60302E-03
 -1       367 3.17212E+02 2.61743E-01 9.34817E-02
 -1       368-1.17673E-02-8.88927E-02 1.92841E-02
 -1       370 3.17348E+02 1.10554E-01-5.43460E-02
 -1       371 5.19600E-03 4.79790E-02-1.09272E-03
 -1       373 3.17130E+02-4.43074E-02 1.53329E-01
 -1       374-3.09938E-02 1.03302E-02-2.23564E-02
 -1       376 3.16876E+02-1.13747E-02-6.28157E-01
 -1       377 2.97638E-02 1.87698E-02-3.52057E-02
 -1       379 3.17852E+02-2.20132E-01 2.69016E+00
 -1       380-5.70538E-03-2.58360E-02-9.63946E-04
 -1       382 3.13614E+02-3.86714E+00-1.08327E+01
 -1       383 4.97610E-03-5.02367E-02 1.06888E-02
 -1       385 3.21303E+02-3.39340E+01 4.62919E+01
 -1       386-2.38611E-02 1.50801E-02-6.71850E-03
 -1       388 2.22670E+02-1.25608E+02-1.67919E+02
 -1       389-2.54105E-03-5.55554E+01-2.04792E-02
 -1       391 3.65107E+02 1.03866E+01-5.33140E-03
 -1       392 5.13751E-03 2.55482E-02 1.39334E-02
 -1       393-1.67446E-02 2.46537E-03-2.36719E-02
 -1       394-1.25382E+02-1.99136E+00 4.30463E-01
 -1       395-7.56606E-03-5.73751E-02 8.00557E-03
 -1       396 3.84003E-02-2.81792E-03 6.14612E-03
 -1       397-1.24356E+02-6.86464E-01-1.22512E-01
 -1       398-3.37217E-03 2.03773E-02-9.38929E-03
 -1       399 3.21447E-03 1.98708E-02 9.49844E-04
 -1       400-1.24253E+02-1.72232E-01 3.55417E-03
 -1       401 1.07531E-02-2.01920E-02-1.27638E-02
 -1       402 1.89368E-02 8.97185E-02 2.26145E-03
 -1       403-1.24200E+02-6.36497E-02 3.83592E-02
 -1       404-1.84011E-03-2.92093E-02 1.00649E-02
 -1       405-4.28590E-03-3.76461E-02-4.22080E-03
 -1       406-1.24194E+02 6.04974E-02-1.86331E-01
 -1       407 2.25390E-04 5.80480E-03 4.29772E-02
 -1       408 9.36411E-03-2.31351E-02 5.66511E-03
 -1       409-1.23845E+02 3.68111E-02 8.66257E-01
 -1       410-1.42929E-02 3.74204E-02-2.38009E-03
 -1       411-1.73770E-02-2.91928E-02 5.34936E-03
 -1       412-1.24661E+02 2.01183E+00-3.56432E+00
 -1       413 4.45957E-03 1.50110E-02 1.29614E-02
 -1       414-1.00345E-03 4.45438E-02-4.45463E-03
 -1       415-1.17518E+02 1.60524E+01 1.57718E+01
 -1       416 1.84936E-02 1.36562E-02 2.34613E-03
 -1       417 4.88958E-03 1.21862E-02-9.70897E-03
 -1       418-1.21518E+02 8.18365E+01-5.37717E+01
 -1       419-9.52483E-03-4.61173E-03-1.52766E-02
 -1       421 3.17900E+02 1.95753E+00-1.20372E+00
 -1       422-1.15379E-02-3.69846E-02-3.60558E-02
 -1       424 3.17481E+02 1.33697E+00 4.02495E-01
 -1       425-4.52079E-04-1.10134E-02-1.43295E-02
 -1       427 3.17258E+02 2.61055E-01-6.62084E-02
 -1       428-3.35333E-03-8.81546E-02 4.82463E-03
 -1       430 3.17352E+02 1.18832E-01 3.48635E-02
 -1       431-4.08923E-03 6.20173E-02-1.09284E-02
 -1       433 3.17111E+02-6.03846E-02-1.48841E-01
 -1       434-1.96389E-02 2.69976E-02-1.65736E-02
 -1       436 3.16879E+02-4.51924E-02 6.56256E-01
 -1       437 2.78076E-02 1.05063E-03-1.57484E-02
 -1       439 3.17887E+02-2.35596E-01-2.63732E+00
 -1       440-2.14125E-02-1.71405E-02-1.02836E-02
 -1       442 3.13607E+02-3.88201E+00 1.08336E+01
 -1       443-6.20270E-03-4.39110E-02 8.96028E-04
 -1       445 3.21293E+02-3.39543E+01-4.62886E+01
 -1       446-3.10409E-02 1.64618E-03-1.95985E-02
 -1       448 2.22685E+02-1.25614E+02 1.67943E+02
 -1       449-3.88689E+03 1.37612E+02-1.21870E-02
 -1       451-2.45798E+03 1.37531E+02 1.10376E-02
 -1       452-1.19105E-02 6.77267E-03-1.74619E-02
 -1       454 7.24354E+02-3.44328E-01 2.00105E-02
 -1       455-2.27237E-02 2.52819E-02-3.12528E-02
 -1       457 7.24940E+02 2.15598E-01 3.62078E-02
 -1       458 1.07877E-03-9.87144E-02 1.58267E-02
 -1       460 7.25344E+02 1.35730E-01 3.43128E-03
 -1       461-1.44070E-03 4.97666E-03 3.39425E-02
 -1       463 7.25214E+02 5.48355E-02-2.67616E-02
 -1       464-1.49649E-02 1.31797E-01-4.34074E-02
 -1       466 7.24868E+02-1.52063E-01 2.13584E-02
 -1       467-1.49258E-02-8.69277E-03-6.64765E-02
 -1       469 7.25301E+02 3.70419E-02 3.12083E-02
 -1       470 1.58169E-02-6.56514E-02-1.69492E-04
 -1       472 7.25751E+02-1.63090E+00 2.24233E-02
 -1       473 6.48229E-03-6.19437E-03 9.77649E-03
 -1       475 7.22411E+02-5.74496E+00-2.97185E-02
 -1       476-6.76508E-03-3.18116E-02-4.47136E-03
 -1       478 7.14256E+02-1.75110E+01 1.69715E-02
 -1       479 6.27356E+01 2.66619E+01 1.33626E+00
 -1       480 3.93570E-03-5.57299E+01 9.66495E-03
 -1       481-1.56759E-04 1.38927E+01 5.29536E-03
 -1       482-8.49922E+02 7.50910E+02 9.99286E+01
 -1       483 3.66923E+03-1.52618E+03 6.45145E+02
 -1       484-6.46273E+02 7.50909E+02 1.62930E+02
 -1       485 6.27614E+01 2.65613E+01-1.31124E+00
 -1       486 8.29725E-04-5.56028E+01-4.63980E-03
 -1       487-2.64928E-03 1.38866E+01 1.44624E-02
 -1       488-8.49918E+02 7.50912E+02-9.99427E+01
 -1       489 3.66923E+03-1.52618E+03-6.45136E+02
 -1       490-6.46280E+02 7.50911E+02-1.62914E+02
 -1       491 1.25366E+02-2.01293E+00 4.14697E-01
 -1       492 1.64255E-02 2.07715E-02-9.24895E-03
 -1       493-4.39153E-03 6.19709E-02 2.49246E-02
 -1       494 1.24317E+02-7.05968E-01-1.46220E-01
 -1       495 2.60867E-02 7.11811E-03 1.68614E-02
 -1       496-1.04191E-02-1.31501E-02-7.94653E-03
 -1       497 1.24265E+02-1.35406E-01 1.57088E-02
 -1       498 6.34222E-03 2.89412E-02 1.23032E-03
 -1       499 2.14116E-02-5.30729E-02-1.61943E-02
 -1       500 1.24164E+02-1.15134E-01 2.77988E-02
 -1       501 3.00256E-03 1.44675E-01-8.20618E-03
 -1       502 7.88024E-03-1.52380E-02 1.91970E-02
 -1       503 1.24173E+02-1.30192E-02-1.90595E-01
 -1       504 1.94765E-02 2.09239E-02-2.87102E-02
 -1       505 4.15019E-04 1.35217E-02 4.69432E-03
 -1       506 1.23862E+02 5.24360E-02 8.71605E-01
 -1       507-4.46915E-03-1.92282E-03 2.66694E-02
 -1       508-3.98731E-03-3.74921E-02-6.88517E-03
 -1       509 1.24675E+02 1.92616E+00-3.54100E+00
 -1       510-6.25842E-03 8.92166E-02-9.66659E-03
 -1       511 1.83303E-03 4.70231E-03-4.31653E-03
 -1       512 1.17466E+02 1.60975E+01 1.57506E+01
 -1       513 2.32337E-02-9.39922E-03-1.03064E-02
 -1       514 3.72954E-03 3.27062E-02-1.30383E-02
 -1       515 1.21532E+02 8.18561E+01-5.37493E+01
 -1       516-4.74104E-02-1.56869E-02-1.63678E-02
 -1       517 8.06398E-03 2.52157E-03-5.63910E-03
 -1       518-3.17986E+02 1.93330E+00-1.20385E+00
 -1       520-7.52542E-03 1.81706E-02-4.40470E-03
 -1       521-3.17525E+02 1.35114E+00 3.89798E-01
 -1       523 4.07539E-02-4.96896E-02 7.39071E-03
 -1       524-3.17165E+02 1.67210E-01-5.00389E-02
 -1       526-5.09472E-02 8.34537E-02-4.09858E-02
 -1       527-3.17357E+02 6.43992E-02 4.42519E-02
 -1       529 4.11103E-03-5.03506E-02-7.80014E-03
 -1       530-3.17147E+02 3.46889E-02-1.64865E-01
 -1       532 3.61431E-02-2.52949E-02-1.16629E-02
 -1       533-3.16847E+02-7.78733E-02 6.37075E-01
 -1       535-1.63350E-02 7.77496E-02 3.70622E-03
 -1       536-3.17889E+02-3.00480E-01-2.64490E+00
 -1       538 2.32402E-02 6.39653E-02 6.29220E-03
 -1       539-3.13558E+02-3.83139E+00 1.08532E+01
 -1       541-1.56276E-02-1.03413E-01-9.89397E-03
 -1       542-3.21321E+02-3.39325E+01-4.63367E+01
 -1       544 2.97411E-02-2.69047E-02 4.65586E-02
 -1       545-2.22636E+02-1.25598E+02 1.67968E+02
 -1       547-7.24329E-03-1.84295E-03-2.67065E-02
 -1       548-3.65103E+02 1.04476E+01 2.09939E-03
 -1       550-1.81050E-02-5.55850E+01-1.48210E-02
 -1       551 1.25383E+02-1.99427E+00-3.98673E-01
 -1       552 4.86894E-03 6.14667E-02-3.04585E-02
 -1       553-2.67188E-02-1.13905E-02-9.42012E-03
 -1       554 1.24343E+02-6.92401E-01 1.14884E-01
 -1       555-1.55616E-02-2.71641E-02-5.00149E-03
 -1       556 2.17870E-02-1.01787E-02-9.59503E-04
 -1       557 1.24254E+02-1.61127E-01-5.28130E-02
 -1       558-1.43046E-02 5.82112E-02 1.60047E-02
 -1       559 2.67234E-02-5.01650E-02-5.50832E-04
 -1       560 1.24186E+02-1.11122E-01-3.50552E-02
 -1       561-4.96615E-03 1.58712E-01-9.48513E-05
 -1       562-2.75118E-03-1.82069E-02-8.24835E-03
 -1       563 1.24173E+02 4.80923E-02 1.81551E-01
 -1       564 4.52784E-02-5.52149E-02 1.41229E-02
 -1       565-1.63305E-02 5.64426E-03-3.05274E-03
 -1       566 1.23865E+02 7.24278E-02-8.77577E-01
 -1       567-3.22491E-02-6.15681E-03-3.67810E-02
 -1       568-2.64656E-03-6.33760E-02 7.89815E-03
 -1       569 1.24654E+02 1.97482E+00 3.52158E+00
 -1       570-4.39559E-03 6.37683E-02 1.32288E-03
 -1       571 2.47453E-02-1.22901E-02 1.67399E-02
 -1       572 1.17491E+02 1.61269E+01-1.57425E+01
 -1       573 3.28773E-02-5.73151E-02-3.01224E-03
 -1       574-1.48458E-03 4.03589E-02-4.88935E-02
 -1       575 1.21523E+02 8.18872E+01 5.37631E+01
 -1       576-2.03315E-02-8.57001E-02 1.04831E-02
 -1       577 6.68791E-03 2.21436E-02-1.12564E-02
 -1       578-3.17872E+02 1.94736E+00 1.20550E+00
 -1       580-1.83894E-02 7.83064E-03-4.92290E-03
 -1       581-3.17521E+02 1.36236E+00-3.51087E-01
 -1       583 4.93564E-02-4.17977E-02-2.24433E-02
 -1       584-3.17219E+02 1.40297E-01 6.77874E-02
 -1       586-6.06063E-02 1.21515E-01 2.00394E-03
 -1       587-3.17363E+02 8.73048E-02-4.12090E-03
 -1       589 1.02528E-02-5.33029E-02-1.50955E-02
 -1       590-3.17117E+02 8.87257E-02 1.97856E-01
 -1       592 3.78070E-02-6.37180E-02-1.74235E-02
 -1       593-3.16832E+02-9.15580E-02-6.58500E-01
 -1       595-9.34489E-03 8.40456E-02 9.17760E-03
 -1       596-3.17915E+02-3.35969E-01 2.65461E+00
 -1       598 1.97248E-02 1.04973E-01-9.80517E-03
 -1       599-3.13549E+02-3.79544E+00-1.07995E+01
 -1       601-1.40930E-02-9.99416E-02 8.16617E-04
 -1       602-3.21297E+02-3.39455E+01 4.62347E+01
 -1       604 3.02987E-02-5.73805E-02 5.85611E-02
 -1       605-2.22645E+02-1.25576E+02-1.67915E+02
 -1       607-1.31599E-02 1.22317E-02-2.53890E-02
 -1       608 2.45801E+03 1.37549E+02 1.95088E-02
 -1       610 3.88679E+03 1.37592E+02-2.40082E-02
 -1       611-7.24403E+02-4.39252E-01-6.45856E-03
 -1       613 4.25499E-02 5.28440E-02-2.51695E-02
 -1       614-7.24904E+02 1.92577E-01-7.42262E-03
 -1       616-2.85688E-02 3.11924E-02 1.11405E-02
 -1       617-7.25338E+02 1.43963E-02 4.05130E-02
 -1       619-1.78897E-02 3.95900E-02 1.86326E-02
 -1       620-7.25255E+02 1.15691E-01 4.07401E-02
 -1       622 1.62830E-02-1.10837E-01-3.13530E-02
 -1       623-7.24833E+02-1.01130E-01-2.77238E-02
 -1       625 1.01847E-02 5.76706E-02 3.71467E-02
 -1       626-7.25278E+02-9.47354E-02-3.08732E-03
 -1       628 1.83977E-02 1.38430E-01 1.19882E-02
 -1       629-7.25719E+02-1.62774E+00 5.34443E-02
 -1       631-9.73465E-03-2.17237E-02-4.38164E-02
 -1       632-7.22411E+02-5.71120E+00-7.02939E-03
 -1       634 1.05298E-02-7.73755E-02 4.82953E-02
 -1       635-7.14243E+02-1.74839E+01-3.18399E-02
 -1       637 9.91707E-03-2.15838E-02 2.39978E-02
 -3
 9999
